timestamp,pa_core,bos,ema
2022-01-02,0.3333333333333333,0.3333333333333333,0.3333333333333333
2022-01-03,0.3333333333333333,0.3333333333333333,0.3333333333333333
2022-01-04,0.3333333333333333,0.3333333333333333,0.3333333333333333
2022-01-05,0.3333333333333333,0.3333333333333333,0.3333333333333333
2022-01-06,0.3333333333333333,0.3333333333333333,0.3333333333333333
2022-01-07,0.3333333333333333,0.3333333333333333,0.3333333333333333
2022-01-08,0.3333333333333333,0.3333333333333333,0.3333333333333333
2022-01-09,0.3333333333333333,0.3333333333333333,0.3333333333333333
2022-01-10,0.3333333333333333,0.3333333333333333,0.3333333333333333
2022-01-11,0.3333333333333333,0.3333333333333333,0.3333333333333333
2022-01-12,0.3333333333333333,0.3333333333333333,0.3333333333333333
2022-01-13,0.3333333333333333,0.3333333333333333,0.3333333333333333
2022-01-14,0.3333333333333333,0.3333333333333333,0.3333333333333333
2022-01-15,0.3333333333333333,0.3333333333333333,0.3333333333333333
2022-01-16,0.3333333333333333,0.3333333333333333,0.3333333333333333
2022-01-17,0.3333333333333333,0.3333333333333333,0.3333333333333333
2022-01-18,0.3333333333333333,0.3333333333333333,0.3333333333333333
2022-01-19,0.3333333333333333,0.3333333333333333,0.3333333333333333
2022-01-20,0.3333333333333333,0.3333333333333333,0.3333333333333333
2022-01-21,0.3333333333333333,0.3333333333333333,0.3333333333333333
2022-01-22,0.3333333333333333,0.3333333333333333,0.3333333333333333
2022-01-23,0.3333333333333333,0.3333333333333333,0.3333333333333333
2022-01-24,0.3333333333333333,0.3333333333333333,0.3333333333333333
2022-01-25,0.3333333333333333,0.3333333333333333,0.3333333333333333
2022-01-26,0.3333333333333333,0.3333333333333333,0.3333333333333333
2022-01-27,0.3333333333333333,0.3333333333333333,0.3333333333333333
2022-01-28,0.3333333333333333,0.3333333333333333,0.3333333333333333
2022-01-29,0.3333333333333333,0.3333333333333333,0.3333333333333333
2022-01-30,0.3333333333333333,0.3333333333333333,0.3333333333333333
2022-01-31,0.3333333333333333,0.3333333333333333,0.3333333333333333
2022-02-01,0.3333333333333333,0.3333333333333333,0.3333333333333333
2022-02-02,0.3333333333333333,0.3333333333333333,0.3333333333333333
2022-02-03,0.3333333333333333,0.3333333333333333,0.3333333333333333
2022-02-04,0.3333333333333333,0.3333333333333333,0.3333333333333333
2022-02-05,0.3333333333333333,0.3333333333333333,0.3333333333333333
2022-02-06,0.3333333333333333,0.3333333333333333,0.3333333333333333
2022-02-07,0.3333333333333333,0.3333333333333333,0.3333333333333333
2022-02-08,0.3333333333333333,0.3333333333333333,0.3333333333333333
2022-02-09,0.3333333333333333,0.3333333333333333,0.3333333333333333
2022-02-10,0.3333333333333333,0.3333333333333333,0.3333333333333333
2022-02-11,0.3333333333333333,0.3333333333333333,0.3333333333333333
2022-02-12,0.3333333333333333,0.3333333333333333,0.3333333333333333
2022-02-13,0.3333333333333333,0.3333333333333333,0.3333333333333333
2022-02-14,0.3333333333333333,0.3333333333333333,0.3333333333333333
2022-02-15,0.3333333333333333,0.3333333333333333,0.3333333333333333
2022-02-16,0.3333333333333333,0.3333333333333333,0.3333333333333333
2022-02-17,0.3333333333333333,0.3333333333333333,0.3333333333333333
2022-02-18,0.3333333333333333,0.3333333333333333,0.3333333333333333
2022-02-19,0.3333333333333333,0.3333333333333333,0.3333333333333333
2022-02-20,0.3333333333333333,0.3333333333333333,0.3333333333333333
2022-02-21,0.3333333333333333,0.3333333333333333,0.3333333333333333
2022-02-22,0.3333333333333333,0.3333333333333333,0.3333333333333333
2022-02-23,0.3333333333333333,0.3333333333333333,0.3333333333333333
2022-02-24,0.3333333333333333,0.3333333333333333,0.3333333333333333
2022-02-25,0.3333333333333333,0.3333333333333333,0.3333333333333333
2022-02-26,0.3333333333333333,0.3333333333333333,0.3333333333333333
2022-02-27,0.3333333333333333,0.3333333333333333,0.3333333333333333
2022-02-28,0.3333333333333333,0.3333333333333333,0.3333333333333333
2022-03-01,0.3333333333333333,0.3333333333333333,0.3333333333333333
2022-03-02,0.3333333333333333,0.3333333333333333,0.3333333333333333
2022-03-03,0.3333333333333333,0.3333333333333333,0.3333333333333333
2022-03-04,0.3333333333333333,0.3333333333333333,0.3333333333333333
2022-03-05,0.3333333333333333,0.3333333333333333,0.3333333333333333
2022-03-06,0.3333333333333333,0.3333333333333333,0.3333333333333333
2022-03-07,0.3333333333333333,0.3333333333333333,0.3333333333333333
2022-03-08,0.3333333333333333,0.3333333333333333,0.3333333333333333
2022-03-09,0.3333333333333333,0.3333333333333333,0.3333333333333333
2022-03-10,0.3333333333333333,0.3333333333333333,0.3333333333333333
2022-03-11,0.3333333333333333,0.3333333333333333,0.3333333333333333
2022-03-12,0.3333333333333333,0.3333333333333333,0.3333333333333333
2022-03-13,0.3333333333333333,0.3333333333333333,0.3333333333333333
2022-03-14,0.3333333333333333,0.3333333333333333,0.3333333333333333
2022-03-15,0.3333333333333333,0.3333333333333333,0.3333333333333333
2022-03-16,0.3333333333333333,0.3333333333333333,0.3333333333333333
2022-03-17,0.3333333333333333,0.3333333333333333,0.3333333333333333
2022-03-18,0.3333333333333333,0.3333333333333333,0.3333333333333333
2022-03-19,0.3333333333333333,0.3333333333333333,0.3333333333333333
2022-03-20,0.3333333333333333,0.3333333333333333,0.3333333333333333
2022-03-21,0.3333333333333333,0.3333333333333333,0.3333333333333333
2022-03-22,0.3333333333333333,0.3333333333333333,0.3333333333333333
2022-03-23,0.3333333333333333,0.3333333333333333,0.3333333333333333
2022-03-24,0.3333333333333333,0.3333333333333333,0.3333333333333333
2022-03-25,0.3333333333333333,0.3333333333333333,0.3333333333333333
2022-03-26,0.3333333333333333,0.3333333333333333,0.3333333333333333
2022-03-27,0.3333333333333333,0.3333333333333333,0.3333333333333333
2022-03-28,0.3333333333333333,0.3333333333333333,0.3333333333333333
2022-03-29,0.3333333333333333,0.3333333333333333,0.3333333333333333
2022-03-30,0.3333333333333333,0.3333333333333333,0.3333333333333333
2022-03-31,0.3333333333333333,0.3333333333333333,0.3333333333333333
2022-04-01,0.47115773687894164,0.27799427988936576,0.25084798323169255
2022-04-02,0.46943269640342694,0.278909634017451,0.25165766957912195
2022-04-03,0.46944873999193576,0.2789009746349791,0.2516502853730851
2022-04-04,0.46921636908528425,0.27902528363153717,0.25175834728317853
2022-04-05,0.46723942187886885,0.28003616930859443,0.25272440881253677
2022-04-06,0.46706975516138166,0.2801321892251749,0.25279805561344343
2022-04-07,0.45366169123201755,0.2872947201017277,0.25904358866625476
2022-04-08,0.45289903123520014,0.28772973086047765,0.2593712379043221
2022-04-09,0.4527387750314227,0.2878348850816383,0.2594263398869391
2022-04-10,0.4525213169434608,0.2881228022707535,0.2593558807857857
2022-04-11,0.4520152869031839,0.2888656001617954,0.2591191129350208
2022-04-12,0.4491768924389899,0.29033952244142874,0.26048358511958136
2022-04-13,0.44500218379736267,0.2933561261564126,0.26164169004622473
2022-04-14,0.4446679338021198,0.2935016179329997,0.26183044826488044
2022-04-15,0.4445918842145651,0.29352990789392874,0.2618782078915062
2022-04-16,0.4440556792201768,0.2939631082393219,0.2619812125405013
2022-04-17,0.4440542176437914,0.29395996565439436,0.26198581670181426
2022-04-18,0.44250972340900385,0.2948445045109692,0.2626457720800269
2022-04-19,0.4405270485522391,0.2960087010267595,0.26346425042100124
2022-04-20,0.4394959693014327,0.2963331287257544,0.2641709019728129
2022-04-21,0.4373146635827739,0.2979973415631776,0.2646879948540485
2022-04-22,0.40880456885510963,0.3177916842999437,0.2734037468449467
2022-04-23,0.3710540450673762,0.3474095193231088,0.2815364356095149
2022-04-24,0.37067820979179716,0.347829471772703,0.2814923184354998
2022-04-25,0.365014511389151,0.3523963145365927,0.2825891740742564
2022-04-26,0.36164415908335146,0.35752771369761377,0.2808281272190348
2022-04-27,0.3552314479756005,0.36383432449261743,0.280934227531782
2022-04-28,0.3522891632277592,0.36634880530773883,0.2813620314645018
2022-04-29,0.3522392018892006,0.36624412630734676,0.2815166718034526
2022-04-30,0.3512479665074558,0.36749612921212516,0.28125590428041897
2022-05-01,0.35154851467550313,0.36749220482306527,0.28095928050143154
2022-05-02,0.3516192823761164,0.36746148194436434,0.2809192356795193
2022-05-03,0.3482049157957986,0.3708204392530584,0.28097464495114305
2022-05-04,0.3491494270427175,0.3693902598273794,0.28146031312990305
2022-05-05,0.3491611998555547,0.3691387528659859,0.2817000472784593
2022-05-06,0.35448685619880177,0.360498253239266,0.2850148905619323
2022-05-07,0.35655218395719046,0.3572763191699151,0.2861714968728944
2022-05-08,0.356750817150767,0.3569153639084188,0.28633381894081417
2022-05-09,0.3627582152618058,0.3468960668625836,0.2903457178756106
2022-05-10,0.3641216838156866,0.3437673310845967,0.29211098509971656
2022-05-11,0.3641783539247052,0.34323171838191946,0.29258992769337544
2022-05-12,0.3648916235341075,0.3421232167003212,0.2929851597655713
2022-05-13,0.3791036154857625,0.3262061395870013,0.2946902449272363
2022-05-14,0.3779053769352552,0.32575890852460243,0.29633571454014246
2022-05-15,0.3777193649754283,0.3254423884183539,0.29683824660621777
2022-05-16,0.3775586821064218,0.3250161692521771,0.2974251486414012
2022-05-17,0.37775667571919086,0.323747323922176,0.2984960003586332
2022-05-18,0.3780939965712647,0.3234494613114008,0.2984565421173345
2022-05-19,0.3787673815918711,0.3229050865660683,0.2983275318420606
2022-05-20,0.38110033457046677,0.321480011505958,0.2974196539235752
2022-05-21,0.3812196377034249,0.32136505857763387,0.2974153037189413
2022-05-22,0.3808110401485556,0.32155202114210407,0.2976369387093403
2022-05-23,0.38025000137657106,0.321886875753125,0.29786312287030403
2022-05-24,0.37937980935671367,0.3222239188721224,0.29839627177116407
2022-05-25,0.38101524610863463,0.32129267863898986,0.2976920752523754
2022-05-26,0.37461109516897517,0.32522939969729897,0.3001595051337258
2022-05-27,0.36485917413684366,0.33152378633544344,0.30361703952771285
2022-05-28,0.3648038471724958,0.33142757343983453,0.3037685793876697
2022-05-29,0.36470694785398894,0.33141911380850314,0.3038739383375079
2022-05-30,0.3646599576256534,0.33145022885242953,0.303889813521917
2022-05-31,0.36313005014198074,0.33194960847807364,0.3049203413799456
2022-06-01,0.3632057357195951,0.33164351744195214,0.3051507468384529
2022-06-02,0.3647374074256583,0.3299965262179653,0.30526606635637626
2022-06-03,0.3668007953049385,0.3276197989969894,0.3055794056980721
2022-06-04,0.3672081880055376,0.3274046085015765,0.30538720349288595
2022-06-05,0.36731402328169827,0.3273182766407682,0.3053677000775335
2022-06-06,0.36736295058287105,0.32721350785481507,0.3054235415623139
2022-06-07,0.36795665260361243,0.32646785608532813,0.30557549131105954
2022-06-08,0.36886677229346027,0.3225366856274486,0.3085965420790912
2022-06-09,0.371469974475434,0.31948293684337453,0.3090470886811914
2022-06-10,0.3716336876136692,0.3194176185742281,0.3089486938121026
2022-06-11,0.37188110035372524,0.319323190530139,0.3087957091161357
2022-06-12,0.3736401005572455,0.3181709164652607,0.30818898297749375
2022-06-13,0.37365527678745725,0.3181444154964145,0.3082003077161283
2022-06-14,0.3790618036129785,0.3145734675160467,0.3063647288709748
2022-06-15,0.37823981804732226,0.3136741781040811,0.30808600384859663
2022-06-16,0.3781019565303585,0.31304717579961266,0.3088508676700289
2022-06-17,0.37755264555505946,0.312673320265164,0.3097740341797765
2022-06-18,0.3771148414703601,0.3125115457886753,0.3103736127409647
2022-06-19,0.37886377079527706,0.3116440380095855,0.30949219119513743
2022-06-20,0.3789149804952861,0.3115623975663769,0.309522621938337
2022-06-21,0.3786919910558032,0.3116424793227985,0.30966552962139837
2022-06-22,0.37858574840593695,0.31168194635059804,0.309732305243465
2022-06-23,0.37852428660283366,0.3117363449983447,0.3097393683988216
2022-06-24,0.3785195114247665,0.311713419886695,0.3097670686885386
2022-06-25,0.3787456518911294,0.31155438842263117,0.30969995968623953
2022-06-26,0.37864244441581985,0.31146702484313454,0.3098905307410455
2022-06-27,0.3810468927783115,0.3105181228768616,0.3084349843448269
2022-06-28,0.3809983954318009,0.3105645280342114,0.30843707653398755
2022-06-29,0.3810680842214364,0.31052554466461946,0.30840637111394414
2022-06-30,0.38115631774661524,0.3108028717444558,0.30804081050892895
2022-07-01,0.38162669412084566,0.31115517982768676,0.3072181260514676
2022-07-02,0.3817016954734923,0.31111238009747677,0.307185924429031
2022-07-03,0.38175351076647135,0.3110865489250405,0.30715994030848826
2022-07-04,0.3823588232382553,0.31078333817927145,0.30685783858247334
2022-07-05,0.3825313542872698,0.31068190856773076,0.30678673714499943
2022-07-06,0.3872069432226568,0.3083373903480575,0.3044556664292858
2022-07-07,0.3878578741728814,0.3080045286771788,0.3041375971499397
2022-07-08,0.3880521887091296,0.3080801658545688,0.3038676454363015
2022-07-09,0.3878915115016705,0.3080567899851347,0.3040516985131948
2022-07-10,0.38795065097736176,0.3081396062888938,0.3039097427337443
2022-07-11,0.38734698878765655,0.30784347732041834,0.30480953389192517
2022-07-12,0.3874303767244839,0.3078896805157467,0.3046799427597693
2022-07-13,0.38721195172220474,0.3084454786881581,0.30434256958963707
2022-07-14,0.38705742166678725,0.3083151271496263,0.3046274511835866
2022-07-15,0.3881318212036556,0.3078366920195484,0.3040314867767959
2022-07-16,0.3880593947876685,0.3078955707944172,0.30404503441791425
2022-07-17,0.38817045031400815,0.30785471770646555,0.3039748319795265
2022-07-18,0.38743953869592046,0.3093199785989446,0.30324048270513476
2022-07-19,0.39027653197816087,0.3116770677232696,0.29804640029856944
2022-07-20,0.39031469605012165,0.3117033454734777,0.2979819584764007
2022-07-21,0.39038741590290504,0.31179866051604244,0.29781392358105263
2022-07-22,0.3903109797594172,0.3116468922170667,0.29804212802351604
2022-07-23,0.3903910730609344,0.3117441637809214,0.29786476315814414
2022-07-24,0.3903337522614167,0.3116603202469143,0.29800592749166893
2022-07-25,0.39025643258208975,0.31161348894482044,0.29813007847308987
2022-07-26,0.3901630027165375,0.31147303806824583,0.2983639592152168
2022-07-27,0.38984747915924467,0.3112607299639291,0.2988917908768263
2022-07-28,0.3899949867069216,0.3111593432654159,0.29884567002766244
2022-07-29,0.39050699778260956,0.3108411481104656,0.2986518541069248
2022-07-30,0.39039564531559623,0.310903374114662,0.2987009805697418
2022-07-31,0.39042526071080996,0.3109105104926222,0.2986642287965679
2022-08-01,0.39039620723251,0.31090066532182103,0.298703127445669
2022-08-02,0.39035032786872137,0.3108672970173381,0.29878237511394046
2022-08-03,0.3903531173729557,0.3108706279350015,0.29877625469204283
2022-08-04,0.3904108916273925,0.3109104847870783,0.2986786235855294
2022-08-05,0.39042884959266894,0.3109147740310746,0.2986563763762566
2022-08-06,0.39042935857729,0.3109151040506087,0.29865553737210143
2022-08-07,0.3906720041082496,0.3111023473539513,0.29822564853779915
2022-08-08,0.39131835431873996,0.31096567345351844,0.29771597222774154
2022-08-09,0.39131751459166314,0.310963801062862,0.2977186843454749
2022-08-10,0.39136595597197993,0.3110089524524803,0.29762509157553985
2022-08-11,0.3883369432461331,0.31422166410825453,0.2974413926456124
2022-08-12,0.3922387189134411,0.3125497039455271,0.2952115771410318
2022-08-13,0.39298000380148324,0.3124527436710739,0.2945672525274429
2022-08-14,0.3933703053695617,0.3124301965193015,0.29419949811113694
2022-08-15,0.3934158194359708,0.3124386913259244,0.2941454892381048
2022-08-16,0.39346488371836225,0.31244967933924794,0.2940854369423898
2022-08-17,0.3936134144113491,0.3125588400203496,0.2938277455683013
2022-08-18,0.39372599660354873,0.31259002544975784,0.2936839779466934
2022-08-19,0.39369662165015523,0.31267851853319495,0.29362485981664993
2022-08-20,0.3936433983286873,0.31266602176730585,0.2936905799040068
2022-08-21,0.39361126187709533,0.31272371853242176,0.29366501959048286
2022-08-22,0.39368584465440937,0.31278088744241017,0.29353326790318046
2022-08-23,0.3913771980134441,0.31418413959818237,0.2944386623883736
2022-08-24,0.3906923302488885,0.3144991271255989,0.2948085426255127
2022-08-25,0.3903088268567539,0.31489329543421024,0.29479787770903587
2022-08-26,0.3903963389066468,0.3150719608654287,0.2945317002279245
2022-08-27,0.3881911731899605,0.3162378840299679,0.29557094278007157
2022-08-28,0.3840365644144746,0.3183245411087083,0.29763889447681713
2022-08-29,0.38411911948183575,0.31854126439641456,0.2973396161217497
2022-08-30,0.3840520106082343,0.31826841202535383,0.2976795773664119
2022-08-31,0.38399766433944776,0.31850261327313684,0.29749972238741546
2022-09-01,0.3838592612767866,0.3185680959067894,0.2975726428164239
2022-09-02,0.3838267764734644,0.3186304391080079,0.29754278441852766
2022-09-03,0.38376354564968035,0.3182902591125029,0.29794619523781685
2022-09-04,0.38372469884536425,0.31807958472244907,0.29819571643218656
2022-09-05,0.38380235096099624,0.3181479877441192,0.2980496612948845
2022-09-06,0.3837211792323429,0.318353806932232,0.2979250138354251
2022-09-07,0.38367277822822804,0.3182564173522972,0.29807080441947476
2022-09-08,0.38577437453711966,0.3200094406451181,0.2942161848177621
2022-09-09,0.3867415653566848,0.32101702874807014,0.29224140589524505
2022-09-10,0.3874827412717866,0.32376309527404207,0.2887541634541712
2022-09-11,0.38751214326109434,0.3237562947589109,0.28873156197999494
2022-09-12,0.38073956855997987,0.3383245311933813,0.2809359002466388
2022-09-13,0.38140828312148556,0.3377490817772528,0.28084263510126156
2022-09-14,0.3805695854552457,0.3404751817656681,0.27895523277908624
2022-09-15,0.3805749315348209,0.34047803799707793,0.2789470304681013
2022-09-16,0.38083332502075384,0.33982405036664554,0.27934262461260057
2022-09-17,0.38140728732508505,0.3413188970303849,0.2772738156445299
2022-09-18,0.3814143325006657,0.3433901792385345,0.2751954882607999
2022-09-19,0.3818699206897506,0.3438904601181996,0.27423961919204976
2022-09-20,0.38341653472135456,0.3414469301689306,0.2751365351097148
2022-09-21,0.38289867186625043,0.34320188691603026,0.2738994412177194
2022-09-22,0.3830707007066679,0.34278401531989017,0.27414528397344196
2022-09-23,0.3833815535129196,0.3433393241046507,0.2732791223824298
2022-09-24,0.38323152980209874,0.3431241771919058,0.2736442930059956
2022-09-25,0.38318608159294715,0.3420872824570868,0.27472663594996627
2022-09-26,0.3828361626400222,0.34160823955469627,0.27555559780528155
2022-09-27,0.38280233396890573,0.3415448010508012,0.27565286498029296
2022-09-28,0.38150590849473004,0.3400545283484083,0.27843956315686175
2022-09-29,0.3793187018955118,0.33827951768012327,0.28240178042436487
2022-09-30,0.3794469138511786,0.3383887072484618,0.28216437890035956
2022-10-01,0.37932572409825793,0.33820699635807405,0.282467279543668
2022-10-02,0.37957679834793345,0.33785524880765433,0.2825679528444122
2022-10-03,0.3799546132754406,0.3381750381180556,0.28187034860650373
2022-10-04,0.37985645476187757,0.3379597957741092,0.2821837494640133
2022-10-05,0.37991553869500216,0.3377387410863614,0.28234572021863646
2022-10-06,0.38017903726547575,0.3386835003974681,0.28113746233705617
2022-10-07,0.3802179266800977,0.3381959168094502,0.281586156510452
2022-10-08,0.3805834075810664,0.3376168550796431,0.2817997373392904
2022-10-09,0.38136248808536855,0.3363007810176398,0.2823367308969917
2022-10-10,0.38143313930345535,0.33607076375122963,0.282496096945315
2022-10-11,0.38296355612645616,0.33328335678397747,0.28375308708956637
2022-10-12,0.38302575497257546,0.33320052129684047,0.28377372373058407
2022-10-13,0.3801938941625632,0.3367337896302284,0.2830723162072083
2022-10-14,0.3811667677945838,0.3372648222973928,0.28156840990802345
2022-10-15,0.3823561360295552,0.33473852981192403,0.2829053341585207
2022-10-16,0.3856850714458623,0.33054411039691006,0.2837708181572277
2022-10-17,0.3781913409683552,0.3245713725977288,0.297237286433916
2022-10-18,0.37852389725381064,0.3235529095362255,0.29792319320996385
2022-10-19,0.37859589078778966,0.32348319712952606,0.29792091208268423
2022-10-20,0.37857119928030997,0.3234636661052268,0.2979651346144631
2022-10-21,0.37861126724543787,0.3235405281045292,0.29784820465003287
2022-10-22,0.378595846154409,0.3235222564068409,0.2978818974387501
2022-10-23,0.3786063348632095,0.3234915856734209,0.2979020794633695
2022-10-24,0.37855171770963475,0.3234723201459763,0.2979759621443888
2022-10-25,0.37856649175315427,0.32290568013907855,0.29852782810776723
2022-10-26,0.38063704657030395,0.31974302953968875,0.2996199238900072
2022-10-27,0.40321209098153565,0.3388896816865921,0.2578982273318722
2022-10-28,0.40320445368879754,0.3389395036459346,0.25785604266526785
2022-10-29,0.40323366258037635,0.3389566014685024,0.25780973595112133
2022-10-30,0.40289375982949627,0.33845055888780895,0.25865568128269484
2022-10-31,0.4028939234521669,0.3384445822141989,0.2586614943336342
2022-11-01,0.4028983827025608,0.33845517858092516,0.2586464387165141
2022-11-02,0.4028949325751631,0.3384486826052682,0.2586563848195686
2022-11-03,0.40290089667104206,0.3384602037002317,0.2586388996287262
2022-11-04,0.40287692413527376,0.33842292543477587,0.2587001504299503
2022-11-05,0.4028424780495066,0.338285246870347,0.2588722750801465
2022-11-06,0.4028550710711635,0.3383090115351542,0.2588359173936823
2022-11-07,0.4028352174101109,0.3382829177976641,0.2588818647922249
2022-11-08,0.4028615388137425,0.338329397290137,0.2588090638961206
2022-11-09,0.40251247793490386,0.3377228636346124,0.25976465843048385
2022-11-10,0.31885179622909565,0.3801352346300437,0.3010129691408606
2022-11-11,0.31099192175936574,0.37442211169386097,0.31458596654677323
2022-11-12,0.3109595810663574,0.373601839949597,0.31543857898404565
2022-11-13,0.31093749374721774,0.3735225374981383,0.315539968754644
2022-11-14,0.31139283648990596,0.37337741215730685,0.3152297513527872
2022-11-15,0.31139371983873354,0.3733165902358174,0.3152896899254491
2022-11-16,0.3114036124910188,0.3732671056537585,0.31532928185522274
2022-11-17,0.3124267491259719,0.3725256208399741,0.31504763003405395
2022-11-18,0.3122350938897801,0.37301296597899786,0.31475194013122204
2022-11-19,0.3122281488217773,0.3730274030471002,0.3147444481311226
2022-11-20,0.31225373425777636,0.37303778683678157,0.31470847890544207
2022-11-21,0.3126342157574934,0.37291404042126525,0.3144517438212413
2022-11-22,0.3134428448380548,0.3724179163086892,0.31413923885325606
2022-11-23,0.313626008901617,0.37224994437617864,0.31412404672220434
2022-11-24,0.3136925788591194,0.37199801224575546,0.3143094088951251
2022-11-25,0.3149016561282932,0.3713448564934265,0.31375348737828024
2022-11-26,0.3170518418102521,0.3702282560029921,0.31271990218675594
2022-11-27,0.31707958440931394,0.3702142758830584,0.3127061397076278
2022-11-28,0.3170363857559642,0.37080645361642617,0.31215716062760973
2022-11-29,0.31776805916533124,0.37035252413684283,0.31187941669782593
2022-11-30,0.31785441374529516,0.37027279405472135,0.3118727921999835
2022-12-01,0.3180507147387052,0.3695290897212483,0.3124201955400465
2022-12-02,0.31622237344565984,0.3722400680230262,0.31153755853131393
2022-12-03,0.3144854619968559,0.37365595408944297,0.3118585839137012
2022-12-04,0.31453200574933715,0.37375607918748527,0.3117119150631775
2022-12-05,0.3143787518817895,0.3743088856490849,0.3113123624691257
2022-12-06,0.31359855318255014,0.37565517778696794,0.3107462690304819
2022-12-07,0.3107924470326451,0.3730487904271226,0.3161587625402324
2022-12-08,0.3099071916553908,0.3724007533546209,0.3176920549899883
2022-12-09,0.30884840563428073,0.37162964353906996,0.3195219508266493
2022-12-10,0.3087459224573816,0.37173593914727554,0.3195181383953428
2022-12-11,0.3087131359802409,0.3718614652840601,0.3194253987356989
2022-12-12,0.3087404147714587,0.3720430372479676,0.31921654798057364
2022-12-13,0.3087508979730924,0.37334305485236163,0.31790604717454607
2022-12-14,0.30745066014590716,0.38013053555274773,0.3124188043013451
2022-12-15,0.3072949676976011,0.3804813016022833,0.31222373070011555
2022-12-16,0.3072145462292741,0.38065561673907006,0.3121298370316558
2022-12-17,0.3076180288072344,0.3804182229255898,0.31196374826717577
2022-12-18,0.30741153606245625,0.3812983763455649,0.3112900875919788
2022-12-19,0.30508603938435286,0.38344952708862506,0.31146443352702224
2022-12-20,0.30484574536646164,0.3840507644793959,0.31110349015414246
2022-12-21,0.30396673917530115,0.38581389877618544,0.3102193620485133
2022-12-22,0.3020734719673273,0.3877245041080158,0.3102020239246569
2022-12-23,0.30213295352789665,0.389078813543624,0.30878823292847934
2022-12-24,0.30119006530099585,0.39113890799316264,0.3076710267058415
2022-12-25,0.30076649616982126,0.3915063404704146,0.30772716335976413
2022-12-26,0.3007935652105027,0.3917178577820454,0.30748857700745197
2022-12-27,0.30016760237587137,0.39269030854823467,0.3071420890758939
2022-12-28,0.29960490182743704,0.3932678421288505,0.3071272560437125
2022-12-29,0.29965734025625973,0.3939687703525471,0.30637388939119303
2022-12-30,0.2994179279327342,0.39445025470073775,0.306131817366528
2022-12-31,0.29896105905897274,0.3949806682797284,0.3060582726612989
2023-01-01,0.29834882446329003,0.39554517493219565,0.30610600060451437
2023-01-02,0.29816376337666767,0.39611030124636865,0.3057259353769637
2023-01-03,0.2974543668819121,0.3976297009763513,0.30491593214173657
2023-01-04,0.29708379327477996,0.3981159282312989,0.3048002784939213
2023-01-05,0.29614954118486336,0.40138597342415105,0.30246448539098564
2023-01-06,0.29566791455116914,0.4020229778566257,0.3023091075922051
2023-01-07,0.29561274705496643,0.4020663291967065,0.3023209237483271
2023-01-08,0.29561820051476106,0.40204971720626026,0.3023320822789785
2023-01-09,0.29518629853204387,0.4023413189632137,0.30247238250474245
2023-01-10,0.2954272857725628,0.40130583033547373,0.3032668838919636
2023-01-11,0.2954450093924042,0.40137584388726655,0.30317914672032925
2023-01-12,0.2935129441582765,0.40353127541157796,0.30295578043014554
2023-01-13,0.2905934598786926,0.4074681115080048,0.3019384286133025
2023-01-14,0.29012545369622467,0.4080233713233006,0.30185117498047476
2023-01-15,0.2919756567721725,0.406030162122,0.3019941811058274
2023-01-16,0.2899668302710339,0.4095741976992823,0.30045897202968364
2023-01-17,0.28928879560764764,0.4101804148516196,0.3005307895407327
2023-01-18,0.2893943681022314,0.41011200828365973,0.300493623614109
2023-01-19,0.2893369375487133,0.4100067684865225,0.3006562939647641
2023-01-20,0.2893113069130952,0.4099233416237289,0.3007653514631759
2023-01-21,0.28910227458715526,0.4106997597647018,0.30019796564814294
2023-01-22,0.2903105687338462,0.4094272655383134,0.3002621657278403
2023-01-23,0.2889557003990076,0.4118662253413301,0.2991780742596623
2023-01-24,0.2787553260349056,0.4277599999956871,0.2934846739694073
2023-01-25,0.2495983896344299,0.40231504929609224,0.34808656106947794
2023-01-26,0.25590600109470196,0.4091271748831665,0.33496682402213157
2023-01-27,0.2580591973133718,0.41158773106243324,0.330353071624195
2023-01-28,0.25703303771574076,0.41329072071697026,0.32967624156728903
2023-01-29,0.2568031102113919,0.4135154433415029,0.32968144644710523
2023-01-30,0.25787960812019955,0.4147827340054728,0.32733765787432767
2023-01-31,0.25836643194358294,0.4152253481212178,0.32640821993519925
2023-02-01,0.2583864863505384,0.4153294424437257,0.3262840712057359
2023-02-02,0.25846676418742776,0.41544497896330307,0.3260882568492692
2023-02-03,0.2655477101684345,0.42428051496682545,0.31017177486473996
2023-02-04,0.26561068120452364,0.42433794751544773,0.3100513712800286
2023-02-05,0.26580551460397545,0.42458493501016653,0.309609550385858
2023-02-06,0.26635412008290227,0.4252710688821693,0.3083748110349285
2023-02-07,0.2645033071844863,0.4281391575582352,0.30735753525727855
2023-02-08,0.33356107930186396,0.3975823447214958,0.26885657597664026
2023-02-09,0.3565298217072724,0.4134789128380754,0.22999126545465226
2023-02-10,0.3567864168208231,0.4162576566500818,0.22695592652909516
2023-02-11,0.364279784292962,0.4181587034118591,0.21756151229517887
2023-02-12,0.3636662548343813,0.4196978576834007,0.2166358874822181
2023-02-13,0.3633720816903561,0.4202665394672793,0.2163613788423646
2023-02-14,0.3573589493429866,0.42605014337000424,0.21659090728700908
2023-02-15,0.36455832821266154,0.41350705223138534,0.22193461955595314
2023-02-16,0.36589070346847546,0.4106101043855662,0.22349919214595831
2023-02-17,0.37711392769116453,0.38098968778063125,0.24189638452820414
2023-02-18,0.3801781124968784,0.37719320509678445,0.24262868240633728
2023-02-19,0.38080466564786025,0.37684033658350985,0.24235499776862987
2023-02-20,0.38104878755553945,0.37737969673112354,0.2415715157133371
2023-02-21,0.38102810395883696,0.3773893082372645,0.24158258780389844
2023-02-22,0.38211845009265655,0.376350083311288,0.24153146659605554
2023-02-23,0.38564672819262724,0.37275213851017613,0.24160113329719657
2023-02-24,0.3879377224534214,0.370028433522608,0.2420338440239707
2023-02-25,0.39049502644211376,0.36741916171652933,0.24208581184135694
2023-02-26,0.3904870318479158,0.36742488714061894,0.2420880810114652
2023-02-27,0.39055695804098195,0.3685341784787097,0.24090886348030838
2023-02-28,0.3924178649487151,0.3666084697840194,0.24097366526726552
2023-03-01,0.39219467079614057,0.36752562066814787,0.24027970853571154
2023-03-02,0.3925982878546429,0.3669955900434995,0.24040612210185747
2023-03-03,0.3934762857113084,0.36615458566262354,0.2403691286260681
2023-03-04,0.39743650429124183,0.36207460887140047,0.24048888683735772
2023-03-05,0.3973626162707182,0.3621335013333594,0.24050388239592244
2023-03-06,0.3975038659891641,0.3619460617079119,0.240550072302924
2023-03-07,0.397530565095229,0.36177640741582007,0.24069302748895086
2023-03-08,0.3975347733862606,0.3615887095775588,0.24087651703618074
2023-03-09,0.3975509597597189,0.3615226647392946,0.24092637550098644
2023-03-10,0.3983323224720767,0.3603282015138002,0.24133947601412312
2023-03-11,0.4110656443134269,0.3391615374730216,0.24977281821355163
2023-03-12,0.41085245462825315,0.33932809162164457,0.24981945375010237
2023-03-13,0.41152200258425004,0.33852645680706467,0.24995154060868524
2023-03-14,0.3816327021782592,0.34857310720680595,0.26979419061493487
2023-03-15,0.37442396456452937,0.35225090996358205,0.27332512547188853
2023-03-16,0.38200394527192,0.3461364344825481,0.2718596202455319
2023-03-17,0.38232772697148537,0.3455600525804209,0.2721122204480938
2023-03-18,0.38498214912146334,0.3428775001934179,0.2721403506851188
2023-03-19,0.3870591534909706,0.34066346230996575,0.2722773841990637
2023-03-20,0.38725478748577186,0.34049009270437736,0.27225511980985073
2023-03-21,0.38878908620166835,0.3382661680066001,0.27294474579173145
2023-03-22,0.3900240103490116,0.336973938658642,0.27300205099234637
2023-03-23,0.3915171253929449,0.3354873382274486,0.2729955363796065
2023-03-24,0.39303821588070126,0.3331775935331186,0.27378419058618025
2023-03-25,0.3949042454873814,0.3320011262541485,0.2730946282584701
2023-03-26,0.3951451977339602,0.33189458253284626,0.2729602197331936
2023-03-27,0.3951512166531547,0.33179072413706984,0.2730580592097754
2023-03-28,0.3963061639099634,0.33113786583445065,0.27255597025558603
2023-03-29,0.3980016229683909,0.3294944978483451,0.2725038791832638
2023-03-30,0.39982789755045633,0.3275075830974823,0.2726645193520612
2023-03-31,0.40010170506726217,0.3273998124223334,0.27249848251040437
2023-04-01,0.4007606715743432,0.32654925213625674,0.2726900762894
2023-04-02,0.401028411467658,0.3264124211665925,0.2725591673657496
2023-04-03,0.40179894072035843,0.32527220518304656,0.2729288540965951
2023-04-04,0.402050438329983,0.3251113836777258,0.27283817799229126
2023-04-05,0.40698479389973785,0.31899899484588307,0.2740162112543789
2023-04-06,0.4073944884639487,0.3184668909554119,0.27413862058063926
2023-04-07,0.4074422066394873,0.3183162267667796,0.2742415665937331
2023-04-08,0.40751942158594107,0.31833506214361146,0.2741455162704474
2023-04-09,0.40757673282243384,0.3182923450430085,0.2741309221345576
2023-04-10,0.4083113477781134,0.3183611562241448,0.27332749599774175
2023-04-11,0.4085748042768844,0.3180057997412103,0.2734193959819053
2023-04-12,0.4097251323301737,0.3167984997801671,0.2734763678896592
2023-04-13,0.41011186710976194,0.3168874847059882,0.27300064818424985
2023-04-14,0.41550081815573825,0.312558930909931,0.2719402509343307
2023-04-15,0.41957892895981497,0.31017325903386994,0.27024781200631504
2023-04-16,0.42123263311132064,0.3088217502571456,0.26994561663153377
2023-04-17,0.42122783179072,0.3088353083013608,0.2699368599079192
2023-04-18,0.42192598044938984,0.30868427658508885,0.2693897429655214
2023-04-19,0.4223083268996732,0.30808118706264714,0.2696104860376797
2023-04-20,0.43452687889615604,0.300418928878016,0.26505419222582804
2023-04-21,0.4358351401750011,0.29997367762044796,0.2641911822045509
2023-04-22,0.43850754635588035,0.29915205165775327,0.2623404019863664
2023-04-23,0.43896651427588634,0.2994649534728565,0.26156853225125704
2023-04-24,0.43884068892483175,0.2993996152938648,0.2617596957813033
2023-04-25,0.4391866050825865,0.29958206949309324,0.2612313254243203
2023-04-26,0.4361495720070951,0.29728939311304997,0.2665610348798549
2023-04-27,0.41987111040282454,0.31322883741515345,0.26690005218202195
2023-04-28,0.41626354724196785,0.31603321303940773,0.2677032397186244
2023-04-29,0.4159694657753064,0.3162976386344627,0.2677328955902309
2023-04-30,0.4158987253980199,0.3159693782290681,0.268131896372912
2023-05-01,0.4156160364911437,0.3156639555264416,0.2687200079824147
2023-05-02,0.40945479352776465,0.3217973402229522,0.2687478662492832
2023-05-03,0.4093457393988689,0.32183751960713025,0.2688167409940008
2023-05-04,0.4059363227304859,0.31898469604396773,0.2750789812255464
2023-05-05,0.40553699291350015,0.31897596637104136,0.27548704071545854
2023-05-06,0.40338770054482476,0.3198147209653753,0.27679757848979997
2023-05-07,0.40630627435939903,0.31748495685143613,0.27620876878916484
2023-05-08,0.40723979465554544,0.3165251799220407,0.2762350254224138
2023-05-09,0.40856311031604026,0.3157387893255866,0.2756981003583731
2023-05-10,0.40884495513653,0.3155536984315408,0.2756013464319291
2023-05-11,0.4089982509613469,0.31455076985143665,0.27645097918721656
2023-05-12,0.4055408234547701,0.3091501733224941,0.2853090032227356
2023-05-13,0.4056618227125743,0.30918576011007376,0.28515241717735196
2023-05-14,0.40528443843889334,0.3093386381308805,0.285376923430226
2023-05-15,0.4087152290128268,0.3060027229159379,0.2852820480712354
2023-05-16,0.408100503450436,0.3062049291639709,0.2856945673855931
2023-05-17,0.4077482445534524,0.3062155678238778,0.28603618762266986
2023-05-18,0.40953437142390775,0.305545012005373,0.28492061657071915
2023-05-19,0.4077660850526461,0.30684856563991914,0.2853853493074346
2023-05-20,0.40750217952983675,0.3071341225284589,0.28536369794170435
2023-05-21,0.40735412406909016,0.30730204333459143,0.2853438325963184
2023-05-22,0.40706350879901904,0.30741317794301726,0.2855233132579636
2023-05-23,0.406247103193079,0.3077981602473338,0.2859547365595872
2023-05-24,0.40224121471450924,0.30994161725536973,0.28781716803012103
2023-05-25,0.4011771121746978,0.3109302455329642,0.2878926422923381
2023-05-26,0.3990621268703601,0.3119956783783589,0.2889421947512811
2023-05-27,0.3987932499175789,0.3120134843968434,0.28919326568557757
2023-05-28,0.3987879520148264,0.3120785186990359,0.28913352928613767
2023-05-29,0.3963451758858446,0.31364629680206874,0.29000852731208665
2023-05-30,0.3919750215539323,0.3157564946470438,0.2922684837990239
2023-05-31,0.3913761302951314,0.3161552570735175,0.29246861263135104
2023-06-01,0.3918988159374998,0.3172640668907585,0.29083711717174177
2023-06-02,0.38866750251116416,0.3190630314061142,0.29226946608272175
2023-06-03,0.38905259607887344,0.3195151425808182,0.2914322613403083
2023-06-04,0.38867304478537157,0.3198438087526087,0.2914831464620196
2023-06-05,0.388679046309241,0.3199408025995983,0.2913801510911608
2023-06-06,0.38450249375314965,0.3289795704196824,0.28651793582716795
2023-06-07,0.3845179378005299,0.32926055262566534,0.28622150957380477
2023-06-08,0.38399471910077415,0.329920518129125,0.2860847627701009
2023-06-09,0.3741493423341411,0.34722271460016396,0.278627943065695
2023-06-10,0.3742632506486525,0.34734795419676834,0.2783887951545792
2023-06-11,0.3822470375779272,0.3533300275511509,0.26442293487092194
2023-06-12,0.42082975862003413,0.33283713183046526,0.24633310954950063
2023-06-13,0.43312487859827586,0.32590783975403387,0.24096728164769035
2023-06-14,0.4240966244934877,0.3346772905497978,0.24122608495671446
2023-06-15,0.4237827325232597,0.33496958357692963,0.24124768389981055
2023-06-16,0.4209705612397758,0.336134123007447,0.2428953157527772
2023-06-17,0.418618843492679,0.33818646105538624,0.2431946954519347
2023-06-18,0.4186033188934341,0.33799723810227544,0.24339944300429042
2023-06-19,0.41817199465479293,0.33843963690947454,0.24338836843573258
2023-06-20,0.4167619078629683,0.339766251633736,0.2434718405032956
2023-06-21,0.41677474111369484,0.33975495767544145,0.2434703012108636
2023-06-22,0.4159583112593393,0.33938788087062527,0.24465380787003532
2023-06-23,0.4114620052583447,0.3429159723339691,0.24562202240768627
2023-06-24,0.40879696767323137,0.3443540608437474,0.24684897148302118
2023-06-25,0.4066622051250792,0.345508213738512,0.24782958113640885
2023-06-26,0.4048106718390508,0.3472718039317583,0.2479175242291908
2023-06-27,0.4041608226843754,0.3478722920279724,0.2479668852876522
2023-06-28,0.40158841953482194,0.35039125831218343,0.24802032215299474
2023-06-29,0.4013903713169612,0.3506151130651345,0.24799451561790437
2023-06-30,0.4003969177103623,0.35156888524151086,0.2480341970481269
2023-07-01,0.4003538088161289,0.3516259061290909,0.24802028505478024
2023-07-02,0.3946517030585664,0.35756731199825514,0.2477809849431784
2023-07-03,0.394659391963295,0.35755979684313194,0.24778081119357298
2023-07-04,0.3897167392040675,0.36269349887807023,0.24758976191786222
2023-07-05,0.38902164882674206,0.3633303826076598,0.24764796856559815
2023-07-06,0.38911155055533014,0.3619527773098042,0.24893567213486567
2023-07-07,0.38910676357762414,0.36188920186407936,0.24900403455829653
2023-07-08,0.3891083511901886,0.36177527225366996,0.24911637655614144
2023-07-09,0.38875839085285363,0.3620988257413635,0.24914278340578286
2023-07-10,0.38829402956829506,0.36252487795275623,0.2491810924789487
2023-07-11,0.38636900585162987,0.36450581187386927,0.24912518227450084
2023-07-12,0.3863736881777065,0.36449829536242584,0.2491280164598676
2023-07-13,0.37795402634341985,0.3731867808863036,0.24885919277027652
2023-07-14,0.37384225674049704,0.3757683070339654,0.25038943622553766
2023-07-15,0.3725912561815608,0.3740107147924573,0.2533980290259818
2023-07-16,0.3731641251475397,0.37113832125601753,0.25569755359644264
2023-07-17,0.37272545961846637,0.37163934164508305,0.2556351987364506
2023-07-18,0.3717679610674451,0.3721244312189462,0.2561076077136087
2023-07-19,0.3512443597413662,0.39522531625089014,0.25353032400774367
2023-07-20,0.349540001184388,0.39721926118825956,0.2532407376273525
2023-07-21,0.3470146587872133,0.40004774631940665,0.2529375948933801
2023-07-22,0.3465126337251763,0.3996952617732483,0.25379210450157536
2023-07-23,0.34651071516907966,0.39968612114183594,0.2538031636890844
2023-07-24,0.3465652601903971,0.39893530535851995,0.25449943445108303
2023-07-25,0.34795881178696936,0.3959560717600442,0.25608511645298637
2023-07-26,0.3620766943600114,0.374500733985511,0.26342257165447763
2023-07-27,0.3656829930139997,0.3711030300689015,0.26321397691709886
2023-07-28,0.3660950015519184,0.37079352269714166,0.26311147575093996
2023-07-29,0.36614311496302204,0.3704553713171422,0.26340151371983583
2023-07-30,0.3660583918556128,0.37032502346529156,0.26361658467909566
2023-07-31,0.3739406551666675,0.3613605645246299,0.26469878030870264
2023-08-01,0.3739597849016077,0.3608011471928562,0.2652390679055362
2023-08-02,0.37387586193251543,0.3607374951577578,0.2653866429097267
2023-08-03,0.3750425792244538,0.3601411467146435,0.2648162740609028
2023-08-04,0.38008091803518274,0.3576289067387478,0.2622901752260695
2023-08-05,0.37180484816625997,0.3662133553887509,0.2619817964449891
2023-08-06,0.3686097008294664,0.3693102382282359,0.26208006094229763
2023-08-07,0.3646549806363672,0.37359590900732426,0.2617491103563085
2023-08-08,0.3637730882554355,0.3746316130545346,0.26159529869003
2023-08-09,0.3624266000615626,0.3767433576091183,0.2608300423293192
2023-08-10,0.35714466138690776,0.386003676799082,0.2568516618140102
2023-08-11,0.3570938903430927,0.38621765215653237,0.25668845750037483
2023-08-12,0.35823800973987474,0.38555060839212235,0.2562113818680028
2023-08-13,0.35872940036691536,0.38516713860400303,0.2561034610290816
2023-08-14,0.3587740857763232,0.38512944478166944,0.2560964694420074
2023-08-15,0.358758982850929,0.3850914269849016,0.25614959016416927
2023-08-16,0.3581142863450192,0.3856271430169362,0.2562585706380447
2023-08-17,0.3551393670301259,0.38721528767836716,0.257645345291507
2023-08-18,0.31665624609457177,0.4043236049151729,0.27902014899025535
2023-08-19,0.2994465225278112,0.4102106679951807,0.29034280947700813
2023-08-20,0.29665796483773815,0.4117102515480074,0.29163178361425457
2023-08-21,0.29657256839553364,0.4116337640223163,0.2917936675821501
2023-08-22,0.2981378385205752,0.41064169965725994,0.29122046182216493
2023-08-23,0.2981104087544579,0.41125720890678275,0.2906323823387595
2023-08-24,0.29817528867017906,0.41139248149120466,0.2904322298386162
2023-08-25,0.2983764833052593,0.4120739941049484,0.28954952258979233
2023-08-26,0.29830910149481266,0.4121387220595113,0.2895521764456761
2023-08-27,0.2983342298734906,0.4123105676249995,0.28935520250150987
2023-08-28,0.2997606410091092,0.4119115358304523,0.2883278231604384
2023-08-29,0.2999442414850752,0.4119897153120283,0.2880660432028964
2023-08-30,0.3083981519483662,0.4183215306011916,0.2732803174504422
2023-08-31,0.30805462175386555,0.41889509628741695,0.27305028195871756
2023-09-01,0.3069756649909884,0.41932297378617334,0.2737013612228383
2023-09-02,0.304384909729536,0.4267934998700702,0.2688215904003938
2023-09-03,0.3043997493744798,0.4267628229144069,0.26883742771111324
2023-09-04,0.3068348896117512,0.41872336979097124,0.2744417405972775
2023-09-05,0.3068292979221155,0.4187770974307126,0.2743936046471719
2023-09-06,0.3068292423918777,0.41889800875914884,0.27427274884897357
2023-09-07,0.30634269442341916,0.41916255720294177,0.274494748373639
2023-09-08,0.3062344468392829,0.419139406817308,0.27462614634340904
2023-09-09,0.29280244698104857,0.4110056542579978,0.2961918987609536
2023-09-10,0.29296924398456226,0.41098444530137707,0.2960463107140606
2023-09-11,0.29323985683779163,0.41159455551095553,0.29516558765125295
2023-09-12,0.29878498502040646,0.41669800540909707,0.28451700957049647
2023-09-13,0.29718428906095634,0.42178109061014224,0.28103462032890136
2023-09-14,0.2938728771971902,0.4274189525683764,0.2787081702344334
2023-09-15,0.294528123600259,0.4285178480244094,0.27695402837533145
2023-09-16,0.2946503554523636,0.4287365472094472,0.27661309733818906
2023-09-17,0.29486662038104294,0.42904004572895155,0.2760933338900056
2023-09-18,0.2947988833435202,0.42923540079705325,0.27596571585942653
2023-09-19,0.2960000480905996,0.4303876904145429,0.2736122614948575
2023-09-20,0.2939804361253601,0.4335313620340786,0.2724882018405612
2023-09-21,0.2957238426299962,0.4347259282210621,0.26955022914894183
2023-09-22,0.2995460333689724,0.4373958242822046,0.263058142348823
2023-09-23,0.3008286321001088,0.4368793423457016,0.26229202555418957
2023-09-24,0.3008982088093451,0.43692072797796716,0.2621810632126878
2023-09-25,0.30088970142505334,0.43694720829619293,0.2621630902787537
2023-09-26,0.3011096077996031,0.43643976611023894,0.26245062609015807
2023-09-27,0.30119608444959,0.43617906854160776,0.26262484700880234
2023-09-28,0.30171199604959575,0.43677715648035886,0.2615108474700454
2023-09-29,0.3051122072617562,0.43963533492971907,0.25525245780852474
2023-09-30,0.3070279021028371,0.4371085125302987,0.25586358536686415
2023-10-01,0.30705197531091427,0.43713827862691335,0.2558097460621725
2023-10-02,0.3075984160415307,0.4359551636358251,0.2564464203226442
2023-10-03,0.3074978832839958,0.4357589389528064,0.25674317776319777
2023-10-04,0.30028201691646095,0.44210512176444944,0.25761286131908967
2023-10-05,0.29948804388346695,0.4426498196435713,0.2578621364729618
2023-10-06,0.2988321416371203,0.4431465801495122,0.2580212782133675
2023-10-07,0.29831006368890844,0.4442974283281863,0.2573925079829053
2023-10-08,0.2981138646277025,0.44468639566147017,0.2571997397108273
2023-10-09,0.2979292090971858,0.4450803977936596,0.25699039310915456
2023-10-10,0.2957363259468021,0.4504253120524506,0.25383836200074733
2023-10-11,0.2958711554276501,0.45110330853570896,0.2530255360366409
2023-10-12,0.2910699169371435,0.4601533639837794,0.24877671907907714
2023-10-13,0.282290834078032,0.47768235673583476,0.24002680918613337
2023-10-14,0.2754579532277484,0.48948487090184617,0.2350571758704054
2023-10-15,0.27583433217020226,0.49030777699999123,0.23385789082980651
2023-10-16,0.274143580295636,0.49300439474751107,0.23285202495685292
2023-10-17,0.2752268130315908,0.4940505535779702,0.23072263339043905
2023-10-18,0.2747371863387552,0.4950214601278335,0.23024135353341119
2023-10-19,0.27433099975241954,0.4956321549062419,0.23003684534133859
2023-10-20,0.27456725905151397,0.4954842155962233,0.22994852535226284
2023-10-21,0.27878373140675733,0.49678744551574583,0.2244288230774968
2023-10-22,0.2788661944479791,0.49837264834573286,0.22276115720628797
2023-10-23,0.27458383469908154,0.5057232368280961,0.2196929284728223
2023-10-24,0.2788636459879598,0.5068051734640555,0.21433118054798478
2023-10-25,0.26128692751399474,0.5070592836455695,0.23165378884043575
2023-10-26,0.2603820814198497,0.5070339783215673,0.23258394025858303
2023-10-27,0.2595669277202965,0.5076328056813241,0.2328002665983795
2023-10-28,0.25962927533992947,0.5074892544107371,0.23288147024933337
2023-10-29,0.25962911275987055,0.5074238625054823,0.2329470247346472
2023-10-30,0.25964172266396207,0.5073994879149524,0.23295878942108544
2023-10-31,0.2593029967724087,0.5070572657000249,0.23363973752756637
2023-11-01,0.25842250852453397,0.5076842306257067,0.23389326084975937
2023-11-02,0.2584573901862778,0.5076199534145115,0.23392265639921064
2023-11-03,0.2583649214480181,0.5076497764212718,0.23398530213071012
2023-11-04,0.25840010204791136,0.5074759404415317,0.23412395751055698
2023-11-05,0.25838394558315597,0.5070210459747284,0.2345950084421156
2023-11-06,0.25852594091399445,0.5076901021668566,0.23378395691914894
2023-11-07,0.2613232478790755,0.5026798412166172,0.23599691090430722
2023-11-08,0.2654318676356644,0.4952793034786369,0.2392888288856987
2023-11-09,0.2680445678755561,0.4905643050894295,0.24139112703501445
2023-11-10,0.3148728268087099,0.4128559813450968,0.2722711918461932
2023-11-11,0.31633434101156666,0.4097611861336577,0.2739044728547756
2023-11-12,0.3164952418082288,0.4094719556252758,0.2740328025664955
2023-11-13,0.3165808923836048,0.409403552434801,0.2740155551815942
2023-11-14,0.3181834975874647,0.4070454388402758,0.2747710635722594
2023-11-15,0.32066955110793854,0.40360116625792464,0.2757292826341368
2023-11-16,0.334149971137108,0.39839578654249974,0.26745424232039233
2023-11-17,0.34753784805969506,0.39202995076585045,0.26043220117445454
2023-11-18,0.3514499309808449,0.3869965456253997,0.2615535233937554
2023-11-19,0.35209111498677315,0.3860774153333454,0.26183146967988147
2023-11-20,0.3521378321586595,0.3859772998490522,0.2618848679922883
2023-11-21,0.3537488383475091,0.38253848276260316,0.26371267888988786
2023-11-22,0.3542656588874032,0.38120341761709825,0.2645309234954986
2023-11-23,0.3545135748085617,0.3800787822747483,0.26540764291668995
2023-11-24,0.3545505427092604,0.3800103213362401,0.2654391359544994
2023-11-25,0.3564284507298816,0.3768041918680714,0.26676735740204693
2023-11-26,0.3566553545649901,0.3762251839289172,0.26711946150609267
2023-11-27,0.35665495112985474,0.37614565956543305,0.2671993893047123
2023-11-28,0.3527998945764596,0.3712383332251683,0.27596177219837215
2023-11-29,0.3531845947626308,0.3705509081842074,0.27626449705316175
2023-11-30,0.3534325778786824,0.3702478690540233,0.27631955306729444
2023-12-01,0.35640958598205297,0.3655604881878597,0.2780299258300873
2023-12-02,0.3568941241630259,0.364707548755528,0.2783983270814462
2023-12-03,0.35708684781482136,0.3644540722684773,0.2784590799167014
2023-12-04,0.3577420088786297,0.36339645549889615,0.27886153562247423
2023-12-05,0.3581483734871327,0.3625171449430965,0.2793344815697709
2023-12-06,0.3584779650316704,0.36220248143600015,0.2793195535323295
2023-12-07,0.3585072940778261,0.36199525384690395,0.27949745207526994
2023-12-08,0.3591965317051982,0.36084555233917015,0.27995791595563174
2023-12-09,0.35921838059220595,0.3606604281792042,0.28012119122858975
2023-12-10,0.3591591781435414,0.36056237957222265,0.2802784422842359
2023-12-11,0.35681433554950787,0.35875731366694874,0.28442835078354345
2023-12-12,0.36157647276305527,0.3505939599283196,0.2878295673086252
2023-12-13,0.3615410255748805,0.35045577426295105,0.28800320016216857
2023-12-14,0.36124242571207626,0.3499738241756891,0.28878375011223467
2023-12-15,0.3616457836800682,0.3492226250982275,0.2891315912217044
2023-12-16,0.3616874010634797,0.3486730088793473,0.28963959005717305
2023-12-17,0.36178817415905024,0.34855751928524126,0.28965430655570856
2023-12-18,0.36116431986002745,0.34778563079024144,0.29105004934973117
2023-12-19,0.36183671465540157,0.346653520681999,0.2915097646625995
2023-12-20,0.36124206193469766,0.3460604887327898,0.2926974493325125
2023-12-21,0.35962920103560253,0.34436966916604056,0.2960011297983569
2023-12-22,0.35955121211848595,0.3442292727350343,0.29621951514647976
2023-12-23,0.36083603271054543,0.34284456644000727,0.29631940084944725
2023-12-24,0.36087812818518705,0.3425966118642204,0.2965252599505926
2023-12-25,0.36086991670583995,0.34258138624400974,0.2965486970501502
2023-12-26,0.36086667936999395,0.3425638593722912,0.2965694612577149
2023-12-27,0.36092638463137083,0.3415690368014108,0.2975045785672183
2023-12-28,0.3600754663065705,0.33828281106704944,0.3016417226263801
2023-12-29,0.3598406026690874,0.3377778936829385,0.3023815036479742
2023-12-30,0.3598150710460034,0.3374163515103875,0.30276857744360913
2023-12-31,0.35981966435229984,0.3373775463347996,0.30280278931290044
2024-01-01,0.3598588055068801,0.3372688329540885,0.3028723615390314
2024-01-02,0.36366638964026315,0.33558199910276293,0.3007516112569739
2024-01-03,0.36456586923426326,0.3351547032795064,0.3002794274862303
2024-01-04,0.3660040600405181,0.3333942552555025,0.3006016847039793
2024-01-05,0.3663260656339764,0.3323371452474604,0.3013367891185632
2024-01-06,0.36771881426695013,0.33141319699532046,0.3008679887377295
2024-01-07,0.3678917136422494,0.3313285239688113,0.30077976238893944
2024-01-08,0.37040201432870007,0.3279899687518633,0.3016080169194366
2024-01-09,0.37051995086690254,0.3276229153878993,0.30185713374519824
2024-01-10,0.3706023264128833,0.3274893166584198,0.30190835692869683
2024-01-11,0.3820651466583589,0.3201412699105478,0.29779358343109325
2024-01-12,0.380752333230074,0.32047769363166734,0.29876997313825865
2024-01-13,0.3804466414305192,0.3202600565811825,0.29929330198829834
2024-01-14,0.38042793924205465,0.32002921474522855,0.2995428460127168
2024-01-15,0.37971674819380435,0.31945249150287847,0.30083076030331707
2024-01-16,0.37971013670425097,0.3194181849509668,0.30087167834478207
2024-01-17,0.3797480838157235,0.3194147953259498,0.3008371208583267
2024-01-18,0.3796854110166787,0.31933873846334837,0.300975850519973
2024-01-19,0.3774787504975043,0.31756422619062336,0.3049570233118723
2024-01-20,0.37697290260342914,0.31699321677735504,0.3060338806192159
2024-01-21,0.37697727418228716,0.3169958787370511,0.3060268470806617
2024-01-22,0.37410659394500095,0.31469940086568077,0.31119400518931833
2024-01-23,0.3937595391922712,0.30414867402450124,0.3020917867832276
2024-01-24,0.39092154717465893,0.3094518797552724,0.2996265730700686
2024-01-25,0.3918370194001603,0.3091068366545139,0.299056143945326
2024-01-26,0.3913283141358562,0.30935930529831746,0.2993123805658262
2024-01-27,0.3904343461940832,0.3098141819196561,0.29975147188626067
2024-01-28,0.3904176687373531,0.3098235131487145,0.2997588181139323
2024-01-29,0.391141427118076,0.3094534514531686,0.29940512142875547
2024-01-30,0.39207533865231475,0.30898969142680494,0.29893496992088014
2024-01-31,0.39126904981164085,0.30940154129855757,0.29932940888980153
2024-02-01,0.39130151405196856,0.30938185402912427,0.2993166319189071
2024-02-02,0.3909571863826123,0.3095493830001467,0.29949343061724093
2024-02-03,0.3912245426932407,0.3094129752185798,0.29936248208817945
2024-02-04,0.392276719988136,0.30786183360773284,0.2998614464041311
2024-02-05,0.3924384036977163,0.30779342459334186,0.29976817170894177
2024-02-06,0.39241159032902934,0.3078985968875941,0.29968981278337664
2024-02-07,0.3921191610800354,0.30805027140831004,0.2998305675116545
2024-02-08,0.39045041827755117,0.3098057435062225,0.2997438382162263
2024-02-09,0.3898454191885155,0.3101743114653568,0.2999802693461277
2024-02-10,0.3896979445392305,0.3102856302694136,0.30001642519135585
2024-02-11,0.38968556087590256,0.3103013303620824,0.3000131087620151
2024-02-12,0.3898944460927874,0.31023531290654194,0.2998702410006707
2024-02-13,0.38978486490713593,0.3104902288908806,0.29972490620198355
2024-02-14,0.3896324382814761,0.31052942249751164,0.29983813922101227
2024-02-15,0.38886867447658835,0.31079261655489365,0.30033870896851805
2024-02-16,0.388530406197775,0.31119991237487665,0.3002696814273483
2024-02-17,0.38872896031597876,0.3110175507189723,0.30025348896504905
2024-02-18,0.38878769035335825,0.3109554229248975,0.3002568867217442
2024-02-19,0.3888600546988985,0.3110022748543977,0.30013767044670375
2024-02-20,0.38878086176111964,0.31109445081300424,0.3001246874258761
2024-02-21,0.3889581520859327,0.3110222590484534,0.300019588865614
2024-02-22,0.3889872578365313,0.31099253988184433,0.30002020228162435
2024-02-23,0.3887061174067918,0.3111994933455005,0.30009438924770776
2024-02-24,0.3899884586854485,0.3104337462506084,0.29957779506394305
2024-02-25,0.3897752265124915,0.3105620676548281,0.29966270583268045
2024-02-26,0.3898591554695067,0.3105955826255683,0.2995452619049251
2024-02-27,0.3896192912474512,0.31056492421751525,0.29981578453503355
2024-02-28,0.3891934719945223,0.310735547965936,0.3000709800395417
2024-02-29,0.3887897016450182,0.31080346188751806,0.3004068364674637
2024-03-01,0.3882398657140091,0.31095587243880723,0.3008042618471837
2024-03-02,0.3882566372974054,0.3107959673436973,0.30094739535889725
2024-03-03,0.3883290750559935,0.3107777634871111,0.30089316145689543
2024-03-04,0.38845266275651874,0.31071717792697345,0.3008301593165078
2024-03-05,0.38808766315227305,0.31076279992720074,0.30114953692052626
2024-03-06,0.3872175345833366,0.31086660657623866,0.30191585884042466
2024-03-07,0.3873108871983802,0.3108350876757503,0.30185402512586956
2024-03-08,0.38729023452636024,0.3108457889955625,0.3018639764780772
2024-03-09,0.3872410302524241,0.31086980915475276,0.30188916059282306
2024-03-10,0.38717696172814264,0.31092349520157553,0.3018995430702817
2024-03-11,0.3869617750188588,0.3114896978441107,0.3015485271370305
2024-03-12,0.38676448806408914,0.311583903736583,0.3016516081993279
2024-03-13,0.3868188744802041,0.31151669965129425,0.3016644258685017
2024-03-14,0.3869043033193301,0.31145111427690675,0.30164458240376324
2024-03-15,0.3867622249915489,0.31143709606861386,0.3018006789398372
2024-03-16,0.38634074300632915,0.3114148737005124,0.30224438329315856
2024-03-17,0.3863691446942029,0.31149759527788884,0.3021332600279082
2024-03-18,0.3865433191167187,0.3119079774251805,0.30154870345810075
2024-03-19,0.38802562636400023,0.3122843742189038,0.29968999941709606
2024-03-20,0.39259780147417644,0.3144420755992344,0.2929601229265892
2024-03-21,0.3926313646964683,0.3144759207593732,0.29289271454415855
2024-03-22,0.3936711992930681,0.31670245019704274,0.2896263505098891
2024-03-23,0.3954509926944762,0.3173350670156214,0.2872139402899024
2024-03-24,0.39526550333281574,0.317510866127144,0.2872236305400403
2024-03-25,0.3953043561387484,0.3175165361031934,0.28717910775805816
2024-03-26,0.39575770014147116,0.31912100030478197,0.2851212995537468
2024-03-27,0.39660800729981993,0.3192736548449666,0.2841183378552135
2024-03-28,0.39653893347976954,0.3190985144488884,0.2843625520713421
2024-03-29,0.39653319831655703,0.31924681008294886,0.2842199916004942
2024-03-30,0.39647976609450675,0.31910188319044713,0.2844183507150462
2024-03-31,0.3964633088044091,0.3191707263867961,0.2843659648087948
2024-04-01,0.39642823554597933,0.3191625222780792,0.2844092421759416
2024-04-02,0.396225934354545,0.3186504632136084,0.2851236024318466
2024-04-03,0.4016888823423345,0.3159748627052599,0.2823362549524056
2024-04-04,0.4016825785534167,0.31624343285340806,0.28207398859317523
2024-04-05,0.3999131207703509,0.317434310546976,0.28265256868267313
2024-04-06,0.4001914047436682,0.31725606439694015,0.2825525308593918
2024-04-07,0.3998450290928523,0.31748780223209583,0.2826671686750519
2024-04-08,0.39962014021017545,0.3176359841508634,0.28274387563896103
2024-04-09,0.3984349785821268,0.3182814124603232,0.28328360895754995
2024-04-10,0.38596726275112714,0.32681759525495474,0.287215141993918
2024-04-11,0.3877485265615072,0.3272534770455584,0.2849979963929344
2024-04-12,0.38777030824426717,0.32725462115072873,0.284975070605004
2024-04-13,0.38743985824492555,0.3281732184651872,0.28438692328988724
2024-04-14,0.3854307299991584,0.33088816564825824,0.2836811043525835
2024-04-15,0.38015257531275304,0.3335842207217509,0.28626320396549604
2024-04-16,0.3798733682581271,0.3337673410500665,0.2863592906918065
2024-04-17,0.38026126077025224,0.3334953116246046,0.2862434276051431
2024-04-18,0.38041632407033066,0.333414762748325,0.28616891318134446
2024-04-19,0.3799995990152509,0.33401616821363267,0.28598423277111656
2024-04-20,0.3799549031763555,0.334044792316406,0.28600030450723846
2024-04-21,0.3798966579000653,0.33411499853441384,0.28598834356552083
2024-04-22,0.379440979394961,0.3352097164532006,0.2853493041518385
2024-04-23,0.385034908492257,0.3277182384074747,0.2872468531002681
2024-04-24,0.3849130471153006,0.32788462960155906,0.28720232328314027
2024-04-25,0.38591449418359075,0.3272688101337646,0.2868166956826447
2024-04-26,0.3869031091120042,0.3266796685877123,0.2864172223002835
2024-04-27,0.38698010822909873,0.32651700919962323,0.28650288257127815
2024-04-28,0.38690134100616275,0.3266325511180491,0.28646610787578813
2024-04-29,0.38643243256883036,0.32724673812144944,0.2863208293097202
2024-04-30,0.385803615012722,0.32523423066592855,0.28896215432134953
2024-05-01,0.38356478766496094,0.32251965874020655,0.2939155535948325
2024-05-02,0.38428474864775886,0.32190804927046895,0.2938072020817723
2024-05-03,0.38419002121747875,0.3221798702314902,0.29363010855103094
2024-05-04,0.384119772299303,0.32240323649437014,0.2934769912063268
2024-05-05,0.38404371090149847,0.322554657293461,0.29340163180504053
2024-05-06,0.38400488204382693,0.3226496053297041,0.2933455126264689
2024-05-07,0.3845737569577846,0.322187206679775,0.2932390363624404
2024-05-08,0.38470912823770387,0.32207187509370633,0.29321899666858986
2024-05-09,0.3864929464311001,0.32100154960763677,0.2925055039612631
2024-05-10,0.38660055332720233,0.32097458120441547,0.29242486546838214
2024-05-11,0.38672067346468597,0.3206951066363154,0.29258421989899863
2024-05-12,0.3867252294936442,0.32072274886780094,0.2925520216385548
2024-05-13,0.3868315566454993,0.3208065082595806,0.2923619350949201
2024-05-14,0.38690562025235486,0.3211034946534021,0.2919908850942429
2024-05-15,0.38765608935759127,0.32131729688527766,0.29102661375713096
2024-05-16,0.38810110262324965,0.32148554888751546,0.29041334848923495
2024-05-17,0.38805706854893973,0.3216162201217272,0.29032671132933313
2024-05-18,0.3879082789262075,0.3219543605418839,0.29013736053190864
2024-05-19,0.38806204359381613,0.3219568649377673,0.28998109146841644
2024-05-20,0.38819125376793495,0.3220424600482028,0.2897662861838622
2024-05-21,0.38806427924353737,0.3219731128532216,0.2899626079032411
2024-05-22,0.35943270105003355,0.294295127568286,0.3462721713816805
2024-05-23,0.35902224970554336,0.29400181385509155,0.346975936439365
2024-05-24,0.35779634536690935,0.2943222796453597,0.34788137498773103
2024-05-25,0.3578787821955491,0.2940810015547639,0.348040216249687
2024-05-26,0.3569122461276674,0.2935470643138703,0.3495406895584623
2024-05-27,0.3558561738462112,0.29271898029830645,0.3514248458554824
2024-05-28,0.3555274433424336,0.2922617579412768,0.3522107987162896
2024-05-29,0.3543082730384042,0.2910367587574793,0.35465496820411657
2024-05-30,0.3531305708640678,0.289544921752655,0.3573245073832772
2024-05-31,0.35268848147635007,0.28945414076078296,0.3578573777628669
2024-06-01,0.3526303165720169,0.2892789510183644,0.3580907324096186
2024-06-02,0.3526891459746853,0.28936441985918687,0.35794643416612776
2024-06-03,0.35079270581909056,0.2876712816136722,0.36153601256723716
2024-06-04,0.34565376057962205,0.28310400818670756,0.37124223123367034
2024-06-05,0.345621504823865,0.2830427170648352,0.37133577811129975
2024-06-06,0.3453286303586663,0.2827066579666549,0.37196471167467887
2024-06-07,0.344848314105088,0.28223295693190353,0.37291872896300854
2024-06-08,0.3448007747835523,0.28209473679077746,0.37310448842567023
2024-06-09,0.3449851800154089,0.28215320335817157,0.37286161662641953
2024-06-10,0.3431008367236118,0.28026738397798695,0.37663177929840125
2024-06-11,0.34313716285593604,0.2803575415047702,0.37650529563929364
2024-06-12,0.34626230256949736,0.28312711230334475,0.3706105851271579
2024-06-13,0.34761427582933385,0.28442016071320747,0.36796556345745857
2024-06-14,0.3478817571852855,0.28459860480597843,0.367519638008736
2024-06-15,0.3479825614600431,0.2846510135391972,0.36736642500075983
2024-06-16,0.3485747603919769,0.28510367868343545,0.3663215609245877
2024-06-17,0.3472897857594969,0.2840339203985119,0.36867629384199113
2024-06-18,0.3393793694132729,0.2774720295366596,0.3831486010500676
2024-06-19,0.33935366856569804,0.2774612559751091,0.38318507545919295
2024-06-20,0.3306956891540037,0.27050447343054035,0.39879983741545594
2024-06-21,0.3274669977737314,0.26779316467180364,0.40473983755446497
2024-06-22,0.32669139353241144,0.26716822381783695,0.4061403826497516
2024-06-23,0.32672754117856717,0.2671923159608346,0.40608014286059824
2024-06-24,0.3197917425088622,0.2616129369241962,0.41859532056694165
2024-06-25,0.32013413554156384,0.2618744902189192,0.417991374239517
2024-06-26,0.3203531781175802,0.262080628659346,0.41756619322307376
2024-06-27,0.3196152849606299,0.2614527613850306,0.4189319536543394
2024-06-28,0.3192722138196962,0.2612809696624885,0.4194468165178153
2024-06-29,0.3187738976664312,0.260847003380452,0.42037909895311676
2024-06-30,0.3176036712480844,0.2598704538468013,0.42252587490511434
2024-07-01,0.3140224669732635,0.25738335917210076,0.4285941738546356
2024-07-02,0.30438282476904227,0.254783391543302,0.44083378368765574
2024-07-03,0.3020942886194092,0.2529053597060821,0.44500035167450874
2024-07-04,0.30210898906878264,0.252983140398533,0.44490787053268444
2024-07-05,0.3031125614588624,0.2539431888797012,0.4429442496614365
2024-07-06,0.30379514089511117,0.2546323894344804,0.44157246967040836
2024-07-07,0.30365777282207707,0.2544727185254735,0.4418695086524494
2024-07-08,0.3023444329955093,0.25338786891978704,0.4442676980847037
2024-07-09,0.3034090953942186,0.25299495398198424,0.44359595062379703
2024-07-10,0.3034421451096406,0.25270519729300617,0.4438526575973532
2024-07-11,0.3031961240315091,0.2523649047409664,0.4444389712275246
2024-07-12,0.3029117982338208,0.25165577793064176,0.4454324238355375
2024-07-13,0.2998183623264922,0.2460248436975729,0.4541567939759349
2024-07-14,0.3041718147115427,0.243745181784355,0.45208300350410224
2024-07-15,0.303819456665245,0.24336218486987835,0.45281835846487667
2024-07-16,0.3043540734002418,0.24390856861546525,0.45173735798429293
2024-07-17,0.30251130217059613,0.24488377319244603,0.4526049246369578
2024-07-18,0.30191552932844623,0.24459259967751737,0.45349187099403643
2024-07-19,0.3016538943538001,0.2447962201139107,0.4535498855322893
2024-07-20,0.30119633128019296,0.24533376187355585,0.4534699068462512
2024-07-21,0.30116338454117186,0.2454622039462542,0.453374411512574
2024-07-22,0.3011834729933253,0.24545836302672336,0.45335816397995127
2024-07-23,0.3008890788032443,0.24554042009799318,0.4535705010987625
2024-07-24,0.30074537585758554,0.24547586677226696,0.45377875737014745
2024-07-25,0.30084985447688706,0.245870181193667,0.453279964329446
2024-07-26,0.31625729649101775,0.2725070554608726,0.4112356480481096
2024-07-27,0.31662400573131294,0.27283546245267376,0.41054053181601324
2024-07-28,0.31639823447320164,0.2726641338214684,0.4109376317053298
2024-07-29,0.31727868159921596,0.27359580150867513,0.4091255168921089
2024-07-30,0.3188055238632379,0.27559836274372995,0.4055961133930321
2024-07-31,0.31844137086115265,0.2753987572819206,0.40615987185692676
2024-08-01,0.318525371276776,0.2753882857092092,0.4060863430140148
2024-08-02,0.31957336359970706,0.2760759572477018,0.40435067915259115
2024-08-03,0.3198571212569093,0.2762515151211705,0.4038913636219202
2024-08-04,0.32023723443990054,0.27649541398197336,0.4032673515781261
2024-08-05,0.3205404743463337,0.2768008529047782,0.40265867274888817
2024-08-06,0.35083567053195963,0.3022364073871628,0.34692792208087764
2024-08-07,0.35190191736953624,0.3017358520858349,0.3463622305446289
2024-08-08,0.354250312041656,0.30145254044664216,0.34429714751170176
2024-08-09,0.35579703121698153,0.3007780004363445,0.343424968346674
2024-08-10,0.3562785357686936,0.30048626925128086,0.3432351949800257
2024-08-11,0.3565579753611061,0.30028657872832376,0.34315544591057007
2024-08-12,0.35661654042195756,0.3002198194191161,0.3431636401589264
2024-08-13,0.35733963498084526,0.2998145202519751,0.3428458447671796
2024-08-14,0.35761851078467455,0.29979739726390303,0.3425840919514224
2024-08-15,0.35764342729665843,0.2997314416177464,0.3426251310855952
2024-08-16,0.3576763688838973,0.29960987087403174,0.3427137602420709
2024-08-17,0.35936133972827194,0.29939185431763177,0.34124680595409623
2024-08-18,0.3597020125412015,0.29937763845014836,0.3409203490086502
2024-08-19,0.3604154897352367,0.29920857554427205,0.34037593472049127
2024-08-20,0.40776014789284815,0.37254800081502865,0.21969185129212326
2024-08-21,0.4078821871673062,0.3724677634153451,0.21965004941734867
2024-08-22,0.40814528913217557,0.37248999609817984,0.21936471476964464
2024-08-23,0.40831799771684185,0.3733835967930366,0.21829840549012144
2024-08-24,0.4102841019107698,0.37131435026257137,0.21840154782665877
2024-08-25,0.4130951862353789,0.3687481467537691,0.21815666701085198
2024-08-26,0.41298480709353413,0.3705027441697018,0.21651244873676406
2024-08-27,0.41280367063304724,0.3714548794972176,0.2157414498697352
2024-08-28,0.4052639005908617,0.3787624047498057,0.2159736946593327
2024-08-29,0.4029365762583785,0.3808085870629124,0.21625483667870907
2024-08-30,0.40603003204663274,0.37702336971647665,0.21694659823689064
2024-08-31,0.41348214477433365,0.368334847438886,0.21818300778678035
2024-09-01,0.4155071636306679,0.36606024716977875,0.21843258919955347
2024-09-02,0.41617120161950993,0.3652267056926095,0.2186020926878806
2024-09-03,0.416624059224208,0.36479669501205675,0.2185792457637353
2024-09-04,0.4187299902742389,0.36226222409592246,0.21900778562983866
2024-09-05,0.41884068109252304,0.3623048892986608,0.21885442960881626
2024-09-06,0.4252169047527586,0.35516733528719663,0.21961575996004484
2024-09-07,0.4305154852223919,0.35007912901347477,0.21940538576413324
2024-09-08,0.4306900023992961,0.3499111021285102,0.2193988954721938
2024-09-09,0.4334120458862458,0.3467767814604961,0.219811172653258
2024-09-10,0.43402252729643964,0.3426838560377014,0.22329361666585903
2024-09-11,0.4343636403106127,0.34097843106317555,0.22465792862621176
2024-09-12,0.43368194750927186,0.3401628400396569,0.22615521245107117
2024-09-13,0.4336634572525177,0.3401650336152591,0.22617150913222317
2024-09-14,0.4397935602655051,0.33341240594814636,0.22679403378634855
2024-09-15,0.43986206926590354,0.33333604465596167,0.2268018860781348
2024-09-16,0.4397152188371676,0.33306851744689125,0.2272162637159411
2024-09-17,0.441931024239431,0.33494792305699017,0.22312105270357888
2024-09-18,0.4432598791629718,0.336266738909959,0.2204733819270691
2024-09-19,0.44393730590860436,0.33709242784180843,0.2189702662495871
2024-09-20,0.44640679584990867,0.33914341174729024,0.21444979240280115
2024-09-21,0.4473970497173631,0.3402769277631114,0.21232602251952543
2024-09-22,0.447470044150966,0.34023659502287584,0.21229336082615807
2024-09-23,0.44851908050463013,0.34034911103043247,0.21113180846493743
2024-09-24,0.4419909832904814,0.3458918930788535,0.21211712363066512
2024-09-25,0.4400460359675587,0.3470686327343784,0.21288533129806295
2024-09-26,0.440014257800592,0.3472196671717217,0.2127660750276863
2024-09-27,0.43822675904488395,0.3483094936281688,0.2134637473269472
2024-09-28,0.43752155657430214,0.3487400684286379,0.21373837499705992
2024-09-29,0.43746753226211665,0.34876503956552546,0.21376742817235783
2024-09-30,0.4374896117345729,0.3488335433019905,0.21367684496343653
2024-10-01,0.4346946939496854,0.3504851231284463,0.2148201829218683
2024-10-02,0.4315346460971512,0.3525425795162065,0.21592277438664226
2024-10-03,0.4339775435415137,0.3498406239323138,0.21618183252617248
2024-10-04,0.44089071917294065,0.3394068393046811,0.21970244152237825
2024-10-05,0.44421416206330544,0.3358963646135396,0.219889473323155
2024-10-06,0.444347618790598,0.3358523132440285,0.2198000679653736
2024-10-07,0.4449009344578794,0.33528355103733365,0.21981551450478692
2024-10-08,0.445354261594147,0.3349800430615519,0.21966569534430108
2024-10-09,0.4466893944075494,0.33352953193542173,0.2197810736570289
2024-10-10,0.44769282168818125,0.3324936694222413,0.21981350888957743
2024-10-11,0.44910220887577273,0.33094221085321557,0.21995558027101159
2024-10-12,0.44992120777877176,0.33009885023787156,0.21997994198335655
2024-10-13,0.4503487325588629,0.32967374224559864,0.21997752519553848
2024-10-14,0.45124760354301924,0.3294813503282775,0.2192710461287033
2024-10-15,0.4748521449427923,0.3088455081946835,0.21630234686252417
2024-10-16,0.47272376208553957,0.31044890889607,0.21682732901839039
2024-10-17,0.4723395942285712,0.3106685062958771,0.21699189947555164
2024-10-18,0.4752547923739859,0.30902262158171423,0.2157225860442999
2024-10-19,0.4757029190416417,0.3087776968466901,0.2155193841116682
2024-10-20,0.47572039745964884,0.3087647980938228,0.2155148044465283
2024-10-21,0.472998005963874,0.3103265825658089,0.21667541147031708
2024-10-22,0.4726616687083795,0.3105051335350012,0.21683319775661933
2024-10-23,0.4707841404162514,0.3114410160956542,0.21777484348809437
2024-10-24,0.501540067253089,0.28628609433006214,0.21217383841684884
2024-10-25,0.5022630702242658,0.28592742955923656,0.21180950021649764
2024-10-26,0.5022425275021585,0.2859427743769367,0.21181469812090478
2024-10-27,0.4982581251273091,0.2866455420688702,0.21509633280382062
2024-10-28,0.4956690193451683,0.2874093152002587,0.21692166545457292
2024-10-29,0.4956528783309988,0.28742047754340894,0.21692664412559232
2024-10-30,0.47973640343701013,0.2934305093369891,0.22683308722600076
2024-10-31,0.4797992677932661,0.2934176361799449,0.22678309602678903
2024-11-01,0.46943531752197165,0.2990975451741064,0.231467137303922
2024-11-02,0.46710860400166293,0.30043794871654333,0.23245344728179376
2024-11-03,0.4676482224815436,0.30027836432403693,0.23207341319441951
2024-11-04,0.4564785795380248,0.2899142688863591,0.2536071515756161
2024-11-05,0.4551530126252628,0.29092423292805114,0.2539227544466861
2024-11-06,0.45240584762236435,0.2929133964894067,0.2546807558882289
2024-11-07,0.4344249214449941,0.29977284809165244,0.2658022304633535
2024-11-08,0.4195031461427597,0.3058203348504647,0.27467651900677553
2024-11-09,0.4178159665938542,0.305101484042525,0.27708254936362076
2024-11-10,0.41647367136192287,0.3043439463680763,0.27918238227000086
2024-11-11,0.4125588685697092,0.30316967574659764,0.28427145568369316
2024-11-12,0.41225752385355413,0.30320599868901865,0.2845364774574273
2024-11-13,0.4122303047066681,0.3031662576188569,0.28460343767447494
2024-11-14,0.4120888969479403,0.3029857858970944,0.28492531715496533
2024-11-15,0.4090457078560386,0.30380752661789845,0.28714676552606294
2024-11-16,0.4085349019439755,0.30404921701543186,0.2874158810405926
2024-11-17,0.4080147281397261,0.3043836748544758,0.287601597005798
2024-11-18,0.4063759522147076,0.30514944331156624,0.2884746044737261
2024-11-19,0.40643236008265327,0.305131158379103,0.2884364815382438
2024-11-20,0.40624290639758914,0.3052182159991059,0.2885388776033049
2024-11-21,0.40630715790137206,0.3052006361342627,0.2884922059643652
2024-11-22,0.40570229411257824,0.30555562604022884,0.2887420798471929
2024-11-23,0.4049362884752086,0.30614354764736346,0.2889201638774279
2024-11-24,0.4050188271086303,0.3060432231576742,0.2889379497336955
2024-11-25,0.4040771924745211,0.305975147467256,0.2899476600582229
2024-11-26,0.40553558207760926,0.3032030466434534,0.2912613712789375
2024-11-27,0.40455053108468003,0.3026115611152325,0.2928379078000874
2024-11-28,0.4029772446834201,0.3036536378795264,0.29336911743705363
2024-11-29,0.4004839111524379,0.304846667415574,0.294669421431988
2024-11-30,0.4001767111965896,0.3051861416459211,0.29463714715748934
2024-12-01,0.4000494830721209,0.30525335022497,0.29469716670290913
2024-12-02,0.40012804029426036,0.3053121495148699,0.29455981019086974
2024-12-03,0.3990975982982535,0.30571048381524546,0.295191917886501
2024-12-04,0.3986765488154247,0.30581985152730434,0.2955035996572709
2024-12-05,0.39650326155070775,0.3068981230159627,0.2965986154333296
2024-12-06,0.3944913354508118,0.3078979143779406,0.2976107501712476
2024-12-07,0.3947844529091298,0.30784277874055316,0.297372768350317
2024-12-08,0.3934763951073953,0.30844658415747933,0.2980770207351253
2024-12-09,0.39277721536069143,0.30894633123303644,0.29827645340627207
2024-12-10,0.3918139182981626,0.3092879702290455,0.298898111472792
2024-12-11,0.39043408425036863,0.30956591637265607,0.2999999993769752
2024-12-12,0.3906975864394993,0.3094920457125533,0.29981036784794723
2024-12-13,0.38888058627038624,0.31078896444405557,0.3003304492855582
2024-12-14,0.38866958816015057,0.3108531489624444,0.30047726287740506
2024-12-15,0.3886327872621323,0.31083714774920207,0.3005300649886655
2024-12-16,0.38584954482953604,0.3089122924725101,0.3052381626979538
2024-12-17,0.38492652336202965,0.30775330005877005,0.3073201765792003
2024-12-18,0.3834930829883509,0.3067833689744681,0.309723548037181
2024-12-19,0.38058026297175734,0.30431913555821977,0.3151006014700228
2024-12-20,0.3786112424751014,0.3032291316592362,0.3181596258656623
2024-12-21,0.380414681876829,0.30443218418121665,0.3151531339419544
2024-12-22,0.38041399624323924,0.30447290989390086,0.31511309386285974
2024-12-23,0.3813154539889497,0.30300667731363834,0.3156778686974119
2024-12-24,0.3822074030793727,0.3025328217527918,0.31525977516783554
2024-12-25,0.38220639538238776,0.30261892610939184,0.31517467850822045
2024-12-26,0.3825427176783477,0.3024730298288159,0.31498425249283635
2024-12-27,0.38269258679360263,0.30238183683596614,0.31492557637043117
2024-12-28,0.3827681530168283,0.3023320077500074,0.31489983923316434
2024-12-29,0.38276830218371893,0.3023470049004899,0.3148846929157912
2024-12-30,0.3839923966144625,0.30169938551501124,0.3143082178705263
2024-12-31,0.38559315495053886,0.30084567726248473,0.3135611677869764
2025-01-01,0.38491157122293895,0.30178511193575164,0.3133033168413095
2025-01-02,0.3827164689771625,0.3053173137237808,0.31196621729905677
2025-01-03,0.38133714215684367,0.30605904783280985,0.31260381001034643
2025-01-04,0.3812847383411527,0.30611203101161055,0.3126032306472368
2025-01-05,0.38120595891506953,0.30609614291158554,0.31269789817334487
2025-01-06,0.38112507895848957,0.3061480367734779,0.31272688426803247
2025-01-07,0.38053523355521396,0.30645240840923743,0.3130123580355487
2025-01-08,0.3793731717396474,0.30703387670319443,0.3135929515571582
2025-01-09,0.3778472114017225,0.30761974545629095,0.3145330431419866
2025-01-10,0.3774909698779365,0.30780949904085725,0.3146995310812063
2025-01-11,0.3769886768551251,0.30775080277919137,0.31526052036568347
2025-01-12,0.37663236278224543,0.3078102540676945,0.31555738315006
2025-01-13,0.36736650436413476,0.31227145610148715,0.32036203953437803
2025-01-14,0.37195479169653123,0.30436357697901995,0.3236816313244488
2025-01-15,0.3720126449178743,0.3044014051521568,0.32358594992996886
2025-01-16,0.37188037463295226,0.3044728362936361,0.3236467890734117
2025-01-17,0.3719274644411893,0.30445517093200525,0.32361736462680535
2025-01-18,0.37185358397446916,0.30448008569000706,0.32366633033552383
2025-01-19,0.37261354995358825,0.3041520194297785,0.3232344306166333
2025-01-20,0.37275015578077014,0.30406695418139806,0.3231828900378319
2025-01-21,0.3737365749527096,0.3035710572100089,0.32269236783728145
2025-01-22,0.3759997793406989,0.3024334702605059,0.3215667503987952
2025-01-23,0.3760861296716932,0.30244748902128715,0.32146638130701954
2025-01-24,0.37611769550307983,0.30243617314699317,0.3214461313499271
2025-01-25,0.3768518640284654,0.3030713464467439,0.32007678952479074
2025-01-26,0.3771470407607333,0.30331944963403007,0.3195335096052366
2025-01-27,0.3771757593879986,0.3032982576539606,0.3195259829580408
2025-01-28,0.37685813842167776,0.30308406305472374,0.32005779852359845
2025-01-29,0.3769023671199733,0.3032618752222663,0.3198357576577604
2025-01-30,0.38114288320990425,0.3011626579499134,0.3176944588401823
2025-01-31,0.38228577213777687,0.3005764201189232,0.3171378077432998
2025-02-01,0.38205733358247734,0.30068139270830435,0.31726127370921836
2025-02-02,0.38266067870036613,0.29984287648426156,0.31749644481537237
2025-02-03,0.3829443830558947,0.29977637080919717,0.3172792461349081
2025-02-04,0.38348897037395163,0.2997113291539962,0.31679970047205225
2025-02-05,0.382286904835138,0.29934327889592816,0.31836981626893374
2025-02-06,0.38553121850721334,0.29681701959038176,0.31765176190240496
2025-02-07,0.38659585026859883,0.2974848691737726,0.31591928055762863
2025-02-08,0.387695617930251,0.29825417091604034,0.3140502111537087
2025-02-09,0.3916956012340252,0.30100861918564453,0.3072957795803302
2025-02-10,0.39193953087589367,0.301246771827627,0.3068136972964793
2025-02-11,0.39198991424579366,0.30131802369592164,0.3066920620582847
2025-02-12,0.3921805764309129,0.30150673522521276,0.30631268834387426
2025-02-13,0.3912151721346881,0.3016131228692181,0.30717170499609386
2025-02-14,0.3912406067603583,0.3018327490191137,0.306926644220528
2025-02-15,0.3905186204190037,0.3032160921867442,0.306265287394252
2025-02-16,0.39046404366141274,0.30343216479081064,0.30610379154777656
2025-02-17,0.3904579649912979,0.30345269402226455,0.3060893409864376
2025-02-18,0.39002389190270026,0.3042057617853204,0.30577034631197925
2025-02-19,0.3893464240704023,0.30537497913440664,0.30527859679519104
2025-02-20,0.3892893666855398,0.3055553735461514,0.30515525976830876
2025-02-21,0.38923809659454667,0.3056310165659092,0.30513088683954415
2025-02-22,0.38904840965592397,0.30580357240035055,0.30514801794372554
2025-02-23,0.3891314539797734,0.3061411599648885,0.304727386055338
2025-02-24,0.3903868859239572,0.30561650046668815,0.30399661360935465
2025-02-25,0.38941661457899635,0.30869104297583383,0.30189234244516966
2025-02-26,0.3806855442286829,0.3247268806573375,0.2945875751139796
2025-02-27,0.3805879169346245,0.324851160911087,0.2945609221542886
2025-02-28,0.3790983100920424,0.32743697950423084,0.29346471040372674
2025-03-01,0.37761452195518797,0.32985858359079284,0.2925268944540193
2025-03-02,0.3771501660975272,0.33061475860985207,0.29223507529262066
2025-03-03,0.3765688946909147,0.33166030266427726,0.29177080264480804
2025-03-04,0.3758266818898969,0.33311449776885266,0.29105882034125047
2025-03-05,0.3666792826874336,0.3489654042836507,0.2843553130289157
2025-03-06,0.36350101647339395,0.353524348247466,0.28297463527914013
2025-03-07,0.36241498635555663,0.3558931672946804,0.281691846349763
2025-03-08,0.36207602271649286,0.35646526893844355,0.28145870834506365
2025-03-09,0.3619997818833485,0.35660411517968005,0.2813961029369714
2025-03-10,0.3601111948983659,0.3601419306920965,0.2797468744095376
2025-03-11,0.35738230670739357,0.36607970332027673,0.27653798997232976
2025-03-12,0.3531577599028304,0.3743167118333732,0.27252552826379656
2025-03-13,0.35207516574879294,0.37662029665198876,0.2713045375992182
2025-03-14,0.35200652712629027,0.3768307919159307,0.2711626809577789
2025-03-15,0.35227464180622053,0.3761867679023644,0.27153859029141514
2025-03-16,0.35221948928586566,0.37624754328491733,0.271532967429217
2025-03-17,0.3525962319059934,0.37555020987704024,0.2718535582169664
2025-03-18,0.35262754579977273,0.3754586007263283,0.27191385347389907
2025-03-19,0.3530677957750121,0.3747189292501892,0.27221327497479864
2025-03-20,0.3554066916790483,0.37014741832265824,0.2744458899982934
2025-03-21,0.35329987827309206,0.368416015716584,0.278284106010324
2025-03-22,0.3533370538260883,0.3684317180240446,0.27823122814986695
2025-03-23,0.35313346099762716,0.36827345851074966,0.2785930804916232
2025-03-24,0.35323129801190395,0.3683637533534792,0.27840494863461684
2025-03-25,0.35419606290178524,0.3699734538332511,0.27583048326496373
2025-03-26,0.3542190190872749,0.36996994519750165,0.27581103571522353
2025-03-27,0.3543849910305737,0.37027308059475783,0.2753419283746684
2025-03-28,0.3543697413773231,0.3702554909745048,0.2753747676481721
2025-03-29,0.35755690947042906,0.3722425053299489,0.2702005851996221
2025-03-30,0.35813880737811943,0.3714313167274471,0.27042987589443346
2025-03-31,0.35812526988612936,0.3710970085689444,0.27077772154492624
2025-04-01,0.3582854011312052,0.3710857897231656,0.27062880914562915
2025-04-02,0.35911480299371995,0.36943881867708,0.27144637832920004
2025-04-03,0.35913505295725096,0.3695129892750518,0.2713519577676973
2025-04-04,0.3615761076935831,0.364406611936729,0.274017280369688
2025-04-05,0.36149366623922297,0.3648012731669642,0.2737050605938129
2025-04-06,0.36151672592620177,0.364776949742833,0.27370632433096537
2025-04-07,0.3612036214910607,0.36543105657517566,0.2733653219337636
2025-04-08,0.366746310731132,0.35288729130416807,0.2803663979647
2025-04-09,0.3666514302791974,0.35317568371081637,0.2801728860099862
2025-04-10,0.36694265314634644,0.3525753839939093,0.2804819628597442
2025-04-11,0.36711987161771165,0.3533577699299629,0.27952235845232554
2025-04-12,0.36787023572776734,0.3521351344417247,0.27999462983050805
2025-04-13,0.36831300177140247,0.35075675210958257,0.28093024611901496
2025-04-14,0.35902046003127536,0.36583686989065495,0.27514267007806975
2025-04-15,0.3592536538108774,0.3661441188706591,0.27460222731846345
2025-04-16,0.35915307878010033,0.3663066278878393,0.2745402933320604
2025-04-17,0.3592393247201604,0.36605904940487044,0.2747016258749692
2025-04-18,0.35917780422346074,0.3661328305381201,0.274689365238419
2025-04-19,0.35914908693340186,0.3662459122114896,0.2746050008551085
2025-04-20,0.35929464942169304,0.3660622646875118,0.2746430858907951
2025-04-21,0.35944495125484077,0.3656781665284598,0.27487688221669954
2025-04-22,0.35993057787331384,0.3647933548397988,0.27527606728688725
2025-04-23,0.36087837878610657,0.3628839832822117,0.27623763793168177
2025-04-24,0.362900090922266,0.36369370470560203,0.273406204372132
2025-04-25,0.3627189601039433,0.36400482647485416,0.2732762134212025
2025-04-26,0.3631718014091212,0.3642211539103202,0.2726070446805586
2025-04-27,0.3631466145698607,0.3642330103089008,0.2726203751212386
2025-04-28,0.3629169776632982,0.36471832449100916,0.2723646978456925
2025-04-29,0.3629095614470141,0.36482591410788234,0.2722645244451037
2025-04-30,0.3635366047937481,0.3652292293905853,0.2712341658156666
2025-05-01,0.36328579710808534,0.3655132627007471,0.2712009401911674
2025-05-02,0.3635982951242096,0.3654065328977035,0.270995171978087
2025-05-03,0.36343369860563546,0.3657506627510273,0.27081563864333724
2025-05-04,0.3632755557733635,0.3660975730250479,0.2706268712015886
2025-05-05,0.362734287925973,0.367439486286508,0.26982622578751886
2025-05-06,0.36270204206117335,0.3674639926499156,0.269833965288911
2025-05-07,0.3626250052652965,0.3674742031190783,0.2699007916156253
2025-05-08,0.362770706702801,0.36739648428021243,0.2698328090169866
2025-05-09,0.36608407941175264,0.363664550462465,0.27025137012578226
2025-05-10,0.3650184625458871,0.3628920902430137,0.27208944721109923
2025-05-11,0.3651094196234385,0.3625586996520162,0.2723318807245453
2025-05-12,0.3651561527523662,0.36253890477251505,0.2723049424751188
2025-05-13,0.36518132429909217,0.3625107436416415,0.2723079320592663
2025-05-14,0.3651229417201173,0.3623318772240059,0.2725451810558769
2025-05-15,0.3654433467484074,0.36195855028319196,0.27259810296840054
2025-05-16,0.36631184735657485,0.36076519842737903,0.27292295421604607
2025-05-17,0.36636620173380313,0.3606213125068934,0.27301248575930354
2025-05-18,0.3663650647894714,0.36047191001335366,0.2731630251971749
2025-05-19,0.36705655133955856,0.3595873455030776,0.2733561031573639
2025-05-20,0.36735736183439227,0.3588540055366119,0.2737886326289958
2025-05-21,0.3675145324051635,0.3586868631461124,0.2737986044487242
2025-05-22,0.367704763967108,0.3584777725139099,0.27381746351898206
2025-05-23,0.36789573112148694,0.3582599420710379,0.27384432680747517
2025-05-24,0.3683159399439099,0.3576548945733368,0.2740291654827533
2025-05-25,0.3683401032487089,0.3576262481532543,0.27403364859803686
2025-05-26,0.3692312894960003,0.3559461290055329,0.2748225814984668
2025-05-27,0.37576752050605183,0.34643958130287317,0.2777928981910751
2025-05-28,0.3760204368884045,0.34618162919181394,0.2777979339197816
2025-05-29,0.37694499639134543,0.34479218013749946,0.278262823471155
2025-05-30,0.3779066973978898,0.3432745571472007,0.2788187454549095
2025-05-31,0.3782007610452844,0.34301138102204987,0.2787878579326658
2025-06-01,0.37908023160697424,0.3424265085544746,0.27849325983855105
2025-06-02,0.379931069758274,0.34138388770318523,0.2786850425385407
2025-06-03,0.38711756652105267,0.3309046603495689,0.2819777731293784
2025-06-04,0.39136207605864437,0.3273459246886678,0.2812919992526878
2025-06-05,0.3925949232817689,0.3258888516248975,0.28151622509333357
2025-06-06,0.39329731720863603,0.32586125273610095,0.2808414300552631
2025-06-07,0.3937732123134294,0.326164505331553,0.2800622823550175
2025-06-08,0.3952743899005856,0.32393500995483043,0.280790600144584
2025-06-09,0.39667066236530235,0.3218996131215963,0.2814297245131012
2025-06-10,0.3993025763836288,0.31836919170489913,0.28232823191147205
2025-06-11,0.40772033427447046,0.3242906518787666,0.26798901384676294
2025-06-12,0.40964258099183115,0.32601892608175775,0.264338492926411
2025-06-13,0.41594078557737024,0.32117481088599303,0.26288440353663667
2025-06-14,0.42351859958760696,0.314994563303686,0.26148683710870696
2025-06-15,0.42378280864802526,0.3149471798450876,0.2612700115068871
2025-06-16,0.42415677828525516,0.3147734265983439,0.261069795116401
2025-06-17,0.4264788464740655,0.31312866768689485,0.2603924858390397
2025-06-18,0.4372062085094158,0.3087628404544042,0.25403095103618
2025-06-19,0.4367695271903281,0.3082255410007489,0.2550049318089229
2025-06-20,0.43678885343234514,0.3081198972510988,0.25509124931655597
2025-06-21,0.4366060575607303,0.30804621873290894,0.2553477237063607
2025-06-22,0.4379193639725717,0.3068796995413704,0.25520093648605785
2025-06-23,0.4155061521720038,0.3275209263214378,0.2569729215065583
2025-06-24,0.4120184181160206,0.329464714971601,0.25851686691237835
2025-06-25,0.3998040832213738,0.3357428279215696,0.2644530888570567
2025-06-26,0.3996449080737357,0.33579653427665657,0.2645585576496078
2025-06-27,0.3970750953515494,0.33431080092727145,0.2686141037211791
2025-06-28,0.3966156704449874,0.3347097440045534,0.2686745855504592
2025-06-29,0.3965353231333614,0.33483049960166256,0.2686341772649761
2025-06-30,0.3967745454700445,0.3348086281309231,0.26841682639903247
2025-07-01,0.3970761567634068,0.33537368844422805,0.26755015479236516
2025-07-02,0.39657075096103356,0.3356227436312837,0.26780650540768264
2025-07-03,0.3942696733798892,0.33872456598994205,0.26700576063016873
2025-07-04,0.3930140613791039,0.33950193576299026,0.2674840028579059
2025-07-05,0.3930376857427468,0.3398942622449026,0.2670680520123505
2025-07-06,0.3928687490689722,0.34011332627853563,0.267017924652492
2025-07-07,0.3911840041194473,0.3536017189919428,0.25521427688860987
2025-07-08,0.39106395528674026,0.3539635950731402,0.2549724496401196
2025-07-09,0.39074360496490224,0.35513516912567283,0.2541212259094249
2025-07-10,0.39191219796377624,0.35545483580371146,0.2526329662325123
2025-07-11,0.3937322507682971,0.3574212010278815,0.24884654820382138
2025-07-12,0.39808477918397694,0.3606260638046001,0.24128915701142284
2025-07-13,0.39783550300884435,0.3627022855691895,0.23946221142196614
2025-07-14,0.40038590950851516,0.3607417882922381,0.23887230219924668
2025-07-15,0.4006166856962903,0.360500151996187,0.23888316230752274
2025-07-16,0.40070196092243415,0.36070744287521084,0.238590596202355
2025-07-17,0.4125330450338225,0.3481246265097104,0.23934232845646713
2025-07-18,0.41912431418784657,0.34132717598081236,0.2395485098313411
2025-07-19,0.4233986568077041,0.3372749275777521,0.23932641561454382
2025-07-20,0.42337632067334174,0.33768336291502005,0.23894031641163824
2025-07-21,0.4225418258345189,0.3355178956508823,0.2419402785145988
2025-07-22,0.4247405333089964,0.3359916332628714,0.23926783342813215
2025-07-23,0.42220122731804527,0.33529056273748387,0.24250820994447084
2025-07-24,0.4222782252535882,0.3346505735554361,0.24307120119097564
2025-07-25,0.4214553658315251,0.33410301289797695,0.24444162127049796
2025-07-26,0.42103066106343645,0.3335012077716968,0.24546813116486685
2025-07-27,0.420500406040205,0.33283023964911984,0.2466693543106752
2025-07-28,0.42029266564808243,0.3322160604264759,0.2474912739254418
2025-07-29,0.4195881924055748,0.33198939311730385,0.24842241447712135
2025-07-30,0.41955441031226226,0.3319136399768564,0.24853194971088147
2025-07-31,0.41938688543031827,0.3320662311735699,0.24854688339611186
2025-08-01,0.41940263416525364,0.33205358986700595,0.2485437759677404
2025-08-02,0.41749124718960867,0.33088297898971103,0.25162577382068024
2025-08-03,0.41477946286416456,0.3308539775861305,0.2543665595497049
2025-08-04,0.4148190138770665,0.3308720638158398,0.2543089223070937
2025-08-05,0.41629629339507535,0.3321131193563394,0.25159058724858524
2025-08-06,0.4166104865713023,0.3323782760043104,0.2510112374243873
2025-08-07,0.41507155966562825,0.3353383375838456,0.24959010275052607
2025-08-08,0.4191332142878361,0.335177860275182,0.245688925436982
2025-08-09,0.41981187605748943,0.33543729899948027,0.24475082494303033
2025-08-10,0.4174006790175478,0.33343019351037395,0.24916912747207817
2025-08-11,0.41740486611524313,0.33343171553715917,0.24916341834759761
2025-08-12,0.41709038218837435,0.3330578208956441,0.2498517969159816
2025-08-13,0.41636886267366413,0.33257275101701916,0.2510583863093167
2025-08-14,0.41507588675781854,0.3318413584846848,0.25308275475749664
2025-08-15,0.4151102865542488,0.3318170295534088,0.25307268389234244
2025-08-16,0.41446000660476023,0.331322432993377,0.2542175604018628
2025-08-17,0.4146402790852157,0.3313414629225912,0.254018257992193
2025-08-18,0.41399521023665425,0.33079503386626785,0.25520975589707795
2025-08-19,0.41332042536310526,0.3299705699222659,0.25670900471462876
2025-08-20,0.4128142864278121,0.32981716717293935,0.2573685463992486
2025-08-21,0.41275725068443603,0.32975250151298546,0.2574902478025787
2025-08-22,0.4127429435540515,0.32977821922546396,0.2574788372204845
2025-08-23,0.40993676509537147,0.32733230789596757,0.26273092700866096
2025-08-24,0.40929017374740834,0.32728362538303074,0.26342620086956087
2025-08-25,0.40925361820765505,0.32726994814811244,0.2634764336442324
2025-08-26,0.4091976909234075,0.3269251536981111,0.26387715537848144
2025-08-27,0.4090259609814405,0.32678640445324525,0.26418763456531424
2025-08-28,0.4086378314597533,0.3266075878830364,0.26475458065721036
2025-08-29,0.40834504579800734,0.3263251520496324,0.26532980215236024
2025-08-30,0.4077777522807816,0.32590519786510896,0.2663170498541093
2025-08-31,0.4076224688804907,0.3258511883365551,0.2665263427829543
2025-09-01,0.4074013923064525,0.3257390323661697,0.2668595753273779
2025-09-02,0.40727456814008367,0.3254373576674306,0.26728807419248574
2025-09-03,0.40729042413427113,0.3253719299202047,0.26733764594552417
2025-09-04,0.40628295056151326,0.32477306171202563,0.26894398772646116
2025-09-05,0.4057717796218391,0.32423885878145614,0.26998936159670484
2025-09-06,0.40580119378752905,0.3242472545578144,0.2699515516546566
2025-09-07,0.4058020052540677,0.3242425501500492,0.2699554445958831
2025-09-08,0.40576612659626393,0.32422639091343874,0.27000748249029727
2025-09-09,0.4013893457772048,0.32097860425868274,0.2776320499641125
2025-09-10,0.40037924463232927,0.3197700161347277,0.27985073923294296
2025-09-11,0.39572822304083183,0.32254097436095736,0.2817308025982109
2025-09-12,0.3892676544217204,0.3269761257223474,0.2837562198559323
2025-09-13,0.3887183188794156,0.3269584220469581,0.28432325907362627
2025-09-14,0.38851447403842887,0.3268617328550217,0.2846237931065495
2025-09-15,0.38728137252284384,0.32790931735182405,0.2848093101253321
2025-09-16,0.3831394491071744,0.33070912629772037,0.2861514245951052
2025-09-17,0.3832289220574218,0.3306776812988665,0.28609339664371164
2025-09-18,0.38306456780138254,0.33074002613881626,0.28619540605980126
2025-09-19,0.38296663785112584,0.3304996416232682,0.28653372052560583
2025-09-20,0.3817634898948656,0.33111382048888055,0.28712268961625387
2025-09-21,0.39039600753970577,0.3154306795658396,0.2941733128944547
2025-09-22,0.39285035126982154,0.3143812501135472,0.2927683986166312
2025-09-23,0.4068977726214012,0.30670994322787937,0.2863922841507194
2025-09-24,0.4070801601127396,0.30652172854304677,0.28639811134421356
2025-09-25,0.4072753217739425,0.30649387792194355,0.286230800304114
2025-09-26,0.4073016270424445,0.306716088172651,0.2859822847849044
2025-09-27,0.40731223558423024,0.30679089336702303,0.2858968710487468
2025-09-28,0.4072681302485735,0.306684291654642,0.2860475780967844
2025-09-29,0.40761436017600705,0.30657266068340616,0.2858129791405867
2025-09-30,0.4079641770374589,0.3060251485046926,0.2860106744578485
2025-10-01,0.409232420595829,0.3055849515692145,0.28518262783495646
2025-10-02,0.4101089204819819,0.3048708092651776,0.2850202702528406
2025-10-03,0.40937214104440267,0.30461771720045755,0.28601014175513984
2025-10-04,0.4092081728394591,0.3046726514120633,0.28611917574847767
2025-10-05,0.40980873452499295,0.30493881332762424,0.28525245214738293
2025-10-06,0.409774774204751,0.3050738952334177,0.2851513305618313
2025-10-07,0.41030862864969925,0.3057115797998257,0.283979791550475
2025-10-08,0.4077444776668365,0.3084148988608549,0.2838406234723086
2025-10-09,0.407163108245536,0.3083744467579127,0.2844624449965513
2025-10-10,0.4046762222838909,0.3087834186138411,0.28654035910226805
2025-10-11,0.4012367397413109,0.3135790748192847,0.2851841854394044
2025-10-12,0.3954593086834126,0.32124901002731376,0.2832916812892735
2025-10-13,0.38928803257655353,0.32430445188825024,0.2864075155351962
2025-10-14,0.3880662432950911,0.32487524557308217,0.28705851113182673
2025-10-15,0.38345310150106576,0.32820881651890843,0.28833808198002575
2025-10-16,0.37990306124936957,0.33069484127594145,0.28940209747468904
2025-10-17,0.3776429767933725,0.33229653721848124,0.2900604859881462
2025-10-18,0.3768496046850945,0.3327178207693028,0.2904325745456028
2025-10-19,0.3761487509927035,0.333974988212444,0.2898762607948524
2025-10-20,0.37499455402417303,0.3345727733573434,0.2904326726184835
2025-10-21,0.37458699103389614,0.3349416220328641,0.29047138693323976
2025-10-22,0.3734143090588035,0.33571808198322006,0.2908676089579765
2025-10-23,0.36953255859660633,0.3378826330159842,0.2925848083874095
2025-10-24,0.36858689601365996,0.33871807619555705,0.29269502779078305
2025-10-25,0.36865705001456994,0.3390175444790377,0.2923254055063924
2025-10-26,0.36844023573583373,0.33934986009121465,0.2922099041729516
2025-10-27,0.3663360552092863,0.3404267868740308,0.293237157916683
2025-10-28,0.36514113981942237,0.34111367749207583,0.2937451826885019
2025-10-29,0.36492894504040396,0.341267387930894,0.29380366702870203
2025-10-30,0.3636153814712969,0.34196509868558966,0.29441951984311354
2025-10-31,0.3598495408476271,0.34497053147949597,0.2951799276728769
2025-11-01,0.35810009974937307,0.34678434920772966,0.2951155510428974
2025-11-02,0.3579014128354624,0.34686935047922296,0.2952292366853147
2025-11-03,0.35578669668864343,0.34541401845980685,0.2987992848515497
2025-11-04,0.34985575980033,0.3478924411882641,0.30225179901140586
2025-11-05,0.34922494114482117,0.3475178973442458,0.30325716151093307
2025-11-06,0.3473538116902114,0.3461656151105293,0.3064805731992594
2025-11-07,0.3464978211551878,0.3455488541041954,0.30795332474061676
2025-11-08,0.34423211590372976,0.3479979486137824,0.3077699354824878
2025-11-09,0.3443268967536141,0.3479236638314501,0.3077494394149357
2025-11-10,0.3440493631317506,0.3482864101014303,0.3076642267668191
2025-11-11,0.34341560096361,0.3490766168215277,0.30750778221486225
2025-11-12,0.34233916515505025,0.35066482538084087,0.30699600946410904
2025-11-13,0.3425233703598347,0.3509760930432009,0.30650053659696436
2025-11-14,0.3412866368354529,0.3525809283627567,0.3061324348017903
2025-11-15,0.3446086705199664,0.3555494454285119,0.2998418840515216
2025-11-16,0.34370732470872567,0.3569368055567276,0.2993558697345468
2025-11-17,0.34211348409442643,0.36001780897344027,0.2978687069321333
2025-11-18,0.34107954871502,0.36135817206456167,0.2975622792204184
2025-11-19,0.3409492199236541,0.36165674844933093,0.29739403162701483
2025-11-20,0.33912543871236894,0.3654285334942698,0.29544602779336127
2025-11-21,0.33129495414955556,0.37726219150999957,0.29144285434044503
2025-11-22,0.3248212939600104,0.3932955749421528,0.28188313109783686
2025-11-23,0.32499656298860213,0.39324938067585546,0.2817540563355423
2025-11-24,0.3249231425773371,0.39328086863506484,0.2817959887875981
2025-11-25,0.32451827705231834,0.39379061894463574,0.281691104003046
2025-11-26,0.32400368807792024,0.39518825471137775,0.280808057210702
2025-11-27,0.3230130339890945,0.3965977963036842,0.2803891697072213
2025-11-28,0.322392656405808,0.3976169166218286,0.27999042697236354
2025-11-29,0.3228488013621082,0.3972738670402804,0.2798773315976115
2025-11-30,0.3217692888505613,0.39927928810664126,0.27895142304279746
2025-12-01,0.32086180327733305,0.4005101551777508,0.2786280415449161
2025-12-02,0.31463648238235825,0.414692589589985,0.2706709280276567
2025-12-03,0.31941305429077654,0.40530238935955165,0.2752845563496717
2025-12-04,0.318265013977764,0.406859495448532,0.2748754905737039
2025-12-05,0.31962269177020486,0.40501213964911104,0.27536516858068416
2025-12-06,0.3202937744107893,0.4050361173353455,0.2746701082538653
2025-12-07,0.3205538528908498,0.40519410320866844,0.27425204390048186
2025-12-08,0.32024959839261646,0.4059289820397245,0.27382141956765904
2025-12-09,0.31992979243212083,0.40679034921407103,0.27327985835380825
2025-12-10,0.31957409776137646,0.4097873075968625,0.270638594641761
2025-12-11,0.3196469265245052,0.41021846240543297,0.2701346110700618
2025-12-12,0.3195943223678096,0.41288108352852637,0.26752459410366397
2025-12-13,0.31933874232112736,0.4149229014535379,0.2657383562253347
2025-12-14,0.31906475081822383,0.41529552789578134,0.26563972128599495
2025-12-15,0.3187420562369105,0.4157160678500444,0.2655418759130451
2025-12-16,0.3191310960548756,0.4156347825249405,0.265234121420184
2025-12-17,0.3192864667768796,0.4157351634137775,0.2649783698093429
2025-12-18,0.31897050756546186,0.41696897923002646,0.2640605132045117
2025-12-19,0.31813967712544566,0.4182237356052706,0.2636365872692837
2025-12-20,0.31807348859297385,0.4184371676360378,0.26348934377098837
2025-12-21,0.31807376254189645,0.41843738068520064,0.2634888567729029
2025-12-22,0.2992725253898051,0.44614433614668275,0.2545831384635122
2025-12-23,0.30064515770242084,0.4442295670728842,0.2551252752246949
2025-12-24,0.3038037992254453,0.4381009178747716,0.25809528289978306
2025-12-25,0.3032002324171931,0.43928754811535964,0.2575122194674472
2025-12-26,0.3033429700575286,0.4392894848874957,0.2573675450549757
2025-12-27,0.30356246058997827,0.43862982522955773,0.2578077141804639
2025-12-28,0.303563822821723,0.438645993713964,0.25779018346431315
2025-12-29,0.3032192733234854,0.4391652488606669,0.2576154778158477
2025-12-30,0.3032085864715979,0.4391773999462598,0.25761401358214225
2025-12-31,0.3029548167211059,0.43960841736152767,0.25743676591736625
2026-01-01,0.30255252151793727,0.44020258715965693,0.2572448913224058
2026-01-02,0.3021686924693505,0.4408070755420506,0.2570242319885988
2026-01-03,0.3063919640902767,0.4340830712317106,0.25952496467801267
2026-01-04,0.30578248237813127,0.4342645842555582,0.25995293336631053
2026-01-05,0.30427663118804593,0.43442733579391757,0.26129603301803656
2026-01-06,0.3053437997865396,0.4319629632308461,0.2626932369826142
2026-01-07,0.30543746135736916,0.43149637424864296,0.26306616439398783
2026-01-08,0.3069189025420845,0.42835917558301734,0.2647219218748982
2026-01-09,0.30903012432591576,0.42309104258421093,0.2678788330898734
2026-01-10,0.31190289576533226,0.415752047096705,0.27234505713796275
2026-01-11,0.3178998293570823,0.412412547320677,0.2696876233222407
2026-01-12,0.3192381446641531,0.41167609338137195,0.269085761954475
2026-01-13,0.319230076375532,0.4118077035391854,0.2689622200852826
2026-01-14,0.3197606327134165,0.41177892692407686,0.26846044036250666
2026-01-15,0.30912811663486683,0.41732623829027815,0.27354564507485496
2026-01-16,0.30970695289072775,0.41737024282290064,0.2729228042863716
2026-01-17,0.31038620279510354,0.41690583306065543,0.2727079641442409
2026-01-18,0.31182937482254103,0.4154772470733454,0.27269337810411354
2026-01-19,0.31194691139262704,0.41534327929276854,0.27270980931460437
2026-01-20,0.3082295784556636,0.417195591388954,0.2745748301553823
2026-01-21,0.31273907639453685,0.4147446830269998,0.2725162405784633
2026-01-22,0.3127099825708653,0.41453819003463177,0.272751827394503
2026-01-23,0.3119845131396831,0.4145387840846599,0.2734767027756571
2026-01-24,0.3122197915395755,0.41440320933167507,0.2733769991287495
2026-01-25,0.3141214076712098,0.4132418981273787,0.27263669420141157
2026-01-26,0.31504596755792663,0.41267948420672423,0.27227454823534913
2026-01-27,0.31535373426319635,0.41249084829673155,0.2721554174400721
2026-01-28,0.31676421467141036,0.41226435884556484,0.2709714264830248
2026-01-29,0.31855922767081285,0.41290580998859533,0.2685349623405918
2026-01-30,0.3138379183398419,0.4230863127156376,0.26307576894452045
2026-01-31,0.31232961610666504,0.4252020922719944,0.2624682916213405
2026-02-01,0.3246425725485268,0.40285495422400625,0.272502473227467
2026-02-02,0.33651104645086133,0.38585741300174714,0.2776315405473916
2026-02-03,0.33666156737593994,0.3854175580724134,0.27792087455164666
2026-02-04,0.3372690683450522,0.3843065782118979,0.27842435344304983
2026-02-05,0.34049487690336516,0.37872339679411177,0.28078172630252307
2026-02-06,0.34457971804940307,0.37102545458952363,0.28439482736107324
2026-02-07,0.34459702349324295,0.3709704907977749,0.2844324857089821
2026-02-08,0.34502539804808807,0.37030287862185296,0.284671723330059
2026-02-09,0.3451911529902777,0.3700211514249142,0.284787695584808
2026-02-10,0.3453810720722642,0.3696251814530788,0.284993746474657
2026-02-11,0.3454418178454078,0.36931580558480276,0.2852423765697894
2026-02-12,0.34631103264843904,0.36776394952685526,0.28592501782470564
2026-02-13,0.34446046424615834,0.36658189907651306,0.28895763667732854
2026-02-14,0.3450129022618379,0.3657668163468024,0.2892202813913597
2026-02-15,0.3448048191049879,0.36539636707074685,0.28979881382426537
2026-02-16,0.34545458729569667,0.3643610610074083,0.290184351696895
2026-02-17,0.34577355100835544,0.3638578661620826,0.2903685828295619
2026-02-18,0.34650714279749045,0.3620975829801457,0.29139527422236383
2026-02-19,0.34649091834575496,0.3621175679943136,0.29139151365993143
2026-02-20,0.35020475758384634,0.3532744290066345,0.29652081340951914
2026-02-21,0.3502860293111248,0.35321472338215476,0.2964992473067204
2026-02-22,0.3498574833687941,0.35383639554593804,0.296306121085268
2026-02-23,0.35000871096118286,0.35361985881666125,0.29637143022215584
2026-02-24,0.35027758340725174,0.35323611968410484,0.2964862969086433
2026-02-25,0.3504913008997531,0.3529203427313594,0.2965883563688875
2026-02-26,0.3521099875607123,0.3505588579618681,0.2973311544774195
2026-02-27,0.35218589985426607,0.3506146371904191,0.2971994629553149
2026-02-28,0.352634330513047,0.3507508882258308,0.2966147812611223
2026-03-01,0.3527484494839953,0.35078308968479077,0.29646846083121386
2026-03-02,0.35821810859351283,0.34123867890709797,0.30054321249938937
2026-03-03,0.3592812726614782,0.34305911618822077,0.2976596111503011
2026-03-04,0.35974906935819767,0.3435947885375147,0.29665614210428776
2026-03-05,0.36356694594529165,0.34681728535253986,0.2896157687021685
2026-03-06,0.3624801529628135,0.3472699074684956,0.2902499395686909
2026-03-07,0.3630396714571609,0.34797880757181876,0.2889815209710203
2026-03-08,0.3630802475826219,0.34796642910244596,0.28895332331493223
2026-03-09,0.3626501044739034,0.34791655397115967,0.28943334155493694
2026-03-10,0.3624416834376048,0.3477856007930867,0.2897727157693086
2026-03-11,0.3625461462443983,0.3478446860514516,0.28960916770415013
2026-03-12,0.3617733794168483,0.34737733246914654,0.2908492881140052
2026-03-13,0.3616560623063358,0.3470293847395466,0.29131455295411757
2026-03-14,0.36155254917312807,0.3474830230456217,0.29096442778125037
2026-03-15,0.3609546548036902,0.3481284887373828,0.29091685645892695
2026-03-16,0.36096942399196774,0.34794943184640015,0.29108114416163205
2026-03-17,0.35907172274435784,0.35318740539771376,0.2877408718579284
2026-03-18,0.3587449126241305,0.3534398287325758,0.28781525864329366
2026-03-19,0.3557758789717605,0.35504616426325336,0.28917795676498614
2026-03-20,0.3547316591136244,0.3555391644544749,0.2897291764319007
2026-03-21,0.3547864324389912,0.35552984374095203,0.2896837238200568
2026-03-22,0.3548097955950773,0.3555301132475711,0.2896600911573516
2026-03-23,0.3534618044973894,0.3564808541066616,0.2900573413959491
2026-03-24,0.3524762135500267,0.3577171514897464,0.289806634960227
2026-03-25,0.3524603778992727,0.35773059968490944,0.2898090224158179
2026-03-26,0.35244227887762525,0.35783049389013877,0.289727227232236
2026-03-27,0.35251124674132117,0.3577101204847227,0.2897786327739562
2026-03-28,0.3526907764451508,0.3575039590178277,0.28980526453702143
2026-03-29,0.3524875347463956,0.3578668547207511,0.2896456105328533
2026-03-30,0.3525861332841797,0.3579504227549976,0.2894634439608227
2026-03-31,0.3532396170524904,0.35874518150706486,0.2880152014404447
2026-04-01,0.3532756840784081,0.3587566794511251,0.28796763647046686
2026-04-02,0.35389121124902284,0.3593306349425682,0.286778153808409
2026-04-03,0.35296858634961137,0.36160293768357704,0.28542847596681165
2026-04-04,0.35290004143151155,0.3615968305789846,0.285503127989504
2026-04-05,0.35262429907569837,0.36152669757245687,0.2858490033518449
2026-04-06,0.3523977643329544,0.361714859277232,0.28588737638981365
2026-04-07,0.35384339170719326,0.3633674053897198,0.2827892029030869
2026-04-08,0.35488901935914813,0.3639550374826275,0.28115594315822434
2026-04-09,0.3569509228345599,0.3655756995613376,0.27747337760410234
2026-04-10,0.3569360516644567,0.3655915423440765,0.2774724059914668
2026-04-11,0.3570045503100297,0.3655576495484131,0.27743780014155733
2026-04-12,0.356925531676319,0.36563606635792983,0.2774384019657511
2026-04-13,0.35579933264287034,0.3661809633791187,0.27801970397801096
2026-04-14,0.35556729719977764,0.36641839335119025,0.27801430944903216
2026-04-15,0.35912743001194103,0.3649175410622499,0.2759550289258092
2026-04-16,0.35891427917672714,0.36502657807501077,0.2760591427482621
2026-04-17,0.3590386214893146,0.36514239583025454,0.27581898268043087
2026-04-18,0.3572431391122659,0.3661397025247662,0.27661715836296785
2026-04-19,0.3557867219809052,0.36683533289941145,0.2773779451196834
2026-04-20,0.3600699227018561,0.3647292224195449,0.27520085487859897
2026-04-21,0.35994155369241615,0.3655432125528855,0.2745152337546984
2026-04-22,0.3600136588733648,0.36549100567154147,0.2744953354550938
2026-04-23,0.35904268587491306,0.3659947875915656,0.2749625265335213
2026-04-24,0.35766994749389247,0.3666469309024921,0.27568312160361536
2026-04-25,0.3576421838366307,0.3666508799041272,0.27570693625924214
2026-04-26,0.3575249545784648,0.36655926454113985,0.2759157808803954
2026-04-27,0.35734122209128966,0.36655608037227033,0.27610269753643996
2026-04-28,0.3562197947313287,0.3667838196822368,0.2769963855864347
2026-04-29,0.3574076098014966,0.36520024526832096,0.2773921449301825
2026-04-30,0.36274339428312485,0.35605436867692297,0.2812022370399521
2026-05-01,0.3643323250821257,0.35370718766883724,0.28196048724903705
2026-05-02,0.360570262573497,0.3607851418740577,0.27864459555244525
2026-05-03,0.3591412221488472,0.3690819260799709,0.2717768517711819
2026-05-04,0.35909704079264765,0.3700733592411243,0.27082959996622813
2026-05-05,0.3582346067068277,0.3713026372489587,0.27046275604421355
2026-05-06,0.35375923478590804,0.3789332005539665,0.26730756466012545
2026-05-07,0.34481342425547645,0.3968118576812677,0.25837471806325585
2026-05-08,0.3425167068193221,0.3983632598145282,0.25912003336614964
2026-05-09,0.34112694584172015,0.40168110528327666,0.2571919488750033
2026-05-10,0.3402512935953899,0.4035602652245899,0.25618844118002015
2026-05-11,0.3388020109754181,0.4051480671570805,0.2560499218675014
2026-05-12,0.3381423533226769,0.40608727020825564,0.25577037646906753
2026-05-13,0.3344078311990289,0.4120979469146237,0.25349422188634735
2026-05-14,0.3338603108652806,0.4124117385223646,0.2537279506123547
2026-05-15,0.3279706018337095,0.41995288837516476,0.2520765097911259
2026-05-16,0.32328967945134063,0.42300241948017625,0.25370790106848295
2026-05-17,0.3185615016850901,0.42872280731924195,0.2527156909956679
2026-05-18,0.31662648275287403,0.4316480403093204,0.25172547693780556
2026-05-19,0.3254644235917732,0.408720052827065,0.26581552358116184
2026-05-20,0.3254261232750835,0.40890878818658527,0.2656650885383312
2026-05-21,0.3242985511968481,0.40979654496625517,0.2659049038368966
2026-05-22,0.3239766589438876,0.41081423004087586,0.26520911101523653
2026-05-23,0.32428800063199026,0.41076671596269637,0.2649452834053133
2026-05-24,0.3309909335412487,0.4011040763912362,0.2679049900675151
2026-05-25,0.33097380204403887,0.3998741496531957,0.2691520483027655
2026-05-26,0.33058884691636853,0.39934831665841436,0.2700628364252171
2026-05-27,0.32337966667415474,0.41456913351596075,0.26205119980988445
2026-05-28,0.3236563938190488,0.4143059647307127,0.2620376414502385
2026-05-29,0.3356953818888261,0.3932060856514933,0.2710985324596806
2026-05-30,0.3363774099836965,0.38944038484293764,0.27418220517336594
2026-05-31,0.33489770778132516,0.38864541816845316,0.2764568740502217
2026-06-01,0.33483378998957164,0.3880557058228661,0.27711050418756245
2026-06-02,0.3362997119927103,0.3841235129394242,0.2795767750678655
2026-06-03,0.33305072580958966,0.37600620098016135,0.290943073210249
2026-06-04,0.33994191526301387,0.3669170021942529,0.29314108254273324
2026-06-05,0.3412669131226201,0.36203492808960713,0.2966981587877729
2026-06-06,0.36087606879162365,0.33774804112605894,0.30137589008231735
2026-06-07,0.3609857423333516,0.3375374774236554,0.301476780242993
2026-06-08,0.36043445151452386,0.3358726982824585,0.30369285020301756
2026-06-09,0.35981710769158104,0.3351135783403103,0.30506931396810855
2026-06-10,0.3605054187997881,0.3346263981111217,0.30486818308909014
2026-06-11,0.3603483153421025,0.33450286966676773,0.3051488149911298
2026-06-12,0.3601625752868957,0.3341610930725284,0.3056763316405759
2026-06-13,0.36078913358352405,0.33340345922915005,0.3058074071873259
2026-06-14,0.3606555397004664,0.33330410943304895,0.3060403508664847
2026-06-15,0.36157563862068626,0.32826736540130524,0.3101569959780084
2026-06-16,0.3647737606633239,0.32498320789752194,0.3102430314391542
2026-06-17,0.3675811731938323,0.3243420533681862,0.30807677343798145
2026-06-18,0.36846039906395184,0.323994356722888,0.3075452442131601
2026-06-19,0.36922284137508743,0.325012009047541,0.30576514957737155
2026-06-20,0.36941759976335004,0.3250307819540809,0.3055516182825691
2026-06-21,0.3706560289619393,0.3247284055481811,0.30461556548987956
2026-06-22,0.3707283294075601,0.3246349161881123,0.3046367544043277
2026-06-23,0.3708316291355313,0.3246225834344687,0.30454578743
2026-06-24,0.37146855385485505,0.3254287660916286,0.3031026800535163
2026-06-25,0.37134945220776766,0.3256480634988017,0.30300248429343063
2026-06-26,0.37130263318038786,0.32583033570557696,0.3028670311140351
2026-06-27,0.3714609681520048,0.3255102050833277,0.30302882676466747
2026-06-28,0.3713985870333493,0.32536212333143716,0.3032392896352135
2026-06-29,0.3706976197740444,0.3248087930468389,0.30449358717911673
2026-06-30,0.37068644611095897,0.3247940627932085,0.30451949109583265
2026-07-01,0.36997347447094275,0.32425524731603694,0.30577127821302025
2026-07-02,0.3696651293189403,0.3236506121954014,0.30668425848565817
2026-07-03,0.36980062783214335,0.3233280005072695,0.3068713716605871
2026-07-04,0.3695841885813232,0.3236480326751584,0.3067677787435184
2026-07-05,0.3691422943151275,0.3244675389982139,0.3063901666866586
2026-07-06,0.36734715221169006,0.3231555723814305,0.3094972754068795
2026-07-07,0.36669021542597835,0.3225002646247476,0.31080951994927414
2026-07-08,0.3644258262841231,0.32062282777043016,0.3149513459454466
2026-07-09,0.36510471909542486,0.32153336228166196,0.31336191862291324
2026-07-10,0.36523415220112176,0.321561020877397,0.31320482692148116
2026-07-11,0.3660457904055035,0.32188445864962106,0.3120697509448755
2026-07-12,0.36703713982671937,0.3214854021025098,0.3114774580707708
2026-07-13,0.36707373369655233,0.32142117526937974,0.3115050910340679
2026-07-14,0.37064336413156945,0.3193708455676769,0.30998579030075357
2026-07-15,0.3712704807925317,0.3190587873734361,0.3096707318340321
2026-07-16,0.3713334204960571,0.3191187911041248,0.3095477883998182
2026-07-17,0.3729265947267149,0.31802246989765054,0.30905093537563455
2026-07-18,0.3740965592298596,0.31731079455169614,0.30859264621844423
2026-07-19,0.37440100164831036,0.3171949999572485,0.3084039983944411
2026-07-20,0.3745470208537275,0.31719799538111026,0.30825498376516236
2026-07-21,0.3746171411686607,0.3172494131962379,0.30813344563510137
2026-07-22,0.3762395109341099,0.31649528266211174,0.30726520640377836
2026-07-23,0.37748883256635035,0.3159122425256273,0.3065989249080223
2026-07-24,0.37745451009134307,0.31579999461630026,0.3067454952923566
2026-07-25,0.37750189676668444,0.3156788776711628,0.30681922556215274
2026-07-26,0.37775350452543127,0.31556540826702417,0.3066810872075446
2026-07-27,0.37917125448885064,0.31486821677312943,0.30596052873801977
2026-07-28,0.3791617845935057,0.3148748899300066,0.30596332547648775
2026-07-29,0.3791913675445158,0.31485910134604805,0.3059495311094361
2026-07-30,0.37922596633822203,0.3148341702534524,0.30593986340832563
2026-07-31,0.3795653351250227,0.3146619685820421,0.3057726962929352
2026-08-01,0.3795801977722074,0.31463265400094076,0.30578714822685193
2026-08-02,0.3796275730960472,0.31460753469749697,0.3057648922064559
2026-08-03,0.379707700279238,0.31456114113776845,0.30573115858299366
2026-08-04,0.37989568745401764,0.3144635135480324,0.30564079899794977
2026-08-05,0.38008008966485096,0.31437595393094364,0.30554395640420545
2026-08-06,0.3813932759465032,0.3137268579836399,0.3048798660698569
2026-08-07,0.38140021592747286,0.31372795138413456,0.3048718326883925
2026-08-08,0.3815106864075234,0.3136701611522199,0.3048191524402567
2026-08-09,0.3817888312163954,0.31352634755725783,0.30468482122634677
2026-08-10,0.38177459890074034,0.3135374796919608,0.304687921407299
2026-08-11,0.38179652937714426,0.3135259950936398,0.304677475529216
2026-08-12,0.3819593088093494,0.31337422534860077,0.30466646584204976
2026-08-13,0.38400252934730444,0.3125159208336105,0.30348154981908504
2026-08-14,0.38600599899601,0.31127661480486635,0.30271738619912353
2026-08-15,0.3870067480276482,0.3107727512047441,0.3022205007676077
