timestamp,equity,drawdown,max_gross_exposure,end_net_exposure,trading_cost,net_return
2022-01-01,1.0003976306682816,-0.0007033169475895162,0.02582348885066834,-0.02582348885066834,1.2911744425334172e-05,0.0003976306682815789
2022-01-02,1.0000356756196644,-0.001064873661049126,0.02587433548080505,-0.02587433548080505,2.5423315068355198e-08,-0.0003618111813989966
2022-01-03,0.9999730397055077,-0.0011274406437548068,0.026133533151302315,-0.026133533151302315,1.2959883524863229e-07,-6.263367966252709e-05
2022-01-04,0.9995107993196712,-0.0015891723294152449,0.026133533151302315,-0.026055506181340025,3.901348498114472e-08,-0.0004622528483102517
2022-01-05,0.9997228120368123,-0.0013773929343935398,0.029133718152749177,-0.029133718152749177,1.539105985704576e-06,0.00021211648466934463
2022-01-06,1.0030972806194731,-0.0007814739147289362,0.029133718152749177,-0.029047752324704818,4.298291402217956e-08,0.003375404204072785
2022-01-07,1.005397275769737,-0.0005513201157076875,0.02911378629452229,-0.02911378629452229,3.3016984908736464e-08,0.0022928934159258674
2022-01-08,1.0051052499237443,-0.0008416181434659498,0.02911378629452229,-0.02648429691035812,1.3147446920820858e-06,-0.0002904581631866243
2022-01-09,1.005596175180987,-0.0008233470813714394,0.02648429691035812,-0.025218752334860255,6.327722877489325e-07,0.0004884316913866815
2022-01-10,1.0063438765828678,-0.0006398427729245038,0.025453688536662876,-0.025453688536662876,1.1746810090131066e-07,0.0007435404194400252
2022-01-11,1.0052409212697584,-0.0017351439127955004,0.025739018630501057,-0.025739018630501057,1.426650469190903e-07,-0.0010960024090885812
2022-01-12,1.003413590757887,-0.003549793308636806,0.025739018630501057,-0.02572261817554953,8.200227475763794e-09,-0.0018178035466007714
2022-01-13,1.0038477171790592,-0.003118679592327145,0.02572261817554953,-0.02508208027978897,3.2026894788027977e-07,0.00043264953272625917
2022-01-14,1.0040047337971303,-0.0029627526216622346,0.02508208027978897,-0.024295472757560242,3.9330376111436363e-07,0.00015641477824535066
2022-01-15,1.0033846162812488,-0.0035785667112504527,0.024295472757560242,-0.024257400229041645,1.9036264259298524e-08,-0.000617644016015273
2022-01-16,1.0034460853391083,-0.003517524229891489,0.02445447962364386,-0.02445447962364386,9.85396973011074e-08,6.126171048137508e-05
2022-01-17,1.0044045140573754,-0.002565746714405681,0.027705973487211502,-0.027705973487211502,1.625746931783821e-06,0.0009551372338447717
2022-01-18,1.005485389906198,-0.0014923718140782416,0.02884500565854571,-0.02884500565854571,5.695160856671044e-07,0.0010761359927173864
2022-01-19,1.00540703995329,-0.0015701780422263667,0.028979467954119487,-0.028979467954119487,6.723114778688783e-08,-7.792251751526091e-05
2022-01-20,1.0041513448040216,-0.0028171590504113553,0.028979467954119487,-0.02863737320259325,1.710473757631191e-07,-0.0012489420696004672
2022-01-21,1.0081914385533275,-0.0010025802021241814,0.028841452555860504,-0.028841452555860504,1.0203967663362756e-07,0.004023391264883713
2022-01-22,1.0130281029223291,-0.0009486424231093249,0.028940748621394046,-0.028940748621394046,4.9648032766771294e-08,0.004797367031744049
2022-01-23,1.0124893404383164,-0.0014799716029334498,0.028940748621394046,-0.024132385538749152,2.404181541322447e-06,-0.0005318336998343387
2022-01-24,1.0137896216118973,-0.0010392718670553247,0.024132385538749152,-0.02014718546535832,1.9926000366954165e-06,0.001284241840041389
2022-01-25,1.0124636106479694,-0.002345887016588666,0.020340626509123595,-0.020340626509123595,9.67205218826376e-08,-0.0013079744906270285
2022-01-26,1.0109243924859386,-0.003862590742015448,0.020340626509123595,-0.020067019625291387,1.3680344191610398e-07,-0.0015202701073387948
2022-01-27,1.0118409964489552,-0.002959394119378067,0.020067019625291387,-0.019335279660366002,3.6586998246269235e-07,0.0009066988291419609
2022-01-28,1.0120874728540343,-0.0027165229715220285,0.019335279660366002,-0.018555908295901844,3.8968568223207887e-07,0.00024359203268642382
2022-01-29,1.0113081362604521,-0.0034844600606270815,0.018555908295901844,-0.01854690720876316,4.500543569341611e-09,-0.0007700288902765529
2022-01-30,1.0107586757234444,-0.004025883533928076,0.01856156570796086,-0.01856156570796086,7.329249598848897e-09,-0.0005433166384283261
2022-01-31,1.010720693431836,-0.004063310251337993,0.01856156570796086,-0.018288700821095932,1.3643244343246319e-07,-3.7578002064053706e-05
2022-02-01,1.0096963123234846,-0.005072707542520982,0.018288700821095932,-0.018233881278436535,2.7409771329698838e-08,-0.0010135155191832723
2022-02-02,1.0074380020950482,-0.0072979850380253675,0.05465948357750244,0.05465948357750244,3.644668242796949e-05,-0.002236623231041235
2022-02-03,1.0069866081344274,-0.007742776373390936,0.05465948357750244,0.053663130886462636,4.981763455199039e-07,-0.00044806127988694655
2022-02-04,1.0116226695275723,-0.00317452753138614,0.053663130886462636,0.0535158200381748,7.365542414391677e-08,0.00460389577745679
2022-02-05,1.0149220500901512,-0.00013926556027288317,0.0537401797911569,0.0537401797911569,1.1217987649105032e-07,0.003261473533526571
2022-02-06,1.0139262176889134,-0.001120319933849645,0.0537401797911569,0.051484192369568714,1.1279937107940945e-06,-0.0009811910196920737
2022-02-07,1.0162592233918273,-8.310352938989407e-05,0.05343233227894473,0.05343233227894473,9.740699546880067e-07,0.002300962005137519
2022-02-08,1.0154881706924184,-0.002552971201717824,0.05500442844514862,0.05500442844514862,7.860480831019465e-07,-0.0007587165574146626
2022-02-09,1.0173437539465757,-0.0007303542013789022,0.05500442844514862,0.05451085855613537,2.467849445066256e-07,0.0018272819986662192
2022-02-10,1.0179260089788809,-0.0011184482218490333,0.05456683129546609,0.05456683129546609,2.79863696653615e-08,0.0005723287040797498
2022-02-11,1.016096294010165,-0.0029139309103167754,0.05456683129546609,0.054548253133648875,9.289080908608805e-09,-0.001797493091420077
2022-02-12,1.012046111628833,-0.00688833811316214,0.05497769423387384,0.05497769423387384,2.1472055011248147e-07,-0.003986022196133199
2022-02-13,1.0127994798989586,-0.006149064668839577,0.05612313783631395,0.05612313783631395,5.727218012200573e-07,0.0007444011309956089
2022-02-14,1.013177715671639,-0.005777905338769873,0.05612313783631395,0.05476644887706711,6.783444796234217e-07,0.0003734557335239863
2022-02-15,1.01661415049565,-0.0024057630422625875,0.05476644887706711,0.054689919695065745,3.8264591000682084e-08,0.0033917394459566097
2022-02-16,1.0156168391850482,-0.003384415577665667,0.054897549456206333,0.054897549456206333,1.0381488057029445e-07,-0.0009810126193063873
2022-02-17,1.0142681398129245,-0.004707882027904509,0.054897549456206333,0.053760689129915586,5.684301631453739e-07,-0.0013279608215227556
2022-02-18,1.0107766144414525,-0.008134084178517909,0.053974101411621275,0.053974101411621275,1.0670614085284483e-07,-0.0034424086042148527
2022-02-19,1.0109983145682249,-0.007916531856731801,0.053974101411621275,-0.018057735016827923,3.60159182142246e-05,0.00021933642270943743
2022-02-20,1.011604832918088,-0.007321360906044627,0.018057735016827923,-0.017721655400796,1.6803980801596147e-07,0.000599920238367746
2022-02-21,1.0110980586739313,-0.007818653871288883,0.017897545844722928,-0.017897545844722928,8.794522196346397e-08,-0.0005009606791724908
2022-02-22,1.011796896140076,-0.007132891009876574,0.019699374356452765,-0.019699374356452765,9.009142558649188e-07,0.0006911668558280404
2022-02-23,1.011175812235637,-0.00774235500704179,0.024269527860687395,-0.024269527860687395,2.2850767521173152e-06,-0.0006138424685869781
2022-02-24,1.0133294672445285,-0.005628992897909191,0.024269527860687395,-0.023963445155502132,1.5304135259263177e-07,0.0021298521808248427
2022-02-25,1.010560932326118,-0.008345731080312113,0.025005846876834437,-0.025005846876834437,5.212008606661524e-07,-0.0027321172510073044
2022-02-26,1.0100680403386928,-0.008829401513050339,0.025005846876834437,-0.023810368370878295,5.977392529780707e-07,-0.00048774098786341646
2022-02-27,1.0098533117658333,-0.009040112712270232,0.023810368370878295,-0.022681801344065604,5.642835134063457e-07,-0.00021258822602310268
2022-02-28,1.0097576102679313,-0.009134023723373685,0.023143253915289652,-0.023143253915289652,2.3072628561202416e-07,-9.476772199024097e-05
2022-03-01,1.0086376021804877,-0.010233077492038167,0.023208806039409,-0.023208806039409,3.277606205967336e-08,-0.0011091850916047363
2022-03-02,1.0087616990044068,-0.010111302405289568,0.07040195935969476,0.07040195935969476,4.680538269955188e-05,0.00012303410427483286
2022-03-03,1.0057917578135815,-0.013025678734426949,0.07040195935969476,0.06968856897732037,3.5669519118719516e-07,-0.00294414547435351
2022-03-04,1.0018802731902974,-0.016863983086412127,0.06968856897732037,0.06968809337986481,2.377987277785154e-10,-0.0038889607047359886
2022-03-05,1.0011350755188588,-0.017595238796416668,0.07009044975468892,0.07009044975468892,2.011781874120544e-07,-0.000743799125882072
2022-03-06,1.0007472524833605,-0.017975806020455343,0.07009044975468892,0.06907925137658955,5.05599189049688e-07,-0.00038738332616872206
2022-03-07,1.0005463088721156,-0.018172990161984037,0.06907925137658955,0.06905788851919897,1.0681428695286099e-08,-0.00020079356774971302
2022-03-08,0.9989778161920196,-0.01971213779003078,0.0735988509766178,0.0735988509766178,2.27048122870941e-06,-0.0015676362664940324
2022-03-09,1.0047678200588583,-0.014030459557728858,0.07651384238885511,0.07651384238885511,1.4574957061186597e-06,0.005795928370972536
2022-03-10,1.0002433139326579,-0.018470316345455928,0.07651384238885511,0.07643978002556791,3.703118164360281e-08,-0.004503036458645027
2022-03-11,0.9998228421247771,-0.018882921513444728,0.07643978002556791,0.07352935324008615,1.4552133927408785e-06,-0.00042036952612012346
2022-03-12,0.9999433438559757,-0.01876467425854622,0.07352935324008615,0.07163331956154521,9.480168392704686e-07,0.00012052308281562674
2022-03-13,0.9997949074062975,-0.018910333599094664,0.07260508675496327,0.07260508675496327,4.858835967090289e-07,-0.00014844485999343515
2022-03-14,0.9996930527127056,-0.019010282685269386,0.07273811695635177,0.07273811695635177,6.651510069424771e-08,-0.00010187558752039472
2022-03-15,0.9996897142085089,-0.019013558729130353,0.07321567048564526,0.07321567048564526,2.387767646467448e-07,-3.3395292592386383e-06
2022-03-16,1.0035587038833975,-0.015216954284232531,0.0765563462384844,0.0765563462384844,1.6703378764195698e-06,0.00387019054001958
2022-03-17,1.0063823613181322,-0.01244612487696839,0.07675775539315673,0.07675775539315673,1.0070457733616506e-07,0.0028136445071007543
2022-03-18,1.0088858433912522,-0.009989480645473114,0.07675775539315673,0.0747544007533719,1.0016773198924107e-06,0.002487605277427418
2022-03-19,1.0107729165345518,-0.008137712900989635,0.07668487192936944,0.07668487192936944,9.652355879987695e-07,0.0018704525944701622
2022-03-20,1.0078866810696874,-0.01096994956113051,0.07668487192936944,0.0759185672240555,3.831523526569708e-07,-0.002855473685190013
2022-03-21,1.0105273756840432,-0.00837865990854969,0.0759185672240555,0.07589197793385263,1.3294645101434576e-08,0.0026200312633883893
2022-03-22,1.0118445549774282,-0.007086123825434609,0.07802242047663616,0.07802242047663616,1.0652212713917614e-06,0.0013034573086063705
2022-03-23,1.0126219173585078,-0.006323305177853622,0.07802242047663616,0.0775572865515339,2.3256696255112563e-07,0.0007682626518648039
2022-03-24,1.0148256456963356,-0.0041608065656066895,0.07857598583094719,0.07857598583094719,5.093496397066411e-07,0.0021762597669006123
2022-03-25,1.0150256515973664,-0.00396454259059853,0.07898488616350254,0.07898488616350254,2.0445016627767405e-07,0.00019708400342355326
2022-03-26,1.0149030032842974,-0.0040848962667996425,0.08005422779832957,0.08005422779832957,5.346708174135199e-07,-0.0001208327226805972
2022-03-27,1.0163181751558297,-0.0026962009563349376,0.08037030199699154,0.08037030199699154,1.580370993309807e-07,0.001394391254091465
2022-03-28,1.0216685202466433,-0.0010462199225317326,0.09024021641449648,0.09024021641449648,4.93495720875247e-06,0.00526443905226226
2022-03-29,1.0231658123947804,-0.0023161369419153477,0.10614325013707013,0.10614325013707013,7.951516861286825e-06,0.0014655361484292584
2022-03-30,1.0225528574671674,-0.002913826224193228,0.10614325013707013,0.10136584177365121,2.3887041817094586e-06,-0.00059907682624738
2022-03-31,1.0216445678474626,-0.0037994948866768574,0.10136584177365121,0.1012814891054804,4.217633408540311e-08,-0.0008882568886958708
2022-04-01,1.0242109758871205,-0.0012970032512337193,0.1012814891054804,0.10103119553748299,1.2514678399870583e-07,0.0025120361037713757
2022-04-02,1.0250815602158292,-0.002018785599347428,0.10377575875188899,0.10377575875188899,1.3722816072029991e-06,0.0008500048810269334
2022-04-03,1.0263196467375921,-0.0008134306905518418,0.10377575875188899,0.10308695174723682,3.444035023260836e-07,0.0012077931842848777
2022-04-04,1.023998697762203,-0.004685628480560755,0.10778359194446721,0.10778359194446721,2.3483200986151936e-06,-0.0022614289639367735
2022-04-05,1.025000846089518,-0.0037115524053172866,0.11783979081575632,0.11783979081575632,5.0280994356445564e-06,0.0009786617204752268
2022-04-06,1.0181988623747857,-0.010322998455892574,0.11783979081575632,0.11643949187953735,7.001494681094858e-07,-0.006636076195136509
2022-04-07,1.0161378661196416,-0.012326261933547022,0.1170443063957982,0.1170443063957982,3.0240725813042436e-07,-0.0020241588665078636
2022-04-08,1.0151060362651438,-0.01332918809486805,0.1170443063957982,-0.035668598624974485,7.635645251038634e-05,-0.001015442774944697
2022-04-09,1.0159042630835526,-0.012553321264343054,0.035839262798196075,-0.035839262798196075,8.533208661079539e-08,0.0007863482137775435
2022-04-10,1.0153269607129507,-0.01311445219881402,0.039285743563397396,-0.039285743563397396,1.7232403826006603e-06,-0.000568264541828789
2022-04-11,1.0188156783031752,-0.00972346082029818,0.043055501572039606,-0.043055501572039606,1.8848790043211051e-06,0.0034360533357402634
2022-04-12,1.0181883029168974,-0.010333262121476006,0.04323185258179662,-0.04323185258179662,8.817550487850642e-08,-0.0006157889004216877
2022-04-13,1.017569090387908,-0.010935129223919482,0.04323185258179662,-0.03620716613643444,3.51234322268109e-06,-0.000608151289122838
2022-04-14,1.0184838821461564,-0.010045962679155473,0.03620716613643444,-0.03620017137763222,3.497379401109363e-09,0.000898997195263318
2022-04-15,1.0183118987195134,-0.010213128493501644,0.03620017137763222,-0.03616727471662776,1.644833050222852e-08,-0.00016886219768841304
2022-04-16,1.0184441701470062,-0.010084562262887675,0.03616727471662776,-0.03552400960583073,3.216325553985176e-07,0.00012989284290831904
2022-04-17,1.0177687224576795,-0.01074108926225359,0.03699578334837924,-0.03699578334837924,7.358868712742558e-07,-0.0006632152346898179
2022-04-18,1.0197826618073478,-0.00878356452860507,0.03781431834300726,-0.03781431834300726,4.0926749731401077e-07,0.0019787789752474527
2022-04-19,1.017202603620636,-0.011291349937124107,0.03839957763603784,-0.03839957763603784,2.9262964651528834e-07,-0.0025300078961317807
2022-04-20,1.0176899346076447,-0.010817670101284094,0.03839957763603784,-0.0365433371365098,9.281202497640195e-07,0.0004790894019275349
2022-04-21,1.0172599919457566,-0.01123556917795454,0.0365433371365098,-0.03474093807536413,9.01199530572834e-07,-0.0004224692092017479
2022-04-22,1.019070637290589,-0.009475643762643982,0.03524616131532615,-0.03524616131532615,2.526116199810108e-07,0.0017799238731188716
2022-04-23,1.0188789934582563,-0.009661919253961315,0.03531886125704474,-0.03531886125704474,3.634997085929376e-08,-0.00018805745678485142
2022-04-24,1.019118533575312,-0.0094290891521438,0.03531886125704474,-0.03373422596542948,7.923176458076303e-07,0.0002351016348294266
2022-04-25,1.0200083747438842,-0.008564174279317216,0.03419166653887988,-0.03419166653887988,2.2872028672520084e-07,0.0008731478618630995
2022-04-26,1.020093639249976,-0.008481298208791732,0.03419166653887988,-0.03418340819408551,4.129172397185355e-09,8.359196669793789e-05
2022-04-27,1.0199843880536505,-0.008587489052633734,0.03418340819408551,-0.033845150139613485,1.6912902723601257e-07,-0.00010709918395890305
2022-04-28,1.0196618676348599,-0.00890097500591891,0.034089722422458814,-0.034089722422458814,1.2228614142266449e-07,-0.0003162013287330012
2022-04-29,1.020080516279937,-0.008494053577236538,0.03664149890083073,-0.03664149890083073,1.2758882391859586e-06,0.00041057595499482957
2022-04-30,1.020610150783699,-0.007979255233841132,0.03676673738249052,-0.03676673738249052,6.261924082989409e-08,0.000519208528459103
2022-05-01,1.0207136490236037,-0.00787865619418493,0.03676673738249052,-0.03673659527409433,1.5071054198095847e-08,0.00010140820157755748
2022-05-02,1.0197536760358323,-0.008811738348573739,0.11006189686386389,-0.11006189686386389,3.666265079488478e-05,-0.0009404919672589829
2022-05-03,1.0199359860674773,-0.008634535198838389,0.11218962756467599,-0.11218962756467599,1.0638653504060485e-06,0.000178778499089427
2022-05-04,1.0190582551116867,-0.00948767909104753,0.11220278850941942,-0.11220278850941942,6.580472371717217e-09,-0.0008605745534783216
2022-05-05,1.0231672285840558,-0.005493806483417574,0.1129328911989575,-0.1129328911989575,3.650513447690379e-07,0.00403212814552556
2022-05-06,1.025314140735405,-0.003407033791911984,0.11298989608798923,-0.11298989608798923,2.8502444515868253e-08,0.0020983003475556483
2022-05-07,1.02508772684744,-0.0036271053575257506,0.11298989608798923,-0.1114453917425578,7.722521727157178e-07,-0.00022082392017386265
2022-05-08,1.0331316420415115,-0.00010198318513732207,0.11761425257275918,-0.11761425257275918,3.0844304151006893e-06,0.007847050533722477
2022-05-09,1.0396836884007918,-0.0016033758693337896,0.11786085638405289,-0.11786085638405289,1.233019056468554e-07,0.0063419278750707075
2022-05-10,1.040205546423852,-0.007997719296714778,0.11786085638405289,-0.11141519011342293,3.222833135314976e-06,0.0005019392233243103
2022-05-11,1.0440671846660146,-0.007109968779104303,0.11141519011342293,-0.10718582866008089,2.114680726671023e-06,0.0037123799766680676
2022-05-12,1.058498331839732,-0.011672627945170988,0.1084363694545504,-0.1084363694545504,6.252703972347562e-07,0.013822048413806298
2022-05-13,1.0503701247631636,-0.019261992328523325,0.1180220858346546,-0.1180220858346546,4.792858190052096e-06,-0.007678998475547094
2022-05-14,1.0562313600826791,-0.013789315493725196,0.1180220858346546,-0.08934191119791388,1.434008731837036e-05,0.005580161869931377
2022-05-15,1.051785119879063,-0.017940801390095795,0.08934191119791388,-0.0841492315993164,2.5963397992987414e-06,-0.004209532467645549
2022-05-16,1.0536940525817393,-0.016158417436607286,0.0841492315993164,-0.08186213671733264,1.1435474409918767e-06,0.0018149455307936435
2022-05-17,1.0517241452608692,-0.017997733821965456,0.08186213671733264,-0.07872477439586152,1.5686811607355591e-06,-0.001869524949903334
2022-05-18,1.0560013345483548,-0.014004091960542309,0.07872477439586152,-0.07870439105515559,1.0191670352967254e-08,0.0040668356876256695
2022-05-19,1.053075538590706,-0.016735928320610882,0.07870439105515559,-0.07840442897118015,1.4998104198771928e-07,-0.0027706366099379265
2022-05-20,1.0556288782762553,-0.014351857013671476,0.07842515666459618,-0.07842515666459618,1.0363846708015546e-08,0.0024246500768279056
2022-05-21,1.0546802234119832,-0.015237622763876857,0.08193067241340028,-0.08193067241340028,1.7527578744020514e-06,-0.0008986632364790248
2022-05-22,1.0535889490059638,-0.016256553387997252,0.08193067241340028,-0.08166363903204767,1.33516690676308e-07,-0.001034696945860003
2022-05-23,1.0509889853731436,-0.018684157803959933,0.08173075888166842,-0.08173075888166842,3.3559924810376564e-08,-0.0024677210550417827
2022-05-24,1.0524171379755982,-0.017350681627361753,0.08173075888166842,-0.02745984188556843,2.7135458498049996e-05,0.001358865432772971
2022-05-25,1.0523211498601004,-0.017440306409078232,0.08102616391860902,-0.08102616391860902,2.6783161016520295e-05,-9.120729037648267e-05
2022-05-26,1.0566928426015945,-0.013358426004862145,0.08102616391860902,-0.07976042754228328,6.32868188162869e-07,0.00415433324900194
2022-05-27,1.0610088475280686,-0.009328541707034343,0.07976042754228328,-0.07973538793595272,1.2519803165279842e-08,0.004084446068398417
2022-05-28,1.0595096349583344,-0.010728367077209144,0.07973538793595272,-0.07846051112892471,6.37438403514004e-07,-0.0014130066617509263
2022-05-29,1.0593568592066802,-0.010871014876080665,0.07846051112892471,-0.07754973296085875,4.5538908403298247e-07,-0.00014419477333116326
2022-05-30,1.054241715961873,-0.015647060268648816,0.07754973296085875,-0.07716906685959858,1.9033305063008431e-07,-0.00482853648451953
2022-05-31,1.0510747753371361,-0.0186040551083666,0.07716906685959858,-0.0769570221168036,1.0602237139749338e-07,-0.0030039985866479046
2022-06-01,1.0551924014838443,-0.014759398479000763,0.0769570221168036,-0.0728341969050451,2.0614126058792483e-06,0.003917538735892956
2022-06-02,1.0577372771110238,-0.012383230123170441,0.0728341969050451,-0.07128201753802338,7.760896835108597e-07,0.002411764549863582
2022-06-03,1.0598978967630601,-0.010365844286580939,0.07128201753802338,-0.0704728642141718,4.0457666192578875e-07,0.0020426808232913984
2022-06-04,1.0592240187955115,-0.010995048906672689,0.0704728642141718,-0.07029781331938964,8.752544739108054e-08,-0.0006357951738643619
2022-06-05,1.0578262437960422,-0.012300161300707768,0.07047921730730125,-0.07047921730730125,9.070199395580513e-08,-0.001319621699156004
2022-06-06,1.054758015721473,-0.015164987534805996,0.07047921730730125,-0.07041481437377418,3.2201466763533135e-08,-0.002900502887468459
2022-06-07,1.0589067859654184,-0.011291251441777783,0.07041481437377418,-0.06983185445143683,2.9147996116867664e-07,0.003933385840265036
2022-06-08,1.0574424702169487,-0.012658493403348237,0.06983185445143683,-0.0683597952837453,7.360295838457626e-07,-0.0013828561379346516
2022-06-09,1.0580292834777703,-0.012110581715148672,0.06891647879468135,-0.06891647879468135,2.7834175546802287e-07,0.0005549363462840073
2022-06-10,1.060990912990217,-0.009345287311756323,0.0695739206381499,-0.0695739206381499,3.287209217342768e-07,0.002799194274386574
2022-06-11,1.0704224278753331,-0.0006634379862058282,0.06957421818695864,-0.06957421818695864,1.487744043654482e-10,0.008889345582167696
2022-06-12,1.0697881604129018,-0.00459362749574066,0.06960740673562271,-0.06960740673562271,1.6594274332037972e-08,-0.0005925393993213568
2022-06-13,1.0857624514625357,-0.003282659222637041,0.07118375659267565,-0.07118375659267565,7.881749285264667e-07,0.014932200262405493
2022-06-14,1.0837549357366951,-0.011114315751748927,0.07427316461736924,-0.07427316461736924,1.5447040123467981e-06,-0.0018489456170993623
2022-06-15,1.0901865839150255,-0.005545083675902895,0.07427316461736924,-0.0565791345348373,8.84701504126597e-06,0.005934596435266615
2022-06-16,1.0899938351088416,-0.005720906787976876,0.05756799524092841,-0.05756799524092841,4.944303530455552e-07,-0.00017680350229209996
2022-06-17,1.0914643590298827,-0.004379512787694884,0.05756799524092841,-0.05503229480887737,1.2678502160255213e-06,0.0013491121451105759
2022-06-18,1.0968206324448688,-0.0007659088721703178,0.055496515144180955,-0.055496515144180955,2.321101676517924e-07,0.0049074194412999095
2022-06-19,1.0915486040613398,-0.01105393944388422,0.05578676094471294,-0.05578676094471294,1.4512290026599122e-07,-0.004806645888649763
2022-06-20,1.0879315814847306,-0.014330971923034563,0.05578676094471294,-0.055299025730185726,2.438676072636058e-07,-0.003313661492627906
2022-06-21,1.0860873048683093,-0.01600189164900867,0.055299025730185726,-0.05260954205817287,1.3447418360064272e-06,-0.00169521378716464
2022-06-22,1.0906521423518791,-0.011866136237239977,0.05260954205817287,-0.05145024358533164,5.796492364206173e-07,0.0042030115471438645
2022-06-23,1.0895855363694071,-0.012832484213506579,0.05145024358533164,-0.051135060002765714,1.5759179128296137e-07,-0.0009779524937952866
2022-06-24,1.0844771295608364,-0.01746071494025314,0.051135060002765714,-0.050782170650502736,1.764446761314889e-07,-0.004688394474831159
2022-06-25,1.0843082783045253,-0.017613694646450018,0.050782170650502736,0.01689073599245086,3.38364533214768e-05,-0.00015569831000494805
2022-06-26,1.0848895325707377,-0.01708707667028886,0.01689073599245086,0.01610346747490974,3.936342587705609e-07,0.0005360599728347903
2022-06-27,1.0843847027140883,-0.017544453919572156,0.016195454960540923,0.016195454960540923,4.599374281559141e-08,-0.00046532835048496146
2022-06-28,1.0843536256033715,-0.017572609868013234,0.016195454960540923,0.01615850088411163,1.847703821464611e-08,-2.8658750573118397e-05
2022-06-29,1.0833042624110214,-0.018523335828640075,0.016197970188045453,0.016197970188045453,1.973465196691143e-08,-0.000967731529248228
2022-06-30,1.0819778162885902,-0.01972509969186842,0.016204829044033857,0.016204829044033857,3.429427994201817e-09,-0.0012244446629243733
2022-07-01,1.0846188328651825,-0.01733233135377843,0.2494270041469014,0.15057299585309863,0.00033281591659546763,0.002440915642475172
2022-07-02,1.0886115987237808,-0.013714874419756495,0.2494469789970773,0.15055302100292273,0.00020000998742508795,0.003681261783047507
2022-07-03,1.0851730189783053,-0.016830237199337184,0.2494469789970773,0.15072458865537458,0.00040008578382622593,-0.003158683730274281
2022-07-04,1.0985695617834812,-0.0062081853815476595,0.24928646031711788,-0.24928646031711788,0.0006000055244862462,0.012345075458836785
2022-07-05,1.0879398510387914,-0.015824071254705085,0.24928646031711788,0.15073365363753355,0.00020001005697732572,-0.009675956001761188
2022-07-06,1.0971212279465166,-0.00751838217024603,0.24926634636246647,-0.04833231479018596,0.00030046701578614025,0.00843923209445463
2022-07-07,1.0904204124153973,-0.013580097202003816,0.24856247518536356,-0.24856247518536356,0.0005001150801975888,-0.006107634562557807
2022-07-08,1.0888755155451069,-0.014977647177475406,0.24865983681609918,0.15134016318390084,0.0004000486808153678,-0.0014167901230578428
2022-07-09,1.0871321781185304,-0.016554711138574985,0.24865983681609918,0.1524692587494421,0.0002005645477827706,-0.0016010438307136887
2022-07-10,1.0839743009963316,-0.019411400914793653,0.24758965107960848,-0.04758965107960847,0.00030002945491452526,-0.002904777529134872
2022-07-11,1.0869308934690107,-0.01673679795770744,0.24759006477740958,-0.04759006477740958,0.0004000002068489006,0.002727548494425802
2022-07-12,1.087695853153668,-0.016044797469462302,0.24756496085453175,-0.04756496085453174,0.0002000125519614389,0.0007037795036044514
2022-07-13,1.0834985707152776,-0.019841757694850637,0.2503308826451396,-0.2503308826451396,0.00010138296089530393,-0.003858875094740699
2022-07-14,1.0629007084641597,-0.03847506742406537,0.2503308826451396,-0.04985611774230952,0.00030023738245141507,-0.019010511695937704
2022-07-15,1.0541196357187752,-0.04641863196609142,0.26249331452481667,0.13750668547518338,0.0003063185983912536,-0.008261423362931564
2022-07-16,1.0766633846535891,-0.02602502746292279,0.26249331452481667,0.1396840295467331,0.00040108867203577487,0.02138632862051071
2022-07-17,1.0859469546120564,-0.0176268921457704,0.26324832244057267,0.13675167755942735,0.0002014661759936529,0.008622537081495851
2022-07-18,1.085871760072356,-0.01769491489158259,0.26324832244057267,0.02088842681125312,0.0003420683746259129,-6.924328982049754e-05
2022-07-19,1.104592234031876,-0.004634209461306327,0.22065760425293446,0.22065760425293446,0.0003001154112791593,0.017240041271790796
2022-07-20,1.109748654338538,-0.002398283942220303,0.22065760425293446,-0.17948838569814757,0.000200072994975541,0.004668166358404502
2022-07-21,1.0963664997773035,-0.014428089342430672,0.22110893371873025,0.22110893371873025,0.0002002986597084389,-0.012058725648294577
2022-07-22,1.1124134778977373,-0.00035388791056201185,0.22131301810960177,-0.17868698189039825,0.0004001020421954358,0.014636508980978125
2022-07-23,1.111705294920484,-0.009981889469546812,0.22131301810960177,0.22076429055607777,0.00020027436377676198,-0.000636618479840867
2022-07-24,1.116505962538694,-0.005706702595488666,0.22192814297914437,-0.17807185702085565,0.0006005819262115333,0.004318291583345735
2022-07-25,1.119061806532075,-0.0034306211081565063,0.22192814297914437,0.021621574885941297,0.00030015328404660156,0.0022891449567996602
2022-07-26,1.116387834980466,-0.005811899919395347,0.022331901354294113,0.022331901354294113,3.551632341764078e-07,-0.0023894761987218738
2022-07-27,1.1313747699805154,-0.0009097610998113348,0.22173069867190848,0.22173069867190848,0.0005003006013411928,0.013424487915807415
2022-07-28,1.1442650109861447,-0.002403635070765464,0.22173069867190848,0.2200083207580862,0.0006008611889569112,0.011393431555713596
2022-07-29,1.1430262110883327,-0.00817129958442031,0.2200083207580862,0.21943750374232684,0.0004002854085078797,-0.001082616252280122
2022-07-30,1.145801059824239,-0.005763502992456537,0.21943750374232684,0.017597586210159975,0.0003009199587660835,0.0024276335126742765
2022-07-31,1.1459586274108642,-0.005626778170965907,0.21804778788343931,0.01804778788343929,0.00020022510083663966,0.0001375174034552451
2022-08-01,1.1530997923687756,-0.0015793777757826533,0.21887026356000375,0.018870263560003736,0.00040041123783828226,0.006231608006691758
2022-08-02,1.155542857359088,-0.0030669356201853404,0.21877892053495954,0.018778920534959533,0.00040004567151252215,0.002118693461295784
2022-08-03,1.1616246432651351,-0.003367271716083531,0.21866688215283228,0.21866688215283228,0.0003000560191910636,0.005263141792895887
2022-08-04,1.1556793270628698,-0.00846814207169111,0.21866688215283228,0.0185280049572144,0.00010006943859780894,-0.005118104403807666
2022-08-05,1.1551413259867198,-0.008929727906196061,0.21870828430134986,-0.18129171569865016,0.00010009013967206773,-0.0004655279916736532
2022-08-06,1.145093781833299,-0.017550164292626458,0.21870828430134986,0.21865498496381236,0.00040002664966876875,-0.008698108125288595
2022-08-07,1.1399186076695877,-0.02199028010458637,0.2186660965973289,-0.1813339034026711,0.0002000055558167583,-0.004519432596538087
2022-08-08,1.1448956627869753,-0.017720143404904465,0.21902944070294145,-0.18097055929705858,0.0004001816720528063,0.004366149551295884
2022-08-09,1.1308355554453486,-0.02978321663694483,0.21902944070294145,0.21898561866177402,0.00020002191102058372,-0.012280688798668171
2022-08-10,1.1161221266995662,-0.042406816453235185,0.21898561866177402,-0.1810372529938286,0.0002000114358278013,-0.01301111260159149
2022-08-11,1.108845772799834,-0.04864966992668229,0.2189627470061714,0.018856630778691867,0.0003000530581137398,-0.006519316950778564
2022-08-12,1.1130829917321439,-0.04501428642364791,0.2184373503254603,0.018437350325460303,0.0004002096402266158,0.0038212878979637654
2022-08-13,1.1078157141362606,-0.049533423712487035,0.21903304867325535,0.21903304867325535,0.0003002978491738976,-0.004732151721846378
2022-08-14,1.1134841912902027,-0.04467007143780655,0.21912918005591547,0.019129180055915462,0.00030004806569133006,0.0051168051523449165
2022-08-15,1.1056176367328578,-0.051419296134558645,0.2193685824487919,0.019368582448791898,0.0006001197011964382,-0.007064810276497524
2022-08-16,1.1061888088427876,-0.05092925073001309,0.2196248111291725,0.019624811129172505,0.0002001281143401903,0.0005166090798036649
2022-08-17,1.1118445048184002,-0.04607686425284996,0.219430823449053,-0.18056917655094704,0.00030009699384005975,0.005112776345594039
2022-08-18,1.1130022440999319,-0.045083565027076666,0.21958928372309042,0.019589283723090413,0.00030007923013701873,0.0010412780532791377
2022-08-19,1.1092112549749609,-0.048336099188106996,0.22089696460088776,-0.17910303539911226,0.0005006538404388987,-0.0034060929751662528
2022-08-20,1.1088774487317112,-0.04862249310102629,0.22089696460088776,-0.17913341107546688,0.00040001518783817734,-0.00030094018768433983
2022-08-21,1.1196489875732822,-0.039380894960239554,0.25901721858590543,-0.25901721858590543,0.0002399419037552193,0.009713912798828606
2022-08-22,1.1202584907945392,-0.03885796282220244,0.2596182408867518,0.14038175911324824,0.0002003005111504232,0.0005443699123752754
2022-08-23,1.1275133186072608,-0.03263357796764288,0.2601571588886268,0.13984284111137324,0.0006002694590009376,0.006476030195114113
2022-08-24,1.132598233356721,-0.02827090153061329,0.26041696269598447,0.13958303730401556,0.00040012990190367885,0.0045098489441752765
2022-08-25,1.1427579603613458,-0.019554216238212963,0.2612266129507439,-0.2612266129507439,0.0006004048251273797,0.008970283287934588
2022-08-26,1.1443125442701663,-0.018220438402681616,0.2622924860286364,-0.06229248602863639,0.0003005329365389463,0.0013603789802736355
2022-08-27,1.149381310093785,-0.01387161717104346,0.2683852901370025,0.13161470986299748,0.0005030464020541831,0.004429529195495663
2022-08-28,1.1473452598645355,-0.015618476026582617,0.26915071824758,-0.26915071824758,0.00040038271405528876,-0.0017714314748032978
2022-08-29,1.1456946099824186,-0.017034675058682724,0.2806336657893857,-0.08063366578938568,0.0003057414737709028,-0.001438668846992841
2022-08-30,1.1435689002562242,-0.018858458581389237,0.28038356555144284,0.11961643444855721,0.0003001250501189714,-0.0018553894796021764
2022-08-31,1.1652225607792466,-0.003945336808003463,0.28038356555144284,-0.27986490105443784,0.0006002593322485025,0.018935160372210547
2022-09-01,1.1734322613407866,-0.0038512027251681458,0.27992280248704365,-0.27992280248704365,0.000600028950716303,0.00704560728385295
2022-09-02,1.1623007274019392,-0.01330097201337288,0.27992280248704365,-0.07967174380351008,0.0003001255293417668,-0.009486302964032745
2022-09-03,1.1635828052382642,-0.012212591936615391,0.28002707072385746,0.11997292927614256,0.0001001776634601737,0.001103051737037175
2022-09-04,1.1683535003929095,-0.008162658764474084,0.28002707072385746,-0.2769169836532362,0.0006015550435353107,0.004100004858416995
2022-09-05,1.173866073641908,-0.003482931273766865,0.2769169836532362,0.12483238339913243,0.00040087468352618434,0.00471824088098316
2022-09-06,1.1661141148385057,-0.010063715433995979,0.2760204877196539,-0.2760204877196539,0.0004004264355593932,-0.006603784688446135
2022-09-07,1.1543352945971057,-0.02006297828311865,0.2760204877196539,0.025360253831469157,0.00035069037077556153,-0.01010091558923476
2022-09-08,1.1467619470212818,-0.0264921360006517,0.22491043270188318,0.024910432701883173,0.00020022491056479299,-0.006560786637357041
2022-09-09,1.1465843327059706,-0.026642916145705686,0.22411172140976207,0.22411172140976207,0.0005003993556460606,-0.00015488333543312027
2022-09-10,1.1436660163090164,-0.029120330023496677,0.22411172140976207,0.22393480856354567,0.00040008845642310823,-0.0025452261239847784
2022-09-11,1.1436608064534268,-0.029124752768251994,0.2249863416138936,-0.1750136583861064,0.000600525766525174,-4.5553994917346685e-06
2022-09-12,1.1484821071382498,-0.02503185960627341,0.22522050272703303,-0.174779497272967,0.00020011708055656972,0.004215673613727766
2022-09-13,1.146263909018797,-0.026914929862314807,0.22522050272703303,0.024966842404643787,0.0003001268301611946,-0.0019314172207535174
2022-09-14,1.1473945235816823,-0.02595512981751913,0.22532989288206778,0.02532989288206778,0.00020018152523871202,0.000986347519090769
2022-09-15,1.148907970878302,-0.024670335838406943,0.2244397002843149,0.024439700284314886,0.00040044509629887646,0.0013190295626401838
2022-09-16,1.1449644315043257,-0.028018080854300575,0.22460132417845588,0.22460132417845588,0.0001000808119470705,-0.0034324240704536324
2022-09-17,1.1444327091490423,-0.02846946999890665,0.2716556064009638,-0.0716556064009638,0.0003481284652897098,-0.00046440076272258324
2022-09-18,1.1442246150103432,-0.02864612504139552,0.2717021205223328,-0.0717021205223328,0.0002000232570606845,-0.00018183169445973313
2022-09-19,1.1491053936083606,-0.024502739956154818,0.27228638080524614,-0.0722863808052461,0.00020029213014145667,0.0042655773473001535
2022-09-20,1.1443054851195533,-0.028577472879119825,0.2780823247423041,-0.0780823247423041,0.000202897971968529,-0.004177082899019635
2022-09-21,1.1436050433875296,-0.02917209108751928,0.27703160117159065,-0.07703160117159066,0.00020052536178535673,-0.0006121107878374055
2022-09-22,1.1786698236963722,-0.0031184661069389996,0.27626218477541914,-0.27626218477541914,0.0005003847081980858,0.03066161741030493
2022-09-23,1.1749611971605753,-0.01160955942306785,0.27626218477541914,0.1238677585516278,0.0006000649716635235,-0.003146450737296469
2022-09-24,1.1756631930539152,-0.011019032661862327,0.27613224144837223,-0.27555125517056933,0.00020029049313890145,0.0005974630439189443
2022-09-25,1.1771089558004104,-0.009802840942994218,0.27591534711935284,-0.07591534711935286,0.00010018204597439176,0.0012297422893121635
2022-09-26,1.1711696651120882,-0.01479903839558383,0.27482722204715676,-0.27482722204715676,0.00010054406253609805,-0.005045659247646217
2022-09-27,1.1633399406073495,-0.02138548982184063,0.2771639083053744,-0.2771639083053744,0.0006011683431291089,-0.006685388751075938
2022-09-28,1.174971458099604,-0.011600927806916017,0.28186729671591937,-0.08186729671591939,0.0003023516942052725,0.00999838231822392
2022-09-29,1.1803918523072758,-0.0070412318510254535,0.28104383377130115,-0.08104383377130113,0.00040041173147230914,0.004613213512810077
2022-09-30,1.1813886989988958,-0.006202673315561569,0.281272651939785,0.11872734806021504,0.00010011440908424193,0.0008445048901970509
2022-10-01,1.1860325249624963,-0.0022962352125690533,0.2813073883090758,-0.08130738830907579,0.0003000173681846454,0.003930819693414023
2022-10-02,1.1909047399435557,-0.0014442782681437505,0.2815308203069963,-0.2815308203069963,0.00010011171599896024,0.004107994408684146
2022-10-03,1.1912592822340995,-0.007214458259056977,0.2815308203069963,-0.08138543018013523,0.0003000726950634305,0.0002977083545454562
2022-10-04,1.1829984792678705,-0.014098942493809163,0.28588123603435733,-0.28588123603435733,0.00010224790292711105,-0.006934512989258623
2022-10-05,1.1846341605900046,-0.012735779333841957,0.2877320129909908,-0.08773201299099082,0.00010092538847831675,0.0013826571638138052
2022-10-06,1.179023099679396,-0.01741199065824217,0.2868232775819509,-0.2868232775819509,0.00030045436770451996,-0.00473653478624525
2022-10-07,1.1808006381584033,-0.015930604927893777,0.2876993980445186,-0.08769939804451862,0.0005004380602312839,0.0015076366862460944
2022-10-08,1.1798816901276135,-0.01669644854580754,0.2894679940748251,0.11053200592517491,0.00010088429801515325,-0.0007782414753961797
2022-10-09,1.1761686938113933,-0.019790828681396144,0.29627167884727673,-0.29627167884727673,0.0008034018423862259,-0.0031469225662952294
2022-10-10,1.1790551094600414,-0.017385313974254912,0.30220105771771977,-0.10220105771771977,0.00010296468943522153,0.002454083044237665
2022-10-11,1.1758577387346703,-0.02004997604663017,0.30955259838341553,-0.10955259838341552,0.0002036757703328479,-0.002711807700688018
2022-10-12,1.1739122487247504,-0.02167133118086062,0.3096062005454355,-0.10960620054543546,0.00040002680108101,-0.0016545283887936524
2022-10-13,1.174700193818734,-0.02101466431693022,0.31335141511038317,0.08664858488961684,0.00010187260728247386,0.0006712129418822155
2022-10-14,1.168920490274247,-0.025831421004655297,0.3145495641234037,0.08545043587659634,0.0008005990745065103,-0.004920152031040903
2022-10-15,1.167343911064343,-0.02714532895764643,0.3228039747627849,-0.1228039747627849,0.0005041272053196907,-0.0013487480312152078
2022-10-16,1.164784188212432,-0.029278580615065164,0.3160552392107766,-0.11605523921077657,0.00040337436777600417,-0.002192775263269331
2022-10-17,1.1597123294975848,-0.03350542533052436,0.3260670585969717,-0.3260670585969717,0.0007050059096930976,-0.00435433341745084
2022-10-18,1.1623456752281227,-0.03131081698062743,0.32801476192203805,-0.128014761922038,0.00010097385166253315,0.0022706887419874366
2022-10-19,1.1616458360753423,-0.03189405708862603,0.323627811485112,-0.323627811485112,0.00010219347521846301,-0.0006020921036604676
2022-10-20,1.1647088097382154,-0.029341400406252993,0.32387042084317563,-0.1238704208431756,0.0003001213046790318,0.002636753447352813
2022-10-21,1.1646518177383267,-0.0293888970632179,0.333937321783391,0.06606267821660905,0.0005050334504701077,-4.893240217063166e-05
2022-10-22,1.1607507514705613,-0.03264001312650466,0.3370495108519107,-0.13704951085191072,0.0005015560945342599,-0.003349555814314842
2022-10-23,1.1627283225010514,-0.03099192193752831,0.3394987589130669,0.06050124108693311,0.0003012246240305781,0.0017036999786437246
2022-10-24,1.1534869607830465,-0.03869359565076669,0.3544229981310269,-0.1544229981310269,0.00050746211960898,-0.007947997429122333
2022-10-25,1.1346740150414667,-0.05437214759016462,0.35617055449361346,-0.35617055449361346,0.0007008737781812934,-0.016309630174586642
2022-10-26,1.141737660372235,-0.04848536453549579,0.35617055449361346,0.25382924341259067,0.0005049998989531021,0.006225264029255495
2022-10-27,1.1372003329053255,-0.05226673537093962,0.25382924341259067,0.2501574715347838,0.00020183588593890344,-0.003974054307212205
2022-10-28,1.1362498061932889,-0.053058896398200384,0.2501574715347838,0.23719210677752817,6.482682378627827e-06,-0.0008358480775397803
2022-10-29,1.1377817836880775,-0.05178215914227213,0.2373885413118239,0.0373885413118239,0.0003000982172671479,0.0013482752528877207
2022-10-30,1.1340598939566788,-0.05488395097583243,0.23803703157762862,0.23803703157762862,0.00010032424513290236,-0.003271180629496717
2022-10-31,1.141197946904052,-0.04893515723460484,0.23803703157762862,-0.1641488242907851,0.00020109292793420684,0.006294246878326248
2022-11-01,1.1444186176917281,-0.04625107708480258,0.23585117570921493,0.035146097501135926,0.00030035253910403955,0.002822184176211273
2022-11-02,1.1411234377023025,-0.048997252581375106,0.2354345401430114,0.2354345401430114,0.0005001442213209378,-0.0028793484643448997
2022-11-03,1.133521367968067,-0.05533275403937965,0.23599795754229586,0.03599795754229586,0.0005002817086996423,-0.006661917092463443
2022-11-04,1.1243395723861653,-0.0629847858320195,0.2359403859765678,-0.16405961402343222,0.00010002878578286403,-0.008100240402493242
2022-11-05,1.1223869925773207,-0.0646120495454916,0.23610045607707783,0.03610045607707782,0.000500080035050255,-0.0017366459891643427
2022-11-06,1.1204741976513937,-0.06620615686964548,0.23498040888467187,-0.16501959111532816,0.00030056002359620296,-0.001704220503781162
2022-11-07,1.1249049949869472,-0.06251356735641023,0.23516873252312637,0.03516873252312636,0.0003000941618192273,0.003954394795387284
2022-11-08,1.1209045207963053,-0.06584752915281167,0.23550973966563,0.23550973966563,0.0003001705035712518,-0.0035562773820608795
2022-11-09,1.0928320066069062,-0.08924292814209411,0.3055437421876702,0.0944562578123298,0.0004705267409266501,-0.02504451866199342
2022-11-10,1.0721103415984867,-0.10651219078538432,0.3055437421876702,-0.09251827280721633,0.00030651273469022695,-0.018961436783645813
2022-11-11,1.0739648479801918,-0.10496666064741955,0.25844806838337464,0.14155193161662538,0.0003170351022119209,0.0017297719364779418
2022-11-12,1.0772362125948955,-0.1022403326853406,0.25844806838337464,-0.053634284465447324,0.0003024068919589637,0.0030460630260400468
2022-11-13,1.0774625742762856,-0.10205168474963122,0.25308493142587873,0.14691506857412132,0.0003002746765197843,0.00021013189005780752
2022-11-14,1.08158129188644,-0.09861917987444846,0.25332676505187207,-0.053326765051872074,0.00010012091681299669,0.0038226085141921384
2022-11-15,1.0863462663079393,-0.09464808996733942,0.25351984405995526,-0.053519844059955246,0.0004000965395040416,0.004405562907981109
2022-11-16,1.0754192557121216,-0.1037545693843418,0.25355644796097637,0.14644355203902365,0.0003000183019505106,-0.010058496940348771
2022-11-17,1.075920110395588,-0.10333716127204051,0.25355644796097637,0.1465071268975145,0.00020003178742924543,0.00046572969640501505
2022-11-18,1.074863384280635,-0.10421782799518908,0.2534928731024855,-0.25300181099382857,0.00040024553105432847,-0.0009821603897376407
2022-11-19,1.075956451940955,-0.10330687453149379,0.25303914746085554,0.14696085253914448,0.0002000186682335135,0.001016936362618459
2022-11-20,1.0831988298953181,-0.09727113720029701,0.25303914746085554,-0.25295677273953493,0.00020004118736066033,0.006731106952607924
2022-11-21,1.0876717647390168,-0.09354343063951764,0.25295691103302864,-0.05295691103302863,0.0003000000691467469,0.004129375623622478
2022-11-22,1.0959399500676348,-0.08665279400557502,0.25280892793053045,0.14719107206946958,0.0003000739915512491,0.007601728385954631
2022-11-23,1.0906309547697532,-0.09107726636983038,0.25280892793053045,-0.2525714284888922,0.00040011874972081915,-0.004844239228205094
2022-11-24,1.0818147746203977,-0.09842459731297237,0.2525714284888922,-0.052555402000491386,0.00030000801324420043,-0.008083559439424515
2022-11-25,1.0830821126831165,-0.09736840835064542,0.25252385171987396,-0.05252385171987396,0.0002000157751403087,0.0011714926551651406
2022-11-26,1.0796610769819852,-0.10021947094676908,0.25295203013337947,-0.25295203013337947,0.00010021408920675276,-0.0031586115780852797
2022-11-27,1.079692674751051,-0.10019313762979298,0.25661390501867254,-0.0566139050186725,0.0003018309374426465,2.926637788314146e-05
2022-11-28,1.0881551668377138,-0.09314056736567722,0.25640988044180896,0.14359011955819106,0.0003001020122884318,0.007837871168863808
2022-11-29,1.0856114282023024,-0.09526049791049385,0.25640988044180896,-0.25635842874330267,0.0006000257258492532,-0.0023376616800008243
2022-11-30,1.0711350211663684,-0.10732501469199485,0.2574637457373343,0.1425362542626657,0.00020055265849701587,-0.013334796097261514
2022-12-01,1.0646731804034466,-0.11271025884340224,0.2574637457373343,0.218943283926676,0.0004382035148320052,-0.006032704220507834
2022-12-02,1.0645975864112789,-0.1127732582454517,0.218943283926676,-0.18136048829903065,0.00020015188611285332,-7.100206293619848e-05
2022-12-03,1.0631677566498223,-0.11396486643310233,0.21863951170096937,0.018638423639050786,0.0001000005440309593,-0.001343070639752586
2022-12-04,1.070096905334678,-0.10819017176042223,0.21862379150671057,-0.18137620849328945,0.0005000073160661702,0.006517455633419766
2022-12-05,1.0641877741842238,-0.11311479233455946,0.21862493995223603,0.018624939952236012,0.00010000057422276273,-0.00552205236833736
2022-12-06,1.0625172707828432,-0.11450697592469228,0.21898525357905743,0.21898525357905743,0.0001001801568134107,-0.0015697449659788365
2022-12-07,1.0678123882800987,-0.1100940692036333,0.2189875877997502,0.2189875877997502,0.0004000011671103464,0.004983558990384829
2022-12-08,1.0639860916748303,-0.11328287285433714,0.2569625443960243,-0.2569625443960243,0.00023797506609788723,-0.0035833041901930374
2022-12-09,1.0573224358060491,-0.11883630803031009,0.2569801245492166,-0.05698012454921658,0.00010000879007659616,-0.006262916330322943
2022-12-10,1.057213009152779,-0.11892750328970314,0.2588475620449202,-0.058847562044920226,0.00020093371874785183,-0.00010349411830690158
2022-12-11,1.0583727877195022,-0.11796095351348268,0.293142479478226,-0.293142479478226,0.00011714745871665291,0.001097015035456339
2022-12-12,1.062748899873119,-0.11431393817438729,0.3266944284817871,-0.1266944284817871,0.0005167759745017806,0.004134754978954103
2022-12-13,1.0434251599617572,-0.13041818171101172,0.3347375701108671,-0.3347375701108671,0.00030402157081453997,-0.018182789851548864
2022-12-14,1.0448650754350155,-0.12921816817533627,0.3347375701108671,0.04458712876249175,0.0001896623494366794,0.0013799892206043385
2022-12-15,1.0449139456097893,-0.12917744017962507,0.24193884437603447,-0.15806115562396555,0.0005013241421932287,4.677175639389297e-05
2022-12-16,1.0538672081371425,-0.12171586592695915,0.24194716117305576,0.04194716117305575,0.0005000041583985106,0.008568420935491483
2022-12-17,1.0576695890408871,-0.11854699342226815,0.3178643640861414,-0.3178643640861414,0.00037990576262959857,0.003608026584743129
2022-12-18,1.0576120466675132,-0.11859494875590137,0.3191084160581709,-0.3191084160581709,0.0002006220259860148,-5.44048670482189e-05
2022-12-19,1.059455259150106,-0.11705883085918045,0.3191084160581709,-0.11799851682651455,0.00010055494961582818,0.0017428058695092563
2022-12-20,1.0467810197182188,-0.1276214362031176,0.3186089392359408,-0.3186089392359408,0.00010030521120471312,-0.011962977504168415
2022-12-21,1.0470720072217516,-0.1273789296467004,0.3186089392359408,-0.31855171535524807,0.00020002861194034637,0.00027798316749705343
2022-12-22,1.0557952378560602,-0.1201090620534997,0.31855171535524807,-0.3179546645501248,0.00020029852540256167,0.008331070427003429
2022-12-23,1.0483195437917143,-0.12633924308314282,0.3231110180571901,-0.12311101805719007,0.0005025781767535327,-0.00708062870176307
2022-12-24,1.0483187071158528,-0.1263399403618216,0.32107381628648074,-0.12107381628648073,0.00020101860088535468,-7.981114783506271e-07
2022-12-25,1.0502731036186501,-0.12471116263077431,0.32048887091730704,-0.32048887091730704,0.00010029247268458686,0.0018643152025559218
2022-12-26,1.0469334257901188,-0.1274944222550105,0.3228482890928096,-0.12284828909280958,0.0005011797090877513,-0.0031798184843754296
2022-12-27,1.0483274903243,-0.12633262050921978,0.3228011015567827,-0.3228011015567827,0.00010002359376801344,0.0013315694196398553
2022-12-28,1.0545567164218803,-0.12114123547815003,0.32375710434038674,-0.32375710434038674,4.780013918019993e-07,0.005942061192783177
2022-12-29,1.0519128054231186,-0.12334464883439078,0.32382691485718557,-0.32382691485718557,0.0002000349052583994,-0.002507130207021202
2022-12-30,1.0539488116669482,-0.121647858226407,0.32987719773587565,-0.32987719773587565,0.00040302514143934504,0.001935527577315188
2022-12-31,1.0528495432115303,-0.12256397938097552,0.33515843472427514,-0.33515843472427514,0.0006026406184941997,-0.001042999852788551
2023-01-01,1.0548248972906933,-0.12091773578072917,0.3458256046288699,-0.3458256046288699,5.333584952297368e-06,0.0018761978783188304
2023-01-02,1.0481881832457647,-0.12644871786560108,0.3458256046288699,-0.3456227697822478,0.00040010141742331107,-0.006291768484015137
2023-01-03,1.0502141980788875,-0.12476025401589674,0.34587791104523147,-0.34587791104523147,1.2757063149182458e-07,0.0019328731858558879
2023-01-04,1.0373271325242943,-0.1355002268739245,0.34587791104523147,-0.3438330494217565,0.00040102243081173753,-0.012270892526654253
2023-01-05,1.0387019495509344,-0.13435446584024946,0.3438330494217565,-0.15199066083085755,0.0002959211942954495,0.001325345673063083
2023-01-06,1.0356121815561128,-0.13692945269520185,0.24800933916914247,-0.15401544932575276,0.00040101239424744764,-0.0029746434924405873
2023-01-07,1.035182276553217,-0.1372877319359701,0.2460877319769945,-0.15391226802300553,0.00020005159065137362,-0.00041512161651668933
2023-01-08,1.0360238231636856,-0.13658639401564143,0.24637061848170935,0.04637061848170935,0.00010014144325235744,0.0008129453426028999
2023-01-09,1.0286857843340866,-0.14270185432172766,0.2465963557015205,-0.15340364429847952,0.00010011286860990558,-0.007082886190001636
2023-01-10,1.0303835286803482,-0.14128696835552568,0.2472824728295415,0.2472824728295415,0.0002003430585640105,0.0016504012907760934
2023-01-11,1.0306966430926714,-0.14102602141802756,0.2472824728295415,0.0441834026023499,0.0003015495351135958,0.00030388142240278526
2023-01-12,1.0263250781918707,-0.1446692471145844,0.2442060128003782,-0.15579398719962181,0.00010001130509901416,-0.004241369107100934
2023-01-13,1.0303116080966803,-0.14134690636959524,0.24468117513684004,0.24468117513684004,0.0006002375811682309,0.0038842760344841576
2023-01-14,1.0094148339371274,-0.15876210351771114,0.2465296803642132,0.2465296803642132,0.0004009242526136866,-0.020281994297006167
2023-01-15,1.0146014523771796,-0.1544396190052263,0.2465296803642132,0.2457683602821653,3.806600410239426e-07,0.00513824273794139
2023-01-16,1.0152189881030544,-0.15392496988618032,0.2457683602821653,0.24402870759553136,0.00020086982634331697,0.0006086485727267998
2023-01-17,1.0234873685831294,-0.14703417061464252,0.24962934269759424,0.24962934269759424,0.00040280031755103146,0.008144430489347432
2023-01-18,1.0273988168052082,-0.14377440231729455,0.25088907201602917,-0.14911092798397088,0.0004006298646592175,0.0038216868543177185
2023-01-19,1.0295941918958464,-0.14194479504271673,0.25088907201602917,0.25087906694306816,0.00020000500253648053,0.0021368285175422663
2023-01-20,1.0319932354467942,-0.13994545217344556,0.25087906694306816,-0.14970228960515522,0.00020029067827411168,0.002330086523242514
2023-01-21,1.023481296471742,-0.14703923106158567,0.2505585935674678,0.05055859356746778,0.0001001304415863115,-0.008248056947165239
2023-01-22,1.023096835252416,-0.1473596378324703,0.25049860287740466,0.05049860287740463,0.0004000299953450316,-0.0003756406889457997
2023-01-23,1.0196174448968776,-0.15025933271045955,0.2491846864049048,0.2491846864049048,0.0005006569582362499,-0.0034008416756330373
2023-01-24,1.0170073676522735,-0.1524345492984136,0.2491846864049048,0.2491416408268307,0.00020002152278903704,-0.0025598593449664975
2023-01-25,1.0134019789674138,-0.15543925013228443,0.2491416408268307,0.24870812764745584,0.00020021675658968746,-0.0035450959349365707
2023-01-26,1.021556999084267,-0.14864292444117655,0.24898854284844185,0.24898854284844185,0.00020014020760049302,0.008047172085819065
2023-01-27,1.0197503085553181,-0.15014860524659857,0.24898854284844185,0.24407692954777582,0.00020245580665033305,-0.0017685655627320829
2023-01-28,1.0170838616812794,-0.15237079981317636,0.24407692954777582,0.043693007206110385,0.0003001919611708327,-0.0026148036942623687
2023-01-29,1.0136498200531479,-0.15523270144029466,0.24421919310717544,-0.15578080689282459,0.0005002630929505326,-0.0033763603548464527
2023-01-30,1.0064604398608479,-0.16122427087898838,0.24421919310717544,0.24415871098555206,0.0004000302410608117,-0.007092567916529013
2023-01-31,1.0087824223211186,-0.1592891500794178,0.2442713330500559,0.2442713330500559,0.00020005631103225193,0.002307077723388895
2023-02-01,1.0111423901871466,-0.15732237255977333,0.2442713330500559,0.04339403657687982,0.0005004386482365881,0.002339422073392994
2023-02-02,1.0260334749676903,-0.14491226680744962,0.24361250490081932,0.043612504900819304,0.00020010923416196975,0.014726990901637205
2023-02-03,1.025670306739909,-0.14521492817692472,0.043612504900819304,0.04335650171508527,1.280015928670185e-07,-0.0003539535859591325
2023-02-04,1.0298193702017255,-0.1417571333222798,0.2404880064937343,0.2404880064937343,0.0007014342476106756,0.004045221387957376
2023-02-05,1.028749531588811,-0.14264872789177252,0.2407843933348206,0.04078439333482059,0.00030014819342054317,-0.0010388604486096797
2023-02-06,1.028847417796237,-0.14256715034361178,0.04101010056722215,0.04101010056722215,1.1285361620078094e-07,9.515067022292101e-05
2023-02-07,1.0318892300431985,-0.14003212940861398,0.2400575418616248,-0.1599424581383752,0.0003004762793527987,0.0029565241593183522
2023-02-08,1.0350369205161176,-0.1374088704439248,0.24006127924745196,-0.15993872075254806,0.0004000018686929136,0.0030504150845629407
2023-02-09,1.0403407047028133,-0.13298874097623192,0.24006127924745196,0.03971772796126949,0.0005001717756430913,0.0051242463737906085
2023-02-10,1.0316364295416234,-0.14024281123636684,0.24123180276705208,0.24123180276705208,0.0003007570374028913,-0.008366754392902576
2023-02-11,1.0350601816734533,-0.13738948478957447,0.32268487590323175,-0.32268487590323175,0.0004819583393351419,0.00331875846352947
2023-02-12,1.03280291610056,-0.1392706710754309,0.32268487590323175,-0.10840298477646337,0.00010714094556338418,-0.002180806114329026
2023-02-13,1.039196759454772,-0.13394209539683188,0.3123809972670356,0.08761900273296439,0.00030198900624528615,0.006190768107381173
2023-02-14,1.0342458004595876,-0.13806818329513826,0.3135987104789496,-0.11359871047894958,0.000300608856605957,-0.004764217122637304
2023-02-15,1.030415764390819,-0.14126010338350792,0.32236956300493047,-0.32236956300493047,0.00010438542626299042,-0.0037032164569297255
2023-02-16,1.013441308905453,-0.15540647289023035,0.32236956300493047,-0.11747456520938954,0.0003024474988977705,-0.016473404301418748
2023-02-17,1.0084850147804798,-0.1595370070411677,0.23873682722157014,0.23873682722157014,0.00037810569621547985,-0.004890558615899154
2023-02-18,1.0151891409681213,-0.1539498442392837,0.23873682722157014,0.23359264525413198,0.00040257209098371906,0.006647720183626138
2023-02-19,1.0147589405769337,-0.1543083696541887,0.23359264525413198,0.03311795822564124,0.0003002373435142454,-0.0004237637833445218
2023-02-20,1.0146913672619708,-0.15436468469080844,0.033167864331813776,0.033167864331813776,2.495305308626919e-08,-6.659050959112456e-05
2023-02-21,1.017691184453705,-0.15186466208428206,0.23328803869826006,0.03328803869826005,0.00020006008718322316,0.002956383870524437
2023-02-22,1.0164454376188818,-0.15290285709751428,0.03478686253079734,0.03478686253079734,7.494119162686427e-07,-0.001224091211413647
2023-02-23,1.0225616169905667,-0.14780568426414475,0.2345330369373921,0.2345330369373921,0.00010012691279670263,0.006017223498006263
2023-02-24,1.0210948744908712,-0.14902805521971352,0.2345330369373921,0.03380239837924724,0.00010036531927907244,-0.00143438055499312
2023-02-25,1.0212816818320538,-0.1488723715409519,0.2334300164641847,0.033430016464184684,0.00040018619095753133,0.00018294807451435524
2023-02-26,1.0216219148229184,-0.14858882420647046,0.23420013325678898,0.03420013325678897,0.00020038505839630214,0.00033314314445909154
2023-02-27,1.0169672480482903,-0.1524679846414736,0.23469956450963714,-0.16530043549036288,0.0003002497156264241,-0.004556154000900481
2023-02-28,1.0197840001685972,-0.15012052693733358,0.23475392445345108,-0.16524607554654894,0.000400027179971907,0.002769756966819914
2023-03-01,1.0185364619074049,-0.1511602149103478,0.23475392445345108,-0.1655824223831409,0.000400168173418296,-0.0012233357858025817
2023-03-02,1.0289658149619905,-0.14246847913399685,0.23465656360236847,-0.16534343639763155,0.0004001194929927547,0.010239548061990122
2023-03-03,1.0276752951395138,-0.14354398758139553,0.23480912915972235,0.03480912915972233,0.00030007628277867697,-0.0012541911535912664
2023-03-04,1.0279296856867246,-0.14333198062288288,0.23458492687172314,-0.16541507312827688,0.0003001121011439996,0.0002475398099097692
2023-03-05,1.027346288807217,-0.14381817871234148,0.23458492687172314,0.033729593154501206,0.00010042766685861097,-0.0005675455117464256
2023-03-06,1.0296159199296266,-0.14192668708073974,0.23639943247542367,0.23639943247542367,0.00030133491966046123,0.002209217230002558
2023-03-07,1.0301200154184305,-0.141506578108323,0.2364009608599025,0.036400960859902486,0.0003000007641922394,0.0004895956628521159
2023-03-08,1.0299690049037535,-0.14163242901068984,0.23647846197860548,0.23647846197860548,0.0003000387505593515,-0.00014659506893743846
2023-03-09,1.0283630062046392,-0.14297085492040906,0.23670676556014902,0.03670676556014903,0.00010011415179077179,-0.001559268960002913
2023-03-10,1.0150084293553716,-0.15410044778885368,0.2367164667160962,0.2367164667160962,0.0003000048505779736,-0.012986247821719421
2023-03-11,1.0133752223927976,-0.15546154883821817,0.2367164667160962,-0.10979096522111456,0.0001732537159686054,-0.001609057536213987
2023-03-12,1.0100145300557324,-0.15826232177844723,0.2992869139104365,-0.2992869139104365,0.00010525202565533906,-0.003316335610743404
2023-03-13,0.9793718845004076,-0.18379964679384264,0.2992869139104365,-0.09906210654545855,0.00010011240368248896,-0.03033881656497872
2023-03-14,0.9730530311543881,-0.1890657264255955,0.10620814009270169,-0.10620814009270169,3.573016773621568e-06,-0.006451944808733123
2023-03-15,0.9739725178819917,-0.188299433862254,0.22739721299683652,0.0273972129968365,0.0002668026765447691,0.000944950273177092
2023-03-16,0.9755647108811997,-0.18697251350759336,0.22648038911354623,0.026480389113546218,0.00020045841194164517,0.0016347411964678926
2023-03-17,0.9716495294943219,-0.19023539299332204,0.2251416350582572,-0.1748583649417428,0.00010066937702764452,-0.004013246218534272
2023-03-18,0.9752136942625331,-0.18726504782746822,0.22554085923229136,0.025540859232291362,0.0003001996120870171,0.0036681587959650486
2023-03-19,0.9752721780677337,-0.1872163079124094,0.22541462147099947,0.02541462147099946,0.00020006311888064594,5.997024605175483e-05
2023-03-20,0.9800656533069592,-0.1832214656617187,0.227039477965836,0.027039477965836015,0.0002008124282474183,0.004915012800546847
2023-03-21,0.9785324938819995,-0.18449918792838538,0.2273534293206726,0.027353429320672574,0.0002001569756774183,-0.001564343592479589
2023-03-22,0.9784563958813464,-0.18456260736689933,0.2272834173531137,0.027283417353113692,0.00020003500598377944,-7.776747438725806e-05
2023-03-23,0.9804036368942443,-0.1829397929614036,0.22709122180404256,0.02709122180404254,0.00020009609777453557,0.001990115268388326
2023-03-24,0.9793853376597423,-0.18378843504315379,0.02709122180404254,0.027088079683240892,1.57106040082379e-09,-0.0010386530569467256
2023-03-25,0.9792186353247803,-0.18392736337755833,0.22718568546393428,-0.17281431453606574,0.0001000488028903467,-0.0001702111809906981
2023-03-26,0.9865061795129801,-0.17785398488410853,0.22718568546393428,-0.17290412760816748,0.0008000449065360508,0.007442203329576902
2023-03-27,0.9878106747620484,-0.1767668294328486,0.22723287566143208,0.02723287566143205,0.0003000685016347998,0.0013223386494252143
2023-03-28,0.9878863620332806,-0.17670375229280555,0.227611597744582,0.227611597744582,0.000500189361041575,7.662123235285812e-05
2023-03-29,0.9910320257371624,-0.17408218242051343,0.227611597744582,-0.172706095310874,0.000200158846527728,0.0031842363907195192
2023-03-30,0.9922529366473829,-0.17306468545952658,0.22729390468912603,0.027216633998714893,0.00010003863534520557,0.0012319590876104236
2023-03-31,0.991752708757996,-0.17348157120687413,0.22701981661468518,0.02701981661468516,0.0004000984086920149,-0.0005041334431075128
2023-04-01,0.9915850148586319,-0.17362132590277424,0.22697492955070006,0.02697492955070006,0.00020002244353199255,-0.00016908842081797548
2023-04-02,0.9905658250123237,-0.17447071021296945,0.22687426250267587,0.02687426250267586,0.0004000503335240121,-0.0010278390970321905
2023-04-03,0.9906940226959154,-0.1743638713335981,0.22698472862148736,0.22698472862148736,0.00010005523305940575,0.0001294186417029053
2023-04-04,0.9942065957095422,-0.17143652230535122,0.22744985175300567,-0.17255014824699436,0.00020023256156575918,0.003545567988860965
2023-04-05,0.9910946248502427,-0.17403001284222042,0.22745933851134537,-0.17254066148865466,0.00020000474337916987,-0.0031301048220029326
2023-04-06,0.9894243933725779,-0.1754219698133983,0.22745933851134537,0.22716592570070088,0.00020014670640532226,-0.0016852391646393627
2023-04-07,0.9883999465289587,-0.1762757352612695,0.22716592570070088,0.027119574511116185,0.00030002317559479235,-0.0010353967928012908
2023-04-08,0.9885054742628713,-0.1761877893287227,0.027119574511116185,0.027103591795558116,7.991357779034424e-09,0.00010676622786465195
2023-04-09,0.988092200128848,-0.17653220854219942,0.2270603757460549,0.2270603757460549,0.00010002160802475162,-0.00041807976261565294
2023-04-10,0.9861984897106321,-0.17811041099693548,0.2272243872925237,0.2272243872925237,0.00040008200577323444,-0.0019165320988970835
2023-04-11,0.9906876749217443,-0.1743691615156041,0.22966888727383908,0.029668887273839074,0.0003012222499906577,0.004552009821501279
2023-04-12,0.9906672823614104,-0.17438615650515876,0.029668887273839074,0.029661974954763005,3.4561595380344644e-09,-2.058424753836885e-05
2023-04-13,0.9919554828897037,-0.17331258093817214,0.029661974954763005,0.029571600645173425,4.518715479479019e-08,0.0013003361988737083
2023-04-14,0.9835798479024123,-0.18029276522071402,0.23897902926671014,0.03897902926671013,0.0004047037143107684,-0.008443559344912144
2023-04-15,0.9867178841646794,-0.17767755199459334,0.24042399143519066,0.040423991435190654,0.00020072248108424028,0.003190423501415074
2023-04-16,0.9866250500972652,-0.17775491913144115,0.04956577396601279,0.04956577396601279,4.570891265411069e-06,-9.408369798935556e-05
2023-04-17,0.983764661479998,-0.18013874312789102,0.24949606030886576,0.04949606030886574,0.00020003485682857354,-0.002899164801241194
2023-04-18,0.9877747716820304,-0.17679675076003354,0.2505461901545042,0.05054619015450416,0.00020052506492281922,0.004076290152560835
2023-04-19,0.9858495252914775,-0.1784012350308678,0.25235335574760387,0.05235335574760388,0.00020090358279654987,-0.0019490742684885598
2023-04-20,0.9855262610614062,-0.17867064074175132,0.25226665109365787,0.25226665109365787,0.00010004335232697301,-0.0003279042305933677
2023-04-21,0.9800340491166759,-0.1832478043300838,0.25226665109365787,0.24657518378751364,0.0002028457336530721,-0.005572872242712412
2023-04-22,0.9742245416440674,-0.18808939936271618,0.24679566092058913,0.04679566092058911,0.00030011023856653775,-0.005927862891952351
2023-04-23,0.9740667579226918,-0.18822089499900618,0.04679566092058911,0.04598279287019007,4.064340251995202e-07,-0.00016195827002307706
2023-04-24,0.9755075041330398,-0.18702018913397478,0.24568968938708935,0.045689689387089345,0.00020014655174155037,0.001479104177031898
2023-04-25,0.9724885085813214,-0.18953619482562,0.24821238585340147,0.04821238585340145,0.000601261348233156,-0.0030947948005801695
2023-04-26,0.9579830284967743,-0.20162494084314708,0.34383864591051844,-0.34383864591051844,0.00019602551588195993,-0.014915837006351573
2023-04-27,0.9821129532839425,-0.18151526295079934,0.34383864591051844,-0.14320089386659404,0.0003003188760219622,0.02518825915426981
2023-04-28,0.9837573371563705,-0.18014484715806212,0.32671128437748226,-0.12671128437748225,0.0002082448047445559,0.0016743327403754282
2023-04-29,0.9816617091236036,-0.18189132606725156,0.3241096494906246,-0.3241096494906246,0.00010130081744342883,-0.002130228617990504
2023-04-30,0.9810047874826086,-0.18243879907918348,0.32772544917737384,-0.12772544917737383,0.00030180789984337464,-0.0006691935061672316
2023-05-01,0.983930236174048,-0.18000075456000952,0.3279954095826038,-0.1279954095826038,0.00020013498020261502,0.0029820942046046017
2023-05-02,0.9783557664634528,-0.18464647108376475,0.32945994155568,-0.32945994155568,0.0003007322659865381,-0.00566551316917685
2023-05-03,0.9792070072752168,-0.183937054096999,0.32945994155568,-0.32227817406361536,3.5908837460322947e-06,0.0008700728722039752
2023-05-04,0.9756312961576158,-0.1869170218940508,0.3223163205828137,-0.12231632058281368,0.0003000190732595992,-0.0036516396339438817
2023-05-05,0.9652472223937558,-0.19557102228748136,0.32227624404729516,-0.32227624404729516,0.00030002003826775926,-0.01064344061610123
2023-05-06,0.959375198995115,-0.20046471757101525,0.32227624404729516,0.0417809370797999,0.00018202859056354754,-0.006083439830138704
2023-05-07,0.9646858033392058,-0.19603890424108072,0.24086215899199298,0.24086215899199298,0.0003004593890439035,0.005535482207223108
2023-05-08,0.9579536387105503,-0.20164943404565405,0.24086215899199298,-0.16056891088920475,0.0002007155349405989,-0.006978608584627954
2023-05-09,0.9579404160899151,-0.2016604536673151,0.23943108911079528,-0.16089351272306118,0.00020016230091692824,-1.3802985968092152e-05
2023-05-10,0.9576815583494918,-0.20187618354736114,0.23910648727693884,0.03841892521889154,0.00030034378102902364,-0.0002702232164712992
2023-05-11,0.9587356961449502,-0.20099767390807322,0.23849679541321575,0.03849679541321574,0.00020003893509716212,0.0011007184865059472
2023-05-12,0.9582869902635658,-0.2013716216440331,0.23837339904820537,0.03837339904820535,0.0002000616981825052,-0.0004680183320505682
2023-05-13,0.9562982091901014,-0.20302905518924796,0.11423241507536126,-0.11423241507536126,7.630290706178331e-05,-0.002075350175543944
2023-05-14,0.9546570326080333,-0.2043967980529724,0.31311189029888686,-0.11311189029888688,0.0002005602623882372,-0.001716176571596284
2023-05-15,0.9540807040697956,-0.20487710544581972,0.11769405710611655,-0.11769405710611655,2.2910834036148354e-06,-0.0006037021868096071
2023-05-16,0.9545376390188284,-0.20449629967357408,0.12031791318155066,-0.12031791318155066,1.3119280377170556e-06,0.00047892693676709897
2023-05-17,0.9584596459021913,-0.2012277318760507,0.3216671329253544,0.07833286707464557,0.0003006746098719019,0.004108802757526675
2023-05-18,0.9617554175857094,-0.1984810632665608,0.32168653960676374,-0.32168653960676374,0.00020000970334070465,0.0034386128801688898
2023-05-19,0.9625966390338793,-0.19777999633377752,0.32168653960676374,0.07839059602590454,0.00020003856781633414,0.0008746729498894101
2023-05-20,0.9615270240549249,-0.19867140452859466,0.32205591085913565,-0.32205591085913565,0.0002002232534425201,-0.0011111767230181924
2023-05-21,0.9635297367791666,-0.19700236046191677,0.3308725769256441,-0.3308725769256441,0.0002044083330332542,0.0020828460086252942
2023-05-22,0.9638989601077765,-0.1966946528219562,0.33179969416412347,0.06820030583587652,0.0004004635586192397,0.00038319868553848835
2023-05-23,0.960493260254196,-0.1995329346507475,0.3332886654136049,-0.3332886654136049,0.0002007444856247407,-0.0035332539970753807
2023-05-24,0.9620140213803766,-0.19826554502278815,0.3332886654136049,0.0448578422624577,0.0003890732538380313,0.00158331264685585
2023-05-25,0.9617593681747237,-0.19847777087865393,0.2441796978156446,0.0441796978156446,0.00020033907222340657,-0.00026470841380099586
2023-05-26,0.9617727940423036,-0.19846658187268562,0.24288121710080932,0.0428812171008093,0.00020064924035741765,1.3959695143617168e-05
2023-05-27,0.9627166234883676,-0.19768000229098082,0.2430035071131044,-0.15699649288689563,0.00010006114500614754,0.0009813434648071606
2023-05-28,0.9621489765197272,-0.19815307453619546,0.3528447835494422,-0.04715521645055781,5.492063821816891e-05,-0.000589630380104289
2023-05-29,0.9611308223655861,-0.19900159570918396,0.3571588940575092,-0.042841105942490826,2.1570552540334935e-06,-0.0010582084261275826
2023-05-30,0.9622541211629085,-0.1980654478682662,0.3571588940575092,0.15638227302647406,0.0005003883105155176,0.0011687262245505536
2023-05-31,0.9610943578848906,-0.19903198490300722,0.15638227302647406,0.051056922979234406,5.266267502361983e-05,-0.0012052567534021064
2023-06-01,0.9616132750316827,-0.19859952368454736,0.251104735596673,0.051104735596673015,0.00020002390630871934,0.0005399232058089787
2023-06-02,0.9630851048169721,-0.19737291302763094,0.2546668287700452,0.0546668287700452,0.0002017810465866861,0.0015305838880463885
2023-06-03,0.9644518446443512,-0.1962338834643953,0.36524558735888923,-0.03475441264111079,0.00035528937929442205,0.0014191267423215859
2023-06-04,0.9657685231826793,-0.19513657456156663,0.36524558735888923,0.363721520968736,0.00020076203319507662,0.001365209207320417
2023-06-05,0.9572651613607488,-0.20222320532189308,0.3657091383535118,0.1657091383535118,0.0003009938086923879,-0.008804761822126639
2023-06-06,0.9578648921587894,-0.20172339468107692,0.25870385163569265,0.14129614836430734,0.0004122064949946023,0.000626504360806468
2023-06-07,0.9580929533413403,-0.20153333039528676,0.25870385163569265,-0.17305679652947442,0.00015717647244689088,0.00023809326807699982
2023-06-08,0.9576750950026997,-0.20188157004662466,0.17305679652947442,-0.058641074750941796,5.720786088926632e-05,-0.0004361354889262925
2023-06-09,0.9592038851574644,-0.20060748909326598,0.2609581127379035,-0.2609581127379035,0.00030115851899348083,0.0015963557606761825
2023-06-10,0.9644470916759381,-0.19623784454859516,0.26133143747155924,-0.061331437471559204,0.00030018666236682786,0.0054662065068804555
2023-06-11,0.9640738241152917,-0.19654892261777557,0.26227058193513564,-0.06227058193513562,0.0002004695722317882,-0.00038702751438668415
2023-06-12,0.9672904636122478,-0.19386820211200806,0.25571689923387814,-0.05571689923387814,0.00040327684135062875,0.0033365074504609904
2023-06-13,0.9696646929111324,-0.19188953923326868,0.25709481003384765,-0.25709481003384765,0.00010068895539998475,0.0024545153583113155
2023-06-14,0.9675791103251572,-0.19362764635095653,0.25797900368522014,0.1420209963147799,0.00040044209682568623,-0.002150828633053159
2023-06-15,0.9706313917416882,-0.1910839004974313,0.25856455832401604,-0.058564558324016025,0.000300292777319398,0.003154554892678796
2023-06-16,0.9712336665718854,-0.19058196968145236,0.25851605563452484,0.14148394436547518,0.0001000242513447456,0.0006204979926682785
2023-06-17,0.9718935954536956,-0.1900319904601281,0.25851605563452484,-0.050819753326503674,0.0005038481511540106,0.0006794748828484742
2023-06-18,0.9711156711990214,-0.19068030604022723,0.24960883619112784,0.15039116380887219,0.00030060545856768796,-0.0008004212172110226
2023-06-19,0.9739716731783086,-0.18830013783125232,0.24960883619112784,-0.04825680952223706,0.0003006760133344454,0.002940949326626141
2023-06-20,0.9733703684465769,-0.1888012601752681,0.2482152278335785,-0.048215227833578476,0.00020002079084432929,-0.0006173739424786273
2023-06-21,0.9692089399259813,-0.1922693599666817,0.2481192388918001,-0.048119238891800094,0.0002000479944708892,-0.004275277587538429
2023-06-22,0.9694049729162735,-0.1921059877089636,0.34412515118000153,0.34412515118000153,0.0003961221950359008,0.00020226081520036132
2023-06-23,0.9734106930894384,-0.18876765395451844,0.34412515118000153,0.12617826101503815,0.0003089734450824817,0.004132143206481365
2023-06-24,0.9715084210394062,-0.1903529916017418,0.32708474036117086,0.12708474036117082,0.00020045323967306635,-0.001954233771560898
2023-06-25,0.9715098820697725,-0.19035177399123038,0.3304449188472433,0.1304449188472433,0.0006016800892430363,1.5038782283927077e-06
2023-06-26,0.973880165579089,-0.1883763995005795,0.32816967713204215,0.12816967713204216,0.0004011376208576006,0.0024397935142619342
2023-06-27,0.9708440567445813,-0.19090666725924765,0.3295456881777007,0.1295456881777007,0.0002006880055228293,-0.003117538421888666
2023-06-28,0.9741614057086824,-0.18814201632423688,0.32963219935872967,0.12963219935872966,0.0004000432555905145,0.00341697406607655
2023-06-29,0.9740196555198947,-0.18826014974830851,0.3296538332494591,0.12965383324945912,0.00020001081694536474,-0.00014550996164941488
2023-06-30,0.9723892681599692,-0.1896189009643625,0.3317592484668327,0.13175924846683268,0.0004010527076086868,-0.001673875214618259
2023-07-01,0.9821199862609885,-0.18150940172643726,0.3318699895057479,0.1318699895057479,0.0006000553705194576,0.010007019225369396
2023-07-02,0.9818382385928,-0.18174420788120837,0.13378155410153275,0.13378155410153275,9.557822978924213e-07,-0.0002868770334878423
2023-07-03,0.9851223182246457,-0.1790072833299824,0.13378155410153275,0.12865144096971967,2.56505656590654e-06,0.0033448275925265225
2023-07-04,0.9845474558740136,-0.17948636881431834,0.3293555609171444,0.1293555609171444,0.00020035205997371235,-0.0005835441345686254
2023-07-05,0.9842283256887429,-0.1797523292467741,0.32723283844029344,0.12723283844029343,0.0004010613612384255,-0.0003241389568022779
2023-07-06,0.9801479046238961,-0.18315291810077883,0.32702494646135827,0.32702494646135827,0.00010010394598946757,-0.00414580738874093
2023-07-07,0.977449687017943,-0.18540159013012691,0.33151733508174575,0.33151733508174575,2.246194310193711e-06,-0.0027528678000765527
2023-07-08,0.9756070177401899,-0.1869372553244687,0.33166877100365977,0.33166877100365977,0.00020007571796095701,-0.0018851806923934067
2023-07-09,0.9759082897666682,-0.18668617773247909,0.33166877100365977,0.3313568988790837,0.00040015593606228803,0.0003088046938970468
2023-07-10,0.9747786173016382,-0.18762763733486,0.3314303512637059,0.1314303512637059,0.0003000367261923111,-0.0011575600667372843
2023-07-11,0.9770881199215778,-0.1857029171300454,0.33161962158188174,0.13161962158188173,0.00020009463515908792,0.0023692585977432845
2023-07-12,0.9781426990904547,-0.18482403965383498,0.34797637827173933,0.14797637827173932,0.0004081783783449288,0.0010793081477267208
2023-07-13,0.9803927974635737,-0.18294882645244193,0.34795794631565025,0.14795794631565024,0.00020000921597804455,0.0023003784368176294
2023-07-14,0.9778299761127957,-0.18508466037295146,0.3482108618804199,0.14821086188041988,0.00040012645778238486,-0.002614076069721083
2023-07-15,0.9835645585517124,-0.1803055072379589,0.3456515825961508,0.14565158259615082,0.00040127963964213455,0.005864600778258344
2023-07-16,0.9838839556739967,-0.18003932434242442,0.3413351586035109,0.14133515860351087,0.00060215821199632,0.00032473427342094574
2023-07-17,0.9796478643191676,-0.18356964751663796,0.3559092997095332,0.3559092997095332,0.0005072870705530112,-0.004305478639427429
2023-07-18,0.9776469461508119,-0.18523719601542055,0.35815384779769144,0.35815384779769144,1.122274044079108e-06,-0.002042487143831484
2023-07-19,0.9785243945400391,-0.18450593785236558,0.3592977508539785,0.15929775085397854,0.00030057195152814357,0.0008975104895321273
2023-07-20,0.978680640273945,-0.18437572396199453,0.3588021295473947,0.1588021295473947,0.00020024781065329194,0.0001596748479417709
2023-07-21,0.9789071086371018,-0.18418698711859105,0.3598805257569778,0.15988052575697784,0.0002005391981047916,0.00023140169922286624
2023-07-22,0.9789873760257097,-0.18412009294695975,0.3588647422525624,-0.041135257747437676,0.0005005078917522077,8.199694118471434e-05
2023-07-23,0.9799103733663388,-0.18335087466802769,0.39675078750884524,0.39675078750884524,0.0006189430226281415,0.0009428082151350381
2023-07-24,0.9819250260502781,-0.181671879938607,0.39946537050547365,-0.000534629494526373,0.00040135729149831423,0.002055956073839793
2023-07-25,0.9817575311481674,-0.18181146879185728,0.39946537050547365,0.13160153548279174,0.000333931917511341,-0.0001705780967679038
2023-07-26,0.9819381553983376,-0.18166093804953187,0.2697083320871264,0.1302916679128736,6.549337849590734e-07,0.0001839805088774682
2023-07-27,0.9807734084859383,-0.18263162840356528,0.2697083320871264,-0.06965317825557997,0.00030002757691577326,-0.0011861713550846975
2023-07-28,0.9797225087121467,-0.1835074395026255,0.26964966632507764,-0.06964966632507763,0.00020000175596525117,-0.0010715010875067543
2023-07-29,0.9789174908145045,-0.18417833469860923,0.2699457201690455,-0.2699457201690455,0.00030014802692198393,-0.0008216794964757135
2023-07-30,0.977844180141246,-0.18507282285420956,0.2701088355216812,-0.2701088355216812,0.00020008155767631787,-0.0010964260862954545
2023-07-31,0.9774277572446134,-0.18541986622016038,0.270191294774313,-0.07019129477431296,0.0005000412296263159,-0.0004258581327054589
2023-08-01,0.9818592900546149,-0.18172666376865954,0.27017930055436545,0.12982069944563457,0.0005000059971099738,0.004533872480247947
2023-08-02,0.985528851948407,-0.1786684815181523,0.27836893896327863,-0.27836893896327863,0.00020409481920445662,0.0037373602622645663
2023-08-03,0.9856907345316729,-0.17853356992457825,0.27836893896327863,-0.07749565037126402,0.00010043664429600732,0.00016425960837440634
2023-08-04,0.984717669145043,-0.1793445144951028,0.283170292908686,-0.08317029290868602,0.000202837321268711,-0.0009871913700122414
2023-08-05,0.9871254050657575,-0.17733792747742794,0.28337708727909583,0.11662291272090416,0.0005001033971852049,0.0024451027905318945
2023-08-06,0.9869529866453682,-0.1774816195497123,0.2894104339679954,-0.08941043396799536,0.0003030166733444498,-0.0001746671897030483
2023-08-07,0.9853567502478754,-0.17881190963875115,0.28946452741706363,0.11053547258293638,0.00030002704672453415,-0.001617337825702947
2023-08-08,0.9864110824554748,-0.17793323797800786,0.29007648766867467,0.10992351233132533,0.00020030598012580554,0.0010700004920358719
2023-08-09,0.9858110626353629,-0.17843328948740556,0.29007648766867467,-0.09020184060536297,0.00010006267646834416,-0.0006082857652193185
2023-08-10,0.9856906857053169,-0.17853361061605577,0.2882979415320031,-0.0882979415320031,0.00020095194953667996,-0.0001221095345822487
2023-08-11,0.986165314066891,-0.1781380593014945,0.2879965341300524,-0.2879965341300524,0.0005001507037009754,0.00048151856201528176
2023-08-12,0.9856027330414409,-0.1786069096319426,0.4640070446336765,-0.4640070446336765,0.0006880052552518121,-0.0005704733450112576
2023-08-13,0.9852908148131597,-0.17886685967964522,0.4651042739275674,-0.2651042739275674,0.0007005486146469455,-0.00031647459754879925
2023-08-14,0.9830711094418673,-0.1807167436070225,0.4900246135827372,-0.4900246135827372,0.00011246016982758489,-0.00225284285403049
2023-08-15,0.9863810048117961,-0.17795830443517568,0.5,-0.30000000000000004,0.00010498769320863144,0.0033668931353376674
2023-08-16,0.9874150350537172,-0.17709655226315746,0.5,-0.5,0.0007,0.001048307131707782
2023-08-17,0.9917299424612038,-0.17350054444857843,0.5,-0.10000000000000003,0.0002,0.004369902476974108
2023-08-18,0.9940671794267357,-0.17155271067166045,0.5,-0.10000000000000003,0.0002,0.002356727235371725
2023-08-19,0.9899454123832936,-0.17498775691908985,0.5,-0.30000000000000004,0.0001,-0.004146366693067893
2023-08-20,0.9904622952629282,-0.17455699104189792,0.44570702989916416,-0.44570702989916416,0.000527146485050418,0.000522132708701939
2023-08-21,0.9916549389407704,-0.1735630517564134,0.44570702989916416,-0.07957849676495128,0.00038306426656710646,0.0012041282980157497
2023-08-22,0.9920694516472679,-0.17321760032697575,0.279716005535847,-0.079716005535847,0.0004000687543854479,0.0004180009499470394
2023-08-23,0.9937481289277693,-0.1718186046942154,0.2796608139463743,-0.0796608139463743,0.00020002759579473636,0.0016920965338802496
2023-08-24,0.9943810068119578,-0.1712911695485,0.0797539432049343,-0.0797539432049343,4.6564629280002045e-08,0.000636859447347593
2023-08-25,0.9947718776113719,-0.17096542108707413,0.44144142276111403,-0.24144142276111402,0.0002808437397780899,0.000393079510507377
2023-08-26,0.9933938208360824,-0.1721138821002297,0.4440686539307998,-0.4440686539307998,0.0005013136155848428,-0.0013852992895190264
2023-08-27,0.9924746002122853,-0.17287995289488023,0.4440686539307998,0.1186781530499927,0.0006813734034903964,-0.0009253335429664222
2023-08-28,0.994274689342508,-0.1713797736400512,0.2815445462475836,-0.08154454624758359,0.00030011134964878815,0.0018137382355531972
2023-08-29,0.9991851879239827,-0.16728740511278584,0.2816602262438248,0.11833977375617521,0.0001000578399981206,0.004938774600330431
2023-08-30,0.9939456893174484,-0.17165395951459816,0.44517035895351753,0.44517035895351753,0.0007634152925986711,-0.005243771294710431
2023-08-31,0.9947845860039183,-0.17095483001880973,0.44517035895351753,0.008531622188835047,0.00021831936838234125,0.000844006564427513
2023-09-01,0.986352757152862,-0.1779818457983332,0.40899804895734415,0.40899804895734415,0.00020023321338425454,-0.008476034882008432
2023-09-02,0.985142252268702,-0.17899067046406592,0.40987419221838406,0.009874192218384037,0.00040043807163052,-0.0012272535108576177
2023-09-03,0.9849770193319544,-0.17912837421426442,0.40987419221838406,-0.0017393763465780587,0.00040580678428248106,-0.00016772495177153068
2023-09-04,0.9852056499187035,-0.17893783539176844,0.39826062365342196,0.197755780360585,0.0005002524216464185,0.00023211768626452134
2023-09-05,0.9864498728890823,-0.17790091035444378,0.19857100662275934,0.19857100662275934,4.0761313108717e-07,0.001262906856538848
2023-09-06,0.98450403657516,-0.17952255409553897,0.3987034459756607,0.1987034459756607,0.00040006621967645067,-0.0019725648179425015
2023-09-07,0.9843281923125972,-0.17966910123609348,0.2657951652822412,0.2657951652822412,0.0003664541403467098,-0.00017861202802038623
2023-09-08,0.9838861174734796,-0.18003752271678097,0.2657951652822412,0.1972052966821617,0.00016570506569996027,-0.00044911325569219063
2023-09-09,0.9835395718837744,-0.18032633091844152,0.26673433753272013,-0.1332656624672799,0.0005652354795747208,-0.0003522212414133197
2023-09-10,0.9842696047305161,-0.17971792763793826,0.2671469939989193,-0.13285300600108074,0.0006002063282330996,0.0007422506095413617
2023-09-11,0.9751131910172801,-0.18734880639310825,0.2671469939989193,0.26690905333298975,0.0002001189703329648,-0.009302749642200903
2023-09-12,0.9619118718216035,-0.19835067561237307,0.40035620356511675,-0.40035620356511675,0.00033363262844905326,-0.013538242859687966
2023-09-13,0.9614678417991358,-0.1987207265265436,0.40035620356511675,-0.38894452880271274,0.00020570583738120201,-0.0004616119578880751
2023-09-14,0.9572326852608831,-0.20225027063242584,0.38894452880271274,-0.2595550761819073,6.469472631040272e-05,-0.004404886314582468
2023-09-15,0.9586026230264221,-0.2011085759342227,0.25955558823899305,-0.05955558823899305,0.00010000025602854287,0.0014311439492502576
2023-09-16,0.9580923285459971,-0.20153385109451016,0.05955558823899305,-0.058255406932810866,6.500906530910907e-07,-0.0005323316128762468
2023-09-17,0.9575503801480466,-0.20198550636543156,0.25831635481615245,0.14168364518384757,0.0005000304739416708,-0.0005656536241901433
2023-09-18,0.9564346748745359,-0.20291532582699168,0.25831635481615245,-0.06415228481965429,0.00010291796500175093,-0.0011651661329157292
2023-09-19,0.9563751165937113,-0.20296496120106644,0.07421359463188158,-0.07421359463188158,5.030654906113645e-06,-6.227114344259377e-05
2023-09-20,0.9575657119133085,-0.20197272900024466,0.07421359463188158,-0.07380208002095726,2.0575730546216336e-07,0.0012449041165367714
2023-09-21,0.956045267892931,-0.20323985435487468,0.2740723136876114,0.12592768631238863,0.00030013511683332707,-0.0015878221217188182
2023-09-22,0.9571298646660595,-0.20233596045785385,0.2740723136876114,0.12723244043349546,0.0002006523770605534,0.0011344617347630592
2023-09-23,0.957644799700756,-0.20190681789837361,0.27276755956650456,-0.26881171989021446,0.0004019779198381451,0.000537999130216571
2023-09-24,0.9575712970801246,-0.20196807436884245,0.26881171989021446,-0.2686679295284756,0.0004000718951808694,-7.675353184555256e-05
2023-09-25,0.9580048422262575,-0.20160676146308654,0.26891044077329823,-0.06891044077329822,0.00030012125562241135,0.0004527549514647955
2023-09-26,0.9591476464102907,-0.20065435799570575,0.2689449293220809,-0.2689449293220809,0.00010001724427439137,0.001192900216847148
2023-09-27,0.9617577626964708,-0.1984791088708281,0.2690047070064067,-0.2690047070064067,0.0002000298888421629,0.002721287276204798
2023-09-28,0.9576514521370187,-0.20190127381352363,0.26907324026815227,-0.06907324026815224,0.0005000342666308728,-0.004269589202937851
2023-09-29,0.958581565258852,-0.2011261253019353,0.26827842961749837,-0.06827842961749833,0.00040039740532532694,0.0009712438902076403
2023-09-30,0.9577211012832239,-0.20184322879647465,0.41499708685016395,0.014997086850163932,0.0004416377582338311,-0.0008976429412088649
2023-10-01,0.9570300440976401,-0.20241915008631928,0.41499708685016395,0.013003956442631637,0.00020099656520376617,-0.0007215641220157387
2023-10-02,0.9628411684777449,-0.19757620753647687,0.41330384672600806,0.01330384672600804,0.00020014994514168822,0.006072039656379147
2023-10-03,0.952220924124574,-0.20642703052759792,0.43425200250424134,0.43425200250424134,0.0004104740778891167,-0.011030110365931933
2023-10-04,0.9515201960887774,-0.20701101142328238,0.43425200250424134,0.03399116231783006,0.00020013042009320563,-0.0007358880886189079
2023-10-05,0.9507063466312715,-0.20768926676753474,0.4339911623178301,0.2201867474447836,0.00030690220743652326,-0.0008553149590012632
2023-10-06,0.9538393241863139,-0.20507826942578744,0.2201867474447836,0.21877302419990718,7.068616224382012e-07,0.003295420890101708
2023-10-07,0.9533161283978596,-0.2055142964284925,0.21877302419990718,0.21816247168423722,3.052762578349827e-07,-0.0005485156411423331
2023-10-08,0.9519769062937615,-0.20663039295085084,0.4154555388259861,0.4154555388259861,0.0005013534664291255,-0.0014048037835585614
2023-10-09,0.9424022728322348,-0.21460981255314426,0.4156260576301584,0.4156260576301584,0.00020008525940208615,-0.010057632068834588
2023-10-10,0.9408956137337358,-0.21586544966895083,0.4156260576301584,0.12822303994513512,0.00014370150884251165,-0.0015987430653884305
2023-10-11,0.9402853698764744,-0.21637402180556342,0.2717769600548649,0.13205024573453691,1.913602894700897e-06,-0.0006485776406602861
2023-10-12,0.9391124905643956,-0.2173514896336043,0.2679497542654631,0.13224845738941773,0.00040009910582744046,-0.0012473652676665559
2023-10-13,0.9391656008924065,-0.21730722792958002,0.2745507754865735,0.12544922451342655,0.0008033996164379956,5.655374467061769e-05
2023-10-14,0.9378741386400091,-0.2183835217902077,0.27876039265292757,-0.27876039265292757,0.00020210480858317707,-0.001375116647337471
2023-10-15,0.9381369297789169,-0.21816451384869895,0.27886990722871213,-0.27886990722871213,0.0002000547572878923,0.0002801987261218386
2023-10-16,0.9341317180477612,-0.22150242387181784,0.2801446855151356,-0.2801446855151356,0.00020063738914321172,-0.004269325302116989
2023-10-17,0.9342090589496499,-0.22143796860978937,0.2805959840851769,-0.08059598408517689,0.00030022564928502065,8.279442865966047e-05
2023-10-18,0.9312563556969752,-0.22389872685278855,0.27926685500852577,-0.07926685500852577,0.0004006645645383256,-0.003160645065886536
2023-10-19,0.9311335682180789,-0.22400105691272854,0.27928821430449124,-0.07928821430449125,0.00040001067964798276,-0.00013185142645866232
2023-10-20,0.9299370486565381,-0.22499822632733335,0.2816023736813206,-0.2816023736813206,0.00010115707968841465,-0.0012850138824129775
2023-10-21,0.9282485563462542,-0.22640540172398316,0.2816023736813206,-0.08153838478037675,0.0005000319944504719,-0.001815706033786224
2023-10-22,0.9280932205167074,-0.226534857307657,0.27687319001073396,-0.07687319001073394,0.0002023325973848214,-0.00016734292607467616
2023-10-23,0.9238497262954047,-0.23007134996899403,0.28156145309015274,-0.08156145309015271,0.00020234413153970938,-0.004572271542875761
2023-10-24,0.9337966367005163,-0.22178167786951009,0.44530053409466797,0.045300534094667944,0.0004634309935924104,0.010766805598351192
2023-10-25,0.9405626967163585,-0.21614289993219815,0.44530053409466797,0.42623574736218195,0.000409532393366243,0.007245753250673559
2023-10-26,0.9379558816986323,-0.21831539780750386,0.42623574736218195,0.18224137246453104,0.0003219971874488255,-0.0027715483793104845
2023-10-27,0.940137900594554,-0.21649692147411148,0.38150336078256447,0.38150336078256447,0.0003003690058409833,0.002326355576523831
2023-10-28,0.9411273968099385,-0.2156722835880598,0.38150336078256447,0.37788492131163026,0.0004018092197354671,0.0010525011434552312
2023-10-29,0.9374697708644273,-0.2187205185189054,0.37850250779318995,-0.021497492206810076,0.00020030879324077985,-0.00388643020903523
2023-10-30,0.9401209250050487,-0.21651106878870097,0.37850250779318995,0.1866303974914737,0.00010406394484914189,0.00282798893683589
2023-10-31,0.9368969242297179,-0.21919792412241756,0.3875230237646124,0.3875230237646124,0.00010044631313656935,-0.003429346895255758
2023-11-01,0.9377093119182175,-0.21852088700425287,0.3875230237646124,0.18591445896309844,0.00010080428240075697,0.0008671046595332133
2023-11-02,0.938951441201184,-0.2174857068285404,0.38255213995407045,0.18255213995407046,0.000201681159504514,0.0013246421542145725
2023-11-03,0.9411828739392408,-0.21562604941159624,0.38261114907773497,0.38261114907773497,0.00010002950456183224,0.002376515589774364
2023-11-04,0.9431465164867265,-0.21398956610408726,0.38261114907773497,0.19149168251244691,0.000104440266717356,0.002086356012052315
2023-11-05,0.9455073591500457,-0.21202205953568276,0.3934323286891867,-0.006567671310813317,0.00010097032308836989,0.0025031557897452483
2023-11-06,0.9477087680567696,-0.21018742372914656,0.3947718392723487,0.1947718392723487,0.00010066975529158101,0.002328283207336579
2023-11-07,0.9440568288297231,-0.2132309193962938,0.1947718392723487,0.19189677222568735,1.4375335233306753e-06,-0.0038534403712813248
2023-11-08,0.9493366395219581,-0.20883076923876487,0.39145847518206717,0.39145847518206717,0.0003002191485218101,0.005592683121401265
2023-11-09,0.9659933424599373,-0.19494921205258553,0.39145847518206717,0.18533261981765553,0.00010306292768220582,0.017545623169425317
2023-11-10,0.9665118747635499,-0.19451707155921893,0.3975199356199945,-0.002480064380005531,0.00010609365790116949,0.0005367866224541551
2023-11-11,0.9650653120161241,-0.1957226248776972,0.3975199356199945,0.35745987254457773,0.0002200300315377084,-0.0014966838848015085
2023-11-12,0.9644109327568388,-0.19626797908993487,0.35745987254457773,0.15717500033425558,0.0003001424361051611,-0.000678067329889398
2023-11-13,0.9738301618576151,-0.18841807218464823,0.3574637017774709,0.3574637017774709,0.00010014435072160764,0.009766821155639649
2023-11-14,0.9731798647470071,-0.1889600243682541,0.3574637017774709,0.356886263470758,0.0006002887191533565,-0.0006677726117793048
2023-11-15,0.9693519365124454,-0.1921501878051909,0.356886263470758,0.15583376496617474,0.00010052624925229164,-0.003933423176154416
2023-11-16,0.9729256524810201,-0.18917188274868302,0.34637388268170355,-0.05362611731829647,0.0001047299411422356,0.0036867063797623167
2023-11-17,0.9606497853869154,-0.19940248791173742,0.34637388268170355,0.3450908218323265,0.0004006415304246885,-0.012617477052637827
2023-11-18,0.9679347931249117,-0.19333122327471408,0.3450908218323265,0.343307659854696,0.00020089158098881524,0.007583416817258604
2023-11-19,0.9689157688611226,-0.19251368628488064,0.343307659854696,0.13423908612929109,0.00010453428686270247,0.0010134729562072398
2023-11-20,0.9722324326413819,-0.18974960637636396,0.33449818319203795,-0.0655018168079621,0.0003001295485313734,0.0034230671920594258
2023-11-21,0.9671209201787914,-0.19400949819418178,0.33637635874452126,0.33637635874452126,0.0004009390877762417,-0.0052575004607737785
2023-11-22,0.9765821678995185,-0.18612457332177978,0.33637635874452126,0.3328167165550467,0.00040177982109473734,0.009782900486714263
2023-11-23,0.9766748575658761,-0.18604732652756717,0.3328167165550467,-0.0712603573921074,0.00040203853697357706,9.491230682123764e-05
2023-11-24,0.9845354377167409,-0.17949638464626738,0.3299037230578213,0.12990372305782127,0.0005005820402249644,0.008048308083265177
2023-11-25,0.9818240183726554,-0.18175605889397317,0.3418432740936276,0.14184327409362757,0.00020596977551790317,-0.0027540088860327216
2023-11-26,0.9832399609390586,-0.18057602417875618,0.3379669616563855,-0.06203303834361451,0.00010193815621862105,0.0014421551519525622
2023-11-27,0.9728713072437531,-0.18921717361577284,0.3379669616563855,0.3375052791591331,0.00020023084124862623,-0.010545394926182894
2023-11-28,0.9775386074317113,-0.18532748459955828,0.3375052791591331,0.13696872091298617,0.00010026827912307345,0.004797448699751072
2023-11-29,0.9808112307090894,-0.1826001076785133,0.3320136090086361,-0.06798639099136394,0.000502477555952175,0.0033478199761058924
2023-11-30,0.981707980116147,-0.18185276420831442,0.3320136090086361,0.13146314740122317,0.00030027523080370646,0.0009142935755404036
2023-12-01,0.9799315013072605,-0.18333326681842976,0.3318046307852447,-0.0681953692147553,0.00010017074169201077,-0.0018095796763059058
2023-12-02,0.9797497543906986,-0.18348473318155456,0.33328216898135393,0.13328216898135392,0.00010073876909805461,-0.00018546900096449992
2023-12-03,0.9830242947130791,-0.18075575861120718,0.33206305605386877,-0.06793694394613126,0.00030060955646374257,0.0033422211209639396
2023-12-04,0.9814219191831391,-0.18209116500198086,0.33206305605386877,-0.06809997286944028,8.151446165451104e-08,-0.0016300467227088333
2023-12-05,0.982977151971751,-0.18079504697830462,0.33190002713055977,0.3302423771775659,0.00020082882497649693,0.0015846729711390672
2023-12-06,0.9774816676262094,-0.18537493775815683,0.3302423771775659,0.12923057116684972,0.0005005059030053581,-0.00559065318508889
2023-12-07,0.9909230760903563,-0.17417298014670124,0.33027881824594346,0.33027881824594346,0.0003005241235395469,0.013751059389979892
2023-12-08,0.9908858318240042,-0.17420401920738138,0.33045705426948413,-0.06954294573051589,0.00040008911801177034,-3.7585426404196376e-05
2023-12-09,0.9931446987797693,-0.17232149834240718,0.3310097899419095,-0.06899021005809053,0.0002002763678362127,0.0022796440146961583
2023-12-10,0.9934871037618084,-0.17203614088861174,0.33112129214357133,0.33112129214357133,0.00020005575110083093,0.00034476847377962194
2023-12-11,0.9857942269357857,-0.17844732021889664,0.35487283936817987,0.15487283936817986,0.0003118757736123043,-0.007743308188795317
2023-12-12,0.9816626677096032,-0.18189052718968135,0.35705970354272876,0.35705970354272876,0.00010109343208727445,-0.004191096999043298
2023-12-13,0.9838395154122146,-0.18007636048562714,0.35705970354272876,0.1379802378978472,0.00010953973282244079,0.002217510937534195
2023-12-14,0.9823107518552896,-0.18135041927256834,0.3373512402794559,-0.06264875972054412,0.00010031449880919566,-0.0015538749287620224
2023-12-15,0.9789684840611652,-0.18413583735250993,0.33892069870323294,0.13892069870323293,0.00010078472921188852,-0.003402454658888665
2023-12-16,0.9827704836717296,-0.18096728261437245,0.3421818332535512,0.3421818332535512,0.00010163056727515914,0.003883679273098295
2023-12-17,0.9822043308468736,-0.18143910965262955,0.3421818332535512,0.14039450377237012,0.0003008936647405906,-0.0005760783766526334
2023-12-18,0.9751461915127568,-0.1873213040556505,0.34145114490960926,0.34145114490960926,0.0003005283205686196,-0.007186019357126372
2023-12-19,0.9851409283320368,-0.17899177382183107,0.34910253074226155,-0.05089746925773847,0.00020382569291632616,0.010249475315876166
2023-12-20,0.9870467425187425,-0.1774034841874722,0.34910253074226155,0.1436645540481549,0.0005027189883470534,0.0019345599516715772
2023-12-21,0.9862504264804176,-0.17806712732653995,0.3428642675848732,-0.057135732415126844,0.0005004001432316409,-0.0008067662898054717
2023-12-22,0.9909226068996104,-0.17417337116635223,0.3463118152236794,-0.053688184776320674,0.0004017237738194031,0.0047373165007029705
2023-12-23,0.9929640872549762,-0.17247201847950955,0.3508612202604475,0.15086122026044751,0.0003022747025183841,0.002060181432084196
2023-12-24,0.9959261868287684,-0.17000342942092705,0.3462628172875153,0.14626281728751528,0.00020229920148646612,0.0029830883229449157
2023-12-25,0.9968455737496317,-0.16923722003568986,0.34432112627736,0.14432112627736,0.00020097084550507765,0.0009231476519238058
2023-12-26,0.9930096695298423,-0.17243403059213558,0.15003474852484286,0.15003474852484286,2.8568111237414347e-06,-0.003848042586337863
2023-12-27,1.0020171690174167,-0.164927255709566,0.35247386530239266,-0.047526134697607386,0.0003012195583887749,0.009070908133089528
2023-12-28,1.001618100883211,-0.1652598357613796,0.35247386530239266,-0.051798462923832084,2.136164113112349e-06,-0.00039826476685711487
2023-12-29,0.9970478913934734,-0.16906861020016484,0.34820153707616797,0.3433773650431706,0.00020241208601649868,-0.004562826376346418
2023-12-30,0.9950934853869662,-0.17069739585152455,0.3439970139244464,0.3439970139244464,0.0002003098244406379,-0.0019601927082721904
2023-12-31,0.9925079929322148,-0.1728521236808377,0.3439970139244464,-0.05743218404587985,0.00020071459898516312,-0.0025982407610128933
2024-01-01,0.9932822611220499,-0.17220685503465638,0.34256781595412017,0.14207220660358127,0.00010024780467526945,0.0007801128004509827
2024-01-02,0.9951138126492657,-0.17068045528080655,0.3433702779264336,-0.056629722073566424,0.00010064903566142616,0.0018439386254107681
2024-01-03,0.977672208703113,-0.18521614241521278,0.343647782039656,0.343647782039656,0.0002001387520566112,-0.017527245350682397
2024-01-04,0.9775856577714288,-0.18528827323919184,0.343647782039656,0.15156801483281684,0.0002960398836034196,-8.852755648969257e-05
2024-01-05,0.9830687420200988,-0.18071871659656225,0.24843198516718318,-0.24484650118329504,0.00020179274199194408,0.005608801852893031
2024-01-06,0.9883277064177441,-0.17633593956692917,0.24484650118329504,-0.04456058929165168,0.0005001429559458217,0.005349538819467092
2024-01-07,0.9891956182406787,-0.17561262909861575,0.24398870142202778,-0.04398870142202778,0.00020028594393481196,0.0008781619874640434
2024-01-08,0.988600871828973,-0.1761082857934676,0.24516040646890344,-0.24516040646890344,0.0003005858525234378,-0.0006012424648279557
2024-01-09,0.9897961494560464,-0.1751121513966808,0.24531786644116196,-0.24531786644116196,7.872998612926119e-08,0.0012090598553315957
2024-01-10,0.9940890566371682,-0.17153447838710678,0.24531786644116196,-0.044918171982282276,0.0005001998472294398,0.004337162943587547
2024-01-11,0.9895448855621358,-0.17532155262843296,0.334725550440091,-0.06527444955990899,0.00018982186121118666,-0.004571191126884533
2024-01-12,0.99482724338175,-0.17091927971620846,0.334725550440091,0.32359657396303004,0.0002055644882385305,0.005338168987270686
2024-01-13,0.985097272181706,-0.17902815649309578,0.32359657396303004,0.31396779016702686,4.814391898001591e-06,-0.009780563675527487
2024-01-14,0.9865240420516515,-0.17783909839348788,0.31396779016702686,0.11391773057818583,0.0003000250297944205,0.0014483542998584564
2024-01-15,0.9834328175873356,-0.18041529905795883,0.31163273697266364,0.11163273697266361,0.0002011424968027611,-0.0031334507143737644
2024-01-16,0.9854276630950861,-0.17875281146383293,0.11243747975260315,0.11243747975260315,4.0237138996977033e-07,0.00202845122928208
2024-01-17,0.9849437231464989,-0.17915612297728212,0.31216290893653,0.11216290893652998,0.00020013728540803659,-0.000491096370346944
2024-01-18,0.9843947929133214,-0.17961359685140044,0.3126531769937562,-0.0873468230062438,0.0003002451340286131,-0.0005573214187525322
2024-01-19,0.9761139578060525,-0.18651477570527641,0.3154072629544061,0.3154072629544061,0.000401377042980325,-0.008412107791386125
2024-01-20,0.9787095354608716,-0.1843516429544133,0.31546950958917985,0.11546950958917981,0.0003000311233173869,0.0026590928590430885
2024-01-21,0.9794349106388064,-0.18374712133621374,0.31449716652332516,0.11449716652332512,0.0004004861715329274,0.000741154705918845
2024-01-22,0.9722024993030518,-0.18977455257065878,0.3147183981664129,0.3147183981664129,0.0001001106158215439,-0.007384269497848428
2024-01-23,0.9509617128898181,-0.2074764466593395,0.31814084330519443,0.31814084330519443,1.711222569390769e-06,-0.021848109245203418
2024-01-24,0.9538531290235391,-0.2050667645896802,0.31814084330519443,0.11502111741445789,0.00010155986294536827,0.0030405179246759673
2024-01-25,0.9518135685049253,-0.2067665173005998,0.11502111741445789,0.10414839853110117,5.436359441678362e-06,-0.002138233294575076
2024-01-26,0.961180138921676,-0.1989604957030101,0.30403248717183395,0.10403248717183392,0.0006000579556796337,0.00984076160152103
2024-01-27,0.9607305055617215,-0.19933521639186813,0.30447349660600953,0.10447349660600949,0.00020022050471708782,-0.0004677930200041036
2024-01-28,0.9607546647057306,-0.19931508236292017,0.1075892371869134,0.1075892371869134,1.557870290451957e-06,2.514663984465315e-05
2024-01-29,0.9627260113421228,-0.19767217853202668,0.30763624519577576,0.30763624519577576,0.00010002350400443118,0.002051873083536826
2024-01-30,0.961704987819434,-0.19852309101281063,0.30796939405024515,-0.09203060594975486,0.0004001665744272347,-0.0010605546237021368
2024-01-31,0.9609141808915218,-0.19918214290524794,0.30801247559725703,0.10801247559725702,0.00010002154077350594,-0.000822296793643762
2024-02-01,0.9592339238094831,-0.20058245513142203,0.3064399204638816,0.3064399204638816,0.00010078627756668773,-0.0017486026488652273
2024-02-02,0.9606546915787194,-0.1993983991324425,0.30646867173256065,0.10646867173256065,0.0005000143756343396,0.0014811483768115696
2024-02-03,0.9595407192774101,-0.20032677434943613,0.306545358249682,0.306545358249682,0.0005000383432585606,-0.0011595970030437996
2024-02-04,0.9600451298926209,-0.1999064027533024,0.3120695349147017,0.11206953491470167,0.00030276208833250986,0.0005256792182735115
2024-02-05,0.9588688924590053,-0.20088666921179998,0.3126156251050866,0.3126156251050866,0.0003002730450951925,-0.0012251897301374104
2024-02-06,0.9579839178476042,-0.2016241996655893,0.3140102015301317,-0.08598979846986829,0.00020069728821252257,-0.0009229359908951018
2024-02-07,0.9567386164842696,-0.20266202342660145,0.3141649276076894,0.11416492760768937,0.00010007736303877883,-0.0012999188609894574
2024-02-08,0.957845341426348,-0.20173968809829335,0.3134736130886744,-0.08652638691132561,0.00010034565725950748,0.0011567683409146046
2024-02-09,0.9582859137672678,-0.20137251878706175,0.31388280034949045,-0.08611719965050957,0.000200204593630408,0.0004599618767930913
2024-02-10,0.955886420940041,-0.20337223607943355,0.31388280034949045,0.3114340574392293,0.0004012243714551306,-0.00250394250061714
2024-02-11,0.9561913553198274,-0.2031181063127685,0.3295536302215457,0.1295536302215457,0.0005090597863911582,0.0003190069166230103
2024-02-12,0.9627795048969628,-0.19762759744996206,0.3490668392092823,0.3490668392092823,0.00010975660449386829,0.006889990733005558
2024-02-13,0.9610464021271666,-0.19907195083118223,0.34971665607608704,-0.05028334392391298,0.0002003249084334024,-0.0018001035138144328
2024-02-14,0.977769793044446,-0.18513481643973406,0.3529461769891365,0.15294617698913648,0.0005016147604565247,0.01740123149128414
2024-02-15,0.9801063056567882,-0.18318758633271792,0.3491623910792249,0.1491623910792249,0.0002018918929549558,0.002389634685956432
2024-02-16,0.9788311502972084,-0.18425029016499372,0.34086026847867934,0.14086026847867936,0.0004041510613002728,-0.0013010378080637874
2024-02-17,0.9776546016014771,-0.1852308160267403,0.3390529742226187,0.3390529742226187,0.00030090364712803035,-0.0012019935158131823
2024-02-18,0.9823393535796424,-0.1813265828342464,0.3390529742226187,0.1375794673209424,0.00010073675345083814,0.004791827267514259
2024-02-19,0.981451454875533,-0.18206655020248985,0.33739631723181224,-0.06260368276818778,0.0001000915750445651,-0.0009038614821573754
2024-02-20,0.9808788904120125,-0.18254372064688862,0.34006810276989974,0.34006810276989974,0.00020133589276904377,-0.0005833854141987782
2024-02-21,0.9868131195499351,-0.17759818361950153,0.34006810276989974,0.13596556752707872,0.0003020512676214105,0.006049910132567726
2024-02-22,0.9913536090946091,-0.17381417753484418,0.336028458387282,0.13602845838728198,0.00020003144543010164,0.004601164551546688
2024-02-23,0.9842898232374756,-0.1797010777030128,0.34400399351203664,0.34400399351203664,0.00010398776756237734,-0.007125394805982621
2024-02-24,0.9898649903815966,-0.1750547799439791,0.387936732053617,0.187936732053617,0.00012196636927079019,0.005664151972826881
2024-02-25,0.9930327892286421,-0.17241476282814816,0.3767345095520772,-0.023265490447922837,0.00030560111125076995,0.0032002332417302437
2024-02-26,0.995071310697803,-0.17071587605236926,0.3857776348088735,0.18577763480887352,0.00010452156262839817,0.0020528239261279335
2024-02-27,0.9988803482952312,-0.16754145591472935,0.3864535137639601,-0.013546486236039906,0.0003003379394775433,0.003827904147648553
2024-02-28,1.0054819160650692,-0.1620397644421333,0.3864535137639601,0.18093513155448993,0.0003027591911047351,0.00660896751157658
2024-02-29,1.0122607110777553,-0.15639037326475758,0.3801283010777098,-0.019871698922290237,0.0005004034152383901,0.006741836829064818
2024-03-01,1.0168900873253144,-0.15253228974390032,0.3801283010777098,0.3756354102196981,0.00020224644542900586,0.004573304285046875
2024-03-02,1.0216817171879664,-0.1485389854146416,0.3756354102196981,0.3733355405131259,0.0004011499348532861,0.004712043044160064
2024-03-03,1.0207072654647131,-0.14935108534653552,0.3733355405131259,0.16559321232602559,0.00010387116409355017,-0.0009537723019416022
2024-03-04,1.0251179087774456,-0.14567529202768303,0.3731043886485468,-0.02689561135145324,0.0003037555881612606,0.004321163826263685
2024-03-05,1.0285847901639469,-0.1427860220200703,0.3731043886485468,0.17179473884257726,0.00010065482490298476,0.0033819342700200927
2024-03-06,1.057236069411373,-0.11890828506268714,0.36893442502065615,0.16893442502065614,0.0004014301569109606,0.027855048530179838
2024-03-07,1.067772718982864,-0.11012712926480794,0.35604007779222224,0.35604007779222224,0.0005064471736142169,0.00996622218664589
2024-03-08,1.0724628158930334,-0.1062184416505989,0.35678388132103056,0.15678388132103055,0.00010037190176440415,0.004392411256429973
2024-03-09,1.070428430737931,-0.10791388125676948,0.3567245258600278,0.15672452586002775,0.0002000296777305014,-0.0018969283829344263
2024-03-10,1.0688203237360279,-0.10925406420843364,0.35692005921473174,0.35692005921473174,0.000100097766677352,-0.0015023022144420306
2024-03-11,1.083699252440716,-0.09685408922825478,0.3582674504785186,-0.041732549521481394,0.00040067369563189344,0.013920888641676843
2024-03-12,1.0844214469518654,-0.09625221835120346,0.3582674504785186,0.15459957251129763,0.00030183393898361053,0.0006664159908937872
2024-03-13,1.0867876275850656,-0.09428026316325888,0.3542221248722407,0.15422212487224068,0.00020018872381952847,0.0021819751350866667
2024-03-14,1.0736809921278754,-0.1052032237452446,0.3515144744491428,0.3515144744491428,0.00010135382521154896,-0.012059978531695936
2024-03-15,1.058857413102335,-0.117557070764855,0.3515144744491428,0.3488693073195328,1.3225835648049965e-06,-0.013806315967428762
2024-03-16,1.058000377004105,-0.11827131749498487,0.3488693073195328,0.1532572266657983,0.00029780604032686724,-0.0008093970799366579
2024-03-17,1.0593698083332672,-0.1171300448566307,0.24674277333420172,0.15567711048885458,0.00020120994191152815,0.0012943580729563031
2024-03-18,1.0628096647936047,-0.11426329719689143,0.24457385216174662,-0.04457385216174662,0.0003001254813253006,0.0032470780583673253
2024-03-19,1.054512537636207,-0.12117805370934642,0.24485570578935073,0.1551442942106493,0.00010014092681380206,-0.007806785572477604
2024-03-20,1.0535397174510708,-0.12198879393099293,0.24485570578935073,-0.24339821772112583,0.00020072874403411246,-0.0009225306958612345
2024-03-21,1.0664135531435601,-0.11125984672960587,0.24339821772112583,-0.2381935003018651,0.0004026023587096304,0.012219601671623836
2024-03-22,1.0616138327216877,-0.11525989366338263,0.23898069206627395,0.16101930793372607,0.00020039359588220446,-0.004500805909418926
2024-03-23,1.0646495796229067,-0.11272992753689592,0.23898069206627395,0.1635115864566489,1.2461392614614153e-06,0.002859558539695106
2024-03-24,1.06676373998981,-0.1109680039351365,0.23648841354335112,-0.03487903078618599,0.0003008046913785826,0.0019857804928222755
2024-03-25,1.066124799451737,-0.11150049164599096,0.23503197487078464,-0.035031974870784646,0.00020007647204229933,-0.0005989522460525531
2024-03-26,1.0686182884790048,-0.10942243870514134,0.23554242905802739,-0.23554242905802739,0.0005002552270936214,0.0023388340919812123
2024-03-27,1.0609641001460042,-0.11580137536829493,0.30243851888401124,0.30243851888401124,0.0002689904739710193,-0.007162696367376209
2024-03-28,1.0669040060963182,-0.1108511073328482,0.3034345646570408,0.3034345646570408,4.980228865147582e-07,0.005598592779431533
2024-03-29,1.062142762120559,-0.11481908831761745,0.3036981725190956,0.3036981725190956,0.0004001318039310274,-0.004462673256969696
2024-03-30,1.0682975872735774,-0.10968970841268144,0.3042294230623684,0.10422942306236838,0.00010026562527163639,0.005794724939550022
2024-03-31,1.06620616434654,-0.11143268282185825,0.3049150972375058,0.10491509723750579,0.00020034283708756872,-0.001957715670192983
2024-04-01,1.0661784621458066,-0.11145576960470438,0.3068917516949434,0.10689175169494344,0.00020098832722871882,-2.5982030174009907e-05
2024-04-02,1.055338558134108,-0.1204896551216269,0.23571810276525618,0.16428189723474385,0.0001713049272300998,-0.010167063391886333
2024-04-03,1.0597209415759425,-0.11683741334328046,0.23571810276525618,-0.0340827147473069,0.00010081769400897463,0.004152585355722271
2024-04-04,1.0557203217047255,-0.12017149654865711,0.2320881811215229,-0.2320881811215229,0.00010099726681289201,-0.0037751635494441826
2024-04-05,1.063782672713804,-0.11345240051841055,0.2325493552181459,0.16745064478185412,0.00020023058704831152,0.007636824681045873
2024-04-06,1.0640011526002944,-0.11327032120477687,0.23481362719601967,-0.034813627196019666,0.00010113213598893689,0.0002053801891046536
2024-04-07,1.063398510912045,-0.11377255775719419,0.034813627196019666,-0.034806337513301575,3.6448413590454975e-09,-0.0005663919505901616
2024-04-08,1.0530321238757012,-0.12241181817955316,0.23495308918546443,-0.23495308918546443,0.0003000733758360814,-0.00974835579509481
2024-04-09,1.0430120053941536,-0.13076250127883227,0.3049248340015264,0.3049248340015264,0.0002699389615934954,-0.009515491744612081
2024-04-10,1.0386112581433151,-0.13443004730231012,0.3049248340015264,0.2961294756336946,4.397679183915912e-06,-0.00421926806985784
2024-04-11,1.0457823951849337,-0.12845368155310888,0.2961294756336946,0.09526152927643101,0.0001004339731786318,0.006904543914188599
2024-04-12,1.0443975043713416,-0.12960783799673847,0.29728265922670627,0.09728265922670629,0.00020101056497513764,-0.001324262886778338
2024-04-13,1.0422166891936042,-0.13142531116144407,0.29702632356057773,0.29702632356057773,0.00010012816783306427,-0.00208810837694573
2024-04-14,1.0178359237409491,-0.15174403757050847,0.29702632356057773,0.2966837628171137,0.00020017128037173203,-0.02339318272817348
2024-04-15,1.0116605614541745,-0.15689053295128264,0.2966837628171137,-0.2315365305217897,0.0002641101466694517,-0.0060671490784889315
2024-04-16,1.011561447926645,-0.15697313333777252,0.2315365305217897,0.16967586705488957,0.00020060619878833964,-9.797112916021256e-05
2024-04-17,1.00806833916225,-0.15988426102318798,0.23032413294511045,0.17034532658892668,3.3472976701855e-07,-0.003453184946455856
2024-04-18,1.0136696435800567,-0.15521618067844623,0.22965467341107335,-0.02893310882736544,0.00010036078229185396,0.005556472909828081
2024-04-19,1.0137449466827835,-0.15515342370122875,0.22903758687798653,-0.22903758687798653,0.0003000522390253106,7.42876174806284e-05
2024-04-20,1.0170006906027078,-0.15244011389578482,0.22970820867890382,0.1702917913210962,0.00020033531090045867,0.003211600640353085
2024-04-21,1.0165882570932496,-0.15278383253976602,0.22970820867890382,-0.029692758580222765,0.00010000772504934052,-0.000405539065277849
2024-04-22,1.0156481239983792,-0.15356733161324154,0.23136618789335228,0.16863381210664774,0.00010083671465656476,-0.0009247924007688146
2024-04-23,1.017933322341936,-0.15166286638948379,0.23199982718214426,0.16800017281785576,3.1681964439599434e-07,0.002249990217629616
2024-04-24,1.0191060987306706,-0.15068548433689877,0.23212974006210568,-0.032129740062105665,0.0001000649564399807,0.0011521151366131743
2024-04-25,1.017863139384074,-0.1517213562807116,0.232015039952431,0.16798496004756902,0.00010005735005483734,-0.001219656469667929
2024-04-26,1.0186123366005813,-0.15109698157442086,0.23360076166816435,-0.03360076166816434,0.00010079286085786667,0.0007360490693884003
2024-04-27,1.0169610303718417,-0.15247316640112363,0.23363085159710548,-0.03363085159710547,0.00020001504496447057,-0.0016211331528231954
2024-04-28,1.014281403913133,-0.1547063447235485,0.23376935468491516,-0.23376935468491516,0.00010006925154390484,-0.002634935242037617
2024-04-29,1.0085678123515993,-0.15946800423655194,0.3018808230433001,0.3018808230433001,0.00026782508886410766,-0.00563314237990431
2024-04-30,0.9906119862673084,-0.17443223980839762,0.3018808230433001,0.2972699306875355,2.3054461778823298e-06,-0.01780329082922405
2024-05-01,0.9871832934707819,-0.17728968376390575,0.2972699306875355,-0.23175806277614017,0.0002645139967318378,-0.0034611864625659905
2024-05-02,0.9853905946029234,-0.17878370403577093,0.23175806277614017,-0.23065924728010231,0.00040054940774801893,-0.0018159736694449702
2024-05-03,0.9851101917853629,-0.17901738940325485,0.23108348015793886,-0.031083480157938846,0.00010021211643891828,-0.00028456007099253444
2024-05-04,0.9844612410053266,-0.17955821956620077,0.23185548553491303,-0.23185548553491303,0.00010038600268848708,-0.0006587595838994931
2024-05-05,0.9862801697966407,-0.17804233949508286,0.23185548553491303,0.16817121587558378,0.0002000133507052484,0.0018476388054182724
2024-05-06,0.9813006124602522,-0.1821922610122232,0.23182878412441624,0.1682655036022929,0.00020004714386335457,-0.005048826377006099
2024-05-07,0.9803386686500789,-0.18299393695376653,0.23173449639770713,0.1683049908932843,1.974364549570812e-08,-0.000980274339948295
2024-05-08,0.97692956111712,-0.1858350587141061,0.23169500910671573,0.16848954602961608,9.227756816588065e-08,-0.0034774794078576976
2024-05-09,0.9762559505147048,-0.18639644016717405,0.23167599337598696,-0.03167599337598695,0.0001000827697028015,-0.000689518087306551
2024-05-10,0.9852899886345116,-0.17886754821003403,0.2344743266860033,-0.2344743266860033,0.00010139916665500816,0.00925375985165
2024-05-11,0.9858756892924435,-0.17837943017086755,0.2347596950851092,0.16524030491489083,0.00020014268419955297,0.0005944449499022397
2024-05-12,0.9863779653560278,-0.177960837492241,0.2347596950851092,-0.03444768596444308,0.00030015600456033306,0.0005094720044731549
2024-05-13,0.9884076504260569,-0.17626931489773634,0.23453159225028622,-0.0345315922502862,0.0004000419531429216,0.0020577153396770242
2024-05-14,0.987649132011472,-0.17690145781269606,0.23459617266732466,0.16540382733267536,0.00010003229020851924,-0.0007674145523444142
2024-05-15,0.9920000578715753,-0.17327543252037136,0.23589131252929704,0.16410868747070298,6.475699309861916e-07,0.004405335578280489
2024-05-16,0.9969574283639293,-0.16914400133384389,0.23909913639121244,-0.23909913639121244,0.00020160391193095768,0.004997348995111173
2024-05-17,1.000210411728442,-0.16643299215223628,0.2395994033746381,-0.039599403374638076,0.00030025013349171286,0.0032629110049919863
2024-05-18,1.0002555632756231,-0.16639536322971937,0.32601687837347965,-0.07398312162652038,0.00018280814087405885,4.514204876504557e-05
2024-05-19,0.9961511955540454,-0.1698159090275484,0.32601687837347965,0.31965282506939846,0.0002031820266520406,-0.004103319063912703
2024-05-20,1.0004577623695028,-0.16622685219274314,0.32442895124431004,0.32442895124431004,2.3880630874557953e-06,0.004323205989887224
2024-05-21,1.0272997994075606,-0.14385692258994331,0.32442895124431004,-0.07593044122637585,0.00020017969623534293,0.026829755385656462
2024-05-22,1.0267281530268433,-0.14433332791179765,0.3240695587736242,0.32378834505932647,0.00020014060685714886,-0.000556455263640343
2024-05-23,1.0362149155984233,-0.13642713917568094,0.32378834505932647,0.07345428759749965,0.0001251670287309134,0.009239799788890002
2024-05-24,1.0327285280589868,-0.13933266544832157,0.2733873344388715,0.2733873344388715,0.0003000334765793141,-0.0033645409721089203
2024-05-25,1.0369692062212252,-0.13579851966710155,0.2733873344388715,0.07338000976107568,0.0003000036623388979,0.004106285482604832
2024-05-26,1.0363565472529948,-0.1363091045370356,0.2727539143531117,-0.12724608564688833,0.000300313047703982,-0.0005908169351114267
2024-05-27,1.031847350441702,-0.14006703151890987,0.2727809754233213,-0.12721902457667872,1.3530535104812336e-08,-0.00435100914182851
2024-05-28,1.0372417688600644,-0.13557136823911797,0.2728461563596003,0.2728461563596003,0.00040003259046813953,0.005227922924893935
2024-05-29,1.031014308530415,-0.14076128169393387,0.2728461563596003,0.2723910087707184,0.00020022757379444098,-0.0060038657491527925
2024-05-30,1.0322486483913929,-0.13973259315748443,0.27318529485851967,0.27318529485851967,3.9714304390063573e-07,0.0011972092441092652
2024-05-31,1.031603346654085,-0.14027038223868094,0.27318529485851967,0.07406078888456494,0.00010043774701302263,-0.0006251417604782317
2024-06-01,1.0356885640448934,-0.13686579616665717,0.2774110836095864,0.07741108360958637,0.0006016751473625107,0.003960066050638256
2024-06-02,1.0362374936471574,-0.1364083228183368,0.2788281458706191,0.07882814587061907,0.00020070853113051638,0.0005300141580431017
2024-06-03,1.0347783563182613,-0.13762435568804576,0.27942366965867327,0.07942366965867328,0.0002002977618940271,-0.0014081109184311824
2024-06-04,1.0334792329298486,-0.13870703427547715,0.27973966633232156,0.07973966633232155,0.00020015799833682414,-0.0012554605345974634
2024-06-05,1.0333790582692832,-0.13879051900138129,0.2797696522541212,-0.12023034774587882,0.00010001499296089983,-9.692953411366556e-05
2024-06-06,1.0347763211510261,-0.137626051779431,0.279778669617867,-0.120221330382133,0.00020000450868187293,0.0013521300538892334
2024-06-07,1.0373230865657002,-0.1355035987420431,0.28048025818090966,0.28048025818090966,0.00020035079428152132,0.002461174809101907
2024-06-08,1.0288561259624078,-0.14255989303061678,0.2806386745740216,0.2806386745740216,0.00020007920819655598,-0.008162317712730238
2024-06-09,1.0274406265017542,-0.1437395584652008,0.2806386745740216,-0.027014321623574537,0.00035382649809879806,-0.0013757992249230355
2024-06-10,1.0268178635564638,-0.14425856390527336,0.22661916175371957,-0.22661916175371957,0.00030019757993492754,-0.0006061303487783221
2024-06-11,1.0231211739626656,-0.14733935415451638,0.22700784974287952,-0.027007849742879512,0.00030019434399458,-0.0036001414905197926
2024-06-12,1.0256645311075523,-0.1452197415407186,0.22700881780958113,-0.027008817809581115,0.00020000048403335082,0.0024858806655618793
2024-06-13,1.0231093320374853,-0.14734922311611076,0.22535421436572,0.17464578563428002,0.00010082730172193056,-0.0024912619989941875
2024-06-14,1.0271536397353023,-0.1439787308407311,0.22535421436572,-0.02491817331601346,0.00010021802052485328,0.003952957490640729
2024-06-15,1.0264009711064703,-0.14460599859307544,0.02491817331601346,-0.024381978425092776,2.6809744546034236e-07,-0.0007327712230339456
2024-06-16,1.0265464169918326,-0.14448478520632857,0.2244812373151651,-0.024481237315165088,0.00020004962944503618,0.00014170474255026377
2024-06-17,1.0272040393664048,-0.1439367282088827,0.024481237315165088,-0.024386769746993296,4.723378408589586e-08,0.0006406163069587745
2024-06-18,1.0232987199520873,-0.14719138880900273,0.224848850764248,0.17515114923575203,0.00010023104050862736,-0.0038018925789341518
2024-06-19,1.0314636776257802,-0.1403867812409787,0.224848850764248,-0.024632980967314505,0.0003001079348984668,0.007979055885144692
2024-06-20,1.031089639395809,-0.1406985015795411,0.22454110672454722,-0.024541106724547204,0.00020004593712138368,-0.0003626286005864454
2024-06-21,1.0312992075134135,-0.14052384925970585,0.22440287163337247,0.17559712836662755,0.0005000691175455874,0.00020324917407510412
2024-06-22,1.0318577605162227,-0.14005835584970283,0.24190272453346334,0.15809727546653668,8.749926450045432e-06,0.0005416013109833528
2024-06-23,1.0305606995363426,-0.14113931564307913,0.24190449041272774,0.15809550958727228,0.0002000008829396322,-0.0012570152878711438
2024-06-24,1.0244432480514183,-0.14623754864500338,0.24216697638263,0.15783302361737003,0.00020013124298495113,-0.005936041892220634
2024-06-25,1.0253916196287258,-0.14544718368903575,0.24315163255617406,-0.24315163255617406,0.00020049232808677206,0.000925743401709811
2024-06-26,1.0283460747404345,-0.14298496546134132,0.24315163255617406,-0.04021854604552365,0.00030146654325532524,0.00288129438075857
2024-06-27,1.029690135954309,-0.14186483606529,0.2390011281317736,-0.0390011281317736,0.00040060870895687503,0.001307012538763308
2024-06-28,1.0310332298374496,-0.14074551283459746,0.24026646434656246,-0.04026646434656244,0.00020063266810739443,0.0013043670481458491
2024-06-29,1.0314647944339426,-0.14038585050237884,0.23978695424593144,0.16021304575406858,0.0003002397550503155,0.0004185748664553568
2024-06-30,1.0300110832917044,-0.14159736123342226,0.24023263435325715,-0.24023263435325715,0.00020022284005366287,-0.0014093657389788738
2024-07-01,1.0252764930501446,-0.14554312921860268,0.2402842437616162,-0.040284243761616184,0.00010002580470417953,-0.0045966400928694195
2024-07-02,1.0244774451234746,-0.14620904909061272,0.2402834453728769,0.15971655462712311,0.00010000039919436965,-0.0007793487240616015
2024-07-03,1.0190533420416257,-0.15072945132116078,0.2402834453728769,0.1600273290391243,1.553872060006019e-07,-0.005294507075451982
2024-07-04,1.01423093383647,-0.15474840606413898,0.2399726709608757,0.16019103282743452,0.0002000818518941551,-0.004732243157653304
2024-07-05,0.9989934384288408,-0.1674472075414024,0.2398089671725655,-0.03902173269198111,0.0001003936172402922,-0.015023694209359117
2024-07-06,0.9954483681880487,-0.17040163948749731,0.237304551480201,-0.237304551480201,0.0003008585906058901,-0.0035486421676268476
2024-07-07,0.9996136440892569,-0.16693033332119722,0.237304551480201,-0.23611866280181357,0.00020059294433919374,0.004184321391564438
2024-07-08,1.0017127263667436,-0.1651809756732927,0.23611866280181357,0.1639154006547959,0.00020001703172830475,0.002099893583786816
2024-07-09,1.0028389385113803,-0.16424239987304246,0.23608459934520412,-0.036045994265001643,0.00010001930254010124,0.0011242865494185406
2024-07-10,0.9998918881491518,-0.16669844704433157,0.236375233379908,-0.036375233379908,0.00020016461955745318,-0.0029387075521916106
2024-07-11,1.0042910202191793,-0.16303224709905884,0.23533356904430544,-0.03533356904430543,0.00020052083216780129,0.004399607719764997
2024-07-12,1.00502849269139,-0.16241764369679224,0.23501423959858042,0.1649857604014196,0.00010015966472286253,0.0007343214838728684
2024-07-13,1.0039038660742725,-0.16335489813164317,0.2383524707983181,-0.2383524707983181,0.00020166911559986884,-0.0011189997351302994
2024-07-14,1.002232395877317,-0.16474788744113789,0.24090638052967914,-0.24090638052967914,0.00020127695486568052,-0.0016649703755947654
2024-07-15,0.9990381967942965,-0.16740990629325347,0.24311622784179215,-0.24311622784179215,0.00020110492365605652,-0.0031870842492827123
2024-07-16,1.0021416151168845,-0.1648235433690871,0.32887506599359934,0.12887506599359932,0.00018599564691769573,0.0031064060739065535
2024-07-17,1.0024507316837958,-0.1645659282025831,0.3216869112344054,0.3216869112344054,0.000303594077379597,0.00030845597293627236
2024-07-18,0.9980414603322018,-0.16824057814047544,0.3216869112344054,0.31863560696571014,1.5256521343476048e-06,-0.004398491828312423
2024-07-19,0.9984447541287303,-0.1679044764569556,0.32021902498313787,-0.07978097501686217,0.0004007917090087139,0.0004040852134465922
2024-07-20,0.9962765245576987,-0.16971146088209144,0.32095003543551265,-0.07904996456448736,0.00020036550522618742,-0.0021716069537791594
2024-07-21,0.9953254501556911,-0.17050407834960213,0.32231248829235337,0.12231248829235333,0.00010068122642842035,-0.0009546289394173346
2024-07-22,0.9938730328580868,-0.17171451080132816,0.12231248829235333,0.12203571310612818,1.3838759311257665e-07,-0.0014592385810855424
2024-07-23,0.9945928929487382,-0.17111458541083313,0.3220811898427053,0.3220811898427053,0.00010002273836828853,0.0007242978397206112
2024-07-24,0.9911154248525473,-0.1740126782939283,0.3220811898427053,0.32167505690343,2.0306646963760832e-07,-0.0034963733612440873
2024-07-25,0.9649985694849408,-0.1957782475460501,0.32187661100407167,0.32187661100407167,1.007770503208133e-07,-0.026350972563555897
2024-07-26,0.9686894006397521,-0.1927023396709553,0.32187661100407167,-0.24439189407459294,0.0002831342525393323,0.003824701166948552
2024-07-27,0.9682499108545533,-0.1930686067892856,0.24439189407459294,-0.23883382335493097,0.000202779035359831,-0.000453695255578479
2024-07-28,0.9708391680468882,-0.1909107414590966,0.23883382335493097,0.16217506055232755,0.00020050444195362927,0.0026741620766581597
2024-07-29,0.9727828200415838,-0.1892909181114112,0.2384049529867518,-0.2384049529867518,0.00020029000676953968,0.002002032940850107
2024-07-30,0.971762051225292,-0.19014161832201015,0.23848203047375766,-0.03848203047375766,0.00010003853874350294,-0.0010493285811181696
2024-07-31,0.9719590027795072,-0.18997748054078623,0.03848203047375766,-0.0383534893921362,6.427054081072776e-08,0.00020267467119605698
2024-08-01,0.970168530277743,-0.19146964537773314,0.2383377942783149,0.16166220572168513,0.00010000784755691067,-0.0018421275965835315
2024-08-02,0.9720174577853523,-0.18992876462686992,0.2387775814829967,-0.03877758148299668,0.00010021989360234091,0.0019057797175499047
2024-08-03,0.9704616679745778,-0.19122534686816683,0.23644071708164666,0.16355928291835337,0.00010116843220067502,-0.001600578053727153
2024-08-04,0.9745853526226864,-0.18778870250501556,0.23675509485781326,-0.23675509485781326,0.0002001571888880833,0.004249198895936335
2024-08-05,0.96530263250728,-0.1955248439614079,0.2379684883913223,0.1620315116086777,0.0010006066967667546,-0.009524789276206591
2024-08-06,0.9665585847579728,-0.1944781438397799,0.23854277192515483,-0.23854277192515483,0.00020028714176691627,0.001301096887542208
2024-08-07,0.9677653931158521,-0.19347239982819275,0.23854277192515483,-0.028240455595949676,0.00010515115816460257,0.0012485620394966368
2024-08-08,0.9779011630246268,-0.1850253337948663,0.22781404618247428,0.17218595381752574,0.0003002132047067377,0.010473375035806365
2024-08-09,0.9914772246635628,-0.17371115735156295,0.22781404618247428,-0.2273051233889048,0.00020025446139678474,0.013882856624231943
2024-08-10,0.9905545953892237,-0.1744800688871213,0.2273051233889048,-0.02715367289959498,0.00030007572524465493,-0.0009305602301177274
2024-08-11,0.9830842008808334,-0.18070583331106926,0.22711433322721353,0.1728856667727865,0.00030001966983619075,-0.00754162823852822
2024-08-12,0.9819712042004638,-0.18163339545371582,0.22711433322721353,-0.02697054604738959,0.00010007189358991198,-0.0011321478662488227
2024-08-13,0.9891099738430228,-0.175684004424703,0.22696107144310626,0.17303892855689376,0.0009000047373021417,0.0072698360318770305
2024-08-14,0.9931361613684314,-0.1723286133497498,0.22696107144310626,-0.026670959051478045,0.00010014505619581411,0.004070515546179543
2024-08-15,0.9971276799600507,-0.16900211507481677,0.22673463685720174,0.17326536314279828,0.00010003183890286184,0.004019105080332208
2024-08-16,0.989620546809098,-0.1752584971767993,0.22781227360838358,0.17218772639161645,0.00020053881837559092,-0.007528758153874215
2024-08-17,0.9928945871494652,-0.17252993928728821,0.2283422718605047,-0.028342271860504687,0.00010026499912606056,0.003308379510636561
2024-08-18,0.9921960065658503,-0.17311213051425023,0.028342271860504687,-0.028060709799453718,1.4078103052548447e-07,-0.0007035798086271194
2024-08-19,0.9953769900047691,-0.170461125469611,0.22787832058874702,-0.027878320588747,0.00020009119460535338,0.0032060030657963257
2024-08-20,1.0024264762567912,-0.16458614247297587,0.22781891685735733,-0.027818916857357316,0.00020002970186569485,0.007082227460357249
2024-08-21,1.0021392522713486,-0.1648255125448328,0.22776472868916625,0.17223527131083377,0.00010002709408409555,-0.0002865287302862285
2024-08-22,1.0044348975727933,-0.16291234091357754,0.2277782880922998,-0.2277782880922998,0.0002000067797015668,0.0022907448203841607
2024-08-23,1.003648483499944,-0.1635677318372748,0.2277782880922998,-0.027647034373101856,0.00010006562685959896,-0.0007829418061352511
2024-08-24,1.002211303891844,-0.16476546532576497,0.22764782661082444,-0.22764782661082444,0.0001000003961188613,-0.0014319551433874533
2024-08-25,0.9995521902218732,-0.16698154846128666,0.2817360399955139,0.2817360399955139,0.00025469193330316916,-0.0026532465355814105
2024-08-26,0.9962453340281874,-0.16973745480902225,0.2861407912985223,0.08614079129852228,0.00010220237565150421,-0.003308337699654884
2024-08-27,0.9880001590650946,-0.17660891479641583,0.287914189885907,0.287914189885907,0.00010088669929369234,-0.008276249515523193
2024-08-28,0.9899687707149811,-0.17496829028044592,0.2880340913248266,0.2880340913248266,0.0002000599507194598,0.001992521592047547
2024-08-29,0.9908972093944918,-0.1741945372351117,0.2880340913248266,-0.22854038491912596,0.0002582872381219763,0.0009378464321008195
2024-08-30,0.9966231464778394,-0.16942258906728302,0.22854038491912596,-0.02848595493299285,0.00010002721499306655,0.005778537903892378
2024-08-31,1.0017758846559541,-0.1651283400822804,0.22798468733768723,0.1720153126623128,0.00010025063379765283,0.005170197176659341
2024-09-01,1.001565001665764,-0.16530408820595266,0.22798468733768723,-0.027433324506404073,0.00010027568141564158,-0.00021050915021392225
2024-09-02,1.0080833305794377,-0.1598717673012452,0.22778027119113164,0.17221972880886838,0.00010017347334236379,0.006508143658006782
2024-09-03,1.0131399136107708,-0.15565765321291214,0.2278678200322421,-0.027867820032242096,0.00030004377442055524,0.005016036748107577
2024-09-04,1.0108818611223307,-0.15753949530761657,0.22797279408572027,-0.02797279408572025,0.00020005248702673908,-0.002228766686717898
2024-09-05,1.011864311100551,-0.15672072969679884,0.028202500257214685,-0.028202500257214685,1.1485308574721818e-07,0.0009718741783821816
2024-09-06,1.015015503377975,-0.1540945523574666,0.2390749258423649,-0.03907492584236489,0.00040543621279257513,0.003114243918729054
2024-09-07,1.0143568164408718,-0.15464349655243925,0.2389550273182781,0.1610449726817219,0.0003000599492620434,-0.000648942735266056
2024-09-08,1.0146800769747069,-0.15437409392196821,0.23980389674531105,-0.039803896745311054,0.00030042443471351647,0.0003186852285022024
2024-09-09,1.0137858190929439,-0.15511936097578471,0.041445122986774274,-0.041445122986774274,8.206131207316101e-07,-0.0008813200357999929
2024-09-10,1.013173680159835,-0.15562951245278933,0.04160426358484044,-0.04160426358484044,7.957029903308405e-08,-0.0006038148508126229
2024-09-11,1.013119881100247,-0.15567434813996062,0.04160426358484044,-0.04137302707910767,1.1561825286638544e-07,-5.309954319088206e-05
2024-09-12,1.0131638907537226,-0.1556376708621261,0.04137302707910767,-0.041122969262421843,1.2502890834291402e-07,4.3439729386030024e-05
2024-09-13,1.011611209927451,-0.15693166210169063,0.04228418606960104,-0.04228418606960104,5.806084035895991e-07,-0.0015325070706150301
2024-09-14,1.011560410459769,-0.15697399795400657,0.24237498913451222,-0.24237498913451222,0.0001000454015324556,-5.021639458080429e-05
2024-09-15,1.0126281813594622,-0.15608412659945226,0.24237498913451222,-0.040793492082777175,0.00030079074852586753,0.0010555680991986005
2024-09-16,1.0142734926522665,-0.1547129379023151,0.24073066317019182,-0.04073066317019182,0.00020003141445629267,0.0016247931107331581
2024-09-17,1.0124986935591276,-0.15619204065134784,0.04207767860727075,-0.04207767860727075,6.735077185394643e-07,-0.001749823007306417
2024-09-18,1.0167386110642433,-0.1526585287954242,0.2399804975128935,-0.03998049751289349,0.00020104859054718863,0.004187578247835333
2024-09-19,1.0204368744189443,-0.14957642698698193,0.23885037777562124,-0.23885037777562124,0.0003005650598686361,0.0036373786875578684
2024-09-20,1.008464306643375,-0.1595542650297691,0.23885037777562124,-0.038629187688217,0.00010011059504370211,-0.011732786295466147
2024-09-21,1.008440436231311,-0.15957415843192413,0.10649428084307551,0.10649428084307551,7.256173426564626e-05,-2.367006140180372e-05
2024-09-22,1.00796399377271,-0.15997122159980437,0.30211479229938765,0.10211479229938761,0.000402189744271844,-0.0004724547345414942
2024-09-23,1.0194371710492682,-0.15040957143021572,0.3021148728647507,0.10211487286475071,0.00020000004028268158,0.01138252690318442
2024-09-24,1.016976039932073,-0.15246065755891958,0.1034956310936572,0.1034956310936572,6.903791144532434e-07,-0.002414205786375856
2024-09-25,1.0165145227698185,-0.15284528210941406,0.1034956310936572,0.10255947278036298,4.680791566471082e-07,-0.00045381321106019445
2024-09-26,1.0185679002613959,-0.15113401444856434,0.10255947278036298,0.10167889784965603,4.4028746535347553e-07,0.0020200178606186725
2024-09-27,1.0198299959723838,-0.1500821944184092,0.10199631256938536,0.10199631256938536,1.5870735986466682e-07,0.0012390884404103186
2024-09-28,1.0193033322776788,-0.15052111154523518,0.10675808412929999,0.10675808412929999,2.3808857799573134e-06,-0.000516423028140478
2024-09-29,1.0199674614917922,-0.14996763180203176,0.3090314421274838,0.10903144212748381,0.0002011366789990919,0.00065155208766976
2024-09-30,1.0169945951986434,-0.1524451937546505,0.1109077612776882,0.1109077612776882,9.38159575102196e-07,-0.002914667776558799
2024-10-01,1.0136874553239046,-0.1552013365198075,0.11788498627552946,0.11788498627552946,3.4886124989206293e-06,-0.003251875565860596
2024-10-02,1.0120965037814855,-0.15652722225474336,0.23919613705485698,0.16080386294514304,0.0003785405616651932,-0.00156946949877379
2024-10-03,1.0135344202449408,-0.15532887467715106,0.23919613705485698,0.16131166355509377,0.00040025390030497536,0.0014207305904920808
2024-10-04,1.013279172471247,-0.15554159604105877,0.23868833644490625,-0.0382628906506058,0.00010021272289715023,-0.0002518392751126308
2024-10-05,1.012615989370394,-0.15609428730136865,0.2369167557317195,-0.2369167557317195,0.0003006730674594432,-0.0006544919888488154
2024-10-06,1.0134374947169806,-0.1554096516030642,0.2369167557317195,-0.036112385685253205,0.00030040218502323313,0.0008112703682461309
2024-10-07,1.0129479825701972,-0.15581760693997604,0.23702344083128124,0.16297655916871878,0.00010045552757301402,-0.00048302154729817914
2024-10-08,1.0093255253759421,-0.15883653252709706,0.2379612315511288,0.16203876844887122,4.688953599237926e-07,-0.0035761532246302297
2024-10-09,1.010723476000744,-0.15767149214582243,0.2379612315511288,-0.03789941399362141,0.0003000309087787537,0.0013850344508830048
2024-10-10,1.0115983315741348,-0.15694239481384187,0.03797666751677604,-0.03797666751677604,3.862676157731504e-08,0.0008655736154978833
2024-10-11,1.0092021620764495,-0.1589393424711153,0.2380759954077317,-0.2380759954077317,0.00030004966394547785,-0.0023686965694729167
2024-10-12,1.0062693696144442,-0.1613835072273766,0.2380759954077317,-0.2376868654029941,1.9456500236879685e-07,-0.0029060505141774717
2024-10-13,1.0067592351558852,-0.16097525737430718,0.2376868654029941,-0.03751336377010766,0.00010008675081644321,0.0004868135275029051
2024-10-14,1.0146582014619416,-0.15439232479170029,0.23743967855692677,0.16256032144307325,0.00030003684260659046,0.007845933794526694
2024-10-15,1.0119445683143007,-0.1566538440048093,0.3147663576907732,0.3147663576907732,0.00047610301812384993,-0.002674430802147132
2024-10-16,1.0161229053442848,-0.15317165280281553,0.3147663576907732,0.3025744015901608,6.095978050306178e-06,0.004129017696043569
2024-10-17,1.0173529807522919,-0.15214651822587422,0.3025744015901608,0.30139832378114584,0.0004005880389045075,0.0012105577007803792
2024-10-18,1.018101249083425,-0.15152291764490045,0.30139832378114584,0.10691302876700769,0.00010275735249293094,0.0007355051248603139
2024-10-19,1.017809291866795,-0.15176623235211817,0.10986439200860776,0.10986439200860776,1.475681620800036e-06,-0.0002867663868288961
2024-10-20,1.0204565195170183,-0.14956005492623503,0.1138968259629961,0.1138968259629961,2.016216977194174e-06,0.00260090733242313
2024-10-21,1.019230391112632,-0.15058190010330663,0.12289382151671444,0.12289382151671444,4.498497776859165e-06,-0.001201548895939486
2024-10-22,1.0165472350795555,-0.15281801994354627,0.32851075776649685,0.12851075776649687,0.00020280846812489124,-0.0026325314241740783
2024-10-23,1.0102304708989513,-0.15808235848228136,0.32802875447925944,0.12802875447925943,0.0002002410016436187,-0.006213940643996163
2024-10-24,1.0079675114514743,-0.15996828999568613,0.32636874551895867,0.12636874551895863,0.0002008300044801504,-0.0022400427552541347
2024-10-25,1.0111270967654133,-0.1573351179697835,0.32858108301982203,0.12858108301982202,0.0002011061687504317,0.0031346102707081602
2024-10-26,1.0071542445673116,-0.16064605982817737,0.3303328937943917,0.13033289379439167,0.00040087590538728487,-0.003929132362104681
2024-10-27,1.0095151231573047,-0.15867852331878263,0.13038108859757502,0.13038108859757502,2.4097401591677282e-08,0.002344108266169931
2024-10-28,1.009474719356416,-0.15871219550917137,0.13038108859757502,0.12969970093668723,3.4069383044389724e-07,-4.0022977327192066e-05
2024-10-29,1.0208007250950184,-0.1492731968707962,0.32894192551986723,-0.0710580744801328,0.00030037888770841005,0.01121970220891133
2024-10-30,1.0254600482324485,-0.14539015586190307,0.32895806508029346,0.32895806508029346,0.00020000806978021313,0.004564380709067617
2024-10-31,1.0119838016579628,-0.1566211472637029,0.32895806508029346,0.3180854741339727,0.00020543629547316037,-0.013141659294978791
2024-11-01,1.0066685815401302,-0.16105080734094357,0.31970382944304243,-0.08029617055695756,0.0002008091776545349,-0.005252277861690247
2024-11-02,1.0082503244436405,-0.15973259600880485,0.31970382944304243,-0.08401580750761994,0.0004018598184753312,0.001571264796095706
2024-11-03,1.0093701939801847,-0.15879930608519377,0.31612165770671913,0.11612165770671912,0.00030006873260716955,0.0011107058528918579
2024-11-04,1.0093898866444921,-0.15878289438314508,0.12366685315752461,0.12366685315752461,3.7725977254027474e-06,1.9509853208754535e-05
2024-11-05,1.012889024891518,-0.15586674177723625,0.32555612806093115,0.32555612806093115,0.00010094463745170327,0.0034665873844397233
2024-11-06,1.0248053588764983,-0.14593576850611278,0.3255615046051561,0.12556150460515608,0.0003000026882721125,0.011764698493264225
2024-11-07,1.0226992853749788,-0.14769095258176668,0.32611473224171283,0.12611473224171285,0.0002002766138182784,-0.0020550961051053473
2024-11-08,1.0262492917339663,-0.14473240691597222,0.12611473224171285,0.11067420900454741,7.72026161858272e-06,0.0034712123199389655
2024-11-09,1.02990339342686,-0.1416871090678392,0.11067420900454741,0.10109683790985474,4.788685547346336e-06,0.00356063748089519
2024-11-10,1.035607713135196,-0.13693317663989357,0.10109683790985474,0.10022831140122432,4.3426325431521195e-07,0.005538693963666574
2024-11-11,1.037902554032455,-0.13502067539237195,0.3004275054019408,0.1004275054019408,0.00020009959700035824,0.002215936467211188
2024-11-12,1.0387990276653432,-0.13427356175006366,0.1004275054019408,0.09707854719228184,1.674479104829478e-06,0.0008637358385950034
2024-11-13,1.0445105653875217,-0.12951361388963423,0.2970921279792271,0.2970921279792271,0.00010000679039347263,0.005498212426151339
2024-11-14,1.030955565543772,-0.1408102376086433,0.29788943275225777,0.09788943275225775,0.00010039865238651534,-0.012977369777702918
2024-11-15,1.0249144887179624,-0.14584482060720116,0.3061685635867986,0.3061685635867986,0.00010413956541727043,-0.005859686903790795
2024-11-16,1.0330234107674705,-0.13908691266061368,0.3061685635867986,0.09667941611734836,0.00010474457373472512,0.007911803510208815
2024-11-17,1.0390297266710518,-0.13408129912447309,0.29596779925412525,0.29596779925412525,0.0005003558084316117,0.005814307634249394
2024-11-18,1.0479510976319009,-0.12664630303711588,0.29596779925412525,0.294404975235879,0.00020078141200912314,0.008586251896212316
2024-11-19,1.0528244261001811,-0.12258491177190811,0.294404975235879,0.09365591583726406,0.0005003745296993075,0.004650339581010243
2024-11-20,1.05538145362787,-0.12045390637519693,0.2935107229095645,0.2935107229095645,0.00010007259646384977,0.002428731196101097
2024-11-21,1.0601172171018576,-0.1165071606279049,0.2935107229095645,0.09351203960953623,0.00010000065834998587,0.004487252886348214
2024-11-22,1.0666616993284859,-0.11105304377049652,0.29381062611723174,0.09381062611723173,0.0004001492932538478,0.006173357173202332
2024-11-23,1.0710148094331335,-0.10742519814700169,0.09381062611723173,0.0926531248032086,5.787506570115661e-07,0.00408105972810735
2024-11-24,1.0629538887952534,-0.11414310211783163,0.2949249502749327,0.2949249502749327,0.00010113591273586204,-0.007526432470288502
2024-11-25,1.0707175336552446,-0.1076729452987758,0.2949249502749327,0.09365113642114323,0.00030063690692689476,0.0073038397449165515
2024-11-26,1.0663244381530308,-0.1113341144188229,0.2893276465017607,0.2893276465017607,0.0005021617449596913,-0.004102945327906116
2024-11-27,1.0750607449790988,-0.10405334923656384,0.2893276465017607,0.08744042118178072,0.00010094361265998999,0.00819291625839913
2024-11-28,1.0775017287072965,-0.10201905377366938,0.2816695617137244,-0.11833043828627558,0.00010288542973402815,0.0022705542357503994
2024-11-29,1.083699663653375,-0.09685374652705747,0.2816695617137244,0.2782082321278666,0.0004017306647929289,0.005752134572914791
2024-11-30,1.0905966607026918,-0.09110584675904865,0.2798711828631302,0.07987118286313018,0.00010083147536763178,0.00636430671766286
2024-12-01,1.0908532957125296,-0.09089196928411836,0.27979556936830086,0.07979556936830082,0.0002000378067474147,0.0002353161522359315
2024-12-02,1.0881625511113804,-0.09313441337364403,0.2826880802566341,0.2826880802566341,0.00010144625544416665,-0.0024666420422706503
2024-12-03,1.0798081173377385,-0.10009692874170806,0.2840616740208094,0.2840616740208094,6.867968820876286e-07,-0.0076775604574027545
2024-12-04,1.0979608989605818,-0.08496855206812515,0.2840616740208094,0.2835686253171951,0.00020024652435180715,0.016811117948990706
2024-12-05,1.0997865910796774,-0.08344703549609123,0.2835686253171951,0.08294373549451661,0.00010031244491133925,0.0016628024921718776
2024-12-06,1.1078673417356917,-0.07671260535367974,0.2804474680713676,0.2804474680713676,0.00010124813371157452,0.007347562446717637
2024-12-07,1.1066265251054275,-0.07774669157558756,0.28066381215284,-0.11933618784716007,0.00020010817204073618,-0.0011200047004952252
2024-12-08,1.1068573545834515,-0.07755432021545838,0.28409952763630836,0.08409952763630833,0.0003017178577417342,0.0002085884196580956
2024-12-09,1.096697481525772,-0.08602147361188028,0.2886061088684805,0.2886061088684805,0.00010225329061608606,-0.009179026561651149
2024-12-10,1.075459456706606,-0.10372106621111743,0.2888481429878044,0.2888481429878044,1.2101705966198474e-07,-0.019365435935550734
2024-12-11,1.0863654938718534,-0.09463206587607598,0.2888481429878044,0.08657917097171036,0.00030113448600804706,0.010140816650261009
2024-12-12,1.0816869593855127,-0.09853111746278398,0.2832403491310074,-0.11675965086899262,0.00010166941092035149,-0.004306593418820559
2024-12-13,1.0800752103847515,-0.09987433562589476,0.2832403491310074,0.28044312156671103,0.0002013986137821482,-0.001490032755577797
2024-12-14,1.0819108795613792,-0.09834450425739727,0.28044312156671103,0.0791834600671763,0.00010062983074976735,0.0016995753249218204
2024-12-15,1.0861833895029502,-0.0947838301369982,0.2787558133432524,0.2787558133432524,0.00030021382336196196,0.003949040556192829
2024-12-16,1.090684588737351,-0.09103256826894557,0.2845193980772657,0.2845193980772657,0.00040288179236700665,0.004144050883024608
2024-12-17,1.092691529842016,-0.08936000030531954,0.285160218717074,0.08516021871707394,0.00030032041031990416,0.0018400746883127095
2024-12-18,1.0876315210442447,-0.09357696939880533,0.28612180513201463,0.28612180513201463,0.00010048079320747036,-0.004630775163509182
2024-12-19,1.0669154533861114,-0.11084156725709116,0.28675790562242653,0.28675790562242653,3.1805024520593225e-07,-0.019046954099162128
2024-12-20,1.0548112723886272,-0.12092909066037683,0.28675790562242653,0.17127490475463425,5.7741500433896127e-05,-0.011345023599639403
2024-12-21,1.0640097029768398,-0.11326319539233842,0.22872509524536577,-0.22703665501157094,0.0002008442201168974,0.008720451543320795
2024-12-22,1.0716148163066699,-0.10692515742717201,0.22703665501157094,-0.2255873810391726,0.00020072463698619916,0.0071475977226103105
2024-12-23,1.0764891721562504,-0.10286290995096481,0.2261010149698396,0.17389898503016044,0.0004002568169653335,0.004548608114976815
2024-12-24,1.0788686067342748,-0.10087990903604149,0.2261010149698396,-0.025938617100277724,0.0003000811989347809,0.0022103655471552575
2024-12-25,1.0788301695475557,-0.10091194226659761,0.22646584222623783,0.1735341577737622,0.00010026361256298005,-3.562731038808664e-05
2024-12-26,1.0767801796660468,-0.10262038672149454,0.22646584222623783,-0.02601349386738848,0.0003002261741794247,-0.0019001970276496527
2024-12-27,1.0844678519667883,-0.09621354479913402,0.22719483748851418,-0.02719483748851418,0.00040059067181056284,0.007139500193183768
2024-12-28,1.0820419531563765,-0.09823526861746734,0.2280930130766327,-0.2280930130766327,0.0003004490877940593,-0.0022369485697627534
2024-12-29,1.0816091304219777,-0.09859597947131438,0.23023638248123526,-0.23023638248123526,1.0716847023012725e-06,-0.0004000055017584492
2024-12-30,1.0818932654744748,-0.09835918369038932,0.23023638248123526,-0.03014687412346885,0.00010004475417888321,0.00026269661054945104
2024-12-31,1.0860725096690138,-0.09487623646502807,0.23034045266878309,-0.030340452668783078,0.00020009678927265714,0.0038628987977877838
2025-01-01,1.084678428794238,-0.09603805182893388,0.230441192980872,-0.030441192980871987,0.0004000503701560445,-0.0012835983439063448
2025-01-02,1.0840089851557684,-0.09659596056903341,0.2302003351460673,-0.2302003351460673,0.00010012042891740235,-0.0006171816648112838
2025-01-03,1.0828317998441264,-0.09757701698116572,0.2302003351460673,-0.030171879970824416,0.00010001422758762143,-0.0010859553082689377
2025-01-04,1.082978755818449,-0.09745454509888474,0.289873131587765,-0.11012686841223501,0.0001600225057792947,0.0001357144981692926
2025-01-05,1.0856796093886212,-0.09520367627896031,0.29504343598901484,0.09504343598901481,0.00030258515220062495,0.0024939118663795945
2025-01-06,1.0889240052468876,-0.09249982385337374,0.29530419981513956,0.09530419981513955,0.0004001303819130624,0.002988354787366143
2025-01-07,1.0708391639841075,-0.10757157959801422,0.29649605862081285,0.29649605862081285,0.00010059592940283666,-0.016607992087267487
2025-01-08,1.0604296025488433,-0.11624682120403396,0.29649605862081285,0.295520784080629,4.876372700919271e-07,-0.009720938293417691
2025-01-09,1.058681296476492,-0.11770384489069363,0.295520784080629,0.08954463786138564,0.0003029880731096217,-0.001648677166451451
2025-01-10,1.0517321685270484,-0.12349519011570376,0.29029286685713734,0.09029286685713733,0.00040037411449787586,-0.006563947027846462
2025-01-11,1.059326589548955,-0.11716606303070642,0.23207139830473184,-0.03207139830473183,0.0006611821325809346,0.007220869770054872
2025-01-12,1.0602303650738119,-0.11641286405258433,0.23406686303181082,-0.0340668630318108,0.0002009977323635395,0.000853160426420585
2025-01-13,1.0482563066041959,-0.12639194442734636,0.23553825858764527,0.16446174141235476,0.00010073569777791724,-0.011293827138012857
2025-01-14,1.0481711199058672,-0.12646293831063493,0.23557117115916584,-0.035571171159165825,0.0003000164562857603,-8.126514268347318e-05
2025-01-15,1.0463406296191262,-0.12798845363553168,0.23280268160936313,-0.0328026816093631,0.00020138424477490137,-0.0017463658862354459
2025-01-16,1.0432813162529526,-0.1305380598571898,0.23129926957718866,-0.23129926957718866,0.0005007517060160872,-0.002923821630904322
2025-01-17,1.048089352118014,-0.12653108290247272,0.23129926957718866,0.16956419065222025,0.00020043173011470447,0.004608570852520089
2025-01-18,1.0475085770948087,-0.1270150959587748,0.23043580934777977,0.16956567168570347,0.0002000007405167416,-0.0005541273957540005
2025-01-19,1.0618039094720735,-0.11510148528628261,0.23043432831429655,0.16990201453525705,0.0002001681714247768,0.013646983604572283
2025-01-20,1.0518459067765311,-0.12340040160801835,0.23153327821254419,0.16846672178745584,0.00020071764637390063,-0.009378382022058984
2025-01-21,1.0475332459929816,-0.126994537104962,0.2335934642663201,-0.03359346426632011,0.00010103009302688798,-0.004100088003163638
2025-01-22,1.0518478268473588,-0.12339880143701842,0.23349024958007347,-0.03349024958007346,0.00040005160734312334,0.004118800879000961
2025-01-23,1.0498672809512712,-0.12504937185415088,0.23379931735194281,-0.03379931735194282,0.00020015453388593467,-0.0018829205570786156
2025-01-24,1.0574432231100734,-0.11873564489941191,0.23381704995333824,-0.033817049953338216,0.0002000088663006977,0.007216095116270083
2025-01-25,1.0588692347004045,-0.11754721874370488,0.2365865119566936,-0.036586511956693615,0.0002013847310016777,0.0013485467202118961
2025-01-26,1.0616986914372373,-0.11518917311820431,0.2355058692955906,0.16449413070440944,0.0005005403213305515,0.002672149349614905
2025-01-27,1.0477788064725728,-0.12678988905109412,0.23634719721413844,-0.23634719721413844,0.00040042066395927397,-0.013110956128078999
2025-01-28,1.0507592247666577,-0.12430603332393586,0.23634719721413844,-0.036343961730802565,0.00010000161774166794,0.0028445109556263226
2025-01-29,1.056743941129668,-0.1193184206646043,0.2344284490216601,-0.03442844902166008,0.00020095775635457124,0.005695611536831846
2025-01-30,1.0526915919877884,-0.12269561461233947,0.23424893181356007,-0.23424893181356007,0.00010008975860405002,-0.0038347502967894798
2025-01-31,1.0502585501849597,-0.12472329134092675,0.23424893181356007,-0.03401004188010302,0.00030011944496672856,-0.002311257942351652
2025-02-01,1.052024900803381,-0.12325122948019962,0.23300323384833882,0.1669967661516612,0.00010050340401588212,0.001681824554637279
2025-02-02,1.0426374627321608,-0.13107464200683083,0.23300323384833882,0.1682270358792669,6.15134863802852e-07,-0.008923209007749122
2025-02-03,1.0227498487616422,-0.14764881347740078,0.23177296412073312,0.16899249595773536,3.827300392342126e-07,-0.01907433281593629
2025-02-04,1.0326655791747987,-0.13938512652293622,0.23100750404226467,-0.2303538483484013,0.0002003268278469317,0.009695166833965319
2025-02-05,1.0307275693290265,-0.14100024775080688,0.2303538483484013,-0.2254230341943801,0.0006024654070770106,-0.0018767061523606854
2025-02-06,1.0234468738338691,-0.14706791860064483,0.2254230341943801,0.17486745198814663,0.00020014524309126336,-0.007063646798442735
2025-02-07,1.0231291251082268,-0.147332727736178,0.22537738259602308,0.17462261740397694,0.00020012241729208484,-0.00031046919362420766
2025-02-08,1.0140253321372918,-0.15491975280396753,0.22630450709395905,-0.026304507093959026,0.000300463562248968,-0.008897990241426013
2025-02-09,1.014843291791424,-0.1542380720561567,0.2264420066718624,-0.2264420066718624,0.00010006874978895169,0.0008066461736297992
2025-02-10,1.0196749681184867,-0.15021139333774736,0.2264420066718624,0.1739191599372694,0.0002001805833045659,0.004761007306392839
2025-02-11,1.021136850361297,-0.14899307287969554,0.22608084006273063,-0.025972715804627157,0.00010005406212905174,0.0014336747380476744
2025-02-12,1.0243575346186593,-0.14630898150436922,0.22601058051872083,-0.02601058051872082,0.00040001893235704685,0.003154018245670187
2025-02-13,1.0243745510097422,-0.14629480018608554,0.2780775691953662,-0.07807756919536617,0.00022603349433832269,1.6611769333874093e-05
2025-02-14,1.0186528169634297,-0.15106324557793405,0.28197395371759715,0.11802604628240289,0.00030194819226111546,-0.0055855878503344725
2025-02-15,1.0207686301540762,-0.14929994452666406,0.2843676957155351,-0.2843676957155351,0.00020119687099896902,0.002077069984402602
2025-02-16,1.020477084751164,-0.14954291603176695,0.2851928844877458,-0.08519288448774584,0.0005004125943861054,-0.00028561359969159206
2025-02-17,1.0184631806510167,-0.1512212868977042,0.08519288448774584,-0.08515023463574234,2.1324926001750622e-08,-0.0019734927224156484
2025-02-18,1.0227906176465298,-0.14761483702905498,0.28629282303432424,-0.08629282303432426,0.00040057129419929097,0.004248987177661867
2025-02-19,1.0220832930825774,-0.14820431541623968,0.28612470835483905,0.11387529164516096,0.0001000840573397426,-0.0006915634067689025
2025-02-20,1.022033528373108,-0.1482457889096992,0.2865157096659554,-0.08651570966595537,0.0003001955006555582,-4.868948529934691e-05
2025-02-21,1.0215910838504023,-0.1486145184816029,0.08651570966595537,-0.08628624367534549,1.1473299530494197e-07,-0.00043290607443047247
2025-02-22,1.0149109888858576,-0.1541816538627594,0.2861498031837115,-0.08614980318371152,0.000200068220245817,-0.006538912751043902
2025-02-23,1.0119721656355805,-0.15663084462762422,0.28603259052546154,-0.08603259052546151,0.000200058606329125,-0.002895646300467125
2025-02-24,1.0211484056370845,-0.1489834428093122,0.2853829298210195,-0.08538292982101946,0.00040032483035222103,0.009067680231831021
2025-02-25,1.022167658526994,-0.14813400595910597,0.2873682586139147,-0.08736825861391466,0.00020099266439644762,0.000998143741189228
2025-02-26,1.0244971030521224,-0.1461926663369728,0.2858165551596431,-0.2858165551596431,0.0003007758517271358,0.002278926070192311
2025-02-27,1.0339218012645879,-0.13833820151965792,0.2858165551596431,-0.07839089686334401,0.00010371282914814955,0.009199341007787298
2025-02-28,1.0347255352800668,-0.1376683763003519,0.2799866308985062,-0.07998663089850616,0.00020079786701758108,0.0007773644143072023
2025-03-01,1.0461675479334736,-0.12813269846755004,0.2794787696621349,-0.2794787696621349,0.0005002539306181857,0.01105801709078591
2025-03-02,1.0384193886712672,-0.13458994971867866,0.2794787696621349,-0.27873374622121355,3.7251172046068315e-07,-0.007406231704965016
2025-03-03,1.0373236420482788,-0.13550313580749895,0.2819059707197794,-0.08190597071977938,0.00030158611224928296,-0.0010552062441673282
2025-03-04,1.0473312373123982,-0.12716288945308662,0.28452321133063474,0.11547678866936525,0.0003013086203054277,0.009647514872365148
2025-03-05,1.0537263618052142,-0.12183324608426926,0.28461253841542583,-0.28461253841542583,0.00020004466354239553,0.006106114536625018
2025-03-06,1.0450931580805365,-0.12902808600248594,0.28461253841542583,-0.27945222965053357,0.00020258015438244615,-0.00819302243695319
2025-03-07,1.0536120640507565,-0.1219285008787303,0.29074244303116936,0.10925755696883066,0.00020564510669031792,0.008151336466374115
2025-03-08,1.044058713652307,-0.12989018335391622,0.29074244303116936,-0.2904242871784002,0.00020015907792638463,-0.009067237102165504
2025-03-09,1.0561622949389673,-0.11980315974462497,0.2904242871784002,-0.2902184006653017,0.00020010294325654922,0.011592816695453534
2025-03-10,1.059762243576058,-0.1168029926011539,0.2902184006653017,-0.09056271948481655,0.00010017215940975744,0.003408518420267237
2025-03-11,1.0424360646305388,-0.1312424855035459,0.28956366379032383,0.11043633620967616,0.0005004995278472463,-0.016349118918461913
2025-03-12,1.043438839738542,-0.13040678109923176,0.28996675704021657,-0.08996675704021656,0.00030020154662494636,0.0009619535835583282
2025-03-13,1.0455416948881069,-0.1286542791712313,0.2887003558026806,-0.2887003558026806,0.00010063320061876799,0.0020153123206436696
2025-03-14,1.0428934054238208,-0.1308613415040908,0.28873040783859877,-0.08873040783859877,0.0003000150260179591,-0.002532935297778094
2025-03-15,1.0415004835432802,-0.13202219097187573,0.2886662264227101,-0.2886662264227101,0.00010003209070794435,-0.0013356320725560478
2025-03-16,1.0520790211200997,-0.12320612606001735,0.2886662264227101,0.11265022177683802,0.00020065822409977405,0.010157016481481707
2025-03-17,1.0522498893797436,-0.12306372587875802,0.28772832564970724,-0.08772832564970721,0.0007001892737132727,0.00016241010058926086
2025-03-18,1.060680019400748,-0.11603812589001883,0.2898222537247976,-0.2898222537247976,0.00010104696403754518,0.008011528540974089
2025-03-19,1.0435678465423663,-0.1302992679058126,0.2898222537247976,-0.28911793591009494,0.00020035215890735136,-0.01613320939904872
2025-03-20,1.0469532034900073,-0.1274779396850183,0.28911793591009494,0.22974210523797844,0.00025943002057403667,0.003244021899355465
2025-03-21,1.0430465763758867,-0.13073369011123825,0.22974210523797844,0.22692497786967286,0.0004014085636841528,-0.003731424767693836
2025-03-22,1.0464794628376473,-0.12787275119013075,0.22692497786967286,-0.1731865542783474,0.00020005576607401014,0.003291211092110613
2025-03-23,1.047048402161786,-0.12739860190663177,0.22692145069252945,-0.17307854930747057,0.00020005400248543842,0.0005436698419252206
2025-03-24,1.0393050000702981,-0.13385188857139418,0.22692145069252945,-0.17324614310172445,0.00020008379689712694,-0.007395457626891755
2025-03-25,1.0424338338097592,-0.1312443446509618,0.22675385689827557,-0.17331032284741396,0.00020003208987284476,0.003010505808447528
2025-03-26,1.0349409569312786,-0.13748884569447073,0.22668967715258606,0.2262146947535643,0.00040023749119951087,-0.007187868078974424
2025-03-27,1.0326410363081406,-0.13940558034313677,0.22625535081746315,0.22625535081746315,0.00040002032803194943,-0.0022222723023331836
2025-03-28,1.026272962935273,-0.14471267953439926,0.2265301441343004,0.2265301441343004,0.00020013739665841865,-0.006166783179208601
2025-03-29,1.0254926736240577,-0.14536296613287736,0.22922351261101012,0.029223512611010118,0.00030134668423835486,-0.0007603136196641103
2025-03-30,1.0276278325960917,-0.1435835424688885,0.28389767022246126,-0.08389767022246122,0.0002565605914167357,0.0020820811566455433
2025-03-31,1.026191208049783,-0.14478081337351523,0.08513643178258265,-0.08513643178258265,6.193807800607132e-07,-0.001398000813855993
2025-04-01,1.0116427116518052,-0.15690540882757542,0.28653270166734135,-0.28653270166734135,0.00010069813494237934,-0.014177178954421832
2025-04-02,1.0140645507853292,-0.15488706831007204,0.28653270166734135,-0.28631453373227356,1.0908396753388227e-07,0.002393966867578756
2025-04-03,1.0103713492552524,-0.15796495163612634,0.28631453373227356,-0.08509251570105589,0.00030061100901560884,-0.0036419787351930077
2025-04-04,1.0121321101088123,-0.15649754823877415,0.28611124491353307,-0.08611124491353307,0.00020050936460623862,0.0017426868396972495
2025-04-05,1.0108070446879853,-0.15760184669946764,0.29208387250249224,-0.09208387250249221,0.0002029863137944796,-0.0013091822772863804
2025-04-06,1.012010924840693,-0.15659854302962706,0.09666484091000813,-0.09666484091000813,2.290484203757957e-06,0.0011910088666620133
2025-04-07,1.0201450853278244,-0.1498196015798029,0.2990694806111466,0.10093051938885342,0.00030120231985056924,0.008037621222725111
2025-04-08,1.0324476389300479,-0.13956675610364888,0.2993349916224601,-0.2993349916224601,0.00020013275550565676,0.012059611695596661
2025-04-09,1.0483565046461962,-0.12630844021554943,0.2993349916224601,0.1168712033501854,0.00020810309748632274,0.015408883817718655
2025-04-10,1.06654515228365,-0.11115017310478281,0.2839140436630058,-0.2839140436630058,0.0002003926235065956,0.017349677859428425
2025-04-11,1.0646635594845333,-0.11271827683691371,0.28431201821079705,0.11568798178920298,0.00020019898727389562,-0.0017641942257101695
2025-04-12,1.0588438649416256,-0.1175683616888964,0.285975586387203,-0.085975586387203,0.000500831784088203,-0.005466228735884537
2025-04-13,1.0714690114906678,-0.10704666994371814,0.28342761915408793,-0.28342761915408793,0.00010127398361655755,0.011923520518057229
2025-04-14,1.0686211105861085,-0.10942008678463866,0.28342761915408793,-0.08005761170901092,0.0001016850037225385,-0.0026579405227918906
2025-04-15,1.0679628528783138,-0.10996867326348858,0.2796159555195759,0.12038404448042413,0.0003002208280947175,-0.0006159879318089478
2025-04-16,1.0720325662291412,-0.10657700812896453,0.2796159555195759,-0.07892979938434705,0.00030034307806761445,0.003810725569577178
2025-04-17,1.07409013764019,-0.10486224529063626,0.2791587564402113,-0.0791587564402113,0.00020011447852793214,0.0019193180094183582
2025-04-18,1.074173346219247,-0.10479289995543617,0.2793003360091204,-0.2793003360091204,0.00010007078978445455,7.746889776294452e-05
2025-04-19,1.0706258522703263,-0.1077493517996535,0.2794700286837986,-0.2794700286837986,0.00020008484633733914,-0.003302533954507969
2025-04-20,1.074148667805786,-0.10481346673921077,0.2878935735689708,0.11210642643102925,0.0002042117724425861,0.0032904263688278146
2025-04-21,1.0738573182720403,-0.10505627500858539,0.2883496284794901,-0.2883496284794901,0.00020022802745525969,-0.00027123762517911043
2025-04-22,1.084111328866597,-0.09651066817474607,0.2883496284794901,0.11186034434732961,0.00020010498641340982,0.009548764458813919
2025-04-23,1.0722062614612045,-0.10643225197248929,0.2881396556526704,-0.17092788543934184,0.00025860588510666425,-0.010981406695418694
2025-04-24,1.0701866002895175,-0.10811542073379032,0.22907211456065818,0.028127734050224777,0.0003004721902552167,-0.0018836498575719451
2025-04-25,1.0722723161173784,-0.1063772025734272,0.22771716575014,0.02771716575013998,0.0002002052841500424,0.0019489272499715327
2025-04-26,1.0721839876742807,-0.10645081476058038,0.02771716575013998,0.02768008316681147,1.854129166425564e-08,-8.237501031493899e-05
2025-04-27,1.0742697723145664,-0.10471253925251678,0.2275947660027383,-0.1724052339972617,0.0003000426585820366,0.001945360744299185
2025-04-28,1.0739876396089136,-0.10494766629429653,0.2275947660027383,0.027594762847444124,0.0001000000015776471,-0.0002626274264873052
2025-04-29,1.0749076674172013,-0.10418092279882951,0.029112127870231864,0.029112127870231864,7.586825113938701e-07,0.0008566465519299626
2025-04-30,1.0770493441847429,-0.10239606725847217,0.2291126775517132,0.02911267755171318,0.00020000027484074067,0.0019924285894175053
2025-05-01,1.0785844008319847,-0.10111676386259272,0.02911267755171318,0.028858506342520275,1.2708560459645177e-07,0.0014252426367746818
2025-05-02,1.0808058176505992,-0.0992654536293035,0.22868033752913638,0.028680337529136367,0.00020008908440669195,0.002059566981409855
2025-05-03,1.080700994179402,-0.09935281263518225,0.028680337529136367,0.028410400307158242,1.3496861098906236e-07,-9.698640540434234e-05
2025-05-04,1.0814771079857664,-0.0987060058675917,0.2284224675778683,-0.17157753242213172,0.00030000603363535504,0.0007181577610688716
2025-05-05,1.0847939200298593,-0.0959418023972336,0.22998409677148782,0.02998409677148781,0.00030078081459680977,0.003066927648860851
2025-05-06,1.0883706774580384,-0.09296096261368025,0.22999776844867292,0.029997768448672926,0.00020000683583859256,0.003297176875844743
2025-05-07,1.0892429915789912,-0.09223398330694677,0.029997768448672926,0.02990886003752804,4.445420557244381e-08,0.0008014862390366417
2025-05-08,1.0829630475320482,-0.09746763625364574,0.22985129162275575,-0.17014870837724427,0.00010002878420738616,-0.005765420659568754
2025-05-09,1.0624527585529346,-0.11456073987858029,0.23889742593141647,-0.16110257406858355,4.52306715433036e-06,-0.01893904785195999
2025-05-10,1.0574835665192885,-0.11870202303893984,0.23889742593141647,0.2310571176754158,0.00020392015412800033,-0.004677094575403218
2025-05-11,1.0742426306349313,-0.10473515890175866,0.2310571176754158,0.027697799223069346,0.0003016796592261732,0.015848061044397843
2025-05-12,1.0766364446689969,-0.10274017426820359,0.22721048426452542,0.22721048426452542,0.00010024365747927199,0.0022283737079542565
2025-05-13,1.0902769311543843,-0.09137230669565599,0.2274830254987826,0.2274830254987826,0.0002001362706171286,0.012669538127682234
2025-05-14,1.1087676109948446,-0.07596232846812667,0.22804299587407856,-0.17195700412592146,0.000200279985187648,0.016959617609154654
2025-05-15,1.1066121738773043,-0.07775865176930818,0.2291187655268651,0.2291187655268651,0.0002005378848263933,-0.0019439935800505959
2025-05-16,1.1098653021024583,-0.07504752186205121,0.22915066236991077,0.22915066236991077,1.5948421522837473e-08,0.00293971845055796
2025-05-17,1.1162944304033449,-0.06968954000343563,0.22915066236991077,0.028995325667891432,0.0003000776683510097,0.005792710420546188
2025-05-18,1.120957699124839,-0.06580321077771945,0.2294459062448792,0.029445906244879205,0.0002002252902884939,0.004177454078855503
2025-05-19,1.1577279781397694,-0.03515916718769474,0.22815520689254554,0.028155206892545533,0.0006006453496761668,0.032802557173778
2025-05-20,1.172859335739628,-0.022548820073438613,0.22801173681658266,-0.17198826318341737,0.0003000717350379815,0.013069872962876428
2025-05-21,1.1707599960267778,-0.024298392265826085,0.22801173681658266,0.026877324882788666,0.00030056720596689703,-0.0017899330711544925
2025-05-22,1.1860638091120677,-0.011544322189589007,0.2272434007258272,0.2272434007258272,0.00010018303792151926,0.013071691155513987
2025-05-23,1.1855622422672714,-0.011962323811197773,0.2272434007258272,0.22721926023950823,0.00040001207024315953,-0.00042288352527586337
2025-05-24,1.1849243563877045,-0.01249393257845699,0.2274006970337113,0.02740069703371128,0.00010009071839710154,-0.0005380450362075795
2025-05-25,1.1843783116977735,-0.012949001664920967,0.02740069703371128,0.02708713085779172,1.5678308795977897e-07,-0.0004608266232271063
2025-05-26,1.1864225680279459,-0.011245335503846987,0.22726128090338796,-0.17273871909661206,0.00010008707502279812,0.0017260163496601866
2025-05-27,1.1909752089899355,-0.00745120252943321,0.22726128090338796,0.027044747887928985,0.0003001082665077295,0.003837284526337248
2025-05-28,1.194786048969493,-0.004275280301572204,0.227080437723072,0.027080437723071983,0.00020001784491757151,0.003199764319858245
2025-05-29,1.2075429558795137,-0.0023057450484994524,0.22694552180952166,0.026945521809521658,0.00020006745795677516,0.010677147528645792
2025-05-30,1.2071748934366044,-0.006514842601960225,0.22697624022915544,0.22697624022915544,0.0003000153592098169,-0.0003048027741898718
2025-05-31,1.1992555577801638,-0.013032326086667934,0.2270394110842982,0.027039411084298193,0.00010003158542757139,-0.006560222300432184
2025-06-01,1.195177841400139,-0.016388219852898067,0.22727435601381454,-0.17272564398618548,0.0003001174724647582,-0.0034002063643308045
2025-06-02,1.1951252754981525,-0.016431480728925862,0.22730883963275741,0.02730883963275741,0.00010001724180947145,-4.3981657093850046e-05
2025-06-03,1.1947275604175502,-0.016758793723588017,0.22732138104388575,-0.17267861895611428,0.00010000627070556416,-0.0003327810805704434
2025-06-04,1.2019571621889589,-0.010808949924777878,0.22738352753891145,0.22738352753891145,0.00020003107324751286,0.006051255542215195
2025-06-05,1.1937215954686056,-0.017586686393550766,0.22738352753891145,0.22732334328128187,0.0002000300921288148,-0.006851797201618659
2025-06-06,1.1854662428039802,-0.02438070637026135,0.22757781606243596,0.22757781606243596,1.2723639057705094e-07,-0.006915643225323009
2025-06-07,1.1783096420113404,-0.03027047155968632,0.22757781606243596,-0.1727090222084755,0.00020014341913545574,-0.006036950302112487
2025-06-08,1.1786786377955483,-0.02996679407538294,0.22729097779152452,0.026797107900359555,0.00010024693494558248,0.0003131568910719196
2025-06-09,1.1724549079907411,-0.0350888217271752,0.23147005358313943,-0.1685299464168606,0.00030233647284138996,-0.005280260119456814
2025-06-10,1.1710516881382698,-0.036243648673607076,0.239464484592873,-0.16053551540712702,0.0002039972155048668,-0.0011968220209624958
2025-06-11,1.1756579140542316,-0.03245280021907815,0.2424052001788437,0.2424052001788437,0.00040147035779298536,0.00393340956903665
2025-06-12,1.161386604030985,-0.04419785452877989,0.2424052001788437,0.23737527138466616,2.514964397088766e-06,-0.0121389988130437
2025-06-13,1.1442141825170822,-0.058330476059763714,0.23737527138466616,0.23600854667646773,6.833623540992116e-07,-0.014786137066071237
2025-06-14,1.1461258337557354,-0.05675721841329551,0.23600854667646773,-0.16551275697253462,0.00020076065182450116,0.0016707110153486582
2025-06-15,1.1438093174159503,-0.05866367340416667,0.2344872430274654,-0.16779810009781848,0.0004011426715626419,-0.002021171036860281
2025-06-16,1.1426381391491118,-0.05962753392768927,0.23220660096259443,0.03220660096259444,0.00010000235053020646,-0.001023927895158816
2025-06-17,1.1509186122934951,-0.05281284020774413,0.23224434840407507,0.03224434840407506,0.0004000188737207403,0.0072468026934162655
2025-06-18,1.1519632756631832,-0.05195309937159398,0.2328419403245478,0.2328419403245478,0.00010029879596023637,0.0009076778831582644
2025-06-19,1.1514559088278369,-0.05237065396373575,0.2328419403245478,0.032273620116906786,0.0001002841601038205,-0.00044043664070247956
2025-06-20,1.1523367309976997,-0.051645751750457713,0.23332995639752502,-0.166670043602475,0.00010052816814030913,0.0007649638714821716
2025-06-21,1.1582733435084587,-0.04676001692716947,0.23332995639752502,0.033326560204229874,0.00010000169809664758,0.005151803592700066
2025-06-22,1.160400744654341,-0.04500920064217462,0.3019696378531342,0.09803036214686583,0.00016764809902868202,0.001836700428108129
2025-06-23,1.160855827847869,-0.04463467463056736,0.3035238030960146,0.0964761969039854,0.00020077708262144023,0.0003921776124526932
2025-06-24,1.1338514560856878,-0.06685883011661298,0.3035238030960146,-0.2890289115616325,0.00020724744576719107,-0.023262468184566898
2025-06-25,1.1341592373884426,-0.06660553114752898,0.2890289115616325,-0.0873278221483138,0.00010085054470665936,0.00027144764078346206
2025-06-26,1.1354327006137757,-0.06555749177913317,0.2805843743498725,0.11941562565012756,0.00010337172389922069,0.0011228257755631077
2025-06-27,1.1346240915333377,-0.06622296380304638,0.2809309302450059,0.1190690697549941,0.00020017327794756676,-0.0007121594084814609
2025-06-28,1.1332735496203514,-0.06733443766842473,0.28235692255113054,-0.0823569225511305,0.0001007129961530623,-0.0011902989924710283
2025-06-29,1.1319401429091593,-0.0684318095434917,0.28248763756144135,-0.08248763756144134,0.00020006535750515545,-0.0011765973993093093
2025-06-30,1.1320846891180036,-0.06831285038204316,0.28255810352242505,-0.08255810352242504,0.00020003523298049188,0.00012769774951926216
2025-07-01,1.1318729501920992,-0.06848710804866065,0.2827634548083056,-0.08276345480830562,0.0002001026756429403,-0.00018703452836965617
2025-07-02,1.1341300604739244,-0.0666295432701055,0.282978077938989,0.11702192206101103,0.0003001073115653417,0.001994137488168901
2025-07-03,1.1303221968474664,-0.06976335264176359,0.282978077938989,-0.28261964086058394,0.00020017921853920253,-0.0033575193526508285
2025-07-04,1.1245536632990594,-0.07451076123305733,0.28261964086058394,0.027254882600765185,0.00035493726173067456,-0.005103441801370345
2025-07-05,1.1239915427726115,-0.07497337721582087,0.22730157024449485,0.02730157024449485,0.00040002334382186486,-0.0004998610068988052
2025-07-06,1.1246065528041689,-0.07446723403696154,0.02730157024449485,0.0271950052341152,5.328250518982399e-08,0.0005471660667832889
2025-07-07,1.122477110424643,-0.07621973022379891,0.22743656271230256,0.027436562712302548,0.0002001207787390937,-0.0018934998859994057
2025-07-08,1.1228660512340614,-0.07589963831055213,0.027615780252452152,0.027615780252452152,8.960877007480224e-08,0.0003465022188993139
2025-07-09,1.1222202305437423,-0.07643113815673097,0.22758646971725094,-0.17241353028274908,0.00030001465526760063,-0.0005751538125202682
2025-07-10,1.1140349670738579,-0.08316747587460094,0.22758646971725094,-0.17245631749193055,2.139360459073314e-08,-0.007293812076365591
2025-07-11,1.109745188567626,-0.08669789329600197,0.22754368250806947,0.02719752168256904,0.00030017308041275023,-0.0038506677375694798
2025-07-12,1.1061379640298095,-0.08966657998523586,0.2284703049318457,0.2284703049318457,0.00010063639162463832,-0.003250498019700565
2025-07-13,1.1126413985624792,-0.08431435992545333,0.2284703049318457,0.2278457916664667,3.122566326894862e-07,0.005879406316525504
2025-07-14,1.1121899611764046,-0.08468588549726419,0.2287683196460357,0.028768319646035684,0.0003004612639897845,-0.0004057348456195653
2025-07-15,1.1166863376929093,-0.08098544129857521,0.2303953252793002,0.030395325279300184,0.00020081350281663226,0.00404281343427404
2025-07-16,1.1196967959821111,-0.07850788345376813,0.23053615674631783,0.030536156746317822,0.00020007041573350882,0.0026958853060046195
2025-07-17,1.1093133230779118,-0.08705331151779916,0.23053624866760297,-0.16946375133239705,0.00010000004596064258,-0.009273468443829369
2025-07-18,1.1205671541636024,-0.07779159293146454,0.23053624866760297,0.029461218587738286,0.0005005375150399324,0.010144862458209225
2025-07-19,1.1188498274536771,-0.07920492467485174,0.290483313882651,0.290483313882651,0.00013051104764745633,-0.0015325513545032532
2025-07-20,1.132045773757331,-0.0683448770862376,0.290483313882651,0.08941224147481552,0.00010053553620391772,0.011794206854090161
2025-07-21,1.1328243623074357,-0.06770411146689392,0.08952034104884371,0.08952034104884371,5.4049787014093244e-08,0.0006877712616855103
2025-07-22,1.1272636416082054,-0.07228049348838717,0.2867394134376926,0.08673941343769256,0.0002013904638055756,-0.004908722732534843
2025-07-23,1.1222525725680974,-0.07640452120061991,0.2888149434127729,0.08881494341277292,0.0002010377649875402,-0.004445339009565785
2025-07-24,1.131658722972111,-0.06866341354053773,0.31187216120579636,0.31187216120579636,0.00011152860889651172,0.008381491505506045
2025-07-25,1.1280681256923935,-0.0716184162687985,0.31187216120579636,0.10933117649153846,0.00010127049235712896,-0.0031728622833258058
2025-07-26,1.1356151186393715,-0.06540736473303843,0.32018540063128387,0.12018540063128388,0.0006054271120698728,0.006690192529237304
2025-07-27,1.1363821457775207,-0.06477611396629712,0.31768979661902635,-0.08231020338097367,0.00030124780200612876,0.0006754287835386563
2025-07-28,1.1366241474772902,-0.06457695053265278,0.31768979661902635,-0.08279910256930798,2.4444959416715375e-07,0.00021295802707199663
2025-07-29,1.1329101367360637,-0.06763352051757121,0.3174759260596842,0.3174759260596842,0.00020013751431449613,-0.003267580360201694
2025-07-30,1.1367638651499912,-0.06446196517733327,0.3174759260596842,0.3172785217452542,0.00020009870215721503,0.0034016187947873977
2025-07-31,1.1349887573501647,-0.06592284981094965,0.3172785217452542,0.31589815783678205,0.00020069018195423608,-0.001561544885664512
2025-08-01,1.1186803870985838,-0.07934437131076566,0.31589815783678205,0.315835761166838,3.119833497203239e-08,-0.014368750479654468
2025-08-02,1.1032462249966046,-0.0920464338276058,0.318442780966951,0.318442780966951,1.3035099000565028e-06,-0.01379675757256138
2025-08-03,1.101597123483742,-0.09340361735169944,0.318442780966951,-0.03670075659141621,0.0001775717687791836,-0.001494771951623619
2025-08-04,1.0954281756587596,-0.09848056033171415,0.23478466107324422,-0.03478466107324421,0.00020095804775908602,-0.005600003570698675
2025-08-05,1.1017474583297693,-0.09327989423669769,0.23571845538973374,-0.23571845538973374,0.00030046689715824477,0.005768778648778117
2025-08-06,1.1065501495082066,-0.08932735809029002,0.23571845538973374,0.16512262885140594,0.00040042054212056986,0.00435915793781283
2025-08-07,1.1042968645773963,-0.09118177466763944,0.23487737114859408,-0.23422672690339202,0.00020032532212260106,-0.002036315237777031
2025-08-08,1.101795340763092,-0.09324048777864025,0.23438778237501368,-0.03438778237501368,0.0003000805277358109,-0.0022652638928417623
2025-08-09,1.1083557313652965,-0.08784139380687184,0.3011923479671876,-0.09880765203281244,0.0003677900651711006,0.0059542733205408815
2025-08-10,1.1116822355877514,-0.08510373533749915,0.30151113977466526,0.30151113977466526,0.00020015939590373885,0.0030012965407384407
2025-08-11,1.1268175833800518,-0.07264759210136806,0.30151113977466526,0.29877344152482677,0.00020136884912491925,0.013614814834474798
2025-08-12,1.133087779596775,-0.06748732335393393,0.30309011532413077,0.10309011532413073,0.000302158336899652,0.005564517548542813
2025-08-13,1.1392839553665355,-0.062387972221504606,0.30389167912463655,-0.0961083208753635,0.0003004007819002529,0.005468398725440249
2025-08-14,1.1346118360440374,-0.06623304986993084,0.30389167912463655,0.10351093861708983,0.00010019037025377335,-0.004100926112834968
2025-08-15,1.1244777715001932,-0.07457321894001567,0.30208176590270913,0.30208176590270913,0.00010071458635719037,-0.00893174583756906
2025-08-16,1.122233333779483,-0.07642035440841666,0.30208176590270913,0.30111648485091164,4.826405258987407e-07,-0.00199598229293263
2025-08-17,1.1250919533199184,-0.07406775736592375,0.30111648485091164,-0.09912079516743141,0.00040011864000917156,0.0025472595175910495
2025-08-18,1.1244057521094601,-0.07463248971853098,0.3038361378721952,0.1038361378721952,0.0001014784665198133,-0.0006099067800083846
2025-08-19,1.1146136466761003,-0.08269123204378348,0.3044889884284144,0.10448898842841436,0.0002003264252781096,-0.008708693827815805
2025-08-20,1.1188104646861068,-0.07923731958759206,0.29916112666896066,0.29916112666896066,0.00010266393087972687,0.003765267025504615
2025-08-21,1.125853828999548,-0.07344074616513607,0.3021390835421696,-0.0978609164578304,0.00020148897843660452,0.006295404392209214
2025-08-22,1.1560212720269043,-0.04861343485566383,0.3021390835421696,0.30192688259702793,0.00020010610047257085,0.02679516847596619
2025-08-23,1.147575424472688,-0.05556422900519531,0.30333156111089415,-0.09666843888910585,0.00040070233925693316,-0.007305962060205395
2025-08-24,1.1510983343857286,-0.052664931870633036,0.30333156111089415,0.2944830991211218,0.0004044242309948862,0.0030698722174704596
2025-08-25,1.1474318815715754,-0.055682362460820145,0.2944830991211218,0.2941962572587589,0.00020014342093118147,-0.0031851777599102293
2025-08-26,1.1407535259709898,-0.06117853969336651,0.29598298354541297,0.29598298354541297,8.933631433270459e-07,-0.005820263239887824
2025-08-27,1.1478638604745446,-0.05532685090177236,0.29598298354541297,0.09324686538682225,0.00010136805907929537,0.006233015582844503
2025-08-28,1.144401534267102,-0.05817628863930857,0.09324686538682225,0.0926082526780328,3.1930635439472723e-07,-0.003016321296161917
2025-08-29,1.1363965803151124,-0.0647642345783731,0.29195260672092815,0.29195260672092815,0.0005003278229785523,-0.006994882226469934
2025-08-30,1.1421192489053436,-0.06005457209614784,0.29195260672092815,0.09038150017026386,0.00010078555327533214,0.005035802368083209
2025-08-31,1.1445884292553539,-0.05802247712630415,0.09038150017026386,0.08767271666016252,1.3543917550506712e-06,0.002161928671087665
2025-09-01,1.140102653118535,-0.061714197386201985,0.28763272434719833,0.28763272434719833,0.00010001999615648211,-0.003919117144788542
2025-09-02,1.1351556622218653,-0.06578548983632337,0.29050724932279054,0.29050724932279054,1.4372624877961108e-06,-0.004339074979904267
2025-09-03,1.1398083197868305,-0.06195642889546027,0.29050724932279054,0.0923470868466866,0.00010091991876194803,0.00409869564132026
2025-09-04,1.1359105576330817,-0.06516422328206606,0.2916740224612806,0.09167402246128056,0.00020033653219270303,-0.003419664592790861
2025-09-05,1.1344994581541903,-0.06632553503193162,0.2923143815853696,0.2923143815853696,0.00010032017956204453,-0.0012422628431509875
2025-09-06,1.1325903272089215,-0.0678967185182402,0.2923143815853696,0.29055664189805147,0.0004008788698436591,-0.001682795819380578
2025-09-07,1.1322414321734822,-0.06818385341566335,0.29092109644935404,0.09092109644935405,0.0005001822272756514,-0.0003080505166408454
2025-09-08,1.1340325492696581,-0.06670979339346816,0.09312131780042063,0.09312131780042063,1.1001106755332904e-06,0.001581921527760155
2025-09-09,1.1319500893864933,-0.06842362375562172,0.09413293933067865,0.09413293933067865,5.058107651290111e-07,-0.0018363316683565056
2025-09-10,1.1350570497944648,-0.06586664624828165,0.09942761013320486,0.09942761013320486,2.6473354012631067e-06,0.00274478569073211
2025-09-11,1.131906682875516,-0.06845934660292807,0.2987293592590019,0.09872935925900192,0.00020034912543710146,-0.002775514164255588
2025-09-12,1.1351815092856858,-0.0657642181263105,0.09872935925900192,0.09861674366544064,5.630779678063996e-08,0.002893194695039014
2025-09-13,1.1276037033406918,-0.072000628254558,0.3003167137831872,0.1003167137831872,0.0002008499850588733,-0.006675413476178282
2025-09-14,1.1218117330732573,-0.0767673248815941,0.3020543236231039,0.3020543236231039,0.00010086880491995836,-0.005136530015178331
2025-09-15,1.1177870861290884,-0.08007954337167256,0.3020543236231039,0.10108736438731356,0.0003004834796178952,-0.0035876313516031155
2025-09-16,1.1156808710506705,-0.08181292387028383,0.3039313960693656,0.10393139606936558,0.000201422015841026,-0.001884272152139821
2025-09-17,1.1197574054570612,-0.07845800284898763,0.30332235324405443,0.10332235324405441,0.0002003045214126556,0.0036538534559178437
2025-09-18,1.122693223983408,-0.07604187230601667,0.10568091341257463,0.10568091341257463,1.1792800842601105e-06,0.0026218344366735202
2025-09-19,1.1193121071827792,-0.07882447603238407,0.11066431274617952,0.11066431274617952,2.4916996668024465e-06,-0.003011612369614558
2025-09-20,1.1208977791780206,-0.07751949396198221,0.3129438692805442,0.1129438692805442,0.00040113977826718237,0.00141664865863933
2025-09-21,1.1201952704596232,-0.07809764712642031,0.31120509980098837,-0.08879490019901164,0.00010086938473977792,-0.0006267375415018872
2025-09-22,1.1130292702605422,-0.0839951478733344,0.3112269759519604,0.11122697595196042,0.00010001093807548602,-0.006397099138023332
2025-09-23,1.1145336439830216,-0.08275707294932066,0.24411510472269907,-0.044115104722699056,0.0002776710403373298,0.0013516030195055428
2025-09-24,1.11467961726152,-0.0826369393329296,0.044115104722699056,-0.03973073894070506,2.1921828909969992e-06,0.00013097251866978077
2025-09-25,1.116421201517869,-0.08120364402630253,0.039876492413696916,-0.039876492413696916,7.287673649592971e-08,0.0015624079146856484
2025-09-26,1.1221852402233587,-0.07645993461708045,0.24116862951731227,0.15883137048268775,0.0003006460685518077,0.0051629606260159555
2025-09-27,1.1244540097541165,-0.07459277446769397,0.24116862951731227,-0.24011954307418246,0.00040052454322156493,0.0020217424445074794
2025-09-28,1.125226985298815,-0.07395662825982874,0.24128228131672483,-0.24128228131672483,0.0004005813691212712,0.0006874229964004552
2025-09-29,1.1184505797977617,-0.07953349895388484,0.24160046540148142,-0.041600465401481414,0.0001001590920423783,-0.006022256477656085
2025-09-30,1.1189685734070647,-0.07910719870089955,0.04341855446850673,-0.04341855446850673,9.090445335126589e-07,0.0004631350000272594
2025-10-01,1.1250638271087239,-0.07409090477688096,0.24207126656841593,0.1579287334315841,0.0001006736439500454,0.005447207228615802
2025-10-02,1.1235972713757456,-0.0752978561151938,0.24281229961224293,-0.04281229961224292,0.0003003705165219135,-0.001303531139870917
2025-10-03,1.1228364067369345,-0.07592403524595404,0.24074835002916511,-0.04074835002916512,0.00020103197479153892,-0.0006771684643520626
2025-10-04,1.1190460047708466,-0.07904347395724176,0.2403719790821057,0.15962802091789433,0.00010018818547352973,-0.0033757383919388317
2025-10-05,1.114839282724352,-0.08250553727318244,0.24168684565144372,-0.04168684565144372,0.00030065743328466907,-0.003759203847352066
2025-10-06,1.1197306598314476,-0.07848001406063287,0.24319962967133488,0.15680037032866515,0.00010075639200994558,0.004387517719275591
2025-10-07,1.123060058065731,-0.07573997386694453,0.32885688228690724,-0.07114311771309278,0.00028602825597912106,0.0029733920430321525
2025-10-08,1.123698366466656,-0.075214656511846,0.32885688228690724,0.3262130110431672,0.00020132193562187004,0.0005683653303734104
2025-10-09,1.1186060270582148,-0.07940556840557911,0.3262130110431672,0.12179530796722489,0.00030220885153797115,-0.004531767207649362
2025-10-10,1.1126975092771365,-0.08426818172668027,0.3217951051125608,0.12179510511256078,0.0004000001014273321,-0.005282036425834247
2025-10-11,1.1196404182099244,-0.07855428143651211,0.32018984651137894,0.32018984651137894,0.00030080262930059094,0.006239709242537028
2025-10-12,1.119804997772083,-0.07841883515353809,0.32018984651137894,0.11574006153917848,0.00030222489248610024,0.00014699323057665303
2025-10-13,1.1177323338571656,-0.0801246035943336,0.3056401584300418,-0.09435984156995822,0.0003050499515545684,-0.0018509150423873244
2025-10-14,1.1150791876878752,-0.08230809941911321,0.3056401584300418,0.10150314889620073,0.00010206850476692054,-0.0023736865159252885
2025-10-15,1.1072093417732827,-0.08878485365718325,0.301503407422631,0.301503407422631,0.00010000012926321514,-0.0070576565337133745
2025-10-16,1.1049807159266982,-0.09061897621226067,0.30161488686872606,0.10161488686872605,0.00030005573972304755,-0.0020128315057516
2025-10-17,1.1019280007243009,-0.0931313108042362,0.10161488686872605,0.10116135853010627,2.2676416930988985e-07,-0.0027626864056538025
2025-10-18,1.105744251400441,-0.0899905990281139,0.3008167342840786,-0.09918326571592143,0.0003001723121230139,0.0034632486638255244
2025-10-19,1.103718129866804,-0.09165806385172581,0.3008167342840786,-0.09995214355838877,0.00020038443892123368,-0.0018323599974108262
2025-10-20,1.1006260465444846,-0.09420279776133944,0.3003528521342699,0.1003528521342699,0.00030015249784632936,-0.0028015153857186004
2025-10-21,1.0977555616485883,-0.09656515979695934,0.2996311037278358,0.0996311037278358,0.00020036087420321704,-0.002608047397123281
2025-10-22,1.0832211417481528,-0.10852674922445826,0.2995964705602506,0.09959647056025059,0.00020001731658379263,-0.013240124129828779
2025-10-23,1.0894595121625088,-0.1033926725908978,0.2987430770342219,0.09874307703422193,0.00040042669676301437,0.005759092187112458
2025-10-24,1.0895163654436741,-0.10334588327205574,0.30133622921957015,-0.09866377078042984,0.00030129657609267416,5.218484994928829e-05
2025-10-25,1.090618238753122,-0.10243905959288424,0.30133622921957015,0.10115068746406494,0.00030009277087775265,0.0010113416781958318
2025-10-26,1.0932816479269076,-0.1002471174835674,0.30109866095673815,-0.09890133904326187,0.0003000260132536634,0.0024421095110516156
2025-10-27,1.0907233177434639,-0.10235258130558178,0.30348550823945464,-0.09651449176054536,1.1934236413582572e-06,-0.002340046764984116
2025-10-28,1.0917162700700056,-0.10153539781064114,0.30348550823945464,0.30162759660896127,0.0002009289558152467,0.0009103613266414623
2025-10-29,1.0790342858078754,-0.11197246306049391,0.30162759660896127,0.30124380312597276,0.00020019189674149427,-0.011616556984458404
2025-10-30,1.066768984992633,-0.12206660466103358,0.30124380312597276,0.3006045467742944,0.0002003196281758392,-0.011366924088108576
2025-10-31,1.0741692208853812,-0.115976331776249,0.30064386613157784,0.30064386613157784,1.965967864172441e-08,0.006937055723268193
2025-11-01,1.0748320098525475,-0.11543086731625496,0.30064386613157784,0.09756744594990725,0.0001015382100908353,0.0006170247241121807
2025-11-02,1.0737019564158778,-0.11636088277839052,0.1009754051485548,0.1009754051485548,1.7039795993237725e-06,-0.0010513767977767818
2025-11-03,1.0482649779654771,-0.13729509925102135,0.30220173994454275,0.30220173994454275,0.00010061316739799397,-0.023690911894497013
2025-11-04,1.0443333035311926,-0.14053080288884567,0.30220173994454275,0.1655158771577035,6.834293139341961e-05,-0.003750649422546104
2025-11-05,1.0358095254388557,-0.14754573259433656,0.23448412284229653,0.1678008368777575,0.000201142479860027,-0.00816193265455778
2025-11-06,1.0482601244558538,-0.1372990936099152,0.23240760548861053,-0.23240760548861053,0.000400104221183184,0.01202016269518369
2025-11-07,1.0476752501012796,-0.13778043562039888,0.23240760548861053,-0.03299078192706384,0.00010029158821922667,-0.0005579477277937173
2025-11-08,1.0510338329260243,-0.13501637698695856,0.23313297429876512,-0.23313297429876512,0.00010007109618585064,0.003205747987674812
2025-11-09,1.0481010481001882,-0.1374300108441171,0.23313297429876512,-0.03309697797128382,0.00010001799816374064,-0.002790380988659469
2025-11-10,1.053244959467535,-0.13319665607322573,0.23274290084994492,-0.23274290084994492,0.00010017703856066947,0.004907839159849159
2025-11-11,1.047100735009185,-0.1382532521276013,0.23274290084994492,0.16739478958586562,0.00020006884521790526,-0.0058336139215413585
2025-11-12,1.0472613991894861,-0.13812102813974125,0.2351863781494788,0.16481362185052123,0.00020129058386767222,0.00015343717651394861
2025-11-13,1.0385957794778051,-0.14525269117383754,0.2375281114988212,0.16247188850117883,0.0004011708666746712,-0.00827455277009892
2025-11-14,1.0292856321730086,-0.1529147898563019,0.23821581036441575,0.16178418963558427,3.4384943279727744e-07,-0.00896416824404811
2025-11-15,1.0290159392029672,-0.1531367427516509,0.23821615359514262,0.1617838464048574,0.0004000001716153635,-0.0002620195615339327
2025-11-16,1.022824254568235,-0.1582323977535407,0.23821615359514262,0.1635422017063504,0.0002008791776507465,-0.006017093029218379
2025-11-17,1.0282745763677152,-0.15374687221762462,0.3096481623199665,-0.10964816231996652,0.00013659518201315844,0.005328698234462026
2025-11-18,1.0337594354999344,-0.14923292302276825,0.23663675641178386,0.16336324358821616,0.00013650570295409135,0.005334041372088594
2025-11-19,1.0351716673533788,-0.14807067934719986,0.3113636129725073,0.08863638702749271,0.00043736342828036177,0.0013661126611810293
2025-11-20,1.0347368355310755,-0.1484285388121137,0.3140697910754875,0.08593020892451252,1.3530890514900988e-06,-0.00042005769286512784
2025-11-21,1.028874108890736,-0.15325346677468754,0.3140697910754875,0.08830240042540952,0.0004011860957504485,-0.005665910827783449
2025-11-22,1.0300478037019167,-0.1522875351764056,0.3137701046234934,0.08622989537650658,1.0362525244514697e-06,0.0011407564842345064
2025-11-23,1.0326790997254987,-0.1501220216635233,0.3137701046234934,-0.10588995610573798,0.00010394007425887773,0.002554537773999721
2025-11-24,1.0361272016686565,-0.14728429026242496,0.3056072400579568,-0.10560724005795677,0.00020014135802389062,0.0033389868586246596
2025-11-25,1.03364398581076,-0.14932793622528318,0.30200412284229106,-0.30200412284229106,0.00010180155860783288,-0.0023966322415764907
2025-11-26,1.0322949614077324,-0.15043816120483056,0.30200412284229106,-0.10251318343188465,0.00010025453029479682,-0.001305115128175549
2025-11-27,1.0302556520357222,-0.15211647940333706,0.30506922034566736,-0.30506922034566736,0.00010127801845689134,-0.0019755103417675723
2025-11-28,1.031244312594208,-0.15130282796318473,0.30653517637366706,0.09346482362633297,0.00020073297801399988,0.0009596264349855943
2025-11-29,1.0316982268370114,-0.15092926397887008,0.30653517637366706,0.09634098120073674,0.00020143807878720188,0.00044016169326965837
2025-11-30,1.0320064218120455,-0.1506756245642784,0.30365901879926327,0.09667975519152153,0.0002001693869953924,0.00029872589388357795
2025-12-01,1.02323347853785,-0.15789561313179723,0.3058189869181644,0.09418101308183563,0.000401249371054843,-0.008500861127189285
2025-12-02,1.019204501852822,-0.1612113949276588,0.307258342913846,-0.10725834291384603,0.00010071967799784084,-0.003937494979924683
2025-12-03,1.0105823072785776,-0.16830731978517788,0.29447994543015543,-0.29447994543015543,0.0001063891987418453,-0.008459729679937023
2025-12-04,0.9993187628438406,-0.17757703229862165,0.29447994543015543,-0.2826911405246407,5.894402452757367e-06,-0.011145598288839875
2025-12-05,0.9977387356662782,-0.17887736877656557,0.2826911405246407,0.028600799174375264,0.000355645969849508,-0.0015811042845480516
2025-12-06,0.9973998846225334,-0.17915623763339794,0.22809350763685446,0.22809350763685446,0.00010025364576876041,-0.00033961901210521894
2025-12-07,0.9983374108604416,-0.17838466890123073,0.22809523216682714,0.028095232166827123,0.0005000008622649863,0.0009399702690624512
2025-12-08,1.0109533166182842,-0.16800198517769172,0.22821323131416996,-0.17178676868583007,0.0005000589995736715,0.012636915756739864
2025-12-09,1.0106710468646656,-0.16823428855985056,0.22821323131416996,0.02821272253235202,0.00010000025439090898,-0.0002792114620723263
2025-12-10,1.0100292332793581,-0.1687624906242624,0.22820868620368906,-0.17179131379631096,0.00010000201816433148,-0.0006350370749201861
2025-12-11,0.9993918201085157,-0.17751690736685788,0.22820868620368906,0.22802414705951607,0.00040009226957208655,-0.010531787417978444
2025-12-12,1.0022877327117876,-0.1751336187447079,0.22802414705951607,0.027785307574720093,0.000300119419742398,0.0028976749108822197
2025-12-13,1.0019139272891366,-0.1754412544826427,0.2272147517914536,0.02721475179145358,0.00040028527789163327,-0.0003729522076849623
2025-12-14,1.0014849272344153,-0.17579431449839167,0.22696106621894768,-0.17303893378105234,0.00030012684278625296,-0.00042818054828275276
2025-12-15,1.0111464918008926,-0.16784300516763473,0.22696106621894768,-0.1730883182454278,0.00020002469223218773,0.009647239118376172
2025-12-16,1.0182809036817992,-0.1619715010889946,0.22786600870406112,0.22786600870406112,0.00020047716347474447,0.007055764855792068
2025-12-17,1.0166432306621909,-0.16331927915039912,0.22786600870406112,0.027699691340148436,0.00030008315868195633,-0.0016082723477240934
2025-12-18,1.0195925242102413,-0.16089205888535818,0.28345450150690343,-0.08345450150690342,0.00025557709642352595,0.0029010113470444576
2025-12-19,1.0218600416021915,-0.1590259292256937,0.28318704892054525,-0.08318704892054524,0.0002001337262931791,0.002223944701541525
2025-12-20,1.0214761068213638,-0.15934190125943548,0.08318704892054524,-0.08269325055996836,2.4689918028843876e-07,-0.0003757214933519659
2025-12-21,1.0216037601283479,-0.1592368446794229,0.2845231078953173,-0.08452310789531729,0.00020091492866767448,0.00012496944973117152
2025-12-22,1.0199947933485818,-0.16056099797579704,0.2845417645593169,-0.08454176455931686,0.0002000093283319998,-0.001574942108241828
2025-12-23,1.023422537247815,-0.15774002091127637,0.29432581012206693,0.10567418987793309,0.00030489202278137506,0.003360550388672001
2025-12-24,1.0233459039754476,-0.15780308883877692,0.29432581012206693,0.1062715147277167,2.986624248918074e-07,-7.487940667294524e-05
2025-12-25,1.0234499866249762,-0.1577174305236384,0.29372848527228335,-0.09253662700197048,0.00010059592913515642,0.00010170818012200655
2025-12-26,1.024868180608953,-0.15655028011233296,0.2925397566481861,-0.09253975664818612,0.00020000156482310783,0.0013856993526921713
2025-12-27,1.0247265777768462,-0.1566668169229546,0.09272842421857574,-0.09272842421857574,9.433378519481394e-08,-0.00013816687334744504
2025-12-28,1.0210108527610897,-0.1597247977277223,0.2926488626896953,-0.2926488626896953,0.0005000397807644403,-0.00362606484143313
2025-12-29,1.0212757938756352,-0.1595067555315861,0.2926488626896953,-0.09374937681227379,0.00010055025706128925,0.00025948902876371527
2025-12-30,1.022796087004371,-0.15825557919706712,0.2943069855410284,-0.09430698554102837,0.00020027880436437732,0.0014886215240363931
2025-12-31,1.0225958810770863,-0.158420345394792,0.29489254286641214,-0.09489254286641213,0.0002002927786626919,-0.0001957437360450287
2026-01-01,1.0232543444084663,-0.15787844086217329,0.294466459343688,-0.09446645934368794,0.0002002130417613621,0.0006439135376556937
2026-01-02,1.0195445493624802,-0.16093154139898425,0.11266549977138846,-0.11266549977138846,9.099520213850257e-06,-0.0036254867289450265
2026-01-03,1.018724422287506,-0.1616064925436751,0.24631911016230035,-0.15368088983769967,0.0003794923049668444,-0.000804405335195657
2026-01-04,1.0169457925332945,-0.1630702756880421,0.24631911016230035,-0.15417984206809354,2.494761151969338e-07,-0.0017459380724604845
2026-01-05,1.017090498775036,-0.16295118482214144,0.2482021709360967,0.04820217093609669,0.00010119100650209513,0.00014229494118356278
2026-01-06,1.0148859218075226,-0.16476551554379104,0.24974616728436472,-0.1502538327156353,0.00010077199817413402,-0.0021675327516800236
2026-01-07,1.015798853616718,-0.16401418762346787,0.25006077098311075,0.050060770983110736,0.00010015730184937301,0.0008995413076271497
2026-01-08,1.0149917415284908,-0.1646784276473201,0.24928137086229282,0.049281370862292805,0.00040038970006040897,-0.000794558967413872
2026-01-09,1.0177360025923539,-0.1624199457572505,0.24802006446825384,0.24802006446825384,0.0003006306531970195,0.0027037274803167755
2026-01-10,1.0163535708028733,-0.1635576644684592,0.2513257001952158,0.051325700195215776,0.00010165281786348098,-0.0013583402630574781
2026-01-11,1.015533910427465,-0.16423223152705435,0.25281644756557486,-0.14718355243442513,0.0003007453736851796,-0.0008064716836297947
2026-01-12,1.0144890991710085,-0.16509209407159164,0.257786895966763,0.057786895966762994,0.00010248522420059406,-0.0010288295109877055
2026-01-13,1.0163702482558021,-0.1635439391979635,0.2614241288016232,0.061424128801623165,0.0002018186164174301,0.0018542822060227948
2026-01-14,1.021729461596826,-0.15913339443051933,0.38571707641445974,-0.014282923585540286,0.00016214647380641828,0.005272894745021572
2026-01-15,1.0198740135258446,-0.16066039779089836,0.38571707641445974,0.1835942615720457,0.00010106140742120701,-0.0018159876373571304
2026-01-16,1.019582904969377,-0.1608999753629755,0.2564791408231419,0.05647914082314186,0.00046355756037445194,-0.000285435801489875
2026-01-17,1.0177743312397294,-0.16238840190848614,0.25739701995571995,0.057397019955719934,0.00040045893956628905,-0.0017738368511559521
2026-01-18,1.0181766397652214,-0.16205730858394451,0.25737735886539476,0.05737735886539475,0.0002000098305451626,0.00039528264089949694
2026-01-19,1.0113460487279957,-0.16767877308642531,0.3724927436980462,0.3724927436980462,0.00015755769241632573,-0.006708650317097997
2026-01-20,1.0060376898121248,-0.17204746549523253,0.3724927436980462,0.05752779625910821,0.00015748247371946897,-0.005248805710509452
2026-01-21,1.0137412847681913,-0.16570753307196084,0.36053870183695047,0.039461298163049524,0.0004090332490480294,0.0076573621784454815
2026-01-22,1.0125371490388242,-0.16669851704712713,0.36053870183695047,0.06012760914929571,1.0333155493123095e-05,-0.0011878136438344677
2026-01-23,1.0127746214993862,-0.16650308110313772,0.3425836308487793,0.057416369151220725,1.355619999037494e-06,0.0002345320967116482
2026-01-24,1.0127627063300202,-0.1665128870922925,0.34944784470030366,-0.14944784470030362,0.00010343210692576217,-1.1764877508757543e-05
2026-01-25,1.0129989403408772,-0.1663184703721179,0.3493919363410227,-0.14939193634102269,0.0002000279541796405,0.000233257020012978
2026-01-26,1.0113628411655777,-0.16766495318544405,0.3502017712576033,-0.1502017712576033,0.00020040491745829033,-0.0016151045278945952
2026-01-27,1.008628701055379,-0.16991510569648272,0.3505831466944702,-0.15058314669447023,0.00020019068771843346,-0.002703421560407926
2026-01-28,1.0049552939172093,-0.17293825958138676,0.15058314669447023,-0.15009187369706184,2.456364987041965e-07,-0.0036419815679696876
2026-01-29,1.0186176508302542,-0.16169436370351287,0.34944557404526955,-0.1494455740452695,0.00020032314982589618,0.013594989743068497
2026-01-30,1.020929416331788,-0.15979181857467895,0.3465765315216416,0.05342346847835844,0.000301434521261814,0.0022695125100664626
2026-01-31,1.0181212314574135,-0.16210290871338973,0.3465765315216416,0.06931529811606768,0.00020794591481885464,-0.002750616085154145
2026-02-01,1.0061597873681767,-0.17194698120720475,0.33068470188393234,0.07297454444107115,0.00020182962316250174,-0.011748545968449986
2026-02-02,1.0115937932478223,-0.16747488340597172,0.32702545555892887,0.0870465045713095,0.00020703598006511917,0.005400738478978706
2026-02-03,1.0052795706947943,-0.17267138510680058,0.31295349542869055,0.0979857700164839,0.0004054696327225872,-0.0062418557677743625
2026-02-04,0.9987022889155507,-0.17808438024050544,0.3020142299835161,0.09959098869824351,8.026093408798063e-07,-0.0065427389265483304
2026-02-05,0.9897966200848386,-0.18541359976629201,0.30047093959920246,0.09952906040079754,3.09641487229867e-08,-0.008917240832985618
2026-02-06,0.9943841122015776,-0.18163816892156492,0.30047093959920246,0.10314845627340397,0.0002018096979363032,0.004634782564063578
2026-02-07,0.98796375703551,-0.18692201602391267,0.29685154372659606,-0.09052535117081806,0.000303163096277889,-0.006456614790285364
2026-02-08,0.9833776708275831,-0.19069628982872366,0.29002341522022407,-0.09002341522022407,0.00040025096797529703,-0.004641957941541319
2026-02-09,0.9866039732474745,-0.1880410958010259,0.287059086138197,-0.08705908613819693,0.00020148216454101358,0.003280837582139373
2026-02-10,1.0003822062286,-0.17670183581778365,0.28557709865123604,0.11442290134876396,0.0003007409937434805,0.013965312683437814
2026-02-11,0.9946215734876316,-0.18144274217401246,0.28557709865123604,0.11445279066592588,0.00020001494465858097,-0.005758431832453725
2026-02-12,0.9980544919292405,-0.17861750654590292,0.2860098865124328,-0.0860098865124328,0.00010023133858917934,0.003451481983818505
2026-02-13,1.0023684599861602,-0.17506718152063838,0.28529609407972056,0.11470390592027943,0.00010035689621635612,0.004322377276797296
2026-02-14,0.9965431893531965,-0.17986128380286914,0.28574579760016866,-0.28574579760016866,0.00020022485176022402,-0.005811506312799253
2026-02-15,1.0075889862972611,-0.17077077390639483,0.2865842330289129,-0.2865842330289129,0.00020041921771437213,0.01108411262259179
2026-02-16,1.016395740055582,-0.16352295986443488,0.2865842330289129,0.1151084916803983,0.00020084636235465558,0.008740422809395465
2026-02-17,1.017161515008932,-0.16289273962526607,0.28489150831960175,0.11555269505222499,2.2210168591334235e-07,0.0007534220414102677
2026-02-18,1.0163462729896549,-0.1635636704491612,0.28444730494777504,-0.08571427348801172,0.00010063348427011836,-0.0008014872832298181
2026-02-19,1.0185849432666094,-0.16172128149247,0.28550311624897867,-0.08550311624897866,0.00020010557861951654,0.002202664914948249
2026-02-20,1.0168410957409004,-0.1631564394326961,0.08550311624897866,-0.08521647275274732,1.4332174811566844e-07,-0.0017120295535840713
2026-02-21,1.013691752056489,-0.16574829768208432,0.28699848472572637,-0.28699848472572637,0.00030089100598648953,-0.0030971837169099237
2026-02-22,1.0150963933683277,-0.16459230089788424,0.28699848472572637,-0.08576297713713073,0.00010061775379429783,0.001385669074437823
2026-02-23,1.0115867421439366,-0.1674806863489352,0.28511188255776954,0.11488811744223046,0.0001003255472896806,-0.0034574561069471432
2026-02-24,1.008671646308731,-0.16987976245664393,0.285399940249726,0.11460005975027406,1.440288459782016e-07,-0.002881706247968241
2026-02-25,1.0011910698026578,-0.17603615434979136,0.285399940249726,-0.08539368372272291,0.00010000312826350153,-0.007416265276663947
2026-02-26,0.9993426176768968,-0.1775574001618846,0.2284314753079934,-0.17156852469200662,0.00015691257951535814,-0.0018462531094329826
2026-02-27,0.9977945817515027,-0.17883140836347966,0.2284314753079934,0.02546214584329999,0.0003014846647323467,-0.0015490542462716084
2026-02-28,1.0008571245527342,-0.17631098581869165,0.22550006039915818,0.22550006039915818,0.00010001895727792909,0.003069311917746509
2026-03-01,1.0151777476689146,-0.16452534764151427,0.2256281640170199,0.025628164017019894,0.00010006405180893087,0.014308359070317689
2026-03-02,1.0271840970011261,-0.15464431886851615,0.22623161921068607,0.22623161921068607,0.00010030172759683309,0.01182684447110982
2026-03-03,1.0241591761852,-0.1571337791358447,0.22623161921068607,0.025401888060270654,0.0001004148655752077,-0.0029448672587061298
2026-03-04,1.0258383796413244,-0.1557518222056754,0.22618816580667928,0.026188165806679257,0.00020039313887320432,0.001639592257894451
2026-03-05,1.0316604236987694,-0.15096037534222817,0.28392282094042753,-0.11607717905957249,0.00012886732756687414,0.005675400894510796
2026-03-06,1.0198453113056603,-0.16068401924781606,0.28392282094042753,0.22569684219957203,0.00022911298937042777,-0.011452520734248406
2026-03-07,1.0195872048012355,-0.16089643667180986,0.22569684219957203,0.22568999038489057,0.00020000342590734073,-0.0002530839741694546
2026-03-08,1.0170489212201632,-0.16298540246854176,0.22612248541143018,0.02612248541143018,0.0003002162475132698,-0.0024895208267787794
2026-03-09,1.0196794703126206,-0.16082050366773637,0.2287581656915411,0.02875816569154107,0.00020131784014005546,0.0025864528613843696
2026-03-10,1.0264861299855097,-0.15521873428598254,0.22866065213557685,0.028660652135576822,0.00020004875677798214,0.006675293433927587
2026-03-11,1.032598249020037,-0.1501885604693567,0.2856209335089641,0.2856209335089641,0.00032848014068669366,0.005954409763544888
2026-03-12,1.0335619612144886,-0.14939544112401848,0.2856209335089641,0.08556712966082324,0.00010002690192407043,0.0009332886196267154
2026-03-13,1.036033444142967,-0.1473614511698239,0.28588853824702254,0.0858885382470225,0.00020016070429309965,0.0023912286067282462
2026-03-14,1.030991829057091,-0.1515106177772182,0.2861688506244335,0.2861688506244335,0.00010014015618870548,-0.0048662667352895594
2026-03-15,1.034475785200472,-0.14864337895681723,0.28823297211554066,-0.11176702788445939,0.00020103206074555358,0.003379227696276077
2026-03-16,1.0564594245830938,-0.1305512039530362,0.28823297211554066,-0.11261900441433008,0.00040042598826493537,0.021250994655584554
2026-03-17,1.0531132874526254,-0.13330501998401334,0.2893485443855355,0.0893485443855355,0.00010098377439993279,-0.0031673124898214944
2026-03-18,1.0481641920203917,-0.13737804443242052,0.0893485443855355,0.08298860265639793,3.179970864568782e-06,-0.0046994900655062954
2026-03-19,1.0407977707688754,-0.14344048842153367,0.2844256310149418,0.2844256310149418,0.0005007185141792719,-0.0070279268339831225
2026-03-20,1.0429957367611637,-0.1416315984241715,0.2844256310149418,0.2817492477253752,1.3381916447832987e-06,0.0021118088970000226
2026-03-21,1.0459332240419246,-0.13921409452366096,0.2817492477253752,0.28065417401144355,5.47536856965819e-07,0.002816394331472516
2026-03-22,1.0442758686164657,-0.14057807088257868,0.2806683609557472,0.08066836095574717,0.0003000070934721518,-0.001584570971988053
2026-03-23,1.0519455265114155,-0.13426606810453756,0.22720996483602726,0.17279003516397276,0.00015393916289588723,0.007344474889678265
2026-03-24,1.0541199731367106,-0.1324765341608395,0.22720996483602726,-0.026881911197557035,0.00010016402681923512,0.0020670715075004065
2026-03-25,1.0558787088514867,-0.1310291234849582,0.22679874727470453,-0.026798747274704517,0.00020004158196142627,0.0016684397977491106
2026-03-26,1.0571101190254004,-0.13001569308882943,0.026916014710823125,-0.026916014710823125,5.863371805930363e-08,0.0011662420726838985
2026-03-27,1.0521398744144659,-0.1341061229647721,0.22723648168031504,0.17276351831968498,0.00010016023348474596,-0.004701728345498868
2026-03-28,1.0537464708034978,-0.13278392046113274,0.28046864558348567,0.11953135441651437,0.0002266160819515853,0.0015269798513497523
2026-03-29,1.0510162356050654,-0.13503085929377068,0.28046864558348567,0.1713881396245285,0.00022592839260400705,-0.002590979209974864
2026-03-30,1.0461169612992447,-0.1390628817714732,0.22861186037547152,-0.228530153132075,0.00020004085362169825,-0.0046614639620697895
2026-03-31,1.0523311271116584,-0.13394872512871192,0.22910322751460424,0.17089677248539578,0.00020028653719126463,0.005940220876161417
2026-04-01,1.0558578249369743,-0.13104631060441307,0.22910322751460424,-0.22884866518375566,0.0002001272811654243,0.0033513194986372064
2026-04-02,1.0571306519484205,-0.12999879482962162,0.22963219442288393,0.1703678055771161,0.00020039176461956416,0.001205490911167173
2026-04-03,1.0579433915830367,-0.1293299234273,0.22963219442288393,-0.02935321672252564,0.00010013948885017914,0.0007688166388120088
2026-04-04,1.058415115934098,-0.12894170201571287,0.22944665895332303,0.170553341046677,0.00010004672111539869,0.0004458880832487466
2026-04-05,1.0565733470115883,-0.13045744766103629,0.23303473134270902,-0.03303473134270902,0.000301794036194693,-0.0017401196324449142
2026-04-06,1.0593167678873041,-0.12819965723204518,0.23349806480703025,-0.23349806480703025,0.0003002316667321606,0.0025965266713179336
2026-04-07,1.0629632057079832,-0.12519869865353594,0.23532414827476544,-0.03532414827476542,0.0001009130417338676,0.003442254414564472
2026-04-08,1.0722915645378814,-0.11752161218431378,0.2337399427187193,-0.03373994271871931,0.0004007921027780231,0.008775805954347682
2026-04-09,1.071199784534382,-0.11842012923807133,0.2990221509606955,0.09902215096069548,0.0004663810468397074,-0.0010181745708062184
2026-04-10,1.068343965523491,-0.12077042149063655,0.29554622368700295,0.09554622368700295,0.00020173796363684627,-0.0026660003597127613
2026-04-11,1.069502023153941,-0.11981735903587631,0.09649588097832804,0.09649588097832804,4.7482864566254084e-07,0.0010839745136632661
2026-04-12,1.066410322202875,-0.12236177826021377,0.296924567537199,0.296924567537199,0.00030021434327943546,-0.0028907855096407253
2026-04-13,1.0674213972136544,-0.12152968009309073,0.296924567537199,0.09691778251666022,0.00010000339251026937,0.0009481106753459478
2026-04-14,1.0857254326822952,-0.10646575881917064,0.29646680752168914,-0.10353319247831089,0.00030022548749748557,0.01714790008558964
2026-04-15,1.0898765614866552,-0.10304944783059578,0.29747376834311656,0.09747376834311657,0.00030050348041071374,0.00382336885496648
2026-04-16,1.090201551551587,-0.10278198633221058,0.09747376834311657,0.09157851873314776,2.9476248049844015e-06,0.0002981897917775367
2026-04-17,1.103514987282507,-0.09182524687005378,0.30069876698671294,0.30069876698671294,0.00010456012412678257,0.012211903121926992
2026-04-18,1.1029758730040444,-0.09226892908768936,0.30125585547228717,0.10125585547228717,0.0003002785442427872,-0.0004885427789144137
2026-04-19,1.1013960200430661,-0.0935691221882392,0.1045848656358769,0.1045848656358769,1.6645050817948661e-06,-0.0014323549586562345
2026-04-20,1.100611421729934,-0.0942148337440828,0.1045848656358769,0.10447077959204548,5.704302191571198e-08,-0.0007123671221392902
2026-04-21,1.1014920125649104,-0.09349012191562589,0.303929515568671,0.303929515568671,0.0003002706320116873,0.0008000924009996524
2026-04-22,1.1085336034502569,-0.08769500799543362,0.303929515568671,0.10384097632852246,0.0003000442696200743,0.00639277525848625
2026-04-23,1.1009331565803626,-0.0939500512338961,0.3064913954538252,0.3064913954538252,0.00010132520956265135,-0.006856307148683682
2026-04-24,1.1022850771165364,-0.09283744278422346,0.3064913954538252,0.10456435291729568,0.00030096352126826473,0.0012279769467336
2026-04-25,1.1010821096447427,-0.09382746530254915,0.3024745541938444,0.10247455419384441,0.00020104489936172566,-0.0010913397058240903
2026-04-26,1.1030631832653068,-0.09219707417327361,0.10258181620967001,0.10258181620967001,5.363100791280079e-08,0.0017992060748430738
2026-04-27,1.1040074342938677,-0.09141997104858679,0.3066098812702685,0.3066098812702685,0.0005020140325302993,0.0008560262393682017
2026-04-28,1.1047662242622869,-0.09079549933756492,0.3103507509108047,0.3103507509108047,0.0002018704348202681,0.0006873051257152429
2026-04-29,1.1087419956051452,-0.08752350466652459,0.3103507509108047,0.10779619597313336,0.00010127727746883568,0.0035987444723992734
2026-04-30,1.1067841219485435,-0.08913480260559714,0.30873850250933654,0.10873850250933652,0.00020047115326810158,-0.0017658514463749775
2026-05-01,1.1087123560799117,-0.0875478975101398,0.3116024592105138,0.3116024592105138,0.0005014319783505887,0.001742195332520069
2026-05-02,1.1105508796315513,-0.08603482275186614,0.31187779369676916,0.31187779369676916,0.0006001376672431277,0.0016582511609575246
2026-05-03,1.109479865185406,-0.08691625009217063,0.314313566946576,0.11431356694657593,0.0005012178866249034,-0.0009643992596719553
2026-05-04,1.1094932918156708,-0.08690520019546188,0.31837797766237735,0.31837797766237735,0.0001020322053579007,1.210173405308268e-05
2026-05-05,1.1113554165289907,-0.08537270206783687,0.31837797766237735,0.11849660551514854,0.00010005931392638562,0.0016783559910267254
2026-05-06,1.113835831611368,-0.08333136109733952,0.3184416265109013,0.11844162651090129,0.00020002748950212365,0.002231882839175414
2026-05-07,1.1108548557040514,-0.08578465542493208,0.31833097871839255,0.11833097871839253,0.0002000553238962544,-0.002676315326474943
2026-05-08,1.1119660442910595,-0.08487016542496206,0.3249435013023111,-0.07505649869768893,0.0003033062612919593,0.0010003004274610205
2026-05-09,1.1131520922873412,-0.08389406735775229,0.32797584598535046,0.12797584598535047,0.0003015161723415197,0.0010666224947863956
2026-05-10,1.116819192292625,-0.08087610413986912,0.34346104290092033,0.14346104290092032,0.00040774259845778496,0.003294338689826759
2026-05-11,1.1209282018743298,-0.07749445658140419,0.24768442489037373,0.04768442489037371,0.0004478883090052733,0.0036792075297962246
2026-05-12,1.1227128790760799,-0.07602569648680202,0.24747391083330325,-0.15252608916669677,0.00030010525702853523,0.0015921422966833632
2026-05-13,1.1227273738163999,-0.07601376755301903,0.3425847029153183,-0.1425847029153183,0.00039502930687431077,1.2910460538195778e-05
2026-05-14,1.1144682984846508,-0.0828108512237754,0.3417814510790035,-0.3417814510790035,0.0003004016259181574,-0.007356260766737233
2026-05-15,1.114346719403361,-0.0829109088155695,0.3417814510790035,0.058467579157428895,0.00020012451511821619,-0.00010909155644622803
2026-05-16,1.1167487532765217,-0.080934074295959,0.36473304265465584,-0.36473304265465584,0.00041160031090604237,0.00215555341200524
2026-05-17,1.1150641294668489,-0.08232049208828462,0.36473304265465584,-0.15846773282433094,0.0005031326549151625,-0.0015085074460408077
2026-05-18,1.112733790591657,-0.08423832279930943,0.35664645928852473,0.04335354071147529,0.0003009106367679031,-0.002089869823278301
2026-05-19,1.113009045965614,-0.08401179213667964,0.3723637639456045,-0.1723637639456045,0.0003078586523285399,0.0002473685766395395
2026-05-20,1.1132795124942105,-0.08378920261531475,0.370269535272948,0.02973046472705204,0.00010104711433632827,0.00024300478920791235
2026-05-21,1.1171250562095312,-0.08062438314792164,0.37098546406846444,0.029014535931535607,0.0004003579643977582,0.0034542481669379566
2026-05-22,1.116933285892816,-0.08078220697636762,0.37098546406846444,0.03085924024208661,0.0002009223521552755,-0.0001716641441761313
2026-05-23,1.1210200202369962,-0.07741889157339943,0.36915034495815385,-0.16915034495815384,0.00030000479260012023,0.0036588884902959418
2026-05-24,1.1176672325701666,-0.08017818088683093,0.3867259188054967,-0.18672591880549672,0.00020878778692367145,-0.0029908365651808433
2026-05-25,1.1145328123462237,-0.08275775737277868,0.18756834390291757,-0.18756834390291757,4.212125487104285e-07,-0.0028044306324859214
2026-05-26,1.1218280857163814,-0.07675386692424568,0.38286392017624127,-0.38286392017624127,0.00010235221186333818,0.006545588689129023
2026-05-27,1.1256517552949477,-0.07360704951298758,0.38286392017624127,-0.17982400692121453,0.00030151995662751335,0.003408427393869262
2026-05-28,1.126135184463745,-0.07320919522819025,0.3817131554806319,0.01828684451936813,0.00010094457427970868,0.00042946601070803503
2026-05-29,1.1277111759248446,-0.07191218007876887,0.39031951010447863,0.009680489895521394,0.0004043031773119234,0.0013994691603975706
2026-05-30,1.1276422223381566,-0.07196892775078911,0.39031951010447863,0.02301661833407187,6.668064219275238e-06,-6.114472229756807e-05
2026-05-31,1.1293505220371671,-0.07056302508947465,0.37698338166592815,-0.17155514987404225,0.00010271411589594295,0.0015149305916075662
2026-06-01,1.1288961018032926,-0.07093700549615001,0.3715464296528929,0.028453570347107104,0.00010000436011057467,-0.000402373067534878
2026-06-02,1.135760169445593,-0.06528799029621646,0.37598165571243114,-0.17598165571243113,0.00010221761302976912,0.0060803360303358645
2026-06-03,1.1399967448366264,-0.06180135816687571,0.37392432576181767,-0.17392432576181768,0.0002010286649753067,0.0037301672527425556
2026-06-04,1.1434797084166128,-0.0589349362098851,0.37164555772882446,0.02835444227117559,0.00010113938401649663,0.003055239934466769
2026-06-05,1.1388557989352566,-0.06274033794898348,0.37164555772882446,0.03549361150481106,3.5695846168177364e-06,-0.004043718001571883
2026-06-06,1.138349438202028,-0.06315706453556746,0.36450638849518896,0.03626369211343622,3.850403043125783e-07,-0.00044462234261644085
2026-06-07,1.1425871117376134,-0.05966952865125397,0.3637363078865638,0.08370749483971529,2.3721901363139535e-05,0.003722647364130749
2026-06-08,1.1473051462133457,-0.05578666358404871,0.31684889738817346,0.08315110261182657,0.0002002781961139444,0.004129255815390476
2026-06-09,1.1509631329046535,-0.05277620047424347,0.31684889738817346,-0.10957089449823681,0.00010363900144496832,0.0031883293676322477
2026-06-10,1.1488710814387653,-0.05449792455181757,0.3056809276317778,-0.1056809276317778,0.0002019449834332295,-0.0018176528909370493
2026-06-11,1.1537370688190356,-0.0504932966684275,0.3059092657732393,-0.10590926577323925,0.00020011416907073074,0.004235451182368788
2026-06-12,1.1525889652480124,-0.05143816709537952,0.10590926577323925,-0.10475967235925815,5.747967069905519e-07,-0.0009951171736164444
2026-06-13,1.1524505011570318,-0.05155212077348348,0.30552068783519837,-0.10552068783519838,0.00020038050773797013,-0.0001201331048256149
2026-06-14,1.1539081565471494,-0.05035249427151034,0.3048018329745793,-0.10480183297457928,0.00040035942743030955,0.0012648312345355794
2026-06-15,1.1244700021901113,-0.07457961295491078,0.30649982958263783,-0.30649982958263783,0.00010084899830402928,-0.025511696221237168
2026-06-16,1.1284247795050797,-0.07132489602483083,0.30649982958263783,-0.16412113117255928,0.0002711893492050393,0.0035170145110730022
2026-06-17,1.126558739229223,-0.07286061659626597,0.23587886882744075,0.02945062942368859,0.00010321411970187609,-0.0016536682903013356
2026-06-18,1.1248538105736767,-0.07426374494404475,0.02945062942368859,0.02916756892721304,1.415302482377749e-07,-0.001513395259542194
2026-06-19,1.1229598389922761,-0.07582245252228015,0.22952112876790354,0.029521128767903516,0.00020017677992034525,-0.0016837490912988695
2026-06-20,1.1268386806481991,-0.07263022939536745,0.2287498848810301,0.028749884881030086,0.0006003856219434368,0.0034541232208311623
2026-06-21,1.126393659773233,-0.0729964742836724,0.22871295187064286,0.22871295187064286,0.0003000184665051936,-0.0003949286464971502
2026-06-22,1.1238496653304537,-0.07509014002601488,0.22871295187064286,0.028473360989177438,0.0003001197954407327,-0.0022585305063637096
2026-06-23,1.118848932374927,-0.07920566130999684,0.22847335130943008,0.028473351309430076,0.0002000000048398737,-0.0044496458109929415
2026-06-24,1.113337236323212,-0.08374169684986787,0.2857210060430848,0.11427899395691518,0.00015709717867625747,-0.004926220057265951
2026-06-25,1.1198117646314993,-0.07841326613911526,0.2857210060430848,-0.08435688467327769,0.0003006820606849036,0.005815424201265795
2026-06-26,1.1202622424130142,-0.07804253030613373,0.28461045451511535,0.11538954548488464,0.00010012678492091884,0.000402279915019621
2026-06-27,1.1215139408328814,-0.07701240301601386,0.28461045451511535,0.11574036438305851,0.00020017540944908694,0.0011173262585146837
2026-06-28,1.1258062969243923,-0.07347986428416275,0.2842596356169415,-0.0840187302358255,0.000700120452690558,0.0038272873258478057
2026-06-29,1.1271145952621378,-0.07240315618903459,0.28445503803783245,-0.28445503803783245,0.0005002181539010035,0.001162098969708092
2026-06-30,1.1248072951468462,-0.07430202637815797,0.2852182312678828,0.11478176873211722,0.0002003815966150252,-0.0020470856512651014
2026-07-01,1.1236716765386294,-0.0752366218852899,0.2852182312678828,-0.0851890162352498,0.00030001460751631653,-0.0010096117024835927
2026-07-02,1.1079521521192586,-0.08817353291360153,0.28518787124423317,-0.28518787124423317,0.00010000057249550832,-0.013989428360245193
2026-07-03,1.1015303937756473,-0.09345853480807631,0.28518787124423317,-0.28359889654395753,7.944873501378111e-07,-0.005796061076583481
2026-07-04,1.0908730450752442,-0.10222935816485101,0.28359889654395753,-0.28153603509026864,1.0314307268444665e-06,-0.009675038256433344
2026-07-05,1.0973812974551647,-0.09687317309572296,0.28153603509026864,0.22747394042523061,0.0004545049877577496,0.005966095146730854
2026-07-06,1.0999865154502668,-0.09472912137298373,0.22747394042523061,0.22742193688532925,0.0004000260017699507,0.0023740317072524775
2026-07-07,1.1006098298251117,-0.09421614385566779,0.2331092466215332,0.03310924662153321,0.00010284365486810198,0.0005666563781361322
2026-07-08,1.0968812811958155,-0.09728467828426013,0.23329087662019862,0.03329087662019862,0.00040009081499933275,-0.0033877115470501984
2026-07-09,1.0953582523196117,-0.09853810609411928,0.23421220211420257,0.03421220211420256,0.000200460662747002,-0.0013885084031516337
2026-07-10,1.0964531236127255,-0.09763704495966075,0.03421220211420256,0.03377923951573688,2.164812992328409e-07,0.0009995554338391166
2026-07-11,1.0956228344283174,-0.0983203593539067,0.23445391976515603,-0.165546080234844,0.00030033734012470956,-0.0007572500515770075
2026-07-12,1.098631118306259,-0.09584459101393861,0.23445391976515603,0.03407973329354039,0.00010018709323580782,0.0027457294457660097
2026-07-13,1.0998736077790017,-0.09482204253641091,0.23408325457347787,0.23408325457347787,0.00030000176063996875,0.001130943272990237
2026-07-14,1.092929885618043,-0.10053661210003872,0.23410288837175303,-0.165897111628247,0.0002000098168991376,-0.006313200091220494
2026-07-15,1.088137281352052,-0.10448084688277981,0.23410288837175303,-0.16626027944873628,0.00020018158391024466,-0.00438509764355377
2026-07-16,1.0915956926604047,-0.10163463104304793,0.23373972055126374,0.032415432217649164,0.00030066214416680733,0.003178285835459871
2026-07-17,1.0904356133882285,-0.10258935727582374,0.038906776075414026,0.038906776075414026,3.2456719288824312e-06,-0.0010627371287501575
2026-07-18,1.0922143685739636,-0.10112547090336788,0.2394214722991299,0.03942147229912991,0.00020025734811185796,0.001631233576655955
2026-07-19,1.0928915367712095,-0.10056817257262596,0.23869729943120432,0.23869729943120432,0.0001003620864339628,0.000619995686493402
2026-07-20,1.0973605849802557,-0.09689021912319329,0.2416094208639058,0.2416094208639058,1.4560607163507309e-06,0.004089196465227873
2026-07-21,1.0974858993349885,-0.09678708746255915,0.24161785155553941,0.0416178515555394,0.00010000421534581681,0.00011419615070007438
2026-07-22,1.0977586712377865,-0.09656260065600075,0.04170731893975639,0.04170731893975639,4.4733692108497175e-08,0.000248542512451877
2026-07-23,1.0966426392173871,-0.09748107672229078,0.04170731893975639,0.041642362648027044,3.2478145864673485e-08,-0.0010166460531247923
2026-07-24,1.0957609425857477,-0.09820669860328257,0.24166177672949785,0.041661776729497835,0.0002000097070407354,-0.0008039963066439615
2026-07-25,1.0962587130491834,-0.09779704166798409,0.24417885003625095,0.24417885003625095,0.00010125853665337656,0.0004542692151989769
2026-07-26,1.1017508163134084,-0.09327713067118426,0.244706852018482,0.244706852018482,0.0004002640009911155,0.00500986053643282
2026-07-27,1.102175013230043,-0.09292802355937979,0.244706852018482,0.04651179728209095,0.00010090247263180449,0.00038502074185098323
2026-07-28,1.0939747211535034,-0.09967672957427898,0.2459923045784297,0.045992304578429684,0.00020025974635183065,-0.0074400997827982485
2026-07-29,1.0932555183316315,-0.10026862171233897,0.046137453823036544,0.046137453823036544,7.257462230342986e-08,-0.0006574217922636905
2026-07-30,1.0939940321626498,-0.0996608369301678,0.04670374283648969,0.04670374283648969,2.8314450672657297e-07,0.0006755180455395582
2026-07-31,1.0855501399930447,-0.10661002183020374,0.2461169471356177,0.2461169471356177,0.00010029339785043601,-0.007718407890134227
2026-08-01,1.0857253326575926,-0.10646584113786195,0.2461169471356177,0.04640163974980872,0.00010014234630709553,0.0001613860641642706
2026-08-02,1.0854340659523285,-0.10670554886380734,0.04640163974980872,0.045754530710001046,3.235545199038355e-07,-0.0002682692357830474
2026-08-03,1.0855801225479138,-0.10658534667881914,0.048630506247762946,0.048630506247762946,1.4379877688809502e-06,0.0001345605414204698
2026-08-04,1.0858578142639712,-0.10635681094656069,0.04901587345000198,0.04901587345000198,1.926836011195178e-07,0.00025580029542515703
2026-08-05,1.0858899676091913,-0.10633034927028617,0.05099744634933716,0.05099744634933716,9.907864496675884e-07,2.9611008731444954e-05
2026-08-06,1.0869894836937102,-0.10542546554860754,0.05121224801166781,0.05121224801166781,1.0740083116532462e-07,0.001012548340365127
2026-08-07,1.087211949126313,-0.10524238014273413,0.05128462911182341,0.05128462911182341,3.61905500778012e-08,0.00020466199162316734
2026-08-08,1.0873477804068938,-0.10513059322444984,0.05128462911182341,0.05066898186377525,3.078236240240812e-07,0.00012493541916125395
2026-08-09,1.0874644301708998,-0.10503459238001223,0.05524247670101745,0.05524247670101745,2.2867474186211016e-06,0.000107279166892571
2026-08-10,1.0859098920466546,-0.10631395178472147,0.05533361520844522,0.05533361520844522,4.556925371388548e-08,-0.001429507100294769
2026-08-11,1.0854489315887457,-0.10669331468861365,0.05721734968771923,0.05721734968771923,9.418672396370037e-07,-0.0004244923646867793
2026-08-12,1.0864151121150918,-0.10589816394657059,0.05721734968771923,0.055465753459197686,8.757981142607716e-07,0.000890120666412697
2026-08-13,1.0860189853917535,-0.10622416974923021,0.055465753459197686,0.055294963325696174,8.539506675075622e-08,-0.0003646182006473708
2026-08-14,1.0860656845052892,-0.1061857371439684,0.05652484527901097,0.05652484527901097,6.149409766573987e-07,4.3000273621585094e-05
2026-08-15,1.0861862135375928,-0.1060865437252847,0.06600841882714337,0.06600841882714337,4.741786774066198e-06,0.00011097766370982143
