side,available_time,entry_time,exit_time,entry_price,exit_price,stop_price,target_price,notional,stop_fraction,gross_underlying_return,net_account_contribution,exit_reason
short,2022-01-02 04:45:00,2022-01-02 04:46:00,2022-01-02 06:13:00,3763.71,3740.3,3776.0,3739.13,0.3,0.003265395049034055,0.00621992661496229,0.001565977984488687,target
long,2022-01-04 04:15:00,2022-01-04 04:16:00,2022-01-04 04:21:00,3740.57,3724.89,3722.02,3777.6700000000005,0.3,0.004959137243789096,-0.004191874500410475,-0.0015575623501231425,stop
short,2022-01-04 23:00:00,2022-01-04 23:01:00,2022-01-04 23:56:00,3880.52,3852.43,3895.0,3851.56,0.3,0.003731458670487465,0.007238720583839342,0.0018716161751518028,target
long,2022-01-06 03:30:00,2022-01-06 03:31:00,2022-01-06 03:40:00,3726.28,3705.23,3700.0,3778.8400000000006,0.3,0.007052610109814668,-0.005649065555996868,-0.0019947196667990607,stop
long,2022-01-06 06:45:00,2022-01-06 06:46:00,2022-01-06 16:33:00,3540.01,3412.9,3406.46,3807.1100000000006,0.13253500561587406,0.037725882130276514,-0.0359066782297226,-0.004891426806439541,stop
long,2022-01-07 12:45:00,2022-01-07 12:46:00,2022-01-07 15:05:00,3195.74,3133.67,3140.0,3307.2199999999993,0.28666487262289314,0.017441969622059298,-0.019422731511324343,-0.0058544797273053385,stop
long,2022-01-08 00:00:00,2022-01-08 00:01:00,2022-01-08 12:01:00,3146.53,3208.45,3045.58,3348.4300000000007,0.15584596334819176,0.03208296123030776,0.01967882079624217,0.0029110188211985987,time
long,2022-01-09 03:15:00,2022-01-09 03:16:00,2022-01-09 03:25:00,3035.65,3000.23,2998.01,3110.93,0.3,0.012399321397394256,-0.011668011793190991,-0.003800403537957297,stop
short,2022-01-12 20:45:00,2022-01-12 20:46:00,2022-01-12 21:31:00,3302.18,3336.85,3326.05,3254.439999999999,0.3,0.007228558104040466,-0.010499124820573025,-0.003449737446171907,stop
long,2022-01-14 20:15:00,2022-01-14 20:16:00,2022-01-14 22:47:00,3208.73,3255.8,3185.54,3255.11,0.3,0.007227158408466918,0.014669355165439324,0.004100806549631797,target
short,2022-01-16 00:00:00,2022-01-16 00:01:00,2022-01-16 00:02:00,3368.0,3360.85,3370.69,3362.62,0.3,0.0007986935866983535,0.0021229216152018893,0.0003368764845605668,target
long,2022-01-17 23:15:00,2022-01-17 23:16:00,2022-01-18 02:11:00,3232.0,3185.17,3185.0,3326.0,0.3,0.014542079207920793,-0.014489480198019766,-0.00464684405940593,stop
long,2022-01-18 02:30:00,2022-01-18 02:31:00,2022-01-18 05:29:00,3196.32,3169.45,3181.0,3226.9600000000005,0.3,0.004793011963758373,-0.008406542523902605,-0.0028219627571707813,stop
long,2022-01-18 06:30:00,2022-01-18 06:31:00,2022-01-18 07:13:00,3165.16,3215.7,3139.12,3217.24,0.3,0.008227072249112198,0.015967597214674667,0.0044902791644024,target
long,2022-01-18 17:30:00,2022-01-18 17:31:00,2022-01-18 21:26:00,3172.29,3124.51,3126.0,3264.87,0.3,0.014591982448010733,-0.015061674689262228,-0.004818502406778668,stop
long,2022-01-18 22:30:00,2022-01-18 22:31:00,2022-01-18 22:32:00,3114.25,3105.35,3105.89,3130.9700000000003,0.3,0.0026844344545236018,-0.002857830938428174,-0.0011573492815284523,stop
long,2022-01-18 22:45:00,2022-01-18 22:46:00,2022-01-19 02:01:00,3126.55,3089.78,3100.15,3179.3500000000004,0.3,0.00844381186931285,-0.011760566758887592,-0.0038281700276662774,stop
long,2022-01-19 02:15:00,2022-01-19 02:16:00,2022-01-19 05:30:00,3102.77,3165.1,3072.82,3162.6699999999996,0.3,0.009652665199160691,0.020088501564730743,0.005726550469419223,target
long,2022-01-19 16:00:00,2022-01-19 16:01:00,2022-01-19 19:06:00,3063.73,3099.88,3044.0,3103.19,0.3,0.006439862520522375,0.011799342631367615,0.0032398027894102845,target
long,2022-01-21 07:00:00,2022-01-21 07:01:00,2022-01-21 07:24:00,3054.83,3014.56,3017.68,3129.13,0.3,0.012161069519416822,-0.013182402948772931,-0.004254720884631879,stop
long,2022-01-21 10:15:00,2022-01-21 10:16:00,2022-01-21 11:09:00,2912.21,2883.46,2880.5,2975.63,0.3,0.01088863783861742,-0.009872227620947638,-0.003261668286284291,stop
long,2022-01-21 11:45:00,2022-01-21 11:46:00,2022-01-21 20:11:00,2856.71,2806.7,2809.51,2951.1099999999997,0.3,0.01652250315922856,-0.017506152182055645,-0.005551845654616693,stop
long,2022-01-22 07:15:00,2022-01-22 07:16:00,2022-01-22 15:30:00,2554.23,2466.18,2459.64,2743.4100000000003,0.13501585791309842,0.037032686954581284,-0.03447222842108977,-0.004789313352362828,stop
long,2022-01-22 15:45:00,2022-01-22 15:46:00,2022-01-22 17:42:00,2483.11,2409.71,2420.0,2609.3300000000004,0.1967287276184436,0.02541570852680716,-0.029559705369476164,-0.006011971953731565,stop
long,2022-01-24 20:30:00,2022-01-24 20:31:00,2022-01-24 20:41:00,2216.38,2199.71,2200.17,2248.8,0.3,0.007313727790360875,-0.0075212734278418125,-0.0025563820283525437,stop
long,2022-01-24 21:15:00,2022-01-24 21:16:00,2022-01-24 22:08:00,2218.96,2165.03,2166.0,2324.88,0.20949395770392737,0.02386703681003715,-0.02430417853408795,-0.005301072507552847,stop
long,2022-01-24 22:15:00,2022-01-24 22:16:00,2022-01-24 23:37:00,2193.03,2263.83,2155.03,2269.03,0.28855657894736847,0.01732762433710437,0.03228410008071014,0.009027232894736814,target
short,2022-01-26 02:45:00,2022-01-26 02:46:00,2022-01-26 04:06:00,2489.64,2457.31,2507.9,2453.1199999999994,0.3,0.007334393727607292,0.012985813209941965,0.0035957439629825897,target
short,2022-01-26 17:30:00,2022-01-26 17:31:00,2022-01-26 18:46:00,2490.2,2517.9,2523.34,2423.919999999999,0.3,0.013308168018633174,-0.011123604529756692,-0.0036370813589270074,stop
short,2022-01-27 03:15:00,2022-01-27 03:16:00,2022-01-27 04:21:00,2640.27,2473.57,2724.03,2472.7499999999995,0.15760924068767868,0.031724028224386226,0.06313748215144654,0.009793441380133676,target
short,2022-01-29 01:15:00,2022-01-29 01:16:00,2022-01-29 03:31:00,2473.45,2428.34,2494.6,2431.1499999999996,0.3,0.008550809597930054,0.018237684206270477,0.005171305261881143,target
short,2022-01-29 05:00:00,2022-01-29 05:01:00,2022-01-29 05:04:00,2507.55,2518.27,2518.0,2486.6500000000005,0.3,0.004167414408486298,-0.004275089230523665,-0.0015825267691570995,stop
short,2022-01-29 08:30:00,2022-01-29 08:31:00,2022-01-29 09:29:00,2568.71,2535.69,2586.0,2534.13,0.3,0.006731005057013039,0.01285470138707756,0.003556410416123268,target
long,2022-01-31 04:15:00,2022-01-31 04:16:00,2022-01-31 08:46:00,2569.86,2542.89,2535.76,2638.06,0.3,0.013269205326360155,-0.010494735121757692,-0.0034484205365273076,stop
long,2022-01-31 12:45:00,2022-01-31 12:46:00,2022-01-31 17:39:00,2495.75,2540.2,2471.28,2544.6899999999996,0.3,0.009804667935490254,0.01781027747170172,0.005043083241510516,target
short,2022-02-01 12:15:00,2022-02-01 12:16:00,2022-02-01 17:02:00,2744.18,2774.55,2768.87,2694.7999999999997,0.3,0.008997223214220662,-0.011067058283348974,-0.003620117485004692,stop
short,2022-02-01 21:30:00,2022-02-01 21:31:00,2022-02-01 21:43:00,2779.2,2794.64,2798.69,2740.2199999999993,0.3,0.0070128094415660034,-0.005555555555555536,-0.001966666666666661,stop
long,2022-02-02 23:45:00,2022-02-02 23:46:00,2022-02-03 00:04:00,2678.08,2650.9,2651.42,2731.3999999999996,0.3,0.009954893057712935,-0.010149062014577548,-0.003344718604373264,stop
long,2022-02-03 00:30:00,2022-02-03 00:31:00,2022-02-03 01:10:00,2654.63,2689.01,2637.9,2688.09,0.3,0.006302196539630765,0.012950957383891515,0.0035852872151674545,target
short,2022-02-04 14:30:00,2022-02-04 14:31:00,2022-02-04 16:01:00,2800.74,2827.77,2811.72,2778.7799999999997,0.3,0.00392039246770497,-0.009651020801645371,-0.0031953062404936113,stop
short,2022-02-05 01:00:00,2022-02-05 01:01:00,2022-02-05 04:07:00,2927.57,2971.44,2970.87,2840.9700000000007,0.3,0.014790423456996665,-0.014985124181488452,-0.004795537254446535,stop
short,2022-02-05 04:15:00,2022-02-05 04:16:00,2022-02-05 07:50:00,2964.32,2984.77,2982.0,2928.9600000000005,0.3,0.0059642683650887336,-0.0068987153883521835,-0.002369614616505655,stop
short,2022-02-05 23:00:00,2022-02-05 23:01:00,2022-02-05 23:19:00,3013.76,3049.39,3049.0,2943.2800000000007,0.3,0.011693034614567775,-0.011822441070290735,-0.00384673232108722,stop
long,2022-02-06 23:15:00,2022-02-06 23:16:00,2022-02-07 07:21:00,2978.48,3033.33,2951.48,3032.48,0.3,0.009065026456447583,0.01841543337541296,0.005224630012623888,target
short,2022-02-07 13:30:00,2022-02-07 13:31:00,2022-02-07 17:35:00,3091.94,3055.88,3112.0,3051.82,0.3,0.006487836115836642,0.011662580774529863,0.0031987742323589586,target
long,2022-02-08 21:00:00,2022-02-08 21:01:00,2022-02-08 22:19:00,3065.53,3095.14,3050.01,3096.57,0.3,0.0050627460830590405,0.009659014917485553,0.002597704475245666,target
short,2022-02-10 04:15:00,2022-02-10 04:16:00,2022-02-10 04:30:00,3246.04,3260.91,3265.0,3208.12,0.3,0.005840963142783218,-0.004580966346686921,-0.0016742899040060762,stop
short,2022-02-10 04:45:00,2022-02-10 04:46:00,2022-02-10 08:18:00,3255.68,3223.14,3272.6,3221.8399999999997,0.3,0.005197070965205448,0.00999483978769411,0.002698451936308233,target
short,2022-02-10 19:45:00,2022-02-10 19:46:00,2022-02-10 20:45:00,3268.47,3234.0,3288.0,3229.4099999999994,0.3,0.005975272834078392,0.010546218873050628,0.002863865661915188,target
long,2022-02-11 08:00:00,2022-02-11 08:01:00,2022-02-11 08:03:00,3066.99,3056.75,3055.26,3090.449999999999,0.3,0.003824596754472484,-0.0033387784114065067,-0.0013016335234219518,stop
short,2022-02-13 04:45:00,2022-02-13 04:46:00,2022-02-13 04:58:00,2977.42,2963.17,2984.52,2963.2200000000003,0.3,0.00238461486790574,0.004786022798261569,0.0011358068394784707,target
long,2022-02-14 09:45:00,2022-02-14 09:46:00,2022-02-14 20:41:00,2846.67,2894.73,2822.0,2896.01,0.3,0.008666266198751549,0.016882884212079396,0.004764865263623819,target
short,2022-02-14 22:30:00,2022-02-14 22:31:00,2022-02-14 22:46:00,2957.89,2935.11,2967.51,2938.649999999999,0.3,0.0032523183755989392,0.007701435820804625,0.0020104307462413874,target
short,2022-02-15 16:00:00,2022-02-15 16:01:00,2022-02-15 16:12:00,3050.64,3060.0,3066.56,3018.7999999999997,0.3,0.005218577085464058,-0.003068208638187464,-0.001220462591456239,stop
short,2022-02-15 16:45:00,2022-02-15 16:46:00,2022-02-15 17:01:00,3069.6,3083.77,3087.39,3034.02,0.3,0.005795543393275985,-0.004616236643210758,-0.0016848709929632273,stop
short,2022-02-15 17:15:00,2022-02-15 17:16:00,2022-02-15 17:38:00,3074.39,3088.13,3089.38,3044.4099999999994,0.3,0.004875763972690595,-0.004469179251819222,-0.0016407537755457665,stop
long,2022-02-16 23:00:00,2022-02-16 23:01:00,2022-02-17 00:19:00,3066.88,3047.43,3050.26,3100.12,0.3,0.005419188230383938,-0.006341950125208773,-0.002202585037562632,stop
long,2022-02-17 00:30:00,2022-02-17 00:31:00,2022-02-17 03:01:00,3067.62,3114.33,3043.0,3116.8599999999997,0.3,0.008025765903208314,0.015226788194104834,0.00426803645823145,target
long,2022-02-17 16:45:00,2022-02-17 16:46:00,2022-02-17 21:22:00,3058.5,3027.29,3027.41,3120.6800000000003,0.3,0.010165113617786544,-0.010204348536864472,-0.003361304561059341,stop
long,2022-02-18 02:00:00,2022-02-18 02:01:00,2022-02-18 02:12:00,2946.7,2936.47,2924.93,2990.24,0.3,0.007387925475956149,-0.0034716801846133016,-0.0013415040553839905,stop
long,2022-02-19 00:00:00,2022-02-19 00:01:00,2022-02-19 00:04:00,2797.18,2783.13,2777.0,2837.5399999999995,0.3,0.007214408797431641,-0.005022915936764738,-0.0018068747810294212,stop
long,2022-02-19 00:15:00,2022-02-19 00:16:00,2022-02-19 02:07:00,2802.63,2762.12,2760.32,2887.25,0.3,0.015096534326685986,-0.014454280443726097,-0.004636284133117829,stop
long,2022-02-19 20:15:00,2022-02-19 20:16:00,2022-02-19 21:07:00,2726.57,2707.92,2697.9,2783.9100000000003,0.3,0.010515042709338132,-0.006840095798017365,-0.0023520287394052093,stop
short,2022-02-21 11:30:00,2022-02-21 11:31:00,2022-02-21 12:53:00,2723.8,2737.29,2739.98,2691.4400000000005,0.3,0.005940230560246653,-0.004952639694544292,-0.0017857919083632875,stop
short,2022-02-21 16:15:00,2022-02-21 16:16:00,2022-02-21 16:59:00,2746.8,2720.66,2760.0,2720.4000000000005,0.3,0.004805591961555198,0.009516528323867846,0.0025549584971603537,target
long,2022-02-22 08:15:00,2022-02-22 08:16:00,2022-02-22 11:06:00,2579.31,2553.66,2552.0,2633.93,0.3,0.010588103019799847,-0.009944520046058836,-0.0032833560138176504,stop
long,2022-02-22 12:00:00,2022-02-22 12:01:00,2022-02-22 13:49:00,2518.77,2539.31,2507.11,2542.0899999999997,0.3,0.004629243638760131,0.008154773957129935,0.0021464321871389803,target
short,2022-02-23 20:00:00,2022-02-23 20:01:00,2022-02-23 20:37:00,2721.64,2736.3,2739.65,2685.6199999999994,0.3,0.006617333666465888,-0.005386458164930108,-0.0019159374494790323,stop
short,2022-02-23 21:00:00,2022-02-23 21:01:00,2022-02-23 21:08:00,2737.51,2748.13,2749.88,2712.7700000000004,0.3,0.004518704954502409,-0.003879437883331782,-0.0014638313649995346,stop
long,2022-02-24 08:15:00,2022-02-24 08:16:00,2022-02-24 08:51:00,2588.94,2563.12,2561.7,2643.4200000000005,0.3,0.010521680687849172,-0.009973193662271118,-0.0032919580986813354,stop
long,2022-02-24 15:45:00,2022-02-24 15:46:00,2022-02-25 02:54:00,2380.77,2540.42,2301.0,2540.31,0.1492271530650621,0.03350596655703826,0.06705813665326765,0.009857667669549961,target
long,2022-02-27 09:45:00,2022-02-27 09:46:00,2022-02-27 09:59:00,2711.71,2692.7,2693.0,2749.13,0.3,0.006899705351973491,-0.007010336651043114,-0.002403100995312934,stop
short,2022-03-02 12:15:00,2022-03-02 12:16:00,2022-03-02 14:58:00,3018.86,2968.16,3046.0,2964.5800000000004,0.3,0.008990148599140031,0.016794419085350176,0.0047383257256050524,target
long,2022-03-04 22:30:00,2022-03-04 22:31:00,2022-03-05 00:04:00,2705.44,2663.88,2658.78,2798.7599999999998,0.28990998714102106,0.01724673250931451,-0.015361641729256581,-0.00474340334333477,stop
long,2022-03-05 00:15:00,2022-03-05 00:16:00,2022-03-05 03:10:00,2667.66,2647.85,2646.31,2710.3599999999997,0.3,0.008003268782378531,-0.0074259838210266604,-0.002527795146307998,stop
long,2022-03-05 04:30:00,2022-03-05 04:31:00,2022-03-05 05:44:00,2607.5,2624.0,2598.3,2625.8999999999996,0.3,0.003528283796740103,0.006327900287631749,0.0015983700862895248,target
long,2022-03-07 08:30:00,2022-03-07 08:31:00,2022-03-07 10:52:00,2542.89,2508.55,2511.3,2606.0699999999993,0.3,0.012422873187593523,-0.013504319888001381,-0.004351295966400414,stop
long,2022-03-07 16:45:00,2022-03-07 16:46:00,2022-03-07 21:36:00,2521.56,2596.65,2485.46,2593.7599999999998,0.3,0.014316534208981706,0.02977918431447213,0.008633755294341638,target
long,2022-03-08 04:00:00,2022-03-08 04:01:00,2022-03-08 04:04:00,2461.22,2444.68,2446.48,2490.6999999999994,0.3,0.005988899813913337,-0.0067202444316233345,-0.0023160733294870003,stop
short,2022-03-09 09:45:00,2022-03-09 09:46:00,2022-03-09 10:35:00,2614.26,2631.54,2630.0,2582.7800000000007,0.3,0.006020824248544437,-0.006609901080994129,-0.0022829703242982385,stop
short,2022-03-09 10:45:00,2022-03-09 10:46:00,2022-03-09 11:22:00,2622.06,2639.13,2635.95,2594.28,0.3,0.005297361616438935,-0.006510148509187408,-0.0022530445527562224,stop
short,2022-03-09 16:15:00,2022-03-09 16:16:00,2022-03-09 16:49:00,2731.34,2755.0,2754.78,2684.46,0.3,0.008581868240497358,-0.008662414785416628,-0.002898724435624988,stop
long,2022-03-10 14:00:00,2022-03-10 14:01:00,2022-03-10 21:35:00,2595.2,2636.37,2570.0,2645.5999999999995,0.3,0.009710234278668241,0.01586390258939585,0.004459170776818755,target
short,2022-03-16 01:00:00,2022-03-16 01:01:00,2022-03-16 03:00:00,2604.6,2626.99,2626.97,2559.86,0.3,0.008588650848498768,-0.008596329570759398,-0.002878898871227819,stop
short,2022-03-16 03:30:00,2022-03-16 03:31:00,2022-03-16 03:57:00,2652.91,2659.33,2661.91,2634.91,0.3,0.00339250106486839,-0.002419984092939531,-0.0010259952278818592,stop
short,2022-03-16 04:15:00,2022-03-16 04:16:00,2022-03-16 10:08:00,2642.55,2695.28,2669.0,2589.6500000000005,0.3,0.010009271347751156,-0.019954210894779667,-0.0062862632684338995,stop
short,2022-03-19 04:15:00,2022-03-19 04:16:00,2022-03-19 16:16:00,2963.63,2925.0,2985.59,2919.71,0.3,0.0074098318616021685,0.0130346905652865,0.00361040716958595,time
long,2022-03-21 01:45:00,2022-03-21 01:46:00,2022-03-21 01:53:00,2831.62,2825.04,2824.36,2846.1399999999994,0.3,0.002563903348613078,-0.002323758131387632,-0.0009971274394162896,stop
short,2022-03-21 19:30:00,2022-03-21 19:31:00,2022-03-21 21:08:00,2910.11,2920.84,2923.79,2882.7500000000005,0.3,0.004700853232351985,-0.0036871458467204743,-0.0014061437540161422,stop
long,2022-03-23 12:45:00,2022-03-23 12:46:00,2022-03-23 14:30:00,2930.99,2956.21,2917.58,2957.8099999999995,0.3,0.004575245906673122,0.008604601175712157,0.002281380352713647,target
short,2022-03-25 09:45:00,2022-03-25 09:46:00,2022-03-25 18:57:00,3118.52,3147.26,3151.42,3052.72,0.3,0.01054987622333674,-0.009215910111206593,-0.003064773033361978,stop
short,2022-03-28 02:30:00,2022-03-28 02:31:00,2022-03-28 04:36:00,3180.63,3195.88,3190.33,3161.2300000000005,0.3,0.003049710277523578,-0.00479464760126147,-0.001738394280378441,stop
short,2022-03-28 08:45:00,2022-03-28 08:46:00,2022-03-28 17:50:00,3283.42,3341.0,3344.0,3162.26,0.27099867943215616,0.01845027440900035,-0.01753659294272425,-0.005023392208649697,stop
short,2022-03-28 18:00:00,2022-03-28 18:01:00,2022-03-28 21:39:00,3335.91,3370.86,3375.5,3256.7299999999996,0.3,0.011867826170370348,-0.010476901355252366,-0.0034430704065757096,stop
short,2022-03-29 03:45:00,2022-03-29 03:46:00,2022-03-29 05:25:00,3420.77,3397.25,3433.63,3395.0499999999997,0.3,0.003759387506321713,0.006875644957129556,0.001762693487138867,target
short,2022-03-29 17:30:00,2022-03-29 17:31:00,2022-03-29 19:14:00,3428.36,3448.1,3446.33,3392.4200000000005,0.3,0.005241573230349146,-0.0057578550677290785,-0.0020273565203187236,stop
short,2022-03-31 02:15:00,2022-03-31 02:16:00,2022-03-31 02:59:00,3432.95,3395.03,3448.0,3402.8499999999995,0.3,0.004383984619642052,0.011045893473543011,0.0030137680420629035,target
long,2022-04-01 00:45:00,2022-04-01 00:46:00,2022-04-01 00:55:00,3301.03,3286.18,3282.18,3338.730000000001,0.3,0.005710338894224034,-0.004498595892797219,-0.0016495787678391656,stop
short,2022-04-08 17:00:00,2022-04-08 17:01:00,2022-04-08 20:54:00,3287.44,3232.14,3314.39,3233.5400000000004,0.3,0.008197868250066865,0.016821599785851626,0.0047464799357554875,target
long,2022-04-09 07:15:00,2022-04-09 07:16:00,2022-04-09 07:21:00,3179.1,3191.36,3174.55,3188.1999999999994,0.3,0.0014312226730834913,0.0038564373564846655,0.0008569312069453996,target
long,2022-04-11 19:45:00,2022-04-11 19:46:00,2022-04-11 21:33:00,3053.83,3017.24,3026.8,3107.8899999999994,0.3,0.00885118032110489,-0.011981675469819875,-0.0038945026409459623,stop
long,2022-04-12 05:45:00,2022-04-12 05:46:00,2022-04-12 13:42:00,2970.19,3014.67,2947.0,3016.57,0.3,0.0078075813331807235,0.014975472949541935,0.00419264188486258,target
short,2022-04-12 21:15:00,2022-04-12 21:16:00,2022-04-12 22:04:00,3067.95,3035.16,3083.89,3036.0699999999997,0.3,0.005195651819618982,0.010687918642741878,0.0029063755928225633,target
short,2022-04-13 23:45:00,2022-04-13 23:46:00,2022-04-14 06:35:00,3095.63,3121.63,3118.0,3050.8900000000003,0.3,0.007226315806475545,-0.00839893656541646,-0.002819680969624938,stop
long,2022-04-14 22:15:00,2022-04-14 22:16:00,2022-04-14 23:37:00,3043.81,3026.01,3032.12,3067.19,0.3,0.0038405813766299655,-0.005847934003764932,-0.0020543802011294796,stop
long,2022-04-15 00:45:00,2022-04-15 00:46:00,2022-04-15 02:55:00,3016.99,2991.67,3001.22,3048.5299999999997,0.3,0.0052270640605371526,-0.008392470641268135,-0.0028177411923804405,stop
long,2022-04-15 03:15:00,2022-04-15 03:16:00,2022-04-15 06:09:00,2989.96,3020.45,2973.8,3022.2799999999997,0.3,0.005404754578656522,0.010197460835596361,0.0027592382506789084,target
long,2022-04-18 08:15:00,2022-04-18 08:16:00,2022-04-18 12:15:00,2992.91,2963.03,2974.54,3029.6499999999996,0.3,0.006137839093056555,-0.009983594561814302,-0.0032950783685442905,stop
short,2022-04-21 21:00:00,2022-04-21 21:01:00,2022-04-21 23:46:00,3162.91,3115.02,3188.0,3112.7299999999996,0.3,0.007932568425911628,0.015141120044515954,0.004242336013354786,target
long,2022-04-22 06:45:00,2022-04-22 06:46:00,2022-04-22 18:46:00,2983.01,3009.4,2932.25,3084.5300000000007,0.2938347123719452,0.01701636937187613,0.008846768867687205,0.002305653073286004,time
long,2022-04-25 09:15:00,2022-04-25 09:16:00,2022-04-25 14:13:00,2855.01,2836.96,2841.0,2883.0300000000007,0.3,0.0049071631973268805,-0.006322219536884388,-0.0021966658610653163,stop
short,2022-04-26 08:45:00,2022-04-26 08:46:00,2022-04-26 15:07:00,3022.4,2987.76,3043.17,2980.86,0.3,0.00687202223398623,0.011461090524086726,0.0031383271572260176,target
long,2022-04-27 00:15:00,2022-04-27 00:16:00,2022-04-27 03:18:00,2860.54,2831.05,2836.0,2909.62,0.3,0.00857879980702943,-0.010309242310892253,-0.0033927726932676755,stop
long,2022-04-27 03:45:00,2022-04-27 03:46:00,2022-04-27 04:11:00,2835.1,2809.43,2808.8,2887.6999999999994,0.3,0.009276568727734375,-0.009054354343762117,-0.003016306303128635,stop
short,2022-04-28 16:00:00,2022-04-28 16:01:00,2022-04-28 16:34:00,2904.1,2939.78,2941.36,2829.5799999999995,0.3,0.012830136703281644,-0.012286078303088921,-0.003985823490926676,stop
short,2022-04-28 17:00:00,2022-04-28 17:01:00,2022-04-28 17:02:00,2939.53,2938.22,2944.99,2928.610000000001,0.3,0.001857439794796985,0.00044564947457603754,-0.00016630515762718873,stop
short,2022-04-29 02:15:00,2022-04-29 02:16:00,2022-04-29 05:29:00,2961.65,2922.67,2981.56,2921.8300000000004,0.3,0.006722603953877013,0.013161582226123958,0.003648474667837187,target
long,2022-04-30 02:00:00,2022-04-30 02:01:00,2022-04-30 02:50:00,2816.0,2802.69,2802.74,2842.5200000000004,0.3,0.004708806818181896,-0.004726562500000031,-0.0017179687500000092,stop
long,2022-04-30 03:00:00,2022-04-30 03:01:00,2022-04-30 03:29:00,2812.99,2790.94,2797.0,2844.9699999999993,0.3,0.005684342994464887,-0.007838634335706751,-0.0026515903007120253,stop
long,2022-04-30 03:45:00,2022-04-30 03:46:00,2022-04-30 03:48:00,2789.29,2779.28,2781.67,2804.5299999999997,0.3,0.0027318780047968804,-0.0035887268803170835,-0.0013766180640951248,stop
long,2022-04-30 04:00:00,2022-04-30 04:01:00,2022-04-30 08:21:00,2792.88,2828.02,2775.6,2827.4400000000005,0.3,0.006187161639597906,0.012581994213858083,0.003474598264157425,target
long,2022-04-30 23:15:00,2022-04-30 23:16:00,2022-05-01 07:03:00,2794.61,2761.39,2768.0,2847.8300000000004,0.3,0.009521901088166194,-0.011887168513674662,-0.003866150554102398,stop
short,2022-05-03 06:30:00,2022-05-03 06:31:00,2022-05-03 09:09:00,2867.37,2836.56,2883.37,2835.37,0.3,0.005580026295873919,0.010745038135992147,0.0029235114407976438,target
long,2022-05-04 04:30:00,2022-05-04 04:31:00,2022-05-04 05:24:00,2768.07,2791.72,2755.1,2794.0100000000007,0.3,0.0046855751480274176,0.008543859078708138,0.0022631577236124413,target
long,2022-05-08 11:00:00,2022-05-08 11:01:00,2022-05-08 11:13:00,2552.27,2533.6,2521.48,2613.85,0.3,0.012063770682568836,-0.00731505679258071,-0.002494517037774213,stop
long,2022-05-09 18:30:00,2022-05-09 18:31:00,2022-05-09 18:47:00,2421.38,2379.15,2380.0,2504.1400000000003,0.2925785403576599,0.01708942834251547,-0.01744046783239306,-0.005395285161913941,stop
long,2022-05-09 23:45:00,2022-05-09 23:46:00,2022-05-10 00:52:00,2381.16,2334.43,2335.47,2472.54,0.26057780695994714,0.01918812679534347,-0.01962488870970447,-0.005374388268767765,stop
short,2022-05-13 11:30:00,2022-05-13 11:31:00,2022-05-13 11:58:00,2097.26,2108.46,2109.08,2073.620000000001,0.3,0.005635924968768635,-0.005340301154840077,-0.001902090346452023,stop
short,2022-05-13 12:00:00,2022-05-13 12:01:00,2022-05-13 13:09:00,2086.77,2111.47,2110.99,2038.3300000000004,0.3,0.011606453993492239,-0.011836474551579546,-0.0038509423654738634,stop
short,2022-05-15 20:15:00,2022-05-15 20:16:00,2022-05-15 20:22:00,2082.26,2097.32,2095.7,2055.380000000001,0.3,0.006454525371471189,-0.007232526197496814,-0.002469757859249044,stop
long,2022-05-16 18:15:00,2022-05-16 18:16:00,2022-05-17 06:16:00,2031.56,2049.62,1973.0,2148.68,0.17345969945355208,0.028825139301817296,0.008889720215007113,0.001368548497267748,time
long,2022-05-19 00:15:00,2022-05-19 00:16:00,2022-05-19 07:27:00,1957.97,1923.97,1935.35,2003.2100000000003,0.3,0.011552781707584957,-0.017364923875238136,-0.00550947716257144,stop
short,2022-05-20 19:15:00,2022-05-20 19:16:00,2022-05-20 19:52:00,2042.13,2060.82,2058.63,2009.13,0.3,0.008079799033362225,-0.009152208723244959,-0.0030456626169734877,stop
short,2022-05-20 20:00:00,2022-05-20 20:01:00,2022-05-20 20:50:00,2051.68,2033.26,2064.39,2026.2599999999998,0.3,0.006194923184902147,0.008978008266396276,0.0023934024799188826,target
long,2022-05-21 00:00:00,2022-05-21 00:01:00,2022-05-21 00:04:00,1958.58,1950.06,1951.02,1973.6999999999998,0.3,0.003859939343810284,-0.004350090371595727,-0.0016050271114787182,stop
short,2022-05-22 17:30:00,2022-05-22 17:31:00,2022-05-22 17:32:00,1988.75,1995.94,1996.0,1974.25,0.3,0.0036455059710873666,-0.003615336266499014,-0.0013846008799497042,stop
short,2022-05-23 15:45:00,2022-05-23 15:46:00,2022-05-23 19:12:00,2067.92,2082.97,2083.49,2036.7800000000007,0.3,0.00752930480869652,-0.007277844404038669,-0.0024833533212116005,stop
short,2022-05-23 20:30:00,2022-05-23 20:31:00,2022-05-24 02:59:00,2070.93,2033.2,2089.0,2034.7899999999995,0.3,0.008725548425103776,0.018218867851641396,0.005165660355492418,target
long,2022-05-24 06:45:00,2022-05-24 06:46:00,2022-05-24 17:09:00,1976.74,1956.64,1956.78,2016.66,0.3,0.010097433147505507,-0.010168256826896815,-0.0033504770480690445,stop
long,2022-05-24 17:15:00,2022-05-24 17:16:00,2022-05-24 21:49:00,1973.67,1943.7,1950.1,2020.8100000000004,0.3,0.0119422193173125,-0.015184909331347196,-0.004855472799404159,stop
long,2022-05-26 14:30:00,2022-05-26 14:31:00,2022-05-26 16:22:00,1918.07,1863.6,1908.0,1938.2099999999998,0.3,0.005250069079856281,-0.028398337912589278,-0.008819501373776783,stop
long,2022-05-26 19:15:00,2022-05-26 19:16:00,2022-05-26 19:19:00,1815.16,1799.69,1794.0,1857.4800000000002,0.3,0.01165737455651297,-0.008522664668679347,-0.002856799400603804,stop
long,2022-05-26 19:30:00,2022-05-26 19:31:00,2022-05-26 21:12:00,1817.25,1766.41,1780.0,1891.75,0.2439261744966443,0.020498005227679184,-0.027976337873159896,-0.007068087248322123,stop
long,2022-05-26 21:30:00,2022-05-26 21:31:00,2022-05-26 22:24:00,1772.58,1852.31,1730.6,1856.54,0.21112196283944726,0.02368299315122591,0.044979634205508434,0.009285066698427836,target
long,2022-05-28 07:45:00,2022-05-28 07:46:00,2022-05-28 13:36:00,1722.83,1775.2,1701.1,1766.29,0.3,0.012612968197674768,0.0303976596646216,0.00881929789938648,target
short,2022-05-28 23:45:00,2022-05-28 23:46:00,2022-05-29 00:59:00,1797.69,1773.59,1809.59,1773.8900000000003,0.3,0.006619606272494069,0.01340609337538734,0.0037218280126162023,target
short,2022-05-29 21:15:00,2022-05-29 21:16:00,2022-05-30 09:16:00,1811.92,1811.75,1829.0,1777.7600000000002,0.3,0.009426464744580294,9.382312684891314e-05,-0.00027185306194532605,time
short,2022-05-30 12:00:00,2022-05-30 12:01:00,2022-05-30 13:41:00,1880.25,1891.18,1892.98,1854.79,0.3,0.006770376279750043,-0.005813056774365055,-0.0020439170323095167,stop
short,2022-05-30 13:45:00,2022-05-30 13:46:00,2022-05-30 13:55:00,1884.06,1895.18,1897.0,1858.1799999999998,0.3,0.006868146449688468,-0.00590214748999518,-0.002070644246998554,stop
short,2022-05-30 14:30:00,2022-05-30 14:31:00,2022-05-30 22:11:00,1899.69,1915.27,1918.0,1863.0700000000002,0.3,0.00963841468871234,-0.008201338113060563,-0.0027604014339181688,stop
short,2022-05-31 01:00:00,2022-05-31 01:01:00,2022-05-31 04:25:00,1915.5,1949.38,1941.0,1864.5,0.3,0.01331245105716523,-0.017687287914382788,-0.005606186374314836,stop
long,2022-06-02 01:15:00,2022-06-02 01:16:00,2022-06-02 02:34:00,1865.0,1832.74,1840.0,1915.0,0.3,0.013404825737265416,-0.01729758713136731,-0.005489276139410192,stop
long,2022-06-02 02:45:00,2022-06-02 02:46:00,2022-06-02 02:58:00,1845.76,1819.76,1825.0,1887.28,0.3,0.011247399445214974,-0.014086338418862643,-0.004525901525658792,stop
long,2022-06-02 03:15:00,2022-06-02 03:16:00,2022-06-02 04:28:00,1822.56,1803.09,1805.63,1856.4199999999996,0.3,0.009289131770696074,-0.01068277587569133,-0.003504832762707399,stop
long,2022-06-02 04:45:00,2022-06-02 04:46:00,2022-06-02 07:07:00,1781.76,1831.93,1760.0,1825.28,0.3,0.012212643678160915,0.02815755208333348,0.008147265625000044,target
short,2022-06-06 00:15:00,2022-06-06 00:16:00,2022-06-06 00:34:00,1815.21,1797.78,1825.0,1795.63,0.3,0.005393315373978748,0.009602194787380003,0.0025806584362140007,target
short,2022-06-06 02:15:00,2022-06-06 02:16:00,2022-06-06 05:12:00,1821.81,1804.85,1830.86,1803.71,0.3,0.004967587179782719,0.009309423046311105,0.0024928269138933313,target
short,2022-06-06 12:00:00,2022-06-06 12:01:00,2022-06-06 13:10:00,1876.55,1886.78,1885.0,1859.6499999999999,0.3,0.004502944232767603,-0.005451493432096166,-0.0019354480296288497,stop
short,2022-06-06 13:15:00,2022-06-06 13:16:00,2022-06-06 14:53:00,1876.06,1888.59,1888.53,1851.12,0.3,0.006646908947475042,-0.006678890867029885,-0.0023036672601089653,stop
short,2022-06-06 16:45:00,2022-06-06 16:46:00,2022-06-06 17:01:00,1900.63,1901.07,1906.0,1889.8900000000003,0.3,0.0028253789532943765,-0.00023150218611722728,-0.00036945065583516814,stop
short,2022-06-06 17:30:00,2022-06-06 17:31:00,2022-06-06 18:00:00,1901.96,1910.79,1911.71,1882.46,0.3,0.005126290773728154,-0.004642579234053201,-0.0016927737702159603,stop
short,2022-06-06 19:15:00,2022-06-06 19:16:00,2022-06-06 20:39:00,1905.88,1917.21,1917.33,1882.9800000000005,0.3,0.006007723466325172,-0.005944760425630191,-0.0020834281276890573,stop
long,2022-06-10 08:30:00,2022-06-10 08:31:00,2022-06-10 20:31:00,1767.66,1752.13,1741.99,1819.0000000000002,0.3,0.014522023466051205,-0.008785626195082719,-0.0029356878585248152,time
long,2022-06-11 23:15:00,2022-06-11 23:16:00,2022-06-11 23:24:00,1518.39,1503.73,1503.35,1548.4700000000005,0.3,0.009905228564466436,-0.009654963481055656,-0.003196489044316697,stop
long,2022-06-13 16:30:00,2022-06-13 16:31:00,2022-06-13 16:44:00,1270.23,1246.45,1243.2,1324.29,0.23496670366259736,0.02127961077915021,-0.018721019028050012,-0.004633782833888271,stop
long,2022-06-13 23:00:00,2022-06-13 23:01:00,2022-06-14 00:12:00,1196.56,1270.17,1163.27,1263.1399999999999,0.17971763292279982,0.027821421408036343,0.06151801831918169,0.010876155001501969,target
long,2022-06-14 09:15:00,2022-06-14 09:16:00,2022-06-14 09:27:00,1174.58,1153.03,1154.0,1215.7399999999998,0.28536929057337324,0.017521156498493017,-0.018346983602649414,-0.005521034985422748,stop
long,2022-06-15 13:45:00,2022-06-15 13:46:00,2022-06-15 15:50:00,1116.6,1089.36,1091.28,1167.2399999999998,0.2204976303317541,0.02267598065556147,-0.024395486297689395,-0.005599644549763042,stop
long,2022-06-15 16:30:00,2022-06-15 16:31:00,2022-06-15 16:47:00,1059.68,1042.22,1042.04,1094.9600000000003,0.3,0.016646534802959478,-0.016476672202929254,-0.005243001660878776,stop
short,2022-06-16 06:00:00,2022-06-16 06:01:00,2022-06-16 08:09:00,1228.22,1253.25,1252.31,1180.0400000000002,0.2549232046492329,0.019613749979645274,-0.0203790851801795,-0.005450024906600281,stop
long,2022-06-19 01:00:00,2022-06-19 01:01:00,2022-06-19 01:42:00,982.7,965.19,965.55,1017.0000000000002,0.286501457725946,0.01745191818459356,-0.01781825582578611,-0.005391457725947496,stop
long,2022-06-19 02:15:00,2022-06-19 02:16:00,2022-06-19 02:19:00,959.49,950.29,951.0,976.47,0.3,0.008848450739455345,-0.009588427185275528,-0.003176528155582658,stop
long,2022-06-19 04:15:00,2022-06-19 04:16:00,2022-06-19 06:30:00,917.57,989.79,878.73,995.2500000000001,0.11812178166838302,0.042329195592706856,0.07870789149601665,0.009178994593202875,target
short,2022-06-20 05:00:00,2022-06-20 05:01:00,2022-06-20 08:45:00,1136.94,1091.2,1160.0,1090.8200000000002,0.24651777970511768,0.020282512709553665,0.04023079494080606,0.009671088464874272,target
short,2022-06-21 22:45:00,2022-06-21 22:46:00,2022-06-22 00:09:00,1184.37,1163.48,1195.0,1163.1099999999997,0.3,0.008975235779359584,0.01763806918446087,0.004991420755338261,target
long,2022-06-22 15:15:00,2022-06-22 15:16:00,2022-06-22 22:01:00,1082.38,1115.27,1065.21,1116.7200000000003,0.3,0.015863190376762384,0.03038674033149169,0.008816022099447507,target
short,2022-06-23 20:45:00,2022-06-23 20:46:00,2022-06-23 23:35:00,1118.89,1090.42,1133.93,1088.8100000000002,0.3,0.013441893304971858,0.02544486053141959,0.007333458159425876,target
short,2022-06-24 06:45:00,2022-06-24 06:46:00,2022-06-24 08:20:00,1143.95,1153.03,1155.77,1120.3100000000002,0.3,0.010332619432667455,-0.007937409851829225,-0.0026812229555487673,stop
short,2022-06-24 08:30:00,2022-06-24 08:31:00,2022-06-24 09:26:00,1145.83,1161.98,1160.19,1117.1099999999997,0.3,0.012532400094254931,-0.014094586456978808,-0.0045283759370936425,stop
short,2022-06-24 10:45:00,2022-06-24 10:46:00,2022-06-24 13:59:00,1159.49,1140.13,1168.0,1142.47,0.3,0.007339433716547785,0.016696996093109817,0.004709098827932945,target
short,2022-06-25 03:45:00,2022-06-25 03:46:00,2022-06-25 04:06:00,1224.1,1238.51,1238.3,1195.6999999999998,0.3,0.011600359447757573,-0.011771914059308886,-0.0038315742177926653,stop
short,2022-06-25 06:30:00,2022-06-25 06:31:00,2022-06-25 18:31:00,1230.51,1221.55,1247.0,1197.53,0.3,0.013400947574582904,0.007281533673029861,0.0018844601019089584,time
long,2022-06-26 00:15:00,2022-06-26 00:16:00,2022-06-26 02:56:00,1188.82,1209.03,1180.02,1206.4199999999998,0.3,0.007402298077084803,0.017000050470214134,0.0048000151410642405,target
short,2022-06-26 20:15:00,2022-06-26 20:16:00,2022-06-26 20:56:00,1272.86,1249.89,1283.0,1252.5799999999997,0.3,0.007966312084596971,0.01804597520544271,0.005113792561632813,target
long,2022-06-27 22:15:00,2022-06-27 22:16:00,2022-06-28 02:17:00,1181.94,1203.31,1171.0,1203.8200000000002,0.3,0.009255969000118495,0.01808044401577069,0.005124133204731207,target
long,2022-06-29 07:15:00,2022-06-29 07:16:00,2022-06-29 07:37:00,1148.51,1143.63,1142.32,1160.89,0.3,0.0053895917318961565,-0.004248983465533485,-0.0015746950396600453,stop
long,2022-06-29 08:00:00,2022-06-29 08:01:00,2022-06-29 08:12:00,1143.97,1135.57,1136.0,1159.91,0.3,0.006966965916938405,-0.0073428498999100755,-0.0025028549699730226,stop
long,2022-06-29 08:15:00,2022-06-29 08:16:00,2022-06-29 13:50:00,1144.68,1129.74,1132.51,1169.0200000000002,0.3,0.010631792291295447,-0.013051682566306733,-0.004215504769892019,stop
long,2022-06-29 14:00:00,2022-06-29 14:01:00,2022-06-29 14:23:00,1131.88,1127.9,1125.0,1145.6400000000003,0.3,0.006078382867441874,-0.00351627380994457,-0.001354882142983371,stop
long,2022-06-29 14:30:00,2022-06-29 14:31:00,2022-06-29 14:52:00,1133.39,1119.71,1122.0,1156.1700000000003,0.3,0.01004949752512383,-0.01206998473605736,-0.0039209954208172075,stop
long,2022-06-30 01:30:00,2022-06-30 01:31:00,2022-06-30 01:52:00,1090.92,1098.35,1087.17,1098.42,0.3,0.003437465625343746,0.006810765225681026,0.0017432295677043078,target
long,2022-06-30 09:45:00,2022-06-30 09:46:00,2022-06-30 14:31:00,1089.91,1071.64,1076.0,1117.7300000000002,0.3,0.01276252167610177,-0.01676285197860372,-0.005328855593581116,stop
long,2022-06-30 16:15:00,2022-06-30 16:16:00,2022-06-30 16:25:00,1050.98,1046.01,1046.0,1060.94,0.3,0.004738434603893526,-0.004728919674970022,-0.0017186759024910066,stop
long,2022-06-30 16:30:00,2022-06-30 16:31:00,2022-06-30 17:00:00,1051.79,1049.58,1044.11,1067.15,0.3,0.0073018378193366205,-0.0021011798933247006,-0.0009303539679974102,stop
long,2022-06-30 17:00:00,2022-06-30 17:01:00,2022-06-30 17:08:00,1050.76,1041.81,1041.01,1070.26,0.3,0.009278998058548099,-0.00851764437169289,-0.002855293311507867,stop
short,2022-07-01 08:45:00,2022-07-01 08:46:00,2022-07-01 12:01:00,1097.12,1052.35,1119.0,1053.3599999999997,0.2507129798903095,0.019943123815079584,0.04080683972582766,0.009980091407678204,target
short,2022-07-03 13:15:00,2022-07-03 13:16:00,2022-07-04 01:16:00,1069.23,1055.77,1089.0,1029.69,0.27041729893778477,0.018489941359670026,0.012588498265106662,0.0031337303995953485,time
short,2022-07-04 20:15:00,2022-07-04 20:16:00,2022-07-04 20:25:00,1106.0,1111.18,1111.21,1095.58,0.3,0.0047106690777577185,-0.004683544303797582,-0.0017050632911392745,stop
short,2022-07-04 20:30:00,2022-07-04 20:31:00,2022-07-04 23:06:00,1102.11,1123.19,1114.98,1076.3699999999997,0.3,0.011677600239540627,-0.019126947400894823,-0.006038084220268447,stop
short,2022-07-05 06:00:00,2022-07-05 06:01:00,2022-07-05 06:34:00,1133.06,1146.34,1147.69,1103.7999999999997,0.3,0.012911937584947054,-0.011720473761318795,-0.003816142128395638,stop
short,2022-07-05 06:45:00,2022-07-05 06:46:00,2022-07-05 07:20:00,1137.55,1151.03,1149.99,1112.6699999999998,0.3,0.010935783042503675,-0.01185002857017281,-0.003855008571051843,stop
short,2022-07-05 08:00:00,2022-07-05 08:01:00,2022-07-05 08:15:00,1150.66,1159.93,1160.87,1130.2400000000005,0.3,0.008873168442458943,-0.008056245980567756,-0.0027168737941703266,stop
long,2022-07-10 10:45:00,2022-07-10 10:46:00,2022-07-10 16:54:00,1190.75,1183.03,1181.0,1210.25,0.3,0.008188116733151375,-0.006483308838967083,-0.002244992651690125,stop
long,2022-07-10 19:00:00,2022-07-10 19:01:00,2022-07-10 19:23:00,1183.03,1175.47,1175.4,1198.2899999999997,0.3,0.0064495405864600916,-0.006390370489336661,-0.0022171111468009983,stop
long,2022-07-12 06:30:00,2022-07-12 06:31:00,2022-07-12 06:45:00,1107.7,1102.54,1101.3,1120.5000000000002,0.3,0.005777737654599702,-0.00465830098402098,-0.001697490295206294,stop
long,2022-07-13 03:45:00,2022-07-13 03:46:00,2022-07-13 10:07:00,1041.24,1054.18,1033.0,1057.72,0.3,0.007913641427528725,0.012427490300026989,0.0034282470900080966,target
short,2022-07-14 08:15:00,2022-07-14 08:16:00,2022-07-14 09:18:00,1114.25,1125.09,1123.98,1094.79,0.3,0.008732331164460415,-0.009728516939645493,-0.003218555081893648,stop
short,2022-07-14 09:30:00,2022-07-14 09:31:00,2022-07-14 16:36:00,1115.3,1091.31,1126.93,1092.0399999999997,0.3,0.01042768761768144,0.021509907648166404,0.0061529722944499215,target
short,2022-07-15 00:15:00,2022-07-15 00:16:00,2022-07-15 01:19:00,1139.54,1151.26,1150.0,1118.62,0.3,0.009179142460993064,-0.01028485178229821,-0.0033854555346894627,stop
short,2022-07-15 02:15:00,2022-07-15 02:16:00,2022-07-15 03:31:00,1194.04,1210.41,1206.46,1169.1999999999998,0.3,0.010401661585876581,-0.013709758467053135,-0.00441292754011594,stop
short,2022-07-15 03:45:00,2022-07-15 03:46:00,2022-07-15 10:01:00,1196.92,1218.48,1215.2,1160.3600000000001,0.3,0.015272532834274615,-0.018012899776091995,-0.0057038699328275985,stop
short,2022-07-15 10:15:00,2022-07-15 10:16:00,2022-07-15 10:54:00,1214.06,1194.75,1223.52,1195.1399999999999,0.3,0.007792036637398511,0.015905309457522665,0.004471592837256799,target
short,2022-07-15 19:30:00,2022-07-15 19:31:00,2022-07-15 20:48:00,1221.84,1230.32,1229.99,1205.5399999999997,0.3,0.006670267792837107,-0.0069403522556144015,-0.0023821056766843204,stop
short,2022-07-15 21:00:00,2022-07-15 21:01:00,2022-07-15 22:30:00,1227.35,1234.15,1237.0,1208.0499999999997,0.3,0.007862467918686675,-0.005540391901250885,-0.0019621175703752654,stop
short,2022-07-18 14:45:00,2022-07-18 14:46:00,2022-07-18 15:55:00,1451.08,1467.69,1470.98,1411.2799999999997,0.3,0.013713923422554298,-0.011446646635609348,-0.003733993990682804,stop
short,2022-07-18 18:45:00,2022-07-18 18:46:00,2022-07-18 23:57:00,1486.17,1514.44,1512.0,1434.5100000000002,0.2876829268292691,0.017380245866892702,-0.019022049967365673,-0.0057600019357336284,stop
short,2022-07-20 19:15:00,2022-07-20 19:16:00,2022-07-20 20:10:00,1598.0,1611.01,1616.61,1560.7800000000002,0.3,0.011645807259073779,-0.0081414267834794,-0.0027424280350438197,stop
short,2022-07-20 20:15:00,2022-07-20 20:16:00,2022-07-20 21:38:00,1606.02,1619.64,1619.3,1579.46,0.3,0.008268888307742103,-0.008480591773452506,-0.0028441775320357516,stop
short,2022-07-20 21:45:00,2022-07-20 21:46:00,2022-07-21 00:34:00,1603.34,1566.3,1622.1,1565.82,0.3,0.011700575049583987,0.02310177504459443,0.006630532513378329,target
long,2022-07-23 20:15:00,2022-07-23 20:16:00,2022-07-24 01:24:00,1522.71,1496.56,1501.0,1566.13,0.3,0.014257475159419742,-0.017173329130300674,-0.005451998739090202,stop
long,2022-07-24 01:30:00,2022-07-24 01:31:00,2022-07-24 02:06:00,1506.51,1494.65,1492.0,1535.53,0.3,0.009631532482359885,-0.007872500016594564,-0.002661750004978369,stop
long,2022-07-24 02:15:00,2022-07-24 02:16:00,2022-07-24 08:03:00,1512.05,1570.81,1487.24,1561.6699999999998,0.3,0.01640818755993515,0.03886114877153535,0.011358344631460604,target
long,2022-07-25 10:15:00,2022-07-25 10:16:00,2022-07-25 10:22:00,1539.5,1531.03,1529.0,1560.5,0.3,0.006820396232543034,-0.005501786294251354,-0.0019505358882754061,stop
long,2022-07-25 12:00:00,2022-07-25 12:01:00,2022-07-25 16:43:00,1511.3,1534.19,1498.22,1537.4599999999998,0.3,0.00865480050287827,0.0151459008800372,0.00424377026401116,target
long,2022-07-26 03:45:00,2022-07-26 03:46:00,2022-07-26 04:02:00,1468.7,1501.42,1453.99,1498.1200000000001,0.3,0.010015660107578156,0.022278205215496616,0.006383461564648985,target
long,2022-07-26 08:45:00,2022-07-26 08:46:00,2022-07-26 08:59:00,1423.54,1414.65,1413.98,1442.6599999999999,0.3,0.006715652528204298,-0.006244994871938858,-0.0021734984615816573,stop
long,2022-07-26 11:15:00,2022-07-26 11:16:00,2022-07-26 19:56:00,1420.5,1394.7,1400.0,1461.5,0.3,0.014431538190777896,-0.018162618796198515,-0.005748785638859554,stop
long,2022-07-26 20:00:00,2022-07-26 20:01:00,2022-07-26 21:12:00,1406.67,1379.21,1382.0,1456.0100000000002,0.2850972841507896,0.017537873133002105,-0.01952128075525894,-0.005850561410620189,stop
short,2022-07-28 05:00:00,2022-07-28 05:01:00,2022-07-28 05:44:00,1601.68,1611.64,1615.0,1575.0400000000002,0.3,0.00831626791868534,-0.0062184706058638906,-0.002165541181759167,stop
short,2022-07-28 08:00:00,2022-07-28 08:01:00,2022-07-28 08:12:00,1636.72,1622.17,1646.2,1617.76,0.3,0.005792071948775611,0.008889730680873953,0.002366919204262186,target
short,2022-07-29 00:15:00,2022-07-29 00:16:00,2022-07-29 00:20:00,1725.85,1731.02,1736.11,1705.33,0.3,0.005944896717559459,-0.0029956253440335256,-0.0011986876032100576,stop
short,2022-07-29 04:45:00,2022-07-29 04:46:00,2022-07-29 16:46:00,1742.77,1725.14,1785.98,1656.35,0.20166280953482973,0.02479386264395189,0.010116079574470471,0.0018383742189307904,time
long,2022-08-01 21:45:00,2022-08-01 21:46:00,2022-08-02 01:21:00,1656.91,1637.95,1636.0,1698.7300000000002,0.3,0.012619876758544568,-0.011442987247345937,-0.003732896174203781,stop
long,2022-08-02 04:15:00,2022-08-02 04:16:00,2022-08-02 06:12:00,1620.71,1611.1,1608.0,1646.13,0.3,0.007842241980366652,-0.005929500033935775,-0.0020788500101807323,stop
long,2022-08-02 18:00:00,2022-08-02 18:01:00,2022-08-02 19:35:00,1568.73,1593.86,1557.0,1592.19,0.3,0.007477386165879417,0.016019327736449096,0.0045057983209347285,target
short,2022-08-03 01:15:00,2022-08-03 01:16:00,2022-08-03 01:38:00,1669.24,1654.51,1678.0,1651.72,0.3,0.005247897246651165,0.008824375164745657,0.002347312549423697,target
short,2022-08-03 20:30:00,2022-08-03 20:31:00,2022-08-04 06:56:00,1662.26,1617.62,1685.0,1616.78,0.3,0.0136801703704595,0.02685500463224777,0.00775650138967433,target
long,2022-08-04 19:30:00,2022-08-04 19:31:00,2022-08-04 22:32:00,1620.85,1607.0,1606.3,1649.9499999999998,0.3,0.008976771447080208,-0.008544899281241247,-0.002863469784372374,stop
short,2022-08-06 08:30:00,2022-08-06 08:31:00,2022-08-06 08:47:00,1743.19,1747.8,1749.31,1730.9500000000003,0.3,0.0035108049036535836,-0.0026445768963796468,-0.001093373068913894,stop
short,2022-08-08 04:30:00,2022-08-08 04:31:00,2022-08-08 05:07:00,1719.11,1726.85,1726.25,1704.8299999999997,0.3,0.0041533118881282175,-0.004502329693853113,-0.0016506989081559338,stop
short,2022-08-08 05:15:00,2022-08-08 05:16:00,2022-08-08 07:02:00,1719.78,1696.75,1730.69,1697.9599999999998,0.3,0.0063438346765284405,0.01339124771773137,0.003717374315319411,target
short,2022-08-08 14:45:00,2022-08-08 14:46:00,2022-08-08 16:33:00,1730.61,1743.27,1742.88,1706.0699999999995,0.3,0.00708998561200976,-0.007315339677917088,-0.002494601903375126,stop
long,2022-08-09 19:15:00,2022-08-09 19:16:00,2022-08-09 19:40:00,1721.54,1713.11,1711.1,1742.42,0.3,0.006064337744112861,-0.004896778465792284,-0.001769033539737685,stop
long,2022-08-09 20:00:00,2022-08-09 20:01:00,2022-08-09 21:57:00,1703.19,1692.14,1692.0,1725.5700000000002,0.3,0.006570024483469287,-0.0064878257857314825,-0.0022463477357194447,stop
short,2022-08-10 23:00:00,2022-08-10 23:01:00,2022-08-11 01:07:00,1844.03,1824.64,1855.0,1822.09,0.3,0.005948927078192886,0.010515013313232346,0.002854503993969704,target
short,2022-08-11 05:45:00,2022-08-11 05:46:00,2022-08-11 09:27:00,1854.99,1887.92,1888.0,1788.97,0.28097394728870045,0.0177952441792139,-0.017752117262087808,-0.0052688564071493894,stop
short,2022-08-11 20:30:00,2022-08-11 20:31:00,2022-08-11 20:35:00,1928.51,1916.59,1936.0,1913.53,0.3,0.0038838274107990153,0.006180937615050008,0.0015542812845150025,target
short,2022-08-11 20:45:00,2022-08-11 20:46:00,2022-08-12 02:15:00,1924.35,1880.57,1945.0,1883.0499999999997,0.3,0.010730896146750898,0.022750539143087223,0.006525161742926167,target
long,2022-08-12 19:45:00,2022-08-12 19:46:00,2022-08-12 23:24:00,1867.25,1898.35,1852.0,1897.75,0.3,0.008167090641317445,0.016655509439014615,0.004696652831704384,target
short,2022-08-14 16:00:00,2022-08-14 16:01:00,2022-08-14 19:43:00,2014.81,1982.83,2031.54,1981.35,0.3,0.008303512490011475,0.015872464401109787,0.004461739320332936,target
long,2022-08-15 16:30:00,2022-08-15 16:31:00,2022-08-15 20:54:00,1900.69,1879.05,1875.51,1951.0500000000002,0.3,0.01324782052833448,-0.01138533900846539,-0.0037156017025396166,stop
long,2022-08-17 03:00:00,2022-08-17 03:01:00,2022-08-17 13:11:00,1870.85,1909.7,1852.0,1908.5499999999997,0.3,0.010075634070075052,0.020765961995884208,0.005929788598765262,target
long,2022-08-17 22:00:00,2022-08-17 22:01:00,2022-08-18 02:01:00,1832.33,1843.13,1819.09,1858.81,0.3,0.007225772650123073,0.005894134790130678,0.0014682404370392034,target
long,2022-08-19 20:45:00,2022-08-19 20:46:00,2022-08-20 05:47:00,1704.25,1666.4,1675.0,1762.75,0.29132478632478637,0.017162974915652045,-0.02220918292504026,-0.006761410256410234,stop
long,2022-08-21 03:45:00,2022-08-21 03:46:00,2022-08-21 04:54:00,1565.67,1543.89,1550.0,1597.0100000000002,0.3,0.010008494765819153,-0.013910977409032577,-0.004473293222709773,stop
short,2022-08-22 05:00:00,2022-08-22 05:01:00,2022-08-22 05:24:00,1619.64,1644.7,1640.99,1576.9400000000003,0.3,0.013181941666049189,-0.01547257415228076,-0.004941772245684228,stop
short,2022-08-25 00:15:00,2022-08-25 00:16:00,2022-08-25 12:16:00,1679.44,1675.94,1693.9,1650.52,0.3,0.008610012861430021,0.0020840280093364916,0.0003252084028009475,time
short,2022-08-25 16:15:00,2022-08-25 16:16:00,2022-08-25 18:53:00,1708.92,1694.98,1716.48,1693.8000000000002,0.3,0.0044238466399831155,0.008157198698593326,0.002147159609577998,target
short,2022-08-25 20:15:00,2022-08-25 20:16:00,2022-08-25 22:34:00,1706.81,1718.51,1717.53,1685.37,0.3,0.00628072251744484,-0.006854893046091881,-0.002356467913827564,stop
long,2022-08-27 08:00:00,2022-08-27 08:01:00,2022-08-27 10:38:00,1504.99,1486.79,1485.52,1543.93,0.3,0.012936963036299263,-0.012093103608661893,-0.003927931082598568,stop
short,2022-08-28 10:45:00,2022-08-28 10:46:00,2022-08-28 19:08:00,1499.86,1477.29,1512.28,1475.0199999999998,0.3,0.008280772872134782,0.01504807115330764,0.004214421345992292,target
long,2022-08-29 07:15:00,2022-08-29 07:16:00,2022-08-29 07:26:00,1466.14,1447.94,1453.0,1492.4200000000003,0.3,0.00896230919284659,-0.012413548501507443,-0.004024064550452233,stop
short,2022-08-29 22:30:00,2022-08-29 22:31:00,2022-08-30 00:05:00,1521.21,1533.96,1531.81,1500.0100000000002,0.3,0.006968137206565766,-0.008381485790916354,-0.002814445737274906,stop
short,2022-08-30 04:30:00,2022-08-30 04:31:00,2022-08-30 07:33:00,1537.65,1549.4,1553.2,1506.5500000000002,0.3,0.01011283452020938,-0.007641530907553706,-0.0025924592722661116,stop
short,2022-08-30 15:45:00,2022-08-30 15:46:00,2022-08-30 18:30:00,1590.77,1603.45,1603.24,1565.83,0.3,0.007838971064327356,-0.007970982605907784,-0.002691294781772335,stop
short,2022-08-31 12:45:00,2022-08-31 12:46:00,2022-08-31 14:33:00,1608.5,1587.89,1620.04,1585.42,0.3,0.007174386073981948,0.01281317998134901,0.003543953994404703,target
short,2022-09-02 05:30:00,2022-09-02 05:31:00,2022-09-02 06:14:00,1582.01,1596.75,1595.88,1554.2699999999998,0.3,0.008767327640154057,-0.009317260952838469,-0.0030951782858515404,stop
short,2022-09-02 12:30:00,2022-09-02 12:31:00,2022-09-02 20:31:00,1599.23,1605.23,1611.57,1574.5500000000002,0.3,0.0077162134277120355,-0.0037518055564240704,-0.001425541666927221,stop
short,2022-09-02 22:45:00,2022-09-02 22:46:00,2022-09-03 00:28:00,1641.26,1626.41,1649.24,1625.3,0.3,0.0048621181287547485,0.009047926592983369,0.0024143779778950107,target
short,2022-09-04 20:15:00,2022-09-04 20:16:00,2022-09-05 05:28:00,1560.42,1578.65,1584.0,1513.2600000000002,0.3,0.015111316184104231,-0.01168275207956837,-0.0038048256238705108,stop
short,2022-09-05 08:15:00,2022-09-05 08:16:00,2022-09-05 20:16:00,1579.8,1563.97,1595.0,1549.3999999999999,0.3,0.00962147107228766,0.010020255728573235,0.0027060767185719706,time
short,2022-09-06 15:00:00,2022-09-06 15:01:00,2022-09-06 19:22:00,1666.89,1675.25,1679.0,1642.6700000000003,0.3,0.0072650264864507555,-0.0050153279460551925,-0.0018045983838165577,stop
short,2022-09-06 19:30:00,2022-09-06 19:31:00,2022-09-06 20:11:00,1660.95,1679.0,1679.55,1623.7500000000002,0.3,0.011198410548180203,-0.01086727475240079,-0.003560182425720237,stop
long,2022-09-07 02:00:00,2022-09-07 02:01:00,2022-09-07 02:32:00,1588.19,1573.04,1572.0,1620.5700000000002,0.3,0.01019399442132242,-0.009539160931626656,-0.0031617482794879964,stop
long,2022-09-07 03:45:00,2022-09-07 03:46:00,2022-09-07 04:10:00,1580.36,1559.75,1562.36,1616.36,0.3,0.011389809916727835,-0.013041332354653323,-0.004212399706395997,stop
short,2022-09-08 04:45:00,2022-09-08 04:46:00,2022-09-08 04:50:00,1641.57,1649.74,1653.16,1618.3899999999996,0.3,0.007060314211395278,-0.004976942804754136,-0.0017930828414262408,stop
short,2022-09-08 05:00:00,2022-09-08 05:01:00,2022-09-08 06:03:00,1644.31,1654.51,1655.16,1622.6099999999997,0.3,0.006598512445950056,-0.006203209857022163,-0.002160962957106649,stop
short,2022-09-09 13:00:00,2022-09-09 13:01:00,2022-09-09 13:26:00,1695.52,1705.0,1705.27,1676.02,0.3,0.005750448240067944,-0.005591205058035342,-0.0019773615174106026,stop
short,2022-09-09 13:45:00,2022-09-09 13:46:00,2022-09-09 17:34:00,1706.78,1687.57,1717.17,1685.9999999999998,0.3,0.006087486377857779,0.01125511196522111,0.003076533589566333,target
short,2022-09-12 01:45:00,2022-09-12 01:46:00,2022-09-12 05:51:00,1775.25,1730.55,1790.0,1745.75,0.3,0.008308688917053936,0.025179552175749964,0.007253865652724989,target
long,2022-09-12 11:45:00,2022-09-12 11:46:00,2022-09-12 15:50:00,1726.73,1754.09,1711.78,1756.63,0.3,0.008657983587474617,0.015844978659083964,0.004453493597725189,target
long,2022-09-13 22:15:00,2022-09-13 22:16:00,2022-09-13 22:43:00,1608.86,1592.78,1590.52,1645.5399999999997,0.3,0.011399375955645562,-0.009994654600151587,-0.003298396380045476,stop
long,2022-09-14 03:15:00,2022-09-14 03:16:00,2022-09-14 05:43:00,1586.06,1572.64,1567.19,1623.7999999999997,0.3,0.011897406151091316,-0.008461218365005019,-0.0028383655095015055,stop
long,2022-09-14 08:30:00,2022-09-14 08:31:00,2022-09-14 11:34:00,1568.91,1603.69,1550.0,1606.7300000000002,0.3,0.012052953961667705,0.02216825694271818,0.0063504770828154535,target
short,2022-09-15 08:30:00,2022-09-15 08:31:00,2022-09-15 09:10:00,1629.28,1592.52,1643.69,1600.4599999999998,0.3,0.008844397525287293,0.022562113326131783,0.006468633997839535,target
long,2022-09-16 08:30:00,2022-09-16 08:31:00,2022-09-16 16:42:00,1473.92,1450.31,1445.66,1530.44,0.2607784854918614,0.019173360833695172,-0.016018508467216752,-0.004438060863411204,stop
long,2022-09-16 16:45:00,2022-09-16 16:46:00,2022-09-16 19:55:00,1453.05,1480.29,1440.49,1478.1699999999998,0.3,0.008643886996318052,0.01874677402704661,0.005324032208113983,target
short,2022-09-18 01:15:00,2022-09-18 01:16:00,2022-09-18 02:09:00,1464.38,1475.43,1475.6,1441.9400000000005,0.3,0.007661945669839658,-0.00754585558393317,-0.002563756675179951,stop
short,2022-09-18 02:15:00,2022-09-18 02:16:00,2022-09-18 03:20:00,1470.02,1460.96,1475.78,1458.5,0.3,0.003918314036543714,0.006163181453313515,0.0015489544359940546,target
long,2022-09-18 22:30:00,2022-09-18 22:31:00,2022-09-18 22:49:00,1427.81,1414.29,1412.15,1459.1299999999997,0.3,0.010967845861844261,-0.009469047002052089,-0.0031407141006156267,stop
long,2022-09-18 23:00:00,2022-09-18 23:01:00,2022-09-19 00:14:00,1419.61,1394.45,1409.64,1439.5499999999995,0.3,0.007023055627954016,-0.017723177492409814,-0.005616953247722944,stop
long,2022-09-19 01:15:00,2022-09-19 01:16:00,2022-09-19 01:57:00,1391.64,1376.06,1381.16,1412.6000000000001,0.3,0.0075306832226725426,-0.011195424103935037,-0.0036586272311805107,stop
long,2022-09-19 02:30:00,2022-09-19 02:31:00,2022-09-19 05:05:00,1378.67,1364.6,1366.07,1403.8700000000003,0.3,0.009139242893513411,-0.01020548789775666,-0.0033616463693269976,stop
long,2022-09-22 06:30:00,2022-09-22 06:31:00,2022-09-22 10:58:00,1234.8,1264.49,1218.35,1267.7,0.3,0.013321995464852646,0.024044379656624537,0.006913313896987361,target
short,2022-09-23 04:00:00,2022-09-23 04:01:00,2022-09-23 07:10:00,1325.87,1345.92,1336.97,1303.6699999999996,0.3,0.008371861494716781,-0.015122146213429888,-0.004836643864028966,stop
long,2022-09-26 06:15:00,2022-09-26 06:16:00,2022-09-26 18:16:00,1288.89,1310.68,1267.08,1332.5100000000004,0.2954814305364489,0.01692153713660605,0.01690601990860352,0.004699933516735404,time
short,2022-09-27 03:45:00,2022-09-27 03:46:00,2022-09-27 08:14:00,1331.86,1344.94,1341.73,1312.1199999999997,0.3,0.007410688811136395,-0.009820852041505956,-0.0032462556124517867,stop
short,2022-09-27 12:00:00,2022-09-27 12:01:00,2022-09-27 12:10:00,1387.3,1381.04,1390.0,1381.8999999999999,0.3,0.0019462264830966954,0.004512362142290782,0.0010537086426872348,target
long,2022-09-28 02:30:00,2022-09-28 02:31:00,2022-09-28 03:53:00,1311.45,1327.57,1303.56,1327.2300000000002,0.3,0.006016241564680392,0.012291738152426568,0.0033875214457279703,target
long,2022-09-28 18:15:00,2022-09-28 18:16:00,2022-09-29 03:50:00,1280.72,1343.31,1251.28,1339.6000000000001,0.21751358695652132,0.02298706977325259,0.04887094759197952,0.010412581521739113,target
short,2022-09-29 04:00:00,2022-09-29 04:01:00,2022-09-29 04:13:00,1334.7,1342.75,1343.96,1316.18,0.3,0.0069378886641192706,-0.006031317899153343,-0.002109395369746003,stop
short,2022-09-30 08:45:00,2022-09-30 08:46:00,2022-09-30 20:46:00,1331.87,1328.97,1352.69,1290.2299999999996,0.3,0.01563215629153008,0.0021773896851793317,0.0003532169055537995,time
long,2022-10-03 08:15:00,2022-10-03 08:16:00,2022-10-03 20:16:00,1276.99,1296.39,1262.33,1306.3100000000002,0.3,0.011480121222562496,0.015191974878425052,0.004257592463527515,time
short,2022-10-04 08:30:00,2022-10-04 08:31:00,2022-10-04 12:38:00,1324.64,1332.12,1331.31,1311.3000000000004,0.3,0.005035330353907359,-0.0056468172484598345,-0.0019940451745379503,stop
short,2022-10-04 12:45:00,2022-10-04 12:46:00,2022-10-04 14:31:00,1329.19,1338.07,1337.99,1311.5900000000001,0.3,0.006620573431939719,-0.006680760463139146,-0.0023042281389417437,stop
short,2022-10-04 15:30:00,2022-10-04 15:31:00,2022-10-04 15:34:00,1347.28,1347.35,1348.07,1345.7,0.3,0.0005863666053084463,-5.19565346475126e-05,-0.00031558696039425373,stop
short,2022-10-04 21:45:00,2022-10-04 21:46:00,2022-10-04 22:02:00,1349.32,1361.73,1359.61,1328.74,0.3,0.007626063498651146,-0.009197225269024445,-0.003059167580707333,stop
short,2022-10-04 22:15:00,2022-10-04 22:16:00,2022-10-04 23:05:00,1358.88,1345.92,1365.55,1345.5400000000004,0.3,0.004908454020958322,0.009537265983751375,0.0025611797951254124,target
short,2022-10-05 05:00:00,2022-10-05 05:01:00,2022-10-05 12:24:00,1363.94,1350.62,1370.54,1350.7400000000002,0.3,0.004838922533249196,0.00976582547619409,0.002629747642858227,target
long,2022-10-05 20:30:00,2022-10-05 20:31:00,2022-10-05 21:11:00,1331.85,1325.71,1328.21,1339.1299999999997,0.3,0.00273304050756457,-0.004610128768254618,-0.0016830386304763853,stop
long,2022-10-07 06:15:00,2022-10-07 06:16:00,2022-10-07 18:16:00,1352.59,1353.82,1343.96,1369.8499999999997,0.3,0.006380351769567927,0.0009093664746893104,-2.7190057593206858e-05,time
long,2022-10-07 20:30:00,2022-10-07 20:31:00,2022-10-07 20:32:00,1338.69,1338.77,1335.0,1346.0700000000002,0.3,0.0027564260583107774,5.975991454332252e-05,-0.00028207202563700323,stop
long,2022-10-08 00:45:00,2022-10-08 00:46:00,2022-10-08 02:33:00,1323.8,1319.52,1319.56,1332.28,0.3,0.0032029007402931027,-0.003233116785012813,-0.0012699350355038438,stop
long,2022-10-08 02:45:00,2022-10-08 02:46:00,2022-10-08 14:46:00,1325.06,1329.45,1316.11,1342.96,0.3,0.0067544111210058756,0.003313057521923568,0.0006939172565770704,time
short,2022-10-10 09:15:00,2022-10-10 09:16:00,2022-10-10 11:34:00,1333.09,1322.07,1338.44,1322.3899999999996,0.3,0.004013232414915825,0.008266508637826409,0.0021799525913479226,target
long,2022-10-10 16:45:00,2022-10-10 16:46:00,2022-10-10 19:20:00,1303.08,1315.54,1296.0,1317.2399999999998,0.3,0.005433281149277042,0.009561960892654264,0.002568588267796279,target
long,2022-10-13 13:15:00,2022-10-13 13:16:00,2022-10-13 15:35:00,1285.38,1278.41,1278.2,1299.7400000000002,0.3,0.005585896777606671,-0.005422520966562483,-0.0019267562899687447,stop
long,2022-10-13 18:45:00,2022-10-13 18:46:00,2022-10-13 20:31:00,1238.48,1183.36,1215.57,1284.3000000000002,0.27029244871235175,0.018498482010206124,-0.044506168852141426,-0.012299973810563055,stop
long,2022-10-16 07:15:00,2022-10-16 07:16:00,2022-10-16 16:30:00,1272.18,1288.52,1263.2,1290.14,0.3,0.0070587495480199484,0.012844094389158789,0.0035532283167476367,target
short,2022-10-17 19:30:00,2022-10-17 19:31:00,2022-10-17 21:32:00,1318.5,1322.96,1326.27,1302.96,0.3,0.005893060295790657,-0.0033826317785361493,-0.0013147895335608446,stop
long,2022-10-19 03:15:00,2022-10-19 03:16:00,2022-10-19 03:35:00,1290.24,1296.8,1286.66,1297.3999999999999,0.3,0.002774677579365023,0.005084325396825351,0.0012252976190476053,target
short,2022-10-20 22:30:00,2022-10-20 22:31:00,2022-10-21 00:23:00,1304.13,1292.9,1311.0,1290.3900000000003,0.3,0.005267879735915814,0.008611104721155116,0.002283331416346535,target
short,2022-10-22 00:15:00,2022-10-22 00:16:00,2022-10-22 01:31:00,1298.5,1303.15,1302.68,1290.1399999999999,0.3,0.0032190989603389014,-0.0035810550635348992,-0.0013743165190604697,stop
short,2022-10-22 01:45:00,2022-10-22 01:46:00,2022-10-22 03:50:00,1296.89,1303.87,1304.31,1282.0500000000004,0.3,0.005721379608139353,-0.0053821064238290806,-0.001914631927148724,stop
short,2022-10-22 20:30:00,2022-10-22 20:31:00,2022-10-22 21:17:00,1303.34,1312.84,1310.0,1290.0199999999998,0.3,0.005109948286709594,-0.007288965273834824,-0.002486689582150447,stop
short,2022-10-22 23:15:00,2022-10-22 23:16:00,2022-10-23 00:06:00,1314.51,1318.06,1319.0,1305.53,0.3,0.0034157214475355907,-0.002700626088808722,-0.0011101878266426164,stop
short,2022-10-23 00:15:00,2022-10-23 00:16:00,2022-10-23 12:16:00,1315.31,1312.2,1320.6,1304.73,0.3,0.004021865567812884,0.0023644616098105198,0.000409338482943156,time
long,2022-10-23 20:30:00,2022-10-23 20:31:00,2022-10-24 01:47:00,1307.36,1322.96,1299.0,1324.0799999999997,0.3,0.0063945661485741495,0.01193244400930138,0.0032797332027904138,target
short,2022-10-24 04:15:00,2022-10-24 04:16:00,2022-10-24 05:24:00,1331.77,1334.68,1336.9,1321.5099999999998,0.3,0.003852016489333826,-0.002185061985177761,-0.0009555185955533283,stop
short,2022-10-24 05:30:00,2022-10-24 05:31:00,2022-10-24 06:01:00,1332.11,1350.37,1338.0,1320.3299999999997,0.3,0.004421556778344206,-0.013707576701623703,-0.004412273010487111,stop
short,2022-10-25 23:30:00,2022-10-25 23:31:00,2022-10-25 23:51:00,1392.12,1407.17,1403.64,1369.0799999999995,0.3,0.008275148694078248,-0.010810849639399045,-0.003543254891819713,stop
long,2022-10-28 08:30:00,2022-10-28 08:31:00,2022-10-28 10:56:00,1514.73,1500.11,1500.0,1544.19,0.3,0.009724505357390438,-0.009651885154450035,-0.0031955655463350103,stop
long,2022-10-28 15:45:00,2022-10-28 15:46:00,2022-10-28 15:54:00,1497.21,1491.66,1490.92,1509.79,0.3,0.0042011474676230875,-0.0037068948243732525,-0.0014120684473119757,stop
long,2022-10-28 16:30:00,2022-10-28 16:31:00,2022-10-28 20:31:00,1497.27,1505.28,1484.0,1523.81,0.3,0.008862796957128629,0.00534973652046733,0.001304920956140199,stop
long,2022-10-28 20:45:00,2022-10-28 20:46:00,2022-10-29 08:46:00,1511.07,1550.01,1475.22,1582.7699999999998,0.2107489539748959,0.023724910162997024,0.025769818737715777,0.005220213389121376,time
short,2022-10-29 16:45:00,2022-10-29 16:46:00,2022-10-29 18:17:00,1624.5,1640.49,1641.0,1591.5,0.3,0.010156971375807941,-0.009843028624192174,-0.003252908587257652,stop
short,2022-10-29 18:30:00,2022-10-29 18:31:00,2022-10-30 01:51:00,1629.59,1657.24,1654.27,1580.2299999999998,0.3,0.015144913751311719,-0.016967458072275843,-0.005390237421682753,stop
short,2022-10-30 02:00:00,2022-10-30 02:01:00,2022-10-30 14:01:00,1621.08,1624.67,1665.0,1533.2399999999998,0.18454918032786854,0.027093049078392228,-0.0022145730007157027,-0.0005932468123861798,time
long,2022-10-30 20:45:00,2022-10-30 20:46:00,2022-10-30 21:33:00,1599.53,1586.75,1585.01,1628.57,0.3,0.009077666564553326,-0.007989847017561447,-0.002696954105268434,stop
short,2022-10-31 19:30:00,2022-10-31 19:31:00,2022-10-31 21:49:00,1626.84,1609.84,1636.09,1608.34,0.3,0.0056858695384918,0.010449706178849771,0.0028349118536549313,target
long,2022-10-31 22:45:00,2022-10-31 22:46:00,2022-11-01 10:46:00,1562.22,1589.48,1545.0,1596.66,0.3,0.011022775281330431,0.017449526955230388,0.004934858086569116,time
long,2022-11-03 05:30:00,2022-11-03 05:31:00,2022-11-03 08:44:00,1511.34,1528.85,1502.0,1530.0199999999998,0.3,0.006179946272843913,0.011585745100374467,0.00317572353011234,target
long,2022-11-06 19:45:00,2022-11-06 19:46:00,2022-11-07 02:18:00,1617.99,1607.99,1607.39,1639.1899999999998,0.3,0.006551338388988751,-0.006180507914140376,-0.002154152374242113,stop
long,2022-11-07 02:45:00,2022-11-07 02:46:00,2022-11-07 06:01:00,1608.53,1603.62,1603.0,1619.59,0.3,0.00343792158057355,-0.0030524764847408292,-0.0012157429454222486,stop
long,2022-11-07 06:30:00,2022-11-07 06:31:00,2022-11-07 07:08:00,1599.57,1588.66,1590.08,1618.55,0.3,0.005932844451946467,-0.006820583031689642,-0.0023461749095068925,stop
long,2022-11-07 07:45:00,2022-11-07 07:46:00,2022-11-07 15:47:00,1573.12,1563.43,1562.0,1595.3599999999997,0.3,0.007068755085435244,-0.006159733523189437,-0.002147920056956831,stop
long,2022-11-08 11:15:00,2022-11-08 11:16:00,2022-11-08 11:19:00,1538.65,1526.09,1528.0,1559.9500000000003,0.3,0.006921652097618101,-0.008163000032496148,-0.0027489000097488444,stop
long,2022-11-08 13:30:00,2022-11-08 13:31:00,2022-11-08 14:35:00,1447.79,1482.33,1430.0,1483.37,0.3,0.01228769365722927,0.023857051091663806,0.006857115327499141,target
long,2022-11-08 23:00:00,2022-11-08 23:01:00,2022-11-09 00:06:00,1446.96,1496.23,1425.0,1490.88,0.3,0.015176646209985097,0.034050699397357276,0.009915209819207182,target
long,2022-11-09 03:45:00,2022-11-09 03:46:00,2022-11-09 15:46:00,1328.79,1277.57,1202.0,1582.37,0.052401214606830206,0.09541763559328409,-0.038546346676299525,-0.002072276599100878,time
long,2022-11-09 18:00:00,2022-11-09 18:01:00,2022-11-09 18:11:00,1224.13,1186.82,1193.2,1285.9900000000002,0.1978871645651467,0.025266924264579792,-0.030478789017506447,-0.006229248302618832,stop
long,2022-11-09 18:30:00,2022-11-09 18:31:00,2022-11-10 05:18:00,1177.29,1135.38,1133.8,1264.27,0.13535180501264654,0.03694077075317043,-0.03559870550161803,-0.004953700850770278,stop
long,2022-11-10 06:15:00,2022-11-10 06:16:00,2022-11-10 07:06:00,1115.64,1099.95,1100.0,1146.9200000000003,0.3,0.014018859130185453,-0.014063676454770357,-0.004519102936431107,stop
long,2022-11-10 07:15:00,2022-11-10 07:16:00,2022-11-10 07:25:00,1111.49,1086.11,1081.45,1171.57,0.1850016644474037,0.02702678386670142,-0.022834213533185266,-0.004409369174434109,stop
short,2022-11-10 23:15:00,2022-11-10 23:16:00,2022-11-10 23:37:00,1331.4,1306.6,1344.0,1306.2000000000003,0.3,0.009463722397476271,0.018627009163286856,0.005288102748986057,target
long,2022-11-13 15:15:00,2022-11-13 15:16:00,2022-11-13 16:58:00,1253.4,1230.45,1232.0,1296.2000000000003,0.29285046728971836,0.017073559917025763,-0.018310196266156042,-0.005654999999999972,stop
short,2022-11-15 21:45:00,2022-11-15 21:46:00,2022-11-16 02:32:00,1274.1,1241.67,1290.0,1242.2999999999997,0.3,0.012479397221568237,0.02545326112550028,0.007335978337650084,target
long,2022-11-19 13:30:00,2022-11-19 13:31:00,2022-11-20 01:31:00,1202.3,1207.5,1195.0,1216.8999999999999,0.3,0.0060716959161606545,0.004325043666306261,0.0009975130998918782,time
long,2022-11-21 10:30:00,2022-11-21 10:31:00,2022-11-21 10:37:00,1114.83,1121.51,1111.0,1122.4899999999998,0.3,0.003435501376891479,0.005991944960218154,0.0014975834880654462,target
long,2022-11-22 00:45:00,2022-11-22 00:46:00,2022-11-22 02:05:00,1117.42,1100.74,1101.53,1149.2000000000003,0.3,0.014220257378604374,-0.014927243113601052,-0.0047781729340803155,stop
long,2022-11-22 16:30:00,2022-11-22 16:31:00,2022-11-22 21:13:00,1085.62,1113.17,1072.45,1111.9599999999996,0.3,0.01213131666697357,0.025377203809804794,0.007313161142941438,target
short,2022-11-23 16:15:00,2022-11-23 16:16:00,2022-11-23 18:52:00,1163.43,1174.37,1175.0,1140.2900000000002,0.3,0.009944732386134048,-0.009403230104088722,-0.0031209690312266167,stop
short,2022-11-26 22:45:00,2022-11-26 22:46:00,2022-11-27 03:02:00,1225.01,1204.37,1235.8,1203.43,0.3,0.00880809136251946,0.01684884205026904,0.004754652615080713,target
long,2022-11-28 08:00:00,2022-11-28 08:01:00,2022-11-28 09:12:00,1194.65,1187.0,1187.0,1209.9500000000003,0.3,0.006403549156656837,-0.0064035491566568625,-0.002221064746997059,stop
long,2022-11-28 10:15:00,2022-11-28 10:16:00,2022-11-28 22:16:00,1165.3,1169.65,1157.94,1180.0199999999998,0.3,0.006315970136445465,0.0037329443061873135,0.0008198832918561941,time
long,2022-11-29 00:30:00,2022-11-29 00:31:00,2022-11-29 10:20:00,1163.65,1186.0,1150.68,1189.5900000000001,0.3,0.011145963133244554,0.019206806170240176,0.005462041851072053,target
short,2022-11-29 10:30:00,2022-11-29 10:31:00,2022-11-29 12:06:00,1182.82,1188.61,1190.2,1168.0599999999997,0.3,0.006239326355658604,-0.0048950812465125,-0.00176852437395375,stop
short,2022-11-29 12:15:00,2022-11-29 12:16:00,2022-11-29 12:28:00,1186.66,1194.96,1193.56,1172.8600000000004,0.3,0.0058146394080864465,-0.006994421316973698,-0.0023983263950921093,stop
short,2022-11-29 13:00:00,2022-11-29 13:01:00,2022-11-29 13:05:00,1199.68,1205.03,1203.38,1192.28,0.3,0.0030841557748733373,-0.004459522539343785,-0.0016378567618031356,stop
short,2022-11-29 13:30:00,2022-11-29 13:31:00,2022-11-29 16:32:00,1207.91,1216.55,1215.0,1193.7300000000002,0.3,0.005869642605823213,-0.007152850791863452,-0.0024458552375590356,stop
short,2022-11-29 17:00:00,2022-11-29 17:01:00,2022-11-30 04:09:00,1215.85,1223.97,1224.81,1197.9299999999998,0.3,0.007369330098285181,-0.006678455401571082,-0.002303536620471324,stop
short,2022-12-01 07:00:00,2022-12-01 07:01:00,2022-12-01 19:01:00,1300.82,1279.68,1313.66,1275.1399999999996,0.3,0.009870696945004033,0.016251287649328816,0.0045753862947986446,time
short,2022-12-03 08:15:00,2022-12-03 08:16:00,2022-12-03 20:16:00,1294.05,1271.34,1313.65,1254.8499999999997,0.3,0.015146246281055707,0.017549553726672107,0.004964866118001632,time
short,2022-12-05 02:15:00,2022-12-05 02:16:00,2022-12-05 03:05:00,1267.97,1278.45,1279.49,1244.93,0.3,0.009085388455562815,-0.00826517977554686,-0.002779553932664058,stop
short,2022-12-05 07:45:00,2022-12-05 07:46:00,2022-12-05 08:35:00,1279.3,1287.57,1287.57,1262.76,0.3,0.006464472758539812,-0.0064644727585398964,-0.0022393418275619688,stop
short,2022-12-05 11:00:00,2022-12-05 11:01:00,2022-12-05 12:46:00,1292.25,1296.6,1298.37,1280.0100000000002,0.3,0.004735925710969155,-0.003366221706326167,-0.0013098665118978499,stop
long,2022-12-06 01:15:00,2022-12-06 01:16:00,2022-12-06 03:19:00,1260.56,1254.88,1252.19,1277.2999999999997,0.3,0.0066399060734910606,-0.004505933870660561,-0.0016517801611981681,stop
long,2022-12-06 03:45:00,2022-12-06 03:46:00,2022-12-06 08:38:00,1252.75,1265.12,1246.59,1265.0700000000002,0.3,0.004917182199161909,0.009874276591498532,0.0026622829774495594,target
long,2022-12-06 19:30:00,2022-12-06 19:31:00,2022-12-07 07:31:00,1255.44,1269.69,1241.0,1284.3200000000002,0.3,0.011501943541706536,0.011350602179315716,0.003105180653794715,time
long,2022-12-07 16:15:00,2022-12-07 16:16:00,2022-12-08 04:16:00,1227.01,1231.94,1216.8,1247.43,0.3,0.008321040578316424,0.004017897164652284,0.0009053691493956853,time
short,2022-12-09 20:45:00,2022-12-09 20:46:00,2022-12-10 08:46:00,1280.79,1263.41,1299.0,1244.37,0.3,0.014217787459302491,0.013569749919971175,0.003770924975991352,time
long,2022-12-10 05:15:00,2022-12-10 05:16:00,2022-12-10 17:16:00,1261.29,1263.04,1255.0,1273.87,0.3,0.0049869577971758785,0.0013874683855417125,0.00011624051566251376,time
short,2022-12-12 03:15:00,2022-12-12 03:16:00,2022-12-12 03:35:00,1281.83,1273.82,1285.0,1275.4899999999998,0.3,0.002473026844433406,0.006248878556438853,0.0015746635669316557,target
long,2022-12-12 06:45:00,2022-12-12 06:46:00,2022-12-12 08:16:00,1261.13,1258.03,1255.3,1272.7900000000004,0.3,0.004622838248237814,-0.0024581129621847886,-0.0010374338886554365,stop
long,2022-12-12 11:15:00,2022-12-12 11:16:00,2022-12-12 17:41:00,1243.93,1252.1,1239.29,1253.2100000000003,0.3,0.0037301134308201423,0.006567893691767024,0.001670368107530107,target
short,2022-12-14 23:30:00,2022-12-14 23:31:00,2022-12-15 02:24:00,1337.59,1344.6,1344.5,1323.7699999999998,0.3,0.005166007520989303,-0.005240768845460764,-0.001872230653638229,stop
short,2022-12-15 02:45:00,2022-12-15 02:46:00,2022-12-15 02:59:00,1344.99,1322.95,1354.21,1326.55,0.3,0.006855069554420499,0.016386738934861977,0.004616021680458593,target
long,2022-12-15 03:45:00,2022-12-15 03:46:00,2022-12-15 09:45:00,1310.54,1289.93,1301.0,1329.62,0.3,0.0072794420620507306,-0.01572634181329824,-0.005017902543989472,stop
long,2022-12-16 06:00:00,2022-12-16 06:01:00,2022-12-16 15:05:00,1264.35,1274.71,1259.0,1275.0499999999997,0.3,0.00423142326096406,0.008193933641792217,0.002158180092537665,target
long,2022-12-17 00:15:00,2022-12-17 00:16:00,2022-12-17 00:55:00,1198.37,1188.75,1183.18,1228.7499999999995,0.3,0.012675550956716063,-0.008027570783647686,-0.0027082712350943055,stop
short,2022-12-18 07:15:00,2022-12-18 07:16:00,2022-12-18 12:12:00,1184.03,1191.05,1190.0,1172.09,0.3,0.00504210197376758,-0.005928903828450238,-0.002078671148535071,stop
short,2022-12-18 12:45:00,2022-12-18 12:46:00,2022-12-19 00:46:00,1191.51,1186.3,1196.0,1182.53,0.3,0.0037683275843257793,0.0043726028317009336,0.0010117808495102801,time
short,2022-12-20 11:15:00,2022-12-20 11:16:00,2022-12-20 12:40:00,1189.54,1199.83,1199.18,1170.2599999999998,0.3,0.008103972964339241,-0.008650402676664948,-0.0028951208029994843,stop
short,2022-12-20 19:30:00,2022-12-20 19:31:00,2022-12-20 22:59:00,1211.5,1222.11,1221.42,1191.6599999999999,0.3,0.008188196450681034,-0.008757738340899657,-0.0029273215022698968,stop
short,2022-12-20 23:45:00,2022-12-20 23:46:00,2022-12-21 11:46:00,1222.29,1209.98,1234.0,1198.87,0.3,0.009580377815412084,0.010071259684690137,0.002721377905407041,time
long,2022-12-21 13:15:00,2022-12-21 13:16:00,2022-12-21 22:49:00,1209.02,1217.44,1203.28,1220.5,0.3,0.004747646854477187,0.006964318208135589,0.0017892954624406767,target
long,2022-12-22 23:15:00,2022-12-22 23:16:00,2022-12-23 01:44:00,1189.13,1185.38,1183.82,1199.7500000000005,0.3,0.004465449530329041,-0.003153566052492174,-0.001246069815747652,stop
long,2022-12-23 01:45:00,2022-12-23 01:46:00,2022-12-23 04:11:00,1187.36,1195.87,1183.0,1196.0799999999997,0.3,0.003672011858240045,0.007167160760005453,0.001850148228001636,target
short,2022-12-26 06:00:00,2022-12-26 06:01:00,2022-12-26 18:01:00,1220.72,1219.3,1227.0,1208.16,0.3,0.005144504882364484,0.0011632479192608125,4.897437577824378e-05,time
short,2022-12-27 08:15:00,2022-12-27 08:16:00,2022-12-27 16:03:00,1228.87,1218.4,1233.78,1219.0499999999997,0.3,0.00399554061861717,0.008520022459657883,0.002256006737897365,target
long,2022-12-29 05:30:00,2022-12-29 05:31:00,2022-12-29 17:31:00,1191.34,1199.14,1180.0,1214.0199999999998,0.3,0.009518693236187753,0.006547249315896453,0.001664174794768936,time
long,2022-12-30 15:45:00,2022-12-30 15:46:00,2022-12-30 22:50:00,1189.02,1186.79,1184.57,1197.92,0.3,0.003742577921313389,-0.0018754941043884754,-0.0008626482313165427,stop
long,2022-12-30 23:00:00,2022-12-30 23:01:00,2022-12-31 11:01:00,1189.0,1196.59,1181.24,1204.52,0.3,0.0065264928511354,0.006383515559293507,0.001615054667788052,time
long,2023-01-01 11:30:00,2023-01-01 11:31:00,2023-01-01 12:22:00,1193.6,1191.83,1191.67,1197.4599999999996,0.3,0.0016169571045575037,-0.0014829088471849383,-0.0007448726541554815,stop
long,2023-01-01 12:30:00,2023-01-01 12:31:00,2023-01-01 15:51:00,1192.53,1195.59,1191.0,1195.59,0.3,0.0012829865915322657,0.002565973183064507,0.0004697919549193522,target
short,2023-01-02 18:15:00,2023-01-02 18:16:00,2023-01-03 06:16:00,1219.83,1217.98,1225.42,1208.6499999999996,0.3,0.004582605772935693,0.0015166047727961374,0.00015498143183884122,time
short,2023-01-04 16:30:00,2023-01-04 16:31:00,2023-01-05 01:32:00,1248.82,1260.5,1264.12,1218.22,0.3,0.012251565477811017,-0.009352829070642832,-0.0031058487211928494,stop
short,2023-01-06 09:00:00,2023-01-06 09:01:00,2023-01-06 10:07:00,1255.24,1248.3,1258.64,1248.4399999999998,0.3,0.0027086453586565844,0.0055288231732577575,0.0013586469519773273,target
long,2023-01-06 19:15:00,2023-01-06 19:16:00,2023-01-06 21:31:00,1244.12,1242.04,1235.5,1261.3599999999997,0.3,0.006928592097225261,-0.0016718644503744828,-0.0008015593351123449,stop
short,2023-01-07 02:30:00,2023-01-07 02:31:00,2023-01-07 03:38:00,1267.8,1273.12,1270.0,1263.3999999999999,0.3,0.0017352894778356568,-0.004196245464584303,-0.0015588736393752907,stop
short,2023-01-09 09:45:00,2023-01-09 09:46:00,2023-01-09 10:24:00,1294.47,1298.11,1303.23,1276.95,0.3,0.006767248371920547,-0.002811961652259054,-0.0011435884956777162,stop
short,2023-01-09 11:00:00,2023-01-09 11:01:00,2023-01-09 11:46:00,1306.26,1312.19,1313.33,1292.1200000000001,0.3,0.005412398756755881,-0.004539678165143224,-0.001661903449542967,stop
short,2023-01-09 17:00:00,2023-01-09 17:01:00,2023-01-09 17:38:00,1310.77,1319.71,1320.0,1292.31,0.3,0.0070416625342356156,-0.0068204185326181666,-0.00234612555978545,stop
short,2023-01-09 23:00:00,2023-01-09 23:01:00,2023-01-09 23:08:00,1324.88,1327.22,1330.67,1313.3000000000002,0.3,0.0043702071130970075,-0.0017661976933760482,-0.0008298593080128143,stop
short,2023-01-09 23:15:00,2023-01-09 23:16:00,2023-01-09 23:46:00,1327.0,1331.24,1334.63,1311.7399999999998,0.3,0.005749811605124422,-0.00319517709118311,-0.001258553127354933,stop
short,2023-01-10 00:45:00,2023-01-10 00:46:00,2023-01-10 04:07:00,1338.55,1327.35,1344.49,1326.6699999999998,0.3,0.004437637742333162,0.008367263083187026,0.002210178924956108,target
short,2023-01-11 04:30:00,2023-01-11 04:31:00,2023-01-11 11:01:00,1342.13,1331.05,1348.46,1329.4700000000003,0.3,0.00471638365881094,0.00825553411368507,0.002176660234105521,target
short,2023-01-12 06:15:00,2023-01-12 06:16:00,2023-01-12 07:28:00,1343.41,1372.13,1361.36,1307.5100000000004,0.3,0.01336152031025511,-0.02137843249640836,-0.006713529748922508,stop
short,2023-01-13 04:00:00,2023-01-13 04:01:00,2023-01-13 16:01:00,1426.27,1408.06,1440.92,1396.9699999999998,0.3,0.010271547462962898,0.012767568552938813,0.003530270565881644,time
short,2023-01-20 04:30:00,2023-01-20 04:31:00,2023-01-20 16:31:00,1555.64,1547.34,1565.14,1536.64,0.3,0.006106811344527011,0.00533542464837633,0.001300627394512899,time
short,2023-01-21 01:00:00,2023-01-21 01:01:00,2023-01-21 01:55:00,1587.78,1592.94,1594.75,1573.84,0.3,0.004389776921235957,-0.003249820504100054,-0.001274946151230016,stop
short,2023-01-21 03:45:00,2023-01-21 03:46:00,2023-01-21 04:00:00,1591.0,1600.8,1601.18,1570.6399999999999,0.3,0.006398491514770625,-0.006159648020113151,-0.002147894406033945,stop
short,2023-01-21 04:30:00,2023-01-21 04:31:00,2023-01-21 04:39:00,1625.56,1640.57,1640.75,1595.1799999999998,0.3,0.00934447205885975,-0.009233740987721228,-0.0030701222963163684,stop
short,2023-01-21 05:15:00,2023-01-21 05:16:00,2023-01-21 06:21:00,1638.69,1659.89,1652.6,1610.8700000000003,0.3,0.008488487755463117,-0.012937163221841796,-0.0041811489665525385,stop
short,2023-01-28 04:15:00,2023-01-28 04:16:00,2023-01-28 06:11:00,1611.58,1591.16,1622.14,1590.4599999999996,0.3,0.006552575733131568,0.012670795120316658,0.0035012385360949972,target
long,2023-01-30 18:00:00,2023-01-30 18:01:00,2023-01-30 18:05:00,1585.64,1587.56,1581.7,1593.5200000000002,0.3,0.002484801089780817,0.0012108675361366394,6.326026084099186e-05,stop
long,2023-01-30 18:15:00,2023-01-30 18:16:00,2023-01-30 18:53:00,1592.33,1577.85,1580.25,1616.4899999999998,0.3,0.007586367147513347,-0.009093592408608742,-0.0030280777225826223,stop
short,2023-02-01 00:45:00,2023-02-01 00:46:00,2023-02-01 05:18:00,1592.57,1565.53,1606.0,1565.7099999999998,0.3,0.008432910327332592,0.01697884551385498,0.004793653654156494,target
short,2023-02-02 04:15:00,2023-02-02 04:16:00,2023-02-02 04:28:00,1617.84,1629.85,1630.0,1593.5199999999998,0.3,0.007516194432082334,-0.007423478217870816,-0.0025270434653612444,stop
short,2023-02-02 06:30:00,2023-02-02 06:31:00,2023-02-02 08:24:00,1642.57,1651.15,1649.0,1629.7099999999998,0.3,0.003914597246997123,-0.005223521676397391,-0.0018670565029192173,stop
short,2023-02-02 08:30:00,2023-02-02 08:31:00,2023-02-02 08:34:00,1650.77,1653.01,1657.0,1638.31,0.3,0.003773996377448111,-0.0013569425177342165,-0.0007070827553202649,stop
short,2023-02-03 02:30:00,2023-02-03 02:31:00,2023-02-03 05:31:00,1700.76,1656.47,1720.0,1662.28,0.3,0.011312589665796473,0.026041299183894195,0.007512389755168258,target
long,2023-02-06 01:30:00,2023-02-06 01:31:00,2023-02-06 01:40:00,1636.69,1625.69,1626.13,1657.81,0.3,0.006452046508501882,-0.006720881779689547,-0.0023162645339068638,stop
long,2023-02-06 02:15:00,2023-02-06 02:16:00,2023-02-06 03:29:00,1624.24,1616.99,1612.23,1648.26,0.3,0.0073942274540708215,-0.004463626065113524,-0.0016390878195340572,stop
long,2023-02-06 03:30:00,2023-02-06 03:31:00,2023-02-06 06:49:00,1618.83,1639.46,1608.0,1640.4899999999998,0.3,0.0066900168640313855,0.01274377173637764,0.003523131520913292,target
short,2023-02-07 00:30:00,2023-02-07 00:31:00,2023-02-07 00:39:00,1653.4,1641.96,1659.0,1642.2000000000003,0.3,0.003386960203217557,0.006919075843715983,0.001775722753114795,target
long,2023-02-07 07:30:00,2023-02-07 07:31:00,2023-02-07 08:11:00,1609.66,1619.0,1605.0,1618.9800000000002,0.3,0.002895021308847882,0.005802467601853767,0.00144074028055613,target
short,2023-02-08 09:15:00,2023-02-08 09:16:00,2023-02-08 16:32:00,1689.46,1673.98,1698.6,1671.1800000000003,0.3,0.005410012666769188,0.009162691037372883,0.0024488073112118648,target
long,2023-02-14 00:45:00,2023-02-14 00:46:00,2023-02-14 07:30:00,1476.39,1508.13,1460.03,1509.1100000000004,0.3,0.01108108291169686,0.021498384573181983,0.006149515371954595,target
long,2023-02-17 08:15:00,2023-02-17 08:16:00,2023-02-17 17:02:00,1645.2,1669.87,1631.0,1673.6000000000001,0.3,0.008631169462679337,0.01499513736931668,0.004198541210795004,target
short,2023-02-18 04:30:00,2023-02-18 04:31:00,2023-02-18 06:00:00,1713.69,1693.19,1722.76,1695.5500000000002,0.3,0.005292672537039918,0.011962490298712103,0.0032887470896136306,target
short,2023-02-19 23:30:00,2023-02-19 23:31:00,2023-02-20 00:16:00,1706.74,1718.41,1726.84,1666.5400000000002,0.3,0.011776837714004423,-0.006837596822011571,-0.002351279046603471,stop
short,2023-02-20 00:30:00,2023-02-20 00:31:00,2023-02-20 01:09:00,1714.7,1687.73,1728.0,1688.1000000000001,0.3,0.007756458855776494,0.015728698897766402,0.004418609669329921,target
long,2023-02-20 09:30:00,2023-02-20 09:31:00,2023-02-20 10:15:00,1659.18,1675.21,1650.81,1675.9200000000003,0.3,0.005044660615484828,0.009661399004327498,0.0025984197012982493,target
long,2023-02-21 22:00:00,2023-02-21 22:01:00,2023-02-21 23:16:00,1670.9,1663.12,1662.49,1687.7200000000003,0.3,0.005033215632294022,-0.0046561733197678645,-0.0016968519959303593,stop
long,2023-02-21 23:30:00,2023-02-21 23:31:00,2023-02-22 00:36:00,1667.41,1660.37,1658.0,1686.2300000000002,0.3,0.005643483006579114,-0.004222116935846731,-0.0015666350807540194,stop
long,2023-02-22 00:45:00,2023-02-22 00:46:00,2023-02-22 02:04:00,1663.61,1680.59,1655.13,1680.5699999999995,0.3,0.005097348537217131,0.01020671912287141,0.002762015736861423,target
long,2023-02-22 10:45:00,2023-02-22 10:46:00,2023-02-22 22:46:00,1641.17,1637.09,1621.34,1680.8300000000004,0.3,0.012082843337375259,-0.0024860313069335893,-0.0010458093920800767,time
long,2023-02-23 00:30:00,2023-02-23 00:31:00,2023-02-23 00:51:00,1607.32,1605.68,1603.0,1615.9599999999998,0.3,0.0026877037553193744,-0.0010203319811860068,-0.000606099594355802,stop
long,2023-02-23 01:00:00,2023-02-23 01:01:00,2023-02-23 07:00:00,1605.77,1634.73,1592.47,1632.37,0.3,0.008282630762811582,0.01803496142037786,0.005110488426113358,target
short,2023-02-23 11:15:00,2023-02-23 11:16:00,2023-02-23 14:39:00,1672.84,1661.09,1678.8,1660.9199999999998,0.3,0.0035628033762942282,0.007023983166351888,0.0018071949499055663,target
long,2023-02-26 05:00:00,2023-02-26 05:01:00,2023-02-26 10:47:00,1570.69,1599.0,1556.66,1598.75,0.3,0.008932380036799097,0.0180239257905761,0.00510717773717283,target
long,2023-02-28 04:15:00,2023-02-28 04:16:00,2023-02-28 06:54:00,1615.06,1632.69,1606.5,1632.1799999999998,0.3,0.005300112689311819,0.010916003120627238,0.0029748009361881714,target
long,2023-03-01 09:00:00,2023-03-01 09:01:00,2023-03-01 09:31:00,1599.2,1611.18,1593.3,1611.0000000000002,0.3,0.0036893446723362247,0.007491245622811338,0.0019473736868434012,target
short,2023-03-01 17:00:00,2023-03-01 17:01:00,2023-03-02 03:52:00,1658.88,1634.12,1671.21,1634.2200000000003,0.3,0.0074327256944444,0.014925733024691468,0.00417771990740744,target
short,2023-03-07 11:15:00,2023-03-07 11:16:00,2023-03-07 23:01:00,1575.33,1536.6,1584.8,1556.3899999999999,0.3,0.006011438873125013,0.024585324979528145,0.007075597493858443,target
long,2023-03-07 22:45:00,2023-03-07 22:46:00,2023-03-07 23:01:00,1565.18,1536.6,1556.8,1581.9400000000003,0.3,0.005354016790401174,-0.018259880652704563,-0.005777964195811369,stop
long,2023-03-10 03:45:00,2023-03-10 03:46:00,2023-03-10 03:49:00,1492.73,1487.58,1487.3,1503.5900000000001,0.3,0.0036376303819177372,-0.0034500545979514463,-0.0013350163793854337,stop
long,2023-03-10 04:00:00,2023-03-10 04:01:00,2023-03-10 04:13:00,1487.33,1481.49,1479.7,1502.5899999999997,0.3,0.0051299980501972545,-0.003926499162929531,-0.0014779497488788592,stop
long,2023-03-15 19:45:00,2023-03-15 19:46:00,2023-03-15 22:31:00,1669.8,1655.26,1650.0,1709.3999999999999,0.3,0.011857707509881396,-0.008707629656246274,-0.002912288896873882,stop
short,2023-03-17 18:15:00,2023-03-17 18:16:00,2023-03-17 18:24:00,1723.43,1735.87,1734.99,1700.3100000000002,0.3,0.006707554121722348,-0.007218163778047071,-0.002465449133414121,stop
short,2023-03-17 19:15:00,2023-03-17 19:16:00,2023-03-17 19:43:00,1740.0,1752.1,1749.81,1720.38,0.3,0.005637931034482727,-0.00695402298850567,-0.002386206896551701,stop
short,2023-03-18 21:00:00,2023-03-18 21:01:00,2023-03-18 23:35:00,1826.13,1787.8,1845.0,1788.3900000000003,0.3,0.010333327857271875,0.02098974333700243,0.005996923001100729,target
short,2023-03-20 01:00:00,2023-03-20 01:01:00,2023-03-20 03:15:00,1812.25,1834.32,1833.99,1768.77,0.3,0.011996137398261834,-0.012178231480204138,-0.003953469444061241,stop
long,2023-03-20 09:15:00,2023-03-20 09:16:00,2023-03-20 10:39:00,1776.18,1762.25,1761.31,1805.9200000000003,0.3,0.008371899244446012,-0.007842673602900696,-0.0026528020808702086,stop
long,2023-03-20 11:45:00,2023-03-20 11:46:00,2023-03-20 12:03:00,1750.61,1738.78,1742.05,1767.7299999999998,0.3,0.0048897241532951064,-0.006757644478210367,-0.00232729334346311,stop
long,2023-03-20 12:15:00,2023-03-20 12:16:00,2023-03-20 15:42:00,1751.16,1781.26,1736.0,1781.4800000000002,0.3,0.00865711870988378,0.017188606409465734,0.00485658192283972,target
short,2023-03-21 22:15:00,2023-03-21 22:16:00,2023-03-22 10:16:00,1812.0,1798.32,1836.2,1763.6,0.3,0.013355408388520996,0.0075496688741721885,0.0019649006622516566,time
long,2023-03-23 02:45:00,2023-03-23 02:46:00,2023-03-23 03:05:00,1784.01,1743.51,1750.51,1851.01,0.2662701492537313,0.018777921648421254,-0.022701666470479442,-0.006311046268656721,stop
short,2023-03-23 23:30:00,2023-03-23 23:31:00,2023-03-24 02:57:00,1837.54,1799.0,1858.88,1794.8599999999997,0.3,0.011613352634500553,0.020973693089674228,0.0059921079269022685,target
long,2023-03-26 03:45:00,2023-03-26 03:46:00,2023-03-26 03:49:00,1726.33,1718.31,1720.0,1738.9899999999998,0.3,0.0036667381091679617,-0.004645693465328171,-0.0016937080395984512,stop
short,2023-03-26 17:00:00,2023-03-26 17:01:00,2023-03-26 21:39:00,1775.89,1793.64,1788.99,1749.6900000000003,0.3,0.007376583009082718,-0.009994988428337237,-0.003298496528501171,stop
short,2023-03-29 12:45:00,2023-03-29 12:46:00,2023-03-29 14:28:00,1792.12,1804.39,1799.0,1778.3599999999997,0.3,0.0038390286364752974,-0.006846639733946613,-0.002353991920183984,stop
short,2023-03-29 16:45:00,2023-03-29 16:46:00,2023-03-29 22:30:00,1819.0,1804.61,1828.45,1800.1,0.3,0.005195162177020366,0.007910940076965467,0.00207328202308964,target
short,2023-03-31 22:30:00,2023-03-31 22:31:00,2023-04-01 10:31:00,1835.59,1829.0,1847.08,1812.61,0.3,0.0062595677684014455,0.0035901263354016777,0.0007770379006205033,time
long,2023-04-03 00:45:00,2023-04-03 00:46:00,2023-04-03 03:39:00,1793.6,1785.43,1785.0,1810.7999999999997,0.3,0.004794826048171225,-0.004555084745762605,-0.0016665254237287815,stop
short,2023-04-03 22:00:00,2023-04-03 22:01:00,2023-04-04 02:37:00,1810.99,1829.99,1823.0,1786.97,0.3,0.006631731815194998,-0.010491499124788195,-0.0034474497374364583,stop
short,2023-04-04 03:00:00,2023-04-04 03:01:00,2023-04-04 03:09:00,1837.2,1829.39,1840.27,1831.0600000000002,0.3,0.0016710211190942392,0.004251034182451541,0.0009753102547354622,target
short,2023-04-04 21:15:00,2023-04-04 21:16:00,2023-04-05 08:33:00,1874.07,1904.34,1895.0,1832.2099999999998,0.3,0.01116820609689076,-0.01615201139765321,-0.005145603419295963,stop
short,2023-04-05 09:45:00,2023-04-05 09:46:00,2023-04-05 20:49:00,1914.87,1943.25,1929.0,1886.6099999999997,0.3,0.0073790910087891655,-0.014820849457143348,-0.004746254837143004,stop
short,2023-04-05 21:00:00,2023-04-05 21:01:00,2023-04-06 09:01:00,1919.87,1896.1,1947.0,1865.6099999999997,0.3,0.014131165130972467,0.012381046633365811,0.003414313990009743,time
long,2023-04-06 16:15:00,2023-04-06 16:16:00,2023-04-06 18:02:00,1880.13,1868.36,1867.0,1906.3900000000003,0.3,0.006983559647471243,-0.006260205411328101,-0.0021780616233984303,stop
long,2023-04-06 18:45:00,2023-04-06 18:46:00,2023-04-06 20:31:00,1861.05,1867.23,1854.0,1875.1499999999999,0.3,0.003788184089626799,0.0033207060530346943,0.0006962118159104084,target
short,2023-04-10 06:00:00,2023-04-10 06:01:00,2023-04-10 06:02:00,1871.26,1872.47,1873.0,1867.78,0.3,0.0009298547502752205,-0.0006466231309385506,-0.0004939869392815651,stop
short,2023-04-11 08:45:00,2023-04-11 08:46:00,2023-04-11 09:54:00,1916.29,1924.68,1926.0,1896.87,0.3,0.005067082748435798,-0.004378251725991378,-0.0016134755177974133,stop
long,2023-04-12 10:00:00,2023-04-12 10:01:00,2023-04-12 10:15:00,1885.67,1875.01,1875.88,1905.25,0.3,0.005191788595035167,-0.005653163066708378,-0.001995948920012513,stop
short,2023-04-12 23:00:00,2023-04-12 23:01:00,2023-04-13 03:30:00,1920.64,1896.42,1932.96,1896.0000000000002,0.3,0.006414528490503132,0.012610379873375543,0.003483113962012663,target
short,2023-04-13 17:30:00,2023-04-13 17:31:00,2023-04-13 20:22:00,1988.69,1998.63,1998.0,1970.0700000000002,0.3,0.004681473733965547,-0.004998265189647411,-0.001799479556894223,stop
short,2023-04-13 20:30:00,2023-04-13 20:31:00,2023-04-13 20:41:00,1993.98,2003.66,2008.13,1965.6799999999998,0.3,0.0070963600437316775,-0.004854612383273782,-0.0017563837149821345,stop
short,2023-04-14 02:30:00,2023-04-14 02:31:00,2023-04-14 03:13:00,2011.89,2019.35,2020.0,1995.6700000000003,0.3,0.00403103549398819,-0.0037079562003885513,-0.0014123868601165653,stop
short,2023-04-17 03:15:00,2023-04-17 03:16:00,2023-04-17 04:03:00,2129.89,2104.77,2146.0,2097.6699999999996,0.3,0.007563770898966674,0.011794036311734368,0.0032382108935203103,target
long,2023-04-18 09:30:00,2023-04-18 09:31:00,2023-04-18 19:33:00,2070.66,2114.39,2050.0,2111.9799999999996,0.3,0.009977495098181187,0.0211188703118812,0.00603566109356436,target
short,2023-04-18 14:45:00,2023-04-18 14:46:00,2023-04-18 15:01:00,2100.02,2107.91,2108.0,2084.06,0.3,0.003799963809868486,-0.0037571070751707403,-0.001427132122551222,stop
short,2023-04-18 15:15:00,2023-04-18 15:16:00,2023-04-18 19:33:00,2101.67,2114.39,2111.82,2081.37,0.3,0.004829492736728455,-0.006052329813909685,-0.0021156989441729053,stop
long,2023-04-21 20:15:00,2023-04-21 20:16:00,2023-04-22 01:18:00,1906.63,1886.58,1890.19,1939.5100000000002,0.3,0.008622543440520738,-0.010515936495282374,-0.0034547809485847123,stop
long,2023-04-22 01:45:00,2023-04-22 01:46:00,2023-04-22 03:05:00,1887.16,1870.25,1872.04,1917.4000000000003,0.3,0.008012039254753236,-0.008960554483986582,-0.0029881663451959747,stop
long,2023-04-22 04:15:00,2023-04-22 04:16:00,2023-04-22 16:16:00,1844.73,1851.26,1823.5,1887.19,0.3,0.011508459232516421,0.003539813414429105,0.0007619440243287316,time
long,2023-04-24 15:30:00,2023-04-24 15:31:00,2023-04-24 21:39:00,1839.73,1864.9,1826.0,1867.19,0.3,0.007463051643447689,0.013681355416284013,0.003804406624885204,target
short,2023-04-26 06:15:00,2023-04-26 06:16:00,2023-04-26 08:27:00,1869.28,1878.24,1877.97,1851.8999999999999,0.3,0.004648848754600731,-0.004793289394847244,-0.001737986818454173,stop
short,2023-04-29 22:45:00,2023-04-29 22:46:00,2023-04-29 23:49:00,1913.88,1906.28,1918.0,1905.6400000000003,0.3,0.0021526950488013306,0.003970990866721036,0.0008912972600163109,target
long,2023-05-01 10:00:00,2023-05-01 10:01:00,2023-05-01 22:01:00,1835.18,1840.51,1821.87,1861.8000000000004,0.3,0.007252694558572005,0.00290434725748967,0.0005713041772469011,time
long,2023-05-02 00:30:00,2023-05-02 00:31:00,2023-05-02 03:16:00,1830.91,1810.57,1820.78,1851.1700000000003,0.3,0.00553276785860589,-0.01110922983652951,-0.003632768950958853,stop
long,2023-05-02 03:30:00,2023-05-02 03:31:00,2023-05-02 05:00:00,1821.92,1807.85,1807.29,1851.1800000000003,0.3,0.008029990339861305,-0.0077226222885747875,-0.002616786686572436,stop
short,2023-05-05 20:45:00,2023-05-05 20:46:00,2023-05-05 21:41:00,1904.8,1928.78,1925.0,1864.3999999999999,0.3,0.01060478790424194,-0.01258924821503582,-0.004076774464510746,stop
short,2023-05-07 22:00:00,2023-05-07 22:01:00,2023-05-07 22:35:00,1913.34,1921.27,1921.89,1896.2399999999996,0.3,0.004468625544858824,-0.004144584862073586,-0.0015433754586220757,stop
long,2023-05-08 16:00:00,2023-05-08 16:01:00,2023-05-08 16:58:00,1850.8,1840.58,1836.0,1880.3999999999999,0.3,0.007996542035876353,-0.005521936459909282,-0.001956580937972785,stop
short,2023-05-10 04:15:00,2023-05-10 04:16:00,2023-05-10 16:16:00,1851.7,1840.67,1862.44,1830.22,0.3,0.005800075606199713,0.005956688448452763,0.0014870065345358287,time
long,2023-05-11 23:00:00,2023-05-11 23:01:00,2023-05-12 01:25:00,1802.34,1773.46,1785.0,1837.0199999999998,0.3,0.009620826259196334,-0.016023613746573795,-0.0051070841239721386,stop
long,2023-05-12 12:15:00,2023-05-12 12:16:00,2023-05-12 13:51:00,1763.01,1743.2,1754.05,1780.93,0.3,0.005082217344201131,-0.011236464909444632,-0.0036709394728333894,stop
short,2023-05-14 21:15:00,2023-05-14 21:16:00,2023-05-14 23:07:00,1804.69,1815.6,1813.73,1786.6100000000001,0.3,0.00500917055006675,-0.006045359590843846,-0.002113607877253154,stop
short,2023-05-15 00:00:00,2023-05-15 00:01:00,2023-05-15 00:59:00,1819.01,1808.23,1825.0,1807.03,0.3,0.0032930000384824762,0.005926300570090359,0.0014778901710271078,target
long,2023-05-15 09:00:00,2023-05-15 09:01:00,2023-05-15 09:25:00,1790.97,1808.61,1784.48,1803.95,0.3,0.003623734624253901,0.009849411212918158,0.0026548233638754473,target
short,2023-05-15 11:45:00,2023-05-15 11:46:00,2023-05-15 17:06:00,1825.99,1833.48,1836.05,1805.8700000000001,0.3,0.005509340138774005,-0.004101884457198501,-0.0015305653371595503,stop
short,2023-05-15 17:15:00,2023-05-15 17:16:00,2023-05-15 22:20:00,1828.99,1814.34,1836.39,1814.1899999999998,0.3,0.004045948857019498,0.00800988523720747,0.0021029655711622412,target
short,2023-05-15 23:00:00,2023-05-15 23:01:00,2023-05-16 00:16:00,1824.81,1835.75,1836.99,1800.4499999999998,0.3,0.006674667499630134,-0.00599514469999618,-0.002098543409998854,stop
long,2023-05-17 22:15:00,2023-05-17 22:16:00,2023-05-18 01:51:00,1793.47,1814.39,1782.0,1816.41,0.3,0.006395423397101723,0.011664538576056538,0.0031993615728169614,target
short,2023-05-19 23:30:00,2023-05-19 23:31:00,2023-05-20 11:31:00,1813.35,1810.99,1830.0,1780.0499999999997,0.3,0.009181900901646176,0.0013014586262993788,9.043758788981367e-05,time
long,2023-05-21 19:15:00,2023-05-21 19:16:00,2023-05-21 19:17:00,1807.3,1808.42,1807.0,1807.8999999999999,0.3,0.00016599347092345184,0.0006197089581143622,-0.00011408731256569131,stop
long,2023-05-22 05:15:00,2023-05-22 05:16:00,2023-05-22 08:31:00,1803.44,1798.75,1797.13,1816.06,0.3,0.0034988688284611326,-0.0026005855476201045,-0.0010801756642860314,stop
long,2023-05-22 10:15:00,2023-05-22 10:16:00,2023-05-22 14:19:00,1797.26,1807.77,1792.19,1807.3999999999999,0.3,0.0028209607958781346,0.005847790525577823,0.0014543371576733468,target
short,2023-05-22 18:15:00,2023-05-22 18:16:00,2023-05-22 20:49:00,1817.08,1811.16,1819.99,1811.2599999999998,0.3,0.0016014704911176624,0.003257974332445346,0.0006773922997336038,target
short,2023-05-26 20:45:00,2023-05-26 20:46:00,2023-05-26 21:40:00,1812.22,1826.43,1826.8,1783.0600000000002,0.3,0.008045380803655145,-0.007841211331957476,-0.0026523633995872427,stop
short,2023-05-30 11:30:00,2023-05-30 11:31:00,2023-05-30 18:35:00,1904.03,1913.65,1913.0,1886.09,0.3,0.004711060224891429,-0.005052441400608343,-0.0018157324201825027,stop
long,2023-05-31 14:15:00,2023-05-31 14:16:00,2023-05-31 15:21:00,1861.41,1868.88,1857.56,1869.1100000000004,0.3,0.0020683245496694097,0.004013086853514203,0.0009039260560542608,target
short,2023-06-02 20:00:00,2023-06-02 20:01:00,2023-06-02 21:48:00,1894.9,1883.22,1904.2,1876.3000000000002,0.3,0.0049079107076890355,0.006163913662990184,0.001549174098897055,target
short,2023-06-04 22:00:00,2023-06-04 22:01:00,2023-06-05 07:27:00,1905.63,1888.01,1914.89,1887.1100000000001,0.3,0.004859285380687747,0.009246286005153204,0.002473885801545961,target
long,2023-06-05 08:30:00,2023-06-05 08:31:00,2023-06-05 08:48:00,1889.03,1881.85,1881.5,1904.09,0.3,0.0039861727976792174,-0.0038008925215586853,-0.0014402677564676054,stop
long,2023-06-05 11:30:00,2023-06-05 11:31:00,2023-06-05 12:02:00,1873.66,1868.64,1867.0,1886.9800000000002,0.3,0.0035545403114759784,-0.002679248102643972,-0.0011037744307931916,stop
long,2023-06-05 21:15:00,2023-06-05 21:16:00,2023-06-05 23:04:00,1867.16,1856.08,1858.0,1885.4800000000002,0.3,0.004905846312046146,-0.005934145975706517,-0.002080243792711955,stop
short,2023-06-08 22:45:00,2023-06-08 22:46:00,2023-06-09 10:21:00,1854.2,1836.36,1861.99,1838.6200000000001,0.3,0.0042012727861071965,0.009621400064718011,0.002586420019415403,target
long,2023-06-10 11:45:00,2023-06-10 11:46:00,2023-06-10 12:22:00,1828.32,1818.22,1822.0,1840.9599999999998,0.3,0.003456725299728678,-0.005524197077098059,-0.0019572591231294175,stop
long,2023-06-10 13:30:00,2023-06-10 13:31:00,2023-06-10 13:47:00,1773.18,1759.25,1758.0,1803.5400000000002,0.3,0.00856089060332288,-0.00785594243111254,-0.0026567827293337617,stop
long,2023-06-10 15:00:00,2023-06-10 15:01:00,2023-06-10 15:10:00,1745.3,1733.34,1734.0,1767.8999999999999,0.3,0.006474531599151983,-0.006852690081934343,-0.0023558070245803028,stop
long,2023-06-10 15:15:00,2023-06-10 15:16:00,2023-06-10 16:03:00,1739.98,1723.09,1723.55,1772.8400000000001,0.3,0.009442637271692814,-0.009707008126530248,-0.003212102437959074,stop
long,2023-06-10 16:15:00,2023-06-10 16:16:00,2023-06-11 01:41:00,1731.29,1767.05,1713.98,1765.9099999999999,0.3,0.009998324948448814,0.02065511843769685,0.005896535531309055,target
short,2023-06-13 17:00:00,2023-06-13 17:01:00,2023-06-13 20:31:00,1754.45,1760.31,1759.8,1743.7500000000002,0.3,0.003049388697312496,-0.003340078087149756,-0.0013020234261449267,stop
short,2023-06-17 01:15:00,2023-06-17 01:16:00,2023-06-17 01:23:00,1688.42,1696.93,1696.0,1673.2600000000002,0.3,0.004489404295139792,-0.005040215112353641,-0.001812064533706092,stop
short,2023-06-19 00:30:00,2023-06-19 00:31:00,2023-06-19 01:01:00,1741.3,1745.37,1744.9,1734.0999999999997,0.3,0.0020674208924367637,-0.0023373341756158794,-0.0010012002526847638,stop
short,2023-06-19 01:15:00,2023-06-19 01:16:00,2023-06-19 04:13:00,1743.81,1735.12,1748.3,1734.83,0.3,0.002574821798246374,0.004983341075002423,0.001195002322500727,target
long,2023-06-19 07:15:00,2023-06-19 07:16:00,2023-06-19 19:16:00,1720.51,1722.41,1712.8,1735.93,0.3,0.004481229402909624,0.0011043237179673149,3.129711539019448e-05,time
long,2023-06-20 00:45:00,2023-06-20 00:46:00,2023-06-20 02:06:00,1712.09,1740.13,1696.54,1743.1899999999998,0.3,0.009082466459123034,0.016377643698637367,0.00461329310959121,target
short,2023-06-21 02:30:00,2023-06-21 02:31:00,2023-06-21 07:51:00,1785.8,1791.59,1794.6,1768.2,0.3,0.004927763467353542,-0.0032422443722701644,-0.0012726733116810492,stop
short,2023-06-21 08:30:00,2023-06-21 08:31:00,2023-06-21 08:55:00,1792.14,1806.3,1805.0,1766.4200000000003,0.3,0.0071757786780050105,-0.007901168435501704,-0.002670350530650511,stop
short,2023-06-21 09:00:00,2023-06-21 09:01:00,2023-06-21 09:04:00,1799.98,1811.56,1808.29,1783.3600000000001,0.3,0.004616717963532898,-0.006433404815608945,-0.0022300214446826835,stop
short,2023-06-21 20:00:00,2023-06-21 20:01:00,2023-06-21 20:04:00,1830.46,1833.6,1837.0,1817.38,0.3,0.0035728723927318617,-0.0017154157971219774,-0.0008146247391365932,stop
short,2023-06-22 07:30:00,2023-06-22 07:31:00,2023-06-22 08:30:00,1896.41,1907.16,1903.17,1882.89,0.3,0.0035646300114426685,-0.005668605417604944,-0.0020005816252814832,stop
short,2023-06-22 09:30:00,2023-06-22 09:31:00,2023-06-22 10:35:00,1913.59,1927.63,1926.59,1887.59,0.3,0.006793513762091148,-0.00733699486305861,-0.002501098458917583,stop
long,2023-06-23 22:00:00,2023-06-23 22:01:00,2023-06-23 23:06:00,1871.55,1890.56,1861.11,1892.43,0.3,0.005578264005770647,0.010157356202078471,0.0027472068606235415,target
short,2023-06-23 23:30:00,2023-06-23 23:31:00,2023-06-23 23:43:00,1888.18,1907.09,1906.89,1850.76,0.3,0.009909012911904604,-0.010014935016788629,-0.0033044805050365883,stop
short,2023-06-29 21:30:00,2023-06-29 21:31:00,2023-06-30 09:31:00,1867.71,1846.75,1882.0,1839.13,0.3,0.0076510807352318955,0.011222298965042787,0.003066689689512836,time
long,2023-06-30 22:00:00,2023-06-30 22:01:00,2023-07-01 01:05:00,1853.6,1915.15,1822.48,1915.8399999999997,0.297814910025708,0.016788951230038787,0.03320565386275365,0.009591323907455072,target
long,2023-07-02 23:30:00,2023-07-02 23:31:00,2023-07-03 11:31:00,1911.83,1949.57,1885.0,1965.4899999999998,0.3,0.014033674542192521,0.019740248871500166,0.00562207466145005,time
long,2023-07-05 20:30:00,2023-07-05 20:31:00,2023-07-05 21:00:00,1911.23,1902.09,1903.58,1926.5300000000002,0.3,0.004002657974184211,-0.004782260638437119,-0.0017346781915311357,stop
long,2023-07-07 07:30:00,2023-07-07 07:31:00,2023-07-07 07:58:00,1859.52,1846.38,1847.47,1883.62,0.3,0.006480166924797773,-0.007066339700567803,-0.002419901910170341,stop
long,2023-07-09 04:15:00,2023-07-09 04:16:00,2023-07-09 05:30:00,1845.71,1852.98,1842.01,1853.1100000000001,0.3,0.002004648617605174,0.003938863635132295,0.0008816590905396885,target
short,2023-07-11 03:30:00,2023-07-11 03:31:00,2023-07-11 03:47:00,1892.19,1895.01,1895.0,1886.5700000000002,0.3,0.0014850517125658338,-0.001490336594105246,-0.0007471009782315738,stop
long,2023-07-11 22:30:00,2023-07-11 22:31:00,2023-07-12 10:31:00,1871.11,1881.83,1862.07,1889.1899999999998,0.3,0.004831356788216601,0.0057292195541684965,0.001418765866250549,time
short,2023-07-12 14:45:00,2023-07-12 14:46:00,2023-07-12 20:31:00,1891.27,1897.99,1896.0,1881.81,0.3,0.0025009649600533073,-0.0035531679770737234,-0.001365950393122117,stop
long,2023-07-13 13:15:00,2023-07-13 13:16:00,2023-07-13 14:56:00,1866.19,1872.67,1863.0,1872.5700000000002,0.3,0.0017093650700089778,0.00347231525193048,0.000741694575579144,target
long,2023-07-18 01:30:00,2023-07-18 01:31:00,2023-07-18 02:34:00,1905.93,1886.37,1890.5,1936.7900000000002,0.3,0.008095785259689528,-0.010262706395303134,-0.00337881191859094,stop
long,2023-07-18 03:00:00,2023-07-18 03:01:00,2023-07-18 05:44:00,1883.81,1907.6,1873.03,1905.37,0.3,0.005722445469553709,0.012628662126222823,0.003488598637866847,target
short,2023-07-19 22:00:00,2023-07-19 22:01:00,2023-07-20 05:20:00,1910.78,1883.77,1924.8,1882.74,0.3,0.007337317744585971,0.014135588607793625,0.003940676582338087,target
short,2023-07-20 18:15:00,2023-07-20 18:16:00,2023-07-20 18:28:00,1922.72,1926.18,1927.48,1913.2,0.3,0.002475659482399929,-0.0017995339935092947,-0.0008398601980527884,stop
long,2023-07-21 01:00:00,2023-07-21 01:01:00,2023-07-21 13:01:00,1886.21,1894.76,1878.0,1902.63,0.3,0.0043526436610982,0.004532899306015636,0.001059869791804691,time
short,2023-07-22 02:15:00,2023-07-22 02:16:00,2023-07-22 03:13:00,1901.06,1889.64,1906.77,1889.6399999999999,0.3,0.0030035874722523417,0.006007174944504534,0.0015021524833513603,target
long,2023-07-24 12:15:00,2023-07-24 12:16:00,2023-07-24 12:40:00,1865.36,1870.79,1862.67,1870.7399999999996,0.3,0.0014420808851909697,0.0029109662478019604,0.000573289874340588,target
short,2023-07-27 04:30:00,2023-07-27 04:31:00,2023-07-27 04:41:00,1877.92,1886.49,1885.0,1863.7600000000002,0.3,0.0037701286529777237,-0.004563559683053553,-0.0016690679049160657,stop
long,2023-08-05 03:00:00,2023-08-05 03:01:00,2023-08-05 04:46:00,1833.33,1822.53,1826.66,1846.6699999999996,0.3,0.003638188433069794,-0.005890919801672334,-0.0020672759405017003,stop
long,2023-08-08 00:00:00,2023-08-08 00:01:00,2023-08-08 00:02:00,1815.02,1817.83,1813.38,1818.2999999999997,0.3,0.000903571310508905,0.0015481923064208925,0.00016445769192626776,target
long,2023-08-08 00:30:00,2023-08-08 00:31:00,2023-08-08 01:30:00,1816.1,1808.26,1802.0,1844.2999999999997,0.3,0.0077638896536533835,-0.004316942899620035,-0.0015950828698860105,stop
short,2023-08-09 05:30:00,2023-08-09 05:31:00,2023-08-09 17:31:00,1862.25,1860.51,1876.93,1832.8899999999999,0.3,0.007882937307021111,0.0009343536045106626,-1.9693918646801196e-05,time
long,2023-08-15 19:45:00,2023-08-15 19:46:00,2023-08-15 22:06:00,1841.53,1839.36,1839.12,1846.3500000000001,0.3,0.0013086944008515104,-0.0011783679874887154,-0.0006535103962466146,stop
long,2023-08-15 22:15:00,2023-08-15 22:16:00,2023-08-16 03:08:00,1844.03,1832.71,1838.18,1855.7299999999998,0.3,0.003172399581351664,-0.006138728762547174,-0.0021416186287641524,stop
long,2023-08-17 09:00:00,2023-08-17 09:01:00,2023-08-17 21:01:00,1797.95,1789.29,1775.0,1843.8500000000001,0.3,0.01276453738980508,-0.00481659667955181,-0.0017449790038655429,time
long,2023-08-17 23:15:00,2023-08-17 23:16:00,2023-08-17 23:36:00,1778.12,1752.2,1759.01,1816.3399999999997,0.3,0.010747306143567307,-0.014577193890176088,-0.004673158167052826,stop
short,2023-08-20 00:30:00,2023-08-20 00:31:00,2023-08-20 00:45:00,1681.77,1687.08,1686.18,1672.9499999999998,0.3,0.002622237285716883,-0.0031573877521895444,-0.0012472163256568632,stop
long,2023-08-21 18:15:00,2023-08-21 18:16:00,2023-08-21 23:22:00,1668.05,1662.78,1659.19,1685.7699999999998,0.3,0.005311591379155241,-0.0031593777164953263,-0.0012478133149485978,stop
short,2023-08-23 23:00:00,2023-08-23 23:01:00,2023-08-23 23:24:00,1652.41,1656.52,1658.85,1639.5300000000004,0.3,0.003897337827778715,-0.002487276160274998,-0.0010461828480824995,stop
short,2023-08-23 23:30:00,2023-08-23 23:31:00,2023-08-23 23:35:00,1655.02,1657.33,1659.84,1645.38,0.3,0.002912351512368392,-0.0013957535256370335,-0.00071872605769111,stop
short,2023-08-24 04:00:00,2023-08-24 04:01:00,2023-08-24 16:01:00,1683.7,1674.68,1706.11,1638.8800000000003,0.3,0.013309972085288266,0.005357248916077695,0.0013071746748233085,time
long,2023-08-24 23:15:00,2023-08-24 23:16:00,2023-08-25 01:39:00,1649.0,1642.36,1642.04,1662.92,0.3,0.004220739842328706,-0.004026682838083717,-0.001508004851425115,stop
long,2023-08-25 01:45:00,2023-08-25 01:46:00,2023-08-25 13:46:00,1650.03,1652.51,1635.0,1680.09,0.3,0.009108925292267396,0.0015030029757034935,0.00015090089271104808,time
short,2023-08-25 22:30:00,2023-08-25 22:31:00,2023-08-26 10:31:00,1659.26,1651.91,1677.97,1621.84,0.3,0.01127611103745045,0.004429685522461813,0.0010289056567385439,time
short,2023-08-27 13:30:00,2023-08-27 13:31:00,2023-08-27 22:15:00,1651.9,1656.01,1654.88,1645.94,0.3,0.001803983291966837,-0.0024880440704642126,-0.0010464132211392637,stop
short,2023-08-27 23:15:00,2023-08-27 23:16:00,2023-08-28 01:43:00,1657.96,1654.19,1660.05,1653.7800000000002,0.3,0.0012605852975945849,0.0022738787425510276,0.00038216362276530827,target
long,2023-08-28 17:30:00,2023-08-28 17:31:00,2023-08-29 05:31:00,1636.8,1647.75,1618.0,1674.3999999999999,0.3,0.011485826001955007,0.006689882697947347,0.0017069648093842042,time
short,2023-09-04 02:30:00,2023-09-04 02:31:00,2023-09-04 04:52:00,1637.4,1644.33,1644.0,1624.2000000000003,0.3,0.004030780505679681,-0.004232319530963702,-0.0015696958592891104,stop
short,2023-09-04 05:00:00,2023-09-04 05:01:00,2023-09-04 09:33:00,1643.52,1632.51,1648.88,1632.7999999999997,0.3,0.0032612928348910433,0.006699036214953269,0.0017097108644859808,target
long,2023-09-05 06:15:00,2023-09-05 06:16:00,2023-09-05 11:02:00,1622.5,1616.01,1616.19,1635.12,0.3,0.0038890600924498895,-0.0040000000000000036,-0.001500000000000001,stop
long,2023-09-05 11:30:00,2023-09-05 11:31:00,2023-09-05 12:13:00,1613.01,1619.79,1609.41,1620.2099999999998,0.3,0.002231852251380902,0.0042033217401007406,0.0009609965220302222,target
short,2023-09-05 18:30:00,2023-09-05 18:31:00,2023-09-05 20:53:00,1635.72,1639.0,1638.88,1629.3999999999999,0.3,0.0019318709803634374,-0.002005233169491083,-0.0009015699508473248,stop
short,2023-09-08 05:30:00,2023-09-08 05:31:00,2023-09-08 17:31:00,1645.21,1641.26,1659.86,1615.9100000000003,0.3,0.008904638313649847,0.0024009093064107923,0.0004202727919232377,time
long,2023-09-10 12:45:00,2023-09-10 12:46:00,2023-09-10 23:02:00,1623.58,1615.61,1617.77,1635.1999999999998,0.3,0.003578511684056188,-0.00490890501238006,-0.001772671503714018,stop
long,2023-09-11 01:00:00,2023-09-11 01:01:00,2023-09-11 13:01:00,1612.12,1612.38,1588.74,1658.8799999999997,0.3,0.014502642483189764,0.0001612783167508347,-0.00025161650497474954,time
long,2023-09-12 03:30:00,2023-09-12 03:31:00,2023-09-12 04:02:00,1549.53,1532.71,1531.0,1586.59,0.3,0.01195846482481783,-0.010854904390363518,-0.003556471317109055,stop
short,2023-09-15 02:45:00,2023-09-15 02:46:00,2023-09-15 14:46:00,1633.75,1629.46,1644.99,1611.27,0.3,0.006879877582249431,0.0026258607498087505,0.00048775822494262516,time
long,2023-09-17 09:15:00,2023-09-17 09:16:00,2023-09-17 18:46:00,1624.11,1634.54,1618.78,1634.7699999999998,0.3,0.003281797415199665,0.006421978806854245,0.0016265936420562736,target
long,2023-09-18 05:15:00,2023-09-18 05:16:00,2023-09-18 07:55:00,1615.26,1623.5,1611.3,1623.18,0.3,0.0024516176962223026,0.005101345913351318,0.0012304037740053955,target
long,2023-09-18 08:45:00,2023-09-18 08:46:00,2023-09-18 17:37:00,1613.28,1639.37,1600.0,1639.84,0.3,0.008231677080234041,0.016172022215610315,0.004551606664683095,target
long,2023-09-20 14:15:00,2023-09-20 14:16:00,2023-09-20 17:47:00,1636.0,1624.59,1630.65,1646.6999999999998,0.3,0.003270171149144199,-0.0069743276283619204,-0.002392298288508576,stop
long,2023-09-21 18:30:00,2023-09-21 18:31:00,2023-09-21 18:53:00,1606.29,1597.79,1598.57,1621.73,0.3,0.004806105995804013,-0.005291697016105434,-0.0018875091048316302,stop
long,2023-09-21 20:45:00,2023-09-21 20:46:00,2023-09-21 20:47:00,1587.78,1589.52,1585.88,1591.5799999999997,0.3,0.0011966393329049766,0.0010958697048708554,2.8760911461256638e-05,stop
long,2023-09-21 21:00:00,2023-09-21 21:01:00,2023-09-21 21:24:00,1590.84,1584.34,1583.78,1604.9599999999998,0.3,0.004437907017676162,-0.004085891730155167,-0.0015257675190465498,stop
short,2023-09-24 21:15:00,2023-09-24 21:16:00,2023-09-24 23:17:00,1594.97,1591.68,1596.44,1592.03,0.3,0.0009216474291052667,0.0020627347222831327,0.0003188204166849398,target
long,2023-09-25 08:30:00,2023-09-25 08:31:00,2023-09-25 20:31:00,1573.19,1569.73,1562.2,1595.17,0.3,0.006985805910284205,-0.0021993529071504536,-0.000959805872145136,time
short,2023-09-26 18:00:00,2023-09-26 18:01:00,2023-09-27 06:01:00,1592.96,1588.91,1599.79,1579.3000000000002,0.3,0.004287615508236193,0.0025424367215749477,0.0004627310164724843,time
short,2023-09-27 18:45:00,2023-09-27 18:46:00,2023-09-27 19:20:00,1618.24,1624.06,1621.7,1611.32,0.3,0.002138125370773208,-0.0035964999011270926,-0.0013789499703381277,stop
short,2023-10-01 00:00:00,2023-10-01 00:01:00,2023-10-01 12:01:00,1683.04,1674.52,1695.0,1659.12,0.3,0.007106188801216867,0.005062268276452175,0.0012186804829356526,time
short,2023-10-05 09:00:00,2023-10-05 09:01:00,2023-10-05 15:15:00,1648.89,1634.92,1655.55,1635.5700000000004,0.3,0.0040390808361988086,0.00847236625851333,0.0022417098775539992,target
long,2023-10-08 03:00:00,2023-10-08 03:01:00,2023-10-08 03:06:00,1634.89,1633.04,1633.09,1638.4900000000005,0.3,0.0011009915040156718,-0.0011315746013493833,-0.0006394723804048149,stop
long,2023-10-11 01:30:00,2023-10-11 01:31:00,2023-10-11 02:27:00,1559.54,1564.59,1557.03,1564.56,0.3,0.0016094489400720667,0.003238134321658981,0.0006714402964976942,target
long,2023-10-11 05:00:00,2023-10-11 05:01:00,2023-10-11 10:35:00,1561.78,1542.81,1547.33,1590.68,0.3,0.009252263442994561,-0.012146397059765168,-0.00394391911792955,stop
long,2023-10-13 00:30:00,2023-10-13 00:31:00,2023-10-13 12:31:00,1534.2,1540.17,1516.11,1570.3800000000003,0.3,0.011791161517403302,0.0038912788423934863,0.0008673836527180458,time
short,2023-10-14 05:15:00,2023-10-14 05:16:00,2023-10-14 17:16:00,1556.93,1549.24,1576.8,1517.1900000000003,0.3,0.01276229502932045,0.004939207286133618,0.0011817621858400853,time
long,2023-10-15 21:15:00,2023-10-15 21:16:00,2023-10-16 04:42:00,1554.6,1563.13,1548.5,1566.7999999999997,0.3,0.003923838929628142,0.005486941978644078,0.0013460825935932234,target
long,2023-10-17 22:00:00,2023-10-17 22:01:00,2023-10-18 02:54:00,1572.6,1556.55,1563.78,1590.2399999999998,0.3,0.005608546356352497,-0.010206028233498587,-0.003361808470049576,stop
long,2023-10-19 05:45:00,2023-10-19 05:46:00,2023-10-19 06:48:00,1559.03,1565.2,1555.55,1565.99,0.3,0.002232157174653482,0.003957589013681595,0.0008872767041044785,target
short,2023-10-20 17:00:00,2023-10-20 17:01:00,2023-10-20 18:07:00,1611.22,1618.82,1622.0,1589.66,0.3,0.006690582291679579,-0.004716922580404903,-0.0017150767741214708,stop
short,2023-10-20 18:30:00,2023-10-20 18:31:00,2023-10-20 18:41:00,1617.79,1625.96,1630.0,1593.37,0.3,0.007547333090203325,-0.0050500992094153485,-0.0018150297628246044,stop
short,2023-10-20 18:45:00,2023-10-20 18:46:00,2023-10-20 21:32:00,1620.5,1600.38,1631.05,1599.4,0.3,0.006510336315951839,0.01241592101203326,0.003424776303609978,target
short,2023-10-21 22:30:00,2023-10-21 22:31:00,2023-10-21 22:43:00,1613.37,1615.44,1615.82,1608.4699999999998,0.3,0.0015185605285830564,-0.0012830286914968791,-0.0006849086074490637,stop
short,2023-10-22 02:15:00,2023-10-22 02:16:00,2023-10-22 13:56:00,1628.35,1646.17,1644.84,1595.37,0.3,0.010126815488070753,-0.010943593207848545,-0.0035830779623545633,stop
short,2023-10-23 12:00:00,2023-10-23 12:01:00,2023-10-23 13:32:00,1695.01,1698.54,1702.6,1679.8300000000002,0.3,0.004477849688202381,-0.002082583583577602,-0.0009247750750732806,stop
short,2023-10-23 13:45:00,2023-10-23 13:46:00,2023-10-23 17:32:00,1693.94,1671.56,1706.21,1669.4,0.3,0.007243467891424714,0.01321180207091166,0.0036635406212734978,target
short,2023-10-24 11:00:00,2023-10-24 11:01:00,2023-10-24 20:04:00,1833.92,1850.26,1850.75,1800.2600000000002,0.3,0.009177063339731246,-0.008909876112371373,-0.002972962833711412,stop
short,2023-10-25 23:45:00,2023-10-25 23:46:00,2023-10-26 00:40:00,1810.05,1790.03,1820.0,1790.1499999999999,0.3,0.005497085715864228,0.011060467942874519,0.003018140382862356,target
short,2023-10-26 16:15:00,2023-10-26 16:16:00,2023-10-26 22:33:00,1846.46,1796.89,1871.0,1797.38,0.3,0.013290296025909016,0.0268459647108521,0.00775378941325563,target
short,2023-10-28 19:30:00,2023-10-28 19:31:00,2023-10-28 20:18:00,1797.15,1786.05,1804.0,1783.4500000000003,0.3,0.0038115905739642816,0.0061764460395626886,0.0015529338118688066,target
long,2023-10-29 06:45:00,2023-10-29 06:46:00,2023-10-29 09:22:00,1777.98,1769.41,1768.41,1797.12,0.3,0.005382512739175883,-0.0048200767162734914,-0.0017460230148820474,stop
short,2023-10-30 07:00:00,2023-10-30 07:01:00,2023-10-30 08:39:00,1805.01,1790.23,1812.88,1789.2699999999998,0.3,0.004360086647719468,0.008188320286314221,0.0021564960858942665,target
short,2023-10-30 17:15:00,2023-10-30 17:16:00,2023-10-30 17:27:00,1820.82,1826.72,1826.09,1810.28,0.3,0.0028943003701628837,-0.0032402983271273555,-0.0012720894981382066,stop
short,2023-11-01 08:45:00,2023-11-01 08:46:00,2023-11-01 09:11:00,1825.12,1815.3,1829.94,1815.4799999999996,0.3,0.0026409222407294667,0.0053804681336021565,0.001314140440080647,target
short,2023-11-02 02:45:00,2023-11-02 02:46:00,2023-11-02 03:26:00,1816.19,1833.66,1834.86,1778.8500000000004,0.3,0.01027976147869983,-0.009619037655751894,-0.003185711296725568,stop
short,2023-11-02 11:30:00,2023-11-02 11:31:00,2023-11-02 13:28:00,1862.11,1839.56,1874.47,1837.3899999999996,0.3,0.006637631504046553,0.01210991831846664,0.0033329754955399916,target
long,2023-11-03 00:45:00,2023-11-03 00:46:00,2023-11-03 08:54:00,1798.43,1785.56,1784.01,1827.2700000000002,0.3,0.00801810468019332,-0.007156241833154553,-0.002446872549946366,stop
long,2023-11-03 09:30:00,2023-11-03 09:31:00,2023-11-03 21:31:00,1791.15,1794.13,1776.12,1821.2100000000005,0.3,0.008391257013650559,0.0016637355888675653,0.00019912067666026965,time
short,2023-11-04 16:30:00,2023-11-04 16:31:00,2023-11-04 17:21:00,1837.65,1843.56,1843.21,1826.5300000000002,0.3,0.0030256033521072812,-0.0032160639947758085,-0.0012648191984327424,stop
short,2023-11-04 17:45:00,2023-11-04 17:46:00,2023-11-05 05:46:00,1840.72,1842.61,1847.8,1826.5600000000002,0.3,0.0038463210048241595,-0.001026772132643572,-0.0006080316397930716,time
long,2023-11-08 01:15:00,2023-11-08 01:16:00,2023-11-08 02:08:00,1860.41,1882.21,1850.0,1881.2300000000002,0.3,0.005595540767895293,0.011717847141221593,0.003215354142366478,target
short,2023-11-09 10:00:00,2023-11-09 10:01:00,2023-11-09 10:17:00,1900.59,1907.49,1907.58,1886.61,0.3,0.0036778053130869935,-0.003630451596609463,-0.0013891354789828387,stop
short,2023-11-09 12:45:00,2023-11-09 12:46:00,2023-11-09 19:20:00,1922.2,1906.49,1930.0,1906.6000000000001,0.3,0.004057850379773153,0.008172926854645768,0.0021518780563937303,target
short,2023-11-10 06:30:00,2023-11-10 06:31:00,2023-11-10 06:49:00,2080.7,2110.51,2105.16,2031.7799999999997,0.3,0.011755659153169624,-0.014326909213245642,-0.004598072763973692,stop
short,2023-11-10 07:00:00,2023-11-10 07:01:00,2023-11-10 07:36:00,2094.06,2116.51,2120.0,2042.1799999999998,0.3,0.012387419653687122,-0.01072080074114412,-0.003516240222343236,stop
long,2023-11-12 09:00:00,2023-11-12 09:01:00,2023-11-12 21:01:00,2036.18,2044.56,2010.46,2087.62,0.3,0.012631496233142466,0.0041155497058216195,0.0009346649117464858,time
long,2023-11-13 14:45:00,2023-11-13 14:46:00,2023-11-13 16:45:00,2039.3,2059.93,2028.17,2061.5599999999995,0.3,0.005457755112048194,0.010116216348747153,0.002734864904624146,target
long,2023-11-14 19:45:00,2023-11-14 19:46:00,2023-11-14 20:43:00,2037.59,2022.96,2026.71,2059.3499999999995,0.3,0.005339641439151097,-0.007180050942535043,-0.002454015282760513,stop
long,2023-11-14 20:45:00,2023-11-14 20:46:00,2023-11-14 21:31:00,2027.19,2049.6,2020.53,2040.5100000000002,0.3,0.0032853358589969768,0.01105471120121937,0.003016413360365811,target
long,2023-11-14 23:45:00,2023-11-14 23:46:00,2023-11-15 02:06:00,2042.26,2020.26,2019.4,2087.9799999999996,0.3,0.011193481731023426,-0.010772379618657735,-0.0035317138855973204,stop
short,2023-11-16 03:15:00,2023-11-16 03:16:00,2023-11-16 04:01:00,2035.59,2052.67,2054.37,1998.03,0.3,0.009225826418876086,-0.008390687712162226,-0.0028172063136486674,stop
long,2023-11-17 03:45:00,2023-11-17 03:46:00,2023-11-17 15:46:00,1958.3,1976.5,1938.4,1998.0999999999997,0.3,0.010161875095746242,0.009293775213195188,0.002488132563958556,time
long,2023-11-18 00:15:00,2023-11-18 00:16:00,2023-11-18 00:38:00,1925.37,1913.03,1910.0,1956.1099999999997,0.3,0.007982881212442228,-0.006409157720334235,-0.0022227473161002707,stop
short,2023-11-19 01:30:00,2023-11-19 01:31:00,2023-11-19 01:34:00,1965.28,1968.79,1971.24,1953.36,0.3,0.003032646747537265,-0.0017860050476268263,-0.0008358015142880479,stop
short,2023-11-20 04:15:00,2023-11-20 04:16:00,2023-11-20 07:03:00,1982.24,1992.14,1987.93,1970.86,0.3,0.002870489950762801,-0.004994349826459077,-0.001798304947937723,stop
short,2023-11-21 00:15:00,2023-11-21 00:16:00,2023-11-21 01:48:00,2037.02,2053.4,2054.15,2002.7599999999998,0.3,0.008409343059960191,-0.008041158162413797,-0.002712347448724139,stop
long,2023-11-21 23:00:00,2023-11-21 23:01:00,2023-11-21 23:04:00,1988.27,1979.81,1981.97,2000.87,0.3,0.0031685837436565226,-0.0042549553129102025,-0.0015764865938730605,stop
short,2023-11-22 21:45:00,2023-11-22 21:46:00,2023-11-23 00:12:00,2031.68,2048.0,2046.56,2001.9200000000003,0.3,0.007323988029610904,-0.008032761064734606,-0.0027098283194203817,stop
short,2023-11-24 18:45:00,2023-11-24 18:46:00,2023-11-24 23:41:00,2108.56,2128.98,2129.95,2065.78,0.3,0.01014436392609168,-0.00968433433243554,-0.003205300299730662,stop
short,2023-11-26 15:30:00,2023-11-26 15:31:00,2023-11-26 16:19:00,2087.97,2094.32,2093.0,2077.9099999999994,0.3,0.002409038444039043,-0.0030412314353176484,-0.0012123694305952945,stop
long,2023-11-27 00:45:00,2023-11-27 00:46:00,2023-11-27 04:44:00,2047.96,2070.61,2036.0,2071.88,0.3,0.0058399578116760265,0.01105978632395166,0.0030179358971854976,target
long,2023-11-27 19:00:00,2023-11-27 19:01:00,2023-11-27 21:17:00,2023.95,2017.02,2016.02,2039.8100000000002,0.3,0.0039180809802614016,-0.003423997628399955,-0.0013271992885199864,stop
long,2023-11-27 21:30:00,2023-11-27 21:31:00,2023-11-27 23:50:00,2023.53,2011.43,2010.04,2050.51,0.3,0.0066665678294861004,-0.00597964942452045,-0.0020938948273561348,stop
short,2023-11-28 22:45:00,2023-11-28 22:46:00,2023-11-29 00:22:00,2035.04,2041.4,2042.71,2019.6999999999998,0.3,0.0037689676861388834,-0.003125245695416279,-0.0012375737086248837,stop
short,2023-11-29 00:30:00,2023-11-29 00:31:00,2023-11-29 00:41:00,2040.46,2047.07,2044.74,2031.9,0.3,0.0020975662350646287,-0.0032394656106955466,-0.001271839683208664,stop
short,2023-11-29 18:00:00,2023-11-29 18:01:00,2023-11-29 22:46:00,2064.99,2041.86,2076.74,2041.4899999999998,0.3,0.005690100194189803,0.011201022765243374,0.003060306829573012,target
long,2023-11-30 00:45:00,2023-11-30 00:46:00,2023-11-30 01:50:00,2024.46,2034.91,2019.04,2035.3000000000002,0.3,0.0026772571451152763,0.005161870325914197,0.0012485610977742592,target
short,2023-12-01 12:45:00,2023-12-01 12:46:00,2023-12-01 15:09:00,2095.19,2105.93,2100.4,2084.77,0.3,0.0024866479889652186,-0.005126026756523183,-0.001837808026956955,stop
short,2023-12-01 17:30:00,2023-12-01 17:31:00,2023-12-01 22:09:00,2100.74,2075.7,2113.0,2076.2199999999993,0.3,0.0058360387292098114,0.011919609280539256,0.0032758827841617767,target
short,2023-12-04 17:45:00,2023-12-04 17:46:00,2023-12-04 18:48:00,2259.89,2270.18,2270.69,2238.2899999999995,0.3,0.004778993667833471,-0.004553318966852293,-0.001665995690055688,stop
short,2023-12-08 05:45:00,2023-12-08 05:46:00,2023-12-08 10:53:00,2368.15,2385.8,2385.13,2334.19,0.3,0.007170153917615023,-0.007453075185271274,-0.002535922555581382,stop
short,2023-12-08 11:00:00,2023-12-08 11:01:00,2023-12-08 12:16:00,2379.74,2385.0,2388.0,2363.2199999999993,0.3,0.0034709674166086293,-0.0022103254977434705,-0.0009630976493230411,stop
short,2023-12-08 12:30:00,2023-12-08 12:31:00,2023-12-08 13:09:00,2385.91,2368.27,2395.0,2367.7299999999996,0.3,0.0038098670947354033,0.00739340545116951,0.0019180216353508529,target
long,2023-12-09 23:00:00,2023-12-09 23:01:00,2023-12-10 07:34:00,2353.24,2337.05,2336.79,2386.1399999999994,0.3,0.006990362223997476,-0.0068798762557154,-0.00236396287671462,stop
short,2023-12-11 02:45:00,2023-12-11 02:46:00,2023-12-11 04:40:00,2356.69,2362.8,2364.48,2341.11,0.3,0.003305483538352504,-0.00259261930928556,-0.001077785792785668,stop
long,2023-12-13 12:30:00,2023-12-13 12:31:00,2023-12-13 23:04:00,2163.86,2205.35,2144.0,2203.5800000000004,0.3,0.009178042941780026,0.01917406856266113,0.005452220568798338,target
short,2023-12-13 23:30:00,2023-12-13 23:31:00,2023-12-13 23:34:00,2215.66,2219.81,2219.87,2207.24,0.3,0.0019001110278653026,-0.001873031060722452,-0.0008619093182167356,stop
short,2023-12-14 19:00:00,2023-12-14 19:01:00,2023-12-14 19:36:00,2286.55,2290.51,2291.74,2276.170000000001,0.3,0.0022697951061641333,-0.001731866786206293,-0.0008195600358618879,stop
long,2023-12-15 23:00:00,2023-12-15 23:01:00,2023-12-15 23:26:00,2243.97,2234.95,2233.53,2264.849999999999,0.3,0.004652468615890409,-0.004019661581928458,-0.0015058984745785371,stop
long,2023-12-17 14:00:00,2023-12-17 14:01:00,2023-12-17 14:39:00,2213.96,2206.52,2206.35,2229.1800000000003,0.3,0.003437279806319955,-0.0033604943178738855,-0.0013081482953621656,stop
long,2023-12-17 22:45:00,2023-12-17 22:46:00,2023-12-18 04:30:00,2214.49,2245.3,2198.91,2245.6499999999996,0.3,0.007035479952494673,0.013912909970241527,0.003873872991072458,target
long,2023-12-18 18:45:00,2023-12-18 18:46:00,2023-12-19 03:40:00,2135.19,2174.92,2115.0,2175.57,0.3,0.009455832970368002,0.018607243383492733,0.00528217301504782,target
short,2023-12-20 22:45:00,2023-12-20 22:46:00,2023-12-21 00:57:00,2253.98,2219.12,2268.0,2225.94,0.3,0.006220108430420848,0.015465975740689863,0.004339792722206959,target
long,2023-12-24 18:45:00,2023-12-24 18:46:00,2023-12-25 04:44:00,2285.54,2274.16,2273.31,2310.0,0.3,0.0053510330162674985,-0.004979129658636561,-0.0017937388975909681,stop
long,2023-12-26 14:15:00,2023-12-26 14:16:00,2023-12-26 17:46:00,2231.96,2225.6,2218.0,2259.88,0.3,0.006254592376207475,-0.0028495134321404603,-0.001154854029642138,stop
long,2023-12-27 00:30:00,2023-12-27 00:31:00,2023-12-27 01:35:00,2225.01,2209.39,2206.12,2262.790000000001,0.3,0.008489849483822691,-0.007020193167671329,-0.0024060579503013984,stop
long,2023-12-29 04:45:00,2023-12-29 04:46:00,2023-12-29 05:48:00,2353.34,2340.89,2340.06,2379.9000000000005,0.3,0.005643043504126135,-0.005290353285118288,-0.0018871059855354862,stop
long,2023-12-29 06:15:00,2023-12-29 06:16:00,2023-12-29 09:02:00,2347.19,2331.41,2335.0,2371.57,0.3,0.005193444075682009,-0.0067229325278311824,-0.0023168797583493547,stop
long,2023-12-30 00:30:00,2023-12-30 00:31:00,2023-12-30 01:46:00,2315.52,2289.99,2290.5,2365.56,0.3,0.01080534825870646,-0.011025601160862486,-0.0036076803482587455,stop
long,2023-12-30 06:30:00,2023-12-30 06:31:00,2023-12-30 18:31:00,2276.91,2284.52,2253.98,2322.7699999999995,0.3,0.010070665946392188,0.003342248925078284,0.0007026746775234852,time
short,2023-12-31 00:30:00,2023-12-31 00:31:00,2023-12-31 01:11:00,2317.21,2305.19,2323.82,2303.99,0.3,0.002852568390435104,0.00518727262526919,0.0012561817875807572,target
short,2024-01-02 07:45:00,2024-01-02 07:46:00,2024-01-02 07:59:00,2347.06,2353.13,2352.56,2336.06,0.3,0.0023433572213748264,-0.002586214242499274,-0.0010758642727497821,stop
short,2024-01-02 09:15:00,2024-01-02 09:16:00,2024-01-02 16:19:00,2382.48,2400.4,2401.3,2344.8399999999997,0.3,0.007899331788724423,-0.00752157415802035,-0.002556472247406105,stop
short,2024-01-04 22:00:00,2024-01-04 22:01:00,2024-01-04 22:45:00,2238.8,2252.53,2248.36,2219.6800000000003,0.3,0.004270144720385896,-0.006132749687332462,-0.0021398249061997383,stop
short,2024-01-05 04:45:00,2024-01-05 04:46:00,2024-01-05 08:38:00,2284.69,2262.72,2296.52,2261.03,0.3,0.00517794536676745,0.009616184252568272,0.0025848552757704816,target
long,2024-01-06 01:15:00,2024-01-06 01:16:00,2024-01-06 04:55:00,2219.89,2254.97,2206.15,2247.3699999999994,0.3,0.006189495875921682,0.015802584812760978,0.004440775443828294,target
long,2024-01-08 06:45:00,2024-01-08 06:46:00,2024-01-08 07:29:00,2220.51,2213.48,2206.43,2248.670000000001,0.3,0.006340885652395342,-0.0031659393562740723,-0.0012497818068822216,stop
short,2024-01-11 19:00:00,2024-01-11 19:01:00,2024-01-11 19:30:00,2634.22,2651.63,2650.7,2601.2599999999998,0.3,0.006256121356606517,-0.006609167039958841,-0.0022827501119876523,stop
long,2024-01-14 21:15:00,2024-01-14 21:16:00,2024-01-14 21:44:00,2537.56,2526.85,2531.93,2548.82,0.3,0.0022186667507369715,-0.0042205898579738,-0.0015661769573921398,stop
long,2024-01-15 03:30:00,2024-01-15 03:31:00,2024-01-15 03:53:00,2512.98,2504.84,2502.8,2533.3399999999997,0.3,0.004050967377376595,-0.003239182166193122,-0.0012717546498579365,stop
long,2024-01-15 04:15:00,2024-01-15 04:16:00,2024-01-15 07:36:00,2512.21,2475.27,2478.13,2580.37,0.3,0.013565744901899095,-0.014704184761624273,-0.004711255428487281,stop
short,2024-01-15 22:00:00,2024-01-15 22:01:00,2024-01-15 22:28:00,2539.73,2522.19,2549.33,2520.53,0.3,0.003779929362570001,0.006906245939529043,0.001771873781858713,target
long,2024-01-18 01:00:00,2024-01-18 01:01:00,2024-01-18 02:12:00,2532.51,2520.59,2522.0,2553.5300000000007,0.3,0.004150032971242055,-0.0047067928655760705,-0.001712037859672821,stop
long,2024-01-18 21:30:00,2024-01-18 21:31:00,2024-01-18 21:36:00,2506.77,2514.38,2503.5,2513.31,0.3,0.0013044675020045643,0.003035779110169612,0.0006107337330508835,target
long,2024-01-19 02:00:00,2024-01-19 02:01:00,2024-01-19 02:10:00,2484.79,2464.99,2466.34,2521.6899999999996,0.3,0.007425174763259598,-0.007968480233742192,-0.0026905440701226577,stop
long,2024-01-22 11:30:00,2024-01-22 11:31:00,2024-01-22 12:19:00,2434.5,2424.06,2423.38,2456.74,0.3,0.004567673033477055,-0.004288354898336455,-0.0015865064695009363,stop
long,2024-01-22 13:15:00,2024-01-22 13:16:00,2024-01-22 16:41:00,2418.02,2407.0,2401.19,2451.68,0.3,0.006960240196524399,-0.004557447829215633,-0.0016672343487646897,stop
long,2024-01-22 23:00:00,2024-01-22 23:01:00,2024-01-22 23:19:00,2372.6,2356.0,2356.01,2405.7799999999993,0.3,0.006992329090449166,-0.006996543875916639,-0.0023989631627749915,stop
long,2024-01-23 20:00:00,2024-01-23 20:01:00,2024-01-23 20:35:00,2220.65,2205.04,2202.28,2257.39,0.3,0.008272352689527791,-0.007029473352396898,-0.0024088420057190693,stop
short,2024-01-24 19:00:00,2024-01-24 19:01:00,2024-01-24 21:45:00,2252.33,2227.4,2264.99,2227.01,0.3,0.005620845968397107,0.011068537914071142,0.0030205613742213424,target
short,2024-01-28 12:15:00,2024-01-28 12:16:00,2024-01-28 12:51:00,2285.39,2295.99,2294.6,2266.97,0.3,0.0040299467486949875,-0.004638158038671625,-0.0016914474116014873,stop
long,2024-01-29 23:00:00,2024-01-29 23:01:00,2024-01-29 23:53:00,2244.96,2268.77,2233.05,2268.7799999999997,0.3,0.005305217019456852,0.010605979616563399,0.0028817938849690196,target
short,2024-01-30 01:15:00,2024-01-30 01:16:00,2024-01-30 06:30:00,2300.74,2316.01,2315.0,2272.2199999999993,0.3,0.0061980058589845965,-0.006636995053765471,-0.0022910985161296413,stop
short,2024-01-30 06:45:00,2024-01-30 06:46:00,2024-01-30 09:37:00,2315.2,2323.9,2323.0,2299.5999999999995,0.3,0.0033690393918452757,-0.0037577747062889078,-0.0014273324118866722,stop
short,2024-01-31 02:45:00,2024-01-31 02:46:00,2024-01-31 04:18:00,2372.92,2380.74,2381.88,2355.0,0.3,0.003775938506144344,-0.00329551775871062,-0.0012886553276131858,stop
short,2024-01-31 05:45:00,2024-01-31 05:46:00,2024-01-31 06:56:00,2384.51,2367.82,2393.81,2365.9100000000008,0.3,0.0039001723624559033,0.006999341583805552,0.0017998024751416657,target
short,2024-02-02 20:30:00,2024-02-02 20:31:00,2024-02-02 21:16:00,2320.58,2313.51,2324.8,2312.1399999999994,0.3,0.0018185108895191094,0.003046652130070826,0.0006139956390212478,target
short,2024-02-05 21:45:00,2024-02-05 21:46:00,2024-02-05 22:41:00,2332.74,2322.44,2338.76,2320.699999999999,0.3,0.002580656224011436,0.004415408489587214,0.0010246225468761641,target
short,2024-02-06 18:45:00,2024-02-06 18:46:00,2024-02-06 21:32:00,2321.17,2345.1,2343.99,2275.5300000000007,0.3,0.009831248896030756,-0.01030945600709976,-0.003392836802129928,stop
short,2024-02-07 03:45:00,2024-02-07 03:46:00,2024-02-07 03:58:00,2372.28,2379.55,2378.83,2359.1800000000007,0.3,0.002761056873556126,-0.0030645623619471873,-0.0012193687085841562,stop
short,2024-02-11 16:30:00,2024-02-11 16:31:00,2024-02-11 21:57:00,2531.18,2511.09,2540.8,2511.939999999999,0.3,0.0038005989301433903,0.007937009616068247,0.002081102884820474,target
short,2024-02-13 03:30:00,2024-02-13 03:31:00,2024-02-13 04:55:00,2629.3,2646.5,2642.87,2602.1600000000008,0.3,0.005161069486174916,-0.006541665081960968,-0.00226249952458829,stop
short,2024-02-14 18:30:00,2024-02-14 18:31:00,2024-02-14 18:44:00,2746.82,2759.92,2758.3,2723.86,0.3,0.004179378335675442,-0.00476915123670274,-0.0017307453710108218,stop
short,2024-02-19 12:45:00,2024-02-19 12:46:00,2024-02-19 13:57:00,2891.71,2906.03,2904.63,2865.87,0.3,0.004467944572588563,-0.004952087173333508,-0.0017856261520000523,stop
short,2024-02-20 02:15:00,2024-02-20 02:16:00,2024-02-20 02:22:00,2944.82,2948.63,2954.62,2925.2200000000007,0.3,0.0033278774254452653,-0.0012937972439741596,-0.0006881391731922478,stop
short,2024-02-21 07:30:00,2024-02-21 07:31:00,2024-02-21 14:41:00,3008.73,2962.62,3035.56,2955.07,0.3,0.008917383746630614,0.015325403077045885,0.004297620923113765,target
long,2024-02-21 20:15:00,2024-02-21 20:16:00,2024-02-21 22:36:00,2908.47,2875.03,2880.0,2965.4099999999994,0.3,0.009788651765361102,-0.011497453987835415,-0.0037492361963506245,stop
long,2024-02-21 22:45:00,2024-02-21 22:46:00,2024-02-22 07:21:00,2896.53,2955.35,2866.86,2955.8700000000003,0.3,0.010243291110397639,0.020307057064832712,0.005792117119449813,target
short,2024-02-23 04:45:00,2024-02-23 04:46:00,2024-02-23 10:56:00,3004.57,2938.51,3037.98,2937.7500000000005,0.3,0.011119727614933203,0.021986507220667195,0.006295952166200158,target
short,2024-02-27 04:15:00,2024-02-27 04:16:00,2024-02-27 09:49:00,3178.99,3214.11,3199.99,3136.99,0.3,0.0066058716762242104,-0.011047533965190315,-0.003614260189557094,stop
short,2024-02-27 10:15:00,2024-02-27 10:16:00,2024-02-27 20:55:00,3235.55,3290.22,3289.99,3126.670000000001,0.2971666054371807,0.016825578340622028,-0.016896663627512964,-0.0053182907788390885,stop
short,2024-02-27 21:00:00,2024-02-27 21:01:00,2024-02-28 09:01:00,3254.39,3255.49,3292.0,3179.1699999999996,0.3,0.011556697261237937,-0.0003380049717458533,-0.00040140149152375596,time
short,2024-02-28 16:15:00,2024-02-28 16:16:00,2024-02-28 16:54:00,3291.91,3325.89,3318.44,3238.8499999999995,0.3,0.008059151070351316,-0.010322274910310458,-0.0033966824730931374,stop
short,2024-02-28 18:15:00,2024-02-28 18:16:00,2024-02-28 19:53:00,3343.7,3285.44,3372.91,3285.2799999999997,0.3,0.00873583156383648,0.01742381194485143,0.004927143583455429,target
long,2024-03-01 05:45:00,2024-03-01 05:46:00,2024-03-01 06:37:00,3329.11,3307.69,3308.03,3371.27,0.3,0.006332022672726322,-0.006434152070673549,-0.0022302456212020647,stop
short,2024-03-04 17:00:00,2024-03-04 17:01:00,2024-03-04 18:39:00,3534.53,3489.34,3556.66,3490.270000000001,0.3,0.006261087046934006,0.012785292528285197,0.003535587758485559,target
short,2024-03-05 09:45:00,2024-03-05 09:46:00,2024-03-05 09:56:00,3640.88,3655.92,3657.84,3606.96,0.3,0.004658214497593998,-0.004130869460130526,-0.0015392608380391578,stop
short,2024-03-05 10:00:00,2024-03-05 10:01:00,2024-03-05 10:38:00,3644.17,3613.83,3660.0,3612.51,0.3,0.004343924679693847,0.008325626960323018,0.0021976880880969054,target
long,2024-03-06 03:30:00,2024-03-06 03:31:00,2024-03-06 03:36:00,3573.0,3527.55,3532.14,3654.7200000000003,0.3,0.011435768261964772,-0.012720403022669968,-0.00411612090680099,stop
short,2024-03-06 20:15:00,2024-03-06 20:16:00,2024-03-06 20:46:00,3873.01,3804.03,3904.09,3810.8500000000004,0.3,0.008024766267063582,0.01781043684369521,0.005043131053108563,target
short,2024-03-08 15:45:00,2024-03-08 15:46:00,2024-03-08 16:37:00,3929.66,3950.8,3950.0,3888.9799999999996,0.3,0.0051760203172793945,-0.005379600270761342,-0.0019138800812284024,stop
short,2024-03-10 09:30:00,2024-03-10 09:31:00,2024-03-10 11:05:00,3935.62,3915.34,3945.0,3916.8599999999997,0.3,0.002383360182131433,0.005152936513179607,0.001245880953953882,target
short,2024-03-10 12:30:00,2024-03-10 12:31:00,2024-03-10 16:56:00,3939.55,3955.43,3955.0,3908.6500000000005,0.3,0.003921767714586645,-0.004030917236740095,-0.0015092751710220284,stop
long,2024-03-11 09:00:00,2024-03-11 09:01:00,2024-03-11 15:38:00,3817.01,4008.47,3721.34,4008.3500000000004,0.1994883453538203,0.02506412086947639,0.05015967995892057,0.009806783213128424,target
short,2024-03-11 16:15:00,2024-03-11 16:16:00,2024-03-11 17:56:00,4010.02,4034.38,4032.82,3964.4199999999996,0.3,0.005685757178268483,-0.006074782669413192,-0.002122434800823958,stop
long,2024-03-12 23:15:00,2024-03-12 23:16:00,2024-03-13 00:21:00,3997.58,3942.8,3944.06,4104.62,0.3,0.013388099800379225,-0.013703290490746811,-0.004410987147224043,stop
short,2024-03-13 15:30:00,2024-03-13 15:31:00,2024-03-13 16:30:00,4060.49,4080.0,4082.72,4016.0299999999997,0.3,0.0054747087174208085,-0.004804838824870927,-0.0017414516474612781,stop
long,2024-03-14 20:30:00,2024-03-14 20:31:00,2024-03-14 21:37:00,3936.88,3906.47,3895.0,4020.6400000000003,0.3,0.010637865517872047,-0.007724390888216082,-0.0026173172664648242,stop
long,2024-03-14 23:45:00,2024-03-14 23:46:00,2024-03-15 02:47:00,3864.06,3814.3,3820.0,3952.18,0.3,0.011402514453709297,-0.0128776468274302,-0.00416329404822906,stop
long,2024-03-15 11:00:00,2024-03-15 11:01:00,2024-03-15 11:24:00,3742.23,3680.09,3701.0,3824.69,0.3,0.0110174949161329,-0.016605072376631003,-0.0052815217129893,stop
long,2024-03-17 03:00:00,2024-03-17 03:01:00,2024-03-17 05:21:00,3608.37,3559.34,3570.27,3684.5699999999997,0.3,0.010558784160160935,-0.013587852686947177,-0.004376355806084153,stop
long,2024-03-17 05:45:00,2024-03-17 05:46:00,2024-03-17 06:02:00,3563.85,3547.66,3540.89,3609.77,0.3,0.006442470923299252,-0.0045428399062811264,-0.001662851971884338,stop
long,2024-03-17 07:30:00,2024-03-17 07:31:00,2024-03-17 14:58:00,3522.39,3455.01,3468.0,3631.1699999999996,0.3,0.015441220307802338,-0.019129057259417492,-0.0060387171778252475,stop
long,2024-03-18 23:00:00,2024-03-18 23:01:00,2024-03-18 23:20:00,3518.93,3490.2,3490.98,3574.8299999999995,0.3,0.007942755326192853,-0.008164413614365706,-0.0027493240843097116,stop
long,2024-03-19 01:15:00,2024-03-19 01:16:00,2024-03-19 08:56:00,3500.83,3455.12,3454.55,3593.3899999999994,0.3,0.01321972218016863,-0.013056903648563378,-0.004217071094569013,stop
long,2024-03-19 09:45:00,2024-03-19 09:46:00,2024-03-19 11:40:00,3415.67,3383.21,3383.6,3479.8100000000004,0.3,0.009389080326846612,-0.009503259975348954,-0.003150977992604686,stop
long,2024-03-19 14:00:00,2024-03-19 14:01:00,2024-03-19 14:44:00,3383.05,3353.57,3354.18,3440.790000000001,0.3,0.008533719572575146,-0.008714030238985537,-0.002914209071695661,stop
long,2024-03-19 15:00:00,2024-03-19 15:01:00,2024-03-19 15:04:00,3375.92,3348.31,3348.6,3430.5600000000004,0.3,0.008092608829593166,-0.008178511339131278,-0.0027535534017393832,stop
long,2024-03-19 15:30:00,2024-03-19 15:31:00,2024-03-19 16:20:00,3349.94,3308.08,3306.0,3437.82,0.3,0.01311665283557319,-0.012495746192469182,-0.004048723857740754,stop
long,2024-03-19 17:15:00,2024-03-19 17:16:00,2024-03-19 19:11:00,3257.7,3204.91,3204.83,3363.4399999999996,0.3,0.016229241489394326,-0.016204684286459714,-0.005161405285937914,stop
long,2024-03-20 07:00:00,2024-03-20 07:01:00,2024-03-20 07:04:00,3216.82,3186.7,3185.09,3280.28,0.3,0.009863778514184822,-0.009363284237228209,-0.0031089852711684626,stop
short,2024-03-20 23:15:00,2024-03-20 23:16:00,2024-03-21 00:02:00,3359.6,3283.66,3397.99,3282.82,0.3,0.011426955589951148,0.02260388141445413,0.006481164424336239,target
short,2024-03-21 05:00:00,2024-03-21 05:01:00,2024-03-21 05:26:00,3465.45,3501.92,3499.99,3396.37,0.3,0.00996695955792176,-0.010523885786838827,-0.003457165736051648,stop
short,2024-03-21 06:30:00,2024-03-21 06:31:00,2024-03-21 07:09:00,3515.7,3526.18,3526.59,3493.919999999999,0.3,0.003097533919276482,-0.0029809141849417298,-0.0011942742554825188,stop
short,2024-03-21 07:45:00,2024-03-21 07:46:00,2024-03-21 08:42:00,3512.17,3540.59,3536.0,3464.51,0.3,0.006784979087003171,-0.008091863434856572,-0.0027275590304569716,stop
long,2024-03-22 20:15:00,2024-03-22 20:16:00,2024-03-22 21:37:00,3414.73,3375.57,3381.04,3482.11,0.3,0.009866080187891884,-0.011467963792159197,-0.003740389137647759,stop
long,2024-03-23 05:45:00,2024-03-23 05:46:00,2024-03-23 07:43:00,3270.14,3316.36,3246.0,3318.4199999999996,0.3,0.007381946950283436,0.014133951451619886,0.0039401854354859656,target
short,2024-03-24 01:00:00,2024-03-24 01:01:00,2024-03-24 04:11:00,3418.19,3382.62,3436.68,3381.2100000000005,0.3,0.005409295562856301,0.010406092113077414,0.002821827633923224,target
short,2024-03-25 13:45:00,2024-03-25 13:46:00,2024-03-25 14:38:00,3492.19,3463.5,3507.09,3462.39,0.3,0.004266663612231892,0.008215475103015568,0.0021646425309046705,target
long,2024-03-27 17:15:00,2024-03-27 17:16:00,2024-03-27 17:55:00,3546.61,3573.06,3532.6,3574.6300000000006,0.3,0.003950251084838823,0.007457825923910422,0.0019373477771731265,target
short,2024-03-31 16:45:00,2024-03-31 16:46:00,2024-03-31 22:27:00,3621.55,3632.97,3634.93,3594.790000000001,0.3,0.003694550675815508,-0.0031533459430352906,-0.0012460037829105871,stop
long,2024-04-02 00:15:00,2024-04-02 00:16:00,2024-04-02 01:38:00,3460.0,3421.94,3430.01,3519.9799999999996,0.3,0.008667630057803405,-0.01100000000000001,-0.003600000000000003,stop
long,2024-04-02 01:45:00,2024-04-02 01:46:00,2024-04-02 03:24:00,3433.05,3475.34,3412.44,3474.2700000000004,0.3,0.006003408048237027,0.012318492302762829,0.0033955476908288486,target
long,2024-04-02 21:45:00,2024-04-02 21:46:00,2024-04-02 23:59:00,3261.67,3236.95,3233.07,3318.87,0.3,0.008768514288692575,-0.007578939622953973,-0.0025736818868861916,stop
long,2024-04-03 08:45:00,2024-04-03 08:46:00,2024-04-03 16:39:00,3249.91,3348.31,3200.1,3349.5299999999997,0.3,0.015326578274475276,0.03027776153801187,0.008783328461403561,target
long,2024-04-04 12:30:00,2024-04-04 12:31:00,2024-04-04 14:15:00,3270.01,3308.19,3251.0,3308.0300000000007,0.3,0.00581343787939493,0.011675805272766793,0.003202741581830038,target
short,2024-04-04 21:30:00,2024-04-04 21:31:00,2024-04-04 22:10:00,3367.95,3378.6,3380.88,3342.0899999999992,0.3,0.0038391306284239054,-0.0031621609584464583,-0.0012486482875339374,stop
short,2024-04-04 23:00:00,2024-04-04 23:01:00,2024-04-05 01:52:00,3382.55,3404.0,3397.18,3353.290000000001,0.3,0.004325139317970068,-0.006341369676723163,-0.0022024109030169487,stop
short,2024-04-05 02:15:00,2024-04-05 02:16:00,2024-04-05 03:02:00,3422.14,3373.69,3445.85,3374.72,0.3,0.006928413215122712,0.014157807687587232,0.00394734230627617,target
long,2024-04-05 20:15:00,2024-04-05 20:16:00,2024-04-05 22:17:00,3242.62,3309.26,3208.0,3311.8599999999997,0.3,0.010676551677347297,0.02055128260480732,0.005865384781442196,target
short,2024-04-06 13:45:00,2024-04-06 13:46:00,2024-04-06 23:14:00,3340.3,3355.2,3353.94,3313.0200000000004,0.3,0.004083465556985861,-0.004460677184683792,-0.0016382031554051375,stop
short,2024-04-07 05:15:00,2024-04-07 05:16:00,2024-04-07 06:52:00,3360.81,3368.95,3368.95,3344.53,0.3,0.00242203516414194,-0.002422035164141967,-0.00102661054924259,stop
short,2024-04-07 10:15:00,2024-04-07 10:16:00,2024-04-07 21:38:00,3393.61,3417.0,3415.41,3350.0100000000007,0.3,0.006423837742109355,-0.006892365357244801,-0.00236770960717344,stop
short,2024-04-07 21:45:00,2024-04-07 21:46:00,2024-04-08 01:32:00,3410.12,3381.52,3425.8,3378.7599999999993,0.3,0.00459807865998859,0.008386801637478958,0.0022160404912436875,target
short,2024-04-08 07:00:00,2024-04-08 07:01:00,2024-04-08 07:10:00,3422.31,3431.37,3430.81,3405.31,0.3,0.002483702528409174,-0.0026473346949866805,-0.0010942004084960042,stop
short,2024-04-11 15:00:00,2024-04-11 15:01:00,2024-04-11 15:08:00,3578.59,3587.0,3586.93,3561.9100000000008,0.3,0.0023305268276051995,-0.002350087604335638,-0.0010050262813006913,stop
short,2024-04-11 15:15:00,2024-04-11 15:16:00,2024-04-11 15:19:00,3583.12,3594.3,3591.3,3566.7599999999993,0.3,0.0022829266114448555,-0.0031201857598965876,-0.0012360557279689761,stop
long,2024-04-12 00:45:00,2024-04-12 00:46:00,2024-04-12 01:12:00,3487.97,3516.53,3473.0,3517.9099999999994,0.3,0.004291894712397125,0.008188143820044402,0.002156443146013321,target
long,2024-04-12 22:00:00,2024-04-12 22:01:00,2024-04-12 22:52:00,3463.78,3449.4,3447.77,3495.8000000000006,0.3,0.004622118032900535,-0.004151533873398505,-0.0015454601620195514,stop
long,2024-04-13 00:30:00,2024-04-13 00:31:00,2024-04-13 01:22:00,3430.48,3395.21,3407.9,3475.64,0.3,0.006582169259112407,-0.010281360042909471,-0.003384408012872841,stop
long,2024-04-16 02:30:00,2024-04-16 02:31:00,2024-04-16 03:01:00,3087.42,3042.19,3041.19,3179.88,0.3,0.01497366733389044,-0.01464977230179243,-0.004694931690537729,stop
long,2024-04-16 13:00:00,2024-04-16 13:01:00,2024-04-16 15:33:00,3025.99,3107.7,2985.01,3107.949999999999,0.3,0.013542675289739743,0.027002732989864553,0.007800819896959365,target
long,2024-04-17 22:45:00,2024-04-17 22:46:00,2024-04-17 23:31:00,2997.0,2948.56,2940.09,3110.8199999999997,0.26331049024776026,0.01898898898898894,-0.016162829496162878,-0.004519153048673367,stop
long,2024-04-17 23:45:00,2024-04-17 23:46:00,2024-04-18 00:06:00,2950.1,2923.57,2925.0,3000.2999999999997,0.3,0.008508186163180878,-0.008992915494389964,-0.002997874648316989,stop
short,2024-04-18 22:45:00,2024-04-18 22:46:00,2024-04-18 23:01:00,3075.62,3086.25,3093.53,3039.7999999999993,0.3,0.005823216132032016,-0.0034562137065048404,-0.001336864111951452,stop
long,2024-04-19 10:45:00,2024-04-19 10:46:00,2024-04-19 11:00:00,2886.8,2943.53,2862.9,2934.6000000000004,0.3,0.0082790633227103,0.01965151725093528,0.0055954551752805835,target
short,2024-04-21 10:45:00,2024-04-21 10:46:00,2024-04-21 11:07:00,3165.25,3194.77,3189.44,3116.87,0.3,0.007642366321775548,-0.009326277545217643,-0.0030978832635652925,stop
short,2024-04-22 12:00:00,2024-04-22 12:01:00,2024-04-22 13:23:00,3195.99,3216.06,3210.97,3166.0299999999997,0.3,0.004687123551700731,-0.006279744304581669,-0.002183923291374501,stop
short,2024-04-23 22:45:00,2024-04-23 22:46:00,2024-04-24 10:46:00,3237.67,3232.26,3265.23,3182.55,0.3,0.008512294335123698,0.001670954729790175,0.00020128641893705249,time
short,2024-04-24 20:15:00,2024-04-24 20:16:00,2024-04-24 21:03:00,3282.46,3260.0,3293.88,3259.62,0.3,0.0034790979935780094,0.006842429153744445,0.0017527287461233335,target
long,2024-04-25 03:15:00,2024-04-25 03:16:00,2024-04-25 15:16:00,3140.1,3157.66,3102.4,3215.4999999999995,0.3,0.012005987070475404,0.005592178593038399,0.0013776535779115198,time
short,2024-04-26 03:15:00,2024-04-26 03:16:00,2024-04-26 04:04:00,3163.84,3176.32,3176.38,3138.76,0.3,0.003963537979164548,-0.0039445736826135835,-0.001483372104784075,stop
short,2024-04-26 04:15:00,2024-04-26 04:16:00,2024-04-26 05:13:00,3159.88,3181.15,3180.99,3117.6600000000008,0.3,0.006680633441776166,-0.00673126827601056,-0.002319380482803168,stop
short,2024-04-26 05:30:00,2024-04-26 05:31:00,2024-04-26 05:36:00,3184.15,3186.36,3190.71,3171.03,0.3,0.0020602044501672172,-0.0006940627797058507,-0.0005082188339117551,stop
short,2024-04-28 11:45:00,2024-04-28 11:46:00,2024-04-28 15:14:00,3315.55,3332.0,3331.64,3283.370000000001,0.3,0.004852890169051798,-0.0049614694394595205,-0.001788440831837856,stop
long,2024-04-29 11:45:00,2024-04-29 11:46:00,2024-04-29 11:59:00,3198.74,3177.0,3183.3,3229.619999999999,0.3,0.004826900592108017,-0.006796426092773977,-0.002338927827832193,stop
long,2024-04-29 15:00:00,2024-04-29 15:01:00,2024-04-29 19:52:00,3180.82,3152.17,3150.0,3242.4600000000005,0.3,0.009689325394080822,-0.009007111373796728,-0.0030021334121390184,stop
long,2024-04-29 20:45:00,2024-04-29 20:46:00,2024-04-29 21:38:00,3161.97,3138.2,3128.0,3229.9099999999994,0.3,0.010743302434874398,-0.007517465377596899,-0.0025552396132790694,stop
long,2024-04-30 17:45:00,2024-04-30 17:46:00,2024-04-30 19:30:00,3055.44,3016.8,3021.14,3124.0400000000004,0.3,0.011225879087791015,-0.0126462964417563,-0.004093888932526889,stop
long,2024-05-01 16:15:00,2024-05-01 16:16:00,2024-05-01 16:20:00,2865.43,2840.05,2845.51,2905.269999999999,0.3,0.006951836199104364,-0.008857309374160183,-0.002957192812248055,stop
short,2024-05-03 05:45:00,2024-05-03 05:46:00,2024-05-03 10:10:00,3000.61,3018.47,3017.65,2966.53,0.3,0.005678845301455358,-0.0059521230683092785,-0.0020856369204927836,stop
short,2024-05-03 10:30:00,2024-05-03 10:31:00,2024-05-03 14:18:00,3019.64,2984.48,3037.88,2983.1599999999994,0.3,0.006040455153594547,0.011643772105284,0.0031931316315852,target
short,2024-05-04 00:30:00,2024-05-04 00:31:00,2024-05-04 00:50:00,3082.2,3070.21,3088.38,3069.8399999999992,0.3,0.002005061319836575,0.0038900785153460626,0.0008670235546038188,target
short,2024-05-04 05:00:00,2024-05-04 05:01:00,2024-05-04 09:30:00,3111.05,3129.37,3127.7,3077.750000000001,0.3,0.0053518908407128255,-0.005888687099210754,-0.002066606129763226,stop
short,2024-05-06 14:30:00,2024-05-06 14:31:00,2024-05-06 16:19:00,3183.43,3191.99,3192.99,3164.31,0.3,0.00300305016915715,-0.002688923582425229,-0.0011066770747275687,stop
long,2024-05-07 03:30:00,2024-05-07 03:31:00,2024-05-07 09:48:00,3061.31,3093.24,3045.6,3092.73,0.3,0.005131789985333088,0.010430175317102774,0.0028290525951308325,target
long,2024-05-08 08:45:00,2024-05-08 08:46:00,2024-05-08 15:51:00,3017.15,2991.78,2994.11,3063.23,0.3,0.007636345557894027,-0.008408597517524763,-0.002822579255257429,stop
long,2024-05-08 16:15:00,2024-05-08 16:16:00,2024-05-08 16:49:00,3000.26,2983.54,2985.53,3029.7200000000003,0.3,0.004909574503543032,-0.005572850352969505,-0.0019718551058908514,stop
long,2024-05-08 17:30:00,2024-05-08 17:31:00,2024-05-08 17:36:00,2995.15,2980.86,2981.63,3022.19,0.3,0.0045139642421915364,-0.004771046525215761,-0.0017313139575647282,stop
short,2024-05-10 00:30:00,2024-05-10 00:31:00,2024-05-10 00:56:00,3016.69,2997.84,3026.49,2997.0900000000006,0.3,0.0032485936572865383,0.006248570453046165,0.0015745711359138495,target
long,2024-05-11 00:00:00,2024-05-11 00:01:00,2024-05-11 00:05:00,2916.01,2904.4,2906.14,2935.750000000001,0.3,0.0033847620549999295,-0.003981467827613772,-0.0014944403482841314,stop
long,2024-05-11 00:15:00,2024-05-11 00:16:00,2024-05-11 01:27:00,2930.94,2892.61,2884.59,3023.64,0.3,0.015814039181968893,-0.013077715681658386,-0.004223314704497516,stop
long,2024-05-11 02:00:00,2024-05-11 02:01:00,2024-05-11 08:23:00,2890.22,2918.87,2874.91,2920.8399999999997,0.3,0.005297174609545275,0.009912740206627912,0.002673822061988374,target
short,2024-05-13 16:30:00,2024-05-13 16:31:00,2024-05-13 16:45:00,2974.96,2984.02,2982.5,2959.88,0.3,0.0025344878586602724,-0.0030454190980719886,-0.0012136257294215966,stop
short,2024-05-15 18:00:00,2024-05-15 18:01:00,2024-05-15 19:26:00,2922.04,2897.46,2934.54,2897.04,0.3,0.004277833294547645,0.00841193139039842,0.002223579417119526,target
short,2024-05-15 21:45:00,2024-05-15 21:46:00,2024-05-15 23:14:00,2968.7,2981.26,2982.71,2940.6799999999994,0.3,0.004719237376629575,-0.004230808097820837,-0.001569242429346251,stop
short,2024-05-15 23:45:00,2024-05-15 23:46:00,2024-05-16 02:19:00,2977.75,2994.46,2993.56,2946.13,0.3,0.005309377885987724,-0.005611619511376009,-0.0019834858534128028,stop
short,2024-05-16 04:15:00,2024-05-16 04:16:00,2024-05-16 07:41:00,3016.5,3030.82,3029.96,2989.58,0.3,0.004462124979280635,-0.004747223603513984,-0.001724167081054195,stop
short,2024-05-16 08:00:00,2024-05-16 08:01:00,2024-05-16 09:23:00,3032.34,3016.17,3040.92,3015.1800000000003,0.3,0.002829498011436688,0.005332515483092326,0.0012997546449276978,target
long,2024-05-16 23:15:00,2024-05-16 23:16:00,2024-05-17 01:30:00,2950.23,2925.9,2930.61,2989.47,0.3,0.006650328957403284,-0.008246814655128554,-0.002774044396538566,stop
short,2024-05-18 00:15:00,2024-05-18 00:16:00,2024-05-18 02:02:00,3106.99,3083.01,3120.0,3080.9699999999993,0.3,0.004187332434285343,0.007718080843517217,0.002015424253055165,target
short,2024-05-18 11:30:00,2024-05-18 11:31:00,2024-05-18 17:52:00,3112.82,3125.93,3127.0,3084.4600000000005,0.3,0.004555354951458753,-0.004211615191369811,-0.001563484557410943,stop
short,2024-05-18 20:00:00,2024-05-18 20:01:00,2024-05-18 21:39:00,3135.41,3110.97,3147.42,3111.3899999999994,0.3,0.0038304400381450015,0.0077948338494806535,0.002038450154844196,target
long,2024-05-19 21:45:00,2024-05-19 21:46:00,2024-05-19 23:14:00,3081.81,3066.14,3068.31,3108.81,0.3,0.0043805426032104515,-0.0050846742660969335,-0.0018254022798290799,stop
long,2024-05-20 00:45:00,2024-05-20 00:46:00,2024-05-20 03:32:00,3066.22,3081.17,3058.01,3082.639999999999,0.3,0.002677563906047049,0.004875710157783875,0.0011627130473351624,target
long,2024-05-20 05:45:00,2024-05-20 05:46:00,2024-05-20 09:34:00,3066.1,3052.96,3052.3,3093.6999999999994,0.3,0.004500831675418195,-0.004285574508333001,-0.0015856723524999001,stop
long,2024-05-20 09:45:00,2024-05-20 09:46:00,2024-05-20 12:38:00,3069.71,3111.09,3048.0,3113.13,0.3,0.007072329307980244,0.013480100726127153,0.0037440302178381457,target
short,2024-05-21 22:00:00,2024-05-21 22:01:00,2024-05-22 00:32:00,3772.01,3831.39,3838.09,3639.8500000000004,0.285412378934625,0.0175185113507122,-0.015742270036399608,-0.004778451119854703,stop
short,2024-05-22 00:45:00,2024-05-22 00:46:00,2024-05-22 12:46:00,3776.0,3725.45,3845.0,3638.0,0.27362318840579714,0.018273305084745763,0.013387182203389858,0.0033894202898550802,time
short,2024-05-26 16:30:00,2024-05-26 16:31:00,2024-05-26 16:36:00,3806.98,3789.89,3815.0,3790.94,0.3,0.0021066567200247917,0.00448912261162393,0.0010467367834871791,target
short,2024-05-27 01:00:00,2024-05-27 01:01:00,2024-05-27 09:48:00,3858.35,3886.67,3884.9,3805.2499999999995,0.3,0.0068811797789210885,-0.007339925097515909,-0.0025019775292547727,stop
long,2024-05-30 15:15:00,2024-05-30 15:16:00,2024-05-30 15:53:00,3746.91,3720.72,3730.48,3779.7699999999995,0.3,0.004384946529273411,-0.006989759561878972,-0.0023969278685636915,stop
short,2024-06-01 22:45:00,2024-06-01 22:46:00,2024-06-02 00:17:00,3809.06,3797.85,3814.65,3797.8799999999997,0.3,0.001467553674659928,0.0029429833082177392,0.0005828949924653218,target
short,2024-06-02 05:30:00,2024-06-02 05:31:00,2024-06-02 05:38:00,3809.19,3816.38,3817.94,3791.69,0.3,0.0022970762813091495,-0.0018875403957272496,-0.0008662621187181749,stop
short,2024-06-03 13:30:00,2024-06-03 13:31:00,2024-06-03 14:29:00,3824.82,3833.06,3832.51,3809.44,0.3,0.002010552130557792,-0.002154349747177653,-0.0009463049241532958,stop
short,2024-06-05 09:45:00,2024-06-05 09:46:00,2024-06-05 10:14:00,3829.24,3806.63,3842.0,3803.7199999999993,0.3,0.003332253919837936,0.005904565919085725,0.0014713697757257173,target
long,2024-06-10 14:15:00,2024-06-10 14:16:00,2024-06-10 14:34:00,3681.21,3677.02,3676.4,3690.83,0.3,0.0013066355899282968,-0.001138212707234909,-0.0006414638121704727,stop
long,2024-06-10 15:15:00,2024-06-10 15:16:00,2024-06-10 15:54:00,3672.66,3660.0,3661.0,3695.9799999999996,0.3,0.003174810627719379,-0.0034470928427896563,-0.0013341278528368969,stop
long,2024-06-11 15:00:00,2024-06-11 15:01:00,2024-06-11 23:09:00,3535.11,3494.92,3491.6,3622.1300000000006,0.3,0.012307962128476969,-0.011368811720144478,-0.0037106435160433435,stop
long,2024-06-11 23:15:00,2024-06-11 23:16:00,2024-06-11 23:39:00,3529.21,3487.0,3485.0,3617.63,0.3,0.012526882786799321,-0.011960183723836226,-0.0038880551171508676,stop
long,2024-06-15 01:15:00,2024-06-15 01:16:00,2024-06-15 02:09:00,3400.73,3375.61,3378.25,3445.69,0.3,0.006610345425835047,-0.007386649337054019,-0.0025159948011162056,stop
short,2024-06-15 23:30:00,2024-06-15 23:31:00,2024-06-16 04:20:00,3578.18,3540.04,3594.29,3545.9599999999996,0.3,0.004502288873114301,0.010659050131631154,0.002897715039489346,target
long,2024-06-18 09:00:00,2024-06-18 09:01:00,2024-06-18 09:23:00,3477.92,3452.47,3450.5,3532.76,0.3,0.007884022634218174,-0.0073175921240282715,-0.0024952776372084815,stop
short,2024-06-20 01:30:00,2024-06-20 01:31:00,2024-06-20 09:34:00,3568.36,3584.82,3588.0,3529.0800000000004,0.3,0.0055039289757759504,-0.0046127632862156265,-0.001683828985864688,stop
short,2024-06-20 09:45:00,2024-06-20 09:46:00,2024-06-20 15:18:00,3570.47,3594.4,3594.94,3521.5299999999993,0.3,0.006853439463151981,-0.0067021988701767565,-0.0023106596610530266,stop
long,2024-06-20 22:30:00,2024-06-20 22:31:00,2024-06-21 00:05:00,3520.01,3489.83,3491.55,3576.9300000000003,0.3,0.008085204303396876,-0.008573839278865791,-0.0028721517836597372,stop
long,2024-06-21 00:15:00,2024-06-21 00:16:00,2024-06-21 12:16:00,3511.21,3509.28,3486.5,3560.63,0.3,0.0070374600209044845,-0.0005496680631462691,-0.00046490041894388075,time
short,2024-06-23 11:15:00,2024-06-23 11:16:00,2024-06-23 11:50:00,3510.24,3516.71,3517.61,3495.499999999999,0.3,0.0020995715392680687,-0.0018431788139843253,-0.0008529536441952976,stop
long,2024-06-23 23:15:00,2024-06-23 23:16:00,2024-06-23 23:47:00,3487.38,3479.0,3478.0,3506.1400000000003,0.3,0.002689698283525199,-0.002402950065665377,-0.001020885019699613,stop
long,2024-06-24 11:00:00,2024-06-24 11:01:00,2024-06-24 12:15:00,3404.97,3388.68,3386.64,3441.6299999999997,0.3,0.005383307341914886,-0.0047841831205560625,-0.0017352549361668186,stop
long,2024-06-28 23:00:00,2024-06-28 23:01:00,2024-06-29 00:21:00,3411.5,3402.19,3403.66,3427.1800000000003,0.3,0.0022981093360692206,-0.0027290048365821162,-0.0011187014509746347,stop
long,2024-06-29 01:00:00,2024-06-29 01:01:00,2024-06-29 03:18:00,3394.92,3371.33,3373.0,3438.76,0.3,0.006456705901759121,-0.0069486173459168965,-0.0023845852037750687,stop
long,2024-06-29 03:30:00,2024-06-29 03:31:00,2024-06-29 15:31:00,3384.0,3400.13,3366.6,3418.8,0.3,0.005141843971631232,0.004766548463357001,0.0011299645390071002,time
long,2024-06-30 11:00:00,2024-06-30 11:01:00,2024-06-30 15:03:00,3362.23,3382.41,3353.01,3380.6699999999996,0.3,0.0027422276286868537,0.006001968931334201,0.0015005906794002602,target
long,2024-07-03 18:45:00,2024-07-03 18:46:00,2024-07-03 20:49:00,3312.22,3280.41,3280.07,3376.519999999999,0.3,0.009706480849701903,-0.009603830663422075,-0.0031811491990266223,stop
long,2024-07-03 21:00:00,2024-07-03 21:01:00,2024-07-03 21:54:00,3289.68,3316.81,3275.06,3318.9199999999996,0.3,0.0044442012596969584,0.00824700274798773,0.002174100824396319,target
long,2024-07-04 03:30:00,2024-07-04 03:31:00,2024-07-04 04:57:00,3281.48,3260.35,3251.0,3342.44,0.3,0.00928849177810013,-0.006439167692626535,-0.0022317503077879603,stop
long,2024-07-04 10:15:00,2024-07-04 10:16:00,2024-07-04 16:41:00,3209.03,3163.14,3150.39,3326.310000000001,0.2736212482946779,0.01827343465159264,-0.0143002714215823,-0.004186479365620735,stop
long,2024-07-04 17:15:00,2024-07-04 17:16:00,2024-07-04 21:02:00,3148.23,3129.39,3125.17,3194.35,0.3,0.007324750732951514,-0.005984314996045459,-0.0020952944988136377,stop
long,2024-07-05 12:30:00,2024-07-05 12:31:00,2024-07-06 00:31:00,2900.21,2976.2,2803.48,3093.67,0.14991264344050445,0.03335275721413278,0.026201550922174466,0.0037780311175436574,time
short,2024-07-07 01:00:00,2024-07-07 01:01:00,2024-07-07 04:29:00,3049.0,3070.53,3067.85,3011.3,0.3,0.006182354870449298,-0.007061331584125918,-0.0024183994752377752,stop
short,2024-07-07 04:45:00,2024-07-07 04:46:00,2024-07-07 05:04:00,3061.95,3075.09,3077.0,3031.8499999999995,0.3,0.004915168438413489,-0.0042913829422428496,-0.0015874148826728548,stop
short,2024-07-07 05:15:00,2024-07-07 05:16:00,2024-07-07 12:52:00,3065.81,3030.36,3082.74,3031.9500000000003,0.3,0.005522194787021974,0.011563012711159448,0.0031689038133478347,target
long,2024-07-08 08:15:00,2024-07-08 08:16:00,2024-07-08 08:39:00,2938.35,2907.87,2920.84,2973.3699999999994,0.3,0.005959126720778588,-0.010373168615039008,-0.003411950584511702,stop
short,2024-07-11 21:00:00,2024-07-11 21:01:00,2024-07-11 22:21:00,3191.3,3142.15,3216.66,3140.580000000001,0.3,0.007946604831886589,0.01540124714066371,0.004320374142199113,target
short,2024-07-14 13:15:00,2024-07-14 13:16:00,2024-07-14 16:27:00,3187.45,3208.23,3206.66,3149.0299999999997,0.3,0.006026761204097331,-0.006519317950085535,-0.0022557953850256603,stop
short,2024-07-14 17:00:00,2024-07-14 17:01:00,2024-07-14 17:33:00,3210.22,3225.41,3221.0,3188.6599999999994,0.3,0.0033580253066768633,-0.004731762932135508,-0.0017195288796406523,stop
short,2024-07-14 17:45:00,2024-07-14 17:46:00,2024-07-14 22:04:00,3211.91,3180.66,3227.77,3180.1899999999996,0.3,0.004937871858177885,0.009729413339726212,0.0026188240019178635,target
short,2024-07-15 11:15:00,2024-07-15 11:16:00,2024-07-15 13:09:00,3320.75,3336.16,3343.0,3276.25,0.3,0.006700293608371603,-0.004640517955281087,-0.001692155386584326,stop
short,2024-07-15 13:15:00,2024-07-15 13:16:00,2024-07-15 14:25:00,3332.0,3347.25,3347.64,3300.7200000000003,0.3,0.00469387755102037,-0.004576830732292869,-0.0016730492196878606,stop
short,2024-07-15 15:00:00,2024-07-15 15:01:00,2024-07-15 15:44:00,3348.54,3365.68,3364.73,3316.16,0.3,0.004834942990079275,-0.005118648724518726,-0.0018355946173556177,stop
short,2024-07-15 23:15:00,2024-07-15 23:16:00,2024-07-16 00:42:00,3366.61,3396.6,3395.77,3308.2900000000004,0.3,0.008661531926774962,-0.008908070729903406,-0.0029724212189710217,stop
short,2024-07-16 01:00:00,2024-07-16 01:01:00,2024-07-16 02:33:00,3382.91,3409.42,3405.96,3336.8099999999995,0.3,0.006813660428447751,-0.007836448501438165,-0.0026509345504314493,stop
short,2024-07-16 02:45:00,2024-07-16 02:46:00,2024-07-16 03:22:00,3394.07,3425.49,3413.83,3354.5500000000006,0.3,0.00582191881723116,-0.00925732232982801,-0.003077196698948403,stop
short,2024-07-16 08:15:00,2024-07-16 08:16:00,2024-07-16 13:29:00,3479.27,3435.49,3500.0,3437.81,0.3,0.005958146392777801,0.012583099328307479,0.0034749297984922435,target
short,2024-07-17 09:30:00,2024-07-17 09:31:00,2024-07-17 19:19:00,3497.24,3461.53,3518.43,3454.8599999999997,0.3,0.006059063718818284,0.010210909174091398,0.0027632727522274195,target
short,2024-07-19 23:15:00,2024-07-19 23:16:00,2024-07-20 00:02:00,3459.9,3486.25,3475.17,3429.36,0.3,0.004413422353247198,-0.007615827047024348,-0.0025847481141073043,stop
long,2024-07-21 15:15:00,2024-07-21 15:16:00,2024-07-21 22:24:00,3487.61,3508.61,3477.2,3508.4300000000007,0.3,0.002984852090686834,0.006021315456716803,0.0015063946370150409,target
short,2024-07-22 06:15:00,2024-07-22 06:16:00,2024-07-22 08:46:00,3528.91,3549.51,3549.41,3487.91,0.3,0.005809159202133237,-0.005837496564095046,-0.0020512489692285137,stop
short,2024-07-22 09:00:00,2024-07-22 09:01:00,2024-07-22 13:48:00,3540.09,3490.81,3564.0,3492.2700000000004,0.3,0.006754065574603994,0.013920550042513136,0.0038761650127539403,target
short,2024-07-23 17:45:00,2024-07-23 17:46:00,2024-07-23 19:01:00,3529.46,3502.79,3542.0,3504.38,0.3,0.0035529514429969355,0.007556396729244685,0.0019669190187734057,target
long,2024-07-24 01:15:00,2024-07-24 01:16:00,2024-07-24 03:14:00,3417.82,3473.42,3389.47,3474.520000000001,0.3,0.008294760987998303,0.016267679397978796,0.004580303819393639,target
long,2024-07-25 12:15:00,2024-07-25 12:16:00,2024-07-25 22:08:00,3161.63,3120.82,3127.79,3229.3100000000004,0.3,0.01070333973298588,-0.012907898773733772,-0.004172369632120132,stop
short,2024-07-26 13:45:00,2024-07-26 13:46:00,2024-07-26 13:53:00,3257.75,3265.0,3263.4,3246.45,0.3,0.0017343258383854165,-0.002225462358990127,-0.000967638707697038,stop
short,2024-07-26 15:30:00,2024-07-26 15:31:00,2024-07-26 15:56:00,3267.17,3249.35,3276.67,3248.17,0.3,0.0029077152397946845,0.005454261639278091,0.0013362784917834273,target
short,2024-07-27 04:00:00,2024-07-27 04:01:00,2024-07-27 06:46:00,3271.65,3282.22,3286.68,3241.5900000000006,0.3,0.004594012195681001,-0.0032307856891782283,-0.0012692357067534683,stop
short,2024-07-27 22:00:00,2024-07-27 22:01:00,2024-07-27 22:28:00,3318.4,3296.94,3328.1,3299.0000000000005,0.3,0.00292309546769522,0.006466972034715579,0.0016400916104146737,target
long,2024-07-28 03:15:00,2024-07-28 03:16:00,2024-07-28 04:16:00,3243.59,3237.84,3230.64,3269.4900000000007,0.3,0.003992489802965317,-0.0017727271325906901,-0.000831818139777207,stop
short,2024-07-29 12:15:00,2024-07-29 12:16:00,2024-07-29 13:59:00,3344.8,3367.59,3366.99,3300.420000000001,0.3,0.006634178426213704,-0.006813561348959496,-0.0023440684046878487,stop
long,2024-07-31 02:15:00,2024-07-31 02:16:00,2024-07-31 03:11:00,3296.16,3274.47,3275.0,3338.4799999999996,0.3,0.006419591281976559,-0.0065803844473569795,-0.0022741153342070936,stop
long,2024-08-01 09:45:00,2024-08-01 09:46:00,2024-08-01 10:20:00,3214.71,3189.39,3190.02,3264.09,0.3,0.0076803195311552375,-0.007876293662569922,-0.0026628880987709766,stop
long,2024-08-01 13:15:00,2024-08-01 13:16:00,2024-08-01 23:01:00,3161.16,3137.86,3136.0,3211.4799999999996,0.3,0.00795910362019001,-0.007370712017107595,-0.002511213605132278,stop
long,2024-08-02 00:15:00,2024-08-02 00:16:00,2024-08-02 00:28:00,3121.01,3100.58,3100.07,3162.8900000000003,0.3,0.006709366519171696,-0.006545957879020015,-0.0022637873637060043,stop
long,2024-08-02 02:15:00,2024-08-02 02:16:00,2024-08-02 02:43:00,3115.32,3083.22,3088.0,3169.9600000000005,0.3,0.008769564603315282,-0.010303917414583474,-0.003391175224375042,stop
long,2024-08-03 05:45:00,2024-08-03 05:46:00,2024-08-03 08:54:00,3013.42,2965.47,2968.0,3104.26,0.3,0.015072575346284312,-0.015912152969051907,-0.0050736458907155715,stop
long,2024-08-04 00:30:00,2024-08-04 00:31:00,2024-08-04 00:47:00,2951.11,2910.01,2911.0,3031.3300000000004,0.3,0.013591496081135615,-0.013926963074910814,-0.004478088922473244,stop
long,2024-08-04 01:00:00,2024-08-04 01:01:00,2024-08-04 01:17:00,2938.34,2910.4,2909.0,2997.0200000000004,0.3,0.009985229755576327,-0.00950877025803687,-0.0031526310774110606,stop
long,2024-08-04 01:45:00,2024-08-04 01:46:00,2024-08-04 01:59:00,2914.02,2902.7,2901.87,2938.32,0.3,0.0041694978071530366,-0.0038846679158002217,-0.0014654003747400664,stop
long,2024-08-04 02:45:00,2024-08-04 02:46:00,2024-08-04 03:29:00,2910.85,2884.05,2892.14,2948.27,0.3,0.006427675764810978,-0.009206932682893187,-0.0030620798048679562,stop
short,2024-08-06 22:30:00,2024-08-06 22:31:00,2024-08-07 04:03:00,2530.51,2477.07,2556.6,2478.330000000001,0.3,0.010310174628829638,0.02111827260117527,0.006035481780352581,target
long,2024-08-08 05:00:00,2024-08-08 05:01:00,2024-08-08 09:45:00,2345.79,2439.29,2306.73,2423.91,0.3,0.016651106876574607,0.039858640372752996,0.011657592111825899,target
short,2024-08-11 17:00:00,2024-08-11 17:01:00,2024-08-11 17:19:00,2685.0,2700.05,2698.34,2658.3199999999997,0.3,0.004968342644320352,-0.005605214152700322,-0.0019815642458100966,stop
long,2024-08-12 04:45:00,2024-08-12 04:46:00,2024-08-12 08:32:00,2567.99,2523.85,2539.61,2624.749999999999,0.3,0.011051444904380335,-0.017188540453817902,-0.00545656213614537,stop
short,2024-08-14 14:30:00,2024-08-14 14:31:00,2024-08-14 18:38:00,2737.0,2753.84,2751.84,2707.3199999999997,0.3,0.005421994884910539,-0.006152721958348595,-0.0021458165875045784,stop
long,2024-08-15 14:15:00,2024-08-15 14:16:00,2024-08-15 14:23:00,2639.78,2619.42,2623.15,2673.0400000000004,0.3,0.006299767404859537,-0.007712763942449796,-0.0026138291827349385,stop
long,2024-08-15 15:45:00,2024-08-15 15:46:00,2024-08-15 20:41:00,2612.13,2666.17,2588.03,2660.33,0.3,0.009226187058071347,0.020688097453036347,0.005906429235910904,target
long,2024-08-16 03:00:00,2024-08-16 03:01:00,2024-08-16 03:10:00,2548.21,2543.68,2541.0,2562.63,0.3,0.002829437134302132,-0.0017777184768916765,-0.0008333155430675029,stop
long,2024-08-16 03:45:00,2024-08-16 03:46:00,2024-08-16 04:56:00,2536.21,2517.64,2521.0,2566.63,0.3,0.005997137461014678,-0.007321948892244801,-0.00249658466767344,stop
short,2024-08-17 02:15:00,2024-08-17 02:16:00,2024-08-17 05:23:00,2618.63,2592.48,2631.58,2592.7300000000005,0.3,0.004945334010532155,0.009986137789607552,0.0026958413368822656,target
short,2024-08-18 21:00:00,2024-08-18 21:01:00,2024-08-19 07:51:00,2665.02,2615.74,2688.71,2617.64,0.3,0.008889239105147448,0.018491418450893526,0.005247425535268058,target
long,2024-08-19 18:15:00,2024-08-19 18:16:00,2024-08-19 21:19:00,2579.01,2603.4,2567.0,2603.0300000000007,0.3,0.004656825681172317,0.009457117265927684,0.002537135179778305,target
short,2024-08-20 09:15:00,2024-08-20 09:16:00,2024-08-20 13:16:00,2654.29,2676.91,2678.0,2606.87,0.3,0.008932708935346189,-0.008522052978385819,-0.0028566158935157456,stop
short,2024-08-22 04:15:00,2024-08-22 04:16:00,2024-08-22 10:47:00,2647.21,2612.59,2665.73,2610.17,0.3,0.006996044892547241,0.013077919772137458,0.003623375931641237,target
short,2024-08-24 04:30:00,2024-08-24 04:31:00,2024-08-24 05:20:00,2752.1,2765.38,2762.95,2730.4,0.3,0.00394244395189125,-0.004825406053559078,-0.0017476218160677234,stop
short,2024-08-24 06:15:00,2024-08-24 06:16:00,2024-08-24 06:25:00,2775.39,2788.55,2786.8,2752.5699999999993,0.3,0.004111133930726965,-0.004741675944642143,-0.0017225027833926427,stop
short,2024-08-24 06:45:00,2024-08-24 06:46:00,2024-08-24 18:46:00,2777.67,2774.69,2802.01,2728.99,0.3,0.008762739994311831,0.0010728416262550944,2.185248787652834e-05,time
long,2024-08-26 10:30:00,2024-08-26 10:31:00,2024-08-26 17:33:00,2737.35,2719.76,2718.12,2775.81,0.3,0.00702504246808045,-0.006425922881618917,-0.002227776864485675,stop
long,2024-08-26 17:45:00,2024-08-26 17:46:00,2024-08-26 22:16:00,2727.37,2707.53,2710.0,2762.1099999999997,0.3,0.006368772847101747,-0.007274407212809253,-0.0024823221638427756,stop
long,2024-08-26 22:30:00,2024-08-26 22:31:00,2024-08-26 23:17:00,2720.28,2705.88,2705.66,2749.520000000001,0.3,0.005374446748128996,-0.005293572720455275,-0.0018880718161365824,stop
long,2024-08-26 23:30:00,2024-08-26 23:31:00,2024-08-27 01:47:00,2721.94,2692.39,2703.15,2759.52,0.3,0.006903164654621323,-0.01085622754359028,-0.003556868263077084,stop
long,2024-08-27 02:30:00,2024-08-27 02:31:00,2024-08-27 04:09:00,2695.9,2672.45,2674.81,2738.0800000000004,0.3,0.007822990467005506,-0.00869839385733906,-0.0029095181572017176,stop
long,2024-08-27 05:30:00,2024-08-27 05:31:00,2024-08-27 13:35:00,2676.23,2695.03,2666.66,2695.3700000000003,0.3,0.003575925835970811,0.007024807284874646,0.0018074421854623935,target
long,2024-08-27 20:15:00,2024-08-27 20:16:00,2024-08-27 20:45:00,2628.0,2615.77,2610.11,2663.7799999999997,0.3,0.006807458143074533,-0.0046537290715372714,-0.0016961187214611813,stop
short,2024-08-29 19:30:00,2024-08-29 19:31:00,2024-08-29 19:47:00,2556.18,2568.79,2564.95,2538.64,0.3,0.0034309007972834395,-0.004933142423459991,-0.0017799427270379971,stop
short,2024-08-29 23:45:00,2024-08-29 23:46:00,2024-08-30 02:16:00,2580.51,2546.38,2596.0,2549.5300000000007,0.3,0.006002689390856761,0.013226067715296663,0.0036678203145889985,target
long,2024-08-30 06:15:00,2024-08-30 06:16:00,2024-08-30 11:12:00,2523.44,2505.21,2505.81,2558.7000000000003,0.3,0.006986494626383076,-0.0072242652886536085,-0.002467279586596082,stop
long,2024-08-30 13:30:00,2024-08-30 13:31:00,2024-08-30 14:44:00,2511.06,2529.01,2503.0,2527.18,0.3,0.003209799845483559,0.007148375586405908,0.0018445126759217725,target
long,2024-08-30 22:00:00,2024-08-30 22:01:00,2024-08-30 22:39:00,2525.01,2493.88,2492.29,2590.4500000000007,0.3,0.012958364521328728,-0.012328664044894966,-0.00399859921346849,stop
long,2024-08-30 23:15:00,2024-08-30 23:16:00,2024-08-31 00:28:00,2465.64,2442.99,2434.68,2527.56,0.3,0.012556577602569733,-0.009186255901104778,-0.0030558767703314335,stop
long,2024-09-03 22:45:00,2024-09-03 22:46:00,2024-09-03 22:48:00,2455.01,2449.61,2449.22,2466.590000000001,0.3,0.0023584425318024845,-0.0021995837084166636,-0.0009598751125249991,stop
long,2024-09-06 04:00:00,2024-09-06 04:01:00,2024-09-06 09:42:00,2363.9,2400.94,2347.36,2396.98,0.3,0.006996911882905353,0.015669021532213723,0.0044007064596641166,target
long,2024-09-06 23:00:00,2024-09-06 23:01:00,2024-09-06 23:18:00,2336.41,2283.02,2311.25,2386.7299999999996,0.3,0.010768657898228418,-0.02285129750343473,-0.007155389251030419,stop
long,2024-09-07 00:30:00,2024-09-07 00:31:00,2024-09-07 00:42:00,2270.79,2254.36,2257.0,2298.37,0.3,0.0060727764346328655,-0.007235367427194883,-0.0024706102281584646,stop
long,2024-09-07 04:45:00,2024-09-07 04:46:00,2024-09-07 04:51:00,2207.89,2180.03,2184.24,2255.19,0.3,0.010711584363351477,-0.012618382256362248,-0.004085514676908674,stop
long,2024-09-07 05:15:00,2024-09-07 05:16:00,2024-09-07 14:55:00,2193.84,2279.38,2149.34,2282.84,0.24649887640449442,0.020284068118003134,0.03899099296211217,0.009364737078651706,target
short,2024-09-11 04:45:00,2024-09-11 04:46:00,2024-09-11 04:58:00,2391.4,2380.27,2396.4,2381.4,0.3,0.0020908254578907754,0.004654177469264886,0.001096253240779466,target
long,2024-09-13 00:00:00,2024-09-13 00:01:00,2024-09-13 00:59:00,2323.38,2339.6,2314.5,2341.1400000000003,0.3,0.0038220179221651685,0.006981208411882545,0.0017943625235647635,target
short,2024-09-14 00:15:00,2024-09-14 00:16:00,2024-09-14 01:47:00,2407.64,2421.46,2419.99,2382.94,0.3,0.005129504410958411,-0.005740060806432856,-0.0020220182419298568,stop
short,2024-09-14 02:00:00,2024-09-14 02:01:00,2024-09-14 02:38:00,2407.96,2428.49,2427.81,2368.26,0.3,0.008243492416817518,-0.008525889134370912,-0.0028577667403112735,stop
long,2024-09-16 10:00:00,2024-09-16 10:01:00,2024-09-16 10:55:00,2281.05,2258.62,2260.02,2323.1100000000006,0.3,0.009219438416518795,-0.009833190855088825,-0.003249957256526647,stop
short,2024-09-17 21:15:00,2024-09-17 21:16:00,2024-09-17 21:24:00,2318.46,2327.32,2327.36,2300.66,0.3,0.0038387550356702685,-0.0038215022040493096,-0.0014464506612147927,stop
short,2024-09-17 21:45:00,2024-09-17 21:46:00,2024-09-17 22:12:00,2312.56,2328.8,2330.0,2277.68,0.3,0.007541425952191535,-0.00702252049676555,-0.002406756149029665,stop
short,2024-09-19 02:45:00,2024-09-19 02:46:00,2024-09-19 07:57:00,2335.79,2366.0,2366.31,2274.75,0.3,0.013066243112608575,-0.012933525702224946,-0.004180057710667484,stop
short,2024-09-19 15:15:00,2024-09-19 15:16:00,2024-09-19 15:38:00,2417.97,2430.59,2428.23,2397.4499999999994,0.3,0.0042432288241790505,-0.005219254167752485,-0.0018657762503257454,stop
short,2024-09-19 16:00:00,2024-09-19 16:01:00,2024-09-19 20:06:00,2436.57,2444.43,2443.81,2422.0900000000006,0.3,0.00297139010986747,-0.003225846168999791,-0.001267753850699937,stop
short,2024-09-19 20:15:00,2024-09-19 20:16:00,2024-09-19 21:47:00,2445.09,2426.5,2453.65,2427.9700000000003,0.3,0.0035008936276374057,0.0076029921188995875,0.0019808976356698762,target
short,2024-09-20 01:00:00,2024-09-20 01:01:00,2024-09-20 01:23:00,2475.71,2456.96,2484.85,2457.4300000000003,0.3,0.0036918702109697307,0.007573584951387713,0.0019720754854163137,target
short,2024-09-20 16:00:00,2024-09-20 16:01:00,2024-09-20 16:36:00,2562.2,2542.64,2572.96,2540.6799999999994,0.3,0.0041995160409024354,0.007634064475841029,0.001990219342752309,target
short,2024-09-22 08:00:00,2024-09-22 08:01:00,2024-09-22 08:08:00,2615.73,2626.61,2627.12,2592.9500000000003,0.3,0.004354424959762618,-0.004159450707833079,-0.0015478352123499235,stop
long,2024-09-24 10:45:00,2024-09-24 10:46:00,2024-09-24 14:19:00,2620.38,2642.22,2610.01,2641.12,0.3,0.003957441287141518,0.008334669017470597,0.002200400705241179,target
long,2024-09-26 07:00:00,2024-09-26 07:01:00,2024-09-26 11:50:00,2571.96,2605.49,2554.0,2607.88,0.3,0.00698300129084435,0.013036750182739976,0.0036110250548219928,target
short,2024-09-26 22:30:00,2024-09-26 22:31:00,2024-09-26 23:35:00,2627.68,2655.2,2654.99,2573.06,0.3,0.010393198562990907,-0.010473116970102891,-0.0034419350910308674,stop
long,2024-09-30 08:45:00,2024-09-30 08:46:00,2024-09-30 09:48:00,2640.43,2620.79,2625.0,2671.2899999999995,0.3,0.005843745147570599,-0.007438182417257799,-0.0025314547251773394,stop
long,2024-10-01 02:45:00,2024-10-01 02:46:00,2024-10-01 08:51:00,2589.3,2620.38,2573.74,2620.420000000001,0.3,0.006009346155331711,0.012003244120032397,0.003300973236009719,target
long,2024-10-01 22:45:00,2024-10-01 22:46:00,2024-10-01 22:52:00,2567.44,2549.25,2550.21,2601.9,0.3,0.006710965007945665,-0.007084878322375587,-0.002425463496712676,stop
long,2024-10-03 03:15:00,2024-10-03 03:16:00,2024-10-03 03:46:00,2390.64,2371.06,2373.0,2425.9199999999996,0.3,0.007378777231201634,-0.008190275407422232,-0.002757082622226669,stop
long,2024-10-03 04:30:00,2024-10-03 04:31:00,2024-10-03 04:54:00,2370.51,2390.66,2359.69,2392.1500000000005,0.3,0.004564418627215309,0.00850028053034979,0.0022500841591049374,target
long,2024-10-03 17:15:00,2024-10-03 17:16:00,2024-10-03 18:33:00,2332.45,2360.58,2318.05,2361.249999999999,0.3,0.006173765782760461,0.012060279963128862,0.0033180839889386583,target
short,2024-10-04 20:45:00,2024-10-04 20:46:00,2024-10-04 23:56:00,2376.66,2407.62,2399.68,2330.62,0.3,0.009685861671421232,-0.013026684506828978,-0.004208005352048693,stop
short,2024-10-06 21:15:00,2024-10-06 21:16:00,2024-10-06 22:27:00,2430.65,2439.37,2437.8,2416.35,0.3,0.002941599983543534,-0.0035875177421675897,-0.0013762553226502768,stop
short,2024-10-07 09:45:00,2024-10-07 09:46:00,2024-10-07 09:57:00,2493.04,2499.01,2497.92,2483.2799999999997,0.3,0.001957449539518062,-0.002394666752238317,-0.0010184000256714951,stop
short,2024-10-07 11:00:00,2024-10-07 11:01:00,2024-10-07 11:38:00,2505.92,2489.58,2513.81,2490.1400000000003,0.3,0.003148544247222526,0.0065205593155408526,0.0016561677946622558,target
long,2024-10-08 23:45:00,2024-10-08 23:46:00,2024-10-09 02:04:00,2418.95,2455.46,2400.8,2455.249999999999,0.3,0.007503255544761007,0.015093325616486686,0.004227997684946006,target
short,2024-10-09 06:00:00,2024-10-09 06:01:00,2024-10-09 07:06:00,2456.61,2436.63,2467.44,2434.9500000000003,0.3,0.004408514171968659,0.008133159109504517,0.0021399477328513552,target
long,2024-10-10 02:30:00,2024-10-10 02:31:00,2024-10-10 02:47:00,2425.31,2414.75,2416.0,2443.93,0.3,0.0038386845392959852,-0.004354082570887874,-0.001606224771266362,stop
long,2024-10-10 04:30:00,2024-10-10 04:31:00,2024-10-10 04:48:00,2413.61,2403.95,2402.4,2436.03,0.3,0.004644495175276883,-0.004002303603316326,-0.0015006910809948978,stop
short,2024-10-11 20:45:00,2024-10-11 20:46:00,2024-10-11 21:32:00,2419.25,2429.03,2429.07,2399.6099999999997,0.3,0.004059109228066617,-0.00404257517825779,-0.001512772553477337,stop
short,2024-10-11 23:30:00,2024-10-11 23:31:00,2024-10-12 03:07:00,2439.01,2460.0,2454.4,2408.2300000000005,0.3,0.006309937228629596,-0.008605950775109505,-0.0028817852325328515,stop
short,2024-10-12 03:30:00,2024-10-12 03:31:00,2024-10-12 06:00:00,2464.42,2449.97,2472.0,2449.26,0.3,0.0030757744215677224,0.005863448600482157,0.0014590345801446473,target
short,2024-10-17 12:15:00,2024-10-17 12:16:00,2024-10-17 14:05:00,2640.0,2622.0,2649.14,2621.7200000000003,0.3,0.003462121212121164,0.006818181818181834,0.0017454545454545505,target
long,2024-10-17 22:15:00,2024-10-17 22:16:00,2024-10-18 02:17:00,2600.39,2580.55,2582.92,2635.3299999999995,0.3,0.006718223035775326,-0.0076296247870510925,-0.0025888874361153277,stop
long,2024-10-18 02:30:00,2024-10-18 02:31:00,2024-10-18 09:41:00,2591.06,2622.99,2575.2,2622.78,0.3,0.006121046984631821,0.01232314188015704,0.003396942564047112,target
short,2024-10-21 06:15:00,2024-10-21 06:16:00,2024-10-21 06:28:00,2724.66,2744.44,2742.48,2689.0199999999995,0.3,0.006540265574420355,-0.007259621383952641,-0.0024778864151857923,stop
short,2024-10-21 07:00:00,2024-10-21 07:01:00,2024-10-21 08:17:00,2746.84,2761.9,2760.94,2718.6400000000003,0.3,0.005133171207642203,-0.0054826637153966296,-0.0019447991146189887,stop
long,2024-10-21 22:45:00,2024-10-21 22:46:00,2024-10-22 00:34:00,2668.64,2659.0,2659.19,2687.5399999999995,0.3,0.0035411295641224814,-0.0036123268781101947,-0.0013836980634330583,stop
long,2024-10-23 16:15:00,2024-10-23 16:16:00,2024-10-23 16:42:00,2600.44,2588.61,2585.11,2631.1,0.3,0.005895156204334623,-0.004549230130285631,-0.001664769039085689,stop
long,2024-10-23 20:45:00,2024-10-23 20:46:00,2024-10-23 23:12:00,2576.19,2558.82,2556.0,2616.57,0.3,0.007837154868235672,-0.006742515109522174,-0.002322754532856652,stop
long,2024-10-25 13:15:00,2024-10-25 13:16:00,2024-10-25 13:18:00,2487.34,2492.16,2485.59,2490.84,0.3,0.0007035628422330683,0.0019378130854645903,0.00028134392563937714,target
long,2024-10-26 02:15:00,2024-10-26 02:16:00,2024-10-26 07:02:00,2495.27,2454.37,2453.94,2577.93,0.3,0.016563337835184138,-0.016391011794314903,-0.00521730353829447,stop
short,2024-10-28 01:45:00,2024-10-28 01:46:00,2024-10-28 05:44:00,2501.08,2515.18,2512.34,2478.5599999999995,0.3,0.004502055112191621,-0.005637564572104736,-0.001991269371631421,stop
short,2024-10-28 06:00:00,2024-10-28 06:01:00,2024-10-28 06:11:00,2517.7,2524.42,2522.99,2507.12,0.3,0.0021011240417841536,-0.002669102752512309,-0.0011007308257536927,stop
short,2024-10-29 09:30:00,2024-10-29 09:31:00,2024-10-29 10:10:00,2584.31,2597.61,2597.64,2557.65,0.3,0.0051580499243511525,-0.0051464414098929545,-0.0018439324229678861,stop
short,2024-10-29 10:45:00,2024-10-29 10:46:00,2024-10-29 18:40:00,2620.93,2631.31,2632.86,2597.0699999999993,0.3,0.0045518193923532076,-0.003960426260907424,-0.001488127878272227,stop
short,2024-10-30 00:15:00,2024-10-30 00:16:00,2024-10-30 00:23:00,2645.56,2653.54,2652.47,2631.7400000000002,0.3,0.0026119233735012073,-0.003016374604998484,-0.001204912381499545,stop
short,2024-10-30 01:15:00,2024-10-30 01:16:00,2024-10-30 03:23:00,2669.0,2647.08,2682.93,2641.1400000000003,0.3,0.005219183214687087,0.008212813787935591,0.0021638441363806774,target
long,2024-10-31 15:00:00,2024-10-31 15:01:00,2024-10-31 15:03:00,2639.0,2633.99,2633.01,2650.9799999999996,0.3,0.002269799166350808,-0.0018984463812050656,-0.0008695339143615197,stop
long,2024-10-31 15:15:00,2024-10-31 15:16:00,2024-10-31 15:32:00,2637.11,2647.02,2632.0,2647.3300000000004,0.3,0.0019377272847928707,0.003757901642328143,0.000827370492698443,target
long,2024-10-31 16:45:00,2024-10-31 16:46:00,2024-10-31 21:25:00,2633.87,2624.38,2625.02,2651.5699999999997,0.3,0.003360074718949648,-0.0036030631732013596,-0.0013809189519604077,stop
long,2024-11-01 02:30:00,2024-11-01 02:31:00,2024-11-01 02:35:00,2527.88,2512.84,2510.68,2562.2800000000007,0.3,0.006804120448755587,-0.005949649508679156,-0.0020848948526037466,stop
long,2024-11-01 02:45:00,2024-11-01 02:46:00,2024-11-01 04:49:00,2525.94,2504.37,2506.17,2565.48,0.3,0.007826789234898684,-0.008539395235041325,-0.0028618185705123972,stop
long,2024-11-01 05:00:00,2024-11-01 05:01:00,2024-11-01 09:34:00,2519.39,2508.26,2502.0,2554.1699999999996,0.3,0.006902464485450793,-0.0044177360392791964,-0.001625320811783759,stop
long,2024-11-01 09:45:00,2024-11-01 09:46:00,2024-11-01 10:04:00,2520.32,2486.57,2491.0,2578.9600000000005,0.3,0.011633443372270251,-0.01339115667851698,-0.004317347003555094,stop
long,2024-11-03 10:15:00,2024-11-03 10:16:00,2024-11-03 10:26:00,2468.6,2458.25,2460.29,2485.22,0.3,0.0033662804828647596,-0.00419265980717809,-0.0015577979421534268,stop
long,2024-11-03 23:15:00,2024-11-03 23:16:00,2024-11-04 00:12:00,2426.39,2458.91,2413.06,2453.0499999999997,0.3,0.005493758216939539,0.013402626947852658,0.0037207880843557976,target
short,2024-11-04 10:45:00,2024-11-04 10:46:00,2024-11-04 10:52:00,2479.34,2481.78,2482.31,2473.4000000000005,0.3,0.0011978994409801802,-0.0009841328740713973,-0.0005952398622214192,stop
long,2024-11-05 05:30:00,2024-11-05 05:31:00,2024-11-05 05:38:00,2409.6,2391.41,2376.0,2476.7999999999997,0.3,0.013944223107569684,-0.00754897078353256,-0.002564691235059768,stop
short,2024-11-06 20:30:00,2024-11-06 20:31:00,2024-11-06 21:19:00,2640.0,2617.15,2649.9,2620.2,0.3,0.0037500000000000346,0.008655303030303041,0.002296590909090912,target
short,2024-11-08 02:45:00,2024-11-08 02:46:00,2024-11-08 02:59:00,2871.99,2877.42,2885.26,2845.449999999999,0.3,0.004620489625660409,-0.0018906751068075156,-0.0008672025320422547,stop
short,2024-11-08 04:30:00,2024-11-08 04:31:00,2024-11-08 05:00:00,2887.99,2896.85,2904.54,2854.8899999999994,0.3,0.005730629261181716,-0.0030678776588561885,-0.0012203632976568565,stop
short,2024-11-08 08:30:00,2024-11-08 08:31:00,2024-11-08 08:41:00,2944.8,2920.2,2957.0,2920.4000000000005,0.3,0.004142895952186844,0.008353708231458978,0.0022061124694376937,target
short,2024-11-08 22:15:00,2024-11-08 22:16:00,2024-11-08 22:57:00,2942.68,2909.4,2958.59,2910.859999999999,0.3,0.005406636127611671,0.011309418625198742,0.0030928255875596225,target
short,2024-11-09 04:00:00,2024-11-09 04:01:00,2024-11-09 08:44:00,2948.19,2985.63,2984.5,2875.57,0.3,0.012316031192019492,-0.01269931720818529,-0.004109795162455587,stop
short,2024-11-10 07:15:00,2024-11-10 07:16:00,2024-11-10 07:31:00,3137.99,3157.6,3154.0,3105.9699999999993,0.3,0.005101992039490317,-0.006249223228882217,-0.002174766968664665,stop
short,2024-11-11 02:45:00,2024-11-11 02:46:00,2024-11-11 03:45:00,3233.86,3189.19,3252.48,3196.6200000000003,0.3,0.005757825014069839,0.013813213930102153,0.0038439641790306454,target
short,2024-11-11 23:45:00,2024-11-11 23:46:00,2024-11-12 00:21:00,3234.81,3265.93,3265.58,3173.27,0.3,0.009512150636358853,-0.009620348644897136,-0.003186104593469141,stop
short,2024-11-12 03:15:00,2024-11-12 03:16:00,2024-11-12 04:39:00,3311.46,3359.4,3350.99,3232.4000000000005,0.3,0.011937332777687106,-0.014476998061278223,-0.004643099418383467,stop
long,2024-11-13 10:45:00,2024-11-13 10:46:00,2024-11-13 12:00:00,3232.22,3208.71,3205.0,3286.6599999999994,0.3,0.008421456460265639,-0.007273638551831163,-0.0024820915655493487,stop
long,2024-11-13 13:00:00,2024-11-13 13:01:00,2024-11-13 13:49:00,3182.99,3146.32,3148.0,3252.9699999999993,0.3,0.010992808648471967,-0.011520614265203344,-0.003756184279561003,stop
long,2024-11-13 14:15:00,2024-11-13 14:16:00,2024-11-13 14:31:00,3150.32,3127.35,3132.58,3185.8000000000006,0.3,0.005631173975977118,-0.00729132278625666,-0.0024873968358769976,stop
long,2024-11-13 14:45:00,2024-11-13 14:46:00,2024-11-13 16:33:00,3136.45,3174.79,3117.88,3173.5899999999992,0.3,0.005920706531269336,0.012224011222879527,0.003367203366863858,target
long,2024-11-14 23:15:00,2024-11-14 23:16:00,2024-11-14 23:22:00,3127.4,3085.73,3088.47,3205.2600000000007,0.3,0.012448039905352782,-0.013324167039713508,-0.0042972501119140525,stop
long,2024-11-15 00:00:00,2024-11-15 00:01:00,2024-11-15 00:42:00,3086.27,3146.91,3054.0,3150.81,0.3,0.010455987324504978,0.019648313336163126,0.0055944940008489374,target
long,2024-11-20 05:30:00,2024-11-20 05:31:00,2024-11-20 06:33:00,3095.31,3067.14,3067.66,3150.61,0.3,0.008932869405649222,-0.009100865502970623,-0.003030259650891187,stop
long,2024-11-20 06:45:00,2024-11-20 06:46:00,2024-11-20 17:21:00,3086.97,3131.8,3065.01,3130.889999999999,0.3,0.007113771756771068,0.014522330958836704,0.004056699287651011,target
long,2024-11-21 01:30:00,2024-11-21 01:31:00,2024-11-21 02:02:00,3074.24,3061.09,3064.05,3094.619999999999,0.3,0.0033146403663993703,-0.004277479962527253,-0.0015832439887581758,stop
long,2024-11-21 02:15:00,2024-11-21 02:16:00,2024-11-21 02:21:00,3077.0,3055.14,3055.71,3119.58,0.3,0.006919077023074411,-0.007104322391940254,-0.002431296717582076,stop
long,2024-11-21 03:30:00,2024-11-21 03:31:00,2024-11-21 04:21:00,3043.98,3071.9,3030.0,3071.94,0.3,0.004592671436737435,0.009172202182668787,0.002451660654800636,target
long,2024-11-26 18:00:00,2024-11-26 18:01:00,2024-11-26 18:07:00,3354.01,3348.25,3343.6,3374.830000000001,0.3,0.0031037474545395835,-0.001717347294730831,-0.0008152041884192493,stop
long,2024-11-26 19:15:00,2024-11-26 19:16:00,2024-11-26 19:27:00,3322.71,3294.7,3303.6,3360.9300000000003,0.3,0.005751329487075347,-0.00842986598288753,-0.002828959794866259,stop
long,2024-11-27 02:45:00,2024-11-27 02:46:00,2024-11-27 04:09:00,3275.12,3319.56,3253.0,3319.3599999999997,0.3,0.0067539510002686595,0.013568968465277553,0.0037706905395832662,target
short,2024-11-27 21:15:00,2024-11-27 21:16:00,2024-11-27 22:00:00,3478.66,3506.45,3498.99,3438.0,0.3,0.005844204377547656,-0.007988708295723068,-0.0026966124887169204,stop
short,2024-11-28 03:00:00,2024-11-28 03:01:00,2024-11-28 03:23:00,3588.01,3597.13,3595.79,3572.4500000000007,0.3,0.0021683328641781225,-0.0025417989359004522,-0.0010625396807701357,stop
short,2024-11-29 22:15:00,2024-11-29 22:16:00,2024-11-29 22:45:00,3602.34,3620.41,3619.81,3567.4000000000005,0.3,0.004849625521188949,-0.005016183924893225,-0.0018048551774679674,stop
short,2024-11-30 10:45:00,2024-11-30 10:46:00,2024-11-30 11:49:00,3619.39,3650.57,3649.99,3558.19,0.3,0.008454463321167354,-0.00861471131875824,-0.0028844133956274715,stop
short,2024-12-02 11:15:00,2024-12-02 11:16:00,2024-12-02 11:57:00,3739.97,3685.32,3764.06,3691.7899999999995,0.3,0.006441228138193661,0.014612416677138973,0.004083725003141692,target
long,2024-12-02 19:15:00,2024-12-02 19:16:00,2024-12-02 22:04:00,3591.21,3636.86,3570.72,3632.1900000000005,0.3,0.005705597834713157,0.01271159302853353,0.003513477908560059,target
long,2024-12-03 22:45:00,2024-12-03 22:46:00,2024-12-04 08:58:00,3561.53,3682.59,3502.0,3680.5900000000006,0.29913740970938923,0.01671472653606742,0.03399100948188005,0.009868845120107498,target
short,2024-12-04 19:45:00,2024-12-04 19:46:00,2024-12-04 22:48:00,3730.84,3766.14,3754.04,3684.4400000000005,0.3,0.006218438743017609,-0.00946167619088456,-0.003138502857265368,stop
short,2024-12-04 23:45:00,2024-12-04 23:46:00,2024-12-05 00:10:00,3839.6,3812.02,3856.84,3805.1199999999994,0.3,0.004490051046984122,0.007183039899989585,0.0018549119699968757,target
short,2024-12-05 11:15:00,2024-12-05 11:16:00,2024-12-05 16:31:00,3867.61,3906.61,3910.4,3782.03,0.3,0.01106368015389348,-0.010083746810045424,-0.003325124043013627,stop
short,2024-12-05 16:45:00,2024-12-05 16:46:00,2024-12-05 18:14:00,3913.9,3929.49,3926.98,3887.7400000000002,0.3,0.0033419351541940077,-0.003983239224303103,-0.001494971767290931,stop
short,2024-12-05 23:00:00,2024-12-05 23:01:00,2024-12-06 03:42:00,3926.01,3861.95,3958.8,3860.4300000000003,0.3,0.008351990952646571,0.016316820385072983,0.004595046115521895,target
short,2024-12-06 23:45:00,2024-12-06 23:46:00,2024-12-07 01:45:00,4018.01,4041.6,4042.0,3970.0300000000007,0.3,0.005970617295626387,-0.005871065527462527,-0.002061319658238758,stop
short,2024-12-07 03:45:00,2024-12-07 03:46:00,2024-12-07 04:10:00,4055.78,4077.78,4076.04,4015.2600000000007,0.3,0.004995339983924119,-0.0054243573369363585,-0.0019273072010809074,stop
short,2024-12-07 04:30:00,2024-12-07 04:31:00,2024-12-07 04:56:00,4072.84,4039.14,4090.0,4038.5200000000004,0.3,0.004213276239675473,0.008274324549945589,0.0021822973649836767,target
long,2024-12-08 14:00:00,2024-12-08 14:01:00,2024-12-08 14:12:00,3974.99,3963.6,3960.33,4004.3099999999995,0.3,0.003688059592602712,-0.0028654160136251106,-0.001159624804087533,stop
long,2024-12-09 12:00:00,2024-12-09 12:01:00,2024-12-09 12:27:00,3930.0,3914.88,3906.0,3978.0,0.3,0.0061068702290076335,-0.003847328244274806,-0.0014541984732824415,stop
long,2024-12-09 12:30:00,2024-12-09 12:31:00,2024-12-09 15:06:00,3926.0,3904.0,3904.02,3969.96,0.3,0.0055985736118186495,-0.005603667855323513,-0.001981100356597054,stop
long,2024-12-09 17:45:00,2024-12-09 17:46:00,2024-12-09 19:43:00,3875.83,3852.56,3851.4,3924.6899999999996,0.3,0.006303166031533848,-0.006003875298968175,-0.0021011625896904525,stop
long,2024-12-09 20:15:00,2024-12-09 20:16:00,2024-12-09 21:29:00,3855.21,3888.67,3838.0,3889.63,0.3,0.00446408885637878,0.008679164040350518,0.0023037492121051554,target
short,2024-12-11 20:45:00,2024-12-11 20:46:00,2024-12-11 20:52:00,3731.8,3721.99,3737.3,3720.8,0.3,0.0014738196044804116,0.0026287582399915355,0.0004886274719974606,target
short,2024-12-12 21:30:00,2024-12-12 21:31:00,2024-12-12 21:32:00,3975.82,3961.33,3981.59,3964.28,0.3,0.0014512729449522317,0.0036445311910499045,0.0007933593573149714,target
long,2024-12-15 02:00:00,2024-12-15 02:01:00,2024-12-15 02:30:00,3857.95,3840.82,3841.61,3890.629999999999,0.3,0.004235409997537473,-0.00444018196192264,-0.0016320545885767919,stop
short,2024-12-16 07:15:00,2024-12-16 07:16:00,2024-12-16 07:21:00,3907.76,3928.26,3928.05,3867.1800000000003,0.3,0.005192232890453856,-0.005245972117018383,-0.0018737916351055147,stop
short,2024-12-16 09:00:00,2024-12-16 09:01:00,2024-12-16 09:19:00,4001.84,4019.83,4020.0,3965.5200000000004,0.3,0.004537912560222261,-0.0044954321012333764,-0.001648629630370013,stop
short,2024-12-16 09:30:00,2024-12-16 09:31:00,2024-12-16 11:22:00,4002.67,3952.14,4026.74,3954.5300000000007,0.3,0.0060134859980961975,0.012624073430984817,0.003487222029295445,target
long,2024-12-18 15:00:00,2024-12-18 15:01:00,2024-12-18 19:23:00,3829.99,3882.06,3803.42,3883.129999999999,0.3,0.00693735492781958,0.013595335758056937,0.0037786007274170806,target
long,2024-12-19 07:30:00,2024-12-19 07:31:00,2024-12-19 07:48:00,3658.93,3627.65,3625.69,3725.4099999999994,0.3,0.0090846231001959,-0.00854894736985945,-0.0028646842109578347,stop
long,2024-12-20 04:00:00,2024-12-20 04:01:00,2024-12-20 04:11:00,3432.08,3348.09,3375.0,3546.24,0.3,0.016631313955385633,-0.02447204027878136,-0.0076416120836344074,stop
long,2024-12-26 15:45:00,2024-12-26 15:46:00,2024-12-26 16:02:00,3423.68,3412.13,3416.69,3437.6599999999994,0.3,0.002041662772221639,-0.003373562949808284,-0.0013120688849424852,stop
long,2024-12-26 21:45:00,2024-12-26 21:46:00,2024-12-26 22:12:00,3346.48,3369.89,3336.21,3367.02,0.3,0.0030688962730988927,0.006995410102555555,0.0017986230307666666,target
long,2024-12-27 01:45:00,2024-12-27 01:46:00,2024-12-27 04:26:00,3344.23,3315.15,3312.79,3407.11,0.3,0.009401267257335786,-0.008695574168044673,-0.0029086722504134016,stop
long,2024-12-27 05:00:00,2024-12-27 05:01:00,2024-12-27 05:11:00,3328.23,3310.09,3308.05,3368.5899999999997,0.3,0.0060632828860985675,-0.005450344477394897,-0.0019351033432184691,stop
short,2024-12-29 07:00:00,2024-12-29 07:01:00,2024-12-29 19:01:00,3410.94,3405.15,3429.41,3374.0000000000005,0.3,0.00541492960884677,0.0016974792872346267,0.00020924378617038797,time
long,2024-12-30 00:45:00,2024-12-30 00:46:00,2024-12-30 04:22:00,3358.19,3342.59,3345.09,3384.39,0.3,0.003900910907363761,-0.004645359553807182,-0.0016936078661421545,stop
long,2024-12-30 06:30:00,2024-12-30 06:31:00,2024-12-30 08:53:00,3346.3,3390.01,3326.08,3386.7400000000007,0.3,0.00604249469563406,0.013062188088336368,0.0036186564265009106,target
short,2024-12-30 09:45:00,2024-12-30 09:46:00,2024-12-30 21:16:00,3420.33,3387.78,3437.5,3385.99,0.3,0.005019983451889166,0.009516625588758876,0.0025549876766276626,target
short,2024-12-31 22:00:00,2024-12-31 22:01:00,2024-12-31 22:25:00,3430.34,3439.95,3442.68,3405.6600000000008,0.3,0.0035973110537147017,-0.0028014715742461505,-0.001140441472273845,stop
short,2024-12-31 22:45:00,2024-12-31 22:46:00,2025-01-01 01:32:00,3429.86,3384.21,3452.02,3385.5400000000004,0.3,0.006460905109829513,0.01330958114908487,0.0036928743447254614,target
short,2025-01-02 21:15:00,2025-01-02 21:16:00,2025-01-02 22:32:00,3465.62,3491.43,3484.77,3427.3199999999997,0.3,0.0055257067999377,-0.007447440861952481,-0.0025342322585857444,stop
short,2025-01-02 22:45:00,2025-01-02 22:46:00,2025-01-03 06:24:00,3483.18,3427.72,3511.82,3425.899999999999,0.3,0.008222371511090535,0.015922231983417467,0.00447666959502524,target
short,2025-01-04 03:45:00,2025-01-04 03:46:00,2025-01-04 04:12:00,3621.56,3602.56,3632.0,3600.68,0.3,0.0028827356166955826,0.005246357923104905,0.0012739073769314716,target
short,2025-01-04 23:30:00,2025-01-04 23:31:00,2025-01-05 04:44:00,3619.12,3663.0,3664.82,3527.7199999999993,0.3,0.012627379031366816,-0.012124494352218296,-0.003937348305665489,stop
short,2025-01-05 08:30:00,2025-01-05 08:31:00,2025-01-05 16:04:00,3660.31,3624.73,3677.99,3624.9500000000003,0.3,0.004830191978275019,0.009720488155374851,0.0026161464466124555,target
long,2025-01-08 12:00:00,2025-01-08 12:01:00,2025-01-08 13:07:00,3362.0,3338.1,3342.0,3402.0,0.3,0.00594883997620464,-0.007108863771564611,-0.002432659131469383,stop
long,2025-01-09 01:45:00,2025-01-09 01:46:00,2025-01-09 02:27:00,3248.13,3326.92,3208.6,3327.1900000000005,0.3,0.012170079399531485,0.024257034047282522,0.006977110214184757,target
long,2025-01-10 04:30:00,2025-01-10 04:31:00,2025-01-10 06:32:00,3180.06,3224.0,3156.74,3226.7000000000003,0.3,0.007333194971164117,0.013817349358188125,0.0038452048074564373,target
short,2025-01-12 05:30:00,2025-01-12 05:31:00,2025-01-12 09:28:00,3305.27,3275.68,3320.85,3274.11,0.3,0.004713684509888731,0.00895237000305582,0.0023857110009167463,target
long,2025-01-13 14:00:00,2025-01-13 14:01:00,2025-01-13 14:36:00,3225.46,3209.08,3212.04,3252.3,0.3,0.004160646853472085,-0.005078345414297525,-0.0018235036242892574,stop
long,2025-01-13 17:15:00,2025-01-13 17:16:00,2025-01-13 17:30:00,3173.01,3157.1,3158.02,3202.9900000000007,0.3,0.004724220850233764,-0.005014166359387562,-0.0018042499078162685,stop
long,2025-01-13 17:45:00,2025-01-13 17:46:00,2025-01-13 18:26:00,3161.91,3124.01,3121.85,3242.0299999999997,0.3,0.012669557324528511,-0.011986425926101552,-0.0038959277778304654,stop
long,2025-01-13 19:00:00,2025-01-13 19:01:00,2025-01-13 19:30:00,3113.76,3104.58,3106.55,3128.1800000000003,0.3,0.0023155284928832137,-0.002948204100508778,-0.0011844612301526332,stop
long,2025-01-13 20:15:00,2025-01-13 20:16:00,2025-01-13 20:38:00,3072.42,3042.64,3043.0,3131.26,0.3,0.009575513764394214,-0.009692685244855892,-0.0032078055734567675,stop
long,2025-01-13 20:45:00,2025-01-13 20:46:00,2025-01-13 21:01:00,3059.19,3034.0,3038.39,3100.7900000000004,0.3,0.00679918540528708,-0.008234205786499027,-0.002770261735949708,stop
short,2025-01-14 18:00:00,2025-01-14 18:01:00,2025-01-14 20:10:00,3240.01,3206.58,3256.87,3206.290000000001,0.3,0.005203687642939272,0.010317869389292134,0.00279536081678764,target
short,2025-01-15 22:15:00,2025-01-15 22:16:00,2025-01-15 22:57:00,3285.63,3316.38,3314.0,3228.8900000000003,0.3,0.008634569321560825,-0.009358935729220974,-0.003107680718766292,stop
long,2025-01-23 07:15:00,2025-01-23 07:16:00,2025-01-23 09:51:00,3239.39,3221.58,3221.98,3274.2099999999996,0.3,0.005374468649961831,-0.0054979486878702355,-0.0019493846063610705,stop
long,2025-01-23 10:00:00,2025-01-23 10:01:00,2025-01-23 10:08:00,3236.78,3219.49,3218.58,3273.1800000000007,0.3,0.00562287211364389,-0.005341728507961774,-0.001902518552388532,stop
long,2025-01-23 10:30:00,2025-01-23 10:31:00,2025-01-23 12:39:00,3225.28,3193.22,3205.0,3265.8400000000006,0.3,0.006287826173231533,-0.00994022224427038,-0.0032820666732811137,stop
short,2025-01-24 07:15:00,2025-01-24 07:16:00,2025-01-24 07:21:00,3322.71,3333.0,3333.28,3301.5699999999997,0.3,0.0031811382877230225,-0.0030968697238098475,-0.0012290609171429542,stop
short,2025-01-24 07:45:00,2025-01-24 07:46:00,2025-01-24 08:02:00,3335.5,3349.29,3349.7,3307.1000000000004,0.3,0.004257232798680803,-0.004134312696747022,-0.0015402938090241065,stop
short,2025-01-24 21:15:00,2025-01-24 21:16:00,2025-01-24 23:44:00,3406.52,3362.41,3429.99,3359.5800000000004,0.3,0.006889729107711036,0.012948698378403845,0.0035846095135211534,target
long,2025-01-27 06:15:00,2025-01-27 06:16:00,2025-01-27 07:02:00,3292.85,3280.13,3281.13,3316.2899999999995,0.3,0.0035592268096025633,-0.0038629151039372145,-0.0014588745311811641,stop
long,2025-01-27 08:15:00,2025-01-27 08:16:00,2025-01-27 08:52:00,3236.47,3214.11,3210.01,3289.389999999999,0.3,0.008175574005011505,-0.006908761706426958,-0.002372628511928087,stop
long,2025-01-27 10:15:00,2025-01-27 10:16:00,2025-01-27 11:02:00,3194.6,3171.21,3162.51,3258.7799999999993,0.3,0.010045076065861044,-0.007321730420083883,-0.0024965191260251647,stop
long,2025-01-27 12:30:00,2025-01-27 12:31:00,2025-01-27 13:02:00,3165.29,3155.43,3153.86,3188.1499999999996,0.3,0.003611043537874835,-0.0031150384324974967,-0.001234511529749249,stop
long,2025-01-27 14:00:00,2025-01-27 14:01:00,2025-01-27 14:17:00,3136.49,3108.0,3113.57,3182.329999999999,0.3,0.0073075316675645765,-0.009083402146985886,-0.0030250206440957657,stop
long,2025-01-27 14:30:00,2025-01-27 14:31:00,2025-01-27 14:38:00,3109.5,3099.85,3101.74,3125.0200000000004,0.3,0.0024955780672134484,-0.0031033928284290857,-0.0012310178485287256,stop
long,2025-01-29 06:15:00,2025-01-29 06:16:00,2025-01-29 14:37:00,3076.07,3148.83,3039.35,3149.5100000000007,0.3,0.011937309619091976,0.023653557948941195,0.006796067384682358,target
short,2025-01-30 12:15:00,2025-01-30 12:16:00,2025-01-30 17:22:00,3195.17,3211.98,3215.97,3153.5700000000006,0.3,0.006509825768268896,-0.0052610659213749855,-0.0018783197764124955,stop
short,2025-01-30 17:30:00,2025-01-30 17:31:00,2025-01-30 17:39:00,3206.99,3220.64,3218.42,3184.129999999999,0.3,0.003564089691580046,-0.004256327584432729,-0.0015768982753298184,stop
short,2025-01-31 01:30:00,2025-01-31 01:31:00,2025-01-31 04:41:00,3269.95,3239.18,3284.5,3240.8499999999995,0.3,0.0044496093212435,0.009409929815440643,0.0025229789446321927,target
long,2025-02-01 18:00:00,2025-02-01 18:01:00,2025-02-01 20:51:00,3239.5,3268.78,3224.68,3269.1400000000003,0.3,0.004574780058651077,0.009038431856768003,0.002411529557030401,target
long,2025-02-02 04:45:00,2025-02-02 04:46:00,2025-02-02 05:51:00,3162.0,3151.75,3151.33,3183.34,0.3,0.0033744465528146974,-0.0032416192283365453,-0.0012724857685009635,stop
long,2025-02-02 20:00:00,2025-02-02 20:01:00,2025-02-02 20:57:00,3062.11,3054.0,3051.46,3083.4100000000003,0.3,0.0034779939322885497,-0.002648500543742771,-0.0010945501631228313,stop
long,2025-02-03 03:30:00,2025-02-03 03:31:00,2025-02-03 06:32:00,2936.58,2851.95,2893.35,3023.04,0.3,0.014721206301207533,-0.02881923870625014,-0.008945771611875042,stop
short,2025-02-06 12:45:00,2025-02-06 12:46:00,2025-02-06 13:13:00,2821.97,2834.51,2832.3,2801.309999999999,0.3,0.0036605633653087675,-0.004443704220810529,-0.0016331112662431586,stop
long,2025-02-07 00:00:00,2025-02-07 00:01:00,2025-02-07 02:03:00,2703.31,2693.19,2683.0,2743.93,0.3,0.007513011826242623,-0.003743558822332571,-0.0014230676466997713,stop
long,2025-02-07 02:15:00,2025-02-07 02:16:00,2025-02-07 06:14:00,2692.39,2660.55,2672.73,2731.7099999999996,0.3,0.0073020624798041354,-0.01182592417888928,-0.003847777253666784,stop
long,2025-02-08 06:00:00,2025-02-08 06:01:00,2025-02-08 06:02:00,2576.86,2586.4,2575.45,2579.6800000000007,0.3,0.0005471775727048846,0.0037021801727683545,0.0008106540518305063,target
long,2025-02-08 06:15:00,2025-02-08 06:16:00,2025-02-08 06:25:00,2584.3,2565.8,2567.53,2617.84,0.3,0.006489184692179693,-0.007158611616298383,-0.0024475834848895145,stop
long,2025-02-12 22:45:00,2025-02-12 22:46:00,2025-02-13 01:29:00,2588.5,2679.04,2545.48,2674.54,0.3,0.016619663898010423,0.03497778636275828,0.010193335908827483,target
short,2025-02-16 14:00:00,2025-02-16 14:01:00,2025-02-17 02:01:00,2707.88,2686.83,2728.02,2667.6000000000004,0.3,0.007437552624193048,0.007773608874839466,0.0020320826624518396,time
long,2025-02-17 02:45:00,2025-02-17 02:46:00,2025-02-17 07:01:00,2676.83,2664.78,2658.23,2714.0299999999997,0.3,0.006948517462819794,-0.004501593302525642,-0.0016504779907576923,stop
long,2025-02-17 13:15:00,2025-02-17 13:16:00,2025-02-17 17:42:00,2668.49,2733.0,2636.39,2732.6899999999996,0.3,0.012029274983230183,0.024174720534834382,0.006952416160450314,target
short,2025-02-17 21:30:00,2025-02-17 21:31:00,2025-02-17 21:56:00,2771.28,2778.52,2781.52,2750.8000000000006,0.3,0.003695043445627934,-0.002612511186166566,-0.0010837533558499697,stop
short,2025-02-17 22:00:00,2025-02-17 22:01:00,2025-02-17 22:03:00,2778.95,2784.0,2784.0,2768.8499999999995,0.3,0.0018172331276202099,-0.0018172331276202769,-0.0008451699382860829,stop
short,2025-02-17 22:45:00,2025-02-17 22:46:00,2025-02-17 22:48:00,2807.19,2819.78,2819.76,2782.0499999999997,0.3,0.00447778739593692,-0.004484911958221538,-0.0016454735874664613,stop
short,2025-02-17 23:15:00,2025-02-17 23:16:00,2025-02-17 23:55:00,2816.86,2750.89,2849.9,2750.78,0.3,0.011729372421774586,0.023419694269505853,0.006725908280851756,target
short,2025-02-20 22:30:00,2025-02-20 22:31:00,2025-02-20 22:46:00,2765.13,2748.35,2771.8,2751.79,0.3,0.0024121831523292113,0.006068430779023082,0.0015205292337069245,target
short,2025-02-21 21:45:00,2025-02-21 21:46:00,2025-02-21 22:24:00,2836.71,2815.91,2847.0,2816.13,0.3,0.0036274416489524707,0.007332437929855384,0.0018997313789566152,target
short,2025-02-24 07:30:00,2025-02-24 07:31:00,2025-02-24 11:27:00,2818.0,2743.25,2858.82,2736.3599999999997,0.3,0.014485450674237106,0.02652590489709017,0.00765777146912705,target
long,2025-02-24 11:45:00,2025-02-24 11:46:00,2025-02-24 12:01:00,2736.4,2716.68,2711.11,2786.98,0.3,0.009242069872825597,-0.007206548750182784,-0.0024619646250548352,stop
long,2025-02-24 12:45:00,2025-02-24 12:46:00,2025-02-24 16:24:00,2712.12,2691.0,2692.66,2751.04,0.3,0.007175198737519002,-0.007787266050174768,-0.0026361798150524303,stop
long,2025-02-24 23:15:00,2025-02-24 23:16:00,2025-02-24 23:48:00,2677.2,2640.01,2641.49,2748.62,0.3,0.01333856267742419,-0.013891379052741515,-0.004467413715822454,stop
long,2025-02-27 04:30:00,2025-02-27 04:31:00,2025-02-27 16:31:00,2310.0,2348.9,2253.62,2422.76,0.20485987938985417,0.024406926406926453,0.016839826839826877,0.003244945015963109,time
long,2025-02-28 10:15:00,2025-02-28 10:16:00,2025-02-28 10:32:00,2214.81,2167.62,2174.11,2296.2099999999996,0.2720896805896818,0.01837629412906742,-0.02130656805775666,-0.006069386977887008,stop
long,2025-02-28 15:00:00,2025-02-28 15:01:00,2025-02-28 23:15:00,2114.0,2201.6,2072.92,2196.16,0.2573028237585204,0.01943235572374642,0.041438032166508876,0.010404819863680612,target
short,2025-03-02 18:45:00,2025-03-02 18:46:00,2025-03-02 20:05:00,2252.6,2235.0,2261.6,2234.6,0.3,0.003995383112847376,0.00781319364290145,0.002043958092870435,target
short,2025-03-03 05:30:00,2025-03-03 05:31:00,2025-03-03 05:42:00,2504.61,2527.43,2523.69,2466.4500000000003,0.3,0.007617952495598088,-0.0091111989491377,-0.00303335968474131,stop
short,2025-03-03 07:15:00,2025-03-03 07:16:00,2025-03-03 08:57:00,2524.46,2467.61,2552.09,2469.2,0.3,0.010944914952108612,0.022519667572470925,0.006455900271741278,target
long,2025-03-04 03:30:00,2025-03-04 03:31:00,2025-03-04 03:55:00,2178.91,2138.41,2149.07,2238.5899999999992,0.3,0.013694920854922733,-0.01858727528902071,-0.005876182586706213,stop
long,2025-03-04 10:15:00,2025-03-04 10:16:00,2025-03-04 13:07:00,2040.8,2121.51,2002.73,2116.9399999999996,0.26803257157867133,0.018654449235593853,0.03954821638573125,0.010332177567638622,target
long,2025-03-05 00:45:00,2025-03-05 00:46:00,2025-03-05 03:43:00,2046.64,2170.3,1985.43,2169.0600000000004,0.16718183303381792,0.029907555798772637,0.06042098268381357,0.009934108805750706,target
short,2025-03-06 11:15:00,2025-03-06 11:16:00,2025-03-06 12:53:00,2283.82,2295.99,2297.0,2257.4600000000005,0.3,0.005771032743386009,-0.005328791235736485,-0.0018986373707209454,stop
long,2025-03-07 09:00:00,2025-03-07 09:01:00,2025-03-07 09:08:00,2111.91,2134.96,2101.56,2132.6099999999997,0.3,0.004900777021748043,0.010914290855197573,0.0029742872565592716,target
long,2025-03-08 09:45:00,2025-03-08 09:46:00,2025-03-08 20:36:00,2126.0,2167.73,2104.65,2168.7,0.3,0.010042333019755366,0.01962841015992467,0.0055885230479774005,target
short,2025-03-09 04:00:00,2025-03-09 04:01:00,2025-03-09 06:21:00,2222.77,2200.44,2235.26,2197.7899999999995,0.3,0.00561911488818017,0.010046023655168934,0.00271380709655068,target
long,2025-03-10 00:15:00,2025-03-10 00:16:00,2025-03-10 00:37:00,2106.99,2077.69,2075.7,2169.5699999999997,0.3,0.014850568820924621,-0.013906093526784513,-0.004471828058035354,stop
long,2025-03-10 01:15:00,2025-03-10 01:16:00,2025-03-10 01:22:00,2054.26,2028.94,2032.5,2097.7800000000007,0.3,0.010592622160778196,-0.012325606301052505,-0.003997681890315751,stop
long,2025-03-10 02:30:00,2025-03-10 02:31:00,2025-03-10 02:42:00,2036.15,2008.31,2006.2,2096.05,0.3,0.014709132431304199,-0.013672863001252478,-0.004401858900375743,stop
long,2025-03-10 07:15:00,2025-03-10 07:16:00,2025-03-10 17:15:00,2020.0,2085.99,1989.0,2082.0,0.3,0.015346534653465346,0.03266831683168303,0.009500495049504908,target
long,2025-03-11 02:45:00,2025-03-11 02:46:00,2025-03-11 02:52:00,1904.82,1886.48,1888.0,1938.4599999999998,0.3,0.008830230677964289,-0.009628206339706624,-0.003188461901911987,stop
long,2025-03-11 09:00:00,2025-03-11 09:01:00,2025-03-11 13:17:00,1805.79,1908.3,1753.0,1911.37,0.17103523394582318,0.029233742572502875,0.056767398202448804,0.00953818999810571,target
short,2025-03-14 21:45:00,2025-03-14 21:46:00,2025-03-14 21:56:00,1899.6,1910.48,1912.97,1872.8599999999997,0.3,0.007038323857654305,-0.005727521583491324,-0.002018256475047397,stop
short,2025-03-16 05:45:00,2025-03-16 05:46:00,2025-03-16 09:13:00,1948.59,1929.45,1958.0,1929.7699999999998,0.3,0.00482913286017073,0.009822487029082505,0.0026467461087247516,target
long,2025-03-17 03:30:00,2025-03-17 03:31:00,2025-03-17 11:16:00,1878.51,1913.24,1860.28,1914.97,0.3,0.009704499842960655,0.01848805702391787,0.005246417107175361,target
short,2025-03-17 20:45:00,2025-03-17 20:46:00,2025-03-18 02:18:00,1913.24,1940.5,1942.85,1854.0200000000002,0.3,0.015476364700717055,-0.014248081787961775,-0.004574424536388532,stop
long,2025-03-18 18:30:00,2025-03-18 18:31:00,2025-03-18 21:34:00,1891.0,1902.96,1885.01,1902.98,0.3,0.0031676361713379214,0.006324695928080493,0.0015974087784241479,target
short,2025-03-19 08:45:00,2025-03-19 08:46:00,2025-03-19 08:48:00,1940.96,1948.5,1947.94,1927.0,0.3,0.0035961586019289515,-0.003884675624433287,-0.0014654026873299859,stop
short,2025-03-19 22:15:00,2025-03-19 22:16:00,2025-03-19 23:38:00,2026.1,2040.2,2043.97,1990.3599999999997,0.3,0.008819900301071082,-0.0069591826662060985,-0.0023877547998618293,stop
short,2025-03-22 13:00:00,2025-03-22 13:01:00,2025-03-22 13:17:00,1989.35,1985.6,1991.17,1985.7099999999996,0.3,0.0009148716917586969,0.001885037826425684,0.0002655113479277052,target
short,2025-03-23 16:00:00,2025-03-23 16:01:00,2025-03-23 18:18:00,2009.62,2018.28,2021.27,1986.3199999999997,0.3,0.005797115872652587,-0.0043092723997573135,-0.001592781719927194,stop
short,2025-03-24 08:45:00,2025-03-24 08:46:00,2025-03-24 12:38:00,2006.48,2023.53,2021.9,1975.6399999999999,0.3,0.007685100275108684,-0.008497468203022107,-0.002849240460906632,stop
short,2025-03-24 15:45:00,2025-03-24 15:46:00,2025-03-24 16:20:00,2074.44,2081.18,2079.65,2064.02,0.3,0.0025115211816201174,-0.003249069628429746,-0.0012747208885289236,stop
short,2025-03-24 18:15:00,2025-03-24 18:16:00,2025-03-24 19:19:00,2090.67,2101.2,2099.51,2072.99,0.3,0.0042283095849656544,-0.005036662887973664,-0.0018109988663920992,stop
long,2025-03-30 01:30:00,2025-03-30 01:31:00,2025-03-30 13:31:00,1824.21,1844.07,1796.08,1880.4700000000003,0.3,0.015420373750829186,0.010886904468235592,0.0029660713404706775,time
long,2025-03-30 21:45:00,2025-03-30 21:46:00,2025-03-31 00:57:00,1812.31,1791.3,1788.0,1860.9299999999998,0.3,0.01341381993146865,-0.011592939397785162,-0.0037778818193355485,stop
short,2025-03-31 23:15:00,2025-03-31 23:16:00,2025-04-01 11:16:00,1839.89,1839.12,1854.5,1810.6700000000003,0.3,0.007940692106593273,0.00041850328008752324,-0.000174449015973743,time
short,2025-04-01 16:45:00,2025-04-01 16:46:00,2025-04-01 19:38:00,1883.42,1863.94,1893.3,1863.6600000000003,0.3,0.005245776300559557,0.010342886876002155,0.0028028660628006464,target
short,2025-04-01 23:30:00,2025-04-01 23:31:00,2025-04-01 23:46:00,1911.98,1926.1,1928.39,1879.1599999999999,0.3,0.008582725760729758,-0.007385014487599095,-0.0025155043462797284,stop
long,2025-04-03 07:15:00,2025-04-03 07:16:00,2025-04-03 08:07:00,1789.38,1806.09,1781.58,1804.9800000000005,0.3,0.0043590517385911215,0.009338430070750636,0.002501529021225191,target
long,2025-04-06 04:45:00,2025-04-06 04:46:00,2025-04-06 16:46:00,1787.8,1790.1,1763.05,1837.3,0.3,0.013843830406085693,0.0012864973710706717,8.594921132120152e-05,time
long,2025-04-09 00:30:00,2025-04-09 00:31:00,2025-04-09 00:34:00,1521.21,1510.81,1511.66,1540.31,0.3,0.00627789720025503,-0.006836662919649572,-0.0023509988758948714,stop
long,2025-04-09 06:30:00,2025-04-09 06:31:00,2025-04-09 09:11:00,1462.89,1445.18,1444.6,1499.4700000000005,0.3,0.01250264886628536,-0.012106173396496,-0.0039318520189488,stop
short,2025-04-10 01:15:00,2025-04-10 01:16:00,2025-04-10 01:20:00,1503.48,1515.86,1518.38,1473.6799999999998,0.3,0.009910341341421297,-0.008234229919918956,-0.0027702689759756868,stop
short,2025-04-14 10:45:00,2025-04-14 10:46:00,2025-04-14 15:16:00,1644.69,1615.09,1660.48,1613.1100000000001,0.3,0.009600593424900718,0.01799731256346193,0.0050991937690385795,target
long,2025-04-16 07:00:00,2025-04-16 07:01:00,2025-04-16 08:07:00,1591.33,1584.24,1582.65,1608.6899999999996,0.3,0.005454556880093907,-0.004455392658970769,-0.0016366177976912307,stop
long,2025-04-16 08:30:00,2025-04-16 08:31:00,2025-04-16 13:24:00,1591.35,1575.64,1576.01,1622.0299999999997,0.3,0.009639614164074477,-0.009872121154994029,-0.0032616363464982086,stop
short,2025-04-18 00:45:00,2025-04-18 00:46:00,2025-04-18 12:46:00,1598.68,1581.17,1617.7,1560.64,0.3,0.011897315285110205,0.010952786048490037,0.002985835814547011,time
long,2025-04-20 20:00:00,2025-04-20 20:01:00,2025-04-21 03:49:00,1571.55,1583.84,1565.01,1584.6299999999999,0.3,0.004161496611625442,0.007820304794629473,0.002046091438388842,target
short,2025-04-21 09:00:00,2025-04-21 09:01:00,2025-04-21 09:39:00,1613.75,1620.24,1620.88,1599.4899999999998,0.3,0.004418280402788604,-0.004021688613477847,-0.0015065065840433542,stop
long,2025-04-22 02:45:00,2025-04-22 02:46:00,2025-04-22 03:00:00,1575.11,1567.4,1568.73,1587.8699999999997,0.3,0.004050510757978733,-0.004894896229469592,-0.0017684688688408775,stop
short,2025-04-22 23:30:00,2025-04-22 23:31:00,2025-04-23 05:23:00,1708.79,1728.13,1726.79,1672.79,0.3,0.010533769509418946,-0.011317950128453491,-0.003695385038536047,stop
short,2025-04-23 11:00:00,2025-04-23 11:01:00,2025-04-23 12:59:00,1791.43,1810.31,1808.82,1756.6500000000003,0.3,0.009707328782034393,-0.010539066555768306,-0.0034617199667304915,stop
long,2025-04-24 12:15:00,2025-04-24 12:16:00,2025-04-24 15:41:00,1764.67,1755.46,1757.3,1779.4100000000003,0.3,0.004176418253837895,-0.005219106121824524,-0.001865731836547357,stop
short,2025-04-28 19:45:00,2025-04-28 19:46:00,2025-04-28 20:03:00,1821.69,1807.9,1828.0,1809.0700000000002,0.3,0.003463816565935996,0.0075698938897397205,0.001970968166921916,target
long,2025-04-29 00:30:00,2025-04-29 00:31:00,2025-04-29 03:03:00,1758.7,1791.88,1742.47,1791.16,0.3,0.009228407346335371,0.018866207994541417,0.0053598623983624255,target
short,2025-05-01 10:45:00,2025-05-01 10:46:00,2025-05-01 15:02:00,1812.9,1801.68,1818.09,1802.5200000000004,0.3,0.0028628164818797655,0.006188978983948434,0.0015566936951845302,target
short,2025-05-01 16:45:00,2025-05-01 16:46:00,2025-05-01 17:33:00,1813.49,1820.31,1820.0,1800.47,0.3,0.003589763384413474,-0.003760704497956846,-0.0014282113493870538,stop
short,2025-05-01 17:45:00,2025-05-01 17:46:00,2025-05-01 18:18:00,1819.23,1824.14,1823.51,1810.67,0.3,0.0023526437009064125,-0.0026989440587501523,-0.0011096832176250456,stop
short,2025-05-01 18:45:00,2025-05-01 18:46:00,2025-05-01 19:01:00,1835.89,1854.3,1850.0,1807.6700000000003,0.3,0.007685645654151338,-0.010027833911617767,-0.00330835017348533,stop
short,2025-05-01 19:15:00,2025-05-01 19:16:00,2025-05-01 23:11:00,1846.6,1863.04,1858.6,1822.6,0.3,0.006498429546193004,-0.008902848478284486,-0.002970854543485346,stop
long,2025-05-03 18:00:00,2025-05-03 18:01:00,2025-05-03 19:00:00,1826.85,1818.23,1818.01,1844.5299999999997,0.3,0.0048389303993211915,-0.004718504529654832,-0.0017155513588964495,stop
long,2025-05-06 20:00:00,2025-05-06 20:01:00,2025-05-06 21:51:00,1768.97,1753.82,1756.41,1794.09,0.3,0.007100176939122735,-0.008564305782461035,-0.00286929173473831,stop
short,2025-05-08 10:45:00,2025-05-08 10:46:00,2025-05-08 11:09:00,1842.31,1849.85,1846.89,1833.1499999999996,0.3,0.002486009412096854,-0.00409268798410678,-0.0015278063952320338,stop
short,2025-05-08 17:00:00,2025-05-08 17:01:00,2025-05-08 18:26:00,1932.61,1944.69,1947.0,1903.8299999999997,0.3,0.007445889237870083,-0.006250614454028636,-0.0021751843362085906,stop
short,2025-05-08 21:45:00,2025-05-08 21:46:00,2025-05-08 22:33:00,1970.09,1989.04,1984.0,1942.2699999999998,0.3,0.007060591140506313,-0.009618849900258297,-0.003185654970077489,stop
short,2025-05-08 23:00:00,2025-05-08 23:01:00,2025-05-08 23:22:00,1988.82,2002.0,2009.97,1946.5199999999998,0.3,0.010634446556249481,-0.006627045182570512,-0.0022881135547711535,stop
short,2025-05-09 05:30:00,2025-05-09 05:31:00,2025-05-09 09:17:00,2194.49,2241.0,2226.78,2129.909999999999,0.3,0.014714124921963837,-0.021193990403237217,-0.006658197120971165,stop
short,2025-05-09 09:30:00,2025-05-09 09:31:00,2025-05-09 11:17:00,2206.36,2236.12,2243.93,2131.2200000000007,0.2936332179930819,0.017028046193730717,-0.013488279337913855,-0.004254240085174323,stop
short,2025-05-11 00:30:00,2025-05-11 00:31:00,2025-05-11 00:40:00,2444.74,2466.87,2467.78,2398.659999999999,0.3,0.00942431506008836,-0.009052087338530912,-0.0030156262015592736,stop
short,2025-05-11 08:15:00,2025-05-11 08:16:00,2025-05-11 08:30:00,2576.25,2513.45,2610.0,2508.75,0.3,0.013100436681222707,0.024376516254245528,0.007012954876273658,target
long,2025-05-13 02:45:00,2025-05-13 02:46:00,2025-05-13 02:48:00,2453.4,2430.59,2434.88,2490.44,0.3,0.007548707915545766,-0.009297301703757976,-0.003089190511127393,stop
short,2025-05-14 02:00:00,2025-05-14 02:01:00,2025-05-14 02:23:00,2610.32,2619.11,2621.99,2586.980000000001,0.3,0.004470716234024801,-0.003367403230255306,-0.0013102209690765917,stop
short,2025-05-14 02:45:00,2025-05-14 02:46:00,2025-05-14 02:55:00,2630.74,2657.14,2650.0,2592.2199999999993,0.3,0.007321133977512114,-0.010035199221511748,-0.003310559766453524,stop
long,2025-05-15 01:30:00,2025-05-15 01:31:00,2025-05-15 02:21:00,2566.9,2603.53,2546.29,2608.1200000000003,0.3,0.008029140208033086,0.01427013128676613,0.003981039386029839,target
long,2025-05-15 16:00:00,2025-05-15 16:01:00,2025-05-15 20:31:00,2532.3,2562.03,2515.0,2566.9000000000005,0.3,0.006831733996761909,0.011740315128539347,0.003222094538561804,target
long,2025-05-15 22:00:00,2025-05-15 22:01:00,2025-05-15 22:36:00,2533.2,2497.3,2502.88,2593.8399999999992,0.3,0.011969051002684238,-0.014171798515711265,-0.004551539554713379,stop
long,2025-05-15 23:00:00,2025-05-15 23:01:00,2025-05-15 23:51:00,2504.41,2553.89,2477.0,2559.2299999999996,0.3,0.010944693560559117,0.019757148390239676,0.005627144517071902,target
short,2025-05-16 19:30:00,2025-05-16 19:31:00,2025-05-17 05:33:00,2618.59,2559.25,2648.0,2559.7700000000004,0.3,0.011231235130356357,0.02266105041262667,0.006498315123788001,target
long,2025-05-17 08:45:00,2025-05-17 08:46:00,2025-05-17 09:21:00,2505.87,2482.0,2481.52,2554.5699999999997,0.3,0.009717184051846229,-0.00952563381180982,-0.0031576901435429456,stop
long,2025-05-17 09:30:00,2025-05-17 09:31:00,2025-05-17 09:48:00,2492.4,2468.41,2478.0,2521.2000000000003,0.3,0.0057775637939335945,-0.00962526079281023,-0.003187578237843069,stop
long,2025-05-17 22:00:00,2025-05-17 22:01:00,2025-05-18 10:01:00,2463.43,2484.14,2445.01,2500.269999999999,0.3,0.007477379101496539,0.008406977263409221,0.0022220931790227663,time
short,2025-05-23 09:45:00,2025-05-23 09:46:00,2025-05-23 10:13:00,2677.03,2695.28,2693.88,2643.3300000000004,0.3,0.006294288820072957,-0.006817256437171126,-0.002345176931151338,stop
long,2025-05-23 20:30:00,2025-05-23 20:31:00,2025-05-24 08:31:00,2541.92,2527.34,2496.5,2632.76,0.27982386613826465,0.01786838295461701,-0.005735821741046143,-0.0018848436811977087,time
long,2025-05-25 17:00:00,2025-05-25 17:01:00,2025-05-25 21:02:00,2478.7,2517.83,2459.08,2517.9399999999996,0.3,0.007915439544922699,0.015786500988421492,0.004435950296526448,target
short,2025-05-26 08:15:00,2025-05-26 08:16:00,2025-05-26 08:28:00,2551.87,2540.99,2558.0,2539.6099999999997,0.3,0.0024021599846387586,0.004263540070614913,0.0009790620211844738,target
long,2025-05-27 09:30:00,2025-05-27 09:31:00,2025-05-27 13:53:00,2528.68,2569.99,2508.06,2569.9199999999996,0.3,0.00815445212521944,0.016336586677634157,0.004600976003290247,target
short,2025-05-27 18:00:00,2025-05-27 18:01:00,2025-05-27 19:43:00,2635.81,2643.98,2648.43,2610.57,0.3,0.004787902011146437,-0.003099616436693209,-0.0012298849310079627,stop
short,2025-05-28 02:00:00,2025-05-28 02:01:00,2025-05-28 04:43:00,2697.11,2666.05,2711.64,2668.0500000000006,0.3,0.005387247831938536,0.011516030121129672,0.0031548090363389017,target
long,2025-05-28 18:15:00,2025-05-28 18:16:00,2025-05-28 20:22:00,2627.7,2669.66,2606.53,2670.039999999999,0.3,0.008056475244510263,0.015968337329223203,0.004490501198766961,target
long,2025-05-30 08:00:00,2025-05-30 08:01:00,2025-05-30 08:50:00,2633.29,2609.4,2615.32,2669.2299999999996,0.3,0.006824162929263317,-0.009072301189766319,-0.0030216903569298954,stop
long,2025-05-31 07:15:00,2025-05-31 07:16:00,2025-05-31 07:19:00,2530.26,2510.44,2511.28,2568.2200000000003,0.3,0.007501205409720746,-0.00783318710330172,-0.002649956130990516,stop
long,2025-06-01 18:00:00,2025-06-01 18:01:00,2025-06-01 20:36:00,2492.66,2473.62,2476.03,2525.919999999999,0.3,0.006671587781727013,-0.0076384264199690355,-0.0025915279259907105,stop
short,2025-06-02 23:30:00,2025-06-02 23:31:00,2025-06-03 02:22:00,2540.47,2557.09,2556.32,2508.769999999999,0.3,0.006239003019126526,-0.006542096541191311,-0.002262628962357393,stop
short,2025-06-03 08:30:00,2025-06-03 08:31:00,2025-06-03 08:35:00,2617.9,2623.01,2623.29,2607.1200000000003,0.3,0.002058902173497793,-0.0019519462164330204,-0.000885583864929906,stop
short,2025-06-04 23:30:00,2025-06-04 23:31:00,2025-06-04 23:39:00,2642.99,2663.44,2658.49,2611.99,0.3,0.005864570051343366,-0.007737448874191921,-0.002621234662257576,stop
short,2025-06-05 00:00:00,2025-06-05 00:01:00,2025-06-05 01:29:00,2666.8,2643.17,2678.78,2642.84,0.3,0.0044922753862306946,0.008860806959652079,0.0023582420878956235,target
long,2025-06-05 22:30:00,2025-06-05 22:31:00,2025-06-06 00:19:00,2580.49,2563.24,2561.0,2619.4699999999993,0.3,0.007552829113850386,-0.0066847769222124764,-0.0023054330766637426,stop
long,2025-06-06 08:30:00,2025-06-06 08:31:00,2025-06-06 17:21:00,2411.15,2471.93,2380.01,2473.43,0.3,0.012914999066835275,0.025207888352031027,0.007262366505609308,target
short,2025-06-09 06:00:00,2025-06-09 06:01:00,2025-06-09 06:27:00,2536.94,2516.33,2548.0,2514.82,0.3,0.004359582804480967,0.008123960361695604,0.002137188108508681,target
long,2025-06-09 13:45:00,2025-06-09 13:46:00,2025-06-09 17:32:00,2483.28,2497.6,2475.77,2498.3000000000006,0.3,0.003024226023646233,0.0057665667987498725,0.0014299700396249618,target
short,2025-06-10 01:30:00,2025-06-10 01:31:00,2025-06-10 01:49:00,2565.24,2571.78,2574.66,2546.3999999999996,0.3,0.0036721710249333684,-0.0025494690555272204,-0.001064840716658166,stop
short,2025-06-10 02:00:00,2025-06-10 02:01:00,2025-06-10 02:11:00,2569.81,2574.39,2575.99,2557.4500000000003,0.3,0.0024048470509492282,-0.0017822329277261684,-0.0008346698783178504,stop
short,2025-06-10 02:45:00,2025-06-10 02:46:00,2025-06-10 03:25:00,2573.6,2581.12,2584.99,2550.82,0.3,0.004425707180602997,-0.0029219769972024245,-0.0011765930991607272,stop
short,2025-06-11 03:45:00,2025-06-11 03:46:00,2025-06-11 06:07:00,2774.52,2811.26,2807.0,2709.56,0.3,0.011706529417701086,-0.013241930135663216,-0.0042725790406989645,stop
short,2025-06-11 06:45:00,2025-06-11 06:46:00,2025-06-11 08:07:00,2802.13,2826.21,2826.94,2752.51,0.3,0.008853978937451134,-0.00859346283006146,-0.002878038849018438,stop
short,2025-06-11 08:30:00,2025-06-11 08:31:00,2025-06-11 20:31:00,2802.24,2797.67,2834.0,2738.7199999999993,0.3,0.011333790110768608,0.0016308381865934862,0.00018925145597804583,time
long,2025-06-13 04:30:00,2025-06-13 04:31:00,2025-06-13 04:39:00,2690.83,2670.9,2676.36,2719.7699999999995,0.3,0.005377522920437115,-0.007406636613981554,-0.002521990984194466,stop
long,2025-06-13 08:45:00,2025-06-13 08:46:00,2025-06-13 09:05:00,2537.31,2502.01,2495.62,2620.69,0.3,0.016430786935770582,-0.013912371763797005,-0.0044737115291391015,stop
long,2025-06-15 01:15:00,2025-06-15 01:16:00,2025-06-15 07:46:00,2503.83,2536.9,2486.31,2538.87,0.3,0.006997280166784479,0.013207765702943242,0.003662329710882972,target
short,2025-06-16 02:00:00,2025-06-16 02:01:00,2025-06-16 03:42:00,2551.52,2531.38,2559.0,2536.56,0.3,0.002931585878221616,0.007893334169436161,0.0020680002508308482,target
short,2025-06-16 22:45:00,2025-06-16 22:46:00,2025-06-17 00:47:00,2646.6,2628.11,2656.77,2626.2599999999998,0.3,0.003842666062117461,0.0069863220736038345,0.0017958966220811504,target
short,2025-06-17 03:15:00,2025-06-17 03:16:00,2025-06-17 03:26:00,2650.01,2665.76,2659.41,2631.210000000001,0.3,0.0035471564258246708,-0.005943373798589446,-0.002083012139576834,stop
short,2025-06-17 05:00:00,2025-06-17 05:01:00,2025-06-17 05:37:00,2667.43,2645.62,2679.46,2643.3699999999994,0.3,0.004509959024229389,0.008176409502779758,0.0021529228508339274,target
long,2025-06-21 00:30:00,2025-06-21 00:31:00,2025-06-21 01:19:00,2485.75,2473.67,2473.44,2510.37,0.3,0.004952227697877882,-0.004859700291662494,-0.0017579100874987482,stop
long,2025-06-21 01:45:00,2025-06-21 01:46:00,2025-06-21 13:46:00,2413.3,2421.82,2363.0,2513.9000000000005,0.23989065606361745,0.020842829320847047,0.0035304355032528267,0.0006070278330019906,time
long,2025-06-22 04:15:00,2025-06-22 04:16:00,2025-06-22 05:25:00,2389.1,2295.74,2375.43,2416.44,0.3,0.00572181993219207,-0.03907747687413676,-0.012023243062241028,stop
long,2025-06-22 05:45:00,2025-06-22 05:46:00,2025-06-22 07:35:00,2285.65,2229.32,2226.25,2404.4500000000003,0.19239478114478087,0.025988230918994635,-0.024645068142541526,-0.00493397727272727,stop
short,2025-06-23 22:15:00,2025-06-23 22:16:00,2025-06-23 22:58:00,2298.9,2272.49,2313.0,2270.7000000000003,0.3,0.00613336813258511,0.01148810300578551,0.003146430901735653,target
short,2025-06-24 03:45:00,2025-06-24 03:46:00,2025-06-24 04:12:00,2303.3,2329.4,2324.92,2260.0600000000004,0.3,0.009386532366604389,-0.01133156775061872,-0.003699470325185616,stop
short,2025-06-26 11:15:00,2025-06-26 11:16:00,2025-06-26 17:47:00,2501.11,2463.21,2519.93,2463.4700000000007,0.3,0.00752465905138107,0.015153271947255464,0.00424598158417664,target
long,2025-06-27 09:15:00,2025-06-27 09:16:00,2025-06-27 21:16:00,2418.07,2433.23,2380.46,2493.2900000000004,0.3,0.01555372673247678,0.006269462836063333,0.0015808388508189999,time
short,2025-06-30 07:15:00,2025-06-30 07:16:00,2025-06-30 14:50:00,2504.62,2464.31,2524.99,2463.88,0.3,0.00813297027093926,0.01609425781156426,0.004528277343469278,target
long,2025-07-01 23:00:00,2025-07-01 23:01:00,2025-07-02 02:59:00,2418.29,2406.47,2405.31,2444.25,0.3,0.005367429051106368,-0.004887751262255602,-0.0017663253786766805,stop
long,2025-07-02 09:30:00,2025-07-02 09:31:00,2025-07-02 21:31:00,2403.89,2444.42,2370.4,2470.8699999999994,0.3,0.013931585887873315,0.016860172470454238,0.004758051741136271,time
short,2025-07-03 00:30:00,2025-07-03 00:31:00,2025-07-03 00:49:00,2536.5,2550.78,2550.94,2507.62,0.3,0.005692883895131107,-0.005629804849201836,-0.001988941454760551,stop
short,2025-07-03 06:45:00,2025-07-03 06:46:00,2025-07-03 18:46:00,2597.14,2592.32,2618.93,2553.56,0.3,0.00838999822882092,0.0018558876302392502,0.0002567662890717751,time
long,2025-07-04 22:30:00,2025-07-04 22:31:00,2025-07-05 00:02:00,2512.63,2496.2,2495.55,2546.79,0.3,0.006797658230618884,-0.006538965148072062,-0.0022616895444216184,stop
long,2025-07-05 00:30:00,2025-07-05 00:31:00,2025-07-05 01:02:00,2479.7,2494.0,2473.0,2493.0999999999995,0.3,0.0027019397507762302,0.0057668266322539186,0.0014300479896761757,target
long,2025-07-08 00:30:00,2025-07-08 00:31:00,2025-07-08 12:31:00,2533.51,2537.5,2509.09,2582.3500000000004,0.3,0.009638801504631941,0.001574890172132637,0.00017246705163979106,time
short,2025-07-09 21:00:00,2025-07-09 21:01:00,2025-07-09 21:06:00,2659.13,2666.61,2665.28,2646.83,0.3,0.002312786512882067,-0.002812950100220757,-0.001143885030066227,stop
short,2025-07-10 04:00:00,2025-07-10 04:01:00,2025-07-10 10:27:00,2755.91,2793.49,2795.71,2676.3099999999995,0.3,0.01444169076638939,-0.013636149221128324,-0.004390844766338497,stop
short,2025-07-10 10:30:00,2025-07-10 10:31:00,2025-07-10 14:36:00,2783.01,2790.09,2797.95,2753.130000000001,0.3,0.005368288292172719,-0.0025440081063308195,-0.0010632024318992458,stop
short,2025-07-10 14:45:00,2025-07-10 14:46:00,2025-07-10 15:09:00,2786.0,2810.69,2799.9,2758.2,0.3,0.0049892318736540165,-0.008862167982770952,-0.0029586503948312855,stop
short,2025-07-11 14:00:00,2025-07-11 14:01:00,2025-07-11 17:37:00,3002.37,3037.1,3028.57,2949.9699999999993,0.3,0.00872643944617095,-0.011567528319294418,-0.003770258495788325,stop
long,2025-07-12 21:00:00,2025-07-12 21:01:00,2025-07-12 21:44:00,2940.2,2923.41,2917.43,2985.74,0.3,0.007744371131215558,-0.005710495884633682,-0.0020131487653901044,stop
long,2025-07-12 23:15:00,2025-07-12 23:16:00,2025-07-12 23:35:00,2925.01,2915.62,2915.48,2944.0700000000006,0.3,0.003258108519287182,-0.003210245435058434,-0.00126307363051753,stop
short,2025-07-14 13:30:00,2025-07-14 13:31:00,2025-07-14 17:44:00,3045.65,3068.47,3067.99,3000.9700000000007,0.3,0.007335051631014624,-0.007492653456569132,-0.002547796036970739,stop
short,2025-07-16 08:45:00,2025-07-16 08:46:00,2025-07-16 14:25:00,3132.18,3155.34,3154.67,3087.1999999999994,0.3,0.007180302536891315,-0.007394211060667066,-0.0025182633182001197,stop
short,2025-07-16 21:00:00,2025-07-16 21:01:00,2025-07-16 21:10:00,3163.59,3180.38,3182.06,3126.6500000000005,0.3,0.005838303952155557,-0.005307261686881004,-0.0018921785060643011,stop
short,2025-07-17 02:45:00,2025-07-17 02:46:00,2025-07-17 03:38:00,3354.88,3372.15,3373.65,3317.34,0.3,0.005594834986646312,-0.005147725104921674,-0.0018443175314765022,stop
short,2025-07-20 09:30:00,2025-07-20 09:31:00,2025-07-20 11:26:00,3609.0,3625.52,3626.6,3573.8,0.3,0.004876697146023804,-0.004577445275699699,-0.0016732335827099095,stop
short,2025-07-20 17:15:00,2025-07-20 17:16:00,2025-07-20 19:21:00,3711.46,3728.72,3726.66,3681.0600000000004,0.3,0.0040954233643902445,-0.0046504610045641215,-0.0016951383013692363,stop
long,2025-07-22 09:30:00,2025-07-22 09:31:00,2025-07-22 12:43:00,3744.43,3692.82,3693.4,3846.4899999999993,0.3,0.013628242482834436,-0.013783139222792173,-0.004434941766837652,stop
long,2025-07-24 04:45:00,2025-07-24 04:46:00,2025-07-24 05:26:00,3574.01,3543.91,3543.0,3636.0300000000007,0.3,0.008676528605124276,-0.008421912641542795,-0.002826573792462838,stop
long,2025-07-24 15:15:00,2025-07-24 15:16:00,2025-07-24 18:05:00,3555.54,3656.71,3507.0,3652.62,0.3,0.013651934727214422,0.02845418698706803,0.00823625609612041,target
short,2025-07-26 10:45:00,2025-07-26 10:46:00,2025-07-26 16:50:00,3735.27,3767.51,3766.5,3672.81,0.3,0.008360841384960129,-0.008631236831607936,-0.0028893710494823804,stop
short,2025-07-26 17:00:00,2025-07-26 17:01:00,2025-07-26 18:44:00,3764.49,3774.41,3779.18,3735.1099999999997,0.3,0.003902255019936314,-0.002635151109446454,-0.0010905453328339362,stop
short,2025-07-27 06:30:00,2025-07-27 06:31:00,2025-07-27 13:18:00,3754.23,3794.72,3794.4,3673.89,0.3,0.01069993047842036,-0.010785167664208117,-0.003535550299262435,stop
short,2025-07-27 19:00:00,2025-07-27 19:01:00,2025-07-28 00:32:00,3815.05,3842.0,3843.13,3758.8900000000003,0.3,0.007360322931547404,-0.007064127599900383,-0.0024192382799701146,stop
short,2025-07-28 00:45:00,2025-07-28 00:46:00,2025-07-28 01:01:00,3838.86,3808.7,3853.73,3809.1200000000003,0.3,0.003873545792240376,0.00785649906482666,0.0020569497194479983,target
long,2025-07-29 02:15:00,2025-07-29 02:16:00,2025-07-29 08:43:00,3779.11,3756.95,3752.01,3833.31,0.3,0.007171000579501498,-0.005863814496005704,-0.002059144348801711,stop
long,2025-07-29 10:30:00,2025-07-29 10:31:00,2025-07-29 14:01:00,3755.25,3801.16,3728.81,3808.13,0.3,0.007040809533320033,0.012225550895412995,0.0033676652686238985,target
long,2025-07-30 00:45:00,2025-07-30 00:46:00,2025-07-30 01:14:00,3733.3,3771.62,3715.01,3769.88,0.3,0.004899150885275752,0.010264377360512,0.0027793132081536,target
short,2025-07-31 11:15:00,2025-07-31 11:16:00,2025-07-31 11:53:00,3859.9,3866.65,3865.8,3848.1,0.3,0.0015285370087308196,-0.0017487499676156482,-0.0008246249902846945,stop
long,2025-08-01 09:00:00,2025-08-01 09:01:00,2025-08-01 16:06:00,3683.76,3601.37,3613.23,3824.8200000000006,0.2611484474691613,0.01914619844941044,-0.02236573500988126,-0.00610192542180632,stop
long,2025-08-01 16:45:00,2025-08-01 16:46:00,2025-08-01 21:53:00,3620.0,3587.0,3583.2,3693.6000000000004,0.3,0.010165745856353641,-0.009116022099447507,-0.003034806629834252,stop
long,2025-08-01 22:15:00,2025-08-01 22:16:00,2025-08-02 02:04:00,3614.71,3555.12,3561.0,3722.13,0.3,0.0148587300226021,-0.016485416534106512,-0.005245624960231953,stop
long,2025-08-02 02:30:00,2025-08-02 02:31:00,2025-08-02 03:24:00,3574.72,3530.01,3535.0,3654.1599999999994,0.3,0.011111359770835143,-0.012507273296929466,-0.00405218198907884,stop
long,2025-08-02 04:30:00,2025-08-02 04:31:00,2025-08-02 06:28:00,3521.78,3479.35,3490.01,3585.32,0.3,0.00902100642288842,-0.012047884876397852,-0.003914365462919355,stop
long,2025-08-03 08:45:00,2025-08-03 08:46:00,2025-08-03 18:48:00,3394.29,3478.4,3353.44,3475.99,0.3,0.012034917464329773,0.0247798508671917,0.007133955260157509,target
short,2025-08-04 07:30:00,2025-08-04 07:31:00,2025-08-04 08:45:00,3506.28,3529.8,3520.9,3477.0400000000004,0.3,0.004169661293450577,-0.006707963996029909,-0.0023123891988089725,stop
short,2025-08-05 05:30:00,2025-08-05 05:31:00,2025-08-05 06:32:00,3709.03,3732.58,3733.09,3660.9100000000003,0.3,0.006486871230483427,-0.006349368972480507,-0.002204810691744152,stop
long,2025-08-06 06:15:00,2025-08-06 06:16:00,2025-08-06 13:37:00,3578.43,3651.25,3543.0,3649.2899999999995,0.3,0.009900990099009856,0.020349706435503823,0.005804911930651147,target
short,2025-08-07 20:00:00,2025-08-07 20:01:00,2025-08-07 20:41:00,3827.0,3845.66,3844.51,3791.9799999999996,0.3,0.004575385419388612,-0.00487588189182131,-0.001762764567546393,stop
short,2025-08-08 06:00:00,2025-08-08 06:01:00,2025-08-08 06:23:00,3870.07,3881.2,3886.36,3837.4900000000002,0.3,0.004209226189707154,-0.0028759169730778744,-0.0011627750919233624,stop
short,2025-08-09 03:15:00,2025-08-09 03:16:00,2025-08-09 04:01:00,4052.87,4063.16,4066.0,4026.6099999999997,0.3,0.003239679535736431,-0.0025389415401924076,-0.0010616824620577222,stop
short,2025-08-09 04:15:00,2025-08-09 04:16:00,2025-08-09 07:40:00,4050.57,4007.8,4072.58,4006.5500000000006,0.3,0.0054338031437550175,0.010559007744589066,0.0028677023233767197,target
short,2025-08-10 04:00:00,2025-08-10 04:01:00,2025-08-10 04:10:00,4257.4,4274.88,4273.79,4224.619999999999,0.3,0.0038497674637103228,-0.004105792267581343,-0.0015317376802744028,stop
short,2025-08-10 06:30:00,2025-08-10 06:31:00,2025-08-10 08:55:00,4294.1,4330.6,4330.0,4222.300000000001,0.3,0.008360308330034148,-0.008500034931650413,-0.0028500104794951238,stop
short,2025-08-11 10:15:00,2025-08-11 10:16:00,2025-08-11 12:14:00,4312.59,4343.19,4343.27,4251.23,0.3,0.007114054431327877,-0.0070955040938274205,-0.002428651228148226,stop
short,2025-08-12 23:15:00,2025-08-12 23:16:00,2025-08-12 23:34:00,4420.0,4440.16,4439.3,4381.4,0.3,0.004366515837104114,-0.004561085972850654,-0.001668325791855196,stop
short,2025-08-13 00:15:00,2025-08-13 00:16:00,2025-08-13 01:11:00,4461.09,4487.49,4486.0,4411.27,0.3,0.005583837133973951,-0.005917836223882533,-0.00207535086716476,stop
short,2025-08-13 21:30:00,2025-08-13 21:31:00,2025-08-13 21:32:00,4719.67,4732.38,4727.66,4703.6900000000005,0.3,0.0016929149707500272,-0.002692984890892758,-0.0011078954672678273,stop
short,2025-08-14 05:30:00,2025-08-14 05:31:00,2025-08-14 05:50:00,4763.24,4733.53,4778.46,4732.799999999999,0.3,0.0031953040367481496,0.006237351046766482,0.0015712053140299444,target
short,2025-08-14 07:00:00,2025-08-14 07:01:00,2025-08-14 12:19:00,4733.4,4787.99,4785.55,4629.0999999999985,0.3,0.011017450458444364,-0.011532936155828732,-0.0037598808467486197,stop
short,2025-08-14 12:30:00,2025-08-14 12:31:00,2025-08-14 13:14:00,4773.0,4741.99,4788.88,4741.24,0.3,0.003327047978210792,0.006496962078357482,0.0016490886235072447,target
long,2025-08-14 21:15:00,2025-08-14 21:16:00,2025-08-15 05:43:00,4554.31,4457.52,4455.34,4752.250000000001,0.23008537940790083,0.021731063542007514,-0.021252396081953173,-0.005119950995251082,stop
long,2025-08-16 00:00:00,2025-08-16 00:01:00,2025-08-16 00:08:00,4425.1,4386.46,4393.0,4489.300000000001,0.3,0.007254073354274562,-0.008732006056360375,-0.0029196018169081123,stop
long,2025-08-16 04:15:00,2025-08-16 04:16:00,2025-08-16 16:16:00,4411.0,4443.47,4365.48,4502.040000000001,0.3,0.010319655406937302,0.00736114259805043,0.0019083427794151287,time
short,2025-08-17 12:15:00,2025-08-17 12:16:00,2025-08-17 12:18:00,4454.71,4465.13,4464.76,4434.61,0.3,0.002256039113657271,-0.0023390972700805257,-0.0010017291810241577,stop
long,2025-08-18 14:00:00,2025-08-18 14:01:00,2025-08-18 14:23:00,4309.99,4260.71,4258.0,4413.969999999999,0.3,0.012062672999241247,-0.011433901238749877,-0.003730170371624963,stop
long,2025-08-20 03:00:00,2025-08-20 03:01:00,2025-08-20 03:05:00,4141.2,4119.61,4119.76,4184.079999999999,0.3,0.0051772433111174545,-0.005213464696223302,-0.0018640394088669905,stop
short,2025-08-21 01:15:00,2025-08-21 01:16:00,2025-08-21 01:44:00,4310.5,4329.18,4329.81,4271.879999999999,0.3,0.00447975872868586,-0.004333603990256396,-0.0016000811970769187,stop
short,2025-08-21 02:00:00,2025-08-21 02:01:00,2025-08-21 02:16:00,4334.5,4275.8,4363.67,4276.16,0.3,0.006729726612065999,0.013542507786365121,0.0037627523359095366,target
long,2025-08-22 04:45:00,2025-08-22 04:46:00,2025-08-22 10:16:00,4230.76,4287.2,4203.0,4286.280000000001,0.3,0.006561468861386658,0.013340392742674956,0.0037021178228024863,target
short,2025-08-22 16:00:00,2025-08-22 16:01:00,2025-08-22 16:09:00,4325.06,4348.29,4344.35,4286.4800000000005,0.3,0.004460053733358603,-0.005371023754583648,-0.0019113071263750943,stop
short,2025-08-22 23:15:00,2025-08-22 23:16:00,2025-08-23 00:08:00,4638.31,4694.54,4667.49,4579.950000000002,0.3,0.0062910844682652475,-0.012122949953754514,-0.003936884986126354,stop
short,2025-08-23 04:00:00,2025-08-23 04:01:00,2025-08-23 04:46:00,4824.7,4862.0,4859.72,4754.659999999999,0.3,0.007258482392687719,-0.007731050635272796,-0.0026193151905818386,stop
short,2025-08-23 05:15:00,2025-08-23 05:16:00,2025-08-23 05:30:00,4848.39,4880.0,4888.0,4769.170000000001,0.3,0.008169722320192821,-0.006519690041436377,-0.0022559070124309128,stop
long,2025-08-25 15:45:00,2025-08-25 15:46:00,2025-08-25 15:53:00,4620.58,4582.99,4602.11,4657.52,0.3,0.003997333668067701,-0.008135342316332617,-0.002740602694899785,stop
long,2025-08-25 16:15:00,2025-08-25 16:16:00,2025-08-25 18:27:00,4599.28,4552.83,4557.18,4683.479999999999,0.3,0.009153606651475766,-0.010099406863682936,-0.003329822059104881,stop
long,2025-08-25 18:45:00,2025-08-25 18:46:00,2025-08-25 19:36:00,4540.79,4585.57,4518.0,4586.37,0.3,0.005018950446948651,0.009861720097163573,0.002658516029149072,target
long,2025-08-26 09:15:00,2025-08-26 09:16:00,2025-08-26 10:06:00,4347.44,4430.0,4308.8,4424.719999999998,0.3,0.008887989253445572,0.018990486355188407,0.0053971459065565225,target
short,2025-08-27 22:45:00,2025-08-27 22:46:00,2025-08-28 04:06:00,4615.45,4525.61,4662.84,4520.669999999999,0.3,0.01026768787442185,0.01946505757835104,0.005539517273505312,target
long,2025-08-28 04:15:00,2025-08-28 04:16:00,2025-08-28 04:22:00,4557.52,4520.98,4519.72,4633.120000000001,0.3,0.008293984447682113,-0.008017518299426207,-0.002705255489827862,stop
long,2025-08-28 08:45:00,2025-08-28 08:46:00,2025-08-28 12:49:00,4500.44,4568.4,4466.0,4569.319999999999,0.3,0.007652585080569811,0.015100745704864416,0.004230223711459325,target
long,2025-08-29 04:15:00,2025-08-29 04:16:00,2025-08-29 15:02:00,4459.5,4428.06,4425.86,4526.780000000001,0.3,0.007543446574728182,-0.007050117726202454,-0.002415035317860736,stop
long,2025-09-02 05:00:00,2025-09-02 05:01:00,2025-09-02 05:04:00,4284.94,4255.71,4260.0,4334.819999999999,0.3,0.005820384882868746,-0.0068215657628810655,-0.0023464697288643195,stop
long,2025-09-02 05:15:00,2025-09-02 05:16:00,2025-09-02 05:42:00,4276.91,4234.81,4248.36,4334.01,0.3,0.006675380122565165,-0.009843555277057381,-0.003253066583117214,stop
short,2025-09-03 22:00:00,2025-09-03 22:01:00,2025-09-03 22:10:00,4429.12,4444.86,4439.0,4409.36,0.3,0.0022306914240300805,-0.003553753341521526,-0.0013661260024564576,stop
short,2025-09-03 22:15:00,2025-09-03 22:16:00,2025-09-03 22:33:00,4422.82,4453.03,4452.46,4363.539999999999,0.3,0.006701606667239528,-0.006830483718532454,-0.0023491451155597362,stop
long,2025-09-05 03:45:00,2025-09-05 03:46:00,2025-09-05 04:01:00,4268.29,4285.61,4262.2,4280.47,0.3,0.001426800896846312,0.0040578311220651475,0.0009173493366195443,target
short,2025-09-05 20:45:00,2025-09-05 20:46:00,2025-09-05 22:29:00,4436.12,4316.23,4495.0,4318.36,0.3,0.013272860066905338,0.027025869453486506,0.007807760836045952,target
long,2025-09-05 23:15:00,2025-09-05 23:16:00,2025-09-06 11:16:00,4287.17,4316.32,4253.33,4354.85,0.3,0.007893318902679424,0.006799357151687335,0.0017398071455062007,time
long,2025-09-07 00:15:00,2025-09-07 00:16:00,2025-09-07 00:22:00,4266.23,4251.04,4254.22,4290.249999999998,0.3,0.002815131861151253,-0.003560520647034826,-0.0013681561941104477,stop
long,2025-09-07 00:30:00,2025-09-07 00:31:00,2025-09-07 12:31:00,4260.78,4294.67,4230.0,4322.339999999999,0.3,0.007224029403066985,0.007953942705326345,0.0020861828115979033,time
short,2025-09-08 19:00:00,2025-09-08 19:01:00,2025-09-08 19:30:00,4325.18,4302.76,4336.74,4302.060000000001,0.3,0.0026727211353052335,0.005183599295289443,0.0012550797885868329,target
long,2025-09-16 22:00:00,2025-09-16 22:01:00,2025-09-16 22:13:00,4462.1,4422.11,4427.74,4530.8200000000015,0.3,0.007700410120795271,-0.008962147867596082,-0.0029886443602788245,stop
short,2025-09-17 11:00:00,2025-09-17 11:01:00,2025-09-17 12:49:00,4524.09,4474.0,4550.0,4472.27,0.3,0.0057271186028571165,0.011071839861718114,0.003021551958515434,target
long,2025-09-19 15:15:00,2025-09-19 15:16:00,2025-09-19 17:52:00,4528.93,4518.47,4516.57,4553.6500000000015,0.3,0.0027291214481125962,-0.002309596306412365,-0.0009928788919237094,stop
long,2025-09-19 23:30:00,2025-09-19 23:31:00,2025-09-20 02:12:00,4464.31,4441.64,4443.0,4506.930000000001,0.3,0.004773414032627751,-0.005078052375395048,-0.0018234157126185142,stop
long,2025-09-21 17:45:00,2025-09-21 17:46:00,2025-09-21 21:31:00,4453.99,4478.75,4442.01,4477.949999999999,0.3,0.002689723147110695,0.005559060527751569,0.0013677181583254708,target
long,2025-09-22 08:15:00,2025-09-22 08:16:00,2025-09-22 08:20:00,4446.08,4436.96,4436.56,4465.119999999999,0.3,0.002141212033971392,-0.002051245141787783,-0.0009153735425363348,stop
long,2025-09-22 10:45:00,2025-09-22 10:46:00,2025-09-22 14:00:00,4292.01,4212.8,4259.0,4358.030000000001,0.3,0.007691035202620734,-0.018455222611317268,-0.00583656678339518,stop
long,2025-09-25 10:30:00,2025-09-25 10:31:00,2025-09-25 10:34:00,4085.01,4121.15,4060.52,4133.990000000001,0.3,0.00599508936330639,0.008846979566757396,0.002354093870027219,target
long,2025-09-25 11:45:00,2025-09-25 11:46:00,2025-09-25 12:18:00,4050.24,4016.28,4018.62,4113.48,0.3,0.0078069447736430165,-0.008384688314766464,-0.002815406494429939,stop
long,2025-09-25 12:30:00,2025-09-25 12:31:00,2025-09-25 12:54:00,4028.19,3977.49,4005.0,4074.57,0.3,0.005756928049570664,-0.012586298064391266,-0.0040758894193173795,stop
short,2025-09-27 02:30:00,2025-09-27 02:31:00,2025-09-27 03:32:00,4048.73,4013.01,4067.5,4011.19,0.3,0.004636021666053301,0.008822519654311356,0.002346755896293407,target
short,2025-09-29 23:00:00,2025-09-29 23:01:00,2025-09-30 00:57:00,4184.58,4139.25,4206.6,4140.539999999999,0.3,0.005262176849289639,0.010832628364136898,0.0029497885092410695,target
short,2025-09-30 09:00:00,2025-09-30 09:01:00,2025-09-30 21:01:00,4202.56,4155.84,4243.62,4120.440000000001,0.3,0.0097702352851594,0.01111703342724446,0.003035110028173338,time
short,2025-10-02 14:45:00,2025-10-02 14:46:00,2025-10-02 23:04:00,4402.33,4358.8,4423.06,4360.869999999999,0.3,0.004708870075619155,0.009887945701480771,0.0026663837104442313,target
short,2025-10-03 02:45:00,2025-10-03 02:46:00,2025-10-03 03:08:00,4481.7,4497.07,4495.72,4453.659999999999,0.3,0.0031282772162350083,-0.0034295021978267837,-0.001328850659348035,stop
long,2025-10-05 00:30:00,2025-10-05 00:31:00,2025-10-05 05:27:00,4455.99,4490.58,4437.86,4492.25,0.3,0.004068680585010314,0.007762584745477419,0.0020287754236432256,target
short,2025-10-06 18:15:00,2025-10-06 18:16:00,2025-10-06 19:28:00,4560.61,4577.32,4578.0,4525.829999999999,0.3,0.00381308640730085,-0.0036639835460607895,-0.0013991950638182367,stop
short,2025-10-06 19:45:00,2025-10-06 19:46:00,2025-10-06 20:17:00,4577.5,4592.1,4592.12,4548.26,0.3,0.0031938831239759456,-0.003189513926816101,-0.0012568541780448301,stop
short,2025-10-06 20:30:00,2025-10-06 20:31:00,2025-10-06 21:21:00,4583.34,4594.91,4595.0,4560.02,0.3,0.002543996299641714,-0.0025243599645672354,-0.0010573079893701706,stop
long,2025-10-08 00:30:00,2025-10-08 00:31:00,2025-10-08 02:41:00,4486.1,4452.34,4452.0,4554.300000000001,0.3,0.007601257216736221,-0.007525467555337673,-0.0025576402666013017,stop
long,2025-10-08 02:45:00,2025-10-08 02:46:00,2025-10-08 04:06:00,4461.34,4496.26,4444.03,4495.960000000001,0.3,0.003880000179318411,0.007827244729162075,0.0020481734187486225,target
long,2025-10-08 12:15:00,2025-10-08 12:16:00,2025-10-08 22:02:00,4442.01,4507.79,4408.14,4509.75,0.3,0.007624926553519666,0.014808611416903483,0.004142583425071045,target
long,2025-10-10 00:45:00,2025-10-10 00:46:00,2025-10-10 00:58:00,4296.71,4284.58,4284.0,4322.13,0.3,0.0029580772265291435,-0.002823090224846503,-0.001146927067453951,stop
short,2025-10-12 18:15:00,2025-10-12 18:16:00,2025-10-12 22:47:00,3826.22,3886.92,3866.0,3746.6599999999994,0.3,0.010396683933490547,-0.01586422108503971,-0.005059266325511912,stop
short,2025-10-13 01:00:00,2025-10-13 01:01:00,2025-10-13 04:51:00,4111.34,4180.61,4172.23,3989.5600000000013,0.3,0.014810256510042813,-0.016848521406645833,-0.00535455642199375,stop
short,2025-10-13 05:00:00,2025-10-13 05:01:00,2025-10-13 10:00:00,4127.33,4196.37,4195.72,3990.5499999999993,0.3,0.016570034380580263,-0.016727521181974847,-0.005318256354592454,stop
short,2025-10-13 10:15:00,2025-10-13 10:16:00,2025-10-13 19:30:00,4167.04,4040.45,4219.0,4063.12,0.3,0.012469282752265406,0.03037887805252648,0.008813663415757945,target
short,2025-10-14 03:30:00,2025-10-14 03:31:00,2025-10-14 03:42:00,4246.0,4258.75,4264.25,4209.5,0.3,0.004298162976919454,-0.003002826189354657,-0.001200847856806397,stop
short,2025-10-14 04:00:00,2025-10-14 04:01:00,2025-10-14 04:59:00,4250.25,4274.35,4269.61,4211.530000000001,0.3,0.00455502617493081,-0.005670254690900656,-0.002001076407270197,stop
short,2025-10-14 05:15:00,2025-10-14 05:16:00,2025-10-14 09:06:00,4266.14,4212.26,4289.74,4218.940000000001,0.3,0.005531932847960792,0.012629683976615902,0.0034889051929847706,target
long,2025-10-14 16:15:00,2025-10-14 16:16:00,2025-10-14 18:19:00,3981.6,3931.74,3948.19,4048.4199999999996,0.3,0.00839109905565598,-0.012522603978300184,-0.004056781193490055,stop
long,2025-10-14 18:45:00,2025-10-14 18:46:00,2025-10-14 22:16:00,3920.96,3988.86,3885.99,3990.9000000000005,0.3,0.008918734187545971,0.01731718762751977,0.004895156288255931,target
long,2025-10-16 00:00:00,2025-10-16 00:01:00,2025-10-16 01:05:00,3982.0,3966.41,3956.66,4032.6800000000003,0.3,0.0063636363636364,-0.003915118031140197,-0.0014745354093420589,stop
long,2025-10-16 05:15:00,2025-10-16 05:16:00,2025-10-16 09:13:00,3950.36,4005.07,3922.11,4006.86,0.3,0.007151246974959244,0.01384937069026626,0.003854811207079878,target
long,2025-10-17 00:15:00,2025-10-17 00:16:00,2025-10-17 00:27:00,3898.51,3872.96,3868.07,3959.3900000000003,0.3,0.007808111304062335,-0.006553785933600342,-0.0022661357800801024,stop
short,2025-10-20 07:00:00,2025-10-20 07:01:00,2025-10-20 08:13:00,4006.9,3959.99,4029.68,3961.3400000000006,0.3,0.005685193042002482,0.011707304899049253,0.003212191469714776,target
short,2025-10-20 14:00:00,2025-10-20 14:01:00,2025-10-20 14:11:00,4057.41,4071.48,4073.0,4026.2299999999996,0.3,0.0038423526338230906,-0.003467729413591414,-0.001340318824077424,stop
short,2025-10-20 14:30:00,2025-10-20 14:31:00,2025-10-20 15:43:00,4074.81,4057.39,4083.26,4057.9099999999994,0.3,0.0020737163205156246,0.004275045953062828,0.0009825137859188484,target
long,2025-10-21 13:15:00,2025-10-21 13:16:00,2025-10-21 14:23:00,3851.42,3882.57,3837.01,3880.24,0.3,0.003741477169459538,0.008087926011704827,0.002126377803511448,target
long,2025-10-22 19:15:00,2025-10-22 19:16:00,2025-10-23 05:02:00,3816.63,3752.25,3763.54,3922.8100000000004,0.3,0.01391017730301343,-0.0168682843241289,-0.00536048529723867,stop
short,2025-10-24 14:00:00,2025-10-24 14:01:00,2025-10-24 15:46:00,3972.5,3936.55,3987.98,3941.54,0.3,0.0038967904342353727,0.009049716803020691,0.0024149150409062074,target
short,2025-10-24 20:45:00,2025-10-24 20:46:00,2025-10-25 08:46:00,3972.5,3923.0,4030.0,3857.5,0.3,0.0144745122718691,0.012460667086217736,0.0034382001258653205,time
short,2025-10-27 09:45:00,2025-10-27 09:46:00,2025-10-27 10:20:00,4182.81,4206.33,4207.8,4132.830000000001,0.3,0.005974452580920429,-0.005623014193807396,-0.001986904258142219,stop
short,2025-10-27 10:30:00,2025-10-27 10:31:00,2025-10-27 11:19:00,4192.87,4222.89,4216.88,4144.849999999999,0.3,0.005726387891825937,-0.0071597736156858716,-0.0024479320847057614,stop
long,2025-10-29 05:15:00,2025-10-29 05:16:00,2025-10-29 13:16:00,3958.58,4019.66,3928.15,4019.4399999999996,0.3,0.007687099919668122,0.01542977532347467,0.004328932597042401,target
long,2025-10-30 21:00:00,2025-10-30 21:01:00,2025-10-30 21:37:00,3808.01,3784.01,3792.56,3838.9100000000008,0.3,0.004057237244650164,-0.006302504457708857,-0.0021907513373126573,stop
long,2025-10-31 01:45:00,2025-10-31 01:46:00,2025-10-31 02:38:00,3752.6,3722.49,3725.02,3807.7599999999998,0.3,0.0073495709641315165,-0.00802377018600442,-0.0027071310558013256,stop
long,2025-10-31 03:15:00,2025-10-31 03:16:00,2025-10-31 03:37:00,3728.75,3710.04,3710.25,3765.75,0.3,0.00496144820650352,-0.005017767348307056,-0.0018053302044921168,stop
short,2025-10-31 20:15:00,2025-10-31 20:16:00,2025-10-31 20:42:00,3872.39,3841.16,3887.66,3841.85,0.3,0.00394330116543013,0.00806478686289347,0.002119436058868041,target
short,2025-11-02 00:15:00,2025-11-02 00:16:00,2025-11-02 12:16:00,3890.23,3881.51,3909.01,3852.6699999999996,0.3,0.004827478066849569,0.0022415127126159673,0.00037245381378479017,time
short,2025-11-02 16:00:00,2025-11-02 16:01:00,2025-11-02 17:34:00,3906.0,3882.21,3917.35,3883.3,0.3,0.0029057859703020762,0.006090629800307168,0.0015271889400921505,target
long,2025-11-02 18:15:00,2025-11-02 18:16:00,2025-11-02 22:19:00,3864.81,3847.61,3849.25,3895.93,0.3,0.0040260711393315446,-0.004450412827538663,-0.0016351238482615988,stop
long,2025-11-03 12:15:00,2025-11-03 12:16:00,2025-11-03 13:10:00,3727.94,3757.44,3713.4,3757.02,0.3,0.0039002773649790402,0.007913217487405921,0.0020739652462217766,target
long,2025-11-03 15:00:00,2025-11-03 15:01:00,2025-11-03 19:00:00,3711.01,3674.29,3681.0,3771.0300000000007,0.3,0.008086747273653322,-0.009894880369495151,-0.003268464110848545,stop
long,2025-11-04 00:15:00,2025-11-04 00:16:00,2025-11-04 05:18:00,3601.26,3558.89,3560.01,3683.76,0.3,0.011454324319821395,-0.01176532658014151,-0.003829597974042453,stop
long,2025-11-04 05:30:00,2025-11-04 05:31:00,2025-11-04 13:31:00,3588.28,3540.2,3554.06,3656.7200000000007,0.3,0.00953660249478866,-0.013399177321725242,-0.004319753196517572,stop
long,2025-11-04 14:15:00,2025-11-04 14:16:00,2025-11-04 15:44:00,3535.93,3476.65,3476.66,3654.47,0.2982900286823014,0.016762209659127864,-0.01676503776941274,-0.005299133625780293,stop
long,2025-11-05 02:45:00,2025-11-05 02:46:00,2025-11-05 03:50:00,3298.81,3251.86,3253.26,3389.9099999999994,0.3,0.013808009554960646,-0.014232405018779426,-0.004569721505633828,stop
short,2025-11-06 01:45:00,2025-11-06 01:46:00,2025-11-06 02:31:00,3425.0,3444.8,3445.3,3384.3999999999996,0.3,0.005927007299270126,-0.005781021897810268,-0.0020343065693430805,stop
long,2025-11-07 00:00:00,2025-11-07 00:01:00,2025-11-07 00:40:00,3306.12,3271.32,3276.02,3366.3199999999997,0.3,0.009104327731600761,-0.010525933722913772,-0.003457780116874131,stop
short,2025-11-10 04:15:00,2025-11-10 04:16:00,2025-11-10 07:02:00,3566.07,3605.09,3597.03,3504.15,0.3,0.008681826212048568,-0.010942017402911342,-0.0035826052208734025,stop
short,2025-11-10 07:15:00,2025-11-10 07:16:00,2025-11-10 08:42:00,3589.54,3618.09,3624.89,3518.84,0.3,0.009848058525604927,-0.007953665372164798,-0.002686099611649439,stop
long,2025-11-12 06:15:00,2025-11-12 06:16:00,2025-11-12 06:23:00,3412.01,3428.47,3403.0,3430.0300000000007,0.3,0.0026406722137391793,0.004824135919882844,0.0011472407759648532,target
long,2025-11-14 00:00:00,2025-11-14 00:01:00,2025-11-14 00:25:00,3383.96,3365.93,3364.0,3423.88,0.3,0.005898414874880328,-0.0053280771640327185,-0.0018984231492098155,stop
long,2025-11-14 02:45:00,2025-11-14 02:46:00,2025-11-14 02:50:00,3218.36,3197.29,3197.92,3259.2400000000002,0.3,0.006351060788724709,-0.006546812662349799,-0.0022640437987049397,stop
long,2025-11-14 03:00:00,2025-11-14 03:01:00,2025-11-14 03:56:00,3206.82,3177.98,3180.82,3258.82,0.3,0.008107720420853056,-0.00899333295913085,-0.0029979998877392553,stop
long,2025-11-14 04:30:00,2025-11-14 04:31:00,2025-11-14 07:15:00,3180.78,3237.11,3151.51,3239.32,0.3,0.009202145385722992,0.017709492640169966,0.00501284779205099,target
long,2025-11-17 01:30:00,2025-11-17 01:31:00,2025-11-17 01:56:00,3068.5,3033.44,3043.33,3118.84,0.3,0.008202704904676577,-0.011425778067459702,-0.0037277334202379104,stop
long,2025-11-17 07:15:00,2025-11-17 07:16:00,2025-11-17 15:08:00,3067.46,3198.88,3001.19,3200.0,0.23143654745737144,0.021604193697717322,0.04284326445984621,0.009684060660932541,target
short,2025-11-17 19:45:00,2025-11-17 19:46:00,2025-11-17 21:30:00,3196.69,3147.4,3222.0,3146.07,0.3,0.00791756473101863,0.015419074104777164,0.004325722231433149,target
long,2025-11-18 11:15:00,2025-11-18 11:16:00,2025-11-18 16:37:00,2979.89,3052.99,2943.11,3053.4499999999994,0.3,0.012342737483598303,0.024531106852937468,0.00705933205588124,target
short,2025-11-19 03:00:00,2025-11-19 03:01:00,2025-11-19 03:55:00,3157.79,3137.38,3168.68,3136.01,0.3,0.0034486143790435314,0.00646338103547095,0.0016390143106412849,target
long,2025-11-20 01:45:00,2025-11-20 01:46:00,2025-11-20 02:19:00,2912.75,2894.6,2895.3,2947.6499999999996,0.3,0.005990902068491913,-0.006231224787571876,-0.002169367436271563,stop
long,2025-11-21 03:15:00,2025-11-21 03:16:00,2025-11-21 03:59:00,2810.01,2848.78,2788.0,2854.0300000000007,0.3,0.007832712339102073,0.01379710392489697,0.0038391311774690906,target
short,2025-11-23 12:30:00,2025-11-23 12:31:00,2025-11-23 22:04:00,2826.61,2854.54,2852.93,2773.9700000000007,0.3,0.009311507424087408,-0.00988109431439077,-0.003264328294317231,stop
short,2025-11-23 22:15:00,2025-11-23 22:16:00,2025-11-24 08:10:00,2831.32,2779.99,2856.92,2780.1200000000003,0.3,0.009041719056835647,0.018129353093257028,0.005138805927977108,target
short,2025-11-24 10:30:00,2025-11-24 10:31:00,2025-11-24 10:50:00,2853.78,2831.01,2866.21,2828.9200000000005,0.3,0.004355626572475746,0.007978891154889256,0.0020936673464667767,target
short,2025-11-24 12:15:00,2025-11-24 12:16:00,2025-11-24 12:25:00,2849.01,2808.6,2869.64,2807.750000000001,0.3,0.007241111824809198,0.014183874398475349,0.003955162319542605,target
long,2025-11-29 18:30:00,2025-11-29 18:31:00,2025-11-30 01:34:00,3005.54,2979.0,2982.0,3052.62,0.3,0.007832203198094174,-0.008830359935319443,-0.0029491079805958327,stop
long,2025-11-30 01:45:00,2025-11-30 01:46:00,2025-11-30 02:03:00,2985.77,2970.45,2965.0,3027.31,0.3,0.006956329523037603,-0.005131004732447653,-0.0018393014197342957,stop
short,2025-11-30 16:30:00,2025-11-30 16:31:00,2025-11-30 20:44:00,3007.06,3020.23,3017.89,2985.4,0.3,0.0036015244125491104,-0.004379693122185779,-0.0016139079366557336,stop
long,2025-12-01 10:45:00,2025-12-01 10:46:00,2025-12-01 11:09:00,2846.39,2826.67,2823.0,2893.1699999999996,0.3,0.008217426283819109,-0.006928073805767987,-0.002378422141730396,stop
long,2025-12-01 21:00:00,2025-12-01 21:01:00,2025-12-01 23:16:00,2819.75,2779.02,2793.72,2871.8100000000004,0.3,0.009231314832875325,-0.01444454295593578,-0.004633362886780733,stop
short,2025-12-03 00:00:00,2025-12-03 00:01:00,2025-12-03 01:29:00,3009.22,3026.59,3024.44,2978.7799999999993,0.3,0.005057789061617381,-0.005772259921175804,-0.0020316779763527412,stop
short,2025-12-03 12:30:00,2025-12-03 12:31:00,2025-12-03 13:06:00,3044.36,3060.19,3062.24,3008.600000000001,0.3,0.005873155605775813,-0.0051997792639504326,-0.0018599337791851296,stop
short,2025-12-03 13:15:00,2025-12-03 13:16:00,2025-12-03 14:05:00,3052.57,3068.67,3069.51,3018.69,0.3,0.0055494222900703515,-0.005274244325273347,-0.001882273297582004,stop
short,2025-12-03 21:15:00,2025-12-03 21:16:00,2025-12-03 21:17:00,3084.68,3092.14,3088.55,3076.939999999999,0.3,0.0012545871857049503,-0.002418403205519004,-0.0010255209616557013,stop
short,2025-12-04 05:00:00,2025-12-04 05:01:00,2025-12-04 05:57:00,3132.0,3165.25,3160.0,3076.0,0.3,0.008939974457215836,-0.010616219667943794,-0.003484865900383138,stop
short,2025-12-04 07:15:00,2025-12-04 07:16:00,2025-12-04 09:11:00,3191.6,3209.37,3215.56,3143.68,0.3,0.007507206416844227,-0.005567740318335623,-0.001970322095500687,stop
long,2025-12-05 03:30:00,2025-12-05 03:31:00,2025-12-05 05:08:00,3093.35,3145.11,3065.0,3150.0499999999997,0.3,0.00916482131022998,0.016732668466225897,0.004719800539867769,target
long,2025-12-06 03:15:00,2025-12-06 03:16:00,2025-12-06 15:16:00,3016.35,3038.02,2980.0,3089.0499999999997,0.3,0.012050988777827476,0.007184179554759806,0.0018552538664279418,time
long,2025-12-07 18:00:00,2025-12-07 18:01:00,2025-12-07 20:46:00,3029.98,3044.74,3023.05,3043.8399999999997,0.3,0.0022871438095300417,0.004871319282635511,0.0011613957847906534,target
short,2025-12-09 23:15:00,2025-12-09 23:16:00,2025-12-09 23:40:00,3126.28,3165.91,3167.98,3042.8800000000006,0.3,0.013338536535435026,-0.012676407743388296,-0.004102922323016489,stop
long,2025-12-11 09:00:00,2025-12-11 09:01:00,2025-12-11 09:05:00,3274.66,3268.73,3256.71,3310.5599999999995,0.3,0.005481485100743228,-0.001810875022139613,-0.0008432625066418838,stop
long,2025-12-11 09:30:00,2025-12-11 09:31:00,2025-12-11 10:06:00,3274.0,3247.5,3241.56,3338.88,0.3,0.009908368967623718,-0.008094074526572959,-0.0027282223579718876,stop
long,2025-12-11 22:45:00,2025-12-11 22:46:00,2025-12-11 22:57:00,3186.5,3147.33,3148.38,3262.74,0.3,0.011962968774517461,-0.012292483916522823,-0.003987745174956847,stop
long,2025-12-13 00:30:00,2025-12-13 00:31:00,2025-12-13 12:31:00,3074.35,3086.01,3037.69,3147.6699999999996,0.3,0.011924471839575798,0.0037926716216436507,0.0008378014864930952,time
long,2025-12-15 07:45:00,2025-12-15 07:46:00,2025-12-15 09:39:00,3050.81,3110.28,3023.0,3106.43,0.3,0.009115611919457438,0.01949318377742304,0.0055479551332269115,target
long,2025-12-16 13:00:00,2025-12-16 13:01:00,2025-12-17 01:01:00,2918.8,2935.01,2871.9,3012.6000000000004,0.3,0.01606824722488697,0.005553652185829705,0.0013660956557489114,time
short,2025-12-21 18:00:00,2025-12-21 18:01:00,2025-12-21 20:42:00,3005.45,2989.05,3013.55,2989.249999999999,0.3,0.0026951038945916134,0.00545675356435793,0.0013370260693073791,target
short,2025-12-22 20:45:00,2025-12-22 20:46:00,2025-12-23 03:08:00,3050.9,2996.61,3077.16,2998.3800000000006,0.3,0.008607296207676345,0.017794749090432327,0.005038424727129698,target
long,2025-12-23 04:30:00,2025-12-23 04:31:00,2025-12-23 05:26:00,2971.75,2991.3,2961.55,2992.1499999999996,0.3,0.0034323210229662044,0.006578615294018819,0.0016735845882056457,target
long,2025-12-26 07:00:00,2025-12-26 07:01:00,2025-12-26 07:36:00,2916.34,2904.68,2905.0,2939.0200000000004,0.3,0.0038884355047765847,-0.003998162079867362,-0.0014994486239602086,stop
short,2025-12-26 10:45:00,2025-12-26 10:46:00,2025-12-26 22:46:00,2976.95,2948.65,2994.42,2942.0099999999993,0.3,0.005868422378609065,0.009506373973361959,0.0025519121920085878,time
long,2025-12-29 02:30:00,2025-12-29 02:31:00,2025-12-29 08:31:00,2935.99,2965.65,2922.0,2963.9699999999993,0.3,0.004765002605594632,0.010102214244599006,0.002730664273379702,target
short,2025-12-29 10:00:00,2025-12-29 10:01:00,2025-12-29 10:02:00,2984.99,2984.0,2986.0,2982.9699999999993,0.3,0.00033835959249452034,0.0003316594025439823,-0.00020050217923680527,stop
short,2026-01-02 01:45:00,2026-01-02 01:46:00,2026-01-02 07:22:00,2991.28,3005.16,3005.0,2963.8400000000006,0.3,0.0045866652402984,-0.00464015404776541,-0.0016920462143296228,stop
long,2026-01-07 22:45:00,2026-01-07 22:46:00,2026-01-07 23:03:00,3194.55,3163.99,3165.0,3253.6500000000005,0.3,0.009250129126168061,-0.00956629259207098,-0.003169887777621294,stop
long,2026-01-07 23:30:00,2026-01-07 23:31:00,2026-01-08 00:23:00,3153.25,3173.85,3142.52,3174.71,0.3,0.0034028383413938056,0.006532942202489567,0.00165988266074687,target
long,2026-01-08 02:30:00,2026-01-08 02:31:00,2026-01-08 03:18:00,3162.72,3134.07,3131.02,3226.1199999999994,0.3,0.01002301816158238,-0.00905865837001052,-0.0030175975110031555,stop
long,2026-01-08 03:30:00,2026-01-08 03:31:00,2026-01-08 07:23:00,3141.3,3177.5,3123.17,3177.5600000000004,0.3,0.005771495877502979,0.011523891382548612,0.0031571674147645836,target
long,2026-01-08 15:15:00,2026-01-08 15:16:00,2026-01-08 20:36:00,3108.68,3091.5,3088.01,3150.019999999999,0.3,0.006649124387199589,-0.005526461391973436,-0.001957938417592031,stop
long,2026-01-08 22:15:00,2026-01-08 22:16:00,2026-01-08 22:27:00,3090.89,3076.64,3072.23,3128.2099999999996,0.3,0.006037096111475936,-0.004610322593168958,-0.0016830967779506874,stop
long,2026-01-09 23:15:00,2026-01-09 23:16:00,2026-01-09 23:29:00,3079.0,3126.64,3057.0,3123.0,0.3,0.0071451770055212735,0.015472556024683337,0.004341766807405001,target
short,2026-01-13 21:45:00,2026-01-13 21:46:00,2026-01-13 22:37:00,3141.27,3157.29,3160.5,3102.81,0.3,0.006121727836193647,-0.005099848150588837,-0.001829954445176651,stop
short,2026-01-14 02:30:00,2026-01-14 02:31:00,2026-01-14 02:47:00,3189.33,3203.53,3198.0,3171.99,0.3,0.0027184392960277154,-0.004452345790495249,-0.0016357037371485747,stop
short,2026-01-14 03:45:00,2026-01-14 03:46:00,2026-01-14 04:02:00,3204.95,3215.97,3218.4,3178.0499999999993,0.3,0.00419663333281339,-0.0034384311767734488,-0.0013315293530320345,stop
short,2026-01-14 04:15:00,2026-01-14 04:16:00,2026-01-14 04:33:00,3213.65,3199.41,3219.99,3200.9700000000007,0.3,0.001972834627292857,0.004431098595055527,0.0010293295785166582,target
long,2026-01-17 00:00:00,2026-01-17 00:01:00,2026-01-17 04:56:00,3264.47,3289.4,3252.0,3289.4099999999994,0.3,0.003819915637147776,0.007636767989903426,0.0019910303969710276,target
short,2026-01-17 23:30:00,2026-01-17 23:31:00,2026-01-17 23:39:00,3318.23,3324.46,3322.99,3308.7100000000005,0.3,0.0014344997182231985,-0.0018775069841452385,-0.0008632520952435716,stop
short,2026-01-19 02:45:00,2026-01-19 02:46:00,2026-01-19 04:42:00,3358.56,3338.75,3368.8,3338.0799999999995,0.3,0.0030489257300748644,0.005898361202420044,0.001469508360726013,target
long,2026-01-20 21:45:00,2026-01-20 21:46:00,2026-01-20 22:18:00,3087.06,3065.41,3072.29,3116.6,0.3,0.004784487505911768,-0.007013145193161208,-0.002403943557948362,stop
long,2026-01-21 01:45:00,2026-01-21 01:46:00,2026-01-21 03:36:00,2994.52,2980.99,2981.78,3019.9999999999995,0.3,0.0042544381069419416,-0.004518253342772893,-0.001655476002831868,stop
short,2026-01-24 01:45:00,2026-01-24 01:46:00,2026-01-24 01:57:00,3007.45,2986.53,3017.96,2986.4299999999994,0.3,0.0034946549402318306,0.006956059119852198,0.0017868177359556593,target
long,2026-01-29 11:00:00,2026-01-29 11:01:00,2026-01-29 12:23:00,2958.45,2940.01,2942.0,2991.3499999999995,0.3,0.005560344099105889,-0.006232993628420114,-0.002169898088526034,stop
long,2026-01-29 19:15:00,2026-01-29 19:16:00,2026-01-29 22:29:00,2938.85,2921.3,2917.79,2980.97,0.3,0.007166068360072799,-0.005971723633393933,-0.0020915170900181797,stop
long,2026-01-30 02:45:00,2026-01-30 02:46:00,2026-01-30 02:53:00,2800.35,2766.54,2770.38,2860.2899999999995,0.3,0.010702233649365187,-0.01207349081364828,-0.003922047244094484,stop
long,2026-01-31 02:30:00,2026-01-31 02:31:00,2026-01-31 02:56:00,2668.29,2734.89,2633.66,2737.55,0.3,0.01297834942978466,0.024959805718268946,0.007187941715480683,target
long,2026-02-02 14:45:00,2026-02-02 14:46:00,2026-02-02 21:23:00,2210.89,2319.63,2155.0,2322.6699999999996,0.1977894077652536,0.025279412363346833,0.04918381285364726,0.009530247808194704,target
long,2026-02-05 15:00:00,2026-02-05 15:01:00,2026-02-05 17:09:00,2088.74,2138.5,2066.5,2133.2199999999993,0.3,0.01064756743299778,0.023822974616275916,0.006846892384882774,target
long,2026-02-05 20:30:00,2026-02-05 20:31:00,2026-02-05 20:56:00,2070.36,2048.59,2050.0,2111.0800000000004,0.3,0.00983403852470108,-0.010515079503081615,-0.0034545238509244842,stop
long,2026-02-06 03:00:00,2026-02-06 03:01:00,2026-02-06 04:16:00,1946.3,1902.56,1911.62,2015.66,0.28060841983852314,0.017818424703283185,-0.022473411087704842,-0.006586836793540924,stop
long,2026-02-06 04:45:00,2026-02-06 04:46:00,2026-02-06 04:52:00,1868.97,1845.43,1841.0,1924.91,0.3,0.014965462259961383,-0.012595172742205563,-0.0040785518226616685,stop
long,2026-02-06 05:00:00,2026-02-06 05:01:00,2026-02-06 06:18:00,1891.78,1821.74,1823.1,2029.14,0.13772422830518333,0.03630443286217217,-0.037023332522809205,-0.0052367341292952774,stop
short,2026-02-07 04:45:00,2026-02-07 04:46:00,2026-02-07 12:05:00,2069.04,2088.61,2093.49,2020.1400000000003,0.3,0.01181707458531484,-0.009458492827591591,-0.0031375478482774774,stop
short,2026-02-07 12:30:00,2026-02-07 12:31:00,2026-02-07 15:03:00,2093.65,2043.24,2118.53,2043.8899999999999,0.3,0.01188355264729067,0.0240775678838393,0.00692327036515179,target
short,2026-02-08 20:45:00,2026-02-08 20:46:00,2026-02-08 23:29:00,2128.75,2100.44,2144.89,2096.4700000000003,0.3,0.00758191426893711,0.013298884321785054,0.0036896652965355157,target
short,2026-02-09 07:15:00,2026-02-09 07:16:00,2026-02-09 09:49:00,2119.01,2054.53,2151.45,2054.130000000001,0.3,0.015309035823332404,0.03042930425056989,0.008828791275170967,target
long,2026-02-09 10:00:00,2026-02-09 10:01:00,2026-02-09 11:44:00,2068.15,2095.2,2053.59,2097.27,0.3,0.0070401083093585785,0.013079322099460722,0.0036237966298382166,target
long,2026-02-09 16:45:00,2026-02-09 16:46:00,2026-02-09 17:56:00,2051.39,2035.13,2033.59,2086.99,0.3,0.0086770433705926,-0.007926332876732278,-0.002677899863019683,stop
long,2026-02-09 18:00:00,2026-02-09 18:01:00,2026-02-09 18:16:00,2040.06,2030.6,2033.02,2054.14,0.3,0.003450878895718736,-0.004637118516122141,-0.001691135554836642,stop
long,2026-02-10 16:30:00,2026-02-10 16:31:00,2026-02-10 22:43:00,2010.39,1994.82,1994.16,2042.8500000000001,0.3,0.008073060450957285,-0.007744765940936871,-0.002623429782281061,stop
long,2026-02-11 14:30:00,2026-02-11 14:31:00,2026-02-11 16:10:00,1956.09,1939.77,1937.16,1993.9499999999996,0.3,0.009677468828121321,-0.008343174393816155,-0.0028029523181448465,stop
long,2026-02-13 00:45:00,2026-02-13 00:46:00,2026-02-13 11:32:00,1915.96,1956.28,1895.34,1957.2000000000003,0.3,0.01076222885655239,0.021044280673917948,0.006013284202175384,target
short,2026-02-13 23:00:00,2026-02-13 23:01:00,2026-02-13 23:10:00,1993.61,2016.11,2002.1,1976.6299999999999,0.3,0.004258606246959039,-0.011286058958372092,-0.003685817687511627,stop
long,2026-02-15 10:45:00,2026-02-15 10:46:00,2026-02-15 11:36:00,2060.4,2044.58,2043.49,2094.2200000000003,0.3,0.008207144243836187,-0.007678120753251916,-0.0026034362259755744,stop
long,2026-02-16 02:45:00,2026-02-16 02:46:00,2026-02-16 02:49:00,1960.52,1954.19,1955.58,1970.4,0.3,0.002519739660906318,-0.0032287352335094166,-0.0012686205700528249,stop
short,2026-02-18 00:45:00,2026-02-18 00:46:00,2026-02-18 03:15:00,1989.18,2011.33,2009.81,1947.9200000000003,0.3,0.010371107692616998,-0.011135241657366235,-0.0036405724972098704,stop
short,2026-02-20 18:15:00,2026-02-20 18:16:00,2026-02-20 18:44:00,1968.44,1960.62,1973.11,1959.1000000000004,0.3,0.002372437056755525,0.003972689032939902,0.0008918067098819707,target
short,2026-02-20 23:15:00,2026-02-20 23:16:00,2026-02-21 02:35:00,1941.81,1975.85,1979.99,1865.4499999999998,0.25429675222629605,0.019662067864518188,-0.017530036409329375,-0.004712128077527477,stop
long,2026-02-22 22:15:00,2026-02-22 22:16:00,2026-02-23 01:33:00,1950.94,1940.27,1942.29,1968.2400000000002,0.3,0.0044337601361395486,-0.005469158456948953,-0.0019407475370846856,stop
long,2026-02-24 09:30:00,2026-02-24 09:31:00,2026-02-24 21:31:00,1850.37,1820.86,1810.41,1930.2899999999995,0.23152777777777886,0.021595680863827134,-0.015948161719007592,-0.003923970220220249,time
long,2026-02-24 21:45:00,2026-02-24 21:46:00,2026-02-25 00:03:00,1814.74,1858.7,1794.49,1855.24,0.3,0.011158623273857412,0.024223855758951807,0.0069671567276855416,target
short,2026-02-25 21:15:00,2026-02-25 21:16:00,2026-02-25 21:26:00,1954.99,1962.77,1961.36,1942.2500000000002,0.3,0.003258328687103203,-0.003979559997749238,-0.0014938679993247712,stop
short,2026-02-25 22:00:00,2026-02-25 22:01:00,2026-02-25 22:33:00,1964.33,1970.92,1976.3,1940.3899999999999,0.3,0.0060936807970147725,-0.00335483345466403,-0.001306450036399209,stop
short,2026-02-26 02:00:00,2026-02-26 02:01:00,2026-02-26 05:35:00,2071.69,2092.23,2087.95,2039.1700000000005,0.3,0.007848664616810316,-0.009914610776708743,-0.0032743832330126227,stop
long,2026-02-27 21:00:00,2026-02-27 21:01:00,2026-02-27 21:37:00,1961.5,1939.5,1948.06,1988.38,0.3,0.00685189905684428,-0.011215906194239067,-0.00366477185827172,stop
long,2026-02-27 21:45:00,2026-02-27 21:46:00,2026-02-28 00:06:00,1953.3,1932.6,1937.48,1984.9399999999998,0.3,0.008099114319356953,-0.010597450468438074,-0.0034792351405314222,stop
long,2026-02-28 06:45:00,2026-02-28 06:46:00,2026-02-28 14:19:00,1922.07,1887.64,1885.68,1994.8499999999997,0.26409315746084183,0.01893271316861502,-0.01791297923592783,-0.00499478840340752,stop
short,2026-03-01 06:45:00,2026-03-01 06:46:00,2026-03-01 09:12:00,1971.1,1946.89,1984.58,1944.1399999999999,0.3,0.006838820962914118,0.012282481862919137,0.003384744558875741,target
short,2026-03-03 00:00:00,2026-03-03 00:01:00,2026-03-03 00:10:00,2047.25,2072.8,2064.94,2011.87,0.3,0.008640859689827845,-0.012480156307241419,-0.004044046892172425,stop
short,2026-03-03 01:00:00,2026-03-03 01:01:00,2026-03-03 10:02:00,2063.93,2010.64,2090.73,2010.3299999999995,0.3,0.012984936504629606,0.025819674116854596,0.007445902235056379,target
short,2026-03-04 16:15:00,2026-03-04 16:16:00,2026-03-04 16:42:00,2006.01,2019.69,2020.0,1978.03,0.3,0.006974043000782653,-0.00681950738032211,-0.0023458522140966326,stop
short,2026-03-05 03:30:00,2026-03-05 03:31:00,2026-03-05 07:21:00,2175.96,2124.22,2201.43,2125.0200000000004,0.3,0.011705178404014688,0.023778010625195467,0.00683340318755864,target
long,2026-03-06 17:45:00,2026-03-06 17:46:00,2026-03-06 20:08:00,2056.32,2042.73,2044.8,2079.3600000000006,0.3,0.005602240896358645,-0.006608893557423001,-0.0022826680672269,stop
long,2026-03-07 00:00:00,2026-03-07 00:01:00,2026-03-07 01:37:00,1976.29,1958.9,1964.24,2000.3899999999999,0.3,0.006097283293443753,-0.00879931588987437,-0.002939794766962311,stop
short,2026-03-09 11:30:00,2026-03-09 11:31:00,2026-03-09 13:44:00,1983.82,2000.9,2006.35,1938.76,0.3,0.011356877136030473,-0.008609652085370678,-0.0028828956256112034,stop
short,2026-03-10 01:00:00,2026-03-10 01:01:00,2026-03-10 01:44:00,2026.93,2006.28,2037.99,2004.8100000000002,0.3,0.005456527852466511,0.010187820990364749,0.0027563462971094245,target
short,2026-03-10 03:45:00,2026-03-10 03:46:00,2026-03-10 10:43:00,2030.18,2051.45,2053.45,1983.6400000000006,0.3,0.011462037848860572,-0.010476903525795667,-0.0034430710577387,stop
short,2026-03-10 16:30:00,2026-03-10 16:31:00,2026-03-10 16:35:00,2062.2,2065.99,2066.87,2052.8599999999997,0.3,0.002264571816506679,-0.0018378430802055146,-0.0008513529240616543,stop
short,2026-03-12 22:30:00,2026-03-12 22:31:00,2026-03-13 08:16:00,2058.29,2106.85,2094.98,1984.9099999999999,0.28049741073862045,0.01782547648776414,-0.023592399516103146,-0.006898104388116635,stop
short,2026-03-13 08:45:00,2026-03-13 08:46:00,2026-03-13 20:46:00,2123.91,2134.79,2148.61,2074.5099999999993,0.3,0.011629494658436691,-0.0051226276066311804,-0.001836788281989354,time
long,2026-03-14 18:45:00,2026-03-14 18:46:00,2026-03-14 19:09:00,2063.4,2069.31,2060.41,2069.3800000000006,0.3,0.0014490646505768325,0.002864204710671725,0.0005592614132015174,target
short,2026-03-15 11:00:00,2026-03-15 11:01:00,2026-03-15 11:16:00,2103.59,2094.78,2108.19,2094.3900000000003,0.3,0.0021867379099538924,0.004188078475368284,0.0009564235426104853,target
short,2026-03-16 12:30:00,2026-03-16 12:31:00,2026-03-16 12:37:00,2250.98,2261.76,2268.59,2215.7599999999998,0.3,0.007823259202658453,-0.004789025224569032,-0.0017367075673707095,stop
short,2026-03-16 13:00:00,2026-03-16 13:01:00,2026-03-16 13:56:00,2260.04,2275.76,2278.0,2224.12,0.3,0.007946762004212331,-0.006955629103909677,-0.002386688731172903,stop
short,2026-03-17 02:00:00,2026-03-17 02:01:00,2026-03-17 02:09:00,2314.31,2328.2,2324.44,2294.0499999999997,0.3,0.004377114561143541,-0.006001788870116709,-0.0021005366610350124,stop
long,2026-03-18 21:15:00,2026-03-18 21:16:00,2026-03-18 22:14:00,2234.88,2221.01,2222.0,2260.6400000000003,0.3,0.005763172966781263,-0.006206149770904834,-0.00216184493127145,stop
long,2026-03-19 00:30:00,2026-03-19 00:31:00,2026-03-19 01:30:00,2175.4,2197.55,2164.0,2198.2000000000003,0.3,0.005240415555759902,0.010182035487726449,0.0027546106463179347,target
long,2026-03-20 00:00:00,2026-03-20 00:01:00,2026-03-20 09:40:00,2116.52,2157.94,2095.58,2158.4,0.3,0.009893598926539817,0.01956985995880034,0.005570957987640102,target
long,2026-03-22 08:15:00,2026-03-22 08:16:00,2026-03-22 11:36:00,2072.51,2123.21,2046.64,2124.2500000000005,0.3,0.012482448818099848,0.024463090648537245,0.007038927194561173,target
short,2026-03-25 19:45:00,2026-03-25 19:46:00,2026-03-25 20:24:00,2188.86,2171.42,2199.0,2168.5800000000004,0.3,0.004632548449877961,0.007967617846733055,0.0020902853540199166,target
long,2026-03-26 14:15:00,2026-03-26 14:16:00,2026-03-26 17:32:00,2120.55,2093.47,2111.09,2139.4700000000003,0.3,0.004461106788333232,-0.012770271863431826,-0.0041310815590295475,stop
long,2026-03-26 23:30:00,2026-03-26 23:31:00,2026-03-27 01:58:00,2064.29,2051.04,2050.01,2092.8499999999995,0.3,0.006917632696956215,-0.006418671795145103,-0.0022256015385435307,stop
long,2026-03-27 21:45:00,2026-03-27 21:46:00,2026-03-28 09:46:00,1985.46,1987.44,1962.54,2031.3000000000002,0.3,0.01154392432987825,0.0009972500075550172,-8.249977334947992e-07,time
long,2026-03-30 07:00:00,2026-03-30 07:01:00,2026-03-30 19:01:00,1984.3,2057.67,1936.0,2080.8999999999996,0.20541407867494843,0.024341077458045635,0.03697525575769789,0.0073898240165631455,time
short,2026-03-30 12:30:00,2026-03-30 12:31:00,2026-03-30 13:10:00,2047.53,2055.51,2053.59,2035.4099999999996,0.3,0.00295966359467269,-0.003897378792984796,-0.0014692136378954385,stop
short,2026-03-30 16:45:00,2026-03-30 16:46:00,2026-03-30 18:39:00,2066.65,2048.7,2075.89,2048.1700000000005,0.3,0.004471003798417623,0.008685553915757538,0.0023056661747272614,target
short,2026-03-30 19:30:00,2026-03-30 19:31:00,2026-03-30 21:22:00,2065.53,2083.05,2081.92,2032.7500000000005,0.3,0.007935009416469319,-0.00848208450131449,-0.002844625350394347,stop
short,2026-03-30 21:30:00,2026-03-30 21:31:00,2026-03-30 22:38:00,2071.2,2046.45,2084.81,2043.9799999999996,0.3,0.006571069911162673,0.011949594438006805,0.0032848783314020414,target
short,2026-04-02 01:15:00,2026-04-02 01:16:00,2026-04-02 02:05:00,2152.46,2128.25,2167.42,2122.54,0.3,0.006950187227637232,0.011247595774137475,0.0030742787322412426,target
long,2026-04-02 19:30:00,2026-04-02 19:31:00,2026-04-02 21:03:00,2037.89,2021.29,2021.69,2070.29,0.3,0.00794939864271381,-0.008145680090682061,-0.0027437040272046184,stop
short,2026-04-03 20:45:00,2026-04-03 20:46:00,2026-04-04 08:46:00,2058.39,2052.01,2082.0,2011.1699999999996,0.3,0.01147012956728323,0.0030995098110657704,0.0006298529433197311,time
short,2026-04-05 03:30:00,2026-04-05 03:31:00,2026-04-05 14:10:00,2068.57,2037.86,2083.36,2038.9900000000002,0.3,0.007149866816206347,0.014846004727903983,0.004153801418371195,target
short,2026-04-06 04:45:00,2026-04-06 04:46:00,2026-04-06 06:14:00,2066.84,2052.46,2074.73,2051.0600000000004,0.3,0.0038174217646261307,0.00695748098546578,0.001787244295639734,target
short,2026-04-06 07:45:00,2026-04-06 07:46:00,2026-04-06 08:02:00,2112.41,2126.16,2123.0,2091.2299999999996,0.3,0.005013231332932596,-0.00650915305267441,-0.002252745915802323,stop
short,2026-04-06 08:15:00,2026-04-06 08:16:00,2026-04-06 10:12:00,2124.44,2135.34,2134.57,2104.18,0.3,0.004768315414885856,-0.005130763871890931,-0.0018392291615672793,stop
short,2026-04-06 16:45:00,2026-04-06 16:46:00,2026-04-06 17:13:00,2139.04,2148.11,2147.3,2122.5199999999995,0.3,0.003861545366145663,-0.004240219911736176,-0.0015720659735208528,stop
short,2026-04-10 06:30:00,2026-04-10 06:31:00,2026-04-10 18:31:00,2216.75,2191.24,2246.04,2158.17,0.3,0.01321303710386826,0.011507838051201147,0.003152351415360344,time
short,2026-04-10 23:30:00,2026-04-10 23:31:00,2026-04-11 11:31:00,2234.39,2246.27,2258.0,2187.1699999999996,0.3,0.010566642349813653,-0.005316887383133739,-0.0018950662149401216,time
short,2026-04-12 03:15:00,2026-04-12 03:16:00,2026-04-12 03:34:00,2315.69,2320.99,2328.0,2291.07,0.3,0.005315910160686424,-0.0022887346751938598,-0.000986620402558158,stop
short,2026-04-12 03:45:00,2026-04-12 03:46:00,2026-04-12 07:05:00,2314.91,2284.6,2329.85,2285.0299999999997,0.3,0.006453814619142885,0.013093381600148613,0.0036280144800445837,target
long,2026-04-12 23:45:00,2026-04-12 23:46:00,2026-04-13 01:52:00,2181.87,2202.64,2173.0,2199.6099999999997,0.3,0.004065320115313878,0.009519357248598759,0.0025558071745796274,target
short,2026-04-14 01:45:00,2026-04-14 01:46:00,2026-04-14 01:57:00,2235.39,2222.26,2242.38,2221.4099999999994,0.3,0.003126971132554157,0.005873695417801694,0.0014621086253405083,target
short,2026-04-14 22:45:00,2026-04-14 22:46:00,2026-04-15 10:46:00,2366.99,2320.75,2416.4,2268.169999999999,0.239525399716655,0.02087461290499762,0.019535359253735618,0.004439689334142825,time
short,2026-04-17 22:15:00,2026-04-17 22:16:00,2026-04-17 22:38:00,2431.89,2444.68,2447.96,2399.7499999999995,0.3,0.006608029146055194,-0.005259283931427827,-0.0018777851794283481,stop
long,2026-04-20 01:15:00,2026-04-20 01:16:00,2026-04-20 01:53:00,2307.71,2293.63,2293.65,2335.83,0.3,0.006092619956580309,-0.006101286556803087,-0.002130385967040926,stop
long,2026-04-20 03:00:00,2026-04-20 03:01:00,2026-04-20 04:42:00,2300.28,2286.26,2286.76,2327.32,0.3,0.005877545342306146,-0.006094910184847091,-0.002128473055454127,stop
short,2026-04-21 03:00:00,2026-04-21 03:01:00,2026-04-21 05:06:00,2334.26,2343.37,2343.68,2315.420000000001,0.3,0.0040355401711889925,-0.0039027357706509225,-0.0014708207311952767,stop
long,2026-04-22 01:30:00,2026-04-22 01:31:00,2026-04-22 03:04:00,2294.3,2317.99,2282.0,2318.9000000000005,0.3,0.0053611123218411634,0.01032558950442386,0.002797676851327158,target
short,2026-04-22 11:15:00,2026-04-22 11:16:00,2026-04-22 13:18:00,2369.6,2385.48,2378.78,2351.2399999999993,0.3,0.003874071573261433,-0.006701553004726524,-0.002310465901417957,stop
short,2026-04-22 14:00:00,2026-04-22 14:01:00,2026-04-22 21:21:00,2390.73,2409.39,2413.48,2345.23,0.3,0.0095159219150636,-0.007805147381761968,-0.00264154421452859,stop
long,2026-04-23 11:45:00,2026-04-23 11:46:00,2026-04-23 13:02:00,2336.99,2349.79,2330.13,2350.709999999999,0.3,0.0029353998091560824,0.0054771308392420615,0.0013431392517726185,target
long,2026-04-26 00:45:00,2026-04-26 00:46:00,2026-04-26 12:46:00,2308.83,2311.83,2298.64,2329.21,0.3,0.004413490815694553,0.0012993594158079436,8.980782474238307e-05,time
short,2026-04-26 13:30:00,2026-04-26 13:31:00,2026-04-26 22:20:00,2331.12,2339.65,2337.75,2317.8599999999997,0.3,0.0028441264284979366,-0.003659185284326849,-0.0013977555852980547,stop
short,2026-04-27 03:30:00,2026-04-27 03:31:00,2026-04-27 06:16:00,2364.0,2375.62,2375.75,2340.5,0.3,0.004970389170896785,-0.004915397631133578,-0.0017746192893400732,stop
short,2026-04-27 09:15:00,2026-04-27 09:16:00,2026-04-27 13:18:00,2384.14,2344.65,2404.0,2344.4199999999996,0.3,0.008330047732096323,0.016563624619359563,0.004669087385807869,target
long,2026-04-27 14:15:00,2026-04-27 14:16:00,2026-04-27 14:32:00,2320.95,2314.29,2315.24,2332.37,0.3,0.0024601994872789318,-0.0028695146384023484,-0.0011608543915207045,stop
long,2026-04-27 22:00:00,2026-04-27 22:01:00,2026-04-27 23:05:00,2312.41,2295.08,2301.32,2334.5899999999992,0.3,0.004795862325452533,-0.007494345725887697,-0.0025483037177663087,stop
long,2026-04-30 00:00:00,2026-04-30 00:01:00,2026-04-30 02:01:00,2269.26,2278.59,2261.45,2284.880000000001,0.3,0.0034416505821282706,0.004111472462388521,0.0009334417387165564,target
short,2026-05-01 20:45:00,2026-05-01 20:46:00,2026-05-01 21:13:00,2303.25,2309.26,2312.27,2285.21,0.3,0.003916205361988487,-0.0026093563442961543,-0.0010828069032888462,stop
short,2026-05-01 21:45:00,2026-05-01 21:46:00,2026-05-01 21:54:00,2305.76,2316.92,2316.96,2283.3600000000006,0.3,0.00485740059676628,-0.0048400527374921065,-0.0017520158212476317,stop
short,2026-05-01 22:15:00,2026-05-01 22:16:00,2026-05-01 23:53:00,2316.5,2302.6,2325.0,2299.5,0.3,0.003669328728685517,0.006000431685732832,0.0015001295057198497,target
short,2026-05-04 04:45:00,2026-05-04 04:46:00,2026-05-04 05:45:00,2335.88,2318.8,2343.7,2320.2400000000007,0.3,0.003347774714454385,0.007312019453054042,0.0018936058359162126,target
short,2026-05-04 06:30:00,2026-05-04 06:31:00,2026-05-04 10:01:00,2337.03,2352.31,2356.01,2299.07,0.3,0.008121419066079603,-0.006538213031069162,-0.0022614639093207485,stop
short,2026-05-04 11:30:00,2026-05-04 11:31:00,2026-05-04 12:20:00,2381.95,2393.89,2392.0,2361.8499999999995,0.3,0.0042192321417326905,-0.0050126996788346645,-0.0018038099036503993,stop
short,2026-05-04 12:30:00,2026-05-04 12:31:00,2026-05-04 14:07:00,2390.62,2372.13,2399.87,2372.12,0.3,0.0038692891383825118,0.007734395261480231,0.0020203185784440692,target
short,2026-05-05 21:30:00,2026-05-05 21:31:00,2026-05-06 00:39:00,2386.89,2362.04,2399.0,2362.6699999999996,0.3,0.005073547587027524,0.010411036956038955,0.0028233110868116865,target
short,2026-05-06 19:30:00,2026-05-06 19:31:00,2026-05-06 21:02:00,2413.91,2394.51,2423.77,2394.1899999999996,0.3,0.004084659328641138,0.008036753648644535,0.0021110260945933603,target
long,2026-05-07 02:15:00,2026-05-07 02:16:00,2026-05-07 08:45:00,2347.85,2335.73,2335.31,2372.93,0.3,0.005341056711459405,-0.005162169644568393,-0.0018486508933705178,stop
long,2026-05-07 09:15:00,2026-05-07 09:16:00,2026-05-07 21:16:00,2329.02,2322.15,2311.44,2364.18,0.3,0.007548239173557946,-0.0029497385166292744,-0.0011849215549887822,time
long,2026-05-07 22:00:00,2026-05-07 22:01:00,2026-05-07 22:32:00,2312.65,2305.14,2303.1,2331.7500000000005,0.3,0.004129461872743468,-0.0032473569281993298,-0.0012742070784597988,stop
long,2026-05-08 10:30:00,2026-05-08 10:31:00,2026-05-08 11:06:00,2274.79,2269.66,2266.51,2291.3499999999995,0.3,0.00363989643000002,-0.0022551532229349025,-0.0009765459668804708,stop
long,2026-05-08 11:15:00,2026-05-08 11:16:00,2026-05-08 19:59:00,2274.43,2295.13,2262.45,2298.39,0.3,0.005267253773472922,0.009101181394899127,0.002430354418469738,target
short,2026-05-09 11:30:00,2026-05-09 11:31:00,2026-05-09 12:07:00,2314.85,2322.19,2320.96,2302.6299999999997,0.3,0.0026394798799058805,-0.003170831803356755,-0.0012512495410070264,stop
long,2026-05-11 05:00:00,2026-05-11 05:01:00,2026-05-11 06:33:00,2328.12,2361.62,2310.0,2364.3599999999997,0.3,0.007783103963713164,0.014389292648145258,0.004016787794443577,target
long,2026-05-11 22:45:00,2026-05-11 22:46:00,2026-05-11 23:27:00,2310.84,2328.03,2302.1,2328.3200000000006,0.3,0.0037821744473871995,0.007438853403957113,0.001931656021187134,target
long,2026-05-12 15:15:00,2026-05-12 15:16:00,2026-05-12 15:49:00,2300.81,2293.14,2293.03,2316.3699999999994,0.3,0.0033814178484967232,-0.003333608598710902,-0.0013000825796132705,stop
long,2026-05-12 16:30:00,2026-05-12 16:31:00,2026-05-12 21:37:00,2286.69,2276.68,2276.34,2307.39,0.3,0.004526192881413707,-0.00437750635197609,-0.001613251905592827,stop
long,2026-05-12 22:45:00,2026-05-12 22:46:00,2026-05-12 23:25:00,2274.72,2257.67,2260.01,2304.139999999999,0.3,0.006466729971161102,-0.007495428008721827,-0.002548628402616548,stop
long,2026-05-13 01:00:00,2026-05-13 01:01:00,2026-05-13 03:36:00,2265.5,2283.63,2255.01,2286.4799999999996,0.3,0.004630324431692687,0.00800264842198195,0.0021007945265945852,target
long,2026-05-13 22:15:00,2026-05-13 22:16:00,2026-05-13 23:50:00,2263.7,2249.34,2248.0,2295.0999999999995,0.3,0.006935547996642585,-0.0063435967663558745,-0.002203079029906762,stop
short,2026-05-17 18:30:00,2026-05-17 18:31:00,2026-05-17 19:20:00,2194.73,2188.96,2197.77,2188.65,0.3,0.001385136212654843,0.0026290249825718925,0.0004887074947715678,target
short,2026-05-20 21:00:00,2026-05-20 21:01:00,2026-05-20 21:36:00,2133.99,2119.5,2139.63,2122.709999999999,0.3,0.0026429364711176378,0.006790097423136854,0.001737029226941056,target
short,2026-05-21 09:30:00,2026-05-21 09:31:00,2026-05-21 21:31:00,2141.11,2117.0,2158.07,2107.19,0.3,0.0079211250239362,0.011260514406079114,0.0030781543218237344,time
long,2026-05-25 06:00:00,2026-05-25 06:01:00,2026-05-25 07:45:00,2075.8,2105.25,2060.59,2106.2200000000003,0.3,0.007327295500529933,0.014187301281433529,0.003956190384430058,target
short,2026-05-25 23:15:00,2026-05-25 23:16:00,2026-05-26 00:51:00,2128.0,2137.0,2137.99,2108.0200000000004,0.3,0.0046945488721803486,-0.004229323308270638,-0.0015687969924811913,stop
long,2026-05-26 09:00:00,2026-05-26 09:01:00,2026-05-26 10:48:00,2094.6,2088.14,2083.68,2116.44,0.3,0.0052134059008880325,-0.003084121073235968,-0.0012252363219707903,stop
long,2026-05-26 11:00:00,2026-05-26 11:01:00,2026-05-26 12:57:00,2087.31,2095.11,2083.36,2095.2099999999996,0.3,0.0018923878101479025,0.0037368670681403593,0.0008210601204421079,target
long,2026-05-27 00:00:00,2026-05-27 00:01:00,2026-05-27 00:13:00,2086.35,2073.69,2077.0,2105.0499999999997,0.3,0.004481510772401519,-0.006068013516428161,-0.0021204040549284483,stop
long,2026-05-27 01:45:00,2026-05-27 01:46:00,2026-05-27 13:46:00,2065.23,2073.66,2054.0,2087.69,0.3,0.005437651012235934,0.004081869815952599,0.0009245609447857798,time
short,2026-05-31 09:30:00,2026-05-31 09:31:00,2026-05-31 10:16:00,2029.83,2035.71,2033.44,2022.6099999999997,0.3,0.0017784740594040524,-0.0028967943128241913,-0.0011690382938472574,stop
short,2026-05-31 10:30:00,2026-05-31 10:31:00,2026-05-31 22:15:00,2028.72,2014.73,2037.4,2011.36,0.3,0.004278559880121487,0.0068959738160022654,0.0017687921448006796,target
long,2026-05-31 18:30:00,2026-05-31 18:31:00,2026-05-31 22:15:00,2018.6,2014.73,2014.01,2027.7799999999997,0.3,0.002273853165560249,-0.0019171703160605347,-0.0008751510948181603,stop
long,2026-06-01 00:30:00,2026-06-01 00:31:00,2026-06-01 00:34:00,2005.05,2000.52,2002.08,2010.99,0.3,0.0014812598189571469,-0.002259295279419482,-0.0009777885838258445,stop
long,2026-06-01 03:30:00,2026-06-01 03:31:00,2026-06-01 04:58:00,1997.67,2007.29,1992.27,2008.4700000000003,0.3,0.002703149168781676,0.004815610185866515,0.0011446830557599545,target
long,2026-06-01 10:15:00,2026-06-01 10:16:00,2026-06-01 14:09:00,2003.5,1989.18,1990.03,2030.44,0.3,0.006723234339905179,-0.0071474918891938355,-0.0024442475667581505,stop
long,2026-06-01 22:00:00,2026-06-01 22:01:00,2026-06-02 01:46:00,1968.12,1991.71,1955.0,1994.3599999999997,0.3,0.006666260187386893,0.011986057760705826,0.0032958173282117476,target
long,2026-06-02 23:45:00,2026-06-02 23:46:00,2026-06-03 03:34:00,1913.05,1888.18,1888.0,1963.1499999999999,0.3,0.013094273542249265,-0.01300018295392169,-0.004200054886176507,stop
long,2026-06-03 03:45:00,2026-06-03 03:46:00,2026-06-03 06:19:00,1901.53,1883.04,1878.32,1947.95,0.3,0.012205960463416321,-0.009723748770726681,-0.003217124631218004,stop
long,2026-06-03 06:30:00,2026-06-03 06:31:00,2026-06-03 06:52:00,1895.95,1876.96,1872.7,1942.45,0.3,0.012262981618713573,-0.010016086922123524,-0.003304826076637057,stop
long,2026-06-03 07:15:00,2026-06-03 07:16:00,2026-06-03 07:24:00,1871.96,1852.49,1854.07,1907.7400000000002,0.3,0.009556828137353415,-0.010400863266309068,-0.00342025897989272,stop
long,2026-06-05 22:15:00,2026-06-05 22:16:00,2026-06-05 23:02:00,1618.67,1596.51,1588.0,1680.0100000000002,0.2638849038148021,0.018947654555900875,-0.013690251873451742,-0.00387653570264103,stop
long,2026-06-06 00:15:00,2026-06-06 00:16:00,2026-06-06 02:53:00,1594.72,1548.45,1545.78,1692.6000000000001,0.16292603187576607,0.030688772950737467,-0.02901449784288146,-0.004890143032284416,stop
long,2026-06-10 00:45:00,2026-06-10 00:46:00,2026-06-10 12:46:00,1630.64,1623.06,1612.68,1666.5600000000002,0.3,0.011014080361085239,-0.004648481577785524,-0.001694544473335657,time
long,2026-06-10 17:30:00,2026-06-10 17:31:00,2026-06-10 21:36:00,1619.8,1648.98,1605.0,1649.3999999999999,0.3,0.009136930485245064,0.018014569699962957,0.005104370909988887,target
short,2026-06-11 20:00:00,2026-06-11 20:01:00,2026-06-11 22:17:00,1662.0,1638.52,1673.64,1638.7199999999998,0.3,0.007003610108303309,0.014127557160048099,0.003938267148014429,target
short,2026-06-13 23:45:00,2026-06-13 23:46:00,2026-06-14 05:42:00,1678.86,1687.55,1686.74,1663.0999999999997,0.3,0.004693661174844901,-0.005176131422512942,-0.0018528394267538825,stop
short,2026-06-15 06:00:00,2026-06-15 06:01:00,2026-06-15 08:15:00,1720.98,1730.66,1731.8,1699.3400000000001,0.3,0.00628711548071444,-0.005624702204557908,-0.001987410661367372,stop
long,2026-06-17 23:00:00,2026-06-17 23:01:00,2026-06-18 00:28:00,1754.36,1783.79,1739.5,1784.0799999999997,0.3,0.008470325360815283,0.016775348275154478,0.004732604482546344,target
long,2026-06-18 06:15:00,2026-06-18 06:16:00,2026-06-18 08:14:00,1735.42,1756.26,1724.83,1756.6000000000004,0.3,0.006102269191319764,0.01200862039160544,0.0033025861174816318,target
long,2026-06-24 22:15:00,2026-06-24 22:16:00,2026-06-24 23:13:00,1644.25,1636.9,1637.19,1658.37,0.3,0.00429375095028125,-0.004470123156454231,-0.0016410369469362692,stop
long,2026-06-26 11:15:00,2026-06-26 11:16:00,2026-06-26 14:44:00,1531.15,1570.87,1511.0,1571.4500000000003,0.3,0.013160043104855886,0.025941285961532,0.0074823857884596,target
short,2026-06-27 00:15:00,2026-06-27 00:16:00,2026-06-27 12:16:00,1580.47,1582.0,1594.95,1551.51,0.3,0.00916183160705361,-0.0009680664612425893,-0.0005904199383727767,time
short,2026-06-27 23:45:00,2026-06-27 23:46:00,2026-06-28 01:04:00,1604.0,1593.12,1610.57,1590.8600000000001,0.3,0.004096009975062305,0.00678304239401506,0.001734912718204518,target
long,2026-06-28 06:30:00,2026-06-28 06:31:00,2026-06-28 18:31:00,1576.9,1574.14,1561.49,1607.7200000000003,0.3,0.009772338131777589,-0.0017502695161392134,-0.000825080854841764,time
long,2026-06-29 04:00:00,2026-06-29 04:01:00,2026-06-29 06:53:00,1564.97,1557.22,1555.53,1583.8500000000001,0.3,0.006032064512418803,-0.004952171607123468,-0.0017856514821370402,stop
short,2026-06-30 02:00:00,2026-06-30 02:01:00,2026-06-30 08:32:00,1624.19,1594.39,1637.54,1597.4900000000002,0.3,0.008219481710883523,0.018347607114931108,0.005204282134479332,target
short,2026-07-01 13:00:00,2026-07-01 13:01:00,2026-07-01 14:10:00,1597.92,1584.58,1604.21,1585.3400000000001,0.3,0.003936367277460676,0.008348352858716379,0.002204505857614914,target
short,2026-07-02 06:30:00,2026-07-02 06:31:00,2026-07-02 17:38:00,1628.05,1641.31,1645.87,1592.41,0.3,0.010945609778569416,-0.00814471300021502,-0.002743413900064506,stop
short,2026-07-04 21:30:00,2026-07-04 21:31:00,2026-07-04 23:10:00,1764.73,1789.04,1778.7,1736.79,0.3,0.007916225144923034,-0.01377547840179516,-0.004432643520538548,stop
long,2026-07-06 21:45:00,2026-07-06 21:46:00,2026-07-06 23:45:00,1745.34,1776.83,1727.16,1781.6999999999996,0.3,0.010416308570249829,0.018042329861230444,0.005112698958369133,target
long,2026-07-08 10:45:00,2026-07-08 10:46:00,2026-07-08 16:18:00,1757.36,1738.51,1740.5,1791.0799999999997,0.3,0.009593936359084024,-0.010726316747848963,-0.003517895024354689,stop
long,2026-07-08 16:45:00,2026-07-08 16:46:00,2026-07-08 22:46:00,1736.35,1723.93,1723.56,1761.9299999999998,0.3,0.007366026434762556,-0.007152935756039924,-0.002445880726811977,stop
long,2026-07-08 23:00:00,2026-07-08 23:01:00,2026-07-08 23:11:00,1729.19,1718.59,1721.0,1745.5700000000002,0.3,0.004736321630358755,-0.006130037763345975,-0.002139011329003792,stop
short,2026-07-09 15:15:00,2026-07-09 15:16:00,2026-07-10 03:16:00,1751.49,1747.59,1761.84,1730.7900000000002,0.3,0.005909254406248342,0.0022266755733689747,0.00036800267201069246,time
short,2026-07-10 12:00:00,2026-07-10 12:01:00,2026-07-10 16:17:00,1775.49,1783.89,1779.63,1767.2099999999998,0.3,0.0023317506716456302,-0.004731088319280818,-0.0017193264957842454,stop
short,2026-07-10 22:00:00,2026-07-10 22:01:00,2026-07-10 22:22:00,1802.57,1779.63,1812.82,1782.07,0.3,0.00568632563506549,0.01272627415301475,0.003517882245904425,target
long,2026-07-12 08:45:00,2026-07-12 08:46:00,2026-07-12 09:36:00,1786.87,1803.42,1778.29,1804.0299999999997,0.3,0.004801692344714461,0.009262005629956382,0.002478601688986915,target
long,2026-07-13 22:30:00,2026-07-13 22:31:00,2026-07-14 01:52:00,1771.63,1758.8,1760.87,1793.1500000000005,0.3,0.006073502932327979,-0.007241918459272023,-0.002472575537781607,stop
long,2026-07-14 02:30:00,2026-07-14 02:31:00,2026-07-14 04:06:00,1756.51,1774.03,1747.0,1775.53,0.3,0.0054141450945340425,0.009974324085829211,0.0026922972257487636,target
short,2026-07-14 23:45:00,2026-07-14 23:46:00,2026-07-15 01:09:00,1881.0,1865.0,1888.48,1866.04,0.3,0.003976608187134512,0.008506113769271684,0.0022518341307815053,target
short,2026-07-15 06:45:00,2026-07-15 06:46:00,2026-07-15 18:46:00,1886.27,1877.17,1897.99,1862.83,0.3,0.006213320468437725,0.004824335858599205,0.0011473007575797615,time
long,2026-07-17 01:30:00,2026-07-17 01:31:00,2026-07-17 07:21:00,1871.99,1862.45,1860.33,1895.3100000000002,0.3,0.006228665751419656,-0.005096181069343286,-0.0018288543208029857,stop
long,2026-07-17 08:45:00,2026-07-17 08:46:00,2026-07-17 10:10:00,1859.21,1845.77,1845.6,1886.4300000000003,0.3,0.007320313466472387,-0.007228876780998372,-0.0024686630342995114,stop
long,2026-07-17 10:15:00,2026-07-17 10:16:00,2026-07-17 10:41:00,1852.9,1845.95,1843.0,1872.7000000000003,0.3,0.005342975875654428,-0.003750877003615982,-0.0014252631010847946,stop
short,2026-07-19 19:00:00,2026-07-19 19:01:00,2026-07-20 02:09:00,1870.33,1860.48,1879.81,1851.37,0.3,0.005068624253473996,0.0052664503055610545,0.0012799350916683164,target
short,2026-07-21 00:30:00,2026-07-21 00:31:00,2026-07-21 01:53:00,1899.85,1903.75,1906.56,1886.4299999999998,0.3,0.0035318577782456704,-0.0020527936416032677,-0.0009158380924809803,stop
short,2026-07-21 15:45:00,2026-07-21 15:46:00,2026-07-21 16:20:00,1932.66,1941.38,1939.99,1918.0000000000002,0.3,0.0037927002162821844,-0.0045119162190969675,-0.00165357486572909,stop
short,2026-07-21 16:30:00,2026-07-21 16:31:00,2026-07-22 01:47:00,1939.12,1915.19,1952.66,1912.0399999999995,0.3,0.006982548785015983,0.012340649366722967,0.00340219481001689,target
short,2026-07-22 22:15:00,2026-07-22 22:16:00,2026-07-23 10:16:00,1933.99,1924.73,1956.86,1888.2500000000002,0.3,0.011825293822615365,0.0047880288936343884,0.0011364086680903166,time
long,2026-07-23 21:00:00,2026-07-23 21:01:00,2026-07-23 22:51:00,1906.54,1894.83,1893.4,1932.8199999999997,0.3,0.006892066256149817,-0.006142016427664765,-0.0021426049282994293,stop
long,2026-07-24 04:00:00,2026-07-24 04:01:00,2026-07-24 08:33:00,1876.2,1863.01,1867.51,1893.5800000000002,0.3,0.0046317023771453225,-0.007030167359556527,-0.002409050207866958,stop
short,2026-07-25 22:00:00,2026-07-25 22:01:00,2026-07-26 01:35:00,1864.8,1873.51,1871.98,1850.4399999999998,0.3,0.0038502788502788846,-0.004670742170742148,-0.0017012226512226442,stop
short,2026-07-26 02:00:00,2026-07-26 02:01:00,2026-07-26 02:03:00,1873.27,1875.22,1874.88,1870.0499999999997,0.3,0.000859459661447697,-0.0010409604595174038,-0.0006122881378552211,stop
short,2026-07-26 02:15:00,2026-07-26 02:16:00,2026-07-26 05:14:00,1873.37,1869.16,1876.79,1866.5299999999997,0.3,0.0018255870436700028,0.0022472869748100255,0.0003741860924430076,target
short,2026-07-26 23:15:00,2026-07-26 23:16:00,2026-07-26 23:17:00,1902.98,1905.56,1903.99,1900.96,0.3,0.0005307465133632466,-0.0013557683212646054,-0.0007067304963793816,stop
short,2026-07-27 00:45:00,2026-07-27 00:46:00,2026-07-27 05:49:00,1917.5,1926.59,1927.5,1897.5,0.3,0.005215123859191656,-0.004740547588005128,-0.0017221642764015384,stop
short,2026-07-27 14:15:00,2026-07-27 14:16:00,2026-07-27 20:26:00,1970.35,1947.44,1982.29,1946.4699999999998,0.3,0.0060598370847819195,0.011627375846930632,0.0031882127540791894,target
long,2026-07-30 04:15:00,2026-07-30 04:16:00,2026-07-30 04:29:00,1888.43,1881.55,1878.31,1908.6700000000003,0.3,0.00535894896819057,-0.003643238033710583,-0.0013929714101131748,stop
long,2026-07-30 05:15:00,2026-07-30 05:16:00,2026-07-30 06:05:00,1882.61,1903.84,1872.0,1903.8299999999997,0.3,0.005635792862037225,0.011276897498685434,0.0030830692496056303,target
long,2026-07-31 18:15:00,2026-07-31 18:16:00,2026-07-31 20:11:00,1882.31,1876.79,1876.14,1894.6499999999996,0.3,0.00327788727680342,-0.0029325668991824205,-0.001179770069754726,stop
long,2026-07-31 20:45:00,2026-07-31 20:46:00,2026-07-31 21:16:00,1876.75,1886.89,1872.21,1885.83,0.3,0.0024190755295057753,0.005402957239909467,0.0013208871719728402,target
long,2026-08-02 01:45:00,2026-08-02 01:46:00,2026-08-02 02:21:00,1862.02,1851.93,1856.0,1874.06,0.3,0.0032330479801505794,-0.005418846199288896,-0.0019256538597866686,stop
short,2026-08-02 10:30:00,2026-08-02 10:31:00,2026-08-02 19:44:00,1874.62,1854.59,1883.98,1855.8999999999996,0.3,0.00499301191708193,0.010684832125977484,0.002905449637793245,target
long,2026-08-03 15:30:00,2026-08-03 15:31:00,2026-08-03 16:19:00,1845.06,1837.93,1838.11,1858.96,0.3,0.0037668151713223666,-0.003864372974320518,-0.0014593118922961552,stop
long,2026-08-05 21:45:00,2026-08-05 21:46:00,2026-08-06 00:23:00,1866.84,1888.2,1855.0,1890.5199999999998,0.3,0.006342268217951147,0.011441794690493001,0.0031325384071479003,target
short,2026-08-06 01:15:00,2026-08-06 01:16:00,2026-08-06 01:39:00,1892.99,1905.0,1897.92,1883.1299999999999,0.3,0.0026043455063154393,-0.006344460351084713,-0.0022033381053254138,stop
short,2026-08-06 02:30:00,2026-08-06 02:31:00,2026-08-06 14:31:00,1916.46,1911.09,1927.76,1893.8600000000001,0.3,0.005896287947569975,0.0028020412635797465,0.0005406123790739239,time
short,2026-08-07 20:45:00,2026-08-07 20:46:00,2026-08-08 08:46:00,1930.21,1913.79,1944.0,1902.63,0.3,0.007144300361100587,0.008506846405313406,0.002252053921594022,time
long,2026-08-10 08:00:00,2026-08-10 08:01:00,2026-08-10 08:09:00,1908.89,1915.0,1906.34,1913.9900000000005,0.3,0.0013358548685362603,0.0032008130379435062,0.000660243911383052,target
long,2026-08-11 00:30:00,2026-08-11 00:31:00,2026-08-11 12:31:00,1874.29,1879.01,1867.05,1888.77,0.3,0.003862796045435877,0.002518286924648727,0.0004554860773946182,time
short,2026-08-12 17:45:00,2026-08-12 17:46:00,2026-08-12 18:03:00,1904.78,1911.47,1909.0,1896.34,0.3,0.0022154789529499615,-0.003512216633942078,-0.0013536649901826233,stop
short,2026-08-12 20:15:00,2026-08-12 20:16:00,2026-08-12 20:18:00,1915.55,1917.5,1917.96,1910.7299999999998,0.3,0.0012581242985043887,-0.001017984390905946,-0.0006053953172717838,stop
