timestamp,next_timestamp,raw_core_position,raw_swing_long_position,raw_swing_short_position,core_position,swing_long_position,swing_short_position,long_gross_exposure,short_gross_exposure,gross_exposure,net_exposure,hedged,risk_speed,turnover,price_return,gross_return,trading_cost,carry_cost,net_return,equity_before,equity,drawdown,intrabar_equity_ratio,maintenance_required,maintenance_headroom,liquidated,sweep_long_signal,sweep_short_signal,daily_core_regime
2022-01-01,2022-01-02 00:00:00,0.0,0.0,0.0,0.0,0.0,0.0,0.0,0.0,0.0,0.0,False,1.0,0.0,-0.0024715689241043837,-0.0,0.0,0.0,-0.0,1.0,1.0,0.0,1.0,0.0,1.0,False,False,False,0.0
2022-01-02,2022-01-03 00:00:00,0.0,0.0,0.0,0.0,0.0,0.0,0.0,0.0,0.0,0.0,False,1.0,0.0,0.0024365385227889114,0.0,0.0,0.0,0.0,1.0,1.0,0.0,1.0,0.0,1.0,False,False,False,0.0
2022-01-03,2022-01-04 00:00:00,0.0,0.0,0.0,0.0,0.0,0.0,0.0,0.0,0.0,0.0,False,1.0,0.0,-0.005559934836302571,-0.0,0.0,0.0,-0.0,1.0,1.0,0.0,1.0,0.0,1.0,False,False,False,0.0
2022-01-04,2022-01-05 00:00:00,0.0,0.0,0.0,0.0,0.0,0.0,0.0,0.0,0.0,0.0,False,1.0,0.0,-0.0014132937783954969,-0.0,0.0,0.0,-0.0,1.0,1.0,0.0,1.0,0.0,1.0,False,False,False,0.0
2022-01-05,2022-01-06 00:00:00,0.0,0.0,0.0,0.0,0.0,0.0,0.0,0.0,0.0,0.0,False,1.0,0.0,0.0014182984089365913,0.0,0.0,0.0,0.0,1.0,1.0,0.0,1.0,0.0,1.0,False,False,False,0.0
2022-01-06,2022-01-07 00:00:00,0.0,0.0,0.0,0.0,0.0,0.0,0.0,0.0,0.0,0.0,False,1.0,0.0,0.001853053998229548,0.0,0.0,0.0,0.0,1.0,1.0,0.0,1.0,0.0,1.0,False,False,False,0.0
2022-01-07,2022-01-08 00:00:00,0.0,0.0,0.0,0.0,0.0,0.0,0.0,0.0,0.0,0.0,False,1.0,0.0,-0.00270073155429007,-0.0,0.0,0.0,-0.0,1.0,1.0,0.0,1.0,0.0,1.0,False,False,False,0.0
2022-01-08,2022-01-09 00:00:00,0.0,0.0,0.0,0.0,0.0,0.0,0.0,0.0,0.0,0.0,False,1.0,0.0,0.0006044571594943093,0.0,0.0,0.0,0.0,1.0,1.0,0.0,1.0,0.0,1.0,False,False,False,0.0
2022-01-09,2022-01-10 00:00:00,0.0,0.0,0.0,0.0,0.0,0.0,0.0,0.0,0.0,0.0,False,1.0,0.0,0.002203170494985418,0.0,0.0,0.0,0.0,1.0,1.0,0.0,1.0,0.0,1.0,False,False,False,0.0
2022-01-10,2022-01-11 00:00:00,-0.12726844268331441,0.0,0.0,-0.12726844268331441,0.0,0.0,0.0,0.12726844268331441,0.12726844268331441,-0.12726844268331441,False,1.0,0.0,-0.00418057984841258,0.0005320558868207157,0.0,1.0896270777681028e-07,0.0005319469241129389,1.0028193684299223,1.0033528151083995,-0.002535602033927442,0.9999657416499448,0.0006363422134165721,0.9993293994365282,False,False,False,-1.0
2022-01-11,2022-01-12 00:00:00,-0.1286950931525053,0.0,0.0,-0.1286950931525053,0.0,0.0,0.0,0.1286950931525053,0.1286950931525053,-0.1286950931525053,False,1.0,0.0,0.006851075863132605,-0.0008816998464007313,0.0,1.1018415509632302e-07,-0.0008818100305558276,0.9987529981533128,0.9978722877414934,-0.007983965608785226,0.9989291952087476,0.0006434754657625265,0.9982857197429851,False,False,False,-1.0
2022-01-12,2022-01-13 00:00:00,-0.12861309087774767,0.0,0.0,-0.12861309087774767,0.0,0.0,0.0,0.12861309087774767,0.12861309087774767,-0.12861309087774767,False,1.0,0.0,0.000863611863048952,-0.00011107179102541583,0.0,1.101139476693045e-07,-0.00011118190497308514,0.9888967789592684,0.988786831531562,-0.01701610163534062,0.9997697031743066,0.0006430654543887383,0.9991266377199178,False,False,False,-1.0
2022-01-13,2022-01-14 00:00:00,-0.12541040139894488,0.0,0.0,-0.12541040139894488,0.0,0.0,0.0,0.12541040139894488,0.12541040139894488,-0.12541040139894488,False,1.0,0.0,0.001115726283236862,-0.00013992368103208773,0.0,1.0737191900594595e-07,-0.0001400310529510937,0.9910634104964463,0.9909246308435331,-0.01489084851243272,0.9995736577192849,0.0006270520069947245,0.9989466057122901,False,False,False,-1.0
2022-01-14,2022-01-15 00:00:00,-0.12147736378780123,0.0,0.0,-0.12147736378780123,0.0,0.0,0.0,0.12147736378780123,0.12147736378780123,-0.12147736378780123,False,1.0,0.0,0.0018210261298916564,-0.00022121345364794053,0.0,1.040045922840764e-07,-0.0002213174582402246,0.9919113642732187,0.991691836971278,-0.014128144918239549,0.9994535433045189,0.0006073868189390061,0.9988461564855798,False,False,False,-1.0
2022-01-15,2022-01-16 00:00:00,-0.12128700114520824,0.0,0.0,-0.12128700114520824,0.0,0.0,0.0,0.12128700114520824,0.12128700114520824,-0.12128700114520824,False,1.0,0.0,0.0013371850616474834,-0.00016218316610339367,0.0,1.038416105695276e-07,-0.0001622870077139632,0.9887874084224049,0.9886269410726268,-0.017175053738689217,0.9995342968240748,0.0006064350057260412,0.9989278618183488,False,False,False,-1.0
2022-01-16,2022-01-17 00:00:00,-0.12227239811821931,0.0,0.0,-0.12227239811821931,0.0,0.0,0.0,0.12227239811821931,0.12227239811821931,-0.12227239811821931,False,1.0,0.0,0.001334942033053954,-0.00016322656373031816,0.0,1.0468527236148913e-07,-0.00016333124900267965,0.9890654848241888,0.988903939523207,-0.01689968092009042,0.999528838788526,0.0006113619905910966,0.998917476797935,False,False,False,-1.0
2022-01-17,2022-01-18 00:00:00,-0.13852986743605752,0.0,0.0,-0.13852986743605752,0.0,0.0,0.0,0.13852986743605752,0.13852986743605752,-0.13852986743605752,False,1.0,0.0,-0.003198330342273792,0.00044306427833190886,0.0,1.1860433855826843e-07,0.0004429456739933506,0.9931825823381332,0.9936225082664655,-0.01220880423156745,0.9999081982196832,0.0006926493371802876,0.999215548882503,False,False,False,-1.0
2022-01-18,2022-01-19 00:00:00,-0.14422502829272857,0.0,0.0,-0.14422502829272857,0.0,0.0,0.0,0.14422502829272857,0.14422502829272857,-0.14422502829272857,False,1.0,0.0,-0.005613497910885834,0.0008096068950186821,0.0,1.234803324424046e-07,0.0008094834146862397,0.9981036172088212,0.9989115655330902,-0.006950787068689457,0.9998857955480968,0.0007211251414636429,0.9991646704066331,False,False,False,-1.0
2022-01-19,2022-01-20 00:00:00,-0.14489733977059743,0.0,0.0,-0.14489733977059743,0.0,0.0,0.0,0.14489733977059743,0.14489733977059743,-0.14489733977059743,False,1.0,0.0,-0.0011350737797957144,0.00016446917113575592,0.0,1.240559415844156e-07,0.0001643451151941715,0.9983426271476623,0.9985066998817242,-0.00735327666867458,0.9998483789892375,0.0007244866988529872,0.9991238922903846,False,False,False,-1.0
2022-01-20,2022-01-21 00:00:00,-0.14318686601296624,0.0,0.0,-0.14318686601296624,0.0,0.0,0.0,0.14318686601296624,0.14318686601296624,-0.14318686601296624,False,1.0,0.0,0.0030198380604151698,-0.00043240114773752275,0.0,1.2259149487411493e-07,-0.00043252373923239685,0.9927025251749739,0.9922731577668398,-0.013550235743481798,0.99884798188663,0.0007159343300648311,0.9981320475565653,False,False,False,-1.0
2022-01-21,2022-01-22 00:00:00,-0.14420726277930251,0.0,0.0,-0.14420726277930251,0.0,0.0,0.0,0.14420726277930251,0.14420726277930251,-0.14420726277930251,False,1.0,0.0,-0.003157416761412568,0.00045532242861679654,0.0,1.2346512224255352e-07,0.00045519896349455397,1.0119241255645501,1.0123847523776424,-0.003802132196280006,0.9993516638912393,0.0007210363138965126,0.9986306275773428,False,False,False,-1.0
2022-01-22,2022-01-23 00:00:00,-0.14470374310697026,0.0,0.0,-0.14470374310697026,0.0,0.0,0.0,0.14470374310697026,0.14470374310697026,-0.14470374310697026,False,1.0,0.0,-0.007095649859209963,0.0010267670944041282,0.0,1.2389019101624166e-07,0.001026643204213112,1.0359462050424313,1.0370097521737685,-0.0027995261548621198,0.999798856057329,0.0007235187155348513,0.9990753373417941,False,False,False,-1.0
2022-01-23,2022-01-24 00:00:00,-0.12066192769374577,0.0,0.0,-0.12066192769374577,0.0,0.0,0.0,0.12066192769374577,0.12066192769374577,-0.12066192769374577,False,1.0,0.0,0.0007611477284883428,-9.184155217911926e-05,0.0,1.0330644494327549e-07,-9.194485862406253e-05,1.0338695768213275,1.033774517829251,-0.005910564613844982,0.9997333079718244,0.0006033096384687288,0.9991299983333556,False,False,False,-1.0
2022-01-24,2022-01-25 00:00:00,-0.10073592732679162,0.0,0.0,-0.10073592732679162,0.0,0.0,0.0,0.10073592732679162,0.10073592732679162,-0.10073592732679162,False,1.0,0.0,0.001991645663323771,-0.0002006302728013031,0.0,8.62465131222531e-08,-0.00020071651931442535,1.04056328840575,1.040354430164375,-0.004314639113680019,0.9992497695919068,0.0005036796366339582,0.9987460899552728,False,False,False,-1.0
2022-01-25,2022-01-26 00:00:00,-0.10170313254561797,0.0,0.0,-0.10170313254561797,0.0,0.0,0.0,0.10170313254561797,0.10170313254561797,-0.10170313254561797,False,1.0,0.0,-0.0062308494820632054,0.0006336969107460693,0.0,8.707459978220717e-08,0.000633609836146287,1.0328699034125879,1.0335243399428495,-0.010851469880124864,0.99971919814358,0.0005085156627280898,0.9992106824808519,False,False,False,-1.0
2022-01-26,2022-01-27 00:00:00,-0.10033509812645695,0.0,0.0,-0.10033509812645695,0.0,0.0,0.0,0.10033509812645695,0.10033509812645695,-0.10033509812645695,False,1.0,0.0,0.0012330882522415543,-0.00012372203078723766,0.0,8.590333743703506e-08,-0.0001238079341246747,1.0258182557563948,1.0256912513173622,-0.018348233914369128,0.9997262610067593,0.0005016754906322847,0.999224585516127,False,False,False,-1.0
2022-01-27,2022-01-28 00:00:00,-0.09667639830183002,0.0,0.0,-0.09667639830183002,0.0,0.0,0.0,0.09667639830183002,0.09667639830183002,-0.09667639830183002,False,1.0,0.0,-0.002100984081624513,0.00020311557390093597,0.0,8.277088895704625e-08,0.00020303280301197892,1.0302036624910893,1.0304128276283582,-0.013829385071265188,0.9999462200084246,0.0004833819915091501,0.9994628380169155,False,False,False,-1.0
2022-01-28,2022-01-29 00:00:00,-0.09277954147950923,0.0505119768689375,0.0,-0.09277954147950923,0.0505119768689375,0.0,0.0505119768689375,0.09277954147950923,0.14329151834844672,-0.04226756461057173,True,1.0,0.0,0.007568883022603501,-0.0003199182521877529,0.0,1.2268109447640985e-07,-0.00032004093328222934,1.0317891548626967,1.031458940098624,-0.012828188899764448,0.9990405822923186,0.0007164575917422337,0.9983241247005764,False,False,False,-1.0
2022-01-29,2022-01-30 00:00:00,-0.0927345360438158,0.0505119768689375,0.0,-0.0927345360438158,0.0505119768689375,0.0,0.0505119768689375,0.0927345360438158,0.1432465129127533,-0.042222559174878306,True,1.0,0.0,-3.537694130972824e-05,1.4937049978761974e-06,0.0,1.226425624253025e-07,1.3710624354508948e-06,1.0296383392204747,1.0296397509189235,-0.01456926865334851,0.9994284755633516,0.0007162325645637665,0.9987122429987878,False,False,False,-1.0
2022-01-30,2022-01-31 00:00:00,-0.09280782853980431,0.0505119768689375,0.0,-0.09280782853980431,0.0505119768689375,0.0,0.0505119768689375,0.09280782853980431,0.1433198054087418,-0.04229585167086681,True,1.0,0.0,0.00031718007803394066,-1.3415401533477515e-05,0.0,1.227053128499502e-07,-1.3538106846327465e-05,1.0283708656644641,1.028356943469807,-0.01579699697447401,0.9997780190300894,0.0007165990270437091,0.9990614200030458,False,False,False,-1.0
2022-01-31,2022-02-01 00:00:00,-0.09144350410547966,0.0,0.0,-0.09144350410547966,0.0,0.0,0.0,0.09144350410547966,0.09144350410547966,-0.09144350410547966,False,1.0,0.0,-0.002694422773200311,0.00024638745992304055,0.0,7.829067132318465e-08,0.00024630916925171735,1.0257912913879266,1.026043953188734,-0.018010675790041564,0.9998318353489575,0.0004572175205273983,0.9993746178284301,False,False,False,-1.0
2022-02-01,2022-02-02 00:00:00,-0.09116940639218268,0.0,0.0,-0.09116940639218268,0.0,0.0,0.0,0.09116940639218268,0.09116940639218268,-0.09116940639218268,False,1.0,0.0,0.008272440497439026,-0.0007541934895661684,0.0,7.805599862344408e-08,-0.0007542715455647918,1.02162019007846,1.0208496110387093,-0.022981991611128794,0.9991832941188832,0.0004558470319609134,0.9987274470869223,False,False,False,-1.0
2022-02-02,2022-02-03 00:00:00,0.0,0.0,0.0,0.0,0.0,0.0,0.0,0.0,0.0,0.0,False,1.0,0.0,-0.006073425777738062,-0.0,0.0,0.0,-0.0,1.0202109043945153,1.0202109043945153,-0.023593274494236538,1.0,0.0,1.0,False,False,False,0.0
2022-02-03,2022-02-04 00:00:00,0.0,0.0,0.0,0.0,0.0,0.0,0.0,0.0,0.0,0.0,False,1.0,0.0,0.0015481873306670835,0.0,0.0,0.0,0.0,1.0202109043945153,1.0202109043945153,-0.023593274494236538,1.0,0.0,1.0,False,False,False,0.0
2022-02-04,2022-02-05 00:00:00,0.0,0.0,0.0,0.0,0.0,0.0,0.0,0.0,0.0,0.0,False,1.0,0.0,-0.001681916272539996,-0.0,0.0,0.0,-0.0,1.0202109043945153,1.0202109043945153,-0.023593274494236538,1.0,0.0,1.0,False,False,False,0.0
2022-02-05,2022-02-06 00:00:00,0.0,0.0,0.0,0.0,0.0,0.0,0.0,0.0,0.0,0.0,False,1.0,0.0,-0.0008909678137878352,-0.0,0.0,0.0,-0.0,1.0202109043945153,1.0202109043945153,-0.023593274494236538,1.0,0.0,1.0,False,False,False,0.0
2022-02-06,2022-02-07 00:00:00,0.0,0.0,0.0,0.0,0.0,0.0,0.0,0.0,0.0,0.0,False,1.0,0.0,0.005894854360443569,0.0,0.0,0.0,0.0,1.0202109043945153,1.0202109043945153,-0.023593274494236538,1.0,0.0,1.0,False,False,False,0.0
2022-02-07,2022-02-08 00:00:00,0.0,0.0,0.0,0.0,0.0,0.0,0.0,0.0,0.0,0.0,False,1.0,0.0,0.002737164721416274,0.0,0.0,0.0,0.0,1.0202109043945153,1.0202109043945153,-0.023593274494236538,1.0,0.0,1.0,False,False,False,0.0
2022-02-08,2022-02-09 00:00:00,0.0,0.0,0.0,0.0,0.0,0.0,0.0,0.0,0.0,0.0,False,1.0,0.0,0.003064894244845906,0.0,0.0,0.0,0.0,1.0202109043945153,1.0202109043945153,-0.023593274494236538,1.0,0.0,1.0,False,False,False,0.0
2022-02-09,2022-02-10 00:00:00,0.0,0.0,0.0,0.0,0.0,0.0,0.0,0.0,0.0,0.0,False,1.0,0.0,0.003966374241304527,0.0,0.0,0.0,0.0,1.0202109043945153,1.0202109043945153,-0.023593274494236538,1.0,0.0,1.0,False,False,False,0.0
2022-02-10,2022-02-11 00:00:00,0.0,0.0,0.0,0.0,0.0,0.0,0.0,0.0,0.0,0.0,False,1.0,0.0,-0.01225126636425744,-0.0,0.0,0.0,-0.0,1.0202109043945153,1.0202109043945153,-0.023593274494236538,1.0,0.0,1.0,False,False,False,0.0
2022-02-11,2022-02-12 00:00:00,0.0,0.0,0.0,0.0,0.0,0.0,0.0,0.0,0.0,0.0,False,1.0,0.0,-0.0034948524806065473,-0.0,0.0,0.0,-0.0,1.0202109043945153,1.0202109043945153,-0.023593274494236538,1.0,0.0,1.0,False,False,False,0.0
2022-02-12,2022-02-13 00:00:00,0.0,0.0,0.0,0.0,0.0,0.0,0.0,0.0,0.0,0.0,False,1.0,0.0,-0.0017977761612802956,-0.0,0.0,0.0,-0.0,1.0202109043945153,1.0202109043945153,-0.023593274494236538,1.0,0.0,1.0,False,False,False,0.0
2022-02-13,2022-02-14 00:00:00,0.0,0.0,0.0,0.0,0.0,0.0,0.0,0.0,0.0,0.0,False,1.0,0.0,-0.005224966683594623,-0.0,0.0,0.0,-0.0,1.0202109043945153,1.0202109043945153,-0.023593274494236538,1.0,0.0,1.0,False,False,False,0.0
2022-02-14,2022-02-15 00:00:00,0.0,0.0,0.0,0.0,0.0,0.0,0.0,0.0,0.0,0.0,False,1.0,0.0,0.0014493050156183518,0.0,0.0,0.0,0.0,1.0202109043945153,1.0202109043945153,-0.023593274494236538,1.0,0.0,1.0,False,False,False,0.0
2022-02-15,2022-02-16 00:00:00,0.0,0.0,0.0,0.0,0.0,0.0,0.0,0.0,0.0,0.0,False,1.0,0.0,0.0008814921899791273,0.0,0.0,0.0,0.0,1.0202109043945153,1.0202109043945153,-0.023593274494236538,1.0,0.0,1.0,False,False,False,0.0
2022-02-16,2022-02-17 00:00:00,0.0,0.0,0.0,0.0,0.0,0.0,0.0,0.0,0.0,0.0,False,1.0,0.0,-0.0021645233003609876,-0.0,0.0,0.0,-0.0,1.0202109043945153,1.0202109043945153,-0.023593274494236538,1.0,0.0,1.0,False,False,False,0.0
2022-02-17,2022-02-18 00:00:00,0.0,0.0,0.0,0.0,0.0,0.0,0.0,0.0,0.0,0.0,False,1.0,0.0,0.002317570944166958,0.0,0.0,0.0,0.0,1.0202109043945153,1.0202109043945153,-0.023593274494236538,1.0,0.0,1.0,False,False,False,0.0
2022-02-18,2022-02-19 00:00:00,0.0,0.0,0.0,0.0,0.0,0.0,0.0,0.0,0.0,0.0,False,1.0,0.0,-0.004404378072667026,-0.0,0.0,0.0,-0.0,1.0202109043945153,1.0202109043945153,-0.023593274494236538,1.0,0.0,1.0,False,False,False,0.0
2022-02-19,2022-02-20 00:00:00,-0.09028867508413962,0.0,0.0,-0.09028867508413962,0.0,0.0,0.0,0.09028867508413962,0.09028867508413962,-0.09028867508413962,False,1.0,0.0,-0.00045148699426178496,4.0764162529617116e-05,0.0,7.730194784600995e-08,4.0686860581771104e-05,1.021756417087413,1.0217979891483036,-0.022074333439135563,0.9998746715212474,0.00045144337542069816,0.9994232281458267,False,False,False,-1.0
2022-02-20,2022-02-21 00:00:00,-0.08860827700398,0.0,0.0,-0.08860827700398,0.0,0.0,0.0,0.08860827700398,0.08860827700398,-0.08860827700398,False,1.0,0.0,0.0030865481724684507,-0.0002734937154522127,0.0,7.586325085957192e-08,-0.00027356957870307226,1.0251292692325196,1.0248488250502195,-0.01915448943412268,0.999378865491243,0.0004430413850199,0.9989358241062231,False,False,False,-1.0
2022-02-21,2022-02-22 00:00:00,-0.08948772922361464,0.0,0.0,-0.08948772922361464,0.0,0.0,0.0,0.08948772922361464,0.08948772922361464,-0.08948772922361464,False,1.0,0.0,-0.002953869129322384,0.00026433504080679586,0.0,7.661620652706733e-08,0.0002642584246002688,1.0219596990479496,1.0222297605080248,-0.021661100785282716,0.9998400776589934,0.0004474386461180732,0.9993926390128753,False,False,False,-1.0
2022-02-22,2022-02-23 00:00:00,-0.09849687178226382,0.0,0.0,-0.09849687178226382,0.0,0.0,0.0,0.09849687178226382,0.09849687178226382,-0.09849687178226382,False,1.0,0.0,-0.002414255895917039,0.00023779665342971507,0.0,8.432951351221217e-08,0.00023771232391620286,1.0255511803903306,1.0257949665447161,-0.0182489718450366,0.9998306493911948,0.0004924843589113191,0.9993381650322835,False,False,False,-1.0
2022-02-23,2022-02-24 00:00:00,-0.121347639303437,0.0,0.0,-0.121347639303437,0.0,0.0,0.0,0.121347639303437,0.121347639303437,-0.121347639303437,False,1.0,0.0,-0.00033827361502991593,4.104870462251994e-05,0.0,1.0389352680088784e-07,4.094481109571906e-05,1.0223055615589116,1.0223474196670117,-0.021548493486480802,0.9996764684008212,0.000606738196517185,0.9990697302043041,False,False,False,-1.0
2022-02-24,2022-02-25 00:00:00,-0.11981722577751068,0.0,0.0,-0.11981722577751068,0.0,0.0,0.0,0.11981722577751068,0.11981722577751068,-0.11981722577751068,False,1.0,0.0,0.007965215820396443,-0.0009543700623190405,0.0,1.0258324124786873e-07,-0.0009544726455602884,1.0341333824758299,1.033146330450396,-0.011213249007506088,0.998476348920366,0.0005990861288875534,0.9978772627914784,False,False,False,-1.0
2022-02-25,2022-02-26 00:00:00,-0.12502923438417218,0.0,0.0,-0.12502923438417218,0.0,0.0,0.0,0.12502923438417218,0.12502923438417218,-0.12502923438417218,False,1.0,0.0,0.008415638846972495,-0.0010522008818906687,0.0,1.0704557738370905e-07,-0.0010523079274680524,1.020128037375764,1.019054548555001,-0.024699980582081782,0.9984670286271439,0.0006251461719208609,0.997841882455223,False,False,False,-1.0
2022-02-26,2022-02-27 00:00:00,-0.11905184185439148,0.0,0.0,-0.11905184185439148,0.0,0.0,0.0,0.11905184185439148,0.11905184185439148,-0.11905184185439148,False,1.0,0.0,-0.0031134364465312814,0.0003706603434561407,0.0,1.0192794679314339e-07,0.0003705584155093475,1.0161841865657661,1.0165607421678056,-0.02708671191192591,0.9999304525134517,0.0005952592092719574,0.9993351933041797,False,False,False,-1.0
2022-02-27,2022-02-28 00:00:00,-0.11340900672032803,0.0,0.0,-0.11340900672032803,0.0,0.0,0.0,0.11340900672032803,0.11340900672032803,-0.11340900672032803,False,1.0,0.0,0.006466544142672559,-0.0007333643481336501,0.0,9.709675232904796e-08,-0.0007334614448859791,1.0161566637509518,1.0154113520161265,-0.028186751393463827,0.9991730904664322,0.0005670450336016401,0.9986060454328306,False,False,False,-1.0
2022-02-28,2022-03-01 00:00:00,-0.11571626957644829,0.0,0.0,-0.11571626957644829,0.0,0.0,0.0,0.11571626957644829,0.11571626957644829,-0.11571626957644829,False,1.0,0.0,0.004409561184445243,-0.0005102579707331083,0.0,9.907214860997284e-08,-0.0005103570428817183,1.0153851383152155,1.014866929358639,-0.028707798504408077,0.9989678257443297,0.0005785813478822415,0.9983892443964475,False,False,False,-1.0
2022-03-01,2022-03-02 00:00:00,-0.116044030197045,0.0,0.0,-0.116044030197045,0.0,0.0,0.0,0.116044030197045,0.116044030197045,-0.116044030197045,False,1.0,0.0,0.004252247835575318,-0.0004934479762368215,0.0,9.935276557966181e-08,-0.0004935473290024012,1.0097188695516381,1.0092205255005275,-0.034111766133291366,0.9993018041107969,0.000580220150985225,0.9987215839598117,False,False,False,-1.0
2022-03-02,2022-03-03 00:00:00,0.0,0.0,0.0,0.0,0.0,0.0,0.0,0.0,0.0,0.0,False,1.0,0.0,-0.0018458043447394656,-0.0,0.0,0.0,-0.0,1.0092106999586241,1.0092106999586241,-0.034121169801841544,1.0,0.0,1.0,False,False,False,0.0
2022-03-03,2022-03-04 00:00:00,0.0,0.0,0.0,0.0,0.0,0.0,0.0,0.0,0.0,0.0,False,1.0,0.0,0.0009306407266780337,0.0,0.0,0.0,0.0,1.0092106999586241,1.0092106999586241,-0.034121169801841544,1.0,0.0,1.0,False,False,False,0.0
2022-03-04,2022-03-05 00:00:00,0.0,0.0,0.0,0.0,0.0,0.0,0.0,0.0,0.0,0.0,False,1.0,0.0,-0.0007963777896591306,-0.0,0.0,0.0,-0.0,1.0092106999586241,1.0092106999586241,-0.034121169801841544,1.0,0.0,1.0,False,False,False,0.0
2022-03-05,2022-03-06 00:00:00,0.0,0.0,0.0,0.0,0.0,0.0,0.0,0.0,0.0,0.0,False,1.0,0.0,0.0020284514005792786,0.0,0.0,0.0,0.0,1.0092106999586241,1.0092106999586241,-0.034121169801841544,1.0,0.0,1.0,False,False,False,0.0
2022-03-06,2022-03-07 00:00:00,0.0,0.0,0.0,0.0,0.0,0.0,0.0,0.0,0.0,0.0,False,1.0,0.0,-0.0006542735091502605,-0.0,0.0,0.0,-0.0,1.0092106999586241,1.0092106999586241,-0.034121169801841544,1.0,0.0,1.0,False,False,False,0.0
2022-03-07,2022-03-08 00:00:00,0.0,0.0,0.0,0.0,0.0,0.0,0.0,0.0,0.0,0.0,False,1.0,0.0,0.00040893386736784443,0.0,0.0,0.0,0.0,1.0092106999586241,1.0092106999586241,-0.034121169801841544,1.0,0.0,1.0,False,False,False,0.0
2022-03-08,2022-03-09 00:00:00,0.0,0.0,0.0,0.0,0.0,0.0,0.0,0.0,0.0,0.0,False,1.0,0.0,0.006030016431205265,0.0,0.0,0.0,0.0,1.0092106999586241,1.0092106999586241,-0.034121169801841544,1.0,0.0,1.0,False,False,False,0.0
2022-03-09,2022-03-10 00:00:00,0.0,0.0,0.0,0.0,0.0,0.0,0.0,0.0,0.0,0.0,False,1.0,0.0,-0.0005834326860009176,-0.0,0.0,0.0,-0.0,1.0092106999586241,1.0092106999586241,-0.034121169801841544,1.0,0.0,1.0,False,False,False,0.0
2022-03-10,2022-03-11 00:00:00,0.0,0.0,0.0,0.0,0.0,0.0,0.0,0.0,0.0,0.0,False,1.0,0.0,0.0013646824800213064,0.0,0.0,0.0,0.0,1.0092106999586241,1.0092106999586241,-0.034121169801841544,1.0,0.0,1.0,False,False,False,0.0
2022-03-11,2022-03-12 00:00:00,0.0,0.0,0.0,0.0,0.0,0.0,0.0,0.0,0.0,0.0,False,1.0,0.0,-0.0017442894824371002,-0.0,0.0,0.0,-0.0,1.0092106999586241,1.0092106999586241,-0.034121169801841544,1.0,0.0,1.0,False,False,False,0.0
2022-03-12,2022-03-13 00:00:00,0.0,0.0,0.0,0.0,0.0,0.0,0.0,0.0,0.0,0.0,False,1.0,0.0,-0.0001663436505082716,-0.0,0.0,0.0,-0.0,1.0092106999586241,1.0092106999586241,-0.034121169801841544,1.0,0.0,1.0,False,False,False,0.0
2022-03-13,2022-03-14 00:00:00,0.0,0.0,0.0,0.0,0.0,0.0,0.0,0.0,0.0,0.0,False,1.0,0.0,-0.0009453004234480922,-0.0,0.0,0.0,-0.0,1.0092106999586241,1.0092106999586241,-0.034121169801841544,1.0,0.0,1.0,False,False,False,0.0
2022-03-14,2022-03-15 00:00:00,0.0,0.0,0.0,0.0,0.0,0.0,0.0,0.0,0.0,0.0,False,1.0,0.0,0.0007232457402381876,0.0,0.0,0.0,0.0,1.0092106999586241,1.0092106999586241,-0.034121169801841544,1.0,0.0,1.0,False,False,False,0.0
2022-03-15,2022-03-16 00:00:00,0.0,0.0,0.0,0.0,0.0,0.0,0.0,0.0,0.0,0.0,False,1.0,0.0,-0.005190063850934568,-0.0,0.0,0.0,-0.0,1.0092106999586241,1.0092106999586241,-0.034121169801841544,1.0,0.0,1.0,False,False,False,0.0
2022-03-16,2022-03-17 00:00:00,0.0,0.0,0.0,0.0,0.0,0.0,0.0,0.0,0.0,0.0,False,1.0,0.0,8.87912185485451e-05,0.0,0.0,0.0,0.0,1.0092106999586241,1.0092106999586241,-0.034121169801841544,1.0,0.0,1.0,False,False,False,0.0
2022-03-17,2022-03-18 00:00:00,0.0,0.0,0.0,0.0,0.0,0.0,0.0,0.0,0.0,0.0,False,1.0,0.0,-0.001734935981930974,-0.0,0.0,0.0,-0.0,1.0092106999586241,1.0092106999586241,-0.034121169801841544,1.0,0.0,1.0,False,False,False,0.0
2022-03-18,2022-03-19 00:00:00,0.0,0.0,0.0,0.0,0.0,0.0,0.0,0.0,0.0,0.0,False,1.0,0.0,0.0007811041910041894,0.0,0.0,0.0,0.0,1.0092106999586241,1.0092106999586241,-0.034121169801841544,1.0,0.0,1.0,False,False,False,0.0
2022-03-19,2022-03-20 00:00:00,0.0,0.0,0.0,0.0,0.0,0.0,0.0,0.0,0.0,0.0,False,1.0,0.0,-0.0018071985057799278,-0.0,0.0,0.0,-0.0,1.0092106999586241,1.0092106999586241,-0.034121169801841544,1.0,0.0,1.0,False,False,False,0.0
2022-03-20,2022-03-21 00:00:00,0.0,0.0,0.0,0.0,0.0,0.0,0.0,0.0,0.0,0.0,False,1.0,0.0,-2.8015716817098024e-05,-0.0,0.0,0.0,-0.0,1.0092106999586241,1.0092106999586241,-0.034121169801841544,1.0,0.0,1.0,False,False,False,0.0
2022-03-21,2022-03-22 00:00:00,0.0,0.0,0.0,0.0,0.0,0.0,0.0,0.0,0.0,0.0,False,1.0,0.0,0.0025111218946076708,0.0,0.0,0.0,0.0,1.0092106999586241,1.0092106999586241,-0.034121169801841544,1.0,0.0,1.0,False,False,False,0.0
2022-03-22,2022-03-23 00:00:00,0.0,0.0,0.0,0.0,0.0,0.0,0.0,0.0,0.0,0.0,False,1.0,0.0,-0.0009484193011647379,-0.0,0.0,0.0,-0.0,1.0092106999586241,1.0092106999586241,-0.034121169801841544,1.0,0.0,1.0,False,False,False,0.0
2022-03-23,2022-03-24 00:00:00,0.0,0.0,0.0,0.0,0.0,0.0,0.0,0.0,0.0,0.0,False,1.0,0.0,-0.00021111521612915407,-0.0,0.0,0.0,-0.0,1.0092106999586241,1.0092106999586241,-0.034121169801841544,1.0,0.0,1.0,False,False,False,0.0
2022-03-24,2022-03-25 00:00:00,0.0,0.0,0.0,0.0,0.0,0.0,0.0,0.0,0.0,0.0,False,1.0,0.0,-0.0028081432953577234,-0.0,0.0,0.0,-0.0,1.0092106999586241,1.0092106999586241,-0.034121169801841544,1.0,0.0,1.0,False,False,False,0.0
2022-03-25,2022-03-26 00:00:00,0.0,0.0,0.0,0.0,0.0,0.0,0.0,0.0,0.0,0.0,False,1.0,0.0,-0.004545092097918868,-0.0,0.0,0.0,-0.0,1.0092106999586241,1.0092106999586241,-0.034121169801841544,1.0,0.0,1.0,False,False,False,0.0
2022-03-26,2022-03-27 00:00:00,0.0,0.0,0.0,0.0,0.0,0.0,0.0,0.0,0.0,0.0,False,1.0,0.0,-0.002727290187517162,-0.0,0.0,0.0,-0.0,1.0092106999586241,1.0092106999586241,-0.034121169801841544,1.0,0.0,1.0,False,False,False,0.0
2022-03-27,2022-03-28 00:00:00,0.0,0.0,0.0,0.0,0.0,0.0,0.0,0.0,0.0,0.0,False,1.0,0.0,0.0005903392714519118,0.0,0.0,0.0,0.0,1.0092106999586241,1.0092106999586241,-0.034121169801841544,1.0,0.0,1.0,False,False,False,0.0
2022-03-28,2022-03-29 00:00:00,0.0,0.0,0.0,0.0,0.0,0.0,0.0,0.0,0.0,0.0,False,1.0,0.0,-0.0056093588034947794,-0.0,0.0,0.0,-0.0,1.0092106999586241,1.0092106999586241,-0.034121169801841544,1.0,0.0,1.0,False,False,False,0.0
2022-03-29,2022-03-30 00:00:00,0.0,0.0,0.0,0.0,0.0,0.0,0.0,0.0,0.0,0.0,False,1.0,0.0,-0.0057372715242621775,-0.0,0.0,0.0,-0.0,1.0092106999586241,1.0092106999586241,-0.034121169801841544,1.0,0.0,1.0,False,False,False,0.0
2022-03-30,2022-03-31 00:00:00,0.0,0.0,0.0,0.0,0.0,0.0,0.0,0.0,0.0,0.0,False,1.0,0.0,0.0033644460531547793,0.0,0.0,0.0,0.0,1.0092106999586241,1.0092106999586241,-0.034121169801841544,1.0,0.0,1.0,False,False,False,0.0
2022-03-31,2022-04-01 00:00:00,0.0,0.0,0.0,0.0,0.0,0.0,0.0,0.0,0.0,0.0,False,1.0,0.0,-0.00458637928524952,-0.0,0.0,0.0,-0.0,1.0092106999586241,1.0092106999586241,-0.034121169801841544,1.0,0.0,1.0,False,False,False,0.0
2022-04-01,2022-04-02 00:00:00,0.0,0.0,0.0,0.0,0.0,0.0,0.0,0.0,0.0,0.0,False,1.0,0.0,-0.0024667755263325652,-0.0,0.0,0.0,-0.0,1.0092106999586241,1.0092106999586241,-0.034121169801841544,1.0,0.0,1.0,False,False,False,0.0
2022-04-02,2022-04-03 00:00:00,0.0,0.0,0.0,0.0,0.0,0.0,0.0,0.0,0.0,0.0,False,1.0,0.0,0.0010617492535931472,0.0,0.0,0.0,0.0,1.0092106999586241,1.0092106999586241,-0.034121169801841544,1.0,0.0,1.0,False,False,False,0.0
2022-04-03,2022-04-04 00:00:00,0.0,0.0,0.0,0.0,0.0,0.0,0.0,0.0,0.0,0.0,False,1.0,0.0,-0.0002485416035790111,-0.0,0.0,0.0,-0.0,1.0092106999586241,1.0092106999586241,-0.034121169801841544,1.0,0.0,1.0,False,False,False,0.0
2022-04-04,2022-04-05 00:00:00,0.17963931990744533,0.0,-0.0926477685603075,0.17963931990744533,0.0,-0.0926477685603075,0.17963931990744533,0.0926477685603075,0.27228708846775285,0.08699155134713783,True,1.0,0.0,-0.0025478485966450304,-0.00022164130201977924,0.0,2.331225072497884e-07,-0.00022187442452702903,1.0061019292351943,1.0058787009486296,-0.03731010478452346,0.9991634421661031,0.0013614354423387642,0.9978020067237643,False,False,False,1.0
2022-04-05,2022-04-06 00:00:00,0.1963996513595939,0.0,-0.0926477685603075,0.1963996513595939,0.0,-0.0926477685603075,0.1963996513595939,0.0926477685603075,0.2890474199199014,0.10375188279928639,True,1.0,0.0,-0.0015616821051475105,-0.00016202745874300737,0.0,2.47472106095806e-07,-0.00016227493084910316,1.0067757776571147,1.0066124031874149,-0.03660790507524503,0.9996035705622153,0.001445237099599507,0.9981583334626157,False,False,False,1.0
2022-04-06,2022-04-07 00:00:00,0.19406581979922893,0.0,0.0,0.19406581979922893,0.0,0.0,0.19406581979922893,0.0,0.19406581979922893,0.19406581979922893,False,1.0,0.0,0.00036846096923648375,7.150568005889669e-05,0.0,1.6615224297879188e-07,7.13395278159179e-05,1.0007729527658202,1.0008443474357216,-0.042128301303893445,0.999742413399545,0.0009703290989961446,0.9987720843005488,False,False,False,1.0
2022-04-07,2022-04-08 00:00:00,0.19507384399299701,0.0,0.0,0.19507384399299701,0.0,0.0,0.19507384399299701,0.0,0.19507384399299701,0.19507384399299701,False,1.0,0.0,0.00553470742423956,0.0010796766526229903,0.0,1.6701527739126455e-07,0.001079509637345599,0.9963257724258779,0.9974013156991474,-0.045423501668092725,0.9999992198804338,0.000975369219964985,0.9990238506604688,False,False,False,1.0
2022-04-08,2022-04-09 00:00:00,0.0,0.0,0.0,0.0,0.0,0.0,0.0,0.0,0.0,0.0,False,1.0,0.0,0.0017979736928059875,0.0,0.0,0.0,0.0,0.998278627221101,0.998278627221101,-0.04458385874062609,1.0,0.0,1.0,False,False,False,0.0
2022-04-09,2022-04-10 00:00:00,0.0,0.0,0.0,0.0,0.0,0.0,0.0,0.0,0.0,0.0,False,1.0,0.0,-0.0023875474478423087,-0.0,0.0,0.0,-0.0,0.998278627221101,0.998278627221101,-0.04458385874062609,1.0,0.0,1.0,False,False,False,0.0
2022-04-10,2022-04-11 00:00:00,0.0,0.0,0.0,0.0,0.0,0.0,0.0,0.0,0.0,0.0,False,1.0,0.0,-0.00045454545454548523,-0.0,0.0,0.0,-0.0,0.998278627221101,0.998278627221101,-0.04458385874062609,1.0,0.0,1.0,False,False,False,0.0
2022-04-11,2022-04-12 00:00:00,0.0,0.0,0.0,0.0,0.0,0.0,0.0,0.0,0.0,0.0,False,1.0,0.0,-0.008746278705946797,-0.0,0.0,0.0,-0.0,0.998278627221101,0.998278627221101,-0.04458385874062609,1.0,0.0,1.0,False,False,False,0.0
2022-04-12,2022-04-13 00:00:00,0.0,0.0,0.0,0.0,0.0,0.0,0.0,0.0,0.0,0.0,False,1.0,0.0,-0.0036628477905074064,-0.0,0.0,0.0,-0.0,0.998278627221101,0.998278627221101,-0.04458385874062609,1.0,0.0,1.0,False,False,False,0.0
2022-04-13,2022-04-14 00:00:00,0.0,0.0,0.0,0.0,0.0,0.0,0.0,0.0,0.0,0.0,False,1.0,0.0,-0.0006364118004315023,-0.0,0.0,0.0,-0.0,0.998278627221101,0.998278627221101,-0.04458385874062609,1.0,0.0,1.0,False,False,False,0.0
2022-04-14,2022-04-15 00:00:00,0.0,0.0,0.0,0.0,0.0,0.0,0.0,0.0,0.0,0.0,False,1.0,0.0,-0.0011291839410838556,-0.0,0.0,0.0,-0.0,0.998278627221101,0.998278627221101,-0.04458385874062609,1.0,0.0,1.0,False,False,False,0.0
2022-04-15,2022-04-16 00:00:00,0.0,0.0,0.0,0.0,0.0,0.0,0.0,0.0,0.0,0.0,False,1.0,0.0,-0.0021442617119180607,-0.0,0.0,0.0,-0.0,0.998278627221101,0.998278627221101,-0.04458385874062609,1.0,0.0,1.0,False,False,False,0.0
2022-04-16,2022-04-17 00:00:00,0.0,0.0,0.0,0.0,0.0,0.0,0.0,0.0,0.0,0.0,False,1.0,0.0,-0.0012674438998884208,-0.0,0.0,0.0,-0.0,0.998278627221101,0.998278627221101,-0.04458385874062609,1.0,0.0,1.0,False,False,False,0.0
2022-04-17,2022-04-18 00:00:00,0.0,0.0,0.0,0.0,0.0,0.0,0.0,0.0,0.0,0.0,False,1.0,0.0,-0.0007936378864511484,-0.0,0.0,0.0,-0.0,0.998278627221101,0.998278627221101,-0.04458385874062609,1.0,0.0,1.0,False,False,False,0.0
2022-04-18,2022-04-19 00:00:00,0.0,0.0,0.0,0.0,0.0,0.0,0.0,0.0,0.0,0.0,False,1.0,0.0,0.0004566554963467695,0.0,0.0,0.0,0.0,0.998278627221101,0.998278627221101,-0.04458385874062609,1.0,0.0,1.0,False,False,False,0.0
2022-04-19,2022-04-20 00:00:00,0.0,0.0,0.0,0.0,0.0,0.0,0.0,0.0,0.0,0.0,False,1.0,0.0,-0.0005878819224702792,-0.0,0.0,0.0,-0.0,0.998278627221101,0.998278627221101,-0.04458385874062609,1.0,0.0,1.0,False,False,False,0.0
2022-04-20,2022-04-21 00:00:00,0.0,0.0,0.0,0.0,0.0,0.0,0.0,0.0,0.0,0.0,False,1.0,0.0,-0.00029640631768901304,-0.0,0.0,0.0,-0.0,0.998278627221101,0.998278627221101,-0.04458385874062609,1.0,0.0,1.0,False,False,False,0.0
2022-04-21,2022-04-22 00:00:00,0.0,0.0,0.0,0.0,0.0,0.0,0.0,0.0,0.0,0.0,False,1.0,0.0,-0.004723783641735979,-0.0,0.0,0.0,-0.0,0.998278627221101,0.998278627221101,-0.04458385874062609,1.0,0.0,1.0,False,False,False,0.0
2022-04-22,2022-04-23 00:00:00,0.0,0.0,0.0,0.0,0.0,0.0,0.0,0.0,0.0,0.0,False,1.0,0.0,-0.0010696997393452312,-0.0,0.0,0.0,-0.0,0.998278627221101,0.998278627221101,-0.04458385874062609,1.0,0.0,1.0,False,False,False,0.0
2022-04-23,2022-04-24 00:00:00,0.0,0.0,0.0,0.0,0.0,0.0,0.0,0.0,0.0,0.0,False,1.0,0.0,0.0006613198729996661,0.0,0.0,0.0,0.0,0.998278627221101,0.998278627221101,-0.04458385874062609,1.0,0.0,1.0,False,False,False,0.0
2022-04-24,2022-04-25 00:00:00,0.0,0.0,0.0,0.0,0.0,0.0,0.0,0.0,0.0,0.0,False,1.0,0.0,0.0017861577874778156,0.0,0.0,0.0,0.0,0.998278627221101,0.998278627221101,-0.04458385874062609,1.0,0.0,1.0,False,False,False,0.0
2022-04-25,2022-04-26 00:00:00,0.0,0.0,0.0,0.0,0.0,0.0,0.0,0.0,0.0,0.0,False,1.0,0.0,-0.0021462810549822686,-0.0,0.0,0.0,-0.0,0.998278627221101,0.998278627221101,-0.04458385874062609,1.0,0.0,1.0,False,False,False,0.0
2022-04-26,2022-04-27 00:00:00,0.0,0.0,0.0,0.0,0.0,0.0,0.0,0.0,0.0,0.0,False,1.0,0.0,-0.010411332401422668,-0.0,0.0,0.0,-0.0,0.998278627221101,0.998278627221101,-0.04458385874062609,1.0,0.0,1.0,False,False,False,0.0
2022-04-27,2022-04-28 00:00:00,0.0,0.0,0.0,0.0,0.0,0.0,0.0,0.0,0.0,0.0,False,1.0,0.0,0.0009148779406167318,0.0,0.0,0.0,0.0,0.998278627221101,0.998278627221101,-0.04458385874062609,1.0,0.0,1.0,False,False,False,0.0
2022-04-28,2022-04-29 00:00:00,0.0,0.0,0.0,0.0,0.0,0.0,0.0,0.0,0.0,0.0,False,1.0,0.0,0.000519165873496652,0.0,0.0,0.0,0.0,0.998278627221101,0.998278627221101,-0.04458385874062609,1.0,0.0,1.0,False,False,False,0.0
2022-04-29,2022-04-30 00:00:00,0.0,0.0,0.0,0.0,0.0,0.0,0.0,0.0,0.0,0.0,False,1.0,0.0,-0.0003919112321059126,-0.0,0.0,0.0,-0.0,0.998278627221101,0.998278627221101,-0.04458385874062609,1.0,0.0,1.0,False,False,False,0.0
2022-04-30,2022-05-01 00:00:00,0.0,0.0,0.0,0.0,0.0,0.0,0.0,0.0,0.0,0.0,False,1.0,0.0,0.00036952026321213083,0.0,0.0,0.0,0.0,0.998278627221101,0.998278627221101,-0.04458385874062609,1.0,0.0,1.0,False,False,False,0.0
2022-05-01,2022-05-02 00:00:00,0.0,0.0,0.0,0.0,0.0,0.0,0.0,0.0,0.0,0.0,False,1.0,0.0,0.005168356620188552,0.0,0.0,0.0,0.0,0.998278627221101,0.998278627221101,-0.04458385874062609,1.0,0.0,1.0,False,False,False,0.0
2022-05-02,2022-05-03 00:00:00,0.0,0.0,0.0,0.0,0.0,0.0,0.0,0.0,0.0,0.0,False,1.0,0.0,0.0034163473818644707,0.0,0.0,0.0,0.0,0.998278627221101,0.998278627221101,-0.04458385874062609,1.0,0.0,1.0,False,False,False,0.0
2022-05-03,2022-05-04 00:00:00,0.0,0.0,0.0,0.0,0.0,0.0,0.0,0.0,0.0,0.0,False,1.0,0.0,0.0002976580688369701,0.0,0.0,0.0,0.0,0.998278627221101,0.998278627221101,-0.04458385874062609,1.0,0.0,1.0,False,False,False,0.0
2022-05-04,2022-05-05 00:00:00,0.0,0.0,0.0,0.0,0.0,0.0,0.0,0.0,0.0,0.0,False,1.0,0.0,0.00015828183311450417,0.0,0.0,0.0,0.0,0.998278627221101,0.998278627221101,-0.04458385874062609,1.0,0.0,1.0,False,False,False,0.0
2022-05-05,2022-05-06 00:00:00,0.0,0.0,0.0,0.0,0.0,0.0,0.0,0.0,0.0,0.0,False,1.0,0.0,-0.00605386123970042,-0.0,0.0,0.0,-0.0,0.998278627221101,0.998278627221101,-0.04458385874062609,1.0,0.0,1.0,False,False,False,0.0
2022-05-06,2022-05-07 00:00:00,0.0,0.0,0.0,0.0,0.0,0.0,0.0,0.0,0.0,0.0,False,1.0,0.0,-0.004178752820102383,-0.0,0.0,0.0,-0.0,0.998278627221101,0.998278627221101,-0.04458385874062609,1.0,0.0,1.0,False,False,False,0.0
2022-05-07,2022-05-08 00:00:00,0.0,0.0,0.0,0.0,0.0,0.0,0.0,0.0,0.0,0.0,False,1.0,0.0,0.0020133978414589304,0.0,0.0,0.0,0.0,0.998278627221101,0.998278627221101,-0.04458385874062609,1.0,0.0,1.0,False,False,False,0.0
2022-05-08,2022-05-09 00:00:00,0.0,0.0,0.0,0.0,0.0,0.0,0.0,0.0,0.0,0.0,False,1.0,0.0,-0.0062177761284770705,-0.0,0.0,0.0,-0.0,0.998278627221101,0.998278627221101,-0.04458385874062609,1.0,0.0,1.0,False,False,False,0.0
2022-05-09,2022-05-10 00:00:00,0.0,0.0,0.0,0.0,0.0,0.0,0.0,0.0,0.0,0.0,False,1.0,0.0,0.0026852190894666172,0.0,0.0,0.0,0.0,0.998278627221101,0.998278627221101,-0.04458385874062609,1.0,0.0,1.0,False,False,False,0.0
2022-05-10,2022-05-11 00:00:00,0.0,0.0,0.0,0.0,0.0,0.0,0.0,0.0,0.0,0.0,False,1.0,0.0,-0.002844794111191651,-0.0,0.0,0.0,-0.0,0.998278627221101,0.998278627221101,-0.04458385874062609,1.0,0.0,1.0,False,False,False,0.0
2022-05-11,2022-05-12 00:00:00,0.0,0.0,0.0,0.0,0.0,0.0,0.0,0.0,0.0,0.0,False,1.0,0.0,-0.014942898644005886,-0.0,0.0,0.0,-0.0,0.998278627221101,0.998278627221101,-0.04458385874062609,1.0,0.0,1.0,False,False,False,0.0
2022-05-12,2022-05-13 00:00:00,0.0,0.0,0.0,0.0,0.0,0.0,0.0,0.0,0.0,0.0,False,1.0,0.0,-0.01685253037548795,-0.0,0.0,0.0,-0.0,0.998278627221101,0.998278627221101,-0.04458385874062609,1.0,0.0,1.0,False,False,False,0.0
2022-05-13,2022-05-14 00:00:00,0.0,0.0,0.0,0.0,0.0,0.0,0.0,0.0,0.0,0.0,False,1.0,0.0,0.00193842045057524,0.0,0.0,0.0,0.0,0.998278627221101,0.998278627221101,-0.04458385874062609,1.0,0.0,1.0,False,False,False,0.0
2022-05-14,2022-05-15 00:00:00,0.0,0.0,0.0,0.0,0.0,0.0,0.0,0.0,0.0,0.0,False,1.0,0.0,0.00044316532104016204,0.0,0.0,0.0,0.0,0.998278627221101,0.998278627221101,-0.04458385874062609,1.0,0.0,1.0,False,False,False,0.0
2022-05-15,2022-05-16 00:00:00,0.0,0.0,0.0,0.0,0.0,0.0,0.0,0.0,0.0,0.0,False,1.0,0.0,0.0035518274882253564,0.0,0.0,0.0,0.0,0.998278627221101,0.998278627221101,-0.04458385874062609,1.0,0.0,1.0,False,False,False,0.0
2022-05-16,2022-05-17 00:00:00,-0.13643689452888774,0.0,0.0,-0.13643689452888774,0.0,0.0,0.0,0.13643689452888774,0.13643689452888774,-0.13643689452888774,False,1.0,0.0,0.009167372170262533,-0.00125076778990117,0.0,1.1681240969939018e-07,-0.0012508846023108692,1.0022743851432063,1.00102065554754,-0.04195956322689465,0.9983315093213887,0.0006821844726444387,0.9976493248487442,False,False,False,-1.0
2022-05-17,2022-05-18 00:00:00,-0.13120795732643586,0.0,0.0,-0.13120795732643586,0.0,0.0,0.0,0.13120795732643586,0.13120795732643586,-0.13120795732643586,False,1.0,0.0,0.0017252020430280623,-0.00022636023604110598,0.0,1.1233557990277043e-07,-0.00022647257162100874,0.9981415761681636,0.9979155244785669,-0.044931371160197964,0.9995815994535948,0.0006560397866321793,0.9989255596669626,False,False,False,-1.0
2022-05-18,2022-05-19 00:00:00,-0.131173985091926,0.0,0.0,-0.131173985091926,0.0,0.0,0.0,0.131173985091926,0.131173985091926,-0.131173985091926,False,1.0,0.0,-0.0015111832667085157,0.00019822793129839085,0.0,1.1230649408555307e-07,0.00019811562480430528,1.0044784345915894,1.0046774374642609,-0.03845979034482261,0.9999148371959555,0.0006558699254596299,0.9992589672704959,False,False,False,-1.0
2022-05-19,2022-05-20 00:00:00,-0.13067404828530024,0.0,0.0,-0.13067404828530024,0.0,0.0,0.0,0.13067404828530024,0.13067404828530024,-0.13067404828530024,False,1.0,0.0,-0.0006174547035229239,8.06853057421403e-05,0.0,1.1187846599768857e-07,8.057342727614261e-05,0.9999955701896796,1.0000761432600307,-0.042863521561268936,0.9989464607697646,0.0006533702414265012,0.998293090528338,False,False,False,-1.0
2022-05-20,2022-05-21 00:00:00,-0.13070859444099364,0.0,0.0,-0.13070859444099364,0.0,0.0,0.0,0.13070859444099364,0.13070859444099364,-0.13070859444099364,False,1.0,0.0,0.0010929743202108266,-0.00014286113715485766,0.0,1.1190804318578222e-07,-0.00014297304519804346,1.0042680649424365,1.0041244816789965,-0.03898900420179452,0.9996801194718766,0.0006535429722049682,0.9990265764996716,False,False,False,-1.0
2022-05-21,2022-05-22 00:00:00,-0.13655112068900047,0.0,0.0,-0.13655112068900047,0.0,0.0,0.0,0.13655112068900047,0.13655112068900047,-0.13655112068900047,False,1.0,0.0,0.0018160571830374561,-0.00024798464357907385,0.0,1.1691020606934971e-07,-0.0002481015537851432,1.002815724751938,1.0025669246124669,-0.04047968538209534,0.999388556043645,0.0006827556034450024,0.9987058004402,False,False,False,-1.0
2022-05-22,2022-05-23 00:00:00,-0.1361060650534128,0.0,0.0,-0.1361060650534128,0.0,0.0,0.0,0.1361060650534128,0.1361060650534128,-0.1361060650534128,False,1.0,0.0,0.003744718345114917,-0.0005096788786869192,0.0,1.1652916528545615e-07,-0.0005097954078522047,1.001336939786175,1.0008264628125594,-0.04214541802580207,0.9988510618271634,0.000680530325267064,0.9981705315018964,False,False,False,-1.0
2022-05-23,2022-05-24 00:00:00,-0.13621793146944736,0.0,0.0,-0.13621793146944736,0.0,0.0,0.0,0.13621793146944736,0.13621793146944736,-0.13621793146944736,False,1.0,0.0,-0.0026414912111262234,0.0003598184687743394,0.0,1.1662494132658162e-07,0.00035970184383301283,0.9963593000944221,0.9967176923717862,-0.046077772673894346,0.9997499180768242,0.0006810896573472368,0.999068828419477,False,False,False,-1.0
2022-05-24,2022-05-25 00:00:00,-0.13729920942784216,0.0,0.0,-0.13729920942784216,0.0,0.0,0.0,0.13729920942784216,0.13729920942784216,-0.13729920942784216,False,1.0,0.0,0.006524415264669736,-0.0008957970578181003,0.0,1.1755069300328952e-07,-0.0008959146085111035,1.0045517070229146,1.003651714473588,-0.0394414724874903,0.9982188519782206,0.0006864960471392108,0.9975323559310814,False,False,False,-1.0
2022-05-25,2022-05-26 00:00:00,-0.13504360653101505,0.0,0.0,-0.13504360653101505,0.0,0.0,0.0,0.13504360653101505,0.13504360653101505,-0.13504360653101505,False,1.0,0.0,0.0010396334782365457,-0.00014039585437144666,0.0,1.1561952613956768e-07,-0.00014051147389758622,1.0035574158759046,1.003416404544259,-0.03966667905662746,0.9996124193510075,0.0006752180326550753,0.9989372013183525,False,False,False,-1.0
2022-05-26,2022-05-27 00:00:00,-0.13293404590380548,0.0,0.0,-0.13293404590380548,0.0,0.0,0.0,0.13293404590380548,0.13293404590380548,-0.13293404590380548,False,1.0,0.0,0.0011672628493046844,-0.00015516897319127568,0.0,1.1381339546558687e-07,-0.00015528278658674127,1.0105285012581506,1.0103715835765499,-0.033010130342069344,0.9994028074187947,0.0006646702295190274,0.9987381371892757,False,False,False,-1.0
2022-05-27,2022-05-28 00:00:00,-0.13289231322658787,0.0,0.0,-0.13289231322658787,0.0,0.0,0.0,0.13289231322658787,0.13289231322658787,-0.13289231322658787,False,1.0,0.0,-0.005107102593010171,0.0006786946774706268,0.0,1.1377766543372248e-07,0.000678580899805193,1.0165573257825449,1.0172471421673779,-0.02642978345420932,0.9996500513278768,0.0006644615661329393,0.9989855897617438,False,False,False,-1.0
2022-05-28,2022-05-29 00:00:00,-0.13076751854820787,0.0,0.0,-0.13076751854820787,0.0,0.0,0.0,0.13076751854820787,0.13076751854820787,-0.13076751854820787,False,1.0,0.0,-0.0010851720971646328,0.00014190526234397375,0.0,1.119584919077122e-07,0.00014179330385206604,1.0147195025867723,1.0148633830175273,-0.028711192578415146,0.9997211715518787,0.0006538375927410393,0.9990673339591376,False,False,False,-1.0
2022-05-29,2022-05-30 00:00:00,-0.1292495549347646,0.0,0.0,-0.1292495549347646,0.0,0.0,0.0,0.1292495549347646,0.1292495549347646,-0.1292495549347646,False,1.0,0.0,0.0003617502031367792,-4.675605275298939e-05,0.0,1.1065886552633954e-07,-4.686671161851573e-05,1.0146734779264521,1.0146259235171753,-0.02893845642374382,0.9998430767334399,0.000646247774673823,0.999196828958766,False,False,False,-1.0
2022-05-30,2022-05-31 00:00:00,-0.1286151114326643,0.0,0.0,-0.1286151114326643,0.0,0.0,0.0,0.1286151114326643,0.1286151114326643,-0.1286151114326643,False,1.0,0.0,0.0008372930316287164,-0.00010768853656472066,0.0,1.1011567759645916e-07,-0.00010779865224231712,1.006571455938053,1.0064629488917172,-0.03675094234219278,0.999638460233477,0.0006430755571633215,0.9989953846763137,False,False,False,-1.0
2022-05-31,2022-06-01 00:00:00,-0.12826170352800598,0.0,0.0,-0.12826170352800598,0.0,0.0,0.0,0.12826170352800598,0.12826170352800598,-0.12826170352800598,False,1.0,0.0,0.012478853718688176,-0.0016005590360357379,0.0,1.0981310233562155e-07,-0.0016006688491380734,1.003038613597699,1.0014330809344305,-0.04156484589953158,0.9978150519437504,0.0006413085176400298,0.9971737434261104,False,False,False,-1.0
2022-06-01,2022-06-02 00:00:00,-0.12139032817507517,0.0,0.0,-0.12139032817507517,0.0,0.0,0.0,0.12139032817507517,0.12139032817507517,-0.12139032817507517,False,1.0,0.0,-0.0031472533062053554,0.00038204611169035844,0.0,1.0393007549235888e-07,0.0003819421816148661,1.0076757864350399,1.0080606603232714,-0.03522183088056541,0.9995914797720736,0.0006069516408753759,0.9989845281311982,False,False,False,-1.0
2022-06-02,2022-06-03 00:00:00,-0.11880336256337229,0.0,0.0,-0.11880336256337229,0.0,0.0,0.0,0.11880336256337229,0.11880336256337229,-0.11880336256337229,False,1.0,0.0,-0.002766722476875483,0.00032869593353246937,0.0,1.0171520767412011e-07,0.00032859421832479523,1.0117605857748047,1.0120930444536191,-0.031362582790062876,0.9997846807092651,0.0005940168128168615,0.9991906638964482,False,False,False,-1.0
2022-06-03,2022-06-04 00:00:00,-0.11745477369028634,0.0,0.0,-0.11745477369028634,0.0,0.0,0.0,0.11745477369028634,0.11745477369028634,-0.11745477369028634,False,1.0,0.0,-0.0005498367495011536,6.458095097926065e-05,0.0,1.0056059391291639e-07,6.448039038534774e-05,1.0154923921428014,1.0155578714886802,-0.02804652293893284,0.9999086871684353,0.0005872738684514317,0.9993214132999838,False,False,False,-1.0
2022-06-04,2022-06-05 00:00:00,-0.11716302219898274,0.0,0.0,-0.11716302219898274,0.0,0.0,0.0,0.11716302219898274,0.11716302219898274,-0.11716302219898274,False,1.0,0.0,0.0008159774002398645,-9.560237825817147e-05,0.0,1.0031080667721125e-07,-9.570268906484868e-05,1.0145829915507565,1.0144858932301857,-0.02907247431494875,0.9998278154083287,0.0005858151109949137,0.9992420002973338,False,False,False,-1.0
2022-06-05,2022-06-06 00:00:00,-0.11746536217883544,0.0,0.0,-0.11746536217883544,0.0,0.0,0.0,0.11746536217883544,0.11746536217883544,-0.11746536217883544,False,1.0,0.0,0.004808812273286778,-0.0005648688753316603,0.0,1.0056965939968788e-07,-0.00056496944499106,1.012816335374068,1.0122441250911938,-0.031217989010496217,0.9992890898075184,0.0005873268108941772,0.9987017629966243,False,False,False,-1.0
2022-06-06,2022-06-07 00:00:00,-0.11735802395629033,0.0,0.0,-0.11735802395629033,0.0,0.0,0.0,0.11735802395629033,0.11735802395629033,-0.11735802395629033,False,1.0,0.0,0.0006629400596116497,-7.780133539748852e-05,0.0,1.0047776023654994e-07,-7.790181315772507e-05,1.0074412527061627,1.007362771205927,-0.03588975515474935,0.9995380707953203,0.0005867901197814517,0.9989512806755388,False,False,False,-1.0
2022-06-07,2022-06-08 00:00:00,-0.11638642408572805,0.0,0.0,-0.11638642408572805,0.0,0.0,0.0,0.11638642408572805,0.11638642408572805,-0.11638642408572805,False,1.0,0.0,0.0013094595809730603,-0.00015240331811425034,0.0,9.96459110323014e-08,-0.00015250296402528264,1.0140882609787591,1.0139336095131766,-0.02960104495985383,0.9996780873390151,0.0005819321204286403,0.9990961552185864,False,False,False,-1.0
2022-06-08,2022-06-09 00:00:00,-0.1139329921395755,0.0,0.0,-0.1139329921395755,0.0,0.0,0.0,0.1139329921395755,0.1139329921395755,-0.1139329921395755,False,1.0,0.0,0.001959831730503847,-0.00022328949314638546,0.0,9.754536998251327e-08,-0.00022338703851636796,1.0118829545657517,1.0116569130292061,-0.031779988303145545,0.9996074161342826,0.0005696649606978775,0.9990377511735847,False,False,False,-1.0
2022-06-09,2022-06-10 00:00:00,-0.11486079799113558,0.0,0.0,-0.11486079799113558,0.0,0.0,0.0,0.11486079799113558,0.11486079799113558,-0.11486079799113558,False,1.0,0.0,0.00037248710193926726,-4.2784165770149705e-05,0.0,9.833972430747908e-08,-4.2882505494457186e-05,1.0126439061352803,1.0126004814274117,-0.030876933330870604,0.9997898122492552,0.0005743039899556779,0.9992155082592995,False,False,False,-1.0
2022-06-10,2022-06-11 00:00:00,-0.11595653439691651,0.0,0.0,-0.11595653439691651,0.0,0.0,0.0,0.11595653439691651,0.11595653439691651,-0.11595653439691651,False,1.0,0.0,-0.002379769647539831,0.0002759498409916903,0.0,9.927785479188056e-08,0.0002758505631368984,1.0170477052856866,1.0173282584679266,-0.02635214999522273,0.9997494025655168,0.0005797826719845826,0.9991696198935323,False,False,False,-1.0
2022-06-11,2022-06-12 00:00:00,-0.11595703031159774,0.0,0.0,-0.11595703031159774,0.0,0.0,0.0,0.11595703031159774,0.11595703031159774,-0.11595703031159774,False,1.0,0.0,0.009381237524950015,-0.001087820444040927,0.0,9.927827937636792e-08,-0.0010879197223203035,1.0335955917979402,1.03247112276872,-0.011859465705114203,0.998466151046009,0.0005797851515579887,0.997886365894451,False,False,False,-1.0
2022-06-12,2022-06-13 00:00:00,-0.11601234455937118,0.0,0.0,-0.11601234455937118,0.0,0.0,0.0,0.11601234455937118,0.11601234455937118,-0.11601234455937118,False,1.0,0.0,-0.003915171288743857,0.00045420820055870967,0.0,9.932563746521504e-08,0.00045410887492124445,1.0309964901311286,1.0314646747873097,-0.012822700437940315,0.9998530400228485,0.0005800617227968559,0.9992729783000516,False,False,False,-1.0
2022-06-13,2022-06-14 00:00:00,-0.11863959432112607,0.0,0.0,-0.11863959432112607,0.0,0.0,0.0,0.11863959432112607,0.11863959432112607,-0.11863959432112607,False,1.0,0.0,-0.010613814857731496,0.001259218688920805,0.0,1.015749951379504e-07,0.001259117113925667,1.0560305193015334,1.0573601854012136,-0.004518325796965095,0.9998299659559919,0.0005931979716056303,0.9992367679843863,False,False,False,-1.0
2022-06-14,2022-06-15 00:00:00,-0.1237886076956154,0.0,0.0,-0.1237886076956154,0.0,0.0,0.0,0.1237886076956154,0.1237886076956154,-0.1237886076956154,False,1.0,0.0,0.008689898900247961,-0.0010757104858773545,0.0,1.0598339699967072e-07,-0.0010758164692743542,1.0553192639926439,1.054183934148098,-0.017062770346493283,0.9976966550375566,0.000618943038478077,0.9970777119990785,False,False,False,-1.0
2022-06-15,2022-06-16 00:00:00,-0.09429855755806217,0.0,0.0,-0.09429855755806217,0.0,0.0,0.0,0.09429855755806217,0.09429855755806217,-0.09429855755806217,False,1.0,0.0,0.009653344870477643,-0.0009102964968965601,0.0,8.073506640245049e-08,-0.0009103772319629626,1.0659046125418619,1.0649342372511594,-0.009050526671447012,0.9986094009932971,0.00047149278779031085,0.9981379082055067,False,False,False,-1.0
2022-06-16,2022-06-17 00:00:00,-0.09594665873488069,0.01962124288113944,0.0,-0.09594665873488069,0.01962124288113944,0.0,0.01962124288113944,0.09594665873488069,0.11556790161602012,-0.07632541585374125,True,1.0,0.0,-0.005167059327479073,0.0003943779519107929,0.0,9.894512124659258e-08,0.0003942790067895463,1.062835476115714,1.0632545298316174,-0.010613538850525517,0.9996196216285752,0.0005778395080801006,0.9990417821204951,False,False,False,-1.0
2022-06-17,2022-06-18 00:00:00,-0.09172049134812896,0.01962124288113944,0.0,-0.09172049134812896,0.01962124288113944,0.0,0.01962124288113944,0.09172049134812896,0.1113417342292684,-0.07209924846698952,True,1.0,0.0,0.008433443671662877,-0.0006080449507155822,0.0,9.532682725108595e-08,-0.0006081402775428333,1.0658012112825583,1.0651530546381234,-0.008846911305556704,0.9990017185340277,0.000556708671146342,0.9984450098628814,False,False,False,-1.0
2022-06-18,2022-06-19 00:00:00,-0.09249419190696827,0.0,0.0,-0.09249419190696827,0.0,0.0,0.0,0.09249419190696827,0.09249419190696827,-0.09249419190696827,False,1.0,0.0,-0.002940228773964826,0.00027195408446949263,0.0,7.919023279706187e-08,0.00027187489423669556,1.0723163453165485,1.0726078812095199,-0.0019099980143194584,0.9997987492952282,0.0004624709595348413,0.9993362783356933,False,False,False,-1.0
2022-06-19,2022-06-20 00:00:00,-0.09297793490785489,0.0,0.0,-0.09297793490785489,0.0,0.0,0.0,0.09297793490785489,0.09297793490785489,-0.09297793490785489,False,1.0,0.0,0.016762161341731696,-0.0015585111461464912,0.0,7.960439632521822e-08,-0.0015585907505428164,1.065672973255594,1.0640120252163745,-0.01686035800707375,0.9978090082920226,0.00046488967453927444,0.9973441186174833,False,False,False,-1.0
2022-06-20,2022-06-21 00:00:00,-0.09216504288364288,0.0,0.0,-0.09216504288364288,0.0,0.0,0.0,0.09216504288364288,0.09216504288364288,-0.09216504288364288,False,1.0,0.0,0.005300854519022735,-0.0004885534840656826,0.0,7.890842712640657e-08,-0.000488632392492809,1.05855655626292,1.0580393112402442,-0.022379103792888322,0.9992262419119571,0.0004608252144182144,0.9987654166975388,False,False,False,-1.0
2022-06-21,2022-06-22 00:00:00,-0.08768257009695479,0.0,0.0,-0.08768257009695479,0.0,0.0,0.0,0.08768257009695479,0.08768257009695479,-0.08768257009695479,False,1.0,0.0,-0.000803803529894731,7.047955935417446e-05,0.0,7.507069357615993e-08,7.04044886605983e-05,1.0550387273253334,1.055113006787448,-0.025082988564772757,0.9997195062569824,0.00043841285048477397,0.9992810934064976,False,False,False,-1.0
2022-06-22,2022-06-23 00:00:00,-0.08575040597555274,0.0,0.0,-0.08575040597555274,0.0,0.0,0.0,0.08575040597555274,0.08575040597555274,-0.08575040597555274,False,1.0,0.0,-0.013960228940416819,0.0011970952991524027,0.0,7.34164434722198e-08,0.0011970218827089304,1.0612436892071622,1.0625140211260298,-0.01824450327064442,0.9997914967187238,0.0004287520298777637,0.999362744688846,False,False,False,-1.0
2022-06-23,2022-06-24 00:00:00,-0.08522510000460953,0.0,0.0,-0.08522510000460953,0.0,0.0,0.0,0.08522510000460953,0.08522510000460953,-0.08522510000460953,False,1.0,0.0,0.0016850588396903898,-0.00014360930812626476,0.0,7.296669520942597e-08,-0.00014368227482147418,1.0609598843282053,1.0608074431985308,-0.019821369295568547,0.9995495869746697,0.00042612550002304767,0.9991234614746466,False,False,False,-1.0
2022-06-24,2022-06-25 00:00:00,-0.08463695108417124,0.0,0.0,-0.08463695108417124,0.0,0.0,0.0,0.08463695108417124,0.08463695108417124,-0.08463695108417124,False,1.0,0.0,0.0017140468227423433,-0.00014507169709242286,0.0,7.246314305151647e-08,-0.00014514416023547438,1.0526894079217588,1.0525366162016572,-0.027463555379920512,0.9994656390914678,0.0004231847554208562,0.999042454336047,False,False,False,-1.0
2022-06-25,2022-06-26 00:00:00,0.0,0.0,0.0,0.0,0.0,0.0,0.0,0.0,0.0,0.0,False,1.0,0.0,-0.011371036417372027,-0.0,0.0,0.0,-0.0,1.052880125679862,1.052880125679862,-0.027146155033477393,1.0,0.0,1.0,False,False,False,0.0
2022-06-26,2022-06-27 00:00:00,0.0,0.0,0.0,0.0,0.0,0.0,0.0,0.0,0.0,0.0,False,1.0,0.0,0.0007608482230512248,0.0,0.0,0.0,0.0,1.052880125679862,1.052880125679862,-0.027146155033477393,1.0,0.0,1.0,False,False,False,0.0
2022-06-27,2022-06-28 00:00:00,0.0,0.0,0.0,0.0,0.0,0.0,0.0,0.0,0.0,0.0,False,1.0,0.0,-0.0009338324990536551,-0.0,0.0,0.0,-0.0,1.052880125679862,1.052880125679862,-0.027146155033477393,1.0,0.0,1.0,False,False,False,0.0
2022-06-28,2022-06-29 00:00:00,0.0,0.0,0.0,0.0,0.0,0.0,0.0,0.0,0.0,0.0,False,1.0,0.0,-0.0009447888987305086,-0.0,0.0,0.0,-0.0,1.052880125679862,1.052880125679862,-0.027146155033477393,1.0,0.0,1.0,False,False,False,0.0
2022-06-29,2022-06-30 00:00:00,0.0,0.0,0.0,0.0,0.0,0.0,0.0,0.0,0.0,0.0,False,1.0,0.0,0.0026903489355574184,0.0,0.0,0.0,0.0,1.052880125679862,1.052880125679862,-0.027146155033477393,1.0,0.0,1.0,False,False,False,0.0
2022-06-30,2022-07-01 00:00:00,0.0,0.0,0.0,0.0,0.0,0.0,0.0,0.0,0.0,0.0,False,1.0,0.0,-0.0009586335115036038,-0.0,0.0,0.0,-0.0,1.052880125679862,1.052880125679862,-0.027146155033477393,1.0,0.0,1.0,False,False,False,0.0
2022-07-01,2022-07-02 00:00:00,-0.08237834024483565,0.0,0.0,-0.08237834024483565,0.0,0.0,0.0,0.08237834024483565,0.08237834024483565,-0.08237834024483565,False,1.0,0.0,-0.0016060462919226248,0.00013230342788495862,0.0,7.052940089455106e-08,0.00013223289848406406,1.0501446561561936,1.0502835198279046,-0.029545400612652983,0.9998901954510004,0.00041189170122417823,0.9994783037497763,False,False,False,-1.0
2022-07-02,2022-07-03 00:00:00,-0.0824116316617955,0.0,0.0,-0.0824116316617955,0.0,0.0,0.0,0.0824116316617955,0.0824116316617955,-0.0824116316617955,False,1.0,0.0,0.004072018462360161,-0.0003355816856400565,0.0,7.055790382003039e-08,-0.00033565224354387656,1.0508496591174166,1.0504969390717065,-0.029348202729571615,0.9994678713597113,0.00041205815830897756,0.9990558132014022,False,False,False,-1.0
2022-07-03,2022-07-04 00:00:00,-0.08212568557437573,0.0,0.0,-0.08212568557437573,0.0,0.0,0.0,0.08212568557437573,0.08212568557437573,-0.08212568557437573,False,1.0,0.0,-0.0026867683777804796,0.00022065269500477522,0.0,7.031308696436278e-08,0.00022058238191781086,1.0504221262209994,1.0506538308356206,-0.02920323584108664,0.9999687420268416,0.0004106284278718787,0.9995581135989697,False,False,False,-1.0
2022-07-04,2022-07-05 00:00:00,-0.08214410052852977,0.0,0.0,-0.08214410052852977,0.0,0.0,0.0,0.08214410052852977,0.08214410052852977,-0.08214410052852977,False,1.0,0.0,0.001044301803221126,-8.578323230592108e-05,0.0,7.03288531922344e-08,-8.585356115911332e-05,1.045756395275752,1.0456666133651127,-0.03381138977383846,0.999789908654122,0.00041072050264264886,0.9993791881514793,False,False,False,-1.0
2022-07-05,2022-07-06 00:00:00,-0.08211057727077745,0.0,0.0,-0.08211057727077745,0.0,0.0,0.0,0.08211057727077745,0.08211057727077745,-0.08211057727077745,False,1.0,0.0,0.004520895357812416,-0.0003712133276107554,0.0,7.03001517729259e-08,-0.0003712836277625283,1.0474160630651586,1.047027174629487,-0.03255424071662316,0.9995079965909006,0.0004105528863538872,0.9990974437045468,False,False,False,-1.0
2022-07-06,2022-07-07 00:00:00,-0.08055385798364326,0.0,0.0,-0.08055385798364326,0.0,0.0,0.0,0.08055385798364326,0.08055385798364326,-0.08055385798364326,False,1.0,0.0,0.0032579057332058348,-0.00026243687575676,0.0,6.896734416407813e-08,-0.00026250584310092404,1.0441322398992081,1.0438581490852645,-0.0354823980730965,0.9995620608106052,0.0004027692899182163,0.9991592915206869,False,False,False,-1.0
2022-07-07,2022-07-08 00:00:00,-0.08093745864227261,0.0,0.0,-0.08093745864227261,0.0,0.0,0.0,0.08093745864227261,0.08093745864227261,-0.08093745864227261,False,1.0,0.0,0.0023087667406129775,-0.00018686571258301742,0.0,6.929576938550736e-08,-0.00018693500835240294,1.0377646854392344,1.037570690889094,-0.041291965308740686,0.9997552097710258,0.0004046872932113631,0.9993505224778144,False,False,False,-1.0
2022-07-08,2022-07-09 00:00:00,-0.08109972802683195,0.0,0.0,-0.08109972802683195,0.0,0.0,0.0,0.08109972802683195,0.08109972802683195,-0.08109972802683195,False,1.0,0.0,-0.0006711735023937626,5.443198850295039e-05,0.0,6.943469865310955e-08,5.436255380429728e-05,1.0362893155774824,1.0363456509111573,-0.04242389364863974,0.9998451600919677,0.0004054986401341598,0.9994396614518335,False,False,False,-1.0
2022-07-09,2022-07-10 00:00:00,-0.07921790208426321,0.0,0.0,-0.07921790208426321,0.0,0.0,0.0,0.07921790208426321,0.07921790208426321,-0.07921790208426321,False,1.0,0.0,0.0005269788467396896,-4.174615868150269e-05,0.0,6.782354630501987e-08,-4.181398222780771e-05,1.0377194113700832,1.0376760201890587,-0.041194641774979335,0.9998733891329503,0.0003960895104213161,0.999477299622529,False,False,False,-1.0
2022-07-10,2022-07-11 00:00:00,-0.07931608513268079,0.0,0.0,-0.07931608513268079,0.0,0.0,0.0,0.07931608513268079,0.07931608513268079,-0.07931608513268079,False,1.0,0.0,0.0014201244545430924,-0.0001126387121355418,0.0,6.790760713414451e-08,-0.00011270661974267593,1.0413225362301428,1.0412051722870224,-0.037933730010918265,0.999834045989066,0.00039658042566340394,0.9994374655634026,False,False,False,-1.0
2022-07-11,2022-07-12 00:00:00,-0.07931677462901597,0.0,0.0,-0.07931677462901597,0.0,0.0,0.0,0.07931677462901597,0.07931677462901597,-0.07931677462901597,False,1.0,0.0,0.002252607590498723,-0.00017866956858319792,0.0,6.79081974563493e-08,-0.00017873747678065426,1.0427721718047689,1.0425857893379233,-0.03665804954774299,0.9997844162697761,0.0003965838731450799,0.999387832396631,False,False,False,-1.0
2022-07-12,2022-07-13 00:00:00,-0.0792749347575529,0.0,0.0,-0.0792749347575529,0.0,0.0,0.0,0.0792749347575529,0.0792749347575529,-0.0792749347575529,False,1.0,0.0,6.505213463947612e-05,-5.157003729384017e-06,0.0,6.787237564858981e-08,-5.224876105032607e-06,1.0475621264793171,1.047556653096994,-0.032065006329557,0.9998083862748192,0.0003963746737877645,0.9994120116010314,False,False,False,-1.0
2022-07-13,2022-07-14 00:00:00,-0.08388480440856598,0.0,0.0,-0.08388480440856598,0.0,0.0,0.0,0.08388480440856598,0.08388480440856598,-0.08388480440856598,False,1.0,0.0,0.0016154325769457412,-0.00013551024575231922,0.0,7.181918185664895e-08,-0.00013558206493417588,1.0486849496387132,1.0485427667677758,-0.031153844220219384,0.9995204913464314,0.0004194240220428299,0.9991010673243885,False,False,False,-1.0
2022-07-14,2022-07-15 00:00:00,-0.08309352957051587,0.0,0.0,-0.08309352957051587,0.0,0.0,0.0,0.08309352957051587,0.08309352957051587,-0.08309352957051587,False,1.0,0.0,0.007629206438908964,-0.0006339376908310521,0.0,7.114172052270193e-08,-0.0006340088325515748,1.0427236054279603,1.042062509452209,-0.03714155648874651,0.9988024909978208,0.00041546764785257935,0.9983870233499682,False,False,False,-1.0
2022-07-15,2022-07-16 00:00:00,-0.10415552420802773,0.0,0.0,-0.10415552420802773,0.0,0.0,0.0,0.10415552420802773,0.10415552420802773,-0.10415552420802773,False,1.0,0.0,-0.004350092867151045,0.00045308620293171945,0.0,8.917425017810593e-08,0.00045299702868154137,1.0339308823751978,1.0343992499927759,-0.04422235443359468,0.9996825807884905,0.0005207776210401386,0.9991618031674503,False,False,False,-1.0
2022-07-16,2022-07-17 00:00:00,-0.10052661742211152,0.0,0.0,-0.10052661742211152,0.0,0.0,0.0,0.10052661742211152,0.10052661742211152,-0.10052661742211152,False,1.0,0.0,0.008483026034660224,-0.0008527699127681001,0.0,8.606730943673933e-08,-0.0008528559800775368,1.0308105289196632,1.0299313959957472,-0.048350620162755265,0.9988703119960015,0.0005026330871105576,0.998367678908891,False,False,False,-1.0
2022-07-17,2022-07-18 00:00:00,-0.10541387073428775,0.0,0.0,-0.10541387073428775,0.0,0.0,0.0,0.10541387073428775,0.10541387073428775,-0.10541387073428775,False,1.0,0.0,0.0010218588946151463,-0.00010771810142564321,0.0,9.025160165606827e-08,-0.00010780835302729927,1.0233729750909761,1.0232626469359989,-0.0545124974797041,0.9997875958093565,0.0005270693536714387,0.9992605264556851,False,False,False,-1.0
2022-07-18,2022-07-19 00:00:00,0.0,0.0,0.0,0.0,0.0,0.0,0.0,0.0,0.0,0.0,False,1.0,0.0,0.02113673750293743,0.0,0.0,0.0,0.0,1.0233298972713074,1.0233298972713074,-0.054450358641972785,1.0,0.0,1.0,False,False,False,0.0
2022-07-19,2022-07-20 00:00:00,0.0,0.0,0.0,0.0,0.0,0.0,0.0,0.0,0.0,0.0,False,1.0,0.0,0.012388705498638686,0.0,0.0,0.0,0.0,1.0233298972713074,1.0233298972713074,-0.054450358641972785,1.0,0.0,1.0,False,False,False,0.0
2022-07-20,2022-07-21 00:00:00,0.0,0.0,0.0,0.0,0.0,0.0,0.0,0.0,0.0,0.0,False,1.0,0.0,0.00038845657431441083,0.0,0.0,0.0,0.0,1.0233298972713074,1.0233298972713074,-0.054450358641972785,1.0,0.0,1.0,False,False,False,0.0
2022-07-21,2022-07-22 00:00:00,0.0,0.0,0.0,0.0,0.0,0.0,0.0,0.0,0.0,0.0,False,1.0,0.0,0.0005233035690628274,0.0,0.0,0.0,0.0,1.0233298972713074,1.0233298972713074,-0.054450358641972785,1.0,0.0,1.0,False,False,False,0.0
2022-07-22,2022-07-23 00:00:00,0.0,0.0,0.0,0.0,0.0,0.0,0.0,0.0,0.0,0.0,False,1.0,0.0,0.0011442447666696332,0.0,0.0,0.0,0.0,1.0233298972713074,1.0233298972713074,-0.054450358641972785,1.0,0.0,1.0,False,False,False,0.0
2022-07-23,2022-07-24 00:00:00,0.0,0.0,0.0,0.0,0.0,0.0,0.0,0.0,0.0,0.0,False,1.0,0.0,0.001636145005815326,0.0,0.0,0.0,0.0,1.0233298972713074,1.0233298972713074,-0.054450358641972785,1.0,0.0,1.0,False,False,False,0.0
2022-07-24,2022-07-25 00:00:00,0.0,0.0,0.0,0.0,0.0,0.0,0.0,0.0,0.0,0.0,False,1.0,0.0,0.003934213966459543,0.0,0.0,0.0,0.0,1.0233298972713074,1.0233298972713074,-0.054450358641972785,1.0,0.0,1.0,False,False,False,0.0
2022-07-25,2022-07-26 00:00:00,0.0,0.0,0.0,0.0,0.0,0.0,0.0,0.0,0.0,0.0,False,1.0,0.0,-0.0010929963152280786,-0.0,0.0,0.0,-0.0,1.0233298972713074,1.0233298972713074,-0.054450358641972785,1.0,0.0,1.0,False,False,False,0.0
2022-07-26,2022-07-27 00:00:00,0.0,0.0,0.0,0.0,0.0,0.0,0.0,0.0,0.0,0.0,False,1.0,0.0,-0.005810111045747357,-0.0,0.0,0.0,-0.0,1.0233298972713074,1.0233298972713074,-0.054450358641972785,1.0,0.0,1.0,False,False,False,0.0
2022-07-27,2022-07-28 00:00:00,0.0,0.0,0.0,0.0,0.0,0.0,0.0,0.0,0.0,0.0,False,1.0,0.0,0.0021133396150223582,0.0,0.0,0.0,0.0,1.0233298972713074,1.0233298972713074,-0.054450358641972785,1.0,0.0,1.0,False,False,False,0.0
2022-07-28,2022-07-29 00:00:00,0.0,0.0,0.0,0.0,0.0,0.0,0.0,0.0,0.0,0.0,False,1.0,0.0,0.009974464902388291,0.0,0.0,0.0,0.0,1.0233298972713074,1.0233298972713074,-0.054450358641972785,1.0,0.0,1.0,False,False,False,0.0
2022-07-29,2022-07-30 00:00:00,0.0,0.0,0.0,0.0,0.0,0.0,0.0,0.0,0.0,0.0,False,1.0,0.0,-0.0010847685730361878,-0.0,0.0,0.0,-0.0,1.0233298972713074,1.0233298972713074,-0.054450358641972785,1.0,0.0,1.0,False,False,False,0.0
2022-07-30,2022-07-31 00:00:00,0.0,0.0,0.0,0.0,0.0,0.0,0.0,0.0,0.0,0.0,False,1.0,0.0,0.001101143805922078,0.0,0.0,0.0,0.0,1.0233298972713074,1.0233298972713074,-0.054450358641972785,1.0,0.0,1.0,False,False,False,0.0
2022-07-31,2022-08-01 00:00:00,0.0,0.0,0.0,0.0,0.0,0.0,0.0,0.0,0.0,0.0,False,1.0,0.0,0.0007189829022358207,0.0,0.0,0.0,0.0,1.0233298972713074,1.0233298972713074,-0.054450358641972785,1.0,0.0,1.0,False,False,False,0.0
2022-08-01,2022-08-02 00:00:00,0.0,0.0,0.0,0.0,0.0,0.0,0.0,0.0,0.0,0.0,False,1.0,0.0,0.00010760787689667595,0.0,0.0,0.0,0.0,1.0233298972713074,1.0233298972713074,-0.054450358641972785,1.0,0.0,1.0,False,False,False,0.0
2022-08-02,2022-08-03 00:00:00,0.0,0.0,0.0,0.0,0.0,0.0,0.0,0.0,0.0,0.0,False,1.0,0.0,0.0017030224036593822,0.0,0.0,0.0,0.0,1.0233298972713074,1.0233298972713074,-0.054450358641972785,1.0,0.0,1.0,False,False,False,0.0
2022-08-03,2022-08-04 00:00:00,0.0,0.0,0.0,0.0,0.0,0.0,0.0,0.0,0.0,0.0,False,1.0,0.0,-0.002277410259190926,-0.0,0.0,0.0,-0.0,1.0233298972713074,1.0233298972713074,-0.054450358641972785,1.0,0.0,1.0,False,False,False,0.0
2022-08-04,2022-08-05 00:00:00,0.0,0.0,0.0,0.0,0.0,0.0,0.0,0.0,0.0,0.0,False,1.0,0.0,0.004727455944464776,0.0,0.0,0.0,0.0,1.0233298972713074,1.0233298972713074,-0.054450358641972785,1.0,0.0,1.0,False,False,False,0.0
2022-08-05,2022-08-06 00:00:00,0.0,0.0,0.0,0.0,0.0,0.0,0.0,0.0,0.0,0.0,False,1.0,0.0,-0.0019238582319623942,-0.0,0.0,0.0,-0.0,1.0233298972713074,1.0233298972713074,-0.054450358641972785,1.0,0.0,1.0,False,False,False,0.0
2022-08-06,2022-08-07 00:00:00,0.0,0.0,0.0,0.0,0.0,0.0,0.0,0.0,0.0,0.0,False,1.0,0.0,0.00026823095851757905,0.0,0.0,0.0,0.0,1.0233298972713074,1.0233298972713074,-0.054450358641972785,1.0,0.0,1.0,False,False,False,0.0
2022-08-07,2022-08-08 00:00:00,0.0,0.0,0.0,0.0,0.0,0.0,0.0,0.0,0.0,0.0,False,1.0,0.0,-0.0011875018371005908,-0.0,0.0,0.0,-0.0,1.0233298972713074,1.0233298972713074,-0.054450358641972785,1.0,0.0,1.0,False,False,False,0.0
2022-08-08,2022-08-09 00:00:00,0.0,0.0,0.0,0.0,0.0,0.0,0.0,0.0,0.0,0.0,False,1.0,0.0,8.451370812356807e-05,0.0,0.0,0.0,0.0,1.0233298972713074,1.0233298972713074,-0.054450358641972785,1.0,0.0,1.0,False,False,False,0.0
2022-08-09,2022-08-10 00:00:00,0.0,0.0,0.0,0.0,0.0,0.0,0.0,0.0,0.0,0.0,False,1.0,0.0,-0.002568837748893049,-0.0,0.0,0.0,-0.0,1.0233298972713074,1.0233298972713074,-0.054450358641972785,1.0,0.0,1.0,False,False,False,0.0
2022-08-10,2022-08-11 00:00:00,0.0,0.0,0.0,0.0,0.0,0.0,0.0,0.0,0.0,0.0,False,1.0,0.0,-0.0016410724571528368,-0.0,0.0,0.0,-0.0,1.0233298972713074,1.0233298972713074,-0.054450358641972785,1.0,0.0,1.0,False,False,False,0.0
2022-08-11,2022-08-12 00:00:00,0.0,0.0,0.0,0.0,0.0,0.0,0.0,0.0,0.0,0.0,False,1.0,0.0,-0.0034685432645422676,-0.0,0.0,0.0,-0.0,1.0233298972713074,1.0233298972713074,-0.054450358641972785,1.0,0.0,1.0,False,False,False,0.0
2022-08-12,2022-08-13 00:00:00,0.0,0.0,0.0,0.0,0.0,0.0,0.0,0.0,0.0,0.0,False,1.0,0.0,0.0005326554721121202,0.0,0.0,0.0,0.0,1.0233298972713074,1.0233298972713074,-0.054450358641972785,1.0,0.0,1.0,False,False,False,0.0
2022-08-13,2022-08-14 00:00:00,0.0,0.0,0.0,0.0,0.0,0.0,0.0,0.0,0.0,0.0,False,1.0,0.0,0.0009769067305853696,0.0,0.0,0.0,0.0,1.0233298972713074,1.0233298972713074,-0.054450358641972785,1.0,0.0,1.0,False,False,False,0.0
2022-08-14,2022-08-15 00:00:00,0.0,0.0,0.0,0.0,0.0,0.0,0.0,0.0,0.0,0.0,False,1.0,0.0,0.0012109469605230405,0.0,0.0,0.0,0.0,1.0233298972713074,1.0233298972713074,-0.054450358641972785,1.0,0.0,1.0,False,False,False,0.0
2022-08-15,2022-08-16 00:00:00,0.0,0.0,0.0,0.0,0.0,0.0,0.0,0.0,0.0,0.0,False,1.0,0.0,0.0038120172797486696,0.0,0.0,0.0,0.0,1.0233298972713074,1.0233298972713074,-0.054450358641972785,1.0,0.0,1.0,False,False,False,0.0
2022-08-16,2022-08-17 00:00:00,0.0,0.0,0.0,0.0,0.0,0.0,0.0,0.0,0.0,0.0,False,1.0,0.0,0.0008642309140169946,0.0,0.0,0.0,0.0,1.0233298972713074,1.0233298972713074,-0.054450358641972785,1.0,0.0,1.0,False,False,False,0.0
2022-08-17,2022-08-18 00:00:00,0.0,0.0,0.0,0.0,0.0,0.0,0.0,0.0,0.0,0.0,False,1.0,0.0,0.0007596209546085753,0.0,0.0,0.0,0.0,1.0233298972713074,1.0233298972713074,-0.054450358641972785,1.0,0.0,1.0,False,False,False,0.0
2022-08-18,2022-08-19 00:00:00,0.0,0.0,0.0,0.0,0.0,0.0,0.0,0.0,0.0,0.0,False,1.0,0.0,9.61353585848812e-05,0.0,0.0,0.0,0.0,1.0233298972713074,1.0233298972713074,-0.054450358641972785,1.0,0.0,1.0,False,False,False,0.0
2022-08-19,2022-08-20 00:00:00,0.0,0.0,0.0,0.0,0.0,0.0,0.0,0.0,0.0,0.0,False,1.0,0.0,0.0006188556474997498,0.0,0.0,0.0,0.0,1.0233298972713074,1.0233298972713074,-0.054450358641972785,1.0,0.0,1.0,False,False,False,0.0
2022-08-20,2022-08-21 00:00:00,0.0,0.0,0.0,0.0,0.0,0.0,0.0,0.0,0.0,0.0,False,1.0,0.0,0.0019247154302106662,0.0,0.0,0.0,0.0,1.0233298972713074,1.0233298972713074,-0.054450358641972785,1.0,0.0,1.0,False,False,False,0.0
2022-08-21,2022-08-22 00:00:00,-0.098362030976509,0.0,0.0,-0.098362030976509,0.0,0.0,0.0,0.098362030976509,0.098362030976509,-0.098362030976509,False,1.0,0.0,0.0004258339247693588,-4.188588969901207e-05,0.0,8.421406761687414e-08,-4.197010376662894e-05,1.024070326938024,1.0240273466001382,-0.053805920358189874,0.9999301059697674,0.000491810154882545,0.9994382958148849,False,False,False,-1.0
2022-08-22,2022-08-23 00:00:00,-0.09936373481125298,0.0,0.0,-0.09936373481125298,0.0,0.0,0.0,0.09936373481125298,0.09936373481125298,-0.09936373481125298,False,1.0,0.0,0.00522431011909652,-0.000519106965245652,0.0,8.507169076305905e-08,-0.0005191920369364151,1.0264255991906182,1.0258926871930107,-0.05208235874496592,0.9990327168417317,0.0004968186740562649,0.9985358981676754,False,False,False,-1.0
2022-08-23,2022-08-24 00:00:00,-0.10026193148104462,0.0,0.0,-0.10026193148104462,0.0,0.0,0.0,0.10026193148104462,0.10026193148104462,-0.10026193148104462,False,1.0,0.0,-0.0002499268506779284,2.505814877794373e-05,0.0,8.584069476116833e-08,2.4972308083182562e-05,1.0225109172992002,1.0225364517568454,-0.05518349672739098,0.999635043066124,0.000501309657405223,0.9991337334087188,False,False,False,-1.0
2022-08-24,2022-08-25 00:00:00,-0.10069493782664077,0.0,0.0,-0.10069493782664077,0.0,0.0,0.0,0.10069493782664077,0.10069493782664077,-0.10069493782664077,False,1.0,0.0,0.007006186504564971,-0.0007054875144790194,0.0,8.621141937212394e-08,-0.0007055737258983914,1.0205034364283296,1.0197833960163967,-0.0577273009052629,0.9990082549936767,0.0005034746891332038,0.9985047803045435,False,False,False,-1.0
2022-08-25,2022-08-26 00:00:00,-0.10204435491790642,0.0,0.0,-0.10204435491790642,0.0,0.0,0.0,0.10204435491790642,0.10204435491790642,-0.10204435491790642,False,1.0,0.0,-0.0012505871301080607,0.00012761535696051296,0.0,8.736674222423495e-08,0.00012752799021828874,1.0184890480838016,1.018618933945163,-0.05880325568462186,0.999849530217309,0.0005102217745895321,0.9993393084427196,False,False,False,-1.0
2022-08-26,2022-08-27 00:00:00,-0.10382081004772734,0.0,0.0,-0.10382081004772734,0.0,0.0,0.0,0.10382081004772734,0.10382081004772734,-0.10382081004772734,False,1.0,0.0,0.0015334338863750574,-0.00015920234823809315,0.0,8.888767983538298e-08,-0.00015929123591792852,1.0255803658429417,1.0254169998789333,-0.05252189048387412,0.9992463098327504,0.0005191040502386367,0.9987272057825118,False,False,False,-1.0
2022-08-27,2022-08-28 00:00:00,-0.11397548356167089,0.0,0.0,-0.11397548356167089,0.0,0.0,0.0,0.11397548356167089,0.11397548356167089,-0.11397548356167089,False,1.0,0.0,0.004346518684563039,-0.00049539656888291,0.0,9.758174962471823e-08,-0.0004954941506325347,1.0353163474618057,1.034803354267584,-0.0438489649204622,0.9987271382774412,0.0005698774178083545,0.9981572608596329,False,False,False,-1.0
2022-08-28,2022-08-29 00:00:00,-0.1152511970793,0.0,0.0,-0.1152511970793,0.0,0.0,0.0,0.1152511970793,0.1152511970793,-0.1152511970793,False,1.0,0.0,-0.0005444280145180391,6.274598039671052e-05,0.0,9.86739701021404e-08,6.264730642660838e-05,1.0332465358684568,1.0333112659808037,-0.045227644023068,0.9999247610779005,0.0005762559853965,0.9993485050925041,False,False,False,-1.0
2022-08-29,2022-08-30 00:00:00,-0.13438944298230948,0.08899544265073901,0.0,-0.13438944298230948,0.08899544265073901,0.0,0.08899544265073901,0.13438944298230948,0.22338488563304848,-0.04539400033157047,True,1.0,0.0,0.003773087071240022,-0.00017127551576291383,0.0,1.9125418290500724e-07,-0.00017146676994581883,1.0324093212156382,1.0322322973240674,-0.0462246034875905,0.9993657830679767,0.0011169244281652425,0.9982488586398115,False,False,False,-1.0
2022-08-30,2022-08-31 00:00:00,-0.13397260925240467,0.0,0.0,-0.13397260925240467,0.0,0.0,0.0,0.13397260925240467,0.13397260925240467,-0.13397260925240467,False,1.0,0.0,0.001879847508873267,-0.0002518480757603845,0.0,1.1470257641473002e-07,-0.00025196277833679925,1.0356819216923525,1.0354209683978897,-0.043278293799677625,0.9986314520466135,0.0006698630462620233,0.9979615890003515,False,False,False,-1.0
2022-08-31,2022-09-01 00:00:00,-0.133108168424063,0.0,0.0,-0.133108168424063,0.0,0.0,0.0,0.133108168424063,0.133108168424063,-0.133108168424063,False,1.0,0.0,0.001142307075244542,-0.00015205040256364928,0.0,1.1396247296580735e-07,-0.0001521643650366151,1.0320804821718035,1.0319234363005672,-0.04650998890511704,0.9995770492438808,0.000665540842120315,0.9989115084017605,False,False,False,-1.0
2022-09-01,2022-09-02 00:00:00,-0.1332046708117394,0.0,0.0,-0.1332046708117394,0.0,0.0,0.0,0.1332046708117394,0.1332046708117394,-0.1332046708117394,False,1.0,0.0,0.00024092306089507076,-3.209207701748454e-05,0.0,1.1404509487306454e-07,-3.220612211235761e-05,1.0338781743732017,1.0338448771664686,-0.044734591033435356,0.999718863442644,0.000666023354058697,0.9990528400885853,False,False,False,-1.0
2022-09-02,2022-09-03 00:00:00,-0.13278623967251682,0.0,0.0,-0.13278623967251682,0.0,0.0,0.0,0.13278623967251682,0.13278623967251682,-0.13278623967251682,False,1.0,0.0,0.0027275346151725,-0.0003621790651253815,0.0,1.1368684903468904e-07,-0.0003622927519744162,1.0254920482511134,1.0251205199148246,-0.05279583588943726,0.9994407469474406,0.0006639311983625842,0.998776815749078,False,False,False,-1.0
2022-09-03,2022-09-04 00:00:00,-0.1333784512064291,0.0,0.0,-0.1333784512064291,0.0,0.0,0.0,0.1333784512064291,0.1333784512064291,-0.1333784512064291,False,1.0,0.0,-0.0003034587844861214,4.047486267974443e-05,0.0,1.1419387945755916e-07,4.036066880028687e-05,1.0325318649899662,1.0325735386665946,-0.04590929888259121,0.9999223807499252,0.0006668922560321456,0.9992554884938931,False,False,False,-1.0
2022-09-04,2022-09-05 00:00:00,-0.12819497275539365,0.0,0.0,-0.12819497275539365,0.0,0.0,0.0,0.12819497275539365,0.12819497275539365,-0.12819497275539365,False,1.0,0.0,0.00437690282632075,-0.0005610969385731941,0.0,1.0975596982482333e-07,-0.0005612066945430189,1.0320729134331197,1.0314937072048445,-0.046907055572889766,0.9993059453538242,0.0006409748637769682,0.9986649704900472,False,False,False,-1.0
2022-09-05,2022-09-06 00:00:00,-0.12527936100144596,0.0,0.0,-0.12527936100144596,0.0,0.0,0.0,0.12527936100144596,0.12527936100144596,-0.12527936100144596,False,1.0,0.0,0.0018534288433602608,-0.00023219638115782256,0.0,1.0725972688479961e-07,-0.00023230364088470737,1.0284561868230155,1.0282172727063261,-0.04993445804912733,0.9995708001034713,0.0006263968050072298,0.9989444032984641,False,False,False,-1.0
2022-09-06,2022-09-07 00:00:00,-0.12670081286608978,0.0,0.0,-0.12670081286608978,0.0,0.0,0.0,0.12670081286608978,0.12670081286608978,-0.12670081286608978,False,1.0,0.0,0.0021129973347420172,-0.0002677184798956948,0.0,1.0847672334425494e-07,-0.00026782695661903906,1.0228651860902982,1.022591235220476,-0.055132877191573226,0.9994332714450883,0.0006335040643304489,0.9987997673807578,False,False,False,-1.0
2022-09-07,2022-09-08 00:00:00,0.0,0.0,0.0,0.0,0.0,0.0,0.0,0.0,0.0,0.0,False,1.0,0.0,0.0027929695111654773,0.0,0.0,0.0,0.0,1.0228305570204281,1.0228305570204281,-0.05491174552844358,1.0,0.0,1.0,False,False,False,0.0
2022-09-08,2022-09-09 00:00:00,0.0,0.0,0.0,0.0,0.0,0.0,0.0,0.0,0.0,0.0,False,1.0,0.0,-0.0026500685468078267,-0.0,0.0,0.0,-0.0,1.0228305570204281,1.0228305570204281,-0.05491174552844358,1.0,0.0,1.0,False,False,False,0.0
2022-09-09,2022-09-10 00:00:00,0.0,0.0,0.0,0.0,0.0,0.0,0.0,0.0,0.0,0.0,False,1.0,0.0,-0.005225240864508374,-0.0,0.0,0.0,-0.0,1.0228305570204281,1.0228305570204281,-0.05491174552844358,1.0,0.0,1.0,False,False,False,0.0
2022-09-10,2022-09-11 00:00:00,0.0,0.0,0.0,0.0,0.0,0.0,0.0,0.0,0.0,0.0,False,1.0,0.0,0.0001748954999387653,0.0,0.0,0.0,0.0,1.0228305570204281,1.0228305570204281,-0.05491174552844358,1.0,0.0,1.0,False,False,False,0.0
2022-09-11,2022-09-12 00:00:00,0.0,0.0,0.0,0.0,0.0,0.0,0.0,0.0,0.0,0.0,False,1.0,0.0,-0.002577566709344059,-0.0,0.0,0.0,-0.0,1.0228305570204281,1.0228305570204281,-0.05491174552844358,1.0,0.0,1.0,False,False,False,0.0
2022-09-12,2022-09-13 00:00:00,0.0,0.0,0.0,0.0,0.0,0.0,0.0,0.0,0.0,0.0,False,1.0,0.0,-0.00800102338671227,-0.0,0.0,0.0,-0.0,1.0228305570204281,1.0228305570204281,-0.05491174552844358,1.0,0.0,1.0,False,False,False,0.0
2022-09-13,2022-09-14 00:00:00,0.0,0.0,0.0,0.0,0.0,0.0,0.0,0.0,0.0,0.0,False,1.0,0.0,0.0013444575679137927,0.0,0.0,0.0,0.0,1.0228305570204281,1.0228305570204281,-0.05491174552844358,1.0,0.0,1.0,False,False,False,0.0
2022-09-14,2022-09-15 00:00:00,0.0,0.0,0.0,0.0,0.0,0.0,0.0,0.0,0.0,0.0,False,1.0,0.0,-0.002514889144687449,-0.0,0.0,0.0,-0.0,1.0228305570204281,1.0228305570204281,-0.05491174552844358,1.0,0.0,1.0,False,False,False,0.0
2022-09-15,2022-09-16 00:00:00,0.0,0.0,0.0,0.0,0.0,0.0,0.0,0.0,0.0,0.0,False,1.0,0.0,0.0009782900026800156,0.0,0.0,0.0,0.0,1.0228305570204281,1.0228305570204281,-0.05491174552844358,1.0,0.0,1.0,False,False,False,0.0
2022-09-16,2022-09-17 00:00:00,0.0,0.0,0.0,0.0,0.0,0.0,0.0,0.0,0.0,0.0,False,1.0,0.0,0.006782858371420675,0.0,0.0,0.0,0.0,1.0228305570204281,1.0228305570204281,-0.05491174552844358,1.0,0.0,1.0,False,False,False,0.0
2022-09-17,2022-09-18 00:00:00,-0.11942601066827302,0.0,0.0,-0.11942601066827302,0.0,0.0,0.0,0.11942601066827302,0.11942601066827302,-0.11942601066827302,False,1.0,0.0,-0.0009825289742260157,0.0001173395157578035,0.0,1.0224829680502827e-07,0.00011723726746099847,1.0222822472679733,1.0224020968452168,-0.05530763972257158,0.999662753227554,0.0005971300533413651,0.9990656231742127,False,False,False,-1.0
2022-09-18,2022-09-19 00:00:00,-0.11950353420388798,0.0,0.0,-0.11950353420388798,0.0,0.0,0.0,0.11950353420388798,0.11950353420388798,-0.11950353420388798,False,1.0,0.0,-0.003144012660453721,0.0003757206245059881,0.0,1.0231466969510957e-07,0.000375618309836293,1.0242083920925151,1.024593103517673,-0.053283164937970695,0.9999998976853303,0.00059751767101944,0.9994023800143108,False,False,False,-1.0
2022-09-19,2022-09-20 00:00:00,-0.12047730134207685,0.0,0.0,-0.12047730134207685,0.0,0.0,0.0,0.12047730134207685,0.12047730134207685,-0.12047730134207685,False,1.0,0.0,-0.002883129235524806,0.0003473516297164737,0.0,1.0314837443670962e-07,0.000347248481342037,1.0307547237868335,1.0311126517993046,-0.04725914809262022,0.9995495930636169,0.0006023865067103843,0.9989472065569065,False,False,False,-1.0
2022-09-20,2022-09-21 00:00:00,-0.13013720790384017,0.0,0.0,-0.13013720790384017,0.0,0.0,0.0,0.13013720790384017,0.13013720790384017,-0.13013720790384017,False,1.0,0.0,0.01777610241400196,-0.0023133323355709282,0.0,1.114188423834248e-07,-0.002313443754413312,1.0298884243111197,1.0275058353681545,-0.050591821155346106,0.9971767574356688,0.0006506860395192009,0.9965260713961496,False,False,False,-1.0
2022-09-21,2022-09-22 00:00:00,-0.12838600195265112,0.0,0.0,-0.12838600195265112,0.0,0.0,0.0,0.12838600195265112,0.12838600195265112,-0.12838600195265112,False,1.0,0.0,-0.0033244532832686913,0.00042681326571723165,0.0,1.0991952221973555e-07,0.0004267033461950119,1.0302584668110013,1.0306980815462354,-0.04764220809619535,0.9998226863585504,0.0006419300097632556,0.9991807563487872,False,False,False,-1.0
2022-09-22,2022-09-23 00:00:00,-0.1271036412923652,0.0,0.0,-0.1271036412923652,0.0,0.0,0.0,0.1271036412923652,0.1271036412923652,-0.1271036412923652,False,1.0,0.0,0.0041459697225754155,-0.0005269678484272325,0.0,1.0882161069551815e-07,-0.000527076670037928,1.037742318043161,1.0371953482778093,-0.04163877924668291,0.9992159637695861,0.000635518206461826,0.9985804455631243,False,False,False,-1.0
2022-09-23,2022-09-24 00:00:00,-0.12688706908062036,0.0,0.0,-0.12688706908062036,0.0,0.0,0.0,0.12688706908062036,0.12688706908062036,-0.12688706908062036,False,1.0,0.0,0.00048703934195581944,-6.179899462772795e-05,0.0,1.0863618928135305e-07,-6.190763081700931e-05,1.0346983947384865,1.034634339012258,-0.04400513382990534,0.999641849569539,0.0006344353454031019,0.999007414224136,False,False,False,-1.0
2022-09-24,2022-09-25 00:00:00,-0.1259187586176156,0.0,0.0,-0.1259187586176156,0.0,0.0,0.0,0.1259187586176156,0.1259187586176156,-0.1259187586176156,False,1.0,0.0,0.003925769982843441,-0.0004943280828579442,0.0,1.0780715635069827e-07,-0.0004944358900142949,1.030478099241052,1.0299685938849135,-0.04831624957429281,0.999397076076534,0.000629593793088078,0.998767482283446,False,False,False,-1.0
2022-09-25,2022-09-26 00:00:00,-0.12652557853225477,0.0,0.0,-0.12652557853225477,0.0,0.0,0.0,0.12652557853225477,0.12652557853225477,-0.12652557853225477,False,1.0,0.0,-0.0008839981100731142,0.00011184837229842061,0.0,1.0832669394884825e-07,0.00011174004560447176,1.0326563364858707,1.0327717255520035,-0.04572617559173464,0.9998166917531621,0.0006326278926612739,0.9991840638605008,False,False,False,-1.0
2022-09-26,2022-09-27 00:00:00,-0.12471203674526128,0.0,0.0,-0.12471203674526128,0.0,0.0,0.0,0.12471203674526128,0.12471203674526128,-0.12471203674526128,False,1.0,0.0,0.006404412435044193,-0.0007987073189310397,0.0,1.0677400406272369e-07,-0.0007988140929351024,1.032118832463688,1.0312943613947323,-0.0470912497020366,0.9990315908773038,0.0006235601837263064,0.9984080306935774,False,False,False,-1.0
2022-09-27,2022-09-28 00:00:00,-0.12860651384229072,0.0,0.0,-0.12860651384229072,0.0,0.0,0.0,0.12860651384229072,0.12860651384229072,-0.12860651384229072,False,1.0,0.0,-0.0050853878883254655,0.0006540140078533465,0.0,1.1010831664579685e-07,0.0006539038995367007,1.0264917641943785,1.0271629911618276,-0.05090860679524434,0.9995838695199256,0.0006430325692114536,0.9989408369507141,False,False,False,-1.0
2022-09-28,2022-09-29 00:00:00,-0.1364454945265323,0.1116179471419786,0.0,-0.1364454945265323,0.1116179471419786,0.0,0.1116179471419786,0.1364454945265323,0.2480634416685109,-0.024827547384553686,True,1.0,0.0,0.005587393631881321,-0.00013872128015168702,0.0,2.1238308362030043e-07,-0.00013893366323530732,1.0335306514873839,1.0333870592879069,-0.04515761153936959,0.9991034902461837,0.0012403172083425545,0.9978631730378412,False,False,False,-1.0
2022-09-29,2022-09-30 00:00:00,-0.1350730562855019,0.1116179471419786,0.0,-0.1350730562855019,0.1116179471419786,0.0,0.1116179471419786,0.1350730562855019,0.24669100342748052,-0.023455109143523292,True,1.0,0.0,-0.0012419835606540808,2.9130859969603145e-05,0.0,2.112080508796922e-07,2.8919651918723454e-05,1.0334007734284119,1.033430659019072,-0.04511732569384075,0.9994751000842765,0.0012334550171374027,0.9982416450671391,False,False,False,-1.0
2022-09-30,2022-10-01 00:00:00,-0.1354544198996416,0.0,0.0,-0.1354544198996416,0.0,0.0,0.0,0.1354544198996416,0.1354544198996416,-0.1354544198996416,False,1.0,0.0,-0.0033847311019179482,0.0004584767879265704,0.0,1.1597124991407672e-07,0.0004583608166766563,1.033890859078148,1.0343647541366694,-0.044254228362478054,0.9997841302461964,0.000677272099498208,0.9991068581466982,False,False,False,-1.0
2022-10-01,2022-10-02 00:00:00,-0.13551231384845966,0.0,0.0,-0.13551231384845966,0.0,0.0,0.0,0.13551231384845966,0.13551231384845966,-0.13551231384845966,False,1.0,0.0,-0.00037779188200803837,5.119545208407353e-05,0.0,1.1602081665107846e-07,5.107943126742245e-05,1.037251185989389,1.0373041681900506,-0.04153823041168192,0.9999118278015988,0.0006775615692422983,0.9992342662323566,False,False,False,-1.0
2022-10-02,2022-10-03 00:00:00,-0.13588470051166043,0.0,0.0,-0.13588470051166043,0.0,0.0,0.0,0.13588470051166043,0.13588470051166043,-0.13588470051166043,False,1.0,0.0,0.002130577270226919,-0.00028951285428173586,0.0,1.1633964084902435e-07,-0.0002896291939225849,1.040739925024841,1.040438496359273,-0.038642133186135075,0.9995745629580689,0.0006794235025583022,0.9988951394555106,False,False,False,-1.0
2022-10-03,2022-10-04 00:00:00,-0.13564238363355874,0.0,0.0,-0.13564238363355874,0.0,0.0,0.0,0.13564238363355874,0.13564238363355874,-0.13564238363355874,False,1.0,0.0,-0.00015162657407341573,2.056698992950847e-05,0.0,1.1613217776845782e-07,2.045085775174001e-05,1.0376043483514186,1.0376255682503492,-0.04124125901217701,0.9997972990170166,0.0006782119181677937,0.9991190870988489,False,False,False,-1.0
2022-10-04,2022-10-05 00:00:00,-0.14313539339059558,0.0,0.0,-0.14313539339059558,0.0,0.0,0.0,0.14313539339059558,0.14313539339059558,-0.14313539339059558,False,1.0,0.0,-6.647561083705789e-05,9.515012708042419e-06,0.0,1.2254742584811265e-07,9.392465282194306e-06,1.033691050366549,1.033700759273852,-0.04486775495451312,0.999905784549128,0.0007156769669529779,0.9991901075821751,False,False,False,-1.0
2022-10-05,2022-10-06 00:00:00,-0.14622002165165138,0.0,0.0,-0.14622002165165138,0.0,0.0,0.0,0.14622002165165138,0.14622002165165138,-0.14622002165165138,False,1.0,0.0,0.0013702755609095174,-0.00020036172218491837,0.0,1.2518837470175632e-07,-0.00020048691055962013,1.0365234661407603,1.0363156567533112,-0.0424516080399322,0.9997213500000166,0.0007311001082582569,0.9989902498917583,False,False,False,-1.0
2022-10-06,2022-10-07 00:00:00,-0.14470546263658485,0.0,0.0,-0.14470546263658485,0.0,0.0,0.0,0.14470546263658485,0.14470546263658485,-0.14470546263658485,False,1.0,0.0,-0.0017817208637311843,0.00025782474187547655,0.0,1.2389166321625413e-07,0.0002577008502122603,1.0324560673640548,1.0327221321704214,-0.04577199952817368,0.999411017129979,0.0007235273131829242,0.9986874898167961,False,False,False,-1.0
2022-10-07,2022-10-08 00:00:00,-0.14616566340753104,0.0,0.0,-0.14616566340753104,0.0,0.0,0.0,0.14616566340753104,0.14616566340753104,-0.14616566340753104,False,1.0,0.0,-0.0006515975374107308,9.5241186330353e-05,0.0,1.2514183510918753e-07,9.511604449524381e-05,1.0356055015851042,1.0357040042840726,-0.04301677062774123,0.999986738142809,0.0007308283170376552,0.9992559098257714,False,False,False,-1.0
2022-10-08,2022-10-09 00:00:00,-0.14911332345804185,0.0,0.0,-0.14911332345804185,0.0,0.0,0.0,0.14911332345804185,0.14911332345804185,-0.14911332345804185,False,1.0,0.0,0.00040029002144947867,-5.9688575445422624e-05,0.0,1.276655166592824e-07,-5.98162409620819e-05,1.0368668916456454,1.036804870165809,-0.041999578281035954,0.9998230590072205,0.0007455666172902092,0.9990774923899303,False,False,False,-1.0
2022-10-09,2022-10-10 00:00:00,-0.16045279807879453,0.0,0.0,-0.16045279807879453,0.0,0.0,0.0,0.16045279807879453,0.16045279807879453,-0.16045279807879453,False,1.0,0.0,0.001586114698751473,-0.0002544965414885781,0.0,1.3737397095787202e-07,-0.00025463391545953596,1.0368347533884203,1.0365707400954804,-0.04221591282243908,0.999699314329414,0.0008022639903939727,0.99889705033902,False,False,False,-1.0
2022-10-10,2022-10-11 00:00:00,-0.17033509619619963,0.0,0.0,-0.17033509619619963,0.0,0.0,0.0,0.17033509619619963,0.17033509619619963,-0.17033509619619963,False,1.0,0.0,0.0005353646598140749,-9.119139082947614e-05,0.0,1.4583484263373257e-07,-9.133722567210987e-05,1.0389830017402697,1.0388881039153703,-0.04007468492062982,0.9995465026793194,0.0008516754809809982,0.9986948271983385,False,False,False,-1.0
2022-10-11,2022-10-12 00:00:00,-0.1825876639723592,0.0,0.0,-0.1825876639723592,0.0,0.0,0.0,0.1825876639723592,0.1825876639723592,-0.1825876639723592,False,1.0,0.0,0.0012463712018577766,-0.0002275720061896332,0.0,1.563250547708555e-07,-0.00022772833124440404,1.0371820125459978,1.036945816817084,-0.04186934456469571,0.9991475087697752,0.0009129383198617961,0.9982345704499134,False,False,False,-1.0
2022-10-12,2022-10-13 00:00:00,-0.1826770009090591,0.0,0.0,-0.1826770009090591,0.0,0.0,0.0,0.1826770009090591,0.1826770009090591,-0.1826770009090591,False,1.0,0.0,0.0009475606092121946,-0.0001730975302704447,0.0,1.5640154187419444e-07,-0.0001732539318123189,1.0362095306493386,1.0360300032739722,-0.04271554984956938,0.999584690985208,0.0009133850045452956,0.9986713059806627,False,False,False,-1.0
2022-10-13,2022-10-14 00:00:00,-0.18891902518397197,0.0,0.0,-0.18891902518397197,0.0,0.0,0.0,0.18891902518397197,0.18891902518397197,-0.18891902518397197,False,1.0,0.0,-0.00035790126697032854,6.761435846814297e-05,0.0,1.6174574073970202e-07,6.745261272740327e-05,1.0421649391502006,1.0422352358982392,-0.03698195846514485,0.9996933198292036,0.0009445951259198598,0.9987487247032838,False,False,False,-1.0
2022-10-14,2022-10-15 00:00:00,-0.1909159402056728,0.0,0.0,-0.1909159402056728,0.0,0.0,0.0,0.1909159402056728,0.1909159402056728,-0.1909159402056728,False,1.0,0.0,-0.0013411669676671734,0.0002560501526049696,0.0,1.634554282582815e-07,0.0002558866971767113,1.0335090850049666,1.0337735462312307,-0.044800500316855785,0.9998339858775435,0.0009545797010283639,0.998879406176515,False,False,False,-1.0
2022-10-15,2022-10-16 00:00:00,-0.20467329127130815,0.0,0.0,-0.20467329127130815,0.0,0.0,0.0,0.20467329127130815,0.20467329127130815,-0.20467329127130815,False,1.0,0.0,-0.0004973461918045263,0.0001017934819778837,0.0,1.7523398225283233e-07,0.00010161824799563087,1.0374723788569715,1.0375778049824549,-0.041285391936415894,0.9999696048260556,0.0010233664563565408,0.998946238369699,False,False,False,-1.0
2022-10-16,2022-10-17 00:00:00,-0.19342539868462763,0.0,0.0,-0.19342539868462763,0.0,0.0,0.0,0.19342539868462763,0.19342539868462763,-0.19342539868462763,False,1.0,0.0,-0.0005594970742963667,0.00010822094465865747,0.0,1.6560393722998942e-07,0.00010805534072142748,1.0374301458518091,1.0375422457196937,-0.04131824844558307,0.9999848037093045,0.0009671269934231381,0.9990176767158814,False,False,False,-1.0
2022-10-17,2022-10-18 00:00:00,-0.2101117643282862,0.0,0.0,-0.2101117643282862,0.0,0.0,0.0,0.2101117643282862,0.2101117643282862,-0.2101117643282862,False,1.0,0.0,-0.0014726323302903799,0.0003094173771241872,0.0,1.7989020918517654e-07,0.00030923748691500205,1.029991842963724,1.030310355052785,-0.048000464654324504,0.9999998201097908,0.0010505588216414312,0.9989492612881494,False,False,False,-1.0
2022-10-18,2022-10-19 00:00:00,-0.21335793653673002,0.0,0.0,-0.21335793653673002,0.0,0.0,0.0,0.21335793653673002,0.21335793653673002,-0.21335793653673002,False,1.0,0.0,0.002890793933166602,-0.000616773828533324,0.0,1.8266946621295377e-07,-0.000616956497999537,1.034393147961461,1.03375497238734,-0.04481766241822338,0.9992865192158374,0.0010667896826836501,0.9982197295331537,False,False,False,-1.0
2022-10-19,2022-10-20 00:00:00,-0.20604635247518666,0.0,0.0,-0.20604635247518666,0.0,0.0,0.0,0.20604635247518666,0.20604635247518666,-0.20604635247518666,False,1.0,0.0,0.0036621863868222526,-0.0007545801470890081,0.0,1.7640954835204336e-07,-0.0007547565566373601,1.0349810922638931,1.0341999334985112,-0.044406521475104266,0.9985857784408647,0.0010302317623759334,0.9975555466784888,False,False,False,-1.0
2022-10-20,2022-10-21 00:00:00,-0.20645070140529267,0.0,0.0,-0.20645070140529267,0.0,0.0,0.0,0.20645070140529267,0.20645070140529267,-0.20645070140529267,False,1.0,0.0,-0.0025477120471480985,0.000525976939112439,0.0,1.767557375045314e-07,0.0005258001833749345,1.034370786839161,1.0349146591885587,-0.04374611995483613,0.9999618008149291,0.0010322535070264635,0.9989295473079026,False,False,False,-1.0
2022-10-21,2022-10-22 00:00:00,-0.22322886963898497,0.0,0.0,-0.22322886963898497,0.0,0.0,0.0,0.22322886963898497,0.22322886963898497,-0.22322886963898497,False,1.0,0.0,0.009295632219672445,-0.002075053472977209,0.0,1.911206075676241e-07,-0.0020752445935847763,1.037260389651923,1.0351078206361581,-0.04356764013323722,0.9978743984602091,0.0011161443481949248,0.9967582541120141,False,False,False,-1.0
2022-10-22,2022-10-23 00:00:00,-0.2284158514198512,0.0,0.0,-0.2284158514198512,0.0,0.0,0.0,0.2284158514198512,0.2284158514198512,-0.2284158514198512,False,1.0,0.0,0.0017965484953905708,-0.0004103601541916899,0.0,1.9556151662658495e-07,-0.00041055571570831645,1.0321433124033108,1.0317195600669735,-0.046698369113757465,0.9992938458681366,0.001142079257099256,0.9981517666110373,False,False,False,-1.0
2022-10-23,2022-10-24 00:00:00,-0.2324979315217782,0.0,0.0,-0.2324979315217782,0.0,0.0,0.0,0.2324979315217782,0.2324979315217782,-0.2324979315217782,False,1.0,0.0,-0.0004108525952188913,9.552237854874664e-05,0.0,1.9905644822070049e-07,9.532332210052593e-05,1.0319778906220483,1.0320762621829167,-0.04636877886265556,0.9999821116141909,0.001162489657608891,0.998819621956582,False,False,False,-1.0
2022-10-24,2022-10-25 00:00:00,-0.2573716635517115,0.0,0.0,-0.2573716635517115,0.0,0.0,0.0,0.2573716635517115,0.2573716635517115,-0.2573716635517115,False,1.0,0.0,0.003779940119760461,-0.0009728494767486054,0.0,2.2035245167098587e-07,-0.0009730698292002764,1.0274476291857275,1.0264478508966834,-0.0515693913799915,0.9988439188830947,0.0012868583177585574,0.9975570605653361,False,False,False,-1.0
2022-10-25,2022-10-26 00:00:00,-0.2602842574893558,0.0,0.0,-0.2602842574893558,0.0,0.0,0.0,0.2602842574893558,0.2602842574893558,-0.2602842574893558,False,1.0,0.0,0.009841192419699496,-0.00256150746177136,0.0,2.228461108641745e-07,-0.0025617303078822244,1.0160351382707817,1.0134323302632002,-0.06359564107707749,0.9955451439149776,0.001301421287446779,0.9942437226275308,False,False,False,-1.0
2022-10-26,2022-10-27 00:00:00,0.0,0.0,0.0,0.0,0.0,0.0,0.0,0.0,0.0,0.0,False,1.0,0.0,-0.006513914938916177,-0.0,0.0,0.0,-0.0,1.0132627465447235,1.0132627465447235,-0.06375233524248147,1.0,0.0,1.0,False,False,False,0.0
2022-10-27,2022-10-28 00:00:00,0.0,0.0,0.0,0.0,0.0,0.0,0.0,0.0,0.0,0.0,False,1.0,0.0,-0.001009231883964179,-0.0,0.0,0.0,-0.0,1.0132627465447235,1.0132627465447235,-0.06375233524248147,1.0,0.0,1.0,False,False,False,0.0
2022-10-28,2022-10-29 00:00:00,0.0,0.0,0.0,0.0,0.0,0.0,0.0,0.0,0.0,0.0,False,1.0,0.0,0.0005140083542622964,0.0,0.0,0.0,0.0,1.0132627465447235,1.0132627465447235,-0.06375233524248147,1.0,0.0,1.0,False,False,False,0.0
2022-10-29,2022-10-30 00:00:00,0.0,0.0,0.0,0.0,0.0,0.0,0.0,0.0,0.0,0.0,False,1.0,0.0,0.0006617809260029972,0.0,0.0,0.0,0.0,1.0132627465447235,1.0132627465447235,-0.06375233524248147,1.0,0.0,1.0,False,False,False,0.0
2022-10-30,2022-10-31 00:00:00,0.0,0.0,0.0,0.0,0.0,0.0,0.0,0.0,0.0,0.0,False,1.0,0.0,-0.003146095638795532,-0.0,0.0,0.0,-0.0,1.0132627465447235,1.0132627465447235,-0.06375233524248147,1.0,0.0,1.0,False,False,False,0.0
2022-10-31,2022-11-01 00:00:00,0.0,0.0,0.0,0.0,0.0,0.0,0.0,0.0,0.0,0.0,False,1.0,0.0,0.0008992346938776485,0.0,0.0,0.0,0.0,1.0132627465447235,1.0132627465447235,-0.06375233524248147,1.0,0.0,1.0,False,False,False,0.0
2022-11-01,2022-11-02 00:00:00,0.0,0.0,0.0,0.0,0.0,0.0,0.0,0.0,0.0,0.0,False,1.0,0.0,0.0035507107796264314,0.0,0.0,0.0,0.0,1.0132627465447235,1.0132627465447235,-0.06375233524248147,1.0,0.0,1.0,False,False,False,0.0
2022-11-02,2022-11-03 00:00:00,0.0,0.0,0.0,0.0,0.0,0.0,0.0,0.0,0.0,0.0,False,1.0,0.0,-0.001467205709928976,-0.0,0.0,0.0,-0.0,1.0132627465447235,1.0132627465447235,-0.06375233524248147,1.0,0.0,1.0,False,False,False,0.0
2022-11-03,2022-11-04 00:00:00,0.0,0.0,0.0,0.0,0.0,0.0,0.0,0.0,0.0,0.0,False,1.0,0.0,0.00027875016206402314,0.0,0.0,0.0,0.0,1.0132627465447235,1.0132627465447235,-0.06375233524248147,1.0,0.0,1.0,False,False,False,0.0
2022-11-04,2022-11-05 00:00:00,0.0,0.0,0.0,0.0,0.0,0.0,0.0,0.0,0.0,0.0,False,1.0,0.0,-0.006253094456567632,-0.0,0.0,0.0,-0.0,1.0132627465447235,1.0132627465447235,-0.06375233524248147,1.0,0.0,1.0,False,False,False,0.0
2022-11-05,2022-11-06 00:00:00,0.0,0.0,0.0,0.0,0.0,0.0,0.0,0.0,0.0,0.0,False,1.0,0.0,-0.0009526659379178737,-0.0,0.0,0.0,-0.0,1.0132627465447235,1.0132627465447235,-0.06375233524248147,1.0,0.0,1.0,False,False,False,0.0
2022-11-06,2022-11-07 00:00:00,0.0,0.0,0.0,0.0,0.0,0.0,0.0,0.0,0.0,0.0,False,1.0,0.0,-0.0038956816215850454,-0.0,0.0,0.0,-0.0,1.0132627465447235,1.0132627465447235,-0.06375233524248147,1.0,0.0,1.0,False,False,False,0.0
2022-11-07,2022-11-08 00:00:00,0.0,0.0,0.0,0.0,0.0,0.0,0.0,0.0,0.0,0.0,False,1.0,0.0,0.00624450919295394,0.0,0.0,0.0,0.0,1.0132627465447235,1.0132627465447235,-0.06375233524248147,1.0,0.0,1.0,False,False,False,0.0
2022-11-08,2022-11-09 00:00:00,0.0,0.0,0.0,0.0,0.0,0.0,0.0,0.0,0.0,0.0,False,1.0,0.0,0.013639482420453763,0.0,0.0,0.0,0.0,1.0132627465447235,1.0132627465447235,-0.06375233524248147,1.0,0.0,1.0,False,False,False,0.0
2022-11-09,2022-11-10 00:00:00,-0.17590623697945035,0.0,0.0,-0.17590623697945035,0.0,0.0,0.0,0.17590623697945035,0.17590623697945035,-0.17590623697945035,False,1.0,0.0,-0.005190696083461788,0.000913075815345734,0.0,1.5060465494815953e-07,0.0009129252106907859,1.062505273493505,1.0634752613441691,-0.0173563240569381,0.9981210492415282,0.0008795311848972517,0.997241518056631,False,False,False,-1.0
2022-11-10,2022-11-11 00:00:00,-0.15419712134536054,0.0,0.0,-0.15419712134536054,0.0,0.0,0.0,0.15419712134536054,0.15419712134536054,-0.15419712134536054,False,1.0,0.0,0.005928432089734148,-0.0009141471623284658,0.0,1.320180833436306e-07,-0.0009142791804118095,1.042352776094172,1.0413997746523447,-0.03775391879145851,0.9988624715125928,0.0007709856067268027,0.9980914859058659,False,False,False,-1.0
2022-11-11,2022-11-12 00:00:00,-0.0974134473056244,0.0,0.0,-0.0974134473056244,0.0,0.0,0.0,0.0974134473056244,0.0974134473056244,-0.0974134473056244,False,1.0,0.0,0.00042890161473518873,-4.1780784846303524e-05,0.0,8.340192406303459e-08,-4.186418677036656e-05,1.045162943016733,1.0451191881200812,-0.034317206857351845,0.9992447675978909,0.000487067236528122,0.9987577003613628,False,False,False,-1.0
2022-11-12,2022-11-13 00:00:00,-0.08939047410907888,0.0,0.0,-0.08939047410907888,0.0,0.0,0.0,0.08939047410907888,0.08939047410907888,-0.08939047410907888,False,1.0,0.0,0.0014776621498413522,-0.00013208892014735923,0.0,7.65329401618826e-08,-0.00013216545308752112,1.0441759941544584,1.044037990161088,-0.03531622618151031,0.999761039249772,0.0004469523705453944,0.9993140868792266,False,False,False,-1.0
2022-11-13,2022-11-14 00:00:00,-0.08847488570979783,0.0,0.0,-0.08847488570979783,0.0,0.0,0.0,0.08847488570979783,0.08847488570979783,-0.08847488570979783,False,1.0,0.0,-0.0018631930267974939,0.00016484579010120055,0.0,7.574904598441595e-08,0.00016477004105521615,1.0469132733174489,1.0470857732604746,-0.032500095992949896,0.9997755906322511,0.0004423744285489892,0.9993332162037021,False,False,False,-1.0
2022-11-14,2022-11-15 00:00:00,-0.08887794175312014,0.0,0.0,-0.08887794175312014,0.0,0.0,0.0,0.08887794175312014,0.08887794175312014,-0.08887794175312014,False,1.0,0.0,0.0008034968181525048,-7.141314340257569e-05,0.0,7.609412821328779e-08,-7.148923753078898e-05,1.0459661308359702,1.0458913555147937,-0.03360372960521085,0.9997542626925668,0.0004443897087656007,0.9993098729838013,False,False,False,-1.0
2022-11-15,2022-11-16 00:00:00,-0.0891997400999254,0.0,0.0,-0.0891997400999254,0.0,0.0,0.0,0.0891997400999254,0.0891997400999254,-0.0891997400999254,False,1.0,0.0,-0.008338301277022953,0.0007437743067853235,0.0,7.636964049651148e-08,0.000743697937144827,1.0436524015927502,1.044428563730911,-0.034955338944799186,0.9999887285326092,0.000445998700499627,0.9995427298321096,False,False,False,-1.0
2022-11-16,2022-11-17 00:00:00,-0.08926074660162729,0.0,0.0,-0.08926074660162729,0.0,0.0,0.0,0.08926074660162729,0.08926074660162729,-0.08926074660162729,False,1.0,0.0,-0.00949874208092183,0.0008478648099193774,0.0,7.642187209043433e-08,0.0008477883880472869,1.048911026197518,1.049800280785623,-0.029991910095409136,0.9997434889415614,0.00044630373300813645,0.9992971852085533,False,False,False,-1.0
2022-11-17,2022-11-18 00:00:00,-0.08915478850414253,0.10140166099213999,0.0,-0.08915478850414253,0.10140166099213999,0.0,0.10140166099213999,0.08915478850414253,0.19055644949628253,0.012246872487997454,True,1.0,0.0,-0.014823072794087344,-0.00018153628238949185,0.0,1.6314764511668025e-07,-0.00018169943003460855,1.0480072574088275,1.0478168350874841,-0.031824599996807645,0.9978411950571702,0.0009527822474814126,0.9968884128096888,False,False,False,-1.0
2022-11-18,2022-11-19 00:00:00,-0.08833635165638097,0.10140166099213999,0.0,-0.08833635165638097,0.10140166099213999,0.0,0.10140166099213999,0.08833635165638097,0.18973801264852097,0.013065309335759015,True,1.0,0.0,-0.0013848817080206466,-1.8093907908724043e-05,0.0,1.6244692863743234e-07,-1.8256354837361475e-05,1.0480265367677744,1.0480074036234401,-0.03164851600736518,0.9996839134714889,0.0009486900632426049,0.9987352234082463,False,False,False,-1.0
2022-11-19,2022-11-20 00:00:00,-0.08839857910142589,0.10140166099213999,0.0,-0.08839857910142589,0.10140166099213999,0.0,0.10140166099213999,0.08839857910142589,0.1898002400935659,0.0130030818907141,True,1.0,0.0,0.00013228606862347725,1.7201265833116997e-06,0.0,1.6250020555955982e-07,1.5576263777521398e-06,1.0479709370376358,1.0479725693848103,-0.03168070259932465,0.999881799878903,0.0009490012004678295,0.9989327986784352,False,False,False,-1.0
2022-11-20,2022-11-21 00:00:00,-0.08826128789922487,0.0,0.0,-0.08826128789922487,0.0,0.0,0.0,0.08826128789922487,0.08826128789922487,-0.08826128789922487,False,1.0,0.0,-0.0006960714406980539,6.143616182587917e-05,0.0,7.556617114659663e-08,6.136059565473256e-05,1.046531212975233,1.0465954287538326,-0.03295317087489513,0.9999279991712035,0.00044130643949612437,0.9994866927317073,False,False,False,-1.0
2022-11-21,2022-11-22 00:00:00,-0.08826151838838106,0.0,0.0,-0.08826151838838106,0.0,0.0,0.0,0.08826151838838106,0.08826151838838106,-0.08826151838838106,False,1.0,0.0,-0.0004065795172309983,3.588532553642285e-05,0.0,7.556636848320296e-08,3.580975916793965e-05,1.0501717018263077,1.0502093082220352,-0.029613971615514822,0.9998267387321297,0.0004413075919419053,0.9993854311401877,False,False,False,-1.0
2022-11-22,2022-11-23 00:00:00,-0.0880148798842174,0.0,0.0,-0.0880148798842174,0.0,0.0,0.0,0.0880148798842174,0.0880148798842174,-0.0880148798842174,False,1.0,0.0,0.0041752914742672065,-0.00036748777758922516,0.0,7.535520538032312e-08,-0.0003675631327946055,1.050130969681384,1.0497449802523233,-0.030043007399971233,0.9990485050172225,0.000440074399421087,0.9986084306178015,False,False,False,-1.0
2022-11-23,2022-11-24 00:00:00,-0.08761904748148698,0.0,0.0,-0.08761904748148698,0.0,0.0,0.0,0.08761904748148698,0.08761904748148698,-0.08761904748148698,False,1.0,0.0,-0.002036309897153421,0.00017841953356570746,0.0,7.50163077752457e-08,0.00017834451725793222,1.0473843692749512,1.0475711645346728,-0.03205159786301126,0.9999961608585115,0.0004380952374074349,0.999558065621104,False,False,False,-1.0
2022-11-24,2022-11-25 00:00:00,-0.08759233666748564,0.0,0.0,-0.08759233666748564,0.0,0.0,0.0,0.08759233666748564,0.08759233666748564,-0.08759233666748564,False,1.0,0.0,-0.0008440158440994328,7.392931996904959e-05,0.0,7.49934389276418e-08,7.385432653012195e-05,1.0447787053293243,1.0448558667569794,-0.03456051394835613,0.9999523467313335,0.0004379616833374282,0.9995143850479961,False,False,False,-1.0
2022-11-25,2022-11-26 00:00:00,-0.08753975286645661,0.0,0.0,-0.08753975286645661,0.0,0.0,0.0,0.08753975286645661,0.08753975286645661,-0.08753975286645661,False,1.0,0.0,0.001287922152261034,-0.00011274438692016582,0.0,7.494841855004846e-08,-0.00011281933533871587,1.0454145569156315,1.045296613940167,-0.03415326664511231,0.9998297031340745,0.00043769876433228305,0.9993920043697422,False,False,False,-1.0
2022-11-26,2022-11-27 00:00:00,-0.08825338355563243,0.0,0.0,-0.08825338355563243,0.0,0.0,0.0,0.08825338355563243,0.08825338355563243,-0.08825338355563243,False,1.0,0.0,0.0005535040108388678,-4.884860176814353e-05,0.0,7.555940372913734e-08,-4.892416117187267e-05,1.0436545560577295,1.0436034961340213,-0.03571769561239524,0.9998584822205512,0.00044126691777816217,0.999417215302773,False,False,False,-1.0
2022-11-27,2022-11-28 00:00:00,-0.09435650836445417,0.0,0.0,-0.09435650836445417,0.0,0.0,0.0,0.09435650836445417,0.09435650836445417,-0.09435650836445417,False,1.0,0.0,0.0017601289664588293,-0.00016607962354619059,0.0,8.078468181888199e-08,-0.00016616040822800947,1.043206112501809,1.0430327729482898,-0.03624503982956517,0.9996801771363414,0.0004717825418222708,0.9992083945945192,False,False,False,-1.0
2022-11-28,2022-11-29 00:00:00,-0.09401646740301489,0.0,0.0,-0.09401646740301489,0.0,0.0,0.0,0.09401646740301489,0.09401646740301489,-0.09401646740301489,False,1.0,0.0,0.002170224859409098,-0.00020403687475184802,0.0,8.049355085874561e-08,-0.00020411736830270677,1.0476847667111733,1.0474709160537814,-0.03214422675561601,0.9996477129964609,0.00047008233701507446,0.9991776306594459,False,False,False,-1.0
2022-11-29,2022-11-30 00:00:00,-0.09393071457217109,0.0,0.0,-0.09393071457217109,0.0,0.0,0.0,0.09393071457217109,0.09393071457217109,-0.09393071457217109,False,1.0,0.0,-0.0009256274845247381,8.694485104904988e-05,0.0,8.042013233918757e-08,8.68644309167107e-05,1.0435999136608283,1.0436905653734332,-0.035637244246400024,0.9998469897972189,0.00046965357286085543,0.999377336224358,False,False,False,-1.0
2022-11-30,2022-12-01 00:00:00,-0.09577290956222388,0.0,0.0,-0.09577290956222388,0.0,0.0,0.0,0.09577290956222388,0.09577290956222388,-0.09577290956222388,False,1.0,0.0,0.0011775584234943182,-0.00011277819639755627,0.0,8.199735407724647e-08,-0.00011286019375163351,1.0389890384964897,1.0388717779922991,-0.040089769958940424,0.999850808575194,0.0004788645478111194,0.9993719440273829,False,False,False,-1.0
2022-12-01,2022-12-02 00:00:00,0.0,0.0,0.0,0.0,0.0,0.0,0.0,0.0,0.0,0.0,False,1.0,0.0,0.0021832340237712966,0.0,0.0,0.0,0.0,1.0385156544241805,1.0385156544241805,-0.040418825635913924,1.0,0.0,1.0,False,False,False,0.0
2022-12-02,2022-12-03 00:00:00,0.0,0.0,0.0,0.0,0.0,0.0,0.0,0.0,0.0,0.0,False,1.0,0.0,-0.0018419799723703445,-0.0,0.0,0.0,-0.0,1.0385156544241805,1.0385156544241805,-0.040418825635913924,1.0,0.0,1.0,False,False,False,0.0
2022-12-03,2022-12-04 00:00:00,0.0,0.0,0.0,0.0,0.0,0.0,0.0,0.0,0.0,0.0,False,1.0,0.0,-0.0011863887426636355,-0.0,0.0,0.0,-0.0,1.0385156544241805,1.0385156544241805,-0.040418825635913924,1.0,0.0,1.0,False,False,False,0.0
2022-12-04,2022-12-05 00:00:00,0.0,0.0,0.0,0.0,0.0,0.0,0.0,0.0,0.0,0.0,False,1.0,0.0,0.0012635292995755165,0.0,0.0,0.0,0.0,1.0385156544241805,1.0385156544241805,-0.040418825635913924,1.0,0.0,1.0,False,False,False,0.0
2022-12-05,2022-12-06 00:00:00,0.0,0.0,0.0,0.0,0.0,0.0,0.0,0.0,0.0,0.0,False,1.0,0.0,0.0004501445200826293,0.0,0.0,0.0,0.0,1.0385156544241805,1.0385156544241805,-0.040418825635913924,1.0,0.0,1.0,False,False,False,0.0
2022-12-06,2022-12-07 00:00:00,0.0,0.0,0.0,0.0,0.0,0.0,0.0,0.0,0.0,0.0,False,1.0,0.0,-0.0010432345047821645,-0.0,0.0,0.0,-0.0,1.0385156544241805,1.0385156544241805,-0.040418825635913924,1.0,0.0,1.0,False,False,False,0.0
2022-12-07,2022-12-08 00:00:00,0.0,0.0,0.0,0.0,0.0,0.0,0.0,0.0,0.0,0.0,False,1.0,0.0,0.003653168655975758,0.0,0.0,0.0,0.0,1.0385156544241805,1.0385156544241805,-0.040418825635913924,1.0,0.0,1.0,False,False,False,0.0
2022-12-08,2022-12-09 00:00:00,-0.09493757399337382,0.0,0.0,-0.09493757399337382,0.0,0.0,0.0,0.09493757399337382,0.09493757399337382,-0.09493757399337382,False,1.0,0.0,0.00022414704045847778,-2.127997623892249e-05,0.0,8.128216951487486e-08,-2.1361258408437363e-05,1.0369991854424474,1.0369770338348778,-0.04184050025939601,0.9998707188620941,0.0004746878699668691,0.9993960309921273,False,False,False,-1.0
2022-12-09,2022-12-10 00:00:00,-0.09496687424869431,0.0,0.0,-0.09496687424869431,0.0,0.0,0.0,0.09496687424869431,0.09496687424869431,-0.09496687424869431,False,1.0,0.0,0.0012538398846468901,-0.0001190732546532586,0.0,8.130725534990951e-08,-0.0001191545619086085,1.0348605977960839,1.034737289434917,-0.04391000836207504,0.999863728657735,0.00047483437124347155,0.9993888942864915,False,False,False,-1.0
2022-12-10,2022-12-11 00:00:00,-0.09807927007486705,0.0,0.0,-0.09807927007486705,0.0,0.0,0.0,0.09807927007486705,0.09807927007486705,-0.09807927007486705,False,1.0,0.0,0.0013631876655020303,-0.00013370045120750116,0.0,8.397197780382453e-08,-0.000133784423185305,1.0348114913949693,1.0346730497364875,-0.04396936539246454,0.999763250861517,0.0004903963503743353,0.9992728545111427,False,False,False,-1.0
2022-12-11,2022-12-12 00:00:00,-0.1552374657970434,0.0,0.0,-0.1552374657970434,0.0,0.0,0.0,0.1552374657970434,0.1552374657970434,-0.1552374657970434,False,1.0,0.0,0.0007386975347933866,-0.00011467353329184863,0.0,1.3290878920979743e-07,-0.00011480644208105843,1.0352662051699684,1.035147349940346,-0.04353111533366116,0.9997863791302951,0.000776187328985217,0.9990101918013099,False,False,False,-1.0
2022-12-12,2022-12-13 00:00:00,-0.2111573808029785,0.0,0.0,-0.2111573808029785,0.0,0.0,0.0,0.2111573808029785,0.2111573808029785,-0.2111573808029785,False,1.0,0.0,-0.001662603413132957,0.0003510709820312476,0.0,1.8078542876967335e-07,0.0003508901966024779,1.0388335593263596,1.0391980758382289,-0.03978827303989463,0.9999255541991415,0.0010557869040148924,0.9988697672951267,False,False,False,-1.0
2022-12-13,2022-12-14 00:00:00,-0.2245626168514451,0.0,0.0,-0.2245626168514451,0.0,0.0,0.0,0.2245626168514451,0.2245626168514451,-0.2245626168514451,False,1.0,0.0,-0.0013648325629445068,0.00030649037189888314,0.0,1.922625144276071e-07,0.00030629810938445553,1.0251170139691,1.0254310053723765,-0.0525089495062504,0.9997576634105158,0.0011228130842572256,0.9986348503262585,False,False,False,-1.0
2022-12-14,2022-12-15 00:00:00,0.0,0.0,0.0,0.0,0.0,0.0,0.0,0.0,0.0,0.0,False,1.0,0.0,-0.0008735319809765052,-0.0,0.0,0.0,-0.0,1.0246776208677018,1.0246776208677018,-0.05320507149985132,1.0,0.0,1.0,False,False,False,0.0
2022-12-15,2022-12-16 00:00:00,0.0,0.0,0.0,0.0,0.0,0.0,0.0,0.0,0.0,0.0,False,1.0,0.0,0.0010003465767667308,0.0,0.0,0.0,0.0,1.0246776208677018,1.0246776208677018,-0.05320507149985132,1.0,0.0,1.0,False,False,False,0.0
2022-12-16,2022-12-17 00:00:00,0.0,0.0,0.0,0.0,0.0,0.0,0.0,0.0,0.0,0.0,False,1.0,0.0,-0.0015675801207618578,-0.0,0.0,0.0,-0.0,1.0246776208677018,1.0246776208677018,-0.05320507149985132,1.0,0.0,1.0,False,False,False,0.0
2022-12-17,2022-12-18 00:00:00,-0.1964406068102356,0.0,0.0,-0.1964406068102356,0.0,0.0,0.0,0.1964406068102356,0.1964406068102356,-0.1964406068102356,False,1.0,0.0,-0.00011015175522599563,2.163827763780712e-05,0.0,1.681854510361606e-07,2.1470092186770962e-05,1.0276186307263084,1.027640693793043,-0.050467212917448157,0.9999016273237313,0.000982203034051178,0.9989194242896802,False,False,False,-1.0
2022-12-18,2022-12-19 00:00:00,-0.19851402676361818,0.0,0.0,-0.19851402676361818,0.0,0.0,0.0,0.19851402676361818,0.19851402676361818,-0.19851402676361818,False,1.0,0.0,0.0,-0.0,0.0,1.6996063935241283e-07,-1.6996063935241283e-07,1.0265221172348191,1.0265219427664638,-0.05150093101243547,0.9999998300393607,0.0009925701338180909,0.9990072599055426,False,False,False,-1.0
2022-12-19,2022-12-20 00:00:00,-0.1966641947108576,0.0,0.0,-0.1966641947108576,0.0,0.0,0.0,0.1966641947108576,0.1966641947108576,-0.1966641947108576,False,1.0,0.0,-0.002940455770644501,0.000578282366216695,0.0,1.683768790332685e-07,0.0005781139893376618,1.0269505095606621,1.0275442040165967,-0.050556368793531425,0.9999150833453134,0.0009833209735542882,0.9989317623717592,False,False,False,-1.0
2022-12-20,2022-12-21 00:00:00,-0.19768156539323467,0.0,0.0,-0.19768156539323467,0.0,0.0,0.0,0.19768156539323467,0.19768156539323467,-0.19768156539323467,False,1.0,0.0,-0.003927601217556309,0.0007764143569269056,0.0,1.6924791557639956e-07,0.0007762451090113292,1.0203504427691459,1.0211424848098232,-0.056471512400866786,0.9998170498722245,0.0009884078269661734,0.9988286420452583,False,False,False,-1.0
2022-12-21,2022-12-22 00:00:00,-0.19758619225874677,0.0,0.0,-0.19758619225874677,0.0,0.0,0.0,0.19758619225874677,0.19758619225874677,-0.19758619225874677,False,1.0,0.0,-4.9366869893763266e-05,9.754211846041647e-06,0.0,1.6916626049550237e-07,9.585045585546145e-06,1.0214235855530627,1.0214333759446923,-0.056202731034287745,0.9999022887152794,0.0009879309612937338,0.9989143577539857,False,False,False,-1.0
2022-12-22,2022-12-23 00:00:00,-0.19659110758354126,0.0,0.0,-0.19659110758354126,0.0,0.0,0.0,0.19659110758354126,0.19659110758354126,-0.19659110758354126,False,1.0,0.0,-0.0002022108385009158,3.9752852706291625e-05,0.0,1.6831430443796339e-07,3.9584538401853664e-05,1.0261506868238524,1.026191306525121,-0.05180643657838768,0.9997845037335366,0.0009829555379177062,0.9988015481956188,False,False,False,-1.0
2022-12-23,2022-12-24 00:00:00,-0.2051850300953168,0.0,0.0,-0.2051850300953168,0.0,0.0,0.0,0.2051850300953168,0.2051850300953168,-0.2051850300953168,False,1.0,0.0,-0.002968353912830235,0.0006090617869376232,0.0,1.7567211480763422e-07,0.0006088861148228155,1.019779244271874,1.0204001736938957,-0.05715740266099978,0.999984723622424,0.0010259251504765841,0.9989587984719474,False,False,False,-1.0
2022-12-24,2022-12-25 00:00:00,-0.2017896938108012,0.0,0.0,-0.2017896938108012,0.0,0.0,0.0,0.2017896938108012,0.2017896938108012,-0.2017896938108012,False,1.0,0.0,0.00017231334772005447,-3.477105767594391e-05,0.0,1.7276514881061745e-07,-3.4943822824754526e-05,1.0204721715988012,1.0204365124000392,-0.05712382595161891,0.9999220062962431,0.001008948469054006,0.9989130578271891,False,False,False,-1.0
2022-12-25,2022-12-26 00:00:00,-0.20081478486217838,0.0,0.0,-0.20081478486217838,0.0,0.0,0.0,0.20081478486217838,0.20081478486217838,-0.20081478486217838,False,1.0,0.0,0.0002807968022200402,-5.638814942780503e-05,0.0,1.7193046649159108e-07,-5.656007989429662e-05,1.0217740967891749,1.0217163051646265,-0.05594130642121642,0.9997162288474114,0.001004073924310892,0.9987121549231005,False,False,False,-1.0
2022-12-26,2022-12-27 00:00:00,-0.20474714848801598,0.0,0.0,-0.20474714848801598,0.0,0.0,0.0,0.20474714848801598,0.20474714848801598,-0.20474714848801598,False,1.0,0.0,0.0005185185185185848,-0.00010616518810491074,0.0,1.7529721617124656e-07,-0.00010634048532108199,1.0210259955056242,1.0209174191057366,-0.056679471531493664,0.999787494326574,0.00102373574244008,0.9987637585841339,False,False,False,-1.0
2022-12-27,2022-12-28 00:00:00,-0.20466850259463784,0.0,0.0,-0.20466850259463784,0.0,0.0,0.0,0.20466850259463784,0.20466850259463784,-0.20466850259463784,False,1.0,0.0,-0.0006928235032126473,0.00014179914896490377,0.0,1.752298823584228e-07,0.00014162391908254535,1.0214342179739608,1.0215788774909953,-0.05606828862691682,0.9997854379615636,0.0010233425129731893,0.9987620954485904,False,False,False,-1.0
2022-12-28,2022-12-29 00:00:00,-0.2062618405673112,0.0,0.0,-0.2062618405673112,0.0,0.0,0.0,0.2062618405673112,0.2062618405673112,-0.2062618405673112,False,1.0,0.0,-0.002833930023728004,0.0005845316227331021,0.0,1.7659404158160203e-07,0.0005843550286915205,1.01996012544265,1.0205561442710172,-0.057013286942644625,0.9997853798520563,0.001031309202836556,0.9987540706492197,False,False,False,-1.0
2022-12-29,2022-12-30 00:00:00,-0.2063781914286426,0.0,0.0,-0.2063781914286426,0.0,0.0,0.0,0.2063781914286426,0.2063781914286426,-0.2063781914286426,False,1.0,0.0,-0.001977483278633896,0.00040810942262484596,0.0,1.7669365704507074e-07,0.0004079327289678009,1.0180159009713594,1.0184311829759753,-0.05897673626214961,0.9999741021242448,0.0010318909571432131,0.9989422111671016,False,False,False,-1.0
2022-12-30,2022-12-31 00:00:00,-0.2164619962264594,0.0,0.0,-0.2164619962264594,0.0,0.0,0.0,0.2164619962264594,0.2164619962264594,-0.2164619962264594,False,1.0,0.0,-0.001178358321215378,0.0002550697944803402,0.0,1.8532705156374948e-07,0.00025488446742877644,1.0192194961862586,1.0194792794047371,-0.05800830251955402,0.9998098690813141,0.001082309981132297,0.9987275591001817,False,False,False,-1.0
2022-12-31,2023-01-01 00:00:00,-0.2252640578737919,0.0,0.0,-0.2252640578737919,0.0,0.0,0.0,0.2252640578737919,0.2252640578737919,-0.2252640578737919,False,1.0,0.0,-0.00032410331416399263,7.300882771892539e-05,0.0,1.928630632481095e-07,7.281596465567728e-05,1.0178777413914981,1.0179518591411392,-0.05941962812071078,0.999874381714958,0.0011263202893689594,0.998748061425589,False,False,False,-1.0
2023-01-01,2023-01-02 00:00:00,-0.2430426743814498,0.25,0.0,-0.2430426743814498,0.25,0.0,0.25,0.2430426743814498,0.4930426743814498,0.0069573256185501975,True,1.0,0.0,0.0005185160405445366,3.6074849325097175e-06,0.0,4.2212557738137826e-07,3.185359355128339e-06,1.0190122255540282,1.019015471474154,-0.058436857791506314,0.9997134964456453,0.002465213371907249,0.9972482830737381,False,False,False,-1.0
2023-01-02,2023-01-03 00:00:00,-0.24270461630374632,0.0,0.0,-0.24270461630374632,0.0,0.0,0.0,0.24270461630374632,0.24270461630374632,-0.24270461630374632,False,1.0,0.0,-0.001188320043271296,0.0002884107601482111,0.0,2.0779504820526224e-07,0.0002882029651000058,1.0175598041191463,1.0178530678718598,-0.05951091056001556,0.9999997922049518,0.0012135230815187316,0.998786269123433,False,False,False,-1.0
2023-01-03,2023-01-04 00:00:00,-0.2431298517420524,0.0,0.0,-0.2431298517420524,0.0,0.0,0.0,0.2431298517420524,0.2431298517420524,-0.2431298517420524,False,1.0,0.0,0.0019263521669394823,-0.0004683537167509777,0.0,2.0815911964216814e-07,-0.0004685618758706199,1.0196984210527242,1.0192206292477335,-0.05824729344891533,0.9994570643579501,0.001215649258710262,0.9982414150992398,False,False,False,-1.0
2023-01-04,2023-01-05 00:00:00,-0.23972174903626087,0.0,0.0,-0.23972174903626087,0.0,0.0,0.0,0.23972174903626087,0.23972174903626087,-0.23972174903626087,False,1.0,0.0,0.0019868342309994347,-0.00047628737690029883,0.0,2.0524122348994937e-07,-0.00047649261812378877,1.0109804771147441,1.0104987523803317,-0.06630624644728955,0.9990912144213161,0.0011986087451813043,0.9978926056761348,False,False,False,-1.0
2023-01-05,2023-01-06 00:00:00,0.0,0.0,0.0,0.0,0.0,0.0,0.0,0.0,0.0,0.0,False,1.0,0.0,-0.0016062909064754605,-0.0,0.0,0.0,-0.0,1.0102520525223022,1.0102520525223022,-0.06653419538428906,1.0,0.0,1.0,False,False,False,0.0
2023-01-06,2023-01-07 00:00:00,0.0,0.0,0.0,0.0,0.0,0.0,0.0,0.0,0.0,0.0,False,1.0,0.0,0.00361708216738732,0.0,0.0,0.0,0.0,1.0102520525223022,1.0102520525223022,-0.06653419538428906,1.0,0.0,1.0,False,False,False,0.0
2023-01-07,2023-01-08 00:00:00,0.0,0.0,0.0,0.0,0.0,0.0,0.0,0.0,0.0,0.0,False,1.0,0.0,0.001028985736674537,0.0,0.0,0.0,0.0,1.0102520525223022,1.0102520525223022,-0.06653419538428906,1.0,0.0,1.0,False,False,False,0.0
2023-01-08,2023-01-09 00:00:00,0.0,0.0,0.0,0.0,0.0,0.0,0.0,0.0,0.0,0.0,False,1.0,0.0,0.005507424766052704,0.0,0.0,0.0,0.0,1.0102520525223022,1.0102520525223022,-0.06653419538428906,1.0,0.0,1.0,False,False,False,0.0
2023-01-09,2023-01-10 00:00:00,0.0,0.0,0.0,0.0,0.0,0.0,0.0,0.0,0.0,0.0,False,1.0,0.0,0.002823267932632101,0.0,0.0,0.0,0.0,1.0102520525223022,1.0102520525223022,-0.06653419538428906,1.0,0.0,1.0,False,False,False,0.0
2023-01-10,2023-01-11 00:00:00,0.0,0.0,0.0,0.0,0.0,0.0,0.0,0.0,0.0,0.0,False,1.0,0.0,0.00363551514421645,0.0,0.0,0.0,0.0,1.0102520525223022,1.0102520525223022,-0.06653419538428906,1.0,0.0,1.0,False,False,False,0.0
2023-01-11,2023-01-12 00:00:00,0.0,0.0,0.0,0.0,0.0,0.0,0.0,0.0,0.0,0.0,False,1.0,0.0,-0.0015019094627843899,-0.0,0.0,0.0,-0.0,1.0102520525223022,1.0102520525223022,-0.06653419538428906,1.0,0.0,1.0,False,False,False,0.0
2023-01-12,2023-01-13 00:00:00,0.0,0.0,0.0,0.0,0.0,0.0,0.0,0.0,0.0,0.0,False,1.0,0.0,0.0006718391053703865,0.0,0.0,0.0,0.0,1.0102520525223022,1.0102520525223022,-0.06653419538428906,1.0,0.0,1.0,False,False,False,0.0
2023-01-13,2023-01-14 00:00:00,0.0,0.0,0.0,0.0,0.0,0.0,0.0,0.0,0.0,0.0,False,1.0,0.0,0.002129144605579558,0.0,0.0,0.0,0.0,1.0102520525223022,1.0102520525223022,-0.06653419538428906,1.0,0.0,1.0,False,False,False,0.0
2023-01-14,2023-01-15 00:00:00,0.0,0.0,0.0,0.0,0.0,0.0,0.0,0.0,0.0,0.0,False,1.0,0.0,0.0012345435800451554,0.0,0.0,0.0,0.0,1.0102520525223022,1.0102520525223022,-0.06653419538428906,1.0,0.0,1.0,False,False,False,0.0
2023-01-15,2023-01-16 00:00:00,0.0,0.0,0.0,0.0,0.0,0.0,0.0,0.0,0.0,0.0,False,1.0,0.0,0.0033912510879725577,0.0,0.0,0.0,0.0,1.0102520525223022,1.0102520525223022,-0.06653419538428906,1.0,0.0,1.0,False,False,False,0.0
2023-01-16,2023-01-17 00:00:00,0.22014353797765682,0.0,0.0,0.22014353797765682,0.0,0.0,0.22014353797765682,0.0,0.22014353797765682,0.22014353797765682,False,1.0,0.0,0.0009883274012156829,0.00021757389078388354,0.0,1.8847905648771987e-07,0.00021738541172739584,1.0089247210094394,1.0091440465253179,-0.06755798514736033,0.999563241687802,0.001100717689888284,0.9984625239979137,False,False,False,1.0
2023-01-17,2023-01-18 00:00:00,0.24814671348797118,0.0,0.0,0.24814671348797118,0.0,0.0,0.24814671348797118,0.0,0.24814671348797118,0.24814671348797118,False,1.0,0.0,0.0016894799589424192,0.0004192388993153538,0.0,2.124543779862767e-07,0.0004190264449373675,1.0121079082511741,1.0125320082298614,-0.06442753231567044,0.9991312511089272,0.001240733567439856,0.9978905175414874,False,False,False,1.0
2023-01-18,2023-01-19 00:00:00,0.25444536008014573,0.0,0.0,0.25444536008014573,0.0,0.0,0.25444536008014573,0.0,0.25444536008014573,0.25444536008014573,False,1.0,0.0,-0.01790284570357048,-0.0045552960215042805,0.0,2.1784705486313847e-07,-0.004555513868559144,1.0137851680926924,1.0091668556997067,-0.06753690963034431,0.9922093555174426,0.0012722268004007288,0.9909371287170419,False,False,False,1.0
2023-01-19,2023-01-20 00:00:00,0.25439533471534065,0.0,0.0,0.25439533471534065,0.0,0.0,0.25439533471534065,0.0,0.25439533471534065,0.25439533471534065,False,1.0,0.0,-0.0018033854166666918,-0.00045877283669368713,0.0,2.1780422492751765e-07,-0.00045899064091861467,1.006931019829203,1.0064688479150508,-0.07002984988349725,0.999276014218753,0.0012719766735767033,0.9980040375451763,False,False,False,1.0
2023-01-20,2023-01-21 00:00:00,0.25148855197422404,0.0,0.0,0.25148855197422404,0.0,0.0,0.25148855197422404,0.0,0.25148855197422404,0.25148855197422404,False,1.0,0.0,0.0008709406799742858,0.00021903161046217922,0.0,2.1531554107382194e-07,0.0002188162949211054,1.0111315850029585,1.0113528370700664,-0.06551707818960317,0.9997855846536393,0.0012574427598711201,0.9985281418937682,False,False,False,1.0
2023-01-21,2023-01-22 00:00:00,0.2527929678373389,0.0,0.0,0.2527929678373389,0.0,0.0,0.2527929678373389,0.0,0.2527929678373389,0.2527929678373389,False,1.0,0.0,-0.009246225109787565,-0.0023373806867953233,0.0,2.1643233547717372e-07,-0.0023375971191308006,1.0273714715431204,1.024969890950964,-0.05293501599463735,0.9970784378947082,0.0012639648391866945,0.9958144730555215,False,False,False,1.0
2023-01-22,2023-01-23 00:00:00,0.2524930143870232,0.0,0.0,0.2524930143870232,0.0,0.0,0.2524930143870232,0.0,0.2524930143870232,0.2524930143870232,False,1.0,0.0,-6.115235497761162e-06,-1.5440542445162441e-06,0.0,2.1617552601628698e-07,-1.7602297705325312e-06,1.0231834800226964,1.0231816789846742,-0.05458731129833749,0.9997064135180179,0.001262465071935116,0.9984439484460828,False,False,False,1.0
2023-01-23,2023-01-24 00:00:00,0.24592343202452394,0.0,0.0,0.24592343202452394,0.0,0.0,0.24592343202452394,0.0,0.24592343202452394,0.24592343202452394,False,1.0,0.0,-0.0007706107552601926,-0.00018951124168859704,0.0,2.1055088358264034e-07,-0.0001897217925721797,1.0211937762686674,1.0210000335548701,-0.05660313636044323,0.999581348627468,0.0012296171601226197,0.9983517314673453,False,False,False,1.0
2023-01-24,2023-01-25 00:00:00,0.24570820413415356,0.0,0.0,0.24570820413415356,0.0,0.0,0.24570820413415356,0.0,0.24570820413415356,0.24570820413415356,False,1.0,0.0,0.0012416298089990008,0.0003050786305685766,0.0,2.1036661312855612e-07,0.000304868263955448,1.020712277000644,1.0210234597805312,-0.056581490692383274,0.9998404201995078,0.001228541020670768,0.9986118791788371,False,False,False,1.0
2023-01-25,2023-01-26 00:00:00,0.24354063823727917,0.0,0.0,0.24354063823727917,0.0,0.0,0.24354063823727917,0.0,0.24354063823727917,0.24354063823727917,False,1.0,0.0,0.001699466808505079,0.00041388923120639883,0.0,2.085108204086294e-07,0.0004136807203859902,1.0087838258326414,1.0092011402524257,-0.0675052309443076,0.9999571387821469,0.0012177031911863958,0.9987394355909605,False,False,False,1.0
2023-01-26,2023-01-27 00:00:00,0.24494271424220926,0.0,0.0,0.24494271424220926,0.0,0.0,0.24494271424220926,0.0,0.24494271424220926,0.24494271424220926,False,1.0,0.0,-0.009214723620595056,-0.0022570794146203506,0.0,2.0971122794709697e-07,-0.0022572891258482975,1.0188887937712496,1.016588867176621,-0.060679023127795495,0.9965294734606134,0.0012247135712110462,0.9953047598894024,False,False,False,1.0
2023-01-27,2023-01-28 00:00:00,0.22038464773887906,0.0,0.0,0.22038464773887906,0.0,0.0,0.22038464773887906,0.0,0.22038464773887906,0.22038464773887906,False,1.0,0.0,-0.010450180977277235,-0.0023030594534847785,0.0,1.886854860778074e-07,-0.0023032481389708565,1.0167087812078692,1.014367048599677,-0.06273196789584523,0.9975956554448508,0.0011019232386943953,0.9964937322061564,False,False,False,1.0
2023-01-28,2023-01-29 00:00:00,0.21846503603055192,0.0,0.0,0.21846503603055192,0.0,0.0,0.21846503603055192,0.0,0.21846503603055192,0.21846503603055192,False,1.0,0.0,-0.0011643064150751448,-0.00025436024291999426,0.0,1.870419829028698e-07,-0.0002545472849028971,1.015178989041409,1.014920577986058,-0.0622205106285757,0.9996970689732373,0.0010923251801527596,0.9986047437930845,False,False,False,1.0
2023-01-29,2023-01-30 00:00:00,0.2210959655358771,0.0,0.0,0.2210959655358771,0.0,0.0,0.2210959655358771,0.0,0.2210959655358771,0.2210959655358771,False,1.0,0.0,-0.0013013410009171666,-0.00028772124508920566,0.0,1.8929449104099066e-07,-0.00028791053958024664,1.0199252992372667,1.0196316519940318,-0.0578675113166931,0.9996312534915613,0.0011054798276793855,0.998525773663882,False,False,False,1.0
2023-01-30,2023-01-31 00:00:00,0.22079355492776026,0.0,0.0,0.22079355492776026,0.0,0.0,0.22079355492776026,0.0,0.22079355492776026,0.22079355492776026,False,1.0,0.0,0.003882990853117718,0.0008573393542118376,0.0,1.8903557784910982e-07,0.0008571503186339885,1.0150570007760202,1.015927057207667,-0.06129053089323866,0.9996557563459293,0.0011039677746388014,0.9985517885712905,False,False,False,1.0
2023-01-31,2023-02-01 00:00:00,0.22135666525027956,0.0,0.0,0.22135666525027956,0.0,0.0,0.22135666525027956,0.0,0.22135666525027956,0.22135666525027956,False,1.0,0.0,-0.0014642300537931474,-0.00032411708186688855,0.0,1.8951769285126675e-07,-0.0003243065995597398,1.0168942922151136,1.0165645066850937,-0.06070153205095741,0.999483727060107,0.0011067833262513977,0.9983769437338557,False,False,False,1.0
2023-02-01,2023-02-02 00:00:00,0.2169701828843991,0.0,0.0,0.2169701828843991,0.0,0.0,0.2169701828843991,0.0,0.2169701828843991,0.2169701828843991,False,1.0,0.0,-0.0027591793340000503,-0.0005986596447088454,0.0,1.8576214288047868e-07,-0.0005988454068517259,1.0153512960299111,1.0147432575699427,-0.06238435344828641,0.9988821331580567,0.0010848509144219954,0.9977972822436347,False,False,False,1.0
2023-02-02,2023-02-03 00:00:00,0.21806252450409652,0.0,0.0,0.21806252450409652,0.0,0.0,0.21806252450409652,0.0,0.21806252450409652,0.21806252450409652,False,1.0,0.0,0.0026771841759292148,0.0005837935399655438,0.0,1.8669736686994566e-07,0.0005836068425986739,1.0282942321477335,1.0288943516978197,-0.04930884181404527,0.9995893334698448,0.0010903126225204826,0.9984990208473243,False,False,False,1.0
2023-02-03,2023-02-04 00:00:00,0.21678250857542636,0.0,0.0,0.21678250857542636,0.0,0.0,0.21678250857542636,0.0,0.21678250857542636,0.21678250857542636,False,1.0,0.0,-0.002716348460136242,-0.000588856833353331,0.0,1.8560146282142667e-07,-0.0005890424348161524,1.0276021854896633,1.0269968841963,-0.05106208846533,0.999261468523604,0.0010839125428771317,0.9981775559807269,False,False,False,1.0
2023-02-04,2023-02-05 00:00:00,0.20244003246867145,0.0,0.0,0.20244003246867145,0.0,0.0,0.20244003246867145,0.0,0.20244003246867145,0.20244003246867145,False,1.0,0.0,0.0015077473182358858,0.00030522841605822503,0.0,1.7332194560673924e-07,0.0003050550941126183,1.028878387707846,1.0291922523012387,-0.04903358374773226,0.9997778423754666,0.0010122001623433573,0.9987656422131233,False,False,False,1.0
2023-02-05,2023-02-06 00:00:00,0.20392196667410298,0.0,-0.1992891854893896,0.20392196667410298,0.0,-0.1992891854893896,0.20392196667410298,0.1992891854893896,0.40321115216349257,0.004632781184713386,True,1.0,0.0,-0.0005467933607135045,-2.533173993439723e-06,0.0,3.4521502753723676e-07,-2.8783890209769596e-06,1.0269223318915892,1.0269193760096236,-0.05113370548571572,0.9991454143769597,0.002016055760817463,0.9971293586161423,False,False,False,1.0
2023-02-06,2023-02-07 00:00:00,0.20505050283611076,0.0,0.0,0.20505050283611076,0.0,0.0,0.20505050283611076,0.0,0.20505050283611076,0.20505050283611076,False,1.0,0.0,0.0130910163668434,0.0026843194886569948,0.0,1.7555693735968388e-07,0.002684143931719635,1.0273209675464339,1.0300784448874019,-0.04821474801914161,0.9999645376141038,0.0010252525141805538,0.9989392850999232,False,True,False,1.0
2023-02-07,2023-02-08 00:00:00,0.20028770930812398,0.0,0.0,0.20028770930812398,0.0,0.0,0.20028770930812398,0.0,0.20028770930812398,0.20028770930812398,False,1.0,0.0,-0.0017989023024724826,-0.0003602980214313235,0.0,1.7147920317476367e-07,-0.0003604695006344983,1.0283400586769271,1.0279693734494935,-0.050163515222201305,0.999493695585929,0.00100143854654062,0.9984922570393884,False,False,False,1.0
2023-02-08,2023-02-09 00:00:00,0.20030639623725985,0.0,0.0,0.20030639623725985,0.0,0.0,0.20030639623725985,0.0,0.20030639623725985,0.20030639623725985,False,1.0,0.0,-0.0024489254284111306,-0.0004905354272188213,0.0,1.7149520225792794e-07,-0.0004907069224210792,1.0313791691090242,1.0308730642111015,-0.04748052534222791,0.9992906061014051,0.0010015319811862993,0.9982890741202187,False,False,False,1.0
2023-02-09,2023-02-10 00:00:00,0.19858863980634744,0.0,0.0,0.19858863980634744,0.0,0.0,0.19858863980634744,0.0,0.19858863980634744,0.19858863980634744,False,1.0,0.0,0.0018101602145192963,0.00035947725483295316,0.0,1.7002452038214677e-07,0.000359307230312571,1.0278835298844946,1.0282528558687012,-0.04990157945688467,0.9999547429977548,0.0009929431990317373,0.998961799798723,False,False,False,1.0
2023-02-10,2023-02-11 00:00:00,0.2061590138352604,0.0,0.0,0.2061590138352604,0.0,0.0,0.2061590138352604,0.0,0.2061590138352604,0.2061590138352604,False,1.0,0.0,-0.0022477358812043047,-0.00046339101263120946,0.0,1.765060049959421e-07,-0.0004635675186362054,1.014106035343276,1.013635928724838,-0.0634075175277744,0.9970303382293788,0.001030795069176302,0.9959995431602026,False,False,False,1.0
2023-02-11,2023-02-12 00:00:00,0.0,0.0,0.0,0.0,0.0,0.0,0.0,0.0,0.0,0.0,False,1.0,0.0,0.0012030846301009923,0.0,0.0,0.0,0.0,1.014133730695427,1.014133730695427,-0.06294755200149316,1.0,0.0,1.0,False,False,False,0.0
2023-02-12,2023-02-13 00:00:00,0.0,0.0,0.0,0.0,0.0,0.0,0.0,0.0,0.0,0.0,False,1.0,0.0,0.001774078881286778,0.0,0.0,0.0,0.0,1.014133730695427,1.014133730695427,-0.06294755200149316,1.0,0.0,1.0,False,False,False,0.0
2023-02-13,2023-02-14 00:00:00,0.0,0.0,0.0,0.0,0.0,0.0,0.0,0.0,0.0,0.0,False,1.0,0.0,-0.004619326994402928,-0.0,0.0,0.0,-0.0,1.014133730695427,1.014133730695427,-0.06294755200149316,1.0,0.0,1.0,False,False,False,0.0
2023-02-14,2023-02-15 00:00:00,0.0,0.0,0.0,0.0,0.0,0.0,0.0,0.0,0.0,0.0,False,1.0,0.0,0.002778463016579913,0.0,0.0,0.0,0.0,1.014133730695427,1.014133730695427,-0.06294755200149316,1.0,0.0,1.0,False,False,False,0.0
2023-02-15,2023-02-16 00:00:00,0.0,0.0,0.0,0.0,0.0,0.0,0.0,0.0,0.0,0.0,False,1.0,0.0,0.002863455702149853,0.0,0.0,0.0,0.0,1.014133730695427,1.014133730695427,-0.06294755200149316,1.0,0.0,1.0,False,False,False,0.0
2023-02-16,2023-02-17 00:00:00,0.0,0.0,0.0,0.0,0.0,0.0,0.0,0.0,0.0,0.0,False,1.0,0.0,0.0072203431415502894,0.0,0.0,0.0,0.0,1.014133730695427,1.014133730695427,-0.06294755200149316,1.0,0.0,1.0,False,False,False,0.0
2023-02-17,2023-02-18 00:00:00,0.19368413610785057,0.0,0.0,0.19368413610785057,0.0,0.0,0.19368413610785057,0.0,0.19368413610785057,0.19368413610785057,False,1.0,0.0,-0.0012777034772640805,-0.00024747089419589014,0.0,1.658254589964474e-07,-0.0002476367196548866,1.0111473144383385,1.0108969172343032,-0.06593834491731565,0.9994921719196251,0.0009684206805392529,0.9985237512390859,False,False,False,1.0
2023-02-18,2023-02-19 00:00:00,0.16796322627065985,0.0,0.0,0.16796322627065985,0.0,0.0,0.16796322627065985,0.0,0.16796322627065985,0.16796322627065985,False,1.0,0.0,-0.00040095285266161795,-6.734533471546987e-05,0.0,1.438041320810444e-07,-6.748913884755092e-05,1.0134148589577952,1.0133464644616688,-0.06367498047491926,0.9999107226646269,0.0008398161313532993,0.9990709065332736,False,False,False,1.0
2023-02-19,2023-02-20 00:00:00,0.16558979112820618,0.0,0.0,0.16558979112820618,0.0,0.0,0.16558979112820618,0.0,0.16558979112820618,0.16558979112820618,False,1.0,0.0,0.0004617965639996946,7.646879657643273e-05,0.0,1.41772081445382e-07,7.632702449498735e-05,1.0148759201650395,1.0149533826242574,-0.062190199373166166,0.9996097705694337,0.0008279489556410309,0.9987818216137927,False,False,False,1.0
2023-02-20,2023-02-21 00:00:00,0.1658393216590689,0.0,0.0,0.1658393216590689,0.0,0.0,0.1658393216590689,0.0,0.1658393216590689,0.1658393216590689,False,1.0,0.0,-0.0018356454281320822,-0.0003044221926079956,0.0,1.4198572059851788e-07,-0.00030456417832859414,1.014899320248593,1.0145902182710351,-0.06252576068614935,0.999556797689369,0.0008291966082953445,0.9987276010810736,False,False,False,1.0
2023-02-21,2023-02-22 00:00:00,0.16644019349130026,0.0,0.0,0.16644019349130026,0.0,0.0,0.16644019349130026,0.0,0.16644019349130026,0.16644019349130026,False,1.0,0.0,-0.0007169272498073198,-0.00011932551017711608,0.0,1.425001656603598e-07,-0.00011946801034277643,1.011264201439721,1.0111433877176441,-0.06571060792091821,0.9997204369301695,0.0008322009674565014,0.998888235962713,False,False,False,1.0
2023-02-22,2023-02-23 00:00:00,0.1739343126539867,0.0,0.0,0.1739343126539867,0.0,0.0,0.1739343126539867,0.0,0.1739343126539867,0.1739343126539867,False,1.0,0.0,-0.0017749027514085691,-0.0003087164900939193,0.0,1.4891636357361876e-07,-0.0003088654064574929,1.0052646627517376,1.0049541712730794,-0.0714294004677305,0.999570659865701,0.0008696715632699335,0.9987009883024311,False,False,False,1.0
2023-02-23,2023-02-24 00:00:00,0.17266518468696054,0.0,0.0,0.17266518468696054,0.0,0.0,0.17266518468696054,0.0,0.17266518468696054,0.17266518468696054,False,1.0,0.0,-0.0016157134158473196,-0.0002789774553484773,0.0,1.4782978141006897e-07,-0.0002791252851298874,1.009730412393656,1.0094485711043923,-0.06727660657404166,0.9993804805809188,0.0008633259234348028,0.9985171546574839,False,False,False,1.0
2023-02-24,2023-02-25 00:00:00,0.1690119918962362,0.0,0.0,0.1690119918962362,0.0,0.0,0.1690119918962362,0.0,0.1690119918962362,0.1690119918962362,False,1.0,0.0,-0.002736471568682397,-0.00046249651059043003,0.0,1.4470204785636662e-07,-0.0004626412126382864,1.0044454068591653,1.003980709018107,-0.07232887275767252,0.9991684127073225,0.000845059959481181,0.9983233527478413,False,False,False,1.0
2023-02-25,2023-02-26 00:00:00,0.16715008232092343,0.0,0.0,0.16715008232092343,0.0,0.0,0.16715008232092343,0.0,0.16715008232092343,0.16715008232092343,False,1.0,0.0,0.0009839127137816206,0.00016446109110520107,0.0,1.431079471925714e-07,0.0001643179831580085,1.0031564933116908,1.0033213299634636,-0.07293813437535768,0.9998710115786392,0.0008357504116046172,0.9990352611670346,False,False,False,1.0
2023-02-26,2023-02-27 00:00:00,0.17100066628394486,0.0,0.0,0.17100066628394486,0.0,0.0,0.17100066628394486,0.0,0.17100066628394486,0.17100066628394486,False,1.0,0.0,0.0011727278398103724,0.00020053724197730504,0.0,1.46404680037624e-07,0.0002003908372972674,1.0039506252501718,1.0041518077565708,-0.07217077872443589,0.9999571860970269,0.0008550033314197244,0.9991021827656071,False,False,False,1.0
2023-02-27,2023-02-28 00:00:00,0.17349782254818566,0.0,0.0,0.17349782254818566,0.0,0.0,0.17349782254818566,0.0,0.17349782254818566,0.17349782254818566,False,1.0,0.0,0.00015206997652028598,2.6383809801223336e-05,0.0,1.4854265629125482e-07,2.6235267144932083e-05,1.0083632011018735,1.0083896557798335,-0.06825503690040557,0.9994901162519837,0.0008674891127409283,0.9986226271392428,False,False,False,1.0
2023-02-28,2023-03-01 00:00:00,0.1737696222672554,0.0,-0.10198563990594545,0.1737696222672554,0.0,-0.10198563990594545,0.1737696222672554,0.10198563990594545,0.27575526217320084,0.07178398236130995,True,1.0,0.0,-0.00016450675391621594,-1.1808949921438002e-05,0.0,2.36091834052398e-07,-1.20450417554904e-05,1.0066285355061848,1.0066164106234423,-0.06989350297682573,0.9995059086159177,0.0013787763108660043,0.9981271323050517,False,False,False,1.0
2023-03-01,2023-03-02 00:00:00,0.17208788808429565,0.0,0.0,0.17208788808429565,0.0,0.0,0.17208788808429565,0.0,0.17208788808429565,0.17208788808429565,False,1.0,0.0,-0.0010006088041519812,-0.00017219265590506704,0.0,1.4733552062011613e-07,-0.00017233999142568716,1.007351531011539,1.0071779240573218,-0.06937466850571516,0.9996067140103346,0.0008604394404214782,0.9987462745699132,False,False,False,1.0
2023-03-02,2023-03-03 00:00:00,0.1732828180118423,0.0,0.0,0.1732828180118423,0.0,0.0,0.1732828180118423,0.0,0.1732828180118423,0.1732828180118423,False,1.0,0.0,0.0009836105885678847,0.00017044281461332987,0.0,1.4835857706493348e-07,0.00017029445603626494,1.0039486001168776,1.0041195669976228,-0.07220056895937543,0.9998762806008282,0.0008664140900592115,0.9990098665107691,False,False,False,1.0
2023-03-03,2023-03-04 00:00:00,0.17404564579861165,0.0,0.0,0.17404564579861165,0.0,0.0,0.17404564579861165,0.0,0.17404564579861165,0.17404564579861165,False,1.0,0.0,-0.0002551622512966256,-4.440987881034884e-05,0.0,1.4901168304675656e-07,-4.45588904933956e-05,0.9976202229231108,0.9975757700728436,-0.07824699138077007,0.9997444941851575,0.0008702282289930583,0.9988742659561645,False,False,False,1.0
2023-03-04,2023-03-05 00:00:00,0.1729246343586156,0.0,0.0,0.1729246343586156,0.0,0.0,0.1729246343586156,0.0,0.1729246343586156,0.1729246343586156,False,1.0,0.0,-0.002680794025659017,-0.00046357532667784664,0.0,1.4805191297826679e-07,-0.0004637233785908249,0.9975099916572787,0.9970474229537694,-0.07873518040982641,0.9994512878115183,0.000864623171793078,0.9985866646397252,False,False,False,1.0
2023-03-05,2023-03-06 00:00:00,0.16864796577250601,0.0,0.0,0.16864796577250601,0.0,0.0,0.16864796577250601,0.0,0.16864796577250601,0.16864796577250601,False,1.0,0.0,-0.00047770396366897394,-8.056380171423557e-05,0.0,1.4439038165454282e-07,-8.070819209589011e-05,0.9978594262670782,0.9977788908368184,-0.07805930922075421,0.9998956597594012,0.0008432398288625301,0.9990524199305386,False,False,False,1.0
2023-03-06,2023-03-07 00:00:00,0.1819971623771183,0.0,0.0,0.1819971623771183,0.0,0.0,0.1819971623771183,0.0,0.1819971623771183,0.1819971623771183,False,1.0,0.0,0.0033973355727756616,0.0006183054338880123,0.0,1.5581948833657389e-07,0.0006181496143996757,0.9980684630563071,0.99868541869189,-0.07722168384644468,0.9999836339256907,0.0009099858118855915,0.9990736481138051,False,False,False,1.0
2023-03-07,2023-03-08 00:00:00,0.18200480429951243,0.0,0.0,0.18200480429951243,0.0,0.0,0.18200480429951243,0.0,0.18200480429951243,0.18200480429951243,False,1.0,0.0,0.00017940552697170986,3.265266782673695e-05,0.0,1.558260310783497e-07,3.24968417956586e-05,0.9967950241152268,0.9968274168054283,-0.07893846454646225,0.9999193786711101,0.0009100240214975621,0.9990093546496126,False,False,False,1.0
2023-03-08,2023-03-09 00:00:00,0.18239230989302732,0.0,0.0,0.18239230989302732,0.0,0.0,0.18239230989302732,0.0,0.18239230989302732,0.18239230989302732,False,1.0,0.0,0.000667008722421647,0.00012165726160128128,0.0,1.5615779956594805e-07,0.00012150110380171533,0.9966264662251195,0.996747557440844,-0.0790122540387298,0.9997097380645358,0.0009119615494651367,0.9987977765150706,False,False,False,1.0
2023-03-09,2023-03-10 00:00:00,0.18353382780074512,0.0,0.0,0.18353382780074512,0.0,0.0,0.18353382780074512,0.0,0.18353382780074512,0.18353382780074512,False,1.0,0.0,-0.0025623849690757927,-0.00047028432167357413,0.0,1.571351265417338e-07,-0.00047044145680011584,0.9940833576063699,0.9936156995834369,-0.0819060687135007,0.9993278376031927,0.0009176691390037256,0.998410168464189,False,False,False,1.0
2023-03-10,2023-03-11 00:00:00,0.18358233358048096,0.0,0.0,0.18358233358048096,0.0,0.0,0.18358233358048096,0.0,0.18358233358048096,0.18358233358048096,False,1.0,0.0,0.008014234875444837,0.0014712719402962383,0.0,1.5717665546274056e-07,0.0014711147636407755,0.9779647221620741,0.9794034205031666,-0.09503811481423818,0.9998247536226343,0.0009179116679024048,0.9989068419547319,False,False,False,1.0
2023-03-11,2023-03-12 00:00:00,0.0,0.0,0.0,0.0,0.0,0.0,0.0,0.0,0.0,0.0,False,1.0,0.0,-0.0024558367984818252,-0.0,0.0,0.0,-0.0,0.9788132095511328,0.9788132095511328,-0.09558346559066844,1.0,0.0,1.0,False,False,False,0.0
2023-03-12,2023-03-13 00:00:00,0.0,0.0,0.0,0.0,0.0,0.0,0.0,0.0,0.0,0.0,False,1.0,0.0,0.002314194873062503,0.0,0.0,0.0,0.0,0.9788132095511328,0.9788132095511328,-0.09558346559066844,1.0,0.0,1.0,False,False,False,0.0
2023-03-13,2023-03-14 00:00:00,-0.16510351090909758,0.0,0.0,-0.08255175545454879,0.0,0.0,0.0,0.08255175545454879,0.08255175545454879,-0.08255175545454879,False,0.5,0.0,-0.0029772224547139903,0.0002457749400153408,0.0,7.067787282067534e-08,0.0002457042621425201,0.9648331535904242,0.9650702172085177,-0.10828189404018007,0.9999999293221272,0.000412758777272744,0.9995871705448545,False,False,False,-1.0
2023-03-14,2023-03-15 00:00:00,-0.17701356682116948,0.0,0.0,-0.08850678341058474,0.0,0.0,0.0,0.08850678341058474,0.08850678341058474,-0.08850678341058474,False,0.5,0.0,0.003224526804941563,-0.00028539249552658773,0.0,7.57763556597472e-08,-0.0002854682718822475,0.9601664011533859,0.9598923041101293,-0.11306624939442045,0.999590142731825,0.0004425339170529237,0.999147608814772,False,False,False,-1.0
2023-03-15,2023-03-16 00:00:00,0.0,0.0,0.0,0.0,0.0,0.0,0.0,0.0,0.0,0.0,False,0.5,0.0,0.0014092360102690993,0.0,0.0,0.0,0.0,0.9597038684317276,0.9597038684317276,-0.11324036263845527,1.0,0.0,1.0,False,False,False,0.0
2023-03-16,2023-03-17 00:00:00,0.0,0.0,0.0,0.0,0.0,0.0,0.0,0.0,0.0,0.0,False,0.5,0.0,0.000246708546946639,0.0,0.0,0.0,0.0,0.9597038684317276,0.9597038684317276,-0.11324036263845527,1.0,0.0,1.0,False,False,False,0.0
2023-03-17,2023-03-18 00:00:00,0.0,0.0,0.0,0.0,0.0,0.0,0.0,0.0,0.0,0.0,False,0.5,0.0,0.0034713293905888065,0.0,0.0,0.0,0.0,0.9597038684317276,0.9597038684317276,-0.11324036263845527,1.0,0.0,1.0,False,False,False,0.0
2023-03-18,2023-03-19 00:00:00,0.0,0.0,0.0,0.0,0.0,0.0,0.0,0.0,0.0,0.0,False,0.5,0.0,0.0032291578917811314,0.0,0.0,0.0,0.0,0.9597038684317276,0.9597038684317276,-0.11324036263845527,1.0,0.0,1.0,False,False,False,0.0
2023-03-19,2023-03-20 00:00:00,0.0,0.0,0.0,0.0,0.0,0.0,0.0,0.0,0.0,0.0,False,0.5,0.0,0.001916211822412528,0.0,0.0,0.0,0.0,0.9597038684317276,0.9597038684317276,-0.11324036263845527,1.0,0.0,1.0,False,False,False,0.0
2023-03-20,2023-03-21 00:00:00,0.1351973898291801,0.0,0.0,0.06759869491459004,0.0,0.0,0.06759869491459004,0.0,0.06759869491459004,0.06759869491459004,False,0.5,0.0,-0.004264404367201879,-0.00028826816981092525,0.0,5.787559496112161e-08,-0.00028832604540588634,0.9587847411201706,0.958508298507368,-0.11434506085572727,0.9996024756809968,0.00033799347457295025,0.9992644822064238,False,False,False,1.0
2023-03-21,2023-03-22 00:00:00,0.13676714660336287,0.0,0.0,0.06838357330168143,0.0,0.0,0.06838357330168143,0.0,0.06838357330168143,0.06838357330168143,False,0.5,0.0,-0.00020406137283668357,-1.3954445847419096e-05,0.0,5.854757988157657e-08,-1.4012993427300672e-05,0.9603822316723439,0.9603687738424438,-0.11262599470655366,0.9999282834872577,0.0003419178665084072,0.9995863656207493,False,False,False,1.0
2023-03-22,2023-03-23 00:00:00,0.13641708676556846,0.0,0.0,0.06820854338278423,0.0,0.0,0.06820854338278423,0.0,0.06820854338278423,0.06820854338278423,False,0.5,0.0,-0.002082504750541281,-0.0001420446156221492,0.0,5.83977254989591e-08,-0.00014210301334764816,0.9602872790532825,0.9601508193372497,-0.11282738313932417,0.9995500708567762,0.00034104271691392114,0.9992090281398622,False,False,False,1.0
2023-03-23,2023-03-24 00:00:00,0.13545610902021268,0.0,0.0,0.06772805451010634,0.0,0.0,0.06772805451010634,0.0,0.06772805451010634,0.06772805451010634,False,0.5,0.0,0.0009041049633184972,6.123327023849288e-05,0.0,5.7986348039474606e-08,6.11752838904534e-05,0.9612579178031285,0.9613167230291421,-0.11175009631259658,0.999977071756093,0.0003386402725505317,0.9996384314835425,False,False,False,1.0
2023-03-24,2023-03-25 00:00:00,0.13544039841620445,0.0,0.0,0.06772019920810222,0.0,0.0,0.06772019920810222,0.0,0.06772019920810222,0.06772019920810222,False,0.5,0.0,0.002974298428843891,0.00020142008210565377,0.0,5.797962260967656e-08,0.0002013621024830441,0.9586037024044913,0.9587967288614555,-0.11407855323331584,0.9999780318206063,0.00033860099604051113,0.9996394308245657,False,False,False,1.0
2023-03-25,2023-03-26 00:00:00,0.1359284273196714,0.0,0.0,0.0679642136598357,0.0,0.0,0.0679642136598357,0.0,0.0679642136598357,0.0679642136598357,False,0.5,0.0,0.0010554962829414372,7.173597489099423e-05,0.0,5.818853909232508e-08,7.16777863519019e-05,0.95827709892135,0.9583457861025124,-0.1144952211769854,0.999955736940447,0.00033982106829917846,0.9996159158721478,False,False,False,1.0
2023-03-26,2023-03-27 00:00:00,0.13547936195916266,0.0,0.0,0.06773968097958133,0.0,0.0,0.06773968097958133,0.0,0.06773968097958133,0.06773968097958133,False,0.5,0.0,0.00025524963414214064,1.7290528786943457e-05,0.0,5.7996302208545655e-08,1.723253248473491e-05,0.9586718957971749,0.9586884161417615,-0.11417863342596368,0.9999046519783831,0.00033869840489790667,0.9995659535734852,False,False,False,1.0
2023-03-27,2023-03-28 00:00:00,0.13616437830716027,0.0,-0.11394558882241702,0.06808218915358014,0.0,-0.05697279441120851,0.06808218915358014,0.05697279441120851,0.12505498356478864,0.011109394742371624,True,0.5,0.0,-0.0009571388551685711,-1.0633233365329319e-05,0.0,1.0706762291505877e-07,-1.0740300988244378e-05,0.9582435028841934,0.9582332110605524,-0.1145992397254858,0.9997896604593545,0.0006252749178239432,0.9991643855415305,False,False,False,1.0
2023-03-28,2023-03-29 00:00:00,0.13805798872290992,0.0,-0.11394558882241702,0.06902899436145496,0.0,-0.05697279441120851,0.06902899436145496,0.05697279441120851,0.12600178877266346,0.012056199950246448,True,0.5,0.0,0.00047619320822267497,5.74108053328191e-06,0.0,1.0787824381221186e-07,5.633202289469698e-06,0.9584281359194539,0.9584335349390235,-0.11441414186804133,0.9997467965663625,0.0006300089438633173,0.9991167876224991,False,False,False,1.0
2023-03-29,2023-03-30 00:00:00,0.13646952344563013,0.0,0.0,0.06823476172281506,0.0,0.0,0.06823476172281506,0.0,0.06823476172281506,0.06823476172281506,False,0.5,0.0,6.0846429144501e-05,4.1518415943591755e-06,0.0,5.842017270788961e-08,4.093421421651286e-06,0.9587037017826293,0.9587076261608991,-0.1141608835031338,0.9999233212304043,0.00034117380861407534,0.9995821474217902,False,False,False,1.0
2023-03-30,2023-03-31 00:00:00,0.13608316999357448,0.0,0.0,0.06804158499678724,0.0,0.0,0.06804158499678724,0.0,0.06804158499678724,0.06804158499678724,False,0.5,0.0,-0.0007147643511279389,-4.8633699349945135e-05,0.0,5.8254781675331535e-08,-4.8691954131620465e-05,0.9581082199308587,0.9580615677693607,-0.11475783692162023,0.9997419551681979,0.0003402079249839362,0.999401747243214,False,False,False,1.0
2023-03-31,2023-04-01 00:00:00,0.1350990830734258,0.0,0.0,0.0675495415367129,0.0,0.0,0.0675495415367129,0.0,0.0675495415367129,0.0675495415367129,False,0.5,0.0,0.0015262999534997324,0.00010310086210641314,0.0,5.783351158965145e-08,0.00010304302859482349,0.9594453188768174,0.9595441830282456,-0.11338791083028976,0.9999352731669593,0.00033774770768356453,0.9995975254592757,False,False,False,1.0
2023-04-01,2023-04-02 00:00:00,0.13487464775350033,0.0,-0.21699894758639823,0.06743732387675017,0.0,-0.10849947379319912,0.06743732387675017,0.10849947379319912,0.1759367976699493,-0.04106214991644895,True,0.5,0.0,0.0009123987292374292,-3.746505340352483e-05,0.0,1.506308199229018e-07,-3.761568422344773e-05,0.9591962977153573,0.9591602168903142,-0.11374269284631677,0.9998392390726473,0.0008796839883497465,0.9989595550842976,False,False,False,1.0
2023-04-02,2023-04-03 00:00:00,0.1343713125133793,0.0,-0.21699894758639823,0.06718565625668965,0.0,-0.10849947379319912,0.06718565625668965,0.10849947379319912,0.17568513004988878,-0.041313817536509465,True,0.5,0.0,0.0013363028953230494,-5.520777399088577e-05,0.0,1.5041535107011026e-07,-5.535818934195588e-05,0.9596916934362317,0.9596385666417565,-0.1133007010339735,0.9997643720663016,0.000878425650249444,0.9988859464160522,False,False,False,1.0
2023-04-03,2023-04-04 00:00:00,0.13492364310743676,0.0,0.0,0.06746182155371838,0.0,0.0,0.06746182155371838,0.0,0.06746182155371838,0.06746182155371838,False,0.5,0.0,0.0007127424994988196,4.8082907314940584e-05,0.0,5.7758408864484914e-08,4.80251489060761e-05,0.9611301130834454,0.9611762715002444,-0.11187987253933585,0.9999041520746746,0.0003373091077685919,0.999566842966906,False,False,False,1.0
2023-04-04,2023-04-05 00:00:00,0.13724925876502828,0.0,0.0,0.06862462938251414,0.0,0.0,0.06862462938251414,0.0,0.06862462938251414,0.06862462938251414,False,0.5,0.0,-0.00029513562823635375,-2.025357310529525e-05,0.0,5.875396351242648e-08,-2.0312327068807677e-05,0.9635987847491916,0.9635792118155126,-0.10965957255653935,0.9999649578015819,0.0003431231469125707,0.9996218346546694,False,False,False,1.0
2023-04-05,2023-04-06 00:00:00,0.13729669255672686,0.0,0.0,0.06864834627836343,0.0,0.0,0.06864834627836343,0.0,0.06864834627836343,0.06864834627836343,False,0.5,0.0,-0.0024289454591337467,-0.0001667430889698719,0.0,5.877426907394129e-08,-0.00016680186323894585,0.9649653280219853,0.9648043700073103,-0.10852753498786272,0.9998104604428105,0.00034324173139181716,0.9994672187114187,False,False,False,1.0
2023-04-06,2023-04-07 00:00:00,0.1358296285035043,0.0,0.0,0.06791481425175215,0.0,0.0,0.06791481425175215,0.0,0.06791481425175215,0.06791481425175215,False,0.5,0.0,0.0001706876043461314,1.1592216944244077e-05,0.0,5.814624507855492e-08,1.1534070699165523e-05,0.9640198741059957,0.964030993179379,-0.10924212974780767,0.9999427052825928,0.00033957407125876076,0.999603131211334,False,False,False,1.0
2023-04-07,2023-04-08 00:00:00,0.13559787255558095,0.0,0.0,0.06779893627779048,0.0,0.0,0.06779893627779048,0.0,0.06779893627779048,0.06779893627779048,False,0.5,0.0,0.0005538140582741491,3.754800404667357e-05,0.0,5.8047034484409654e-08,3.748995701218916e-05,0.9635001420626804,0.9635362636415875,-0.10969925636775235,0.9999656748424763,0.0003389946813889524,0.9996266801610874,False,False,False,1.0
2023-04-08,2023-04-09 00:00:00,0.1355179589777906,0.0,0.0,0.0677589794888953,0.0,0.0,0.0677589794888953,0.0,0.0677589794888953,0.0677589794888953,False,0.5,0.0,0.0009323160015430876,6.317278082572695e-05,0.0,5.8012824904876114e-08,6.311476800082207e-05,0.9637272690553775,0.96378809447838,-0.10946656644239494,0.9999894131903708,0.0003387948974444765,0.9996506182929263,False,False,False,1.0
2023-04-09,2023-04-10 00:00:00,0.13530187873027444,0.0,0.0,0.06765093936513722,0.0,0.0,0.06765093936513722,0.0,0.06765093936513722,0.06765093936513722,False,0.5,0.0,-0.00040807443277657285,-2.7606618708230695e-05,0.0,5.7920324798918845e-08,-2.7664539033029615e-05,0.9627270810150705,0.9627004476141596,-0.1104715445097123,0.9999609247252342,0.0003382546968256861,0.9996226700284085,False,False,False,1.0
2023-04-10,2023-04-11 00:00:00,0.1361219364626185,0.0,0.0,0.06806096823130925,0.0,0.0,0.06806096823130925,0.0,0.06806096823130925,0.06806096823130925,False,0.5,0.0,-0.0011378090734907031,-7.744038720414616e-05,0.0,5.827137691036751e-08,-7.749865858105653e-05,0.9636253495307519,0.9635506698587885,-0.1096859451241895,0.9998837811478168,0.00034030484115654626,0.9995434763066603,False,False,False,1.0
2023-04-11,2023-04-12 00:00:00,0.14834443636919536,0.0,0.0,0.07417221818459768,0.0,0.0,0.07417221818459768,0.0,0.07417221818459768,0.07417221818459768,False,0.5,0.0,0.0008313942848179323,6.166635829094322e-05,0.0,6.350361145941582e-08,6.16028546794838e-05,0.9655126707713414,0.96557214910809,-0.10781811248851014,0.9999654188492948,0.00037086109092298843,0.9995945577583718,False,False,False,1.0
2023-04-12,2023-04-13 00:00:00,0.14830987477381505,0.0,0.0,0.07415493738690752,0.0,0.0,0.07415493738690752,0.0,0.07415493738690752,0.07415493738690752,False,0.5,0.0,-0.00198350558513416,-0.000147086732472205,0.0,6.348881625591397e-08,-0.00014715022128846092,0.9656530282341784,0.9655109321773859,-0.10787467650274118,0.9997533726991186,0.0003707746869345376,0.999382598012184,False,False,False,1.0
2023-04-13,2023-04-14 00:00:00,0.14785800322586715,0.0,0.0,0.07392900161293357,0.0,0.0,0.07392900161293357,0.0,0.07392900161293357,0.07392900161293357,False,0.5,0.0,0.0010225051375871708,7.559278396591481e-05,0.0,6.329537809326504e-08,7.552948858782154e-05,0.9685674477421324,0.9686406031461233,-0.10498288249774912,0.9999969722817214,0.0003696450080646679,0.9996273272736567,False,False,False,1.0
2023-04-14,2023-04-15 00:00:00,0.19489514633355068,0.0,0.0,0.09744757316677534,0.0,0.0,0.09744757316677534,0.0,0.09744757316677534,0.09744757316677534,False,0.5,0.0,-0.002465619383934081,-0.00024026862531733591,0.0,8.34311414099104e-08,-0.00024035205645874582,0.9710566987142109,0.9708233032397369,-0.10296608293368703,0.9995566705194028,0.0004872378658338767,0.999069432653569,False,False,False,1.0
2023-04-15,2023-04-16 00:00:00,0.2021199571759533,0.0,0.0,0.10105997858797665,0.0,0.0,0.10105997858797665,0.0,0.10105997858797665,0.10105997858797665,False,0.5,0.0,-0.0028985920445527835,-0.00029293164995778374,0.0,8.652395427052794e-08,-0.0002930181739120543,0.972949397352094,0.9726643054963731,-0.10126500977229169,0.9996940159989587,0.0005052998929398832,0.9991887161060188,False,False,False,1.0
2023-04-16,2023-04-17 00:00:00,0.24782886983006402,0.0,0.0,0.12391443491503201,0.0,0.0,0.12391443491503201,0.0,0.12391443491503201,0.12391443491503201,False,0.5,0.0,-0.0006824244680190272,-8.456224232676909e-05,0.0,1.0609112578341782e-07,-8.466833345255251e-05,0.9724993084494201,0.97241696855369,-0.10149354737103888,0.9999058701569165,0.0006195721745751601,0.9992862979823413,False,False,False,1.0
2023-04-17,2023-04-18 00:00:00,0.2474803015443287,0.0,0.0,0.12374015077216435,0.0,0.0,0.12374015077216435,0.0,0.12374015077216435,0.12374015077216435,False,0.5,0.0,0.0012516128408712746,0.00015487476163778848,0.0,1.0594190990767496e-07,0.0001547688197278808,0.9698607975304345,0.9700109017413686,-0.10371673621516464,0.9998013673366085,0.0006187007538608218,0.9991826665827477,False,False,False,1.0
2023-04-18,2023-04-19 00:00:00,0.25273095077252083,0.0,0.0,0.12636547538626042,0.0,0.0,0.12636547538626042,0.0,0.12636547538626042,0.12636547538626042,False,0.5,0.0,0.0004630381027848074,5.85120299803543e-05,0.0,1.0818961933755173e-07,5.8403840361016746e-05,0.971357630443732,0.9714143614597139,-0.1024199492876251,0.9997851466281846,0.0006318273769313021,0.9991533192512533,False,False,False,1.0
2023-04-19,2023-04-20 00:00:00,0.2617667787380194,0.0,0.0,0.1308833893690097,0.0,0.0,0.1308833893690097,0.0,0.1308833893690097,0.1308833893690097,False,0.5,0.0,-0.0006601990676577962,-8.640909163331253e-05,0.0,1.120576963775768e-07,-8.65211493296901e-05,0.9645276018127196,0.9644441497760505,-0.10886037595282017,0.9992578251324756,0.0006544169468450486,0.9986034081856305,False,False,False,1.0
2023-04-20,2023-04-21 00:00:00,0.2613332554682894,0.0,0.0,0.1306666277341447,0.0,0.0,0.1306666277341447,0.0,0.1306666277341447,0.1306666277341447,False,0.5,0.0,-0.0038892783853353707,-0.0005081988909310723,0.0,1.1187211278608279e-07,-0.0005083107630438583,0.962628112908102,0.9621387986775023,-0.11099050418443845,0.9991158895307676,0.0006533331386707235,0.9984625563920968,False,False,False,1.0
2023-04-21,2023-04-22 00:00:00,0.23287591893756826,0.0,0.0,0.11643795946878413,0.0,0.0,0.11643795946878413,0.0,0.11643795946878413,0.11643795946878413,False,0.5,0.0,-0.002707061398456334,-0.0003152047053929687,0.0,9.969003379176724e-08,-0.0003153043954267605,0.9600087284048078,0.9597060334330937,-0.11323836219239125,0.9993426649668063,0.0005821897973439207,0.9987604751694624,False,False,False,1.0
2023-04-22,2023-04-23 00:00:00,0.23397830460294555,0.0,0.0,0.11698915230147278,0.0,0.0,0.11698915230147278,0.0,0.11698915230147278,0.11698915230147278,False,0.5,0.0,0.0015721667462587074,0.00018392645492137084,0.0,1.001619454635897e-07,0.00018382629297590726,0.9572953452455805,0.95747132130018,-0.1153032205156449,0.9999333598919055,0.0005849457615073639,0.9993484141303981,False,False,False,1.0
2023-04-23,2023-04-24 00:00:00,0.22991396435095035,0.0,0.0,0.11495698217547518,0.0,0.0,0.11495698217547518,0.0,0.11495698217547518,0.11495698217547518,False,0.5,0.0,0.0012436605614238871,0.00014296746499194724,0.0,9.842207378037257e-08,0.00014286904291816685,0.9569514536714827,0.9570881724097879,-0.11565724740068262,0.9998903550787765,0.0005747849108773759,0.9993155701678992,False,False,False,1.0
2023-04-24,2023-04-25 00:00:00,0.22844844693544672,0.0,0.0,0.11422422346772336,0.0,0.0,0.11422422346772336,0.0,0.11422422346772336,0.11422422346772336,False,0.5,0.0,-0.0026529669194597094,-0.0003030330862608435,0.0,9.779471187305082e-08,-0.0003031308809727165,0.9559177838447647,0.9556280156448104,-0.11700642200130018,0.9995124411956268,0.0005711211173386169,0.9989413200782882,False,False,False,1.0
2023-04-25,2023-04-26 00:00:00,0.24106192926700723,0.0,0.0,0.12053096463350362,0.0,0.0,0.12053096463350362,0.0,0.12053096463350362,0.12053096463350362,False,0.5,0.0,-0.0001652528368404349,-1.9918083832800603e-05,0.0,1.0319431903553392e-07,-2.002127815183614e-05,0.9544280048657199,0.9544088959971586,-0.11813287999757627,0.999643363105074,0.0006026548231675181,0.9990407082819064,False,False,False,1.0
2023-04-26,2023-04-27 00:00:00,0.0,0.0,0.0,0.0,0.0,0.0,0.0,0.0,0.0,0.0,False,0.5,0.0,0.0015069040809423395,0.0,0.0,0.0,0.0,0.9544412696990977,0.9544412696990977,-0.11810296692424616,1.0,0.0,1.0,False,False,False,0.0
2023-04-27,2023-04-28 00:00:00,0.0,0.0,0.0,0.0,0.0,0.0,0.0,0.0,0.0,0.0,False,0.5,0.0,0.004748759928504098,0.0,0.0,0.0,0.0,0.9544412696990977,0.9544412696990977,-0.11810296692424616,1.0,0.0,1.0,False,False,False,0.0
2023-04-28,2023-04-29 00:00:00,0.0,0.0,0.0,0.0,0.0,0.0,0.0,0.0,0.0,0.0,False,0.5,0.0,0.0024330512481340882,0.0,0.0,0.0,0.0,0.9544412696990977,0.9544412696990977,-0.11810296692424616,1.0,0.0,1.0,False,False,False,0.0
2023-04-29,2023-04-30 00:00:00,0.0,0.0,0.0,0.0,0.0,0.0,0.0,0.0,0.0,0.0,False,0.5,0.0,-0.0031383379362289743,-0.0,0.0,0.0,-0.0,0.9544412696990977,0.9544412696990977,-0.11810296692424616,1.0,0.0,1.0,False,False,False,0.0
2023-04-30,2023-05-01 00:00:00,0.0,0.0,0.0,0.0,0.0,0.0,0.0,0.0,0.0,0.0,False,0.5,0.0,-0.006982626191572194,-0.0,0.0,0.0,-0.0,0.9544412696990977,0.9544412696990977,-0.11810296692424616,1.0,0.0,1.0,False,False,False,0.0
2023-05-01,2023-05-02 00:00:00,0.0,0.0,0.0,0.0,0.0,0.0,0.0,0.0,0.0,0.0,False,0.5,0.0,0.0001635965055786226,0.0,0.0,0.0,0.0,0.9544412696990977,0.9544412696990977,-0.11810296692424616,1.0,0.0,1.0,False,False,False,0.0
2023-05-02,2023-05-03 00:00:00,0.0,0.0,0.0,0.0,0.0,0.0,0.0,0.0,0.0,0.0,False,0.5,0.0,-0.0020616564120735648,-0.0,0.0,0.0,-0.0,0.9544412696990977,0.9544412696990977,-0.11810296692424616,1.0,0.0,1.0,False,False,False,0.0
2023-05-03,2023-05-04 00:00:00,0.0,0.0,0.0,0.0,0.0,0.0,0.0,0.0,0.0,0.0,False,0.5,0.0,0.0006208933305258402,0.0,0.0,0.0,0.0,0.9544412696990977,0.9544412696990977,-0.11810296692424616,1.0,0.0,1.0,False,False,False,0.0
2023-05-04,2023-05-05 00:00:00,0.0,0.0,0.0,0.0,0.0,0.0,0.0,0.0,0.0,0.0,False,0.5,0.0,-0.0003021019938731495,-0.0,0.0,0.0,-0.0,0.9544412696990977,0.9544412696990977,-0.11810296692424616,1.0,0.0,1.0,False,False,False,0.0
2023-05-05,2023-05-06 00:00:00,0.0,0.0,0.0,0.0,0.0,0.0,0.0,0.0,0.0,0.0,False,0.5,0.0,0.0025716045580534974,0.0,0.0,0.0,0.0,0.9544412696990977,0.9544412696990977,-0.11810296692424616,1.0,0.0,1.0,False,False,False,0.0
2023-05-06,2023-05-07 00:00:00,0.2089046853989995,0.0,0.0,0.10445234269949975,0.0,0.0,0.10445234269949975,0.0,0.10445234269949975,0.10445234269949975,False,0.5,0.0,-0.0030851741716227954,-0.0003222536698619895,0.0,8.942837559888678e-08,-0.00032234309823758837,0.9486648488292183,0.9483590532626576,-0.12372289221468569,0.9996277380888751,0.0005222617134974988,0.9991054763753776,False,False,False,1.0
2023-05-07,2023-05-08 00:00:00,0.2043107949599649,0.0,0.0,0.10215539747998245,0.0,0.0,0.10215539747998245,0.0,0.10215539747998245,0.10215539747998245,False,0.5,0.0,-0.0009327774882751383,-9.528825507512643e-05,0.0,8.746181291094387e-08,-9.537571688803736e-05,0.950497582971879,0.9504069285835027,-0.12183066979419899,0.9998753457689827,0.0005107769873999123,0.9993645687815829,False,False,False,1.0
2023-05-08,2023-05-09 00:00:00,0.19715544555397632,0.0,0.0,0.09857772277698816,0.0,0.0,0.09857772277698816,0.0,0.09857772277698816,0.09857772277698816,False,0.5,0.0,0.0005364749305265537,5.2884476978250595e-05,0.0,8.439873525427068e-08,5.280007824299633e-05,0.9478145555847,0.9478646002673946,-0.12417976331127534,0.9999687137598476,0.0004928886138849408,0.9994758251459627,False,False,False,1.0
2023-05-09,2023-05-10 00:00:00,0.19553243638469409,0.0,0.0,0.09776621819234704,0.0,0.0,0.09776621819234704,0.0,0.09776621819234704,0.09776621819234704,False,0.5,0.0,-0.0022508596656796165,-0.0002200580371951867,0.0,8.370395393180397e-08,-0.0002201417411491185,0.9468116883245096,0.9466032555509014,-0.1253452369747432,0.9995778290728958,0.0004888310909617352,0.9990889979819341,False,False,False,1.0
2023-05-10,2023-05-11 00:00:00,0.1920946260944577,0.0,0.0,0.09604731304722885,0.0,0.0,0.09604731304722885,0.0,0.09604731304722885,0.09604731304722885,False,0.5,0.0,-0.001679534209179323,-0.0001613147479625764,0.0,8.223228856783292e-08,-0.0001613969802511442,0.9483693520607235,0.9482162881111381,-0.12385480621248601,0.9997894404298936,0.0004802365652361443,0.9993092038646575,False,False,False,1.0
2023-05-11,2023-05-12 00:00:00,0.1924839770660787,0.0,0.0,0.09624198853303935,0.0,0.0,0.09624198853303935,0.0,0.09624198853303935,0.09624198853303935,False,0.5,0.0,0.00017707145940071278,1.704170936517194e-05,0.0,8.239896278513643e-08,1.6959310402386806e-05,0.945024905864222,0.9450409328349386,-0.12678881219687166,0.999797014748908,0.00048120994266519674,0.9993158048062428,False,False,False,1.0
2023-05-12,2023-05-13 00:00:00,0.19186699524102677,0.0,0.0,0.09593349762051338,0.0,0.0,0.09593349762051338,0.0,0.09593349762051338,0.09593349762051338,False,0.5,0.0,-5.663893246932172e-05,-5.433570893274094e-06,0.0,8.213484385317927e-08,-5.515705737127273e-06,0.9429328296421844,0.9429276287021662,-0.12874149038027238,0.9999151541592209,0.0004796674881025669,0.9994354866711184,False,False,False,1.0
2023-05-13,2023-05-14 00:00:00,0.0,0.0,0.0,0.0,0.0,0.0,0.0,0.0,0.0,0.0,False,0.5,0.0,-0.0003283999131687976,-0.0,0.0,0.0,-0.0,0.9430524225698792,0.9430524225698792,-0.1286261817225518,1.0,0.0,1.0,False,False,False,0.0
2023-05-14,2023-05-15 00:00:00,0.0,0.0,0.0,0.0,0.0,0.0,0.0,0.0,0.0,0.0,False,0.5,0.0,0.0004896108968681645,0.0,0.0,0.0,0.0,0.9430524225698792,0.9430524225698792,-0.1286261817225518,1.0,0.0,1.0,False,False,False,0.0
2023-05-15,2023-05-16 00:00:00,0.0,0.0,0.0,0.0,0.0,0.0,0.0,0.0,0.0,0.0,False,0.5,0.0,-0.00025163425508056836,-0.0,0.0,0.0,-0.0,0.9430524225698792,0.9430524225698792,-0.1286261817225518,1.0,0.0,1.0,False,False,False,0.0
2023-05-16,2023-05-17 00:00:00,0.0,0.0,0.0,0.0,0.0,0.0,0.0,0.0,0.0,0.0,False,0.5,0.0,0.0011772083658807553,0.0,0.0,0.0,0.0,0.9430524225698792,0.9430524225698792,-0.1286261817225518,1.0,0.0,1.0,False,False,False,0.0
2023-05-17,2023-05-18 00:00:00,0.0,0.0,0.0,0.0,0.0,0.0,0.0,0.0,0.0,0.0,False,0.5,0.0,0.001314711961093451,0.0,0.0,0.0,0.0,0.9430524225698792,0.9430524225698792,-0.1286261817225518,1.0,0.0,1.0,False,False,False,0.0
2023-05-18,2023-05-19 00:00:00,0.0,0.0,0.0,0.0,0.0,0.0,0.0,0.0,0.0,0.0,False,0.5,0.0,-0.0013087848733184249,-0.0,0.0,0.0,-0.0,0.9430524225698792,0.9430524225698792,-0.1286261817225518,1.0,0.0,1.0,False,False,False,0.0
2023-05-19,2023-05-20 00:00:00,0.0,0.0,0.0,0.0,0.0,0.0,0.0,0.0,0.0,0.0,False,0.5,0.0,-0.0015288669885720196,-0.0,0.0,0.0,-0.0,0.9430524225698792,0.9430524225698792,-0.1286261817225518,1.0,0.0,1.0,False,False,False,0.0
2023-05-20,2023-05-21 00:00:00,0.0,0.0,0.0,0.0,0.0,0.0,0.0,0.0,0.0,0.0,False,0.5,0.0,-0.0004126002618636271,-0.0,0.0,0.0,-0.0,0.9430524225698792,0.9430524225698792,-0.1286261817225518,1.0,0.0,1.0,False,False,False,0.0
2023-05-21,2023-05-22 00:00:00,0.0,0.0,0.0,0.0,0.0,0.0,0.0,0.0,0.0,0.0,False,0.5,0.0,0.002167742221630853,0.0,0.0,0.0,0.0,0.9430524225698792,0.9430524225698792,-0.1286261817225518,1.0,0.0,1.0,False,False,False,0.0
2023-05-22,2023-05-23 00:00:00,0.0,0.0,0.0,0.0,0.0,0.0,0.0,0.0,0.0,0.0,False,0.5,0.0,-0.0003466776723071163,-0.0,0.0,0.0,-0.0,0.9430524225698792,0.9430524225698792,-0.1286261817225518,1.0,0.0,1.0,False,False,False,0.0
2023-05-23,2023-05-24 00:00:00,0.0,0.0,0.0,0.0,0.0,0.0,0.0,0.0,0.0,0.0,False,0.5,0.0,0.0003123502199915418,0.0,0.0,0.0,0.0,0.9430524225698792,0.9430524225698792,-0.1286261817225518,1.0,0.0,1.0,False,False,False,0.0
2023-05-24,2023-05-25 00:00:00,0.22428921131228852,0.0,0.0,0.11214460565614426,0.0,0.0,0.11214460565614426,0.0,0.11214460565614426,0.11214460565614426,False,0.5,0.0,0.0011444905342257172,0.00012834843963793294,0.0,9.601421717135637e-08,0.00012825242542076158,0.9392400634794533,0.9393605232956469,-0.1320374707350087,0.9999535733295233,0.0005607230282807214,0.9993928503012426,False,False,False,1.0
2023-05-25,2023-05-26 00:00:00,0.220898489078223,0.0,0.0,0.1104492445391115,0.0,0.0,0.1104492445391115,0.0,0.1104492445391115,0.1104492445391115,False,0.5,0.0,0.0003629378985336995,4.0086216707659815e-05,0.0,9.456270936567765e-08,3.9991653998294136e-05,0.9392364950719092,0.9392740566928428,-0.13211736526900875,0.9998562117681693,0.0005522462226955575,0.9993039655454737,False,False,False,1.0
2023-05-26,2023-05-27 00:00:00,0.2144060855040465,0.0,0.0,0.10720304275202325,0.0,0.0,0.10720304275202325,0.0,0.10720304275202325,0.10720304275202325,False,0.5,0.0,-0.0012276365541060708,-0.00013160637399377962,0.0,9.178342701371853e-08,-0.00013169815742079333,0.9415693389088863,0.9414453359618681,-0.13011111846669277,0.999808055369151,0.0005360152137601162,0.9992720401553908,False,False,False,1.0
2023-05-27,2023-05-28 00:00:00,0.21501753556552186,0.0,0.0,0.10750876778276093,0.0,0.0,0.10750876778276093,0.0,0.10750876778276093,0.10750876778276093,False,0.5,0.0,0.0005212019465521411,5.603377903979711e-05,0.0,9.204517789619943e-08,5.5941733861900914e-05,0.9410076830992531,0.9410603247006231,-0.1304668661693249,0.9999910605160263,0.0005375438389138047,0.9994535166771125,False,False,False,1.0
2023-05-28,2023-05-29 00:00:00,0.254741305915737,0.0,0.0,0.1273706529578685,0.0,0.0,0.1273706529578685,0.0,0.1273706529578685,0.1273706529578685,False,0.5,0.0,0.0014116625040720976,0.00017980437489980279,0.0,1.0905021657351755e-07,0.00017969532468322926,0.9422538445583464,0.9424231631688784,-0.12920761299170946,0.9999743034041246,0.0006368532647893425,0.9993374501393353,False,False,False,1.0
2023-05-29,2023-05-30 00:00:00,0.26193149009584865,0.0,0.0,0.13096574504792433,0.0,0.0,0.13096574504792433,0.0,0.13096574504792433,0.13096574504792433,False,0.5,0.0,-0.0014529201052442264,-0.00019028276407841873,0.0,1.1212820637664754e-07,-0.00019039489228479537,0.9456409940135385,0.9454609487983432,-0.12640072039517514,0.9996027158478626,0.0006548287252396216,0.9989478871226231,False,False,False,1.0
2023-05-30,2023-05-31 00:00:00,0.2606371217107901,0.0,0.0,0.13031856085539506,0.0,0.0,0.13031856085539506,0.0,0.13031856085539506,0.13031856085539506,False,0.5,0.0,-9.995843833354723e-05,-1.3026439828980628e-05,0.0,1.1157411032139988e-07,-1.3138013939302027e-05,0.9461639869842917,0.9461515562686419,-0.1257626039406463,0.99994846826867,0.0006515928042769753,0.999296875464393,False,False,False,1.0
2023-05-31,2023-06-01 00:00:00,0.2552846148961721,0.0,0.0,0.12764230744808605,0.0,0.0,0.12764230744808605,0.0,0.12764230744808605,0.12764230744808605,False,0.5,0.0,-0.000473326950591213,-6.041654415082864e-05,0.0,1.092827974726764e-07,-6.052582694830132e-05,0.9434949674769966,0.9434378616638684,-0.12827003870546738,0.9998605207346728,0.0006382115372404303,0.9992223091974324,False,False,False,1.0
2023-06-01,2023-06-02 00:00:00,0.25552367798336506,0.0,0.0,0.12776183899168253,0.0,0.0,0.12776183899168253,0.0,0.12776183899168253,0.12776183899168253,False,0.5,0.0,0.0004616681250368959,5.898356865855585e-05,0.0,1.0938513612301587e-07,5.887418352243284e-05,0.9437357554164374,0.9437913170884984,-0.12794344837434724,0.9998887820320419,0.0006388091949584126,0.9992499728370835,False,False,False,1.0
2023-06-02,2023-06-03 00:00:00,0.27333414385022603,0.0,0.0,0.13666707192511302,0.0,0.0,0.13666707192511302,0.0,0.13666707192511302,0.13666707192511302,False,0.5,0.0,0.002256846031182702,0.0003084365388675522,0.0,1.1700947938793923e-07,0.00030831952938816426,0.945433209403749,0.9457247049259404,-0.12615701158482917,0.9998999669286339,0.0006833353596255651,0.9992166315690083,False,False,False,1.0
2023-06-03,2023-06-04 00:00:00,0.27540931226481535,0.0,0.0,0.13770465613240768,0.0,0.0,0.13770465613240768,0.0,0.13770465613240768,0.13770465613240768,False,0.5,0.0,0.0012836025040769972,0.0001767580414346203,0.0,1.1789782203117095e-07,0.00017664014361258912,0.9463432533201457,0.9465104155283189,-0.12543102050387744,0.999849203116037,0.0006885232806620384,0.9991606798353749,False,False,False,1.0
2023-06-04,2023-06-05 00:00:00,0.27286920161456,0.0,0.0,0.13643460080728,0.0,0.0,0.13643460080728,0.0,0.13643460080728,0.13643460080728,False,0.5,0.0,-0.001134721966851382,-0.0001548153385746199,0.0,1.1681044589664384e-07,-0.00015493214902051656,0.9465172305967531,0.9463705846481317,-0.12556022325556515,0.9997963296888357,0.0006821730040364,0.9991141566847993,False,False,False,1.0
2023-06-05,2023-06-06 00:00:00,0.276181897255853,0.0,0.0,0.1380909486279265,0.0,0.0,0.1380909486279265,0.0,0.1380909486279265,0.1380909486279265,False,0.5,0.0,-0.018659492565316294,-0.002576707029260269,0.0,1.1822855190747132e-07,-0.002576825257812176,0.9446431890567037,0.9422090086275221,-0.12940549028456938,0.9974075402875173,0.0006904547431396326,0.9967170855443777,False,False,False,1.0
2023-06-06,2023-06-07 00:00:00,0.0,0.0,0.0,0.0,0.0,0.0,0.0,0.0,0.0,0.0,False,0.5,0.0,0.0004562688075089305,0.0,0.0,0.0,0.0,0.9417228476119536,0.9417228476119536,-0.12985469965013052,1.0,0.0,1.0,False,False,False,0.0
2023-06-07,2023-06-08 00:00:00,0.0,0.0,0.0,0.0,0.0,0.0,0.0,0.0,0.0,0.0,False,0.5,0.0,-0.00022824846475721916,-0.0,0.0,0.0,-0.0,0.9417228476119536,0.9417228476119536,-0.12985469965013052,1.0,0.0,1.0,False,False,False,0.0
2023-06-08,2023-06-09 00:00:00,0.0,0.0,0.0,0.0,0.0,0.0,0.0,0.0,0.0,0.0,False,0.5,0.0,-0.001162484056208224,-0.0,0.0,0.0,-0.0,0.9417228476119536,0.9417228476119536,-0.12985469965013052,1.0,0.0,1.0,False,False,False,0.0
2023-06-09,2023-06-10 00:00:00,0.0,0.0,0.0,0.0,0.0,0.0,0.0,0.0,0.0,0.0,False,0.5,0.0,-0.0033276159660637905,-0.0,0.0,0.0,-0.0,0.9417228476119536,0.9417228476119536,-0.12985469965013052,1.0,0.0,1.0,False,False,False,0.0
2023-06-10,2023-06-11 00:00:00,0.0,0.0,0.0,0.0,0.0,0.0,0.0,0.0,0.0,0.0,False,0.5,0.0,-0.0008222360219876101,-0.0,0.0,0.0,-0.0,0.9417228476119536,0.9417228476119536,-0.12985469965013052,1.0,0.0,1.0,False,False,False,0.0
2023-06-11,2023-06-12 00:00:00,0.0,0.0,0.0,0.0,0.0,0.0,0.0,0.0,0.0,0.0,False,0.5,0.0,-0.0005853322621369728,-0.0,0.0,0.0,-0.0,0.9417228476119536,0.9417228476119536,-0.12985469965013052,1.0,0.0,1.0,False,False,False,0.0
2023-06-12,2023-06-13 00:00:00,0.0,0.0,0.0,0.0,0.0,0.0,0.0,0.0,0.0,0.0,False,0.5,0.0,-0.0015215787532275593,-0.0,0.0,0.0,-0.0,0.9417228476119536,0.9417228476119536,-0.12985469965013052,1.0,0.0,1.0,False,False,False,0.0
2023-06-13,2023-06-14 00:00:00,0.0,0.0,0.0,0.0,0.0,0.0,0.0,0.0,0.0,0.0,False,0.5,0.0,-0.0026218739195575935,-0.0,0.0,0.0,-0.0,0.9417228476119536,0.9417228476119536,-0.12985469965013052,1.0,0.0,1.0,False,False,False,0.0
2023-06-14,2023-06-15 00:00:00,0.0,0.0,0.0,0.0,0.0,0.0,0.0,0.0,0.0,0.0,False,0.5,0.0,0.00024700293531387807,0.0,0.0,0.0,0.0,0.9417228476119536,0.9417228476119536,-0.12985469965013052,1.0,0.0,1.0,False,False,False,0.0
2023-06-15,2023-06-16 00:00:00,0.0,0.0,0.0,0.0,0.0,0.0,0.0,0.0,0.0,0.0,False,0.5,0.0,-0.0018171983541895864,-0.0,0.0,0.0,-0.0,0.9417228476119536,0.9417228476119536,-0.12985469965013052,1.0,0.0,1.0,False,False,False,0.0
2023-06-16,2023-06-17 00:00:00,0.0,0.0,0.0,0.0,0.0,0.0,0.0,0.0,0.0,0.0,False,0.5,0.0,0.008469852002373823,0.0,0.0,0.0,0.0,0.9417228476119536,0.9417228476119536,-0.12985469965013052,1.0,0.0,1.0,False,False,False,0.0
2023-06-17,2023-06-18 00:00:00,0.0,0.0,0.0,0.0,0.0,0.0,0.0,0.0,0.0,0.0,False,0.5,0.0,-2.314560320337833e-05,-0.0,0.0,0.0,-0.0,0.9417228476119536,0.9417228476119536,-0.12985469965013052,1.0,0.0,1.0,False,False,False,0.0
2023-06-18,2023-06-19 00:00:00,0.0,0.0,0.0,0.0,0.0,0.0,0.0,0.0,0.0,0.0,False,0.5,0.0,0.0005065185483639212,0.0,0.0,0.0,0.0,0.9417228476119536,0.9417228476119536,-0.12985469965013052,1.0,0.0,1.0,False,False,False,0.0
2023-06-19,2023-06-20 00:00:00,0.0,0.0,0.0,0.0,0.0,0.0,0.0,0.0,0.0,0.0,False,0.5,0.0,0.0008719561464187731,0.0,0.0,0.0,0.0,0.9417228476119536,0.9417228476119536,-0.12985469965013052,1.0,0.0,1.0,False,False,False,0.0
2023-06-20,2023-06-21 00:00:00,0.0,0.0,0.0,0.0,0.0,0.0,0.0,0.0,0.0,0.0,False,0.5,0.0,0.004878784538719927,0.0,0.0,0.0,0.0,0.9417228476119536,0.9417228476119536,-0.12985469965013052,1.0,0.0,1.0,False,False,False,0.0
2023-06-21,2023-06-22 00:00:00,0.0,0.0,0.0,0.0,0.0,0.0,0.0,0.0,0.0,0.0,False,0.5,0.0,0.001765291977126937,0.0,0.0,0.0,0.0,0.9417228476119536,0.9417228476119536,-0.12985469965013052,1.0,0.0,1.0,False,False,False,0.0
2023-06-22,2023-06-23 00:00:00,0.24020858530000247,0.0,0.0,0.12010429265000123,0.0,0.0,0.12010429265000123,0.0,0.12010429265000123,0.12010429265000123,False,0.5,0.0,0.0002610312331861042,3.1350971621374574e-05,0.0,1.0282901767979557e-07,3.124814260369478e-05,0.9424147977102423,0.942444246422233,-0.12918813221361314,0.9998828108892127,0.0006005214632500062,0.9992822894259628,False,False,False,1.0
2023-06-23,2023-06-24 00:00:00,0.21029710169173027,0.0,0.0,0.10514855084586514,0.0,0.0,0.10514855084586514,0.0,0.10514855084586514,0.10514855084586514,False,0.5,0.0,0.009154859178272412,0.0009626201757933118,0.0,9.002444421735029e-08,0.0009625301513490945,0.9436913652961737,0.9445996966888391,-0.12719651129841358,0.9996602267640976,0.0005257427542293256,0.9991344840098683,False,False,False,1.0
2023-06-24,2023-06-25 00:00:00,0.21180790060195134,0.0,0.0,0.10590395030097567,0.0,0.0,0.10590395030097567,0.0,0.10590395030097567,0.10590395030097567,False,0.5,0.0,-0.00035739814152968563,-3.7849875018220895e-05,0.0,9.06711903261778e-08,-3.7940546208547073e-05,0.9423249426393399,0.9422891903163102,-0.1293314029670003,0.9996434425954291,0.0005295197515048784,0.9991139228439243,False,False,False,1.0
2023-06-25,2023-06-26 00:00:00,0.21740819807873882,0.0,0.0,0.10870409903936941,0.0,0.0,0.10870409903936941,0.0,0.10870409903936941,0.10870409903936941,False,0.5,0.0,-0.0009160661050245933,-9.958014060720277e-05,0.0,9.306857794466559e-08,-9.967320918514743e-05,0.9430851119528312,0.9429911116331882,-0.12868283259765478,0.9997604541077654,0.0005435204951968471,0.9992169336125686,False,False,False,1.0
2023-06-26,2023-06-27 00:00:00,0.21361612855340362,0.0,0.0,0.10680806427670181,0.0,0.0,0.10680806427670181,0.0,0.10680806427670181,0.10680806427670181,False,0.5,0.0,-0.0007511558278054942,-8.022949993806838e-05,0.0,9.144526051087483e-08,-8.032094519857925e-05,0.9432046177751845,0.9431288586887691,-0.12855555528527496,0.9998445345231693,0.0005340403213835091,0.9993104942017859,False,False,False,1.0
2023-06-27,2023-06-28 00:00:00,0.21590948029616785,0.0,0.0,0.10795474014808393,0.0,0.0,0.10795474014808393,0.0,0.10795474014808393,0.10795474014808393,False,0.5,0.0,0.0009734702610184609,0.00010509072907013538,0.0,9.242700355144171e-08,0.00010499830206658394,0.9420915880222015,0.9421905060393351,-0.129422586546167,0.9999999075729964,0.0005397737007404197,0.999460133872256,False,False,False,1.0
2023-06-28,2023-06-29 00:00:00,0.21605366559788275,0.0,0.0,0.10802683279894137,0.0,0.0,0.10802683279894137,0.0,0.10802683279894137,0.10802683279894137,False,0.5,0.0,-0.0005589354429562654,-6.0380025641638716e-05,0.0,9.24887267114224e-08,-6.047251436835014e-05,0.9416186139222328,0.9415616718770728,-0.13000362489771544,0.9998088976224646,0.0005401341639947069,0.9992687634584699,False,False,False,1.0
2023-06-29,2023-06-30 00:00:00,0.21608972208243185,0.0,0.0,0.10804486104121593,0.0,0.0,0.10804486104121593,0.0,0.10804486104121593,0.10804486104121593,False,0.5,0.0,-0.0004533164958634428,-4.897851780325661e-05,0.0,9.25041618503561e-08,-4.9071021965106964e-05,0.9412073387873963,0.941161152781401,-0.13037370173049379,0.9998710473478081,0.0005402243052060797,0.999330823042602,False,False,False,1.0
2023-06-30,2023-07-01 00:00:00,0.21959874744472113,0.0,0.0,0.10979937372236057,0.0,0.0,0.10979937372236057,0.0,0.10979937372236057,0.10979937372236057,False,0.5,0.0,0.003151652993258036,0.00034604952484993545,0.0,9.400631311845938e-08,0.000345955518536817,0.9408895896341198,0.9412150955799876,-0.13032385896327525,0.9999113125586309,0.0005489968686118029,0.9993623156900191,False,False,False,1.0
2023-07-01,2023-07-02 00:00:00,0.2197833158429132,0.0,0.0,0.1098916579214566,0.0,0.0,0.1098916579214566,0.0,0.1098916579214566,0.1098916579214566,False,0.5,0.0,-8.840859331527007e-05,-9.715366893918832e-06,0.0,9.408532356289092e-08,-9.809452217481723e-06,0.9451082223320096,0.9450989513380623,-0.12673520350727208,0.9999713313061649,0.000549458289607283,0.9994218730165576,False,False,False,1.0
2023-07-02,2023-07-03 00:00:00,0.22296925683588792,0.0,0.0,0.11148462841794396,0.0,0.0,0.11148462841794396,0.0,0.11148462841794396,0.11148462841794396,False,0.5,0.0,0.0,0.0,0.0,9.544916816604792e-08,-9.544916816604792e-08,0.9448582574493022,0.9448581672633675,-0.12695768630199888,0.9998319535009101,0.0005574231420897198,0.9992745303588204,False,False,False,1.0
2023-07-03,2023-07-04 00:00:00,0.21441906828286614,0.0,0.0,0.10720953414143307,0.0,0.0,0.10720953414143307,0.0,0.10720953414143307,0.10720953414143307,False,0.5,0.0,-0.0008426139305400815,-9.033624695428398e-05,0.0,9.178898471013105e-08,-9.042803593899411e-05,0.9475702866095281,0.947484599689596,-0.12453088117757771,0.9998605944807725,0.0005360476707071654,0.9993245468100653,False,False,False,1.0
2023-07-04,2023-07-05 00:00:00,0.215592601528574,0.0,0.0,0.107796300764287,0.0,0.0,0.107796300764287,0.0,0.107796300764287,0.107796300764287,False,0.5,0.0,0.0010037178528632396,0.00010819707154973014,0.0,9.229135339408134e-08,0.00010810478019633605,0.9466704010797097,0.9467727406753368,-0.12518863390954127,0.9999082714133545,0.000538981503821435,0.999369289909533,False,False,False,1.0
2023-07-05,2023-07-06 00:00:00,0.21205473073382242,0.0,0.0,0.10602736536691121,0.0,0.0,0.10602736536691121,0.0,0.10602736536691121,0.10602736536691121,False,0.5,0.0,0.0005416064151440025,5.742510126353615e-05,0.0,9.077685391002672e-08,5.7334324409626126e-05,0.9440218563115276,0.9440759811668872,-0.12768042076424246,0.999885616545874,0.0005301368268345561,0.9993554797190395,False,False,False,1.0
2023-07-06,2023-07-07 00:00:00,0.21170824410226383,0.0,0.0,0.10585412205113191,0.0,0.0,0.10585412205113191,0.0,0.10585412205113191,0.10585412205113191,False,0.5,0.0,-0.0012482017432513537,-0.0001321272996745644,0.0,9.062852915336636e-08,-0.00013221792820371778,0.9434566993833725,0.9433319574932301,-0.12836789341569566,0.9997177392060642,0.0005292706102556596,0.9991884685958086,False,False,False,1.0
2023-07-07,2023-07-08 00:00:00,0.2191955584695762,0.0,0.0,0.1095977792347881,0.0,0.0,0.1095977792347881,0.0,0.1095977792347881,0.1095977792347881,False,0.5,0.0,0.0018781201675861503,0.00020583779950351014,0.0,9.383371509827748e-08,0.00020574396578841185,0.9422668706943403,0.9424607364171479,-0.12917289557407063,0.9999782081646278,0.0005479888961739405,0.9994302192684539,False,False,False,1.0
2023-07-08,2023-07-09 00:00:00,0.21944795167276623,0.0,0.0,0.10972397583638312,0.0,0.0,0.10972397583638312,0.0,0.10972397583638312,0.10972397583638312,False,0.5,0.0,-0.0013051184274128769,-0.00014320278279306883,0.0,9.394176013388965e-08,-0.0001432967245532027,0.9418736786613732,0.9417387112482781,-0.12984004176152852,0.9998160407568759,0.0005486198791819156,0.999267420877694,False,False,False,1.0
2023-07-09,2023-07-10 00:00:00,0.21892816479847282,0.0,0.0,0.10946408239923641,0.0,0.0,0.10946408239923641,0.0,0.10946408239923641,0.10946408239923641,False,0.5,0.0,-0.0003481875498845266,-3.8114030650948056e-05,0.0,9.371924862948322e-08,-3.8207749899577536e-05,0.9421428708142813,0.9421068736551035,-0.1294998622821022,0.9998832187099893,0.0005473204119961821,0.9993358982979931,False,False,False,1.0
2023-07-10,2023-07-11 00:00:00,0.21905058543950984,0.0,0.0,0.10952529271975492,0.0,0.0,0.10952529271975492,0.0,0.10952529271975492,0.10952529271975492,False,0.5,0.0,-0.0006464020513916591,-7.079737389332152e-05,0.0,9.377165472581757e-08,-7.089114554804734e-05,0.9424238619116757,0.942357052404513,-0.12926869887388914,0.9998091628904178,0.0005476264635987746,0.999261536426819,False,False,False,1.0
2023-07-11,2023-07-12 00:00:00,0.2193660359698029,0.0,0.0,0.10968301798490145,0.0,0.0,0.10968301798490145,0.0,0.10968301798490145,0.10968301798490145,False,0.5,0.0,-0.0006460258730692781,-7.085806745456928e-05,0.0,9.390669348022384e-08,-7.09519741480495e-05,0.9424882414778148,0.9424213700764706,-0.12920926979650682,0.9998634603931666,0.0005484150899245072,0.9993150453032421,False,False,False,1.0
2023-07-12,2023-07-13 00:00:00,0.24662729711956552,0.0,0.0,0.12331364855978276,0.0,0.0,0.12331364855978276,0.0,0.12331364855978276,0.12331364855978276,False,0.5,0.0,-0.0011929441331007817,-0.0001471062935806445,0.0,1.055767539039236e-07,-0.00014721187033454842,0.943316047123737,0.9431771798041233,-0.12851090691389921,0.9996095723909455,0.0006165682427989139,0.9989930041481466,False,False,False,1.0
2023-07-13,2023-07-14 00:00:00,0.24659657719275038,0.0,0.0,0.12329828859637519,0.0,0.0,0.12329828859637519,0.0,0.12329828859637519,0.12329828859637519,False,0.5,0.0,-0.0006825973864793555,-8.416308955326303e-05,0.0,1.0556360325032122e-07,-8.426865315651335e-05,0.9462428171514459,0.9461630785436855,-0.12575195743939183,0.9989931253575739,0.0006164914429818759,0.998376633914592,False,False,False,1.0
2023-07-14,2023-07-15 00:00:00,0.24701810313403313,0.0,0.0,0.12350905156701657,0.0,0.0,0.12350905156701657,0.0,0.12350905156701657,0.12350905156701657,False,0.5,0.0,-0.0007349963250183889,-9.077869900826386e-05,0.0,1.0574405099915802e-07,-9.088444305926302e-05,0.9502174092592902,0.9501310492792645,-0.12208558033465722,0.999716442399862,0.0006175452578350829,0.9990988971420269,False,False,False,1.0
2023-07-15,2023-07-16 00:00:00,0.24275263766025137,0.0,0.0,0.12137631883012569,0.0,0.0,0.12137631883012569,0.0,0.12137631883012569,0.12137631883012569,False,0.5,0.0,-0.0005836354809053423,-7.083952621094056e-05,0.0,1.039180811901761e-07,-7.094344429213074e-05,0.9464985239308449,0.9464313760655398,-0.12550405241263252,0.9999190261803153,0.0006068815941506284,0.9993121445861646,False,False,False,1.0
2023-07-16,2023-07-17 00:00:00,0.2355585976725181,0.0,0.0,0.11777929883625905,0.0,0.0,0.11777929883625905,0.0,0.11777929883625905,0.11777929883625905,False,0.5,0.0,-0.0004335170619930162,-5.1059335595092494e-05,0.0,1.0083844078446837e-07,-5.116017403587696e-05,0.9465755434207233,0.9465271164511838,-0.1254155889683899,0.9998521917978734,0.0005888964941812953,0.9992632953036922,False,False,False,1.0
2023-07-17,2023-07-18 00:00:00,0.25984883284922206,0.0,0.0,0.12992441642461103,0.0,0.0,0.12992441642461103,0.0,0.12992441642461103,0.12992441642461103,False,0.5,0.0,0.0007498689040377204,9.742627975206347e-05,0.0,1.1123665789778341e-07,9.731504309416569e-05,0.9446218720279222,0.9447137979461062,-0.12709108253768353,0.999899055970312,0.0006496220821230552,0.999249433888189,False,False,False,1.0
2023-07-18,2023-07-19 00:00:00,0.26358974632948573,0.0,0.0,0.13179487316474287,0.0,0.0,0.13179487316474287,0.0,0.13179487316474287,0.13179487316474287,False,0.5,0.0,0.001726468290004446,0.00022753966930408646,0.0,1.128380763396771e-07,0.0002274268312277468,0.9437736931183454,0.9439883325787674,-0.1277614074443768,0.9999998871619237,0.0006589743658237143,0.9993409127960999,False,False,False,1.0
2023-07-19,2023-07-20 00:00:00,0.2654962514232976,0.0,0.0,0.1327481257116488,0.0,0.0,0.1327481257116488,0.0,0.1327481257116488,0.1327481257116488,False,0.5,0.0,0.0031308044852063066,0.00041560842738076065,0.0,1.1365421721887739e-07,0.0004154947731635418,0.9441949306128546,0.9445872386713718,-0.1272080224190988,0.9999991878442241,0.000663740628558244,0.9993354472156659,False,False,False,1.0
2023-07-20,2023-07-21 00:00:00,0.26467021591232454,0.0,0.0,0.13233510795616227,0.0,0.0,0.13233510795616227,0.0,0.13233510795616227,0.13233510795616227,False,0.5,0.0,-0.000851703141779403,-0.00011271022721397987,0.0,1.1330060612685126e-07,-0.00011282352782010673,0.9435338471981979,0.9434273943809393,-0.12827971040141417,0.9996274529051216,0.0006616755397808113,0.9989657773653408,False,False,False,1.0
2023-07-21,2023-07-22 00:00:00,0.26646754292829644,0.0,0.0,0.13323377146414822,0.0,0.0,0.13323377146414822,0.0,0.13323377146414822,0.13323377146414822,False,0.5,0.0,-0.00010045415853787709,-1.338388640125883e-05,0.0,1.140700098151954e-07,-1.3497956411074025e-05,0.943602145978481,0.9435894092778453,-0.1281300097740088,0.9999703004968927,0.0006661688573207412,0.999304131639572,False,False,False,1.0
2023-07-22,2023-07-23 00:00:00,0.2647745704209372,0.0,0.0,0.1323872852104686,0.0,0.0,0.1323872852104686,0.0,0.1323872852104686,0.1323872852104686,False,0.5,0.0,-5.2938062466867386e-05,-7.008326374290776e-06,0.0,1.1334527843362038e-07,-7.121671652724396e-06,0.943436750813721,0.9434300319669566,-0.1282772732904498,0.9999781608429613,0.000661936426052343,0.9993162244169089,False,False,False,1.0
2023-07-23,2023-07-24 00:00:00,0.32791797918140875,0.0,0.0,0.16395898959070437,0.0,0.0,0.16395898959070437,0.0,0.16395898959070437,0.16395898959070437,False,0.5,0.0,0.0,0.0,0.0,1.4037584725231538e-07,-1.4037584725231538e-07,0.9422402432846861,0.9422401110169136,-0.12937675189510867,0.999876513125381,0.0008197949479535219,0.9990567181774275,False,False,False,1.0
2023-07-24,2023-07-25 00:00:00,0.3324422841757894,0.0,0.0,0.1662211420878947,0.0,0.0,0.1662211420878947,0.0,0.1662211420878947,0.1662211420878947,False,0.5,0.0,0.0020761885092204224,0.00034510642519238214,0.0,1.423126216505948e-07,0.00034496411257073156,0.939356734035229,0.9396807783973729,-0.13174155726918746,0.9999113225311771,0.0008311057104394736,0.9990802168207377,False,False,False,1.0
2023-07-25,2023-07-26 00:00:00,0.0,0.0,0.0,0.0,0.0,0.0,0.0,0.0,0.0,0.0,False,0.5,0.0,-0.0004304755140147609,-0.0,0.0,0.0,-0.0,0.9394898833617343,0.9394898833617343,-0.13191794294204462,1.0,0.0,1.0,False,False,False,0.0
2023-07-26,2023-07-27 00:00:00,0.0,0.0,0.0,0.0,0.0,0.0,0.0,0.0,0.0,0.0,False,0.5,0.0,-3.7629957746920795e-05,-0.0,0.0,0.0,-0.0,0.9394898833617343,0.9394898833617343,-0.13191794294204462,1.0,0.0,1.0,False,False,False,0.0
2023-07-27,2023-07-28 00:00:00,0.0,0.0,0.0,0.0,0.0,0.0,0.0,0.0,0.0,0.0,False,0.5,0.0,-0.0011810539704255607,-0.0,0.0,0.0,-0.0,0.9394898833617343,0.9394898833617343,-0.13191794294204462,1.0,0.0,1.0,False,False,False,0.0
2023-07-28,2023-07-29 00:00:00,0.0,0.0,0.0,0.0,0.0,0.0,0.0,0.0,0.0,0.0,False,0.5,0.0,-0.0004371002132196322,-0.0,0.0,0.0,-0.0,0.9394898833617343,0.9394898833617343,-0.13191794294204462,1.0,0.0,1.0,False,False,False,0.0
2023-07-29,2023-07-30 00:00:00,0.0,0.0,0.0,0.0,0.0,0.0,0.0,0.0,0.0,0.0,False,0.5,0.0,0.0001495550736558826,0.0,0.0,0.0,0.0,0.9394898833617343,0.9394898833617343,-0.13191794294204462,1.0,0.0,1.0,False,False,False,0.0
2023-07-30,2023-07-31 00:00:00,0.0,0.0,0.0,0.0,0.0,0.0,0.0,0.0,0.0,0.0,False,0.5,0.0,-0.0022071650427605283,-0.0,0.0,0.0,-0.0,0.9394898833617343,0.9394898833617343,-0.13191794294204462,1.0,0.0,1.0,False,False,False,0.0
2023-07-31,2023-08-01 00:00:00,0.0,0.0,0.0,0.0,0.0,0.0,0.0,0.0,0.0,0.0,False,0.5,0.0,-0.00016146307070463717,-0.0,0.0,0.0,-0.0,0.9394898833617343,0.9394898833617343,-0.13191794294204462,1.0,0.0,1.0,False,False,False,0.0
2023-08-01,2023-08-02 00:00:00,0.0,0.0,0.0,0.0,0.0,0.0,0.0,0.0,0.0,0.0,False,0.5,0.0,0.0007362806374555664,0.0,0.0,0.0,0.0,0.9394898833617343,0.9394898833617343,-0.13191794294204462,1.0,0.0,1.0,False,False,False,0.0
2023-08-02,2023-08-03 00:00:00,0.0,0.0,0.0,0.0,0.0,0.0,0.0,0.0,0.0,0.0,False,0.5,0.0,-0.0006831897369719009,-0.0,0.0,0.0,-0.0,0.9394898833617343,0.9394898833617343,-0.13191794294204462,1.0,0.0,1.0,False,False,False,0.0
2023-08-03,2023-08-04 00:00:00,0.0,0.0,0.0,0.0,0.0,0.0,0.0,0.0,0.0,0.0,False,0.5,0.0,-0.0006083220630809238,-0.0,0.0,0.0,-0.0,0.9394898833617343,0.9394898833617343,-0.13191794294204462,1.0,0.0,1.0,False,False,False,0.0
2023-08-04,2023-08-05 00:00:00,0.0,0.0,0.0,0.0,0.0,0.0,0.0,0.0,0.0,0.0,False,0.5,0.0,-0.0003679892633721149,-0.0,0.0,0.0,-0.0,0.9394898833617343,0.9394898833617343,-0.13191794294204462,1.0,0.0,1.0,False,False,False,0.0
2023-08-05,2023-08-06 00:00:00,0.0,0.0,0.0,0.0,0.0,0.0,0.0,0.0,0.0,0.0,False,0.5,0.0,0.0002672615508805265,0.0,0.0,0.0,0.0,0.9394898833617343,0.9394898833617343,-0.13191794294204462,1.0,0.0,1.0,False,False,False,0.0
2023-08-06,2023-08-07 00:00:00,0.0,0.0,0.0,0.0,0.0,0.0,0.0,0.0,0.0,0.0,False,0.5,0.0,0.0001968181072660169,0.0,0.0,0.0,0.0,0.9394898833617343,0.9394898833617343,-0.13191794294204462,1.0,0.0,1.0,False,False,False,0.0
2023-08-07,2023-08-08 00:00:00,0.0,0.0,0.0,0.0,0.0,0.0,0.0,0.0,0.0,0.0,False,0.5,0.0,-0.0013069741900055831,-0.0,0.0,0.0,-0.0,0.9394898833617343,0.9394898833617343,-0.13191794294204462,1.0,0.0,1.0,False,False,False,0.0
2023-08-08,2023-08-09 00:00:00,0.0,0.0,0.0,0.0,0.0,0.0,0.0,0.0,0.0,0.0,False,0.5,0.0,-0.000834878400503114,-0.0,0.0,0.0,-0.0,0.9394898833617343,0.9394898833617343,-0.13191794294204462,1.0,0.0,1.0,False,False,False,0.0
2023-08-09,2023-08-10 00:00:00,0.0,0.0,0.0,0.0,0.0,0.0,0.0,0.0,0.0,0.0,False,0.5,0.0,-0.0009593928875569757,-0.0,0.0,0.0,-0.0,0.9394898833617343,0.9394898833617343,-0.13191794294204462,1.0,0.0,1.0,False,False,False,0.0
2023-08-10,2023-08-11 00:00:00,0.0,0.0,0.0,0.0,0.0,0.0,0.0,0.0,0.0,0.0,False,0.5,0.0,-0.00046906085390630015,-0.0,0.0,0.0,-0.0,0.9394898833617343,0.9394898833617343,-0.13191794294204462,1.0,0.0,1.0,False,False,False,0.0
2023-08-11,2023-08-12 00:00:00,0.0,0.0,0.0,0.0,0.0,0.0,0.0,0.0,0.0,0.0,False,0.5,0.0,0.0003304925422460414,0.0,0.0,0.0,0.0,0.9394898833617343,0.9394898833617343,-0.13191794294204462,1.0,0.0,1.0,False,False,False,0.0
2023-08-12,2023-08-13 00:00:00,0.0,0.0,0.0,0.0,0.0,0.0,0.0,0.0,0.0,0.0,False,0.5,0.0,-0.0002916806205235378,-0.0,0.0,0.0,-0.0,0.9394898833617343,0.9394898833617343,-0.13191794294204462,1.0,0.0,1.0,False,False,False,0.0
2023-08-13,2023-08-14 00:00:00,0.0,0.0,0.0,0.0,0.0,0.0,0.0,0.0,0.0,0.0,False,0.5,0.0,-0.00040011030067743647,-0.0,0.0,0.0,-0.0,0.9394898833617343,0.9394898833617343,-0.13191794294204462,1.0,0.0,1.0,False,False,False,0.0
2023-08-14,2023-08-15 00:00:00,0.0,0.0,0.0,0.0,0.0,0.0,0.0,0.0,0.0,0.0,False,0.5,0.0,-0.0013578903126381103,-0.0,0.0,0.0,-0.0,0.9394898833617343,0.9394898833617343,-0.13191794294204462,1.0,0.0,1.0,False,False,False,0.0
2023-08-15,2023-08-16 00:00:00,0.0,0.0,0.0,0.0,0.0,0.0,0.0,0.0,0.0,0.0,False,0.5,0.0,0.0002608794899805478,0.0,0.0,0.0,0.0,0.9394898833617343,0.9394898833617343,-0.13191794294204462,1.0,0.0,1.0,False,False,False,0.0
2023-08-16,2023-08-17 00:00:00,0.0,0.0,0.0,0.0,0.0,0.0,0.0,0.0,0.0,0.0,False,0.5,0.0,-0.0007189901207463878,-0.0,0.0,0.0,-0.0,0.9394898833617343,0.9394898833617343,-0.13191794294204462,1.0,0.0,1.0,False,False,False,0.0
2023-08-17,2023-08-18 00:00:00,0.0,0.0,0.0,0.0,0.0,0.0,0.0,0.0,0.0,0.0,False,0.5,0.0,-0.0006550180704547603,-0.0,0.0,0.0,-0.0,0.9394898833617343,0.9394898833617343,-0.13191794294204462,1.0,0.0,1.0,False,False,False,0.0
2023-08-18,2023-08-19 00:00:00,0.0,0.0,0.0,0.0,0.0,0.0,0.0,0.0,0.0,0.0,False,0.5,0.0,-0.0025586661301075786,-0.0,0.0,0.0,-0.0,0.9394898833617343,0.9394898833617343,-0.13191794294204462,1.0,0.0,1.0,False,False,False,0.0
2023-08-19,2023-08-20 00:00:00,0.0,0.0,0.0,0.0,0.0,0.0,0.0,0.0,0.0,0.0,False,0.5,0.0,0.008295698216275182,0.0,0.0,0.0,0.0,0.9394898833617343,0.9394898833617343,-0.13191794294204462,1.0,0.0,1.0,False,False,False,0.0
2023-08-20,2023-08-21 00:00:00,0.0,0.0,0.0,0.0,0.0,0.0,0.0,0.0,0.0,0.0,False,0.5,0.0,0.0011201025462865832,0.0,0.0,0.0,0.0,0.9394898833617343,0.9394898833617343,-0.13191794294204462,1.0,0.0,1.0,False,False,False,0.0
2023-08-21,2023-08-22 00:00:00,0.0,0.0,0.0,0.0,0.0,0.0,0.0,0.0,0.0,0.0,False,0.5,0.0,-0.0002955207497783441,-0.0,0.0,0.0,-0.0,0.9394898833617343,0.9394898833617343,-0.13191794294204462,1.0,0.0,1.0,False,False,False,0.0
2023-08-22,2023-08-23 00:00:00,0.0,0.0,0.0,0.0,0.0,0.0,0.0,0.0,0.0,0.0,False,0.5,0.0,-0.0033997584541063386,-0.0,0.0,0.0,-0.0,0.9394898833617343,0.9394898833617343,-0.13191794294204462,1.0,0.0,1.0,False,False,False,0.0
2023-08-23,2023-08-24 00:00:00,0.0,0.0,0.0,0.0,0.0,0.0,0.0,0.0,0.0,0.0,False,0.5,0.0,0.000984573009410905,0.0,0.0,0.0,0.0,0.9394898833617343,0.9394898833617343,-0.13191794294204462,1.0,0.0,1.0,False,False,False,0.0
2023-08-24,2023-08-25 00:00:00,0.0,0.0,0.0,0.0,0.0,0.0,0.0,0.0,0.0,0.0,False,0.5,0.0,-0.0023793482285389134,-0.0,0.0,0.0,-0.0,0.9394898833617343,0.9394898833617343,-0.13191794294204462,1.0,0.0,1.0,False,False,False,0.0
2023-08-25,2023-08-26 00:00:00,0.0,0.0,0.0,0.0,0.0,0.0,0.0,0.0,0.0,0.0,False,0.5,0.0,-0.0028831535400400954,-0.0,0.0,0.0,-0.0,0.9394898833617343,0.9394898833617343,-0.13191794294204462,1.0,0.0,1.0,False,False,False,0.0
2023-08-26,2023-08-27 00:00:00,0.0,0.0,0.0,0.0,0.0,0.0,0.0,0.0,0.0,0.0,False,0.5,0.0,4.8443158009447984e-05,0.0,0.0,0.0,0.0,0.9394898833617343,0.9394898833617343,-0.13191794294204462,1.0,0.0,1.0,False,False,False,0.0
2023-08-27,2023-08-28 00:00:00,0.0,0.0,0.0,0.0,0.0,0.0,0.0,0.0,0.0,0.0,False,0.5,0.0,-0.0013212908830929626,-0.0,0.0,0.0,-0.0,0.9394898833617343,0.9394898833617343,-0.13191794294204462,1.0,0.0,1.0,False,False,False,0.0
2023-08-28,2023-08-29 00:00:00,0.0,0.0,0.0,0.0,0.0,0.0,0.0,0.0,0.0,0.0,False,0.5,0.0,-0.0008545454545455522,-0.0,0.0,0.0,-0.0,0.9394898833617343,0.9394898833617343,-0.13191794294204462,1.0,0.0,1.0,False,False,False,0.0
2023-08-29,2023-08-30 00:00:00,0.0,0.0,0.0,0.0,0.0,0.0,0.0,0.0,0.0,0.0,False,0.5,0.0,-0.00204697576776125,-0.0,0.0,0.0,-0.0,0.9394898833617343,0.9394898833617343,-0.13191794294204462,1.0,0.0,1.0,False,False,False,0.0
2023-08-30,2023-08-31 00:00:00,0.4086172649225292,0.0,0.0,0.2043086324612646,0.0,0.0,0.2043086324612646,0.0,0.2043086324612646,0.2043086324612646,False,0.5,0.0,-0.001330434120067281,-0.00027181917565075205,0.0,1.7492177436752104e-07,-0.0002719940974251196,0.9374187099005182,0.9371637375446095,-0.1340672853476499,0.9996070643310299,0.001021543162306323,0.9985855211687236,False,False,False,1.0
2023-08-31,2023-09-01 00:00:00,0.3475527036480584,0.0,0.0,0.1737763518240292,0.0,0.0,0.1737763518240292,0.0,0.1737763518240292,0.1737763518240292,False,0.5,0.0,0.00198718709218193,0.00034532612327117665,0.0,1.487811231370113e-07,0.0003451773421480396,0.9353606573150811,0.9356835226207231,-0.13543499354629196,0.9996339086106344,0.000868881759120146,0.9987650268515142,False,False,False,1.0
2023-09-01,2023-09-02 00:00:00,0.34833008159557355,0.0,0.0,0.17416504079778677,0.0,0.0,0.17416504079778677,0.0,0.17416504079778677,0.17416504079778677,False,0.5,0.0,-0.0012221278467940966,-0.00021285194629700512,0.0,1.4911390479262566e-07,-0.00021300106020179775,0.9305494884341926,0.9303512804065859,-0.14036194792010215,0.9997039866807423,0.0008708252039889339,0.9988331614767534,False,False,False,1.0
2023-09-02,2023-09-03 00:00:00,0.34979032036397345,0.0,0.0,0.17489516018198673,0.0,0.0,0.17489516018198673,0.0,0.17489516018198673,0.17489516018198673,False,0.5,0.0,-0.0017785357534412238,-0.0003110572954874933,0.0,1.4973900700512562e-07,-0.00031120703449449843,0.9310833846395352,0.9307936249405344,-0.1399532246759685,0.9996397907888191,0.0008744758009099336,0.9987653149879092,False,False,False,1.0
2023-09-03,2023-09-04 00:00:00,0.33043437275570325,0.0,0.0,0.16521718637785163,0.0,0.0,0.16521718637785163,0.0,0.16521718637785163,0.16521718637785163,False,0.5,0.0,0.0008335938314056879,0.00013772402740678096,0.0,1.4145307052898256e-07,0.00013758257433625198,0.9300959414562107,0.9302239064502158,-0.14047964056162976,0.9999502373899962,0.0008260859318892582,0.999124151458107,False,False,False,1.0
2023-09-04,2023-09-05 00:00:00,0.32959296726764165,0.0,-0.25,0.16479648363382082,0.0,-0.125,0.16479648363382082,0.125,0.2897964836338208,0.03979648363382082,True,0.5,0.0,0.00068295924394568,2.7179376374250896e-05,0.0,2.481134277686822e-07,2.6931262946482215e-05,0.9300178009691873,0.93004284752313,-0.1406469377392331,0.9996089616415814,0.001448982418169104,0.9981599792234123,False,False,False,1.0
2023-09-05,2023-09-06 00:00:00,0.33095167770459893,0.0,-0.25,0.16547583885229947,0.0,-0.125,0.16547583885229947,0.125,0.29047583885229944,0.04047583885229947,True,0.5,0.0,-0.000909584826415788,-3.681620885650222e-05,0.0,2.486950675105303e-07,-3.7064903924012745e-05,0.9302941523105089,0.9302596710471325,-0.14044659432514428,0.9995986000642767,0.0014523791942614972,0.9981462208700153,False,False,False,1.0
2023-09-06,2023-09-07 00:00:00,0.33117240995943453,0.0,-0.25,0.16558620497971727,0.0,-0.125,0.16558620497971727,0.125,0.29058620497971727,0.040586204979717266,True,0.5,0.0,-0.0023413303180767064,-9.502571221468784e-05,0.0,2.487895590579771e-07,-9.527450177374581e-05,0.9300234792820492,0.9299348717584227,-0.1407467065878386,0.9996064327262081,0.0014529310248985864,0.9981535017013095,False,False,False,1.0
2023-09-07,2023-09-08 00:00:00,0.32897582641120576,0.0,0.0,0.16448791320560288,0.0,0.0,0.16448791320560288,0.0,0.16448791320560288,0.16448791320560288,False,0.5,0.0,0.00011651580935545525,1.9165442336340696e-05,0.0,1.4082869281301617e-07,1.902461364352768e-05,0.9289065992524302,0.928924271341592,-0.14168049427862994,0.9999040319596254,0.0008224395660280144,0.9990815923935974,False,False,False,1.0
2023-09-08,2023-09-09 00:00:00,0.32867549447026945,0.0,0.0,0.16433774723513472,0.0,0.0,0.16433774723513472,0.0,0.16433774723513472,0.16433774723513472,False,0.5,0.0,-0.0009815770261896173,-0.00016131015722176454,0.0,1.4070012605747835e-07,-0.00016145085734782202,0.9288514895621555,0.9287015256928168,-0.14188630969443572,0.9996732062314998,0.0008216887361756736,0.9988515174953241,False,False,False,1.0
2023-09-09,2023-09-10 00:00:00,0.33367168766360067,0.0,0.0,0.16683584383180033,0.0,0.0,0.16683584383180033,0.0,0.16683584383180033,0.16683584383180033,False,0.5,0.0,-0.0003056589701737611,-5.0994872213698524e-05,0.0,1.4283890739024002e-07,-5.113771112108876e-05,0.9293881391317946,0.9293406123496164,-0.14129579810990667,0.9999478423914346,0.0008341792191590017,0.9991136631722757,False,False,False,1.0
2023-09-10,2023-09-11 00:00:00,0.33573496999459645,0.0,0.0,0.16786748499729823,0.0,0.0,0.16786748499729823,0.0,0.16786748499729823,0.16786748499729823,False,0.5,0.0,-0.0006416148953366507,-0.0001077062788169683,0.0,1.4372216181275532e-07,-0.00010785000097878105,0.9279536077205134,0.9278535279230125,-0.1426698536808363,0.999822762300168,0.0008393374249864912,0.9989834248751814,False,False,False,1.0
2023-09-11,2023-09-12 00:00:00,0.3345452666649486,0.0,0.0,0.1672726333324743,0.0,0.0,0.1672726333324743,0.0,0.1672726333324743,0.1672726333324743,False,0.5,0.0,0.00011522949875164556,1.9274741693768813e-05,0.0,1.4321287100383074e-07,1.913152882276498e-05,0.922248404601784,0.9222660486237184,-0.14783264532958085,0.9996711153593518,0.0008363631666623715,0.9988347521926895,False,False,False,1.0
2023-09-12,2023-09-13 00:00:00,0.0,0.0,0.0,0.0,0.0,0.0,0.0,0.0,0.0,0.0,False,0.5,0.0,-0.0006479266347687584,-0.0,0.0,0.0,-0.0,0.9222095166751014,0.9222095166751014,-0.14788488045325165,1.0,0.0,1.0,False,False,False,0.0
2023-09-13,2023-09-14 00:00:00,0.0,0.0,0.0,0.0,0.0,0.0,0.0,0.0,0.0,0.0,False,0.5,0.0,-0.002159478746509458,-0.0,0.0,0.0,-0.0,0.9222095166751014,0.9222095166751014,-0.14788488045325165,1.0,0.0,1.0,False,False,False,0.0
2023-09-14,2023-09-15 00:00:00,0.0,0.0,0.0,0.0,0.0,0.0,0.0,0.0,0.0,0.0,False,0.5,0.0,0.0018634644501247521,0.0,0.0,0.0,0.0,0.9222095166751014,0.9222095166751014,-0.14788488045325165,1.0,0.0,1.0,False,False,False,0.0
2023-09-15,2023-09-16 00:00:00,0.0,0.0,0.0,0.0,0.0,0.0,0.0,0.0,0.0,0.0,False,0.5,0.0,0.0004014823965410308,0.0,0.0,0.0,0.0,0.9222095166751014,0.9222095166751014,-0.14788488045325165,1.0,0.0,1.0,False,False,False,0.0
2023-09-16,2023-09-17 00:00:00,0.0,0.0,0.0,0.0,0.0,0.0,0.0,0.0,0.0,0.0,False,0.5,0.0,-0.0012649564292785964,-0.0,0.0,0.0,-0.0,0.9222095166751014,0.9222095166751014,-0.14788488045325165,1.0,0.0,1.0,False,False,False,0.0
2023-09-17,2023-09-18 00:00:00,0.0,0.0,0.0,0.0,0.0,0.0,0.0,0.0,0.0,0.0,False,0.5,0.0,5.5229293617342634e-05,0.0,0.0,0.0,0.0,0.9222095166751014,0.9222095166751014,-0.14788488045325165,1.0,0.0,1.0,False,False,False,0.0
2023-09-18,2023-09-19 00:00:00,0.0,0.0,0.0,0.0,0.0,0.0,0.0,0.0,0.0,0.0,False,0.5,0.0,-0.0026325935564712744,-0.0,0.0,0.0,-0.0,0.9222095166751014,0.9222095166751014,-0.14788488045325165,1.0,0.0,1.0,False,False,False,0.0
2023-09-19,2023-09-20 00:00:00,0.0,0.0,0.0,0.0,0.0,0.0,0.0,0.0,0.0,0.0,False,0.5,0.0,0.003987419630466782,0.0,0.0,0.0,0.0,0.9222095166751014,0.9222095166751014,-0.14788488045325165,1.0,0.0,1.0,False,False,False,0.0
2023-09-20,2023-09-21 00:00:00,0.0,0.0,0.0,0.0,0.0,0.0,0.0,0.0,0.0,0.0,False,0.5,0.0,0.00017192891967243717,0.0,0.0,0.0,0.0,0.9222095166751014,0.9222095166751014,-0.14788488045325165,1.0,0.0,1.0,False,False,False,0.0
2023-09-21,2023-09-22 00:00:00,0.0,0.0,0.0,0.0,0.0,0.0,0.0,0.0,0.0,0.0,False,0.5,0.0,-0.0005175950765345938,-0.0,0.0,0.0,-0.0,0.9222095166751014,0.9222095166751014,-0.14788488045325165,1.0,0.0,1.0,False,False,False,0.0
2023-09-22,2023-09-23 00:00:00,0.0,0.0,0.0,0.0,0.0,0.0,0.0,0.0,0.0,0.0,False,0.5,0.0,-0.0015977343500354069,-0.0,0.0,0.0,-0.0,0.9222095166751014,0.9222095166751014,-0.14788488045325165,1.0,0.0,1.0,False,False,False,0.0
2023-09-23,2023-09-24 00:00:00,0.0,0.0,0.0,0.0,0.0,0.0,0.0,0.0,0.0,0.0,False,0.5,0.0,0.0008619279503729871,0.0,0.0,0.0,0.0,0.9222095166751014,0.9222095166751014,-0.14788488045325165,1.0,0.0,1.0,False,False,False,0.0
2023-09-24,2023-09-25 00:00:00,0.0,0.0,0.0,0.0,0.0,0.0,0.0,0.0,0.0,0.0,False,0.5,0.0,-5.0284737325156925e-05,-0.0,0.0,0.0,-0.0,0.9222095166751014,0.9222095166751014,-0.14788488045325165,1.0,0.0,1.0,False,False,False,0.0
2023-09-25,2023-09-26 00:00:00,0.0,0.0,0.0,0.0,0.0,0.0,0.0,0.0,0.0,0.0,False,0.5,0.0,-0.0015812916191544346,-0.0,0.0,0.0,-0.0,0.9222095166751014,0.9222095166751014,-0.14788488045325165,1.0,0.0,1.0,False,False,False,0.0
2023-09-26,2023-09-27 00:00:00,0.0,0.0,0.0,0.0,0.0,0.0,0.0,0.0,0.0,0.0,False,0.5,0.0,-0.0003725358960434688,-0.0,0.0,0.0,-0.0,0.9222095166751014,0.9222095166751014,-0.14788488045325165,1.0,0.0,1.0,False,False,False,0.0
2023-09-27,2023-09-28 00:00:00,0.0,0.0,0.0,0.0,0.0,0.0,0.0,0.0,0.0,0.0,False,0.5,0.0,0.0012062500000000753,0.0,0.0,0.0,0.0,0.9222095166751014,0.9222095166751014,-0.14788488045325165,1.0,0.0,1.0,False,False,False,0.0
2023-09-28,2023-09-29 00:00:00,0.0,0.0,0.0,0.0,0.0,0.0,0.0,0.0,0.0,0.0,False,0.5,0.0,0.005646348735047546,0.0,0.0,0.0,0.0,0.9222095166751014,0.9222095166751014,-0.14788488045325165,1.0,0.0,1.0,False,False,False,0.0
2023-09-29,2023-09-30 00:00:00,0.0,0.0,0.0,0.0,0.0,0.0,0.0,0.0,0.0,0.0,False,0.5,0.0,0.0003948454718403216,0.0,0.0,0.0,0.0,0.9222095166751014,0.9222095166751014,-0.14788488045325165,1.0,0.0,1.0,False,False,False,0.0
2023-09-30,2023-10-01 00:00:00,0.35832847808360657,0.0,0.0,0.17916423904180329,0.0,0.0,0.17916423904180329,0.0,0.17916423904180329,0.17916423904180329,False,0.5,0.0,-0.0005342831700801964,-9.572443760026075e-05,0.0,1.5339404027551651e-07,-9.587783164053627e-05,0.9237331140540659,0.9236445485260758,-0.14655892109679758,0.9995914223388653,0.0008958211952090165,0.9986956011436563,False,False,False,1.0
2023-10-01,2023-10-02 00:00:00,0.3550065940710528,0.0,0.0,0.1775032970355264,0.0,0.0,0.1775032970355264,0.0,0.1775032970355264,0.1775032970355264,False,0.5,0.0,0.0005526306406951065,9.809376076623675e-05,0.0,1.5197200088658082e-07,9.794178876535017e-05,0.9235680601564014,0.9236585160642597,-0.1465460151895669,0.9999186306131712,0.000887516485177632,0.9990311141279936,False,False,False,1.0
2023-10-02,2023-10-03 00:00:00,0.3555064112100135,0.0,0.0,0.17775320560500674,0.0,0.0,0.17775320560500674,0.0,0.17775320560500674,0.17775320560500674,False,0.5,0.0,-0.007583844592771616,-0.0013480526871753515,0.0,1.5218596370291673e-07,-0.0013482048731390545,0.9257699464410657,0.9245218188878682,-0.145748329440892,0.9981888907238402,0.0008887660280250337,0.9973001246958152,False,False,False,1.0
2023-10-03,2023-10-04 00:00:00,0.39042000417373557,0.0,0.0,0.09760500104343389,0.0,0.0,0.09760500104343389,0.0,0.09760500104343389,0.09760500104343389,False,0.25,0.09760500104343389,0.0011843663639952151,0.00011560008019356097,4.8802500521716946e-05,8.356592555088518e-08,6.671401374629315e-05,0.9193934047436333,0.9194547411678756,-0.15043027368355288,0.9997762317609522,0.0004880250052171695,0.999288206755735,False,False,False,1.0
2023-10-04,2023-10-05 00:00:00,0.3899852705297168,0.0,0.0,0.0974963176324292,0.0,0.0,0.0974963176324292,0.0,0.0974963176324292,0.0974963176324292,False,0.25,0.0,-0.001766989697655097,-0.0001722749888158114,0.0,8.347287468529897e-08,-0.00017235846169049668,0.9186036614924941,0.9184453323784959,-0.15136296031894458,0.9997501475987037,0.00048748158816214605,0.9992626660105416,False,False,False,1.0
2023-10-05,2023-10-06 00:00:00,0.3669779124079727,0.0,0.0,0.09174447810199317,0.0,0.0,0.09174447810199317,0.0,0.09174447810199317,0.09174447810199317,False,0.25,0.0,-0.0015916886706316413,-0.00014602864638795524,0.0,7.854835453937771e-08,-0.00014610719474249462,0.9178357818021844,0.917701679390871,-0.1520500904591061,0.9998001225672465,0.00045872239050996584,0.9993414001767366,False,False,False,1.0
2023-10-06,2023-10-07 00:00:00,0.3646217069998453,0.0,0.0,0.09115542674996133,0.0,0.0,0.09115542674996133,0.0,0.09115542674996133,0.09115542674996133,False,0.25,0.0,-0.001974591563329686,-0.00017999473661219084,0.0,7.804402975167921e-08,-0.0001800727806419425,0.919118132422231,0.9189526242643873,-0.15089422617754256,0.9997567906040541,0.0004557771337498066,0.9993010134703043,False,False,False,1.0
2023-10-07,2023-10-08 00:00:00,0.36360411947372867,0.0,-0.20342498509207513,0.09090102986843217,0.0,-0.05085624627301878,0.09090102986843217,0.05085624627301878,0.14175727614145095,0.040044783595413386,True,0.25,0.0,0.0007085094427208283,2.8372107309062503e-05,0.0,1.2136753094302306e-07,2.825073977811948e-05,0.9187473081008113,0.9187732633919343,-0.1510599543645854,0.9999188723730655,0.0007087863807072548,0.9992100859923583,False,False,False,1.0
2023-10-08,2023-10-09 00:00:00,0.3590925647099769,0.0,-0.20342498509207513,0.08977314117749423,0.0,-0.05085624627301878,0.08977314117749423,0.05085624627301878,0.140629387450513,0.038916894904475446,True,0.25,0.0,0.00041088917644316325,1.5990530897025053e-05,0.0,1.2040187281722004e-07,1.5870129024207834e-05,0.9185940681388839,0.9186086463452662,-0.15121205936010407,0.9999528364137454,0.000703146937252565,0.9992496894764928,False,False,False,1.0
2023-10-09,2023-10-10 00:00:00,0.35937676271693064,0.0,0.0,0.08984419067923266,0.0,0.0,0.08984419067923266,0.0,0.08984419067923266,0.08984419067923266,False,0.25,0.0,-0.002659791869714212,-0.0002389668479096764,0.0,7.692139612948001e-08,-0.0002390437693058059,0.9176184714274603,0.9173991204492656,-0.152329652797202,0.9997038979525881,0.0004492209533961633,0.9992546769991919,False,False,False,1.0
2023-10-10,2023-10-11 00:00:00,0.0,0.0,0.0,0.0,0.0,0.0,0.0,0.0,0.0,0.0,False,0.25,0.0,6.3788528270602995e-06,0.0,0.0,0.0,0.0,0.9169701957059002,0.9169701957059002,-0.15272597624904316,1.0,0.0,1.0,False,False,False,0.0
2023-10-11,2023-10-12 00:00:00,0.0,0.0,0.0,0.0,0.0,0.0,0.0,0.0,0.0,0.0,False,0.25,0.0,0.0017535520670075577,0.0,0.0,0.0,0.0,0.9169701957059002,0.9169701957059002,-0.15272597624904316,1.0,0.0,1.0,False,False,False,0.0
2023-10-12,2023-10-13 00:00:00,0.0,0.0,0.0,0.0,0.0,0.0,0.0,0.0,0.0,0.0,False,0.25,0.0,-0.0004992187550650895,-0.0,0.0,0.0,-0.0,0.9169701957059002,0.9169701957059002,-0.15272597624904316,1.0,0.0,1.0,False,False,False,0.0
2023-10-13,2023-10-14 00:00:00,0.0,0.0,0.0,0.0,0.0,0.0,0.0,0.0,0.0,0.0,False,0.25,0.0,-0.0007140631491482363,-0.0,0.0,0.0,-0.0,0.9169701957059002,0.9169701957059002,-0.15272597624904316,1.0,0.0,1.0,False,False,False,0.0
2023-10-14,2023-10-15 00:00:00,0.0,0.0,0.0,0.0,0.0,0.0,0.0,0.0,0.0,0.0,False,0.25,0.0,0.001486763939216429,0.0,0.0,0.0,0.0,0.9169701957059002,0.9169701957059002,-0.15272597624904316,1.0,0.0,1.0,False,False,False,0.0
2023-10-15,2023-10-16 00:00:00,0.0,0.0,0.0,0.0,0.0,0.0,0.0,0.0,0.0,0.0,False,0.25,0.0,-0.000868072300777456,-0.0,0.0,0.0,-0.0,0.9169701957059002,0.9169701957059002,-0.15272597624904316,1.0,0.0,1.0,False,False,False,0.0
2023-10-16,2023-10-17 00:00:00,0.0,0.0,0.0,0.0,0.0,0.0,0.0,0.0,0.0,0.0,False,0.25,0.0,-0.00018375480772270247,-0.0,0.0,0.0,-0.0,0.9169701957059002,0.9169701957059002,-0.15272597624904316,1.0,0.0,1.0,False,False,False,0.0
2023-10-17,2023-10-18 00:00:00,0.0,0.0,0.0,0.0,0.0,0.0,0.0,0.0,0.0,0.0,False,0.25,0.0,-0.0009765129609902168,-0.0,0.0,0.0,-0.0,0.9169701957059002,0.9169701957059002,-0.15272597624904316,1.0,0.0,1.0,False,False,False,0.0
2023-10-18,2023-10-19 00:00:00,0.0,0.0,0.0,0.0,0.0,0.0,0.0,0.0,0.0,0.0,False,0.25,0.0,0.00031856873439006783,0.0,0.0,0.0,0.0,0.9169701957059002,0.9169701957059002,-0.15272597624904316,1.0,0.0,1.0,False,False,False,0.0
2023-10-19,2023-10-20 00:00:00,0.0,0.0,0.0,0.0,0.0,0.0,0.0,0.0,0.0,0.0,False,0.25,0.0,-0.0005762249582237366,-0.0,0.0,0.0,-0.0,0.9169701957059002,0.9169701957059002,-0.15272597624904316,1.0,0.0,1.0,False,False,False,0.0
2023-10-20,2023-10-21 00:00:00,0.0,0.0,0.0,0.0,0.0,0.0,0.0,0.0,0.0,0.0,False,0.25,0.0,0.002453474506963982,0.0,0.0,0.0,0.0,0.9169701957059002,0.9169701957059002,-0.15272597624904316,1.0,0.0,1.0,False,False,False,0.0
2023-10-21,2023-10-22 00:00:00,0.0,0.0,0.0,0.0,0.0,0.0,0.0,0.0,0.0,0.0,False,0.25,0.0,0.0042240406494538085,0.0,0.0,0.0,0.0,0.9169701957059002,0.9169701957059002,-0.15272597624904316,1.0,0.0,1.0,False,False,False,0.0
2023-10-22,2023-10-23 00:00:00,0.0,0.0,0.0,0.0,0.0,0.0,0.0,0.0,0.0,0.0,False,0.25,0.0,0.0004737820110507496,0.0,0.0,0.0,0.0,0.9169701957059002,0.9169701957059002,-0.15272597624904316,1.0,0.0,1.0,False,False,False,0.0
2023-10-23,2023-10-24 00:00:00,0.0,0.0,0.0,0.0,0.0,0.0,0.0,0.0,0.0,0.0,False,0.25,0.0,-0.0011199675924270514,-0.0,0.0,0.0,-0.0,0.9169701957059002,0.9169701957059002,-0.15272597624904316,1.0,0.0,1.0,False,False,False,0.0
2023-10-24,2023-10-25 00:00:00,0.40883422349111326,0.0,0.0,0.20441711174555663,0.0,0.0,0.20441711174555663,0.0,0.20441711174555663,0.20441711174555663,False,0.5,0.0,0.005974202308214549,0.001221229180828856,0.0,1.7501465046708614e-07,0.0012210541661783888,0.9238205942047526,0.9249486291901077,-0.14535395971780796,0.9998992123539745,0.001022085558727783,0.9988771267952468,False,False,False,1.0
2023-10-25,2023-10-26 00:00:00,0.3770595789369699,0.0,0.0,0.18852978946848495,0.0,0.0,0.18852978946848495,0.0,0.18852978946848495,0.18852978946848495,False,0.5,0.0,-0.0003486788944111474,-6.573635855543771e-05,0.0,1.614124909832919e-07,-6.5897771046421e-05,0.927837642748637,0.9277765003160869,-0.14274102664890587,0.99988401738434,0.0009426489473424248,0.9989413684369975,False,False,False,1.0
2023-10-26,2023-10-27 00:00:00,0.3037356207742184,0.0,0.0,0.1518678103871092,0.0,0.0,0.1518678103871092,0.0,0.1518678103871092,0.1518678103871092,False,0.5,0.0,0.004446227203904973,0.0006752387899406472,0.0,1.3002381026293594e-07,0.0006751087661303843,0.9251246738223713,0.9257492335994322,-0.1446142068637919,0.999905490983949,0.000759339051935546,0.9991461519320134,False,False,False,1.0
2023-10-27,2023-10-28 00:00:00,0.30250560130427406,0.0,0.0,0.15125280065213703,0.0,0.0,0.15125280065213703,0.0,0.15125280065213703,0.15125280065213703,False,0.5,0.0,-0.0026287823703786684,-0.000397610695824737,0.0,1.2949726083230908e-07,-0.0003977401930855693,0.9265505704112248,0.9261820440084458,-0.144214293084169,0.9993552335873808,0.0007562640032606852,0.9985989695841201,False,False,False,1.0
2023-10-28,2023-10-29 00:00:00,0.29647486885271707,0.0,0.0,0.14823743442635853,0.0,0.0,0.14823743442635853,0.0,0.14823743442635853,0.14823743442635853,False,0.5,0.0,-0.0003070053028187969,-4.550967844514575e-05,0.0,1.2691561166640287e-07,-4.563659405681215e-05,0.9268216397935207,0.9267793428105825,-0.1436623931840001,0.9998459676263738,0.0007411871721317927,0.999104780454242,False,False,False,1.0
2023-10-29,2023-10-30 00:00:00,0.29750417965531656,0.0,0.0,0.14875208982765828,0.0,0.0,0.14875208982765828,0.0,0.14875208982765828,0.14875208982765828,False,0.5,0.0,-0.0001785116590427016,-2.6553982341204256e-05,0.0,1.2735624129080332e-07,-2.668133858249506e-05,0.9269053084349281,0.9268805773605598,-0.14356885317048207,0.9997932494686661,0.0007437604491382914,0.9990494890195278,False,False,False,1.0
2023-10-30,2023-10-31 00:00:00,0.3110506624857895,0.0,0.0,0.15552533124289475,0.0,0.0,0.15552533124289475,0.0,0.15552533124289475,0.15552533124289475,False,0.5,0.0,0.00047827162529889833,7.43833529486888e-05,0.0,1.3315524935179344e-07,7.4250197699337e-05,0.9274797008535879,0.9275485664047384,-0.14295163598290817,0.9998382754228277,0.0007776266562144737,0.9990606487666132,False,False,False,1.0
2023-10-31,2023-11-01 00:00:00,0.31253837294102066,0.0,-0.19822518652498297,0.15626918647051033,0.0,-0.09911259326249149,0.15626918647051033,0.09911259326249149,0.2553817797330018,0.057156593208018844,True,0.5,0.0,0.002428189376391776,0.0001387870324184577,0.0,2.1864878401798097e-07,0.00013856838363443972,0.925302523409529,0.9254307410845707,-0.1449084917117236,0.999618849514851,0.001276908898665009,0.998341940616186,False,False,False,1.0
2023-11-01,2023-11-02 00:00:00,0.30985743160516405,0.0,0.0,0.15492871580258202,0.0,0.0,0.15492871580258202,0.0,0.15492871580258202,0.15492871580258202,False,0.5,0.0,0.0014582879364388734,0.00022593067726287203,0.0,1.3264444846111472e-07,0.00022579803281441092,0.9237886901094753,0.9239972797784383,-0.146232999895769,0.9997592208870494,0.0007746435790129101,0.9989845773080365,False,False,False,1.0
2023-11-02,2023-11-03 00:00:00,0.30425356659011743,0.0,0.0,0.15212678329505872,0.0,0.0,0.15212678329505872,0.0,0.15212678329505872,0.15212678329505872,False,0.5,0.0,-0.0033718237144230168,-0.0005129446955131703,0.0,1.302455336430297e-07,-0.0005130749410468133,0.9253494219948457,0.924874648394708,-0.14542231745341605,0.9994524484482711,0.0007606339164752936,0.9986918145317958,False,False,False,1.0
2023-11-03,2023-11-04 00:00:00,0.3043519151295582,0.0,0.0,0.1521759575647791,0.0,0.0,0.1521759575647791,0.0,0.1521759575647791,0.1521759575647791,False,0.5,0.0,0.0018573695004449053,0.0002826469822818189,0.0,1.3028763490135198e-07,0.00028251669464691753,0.9253530445391729,0.9256144722226975,-0.1447387254298771,0.9997710602505179,0.0007608797878238955,0.999010180462694,False,False,False,1.0
2023-11-04,2023-11-05 00:00:00,0.3191528041874115,0.0,0.0,0.15957640209370574,0.0,0.0,0.15957640209370574,0.0,0.15957640209370574,0.15957640209370574,False,0.5,0.0,-0.0005018437302263257,-8.008241688280133e-05,0.0,1.366236319295426e-07,-8.021904051473088e-05,0.9272995267344573,0.9272251396561529,-0.14325048002816276,0.9997657093530912,0.0007978820104685287,0.9989678273426227,False,False,False,1.0
2023-11-05,2023-11-06 00:00:00,0.3223872144819779,0.0,0.0,0.16119360724098894,0.0,0.0,0.16119360724098894,0.0,0.16119360724098894,0.16119360724098894,False,0.5,0.0,0.0005817180428655533,9.376922972666677e-05,0.0,1.38008225377559e-07,9.36312215012892e-05,0.9305888719774008,0.9306760041501995,-0.1400619054605463,0.9995447801337433,0.0008059680362049448,0.9987388120975383,False,False,False,1.0
2023-11-06,2023-11-07 00:00:00,0.3246197321205812,0.0,0.0,0.1623098660602906,0.0,0.0,0.1623098660602906,0.0,0.1623098660602906,0.1623098660602906,False,0.5,0.0,-0.002716621739267233,-0.0004409345106369383,0.0,1.3896392642148166e-07,-0.0004410734745633598,0.9332486067141753,0.9328369755085805,-0.13806518309530458,0.9994627381090236,0.000811549330301453,0.9986511887787222,False,False,False,1.0
2023-11-07,2023-11-08 00:00:00,0.319827953709479,0.0,0.0,0.1599139768547395,0.0,0.0,0.1599139768547395,0.0,0.1599139768547395,0.1599139768547395,False,0.5,0.0,0.0005369444638341214,8.586492456185019e-05,0.0,1.36912651416729e-07,8.572801191043346e-05,0.9297355050080494,0.9298152093844962,-0.1408572737813233,0.9998298505367161,0.0007995698842736974,0.9990302806524425,False,False,False,1.0
2023-11-08,2023-11-09 00:00:00,0.31909745863677863,0.0,0.0,0.15954872931838932,0.0,0.0,0.15954872931838932,0.0,0.15954872931838932,0.15954872931838932,False,0.5,0.0,0.001872291674401616,0.00029872175756417735,0.0,1.3659993948492235e-07,0.0002985851576246924,0.9315662434321795,0.9318443952858125,-0.1389823202532826,0.9999668601463919,0.0007977436465919466,0.9991691164998,False,False,False,1.0
2023-11-09,2023-11-10 00:00:00,0.30888769969609253,0.0,0.0,0.15444384984804627,0.0,0.0,0.15444384984804627,0.0,0.15444384984804627,0.15444384984804627,False,0.5,0.0,-0.002442653926358118,-0.00037725287623319387,0.0,1.322293235000396e-07,-0.0003773851055566939,0.9432808537632817,0.9429248736187147,-0.12874403605804097,0.999421514162824,0.0007722192492402313,0.9986492949135838,False,False,False,1.0
2023-11-10,2023-11-11 00:00:00,0.32919989269999084,0.0,0.0,0.16459994634999542,0.0,0.0,0.16459994634999542,0.0,0.16459994634999542,0.16459994634999542,False,0.5,0.0,0.0026436621678027628,0.0004351466509878473,0.0,1.4092461160102347e-07,0.0004350057263762463,0.9466723865379089,0.947084194447055,-0.12490085281086227,0.9997202911725758,0.0008229997317499771,0.9988972914408258,False,False,False,1.0
2023-11-11,2023-11-12 00:00:00,0.2624331209076295,0.0,0.0,0.13121656045381475,0.0,0.0,0.13121656045381475,0.0,0.13121656045381475,0.13121656045381475,False,0.5,0.0,-0.002089556560387229,-0.00027418442472771607,0.0,1.1234294559401948e-07,-0.0002742967676733101,0.9461771296760699,0.9459175963477534,-0.12597878126516127,0.9996066578008052,0.0006560828022690738,0.9989505749985361,False,False,False,1.0
2023-11-12,2023-11-13 00:00:00,0.261958333890426,0.0,0.0,0.130979166945213,0.0,0.0,0.130979166945213,0.0,0.130979166945213,0.130979166945213,False,0.5,0.0,0.0004472728510240831,5.8583425424344764e-05,0.0,1.1213969772706592e-07,5.8471285726617696e-05,0.9452688154358297,0.9453240865188255,-0.12652718018068376,0.9998852681149067,0.000654895834726065,0.9992303722801806,False,False,False,1.0
2023-11-13,2023-11-14 00:00:00,0.2624395029624514,0.0,0.0,0.1312197514812257,0.0,0.0,0.1312197514812257,0.0,0.1312197514812257,0.1312197514812257,False,0.5,0.0,0.008827800382442241,0.00115838177230994,0.0,1.1234567763803569e-07,0.001158269426632302,0.9470779003680222,0.9481748717446576,-0.12389307464437327,0.999977877142905,0.0006560987574061285,0.9993217783854988,False,False,False,1.0
2023-11-14,2023-11-15 00:00:00,0.2614771057845967,0.0,0.0,0.13073855289229835,0.0,0.0,0.13073855289229835,0.0,0.13073855289229835,0.13073855289229835,False,0.5,0.0,-0.0017142073505210798,-0.00022411298836446682,0.0,1.1193369254477599e-07,-0.0002242249220570116,0.9444325061557524,0.9442207408506715,-0.1275466638326309,0.9995817572623018,0.0006536927644614918,0.9989280644978403,False,False,False,1.0
2023-11-15,2023-11-16 00:00:00,0.25972294161029125,0.0,0.0,0.12986147080514562,0.0,0.0,0.12986147080514562,0.0,0.12986147080514562,0.12986147080514562,False,0.5,0.0,0.0033957374558777342,0.00044097546048840584,0.0,1.1118276610029591e-07,0.00044086427772230556,0.9428116947069548,0.94322734670377,-0.12846455305079463,0.9999998888172339,0.0006493073540257281,0.9993505814632082,False,False,False,1.0
2023-11-16,2023-11-17 00:00:00,0.24395647113617255,0.0,0.0,0.12197823556808628,0.0,0.0,0.12197823556808628,0.0,0.12197823556808628,0.12197823556808628,False,0.5,0.0,-0.004038558499193878,-0.0004926162399701678,0.0,1.0443342086308756e-07,-0.000492720673391031,0.9422206837383668,0.9417564321285923,-0.12982366779251786,0.9984672440511219,0.0006098911778404314,0.9978573528732815,False,False,False,1.0
2023-11-17,2023-11-18 00:00:00,0.24181803638721078,0.0,0.0,0.12090901819360539,0.0,0.0,0.12090901819360539,0.0,0.12090901819360539,0.12090901819360539,False,0.5,0.0,-0.00015109360509335534,-1.826857944716993e-05,0.0,1.0351799502877173e-07,-1.8372097442198702e-05,0.9373897197628076,0.9373724979475349,-0.13387439220083353,0.999602397391275,0.000604545090968027,0.9989978523003069,False,False,False,1.0
2023-11-18,2023-11-19 00:00:00,0.2388460997578267,0.0,0.0,0.11942304987891335,0.0,0.0,0.11942304987891335,0.0,0.11942304987891335,0.11942304987891335,False,0.5,0.0,0.0011127577418710288,0.00013288892331061086,0.0,1.0224576188263129e-07,0.00013278667754872822,0.9391863819955536,0.9393110934348178,-0.13208314357941986,0.9998700707876859,0.0005971152493945668,0.9992729555382913,False,False,False,1.0
2023-11-19,2023-11-20 00:00:00,0.2237318102154851,0.0,0.0,0.11186590510774255,0.0,0.0,0.11186590510774255,0.0,0.11186590510774255,0.11186590510774255,False,0.5,0.0,0.00042717873870379286,4.778673624788364e-05,0.0,9.577560368813573e-08,4.7690960644195504e-05,0.9400960863071774,0.9401409203926313,-0.13131638929574063,0.9998315128680942,0.0005593295255387128,0.9992721833425555,False,False,False,1.0
2023-11-20,2023-11-21 00:00:00,0.2241636386533965,0.0,0.0,0.11208181932669825,0.0,0.0,0.11208181932669825,0.0,0.11208181932669825,0.11208181932669825,False,0.5,0.0,0.003292108275966932,0.0003689854849908537,0.0,9.596046175231014e-08,0.00036888952452910137,0.9437432795650985,0.9440914165747748,-0.12766615855571006,0.9999822808521953,0.0005604090966334912,0.9994218717555619,False,False,False,1.0
2023-11-21,2023-11-22 00:00:00,0.22729393124086875,0.0,0.0,0.11364696562043437,0.0,0.0,0.11364696562043437,0.0,0.11364696562043437,0.11364696562043437,False,0.5,0.0,0.01162826202011158,0.0013215166940250234,0.0,9.730048426407052e-08,0.0013214193935407593,0.9400171282330237,0.9412592850965313,-0.13028302816019688,0.9999524784680452,0.0005682348281021718,0.999384243639943,False,False,False,1.0
2023-11-22,2023-11-23 00:00:00,0.2213611942584111,0.0,0.0,0.11068059712920555,0.0,0.0,0.11068059712920555,0.0,0.11068059712920555,0.11068059712920555,False,0.5,0.0,0.0009842519685039353,0.00010893759559961157,0.0,9.476078521336091e-08,0.0001088428348143982,0.9436114621060815,0.9437141674525804,-0.12801473409634923,0.9997880216157735,0.0005534029856460278,0.9992346186301275,False,False,False,1.0
2023-11-23,2023-11-24 00:00:00,0.21456607101315436,0.0,0.0,0.10728303550657718,0.0,0.0,0.10728303550657718,0.0,0.10728303550657718,0.10728303550657718,False,0.5,0.0,-0.0035435030895833997,-0.00038015776777744183,0.0,9.18519139611106e-08,-0.00038024961969140294,0.9444883992977696,0.9441292579431337,-0.1276311933969908,0.9994940783909607,0.0005364151775328859,0.9989576632134278,False,False,False,1.0
2023-11-24,2023-11-25 00:00:00,0.21650620509636878,0.0,0.0,0.10825310254818439,0.0,0.0,0.10825310254818439,0.0,0.10825310254818439,0.10825310254818439,False,0.5,0.0,-0.004478967202856787,-0.0004848620959208104,0.0,9.268245081180171e-08,-0.00048495477837162215,0.9482626280830566,0.9478027635904165,-0.12423689996671294,0.9994299906312726,0.000541265512740922,0.9988887251185317,False,False,False,1.0
2023-11-25,2023-11-26 00:00:00,0.23640545682271263,0.0,0.0,0.11820272841135632,0.0,0.0,0.11820272841135632,0.0,0.11820272841135632,0.11820272841135632,False,0.5,0.0,0.0011563200115629613,0.0001366801802833931,0.0,1.0120096610561329e-07,0.0001365789793172875,0.9456144520900037,0.9457436031466978,-0.12613954976151376,0.999999898799034,0.0005910136420567816,0.9994088851569771,False,False,False,1.0
2023-11-26,2023-11-27 00:00:00,0.22994493609397587,0.0,0.0,0.11497246804698794,0.0,0.0,0.11497246804698794,0.0,0.11497246804698794,0.11497246804698794,False,0.5,0.0,-0.0016147903189936974,-0.00018565642835308832,0.0,9.843533223201022e-08,-0.00018575486368532034,0.945250749205684,0.9450751642816169,-0.12675718258044377,0.999646932007769,0.0005748623402349397,0.999072069667534,False,False,False,1.0
2023-11-27,2023-11-28 00:00:00,0.22917546526522176,0.0,0.0,0.11458773263261088,0.0,0.0,0.11458773263261088,0.0,0.11458773263261088,0.11458773263261088,False,0.5,0.0,-0.007029023223535713,-0.0008054398338069229,0.0,9.810593547312576e-08,-0.000805537939742396,0.9425629630870442,0.9418036928596817,-0.12977999920875904,0.999014402520542,0.0005729386631630544,0.9984414638573789,False,False,False,1.0
2023-11-28,2023-11-29 00:00:00,0.22828120152164366,0.0,0.0,0.11414060076082183,0.0,0.0,0.11414060076082183,0.0,0.11414060076082183,0.11414060076082183,False,0.5,0.0,0.0005945420061124196,6.786138175521577e-05,0.0,9.772311708974471e-08,6.776365863812602e-05,0.9435221686301319,0.9435861051442845,-0.12813306277022407,0.9998232383491731,0.0005707030038041091,0.999252535345369,False,False,False,1.0
2023-11-29,2023-11-30 00:00:00,0.22002268168106015,0.0,-0.17796788629677446,0.11001134084053008,0.0,-0.08898394314838723,0.11001134084053008,0.08898394314838723,0.1989952839889173,0.021027397692142846,True,0.5,0.0,0.00018709995076315877,3.934225072877285e-06,0.0,1.7037267464804563e-07,3.763852398229239e-06,0.943863298100905,0.9438668506630431,-0.12787365588170962,0.9997637469137635,0.0009949764199445865,0.9987687704938188,False,False,False,1.0
2023-11-30,2023-12-01 00:00:00,0.21910524566870532,0.0,-0.17796788629677446,0.10955262283435266,0.0,-0.08898394314838723,0.10955262283435266,0.08898394314838723,0.1985365659827399,0.02056867968596543,True,0.5,0.0,0.0015119949961337475,3.109974076225759e-05,0.0,1.699799366290581e-07,3.0929760825628534e-05,0.943843112693317,0.9438723055350495,-0.12786861561826857,0.9995975028401338,0.0009926828299136996,0.9986048200102201,False,False,False,1.0
2023-12-01,2023-12-02 00:00:00,0.21967438464207453,0.0,0.0,0.10983719232103727,0.0,0.0,0.10983719232103727,0.0,0.10983719232103727,0.10983719232103727,False,0.5,0.0,0.0008516002386405042,9.35373791921983e-05,0.0,9.403869205568259e-08,9.344334050014261e-05,0.944052436024748,0.9441406514379775,-0.1276206658877368,0.9999993775015384,0.0005491859616051863,0.9994501915399333,False,False,False,1.0
2023-12-02,2023-12-03 00:00:00,0.22213694830225655,0.0,0.0,0.11106847415112828,0.0,0.0,0.11106847415112828,0.0,0.11106847415112828,0.11106847415112828,False,0.5,0.0,0.0019854401058900795,0.00022051980307966567,0.0,9.50928717047331e-08,0.00022042471020796093,0.9451462439658943,0.9453545775528247,-0.1264990066793139,0.9999940878379823,0.0005553423707556414,0.9994387454672267,False,False,False,1.0
2023-12-03,2023-12-04 00:00:00,0.2201050934231146,0.0,0.0,0.1100525467115573,0.0,0.0,0.1100525467115573,0.0,0.1100525467115573,0.1100525467115573,False,0.5,0.0,0.00043059741919337924,4.738834258965539e-05,0.0,9.422307081468947e-08,4.72941195188407e-05,0.9480724394751346,0.9481172777263998,-0.12394629111293665,0.9999601607154024,0.0005502627335577865,0.9994098979818447,False,False,False,1.0
2023-12-04,2023-12-05 00:00:00,0.2198333785509329,0.0,0.0,0.10991668927546645,0.0,0.0,0.10991668927546645,0.0,0.10991668927546645,0.10991668927546645,False,0.5,0.0,-0.0026602460051221577,-0.0002924054335413131,0.0,9.410675451666649e-08,-0.00029249954029582977,0.9508744629923184,0.950596332649014,-0.12165566176727294,0.9996073887688985,0.0005495834463773323,0.9990578053225212,False,False,False,1.0
2023-12-05,2023-12-06 00:00:00,0.2170706286292765,0.0,0.0,0.10853531431463825,0.0,0.0,0.10853531431463825,0.0,0.10853531431463825,0.10853531431463825,False,0.5,0.0,-0.0008562411461975339,-9.293240193167547e-05,0.0,9.292407047486151e-08,-9.302532600215032e-05,0.9514902819990023,0.9514017693053315,-0.12091144395095743,0.9996048227284504,0.0005426765715731913,0.9990621461568773,False,False,False,1.0
2023-12-06,2023-12-07 00:00:00,0.21538428527808284,0.0,0.0,0.10769214263904142,0.0,0.0,0.10769214263904142,0.0,0.10769214263904142,0.10769214263904142,False,0.5,0.0,5.7716726307388555e-05,6.215637922153803e-06,0.0,9.220217691698752e-08,6.123435745236815e-06,0.9525255889581051,0.9525314216873447,-0.11986765308007596,0.9998483418577216,0.0005384607131952071,0.9993098811445265,False,False,False,1.0
2023-12-07,2023-12-08 00:00:00,0.21713136374323908,0.0,0.0,0.10856568187161954,0.0,0.0,0.10856568187161954,0.0,0.10856568187161954,0.10856568187161954,False,0.5,0.0,-0.0005595489174881063,-6.074780976762284e-05,0.0,9.295007009556466e-08,-6.084075983771841e-05,0.9557637465609375,0.9557055971683714,-0.11693473721814784,0.999571401345646,0.0005428284093580977,0.999028572936288,False,False,False,1.0
2023-12-08,2023-12-09 00:00:00,0.21742842378247354,0.0,0.0,0.10871421189123677,0.0,0.0,0.10871421189123677,0.0,0.10871421189123677,0.10871421189123677,False,0.5,0.0,-0.005728498006465688,-0.0006227691460934381,0.0,9.307723620825065e-08,-0.0006228622233296464,0.9574190146053668,0.9568226744692716,-0.11590256563393853,0.9992159179533473,0.0005435710594561839,0.9986723468938911,False,False,False,1.0
2023-12-09,2023-12-10 00:00:00,0.21834964990318248,0.0,-0.1139781262201199,0.10917482495159124,0.0,-0.05698906311005995,0.10917482495159124,0.05698906311005995,0.1661638880616512,0.05218576184153129,True,0.5,0.0,0.0018777870089354831,9.799374563742852e-05,0.0,1.422636027925096e-07,9.785148203463601e-05,0.9571444260750995,0.9572380840757122,-0.11551873007374036,0.9997399381877499,0.000830819440308256,0.9989091187474416,False,False,False,1.0
2023-12-10,2023-12-11 00:00:00,0.21853548690595226,0.0,-0.1139781262201199,0.10926774345297613,0.0,-0.05698906311005995,0.10926774345297613,0.05698906311005995,0.16625680656303607,0.05227868034291618,True,0.5,0.0,-0.0006967604885820267,-3.6425718858153875e-05,0.0,1.423431563039692e-07,-3.6568062014457845e-05,0.9570228436211548,0.9569878471504599,-0.11574994723602372,0.9998373475830272,0.0008312840328151803,0.999006063550212,False,False,False,1.0
2023-12-11,2023-12-12 00:00:00,0.25812139894696645,0.0,0.0,0.12906069947348323,0.0,0.0,0.12906069947348323,0.0,0.12906069947348323,0.12906069947348323,False,0.5,0.0,0.0003560338727921497,4.594998065880799e-05,0.0,1.1049717420674934e-07,4.583948348460124e-05,0.9534399694398548,0.9534836746355875,-0.11898777804066396,0.9989593260167672,0.0006453034973674161,0.9983140225193997,False,False,False,1.0
2023-12-12,2023-12-13 00:00:00,0.2617661725712146,0.0,0.0,0.1308830862856073,0.0,0.0,0.1308830862856073,0.0,0.1308830862856073,0.1308830862856073,False,0.5,0.0,-0.0021149822614391356,-0.00027681540581646726,0.0,1.120574368883624e-07,-0.0002769274632533556,0.9523347433120389,0.9520710156674055,-0.12029306501047432,0.9995480537640369,0.0006544154314280365,0.9988936383326088,False,False,False,1.0
2023-12-13,2023-12-14 00:00:00,0.2299670631630787,0.0,0.0,0.11498353158153934,0.0,0.0,0.11498353158153934,0.0,0.11498353158153934,0.11498353158153934,False,0.5,0.0,-0.0019442294190715748,-0.0002235543648095743,0.0,9.844480443624944e-08,-0.00022365280961401056,0.9534656731990832,0.9532524279224016,-0.11920144838030822,0.9996707798514481,0.0005749176579076967,0.9990958621935404,False,False,False,1.0
2023-12-14,2023-12-15 00:00:00,0.22891873379909314,0.0,0.0,0.11445936689954657,0.0,0.0,0.11445936689954657,0.0,0.11445936689954657,0.11445936689954657,False,0.5,0.0,-0.00047446666432360285,-5.430715401341926e-05,0.0,9.79960333044063e-08,-5.440515004672367e-05,0.9561326134666656,0.9560805949283653,-0.11658824192037753,0.9997665823793165,0.0005722968344977329,0.9991942855448187,False,False,False,1.0
2023-12-15,2023-12-16 00:00:00,0.23153449783872154,0.0,0.0,0.11576724891936077,0.0,0.0,0.11576724891936077,0.0,0.11576724891936077,0.11576724891936077,False,0.5,0.0,0.001170818361661885,0.0001355424207138696,0.0,9.911579530767189e-08,0.00013544330491856193,0.9538335471419671,0.9539627375099342,-0.11854512730776312,0.9997225842073418,0.0005788362445968039,0.9991437479627451,False,False,False,1.0
2023-12-16,2023-12-17 00:00:00,0.23696972208925196,0.0,0.0,0.11848486104462598,0.0,0.0,0.11848486104462598,0.0,0.11848486104462598,0.11848486104462598,False,0.5,0.0,0.0018777717109030867,0.00022248752023988183,0.0,1.0144251801765922e-07,0.00022238607772186416,0.9550212991129036,0.9552336825537542,-0.11737078300923909,0.9999993725822568,0.0005924243052231299,0.9994069482770337,False,False,False,1.0
2023-12-17,2023-12-18 00:00:00,0.23399083962061687,0.0,0.0,0.11699541981030843,0.0,0.0,0.11699541981030843,0.0,0.11699541981030843,0.11699541981030843,False,0.5,0.0,0.0028703081068153224,0.0003358129019417903,0.0,1.0016731148142845e-07,0.0003357127346303089,0.9531862594790619,0.9535062562448438,-0.11896691279223282,0.9999998998326886,0.0005849770990515422,0.999414922733637,False,False,False,1.0
2023-12-18,2023-12-19 00:00:00,0.2357519081826821,0.0,0.0,0.11787595409134105,0.0,0.0,0.11787595409134105,0.0,0.11787595409134105,0.11787595409134105,False,0.5,0.0,-0.002485121664522638,-0.00029293608723866756,0.0,1.0092119357135363e-07,-0.0002930370084322389,0.9504003877000905,0.950121885213666,-0.122094047866939,0.9995804058738036,0.0005893797704567053,0.9989910261033469,False,False,False,1.0
2023-12-19,2023-12-20 00:00:00,0.2485042179037692,0.0,0.0,0.1242521089518846,0.0,0.0,0.1242521089518846,0.0,0.1242521089518846,0.1242521089518846,False,0.5,0.0,-0.002861432080793369,-0.00035553897066115553,0.0,1.0638023026702448e-07,-0.00035564535089142255,0.9545082749972559,0.9541688085668657,-0.11835471909776607,0.999525087999173,0.000621260544759423,0.9989038274544135,False,False,False,1.0
2023-12-20,2023-12-21 00:00:00,0.2394409234135915,0.0,0.0,0.11972046170679575,0.0,0.0,0.11972046170679575,0.0,0.11972046170679575,0.11972046170679575,False,0.5,0.0,0.0014745911462161754,0.00017653873285375368,0.0,1.0250039529691417e-07,0.00017643623245845678,0.955649314154736,0.955817925319277,-0.11683094679524864,0.9998537596965777,0.0005986023085339788,0.9992551573880438,False,False,False,1.0
2023-12-21,2023-12-22 00:00:00,0.2381071126414553,0.0,0.0,0.11905355632072764,0.0,0.0,0.11905355632072764,0.0,0.11905355632072764,0.11905355632072764,False,0.5,0.0,0.0007887283547842738,9.39009156080644e-05,0.0,1.0192941465815722e-07,9.379898619340625e-05,0.9550132884194131,0.9551028676976681,-0.11749165501794945,0.9996040203468285,0.0005952677816036383,0.9990087525652248,False,False,False,1.0
2023-12-22,2023-12-23 00:00:00,0.2438530253727989,0.0,0.0,0.12192651268639945,0.0,0.0,0.12192651268639945,0.0,0.12192651268639945,0.12192651268639945,False,0.5,0.0,-0.0016305283083806188,-0.00019880463047730295,0.0,1.0438913757397213e-07,-0.00019890901961487693,0.959828299437203,0.9596373809311635,-0.11330179662223783,0.9995896971384792,0.0006096325634319973,0.9989800645750472,False,False,False,1.0
2023-12-23,2023-12-24 00:00:00,0.2514353671007459,0.0,0.0,0.12571768355037294,0.0,0.0,0.12571768355037294,0.0,0.12571768355037294,0.12571768355037294,False,0.5,0.0,-0.0010489235422148635,-0.00013186823794870446,0.0,1.0763500303970285e-07,-0.00013197587295174417,0.9579354709272393,0.9578090465572322,-0.11499116474894167,0.9998306614596295,0.0006285884177518647,0.9992020730418777,False,False,False,1.0
2023-12-24,2023-12-25 00:00:00,0.24377136214585882,0.0,0.0,0.12188568107292941,0.0,0.0,0.12188568107292941,0.0,0.12188568107292941,0.12188568107292941,False,0.5,0.0,-0.0016197434535367705,-0.00019742353399774808,0.0,1.0435417900079573e-07,-0.00019752788817674888,0.9583795390307015,0.958190232344285,-0.11463895175760852,0.9997785902327107,0.0006094284053646471,0.999169161827346,False,False,False,1.0
2023-12-25,2023-12-26 00:00:00,0.24053521046226667,0.0,0.0,0.12026760523113333,0.0,0.0,0.12026760523113333,0.0,0.12026760523113333,0.12026760523113333,False,0.5,0.0,-0.002402766451973126,-0.00028897496710851485,0.0,1.0296884009514839e-07,-0.00028907793594861,0.958210681349152,0.9579336837831837,-0.11487600082710914,0.9996359249310268,0.0006013380261556667,0.9990345869048711,False,False,False,1.0
2023-12-26,2023-12-27 00:00:00,0.25005791420807144,0.0,0.0,0.12502895710403572,0.0,0.0,0.12502895710403572,0.0,0.12502895710403572,0.12502895710403572,False,0.5,0.0,-0.00483471351085929,-0.0006044791881595281,0.0,1.0704533998633195e-07,-0.0006045862334995145,0.9554278680581972,0.9548502295220676,-0.11772509091869787,0.9991358728408364,0.0006251447855201786,0.9985107280553162,False,False,False,1.0
2023-12-27,2023-12-28 00:00:00,0.25412310883732103,0.0,0.0,0.12706155441866052,0.0,0.0,0.12706155441866052,0.0,0.12706155441866052,0.12706155441866052,False,0.5,0.0,-0.004317892052698613,-0.0005486380760278666,0.0,1.0878557741323674e-07,-0.0005487468616052798,0.9614487259781633,0.9609211340071884,-0.11211561779186818,0.9993934733410177,0.0006353077720933026,0.9987581655689244,False,False,False,1.0
2023-12-28,2023-12-29 00:00:00,0.24700256179361324,0.0,0.0,0.12350128089680662,0.0,0.0,0.12350128089680662,0.0,0.12350128089680662,0.12350128089680662,False,0.5,0.0,-0.00010594656902629396,-1.3084536981369242e-05,0.0,1.0573739802808785e-07,-1.319027437939733e-05,0.9618321863021371,0.9618194994716928,-0.11128553440914324,0.9997319229452235,0.0006175064044840332,0.9991144165407395,False,False,False,1.0
2023-12-29,2023-12-30 00:00:00,0.23896227507195097,0.0,0.0,0.11948113753597549,0.0,0.0,0.11948113753597549,0.0,0.11948113753597549,0.11948113753597549,False,0.5,0.0,-0.0066074218249801975,-0.0007894622758286651,0.0,1.0229549446573243e-07,-0.0007895645713231308,0.961053861450568,0.9602950473704334,-0.11269411744913538,0.9986897371188441,0.0005974056876798774,0.9980923314311643,False,False,False,1.0
2023-12-30,2023-12-31 00:00:00,0.23999502320741073,0.0,0.0,0.11999751160370536,0.0,0.0,0.11999751160370536,0.0,0.11999751160370536,0.11999751160370536,False,0.5,0.0,0.0026007464142208114,0.00031208309801875696,0.0,1.0273759555111761e-07,0.0003119803604232058,0.9593029188827952,0.9596022025531833,-0.1133343011965412,0.9998277314199974,0.0005999875580185269,0.9992277438619789,False,False,False,1.0
2023-12-31,2024-01-01 00:00:00,0.23761302659020028,0.0,0.0,0.11880651329510014,0.0,0.0,0.11880651329510014,0.0,0.11880651329510014,0.11880651329510014,False,0.5,0.0,-0.0008254588899750948,-9.80698925863847e-05,0.0,1.0171790521840765e-07,-9.81716104916031e-05,0.9590543553276626,0.958960203417051,-0.11392750389152817,0.9996726545352539,0.0005940325664755007,0.9990786219687784,False,False,False,1.0
2024-01-01,2024-01-02 00:00:00,0.23678701100596883,0.0,0.0,0.11839350550298441,0.0,0.0,0.11839350550298441,0.0,0.11839350550298441,0.11839350550298441,False,0.5,0.0,-0.001177399112422206,-0.0001393964082957674,0.0,1.0136430265666473e-07,-0.00013949777259842408,0.9598952764979383,0.959761373244939,-0.11318722859472863,0.9996848525407579,0.000591967527514922,0.999092885013243,False,False,False,1.0
2024-01-02,2024-01-03 00:00:00,0.23895046321072264,0.0,0.0,0.11947523160536132,0.0,0.0,0.11947523160536132,0.0,0.11947523160536132,0.11947523160536132,False,0.5,0.0,-0.004824352215698657,-0.0005763905983164351,0.0,1.0229043801828879e-07,-0.0005764928887544535,0.9623971463556852,0.9618423312446535,-0.11126443801120534,0.9993670278925129,0.0005973761580268066,0.9987696517344861,False,False,False,1.0
2024-01-03,2024-01-04 00:00:00,0.23941297006609336,0.0,0.0,0.11970648503304668,0.0,0.0,0.11970648503304668,0.0,0.11970648503304668,0.11970648503304668,False,0.5,0.0,0.010917050275295326,0.001306841715384658,0.0,1.0248842896664955e-07,0.0013067392269556913,0.9549314610202128,0.956179307419382,-0.11649703227163455,0.9998183767110876,0.0005985324251652334,0.9992198442859224,False,False,False,1.0
2024-01-04,2024-01-05 00:00:00,0.0,0.0,0.0,0.0,0.0,0.0,0.0,0.0,0.0,0.0,False,0.5,0.0,0.0011999736269532324,0.0,0.0,0.0,0.0,0.9558670111053127,0.9558670111053127,-0.11678559187353121,1.0,0.0,1.0,False,False,False,0.0
2024-01-05,2024-01-06 00:00:00,0.0,0.0,0.0,0.0,0.0,0.0,0.0,0.0,0.0,0.0,False,0.5,0.0,-0.0007497564413955216,-0.0,0.0,0.0,-0.0,0.9558670111053127,0.9558670111053127,-0.11678559187353121,1.0,0.0,1.0,False,False,False,0.0
2024-01-06,2024-01-07 00:00:00,0.0,0.0,0.0,0.0,0.0,0.0,0.0,0.0,0.0,0.0,False,0.5,0.0,0.0021011777301926937,0.0,0.0,0.0,0.0,0.9558670111053127,0.9558670111053127,-0.11678559187353121,1.0,0.0,1.0,False,False,False,0.0
2024-01-07,2024-01-08 00:00:00,0.0,0.0,0.0,0.0,0.0,0.0,0.0,0.0,0.0,0.0,False,0.5,0.0,0.0018458056200514328,0.0,0.0,0.0,0.0,0.9558670111053127,0.9558670111053127,-0.11678559187353121,1.0,0.0,1.0,False,False,False,0.0
2024-01-08,2024-01-09 00:00:00,0.0,0.0,0.0,0.0,0.0,0.0,0.0,0.0,0.0,0.0,False,0.5,0.0,-0.0013812276210335428,-0.0,0.0,0.0,-0.0,0.9558670111053127,0.9558670111053127,-0.11678559187353121,1.0,0.0,1.0,False,False,False,0.0
2024-01-09,2024-01-10 00:00:00,0.0,0.0,0.0,0.0,0.0,0.0,0.0,0.0,0.0,0.0,False,0.5,0.0,-0.004121036701052794,-0.0,0.0,0.0,-0.0,0.9558670111053127,0.9558670111053127,-0.11678559187353121,1.0,0.0,1.0,False,False,False,0.0
2024-01-10,2024-01-11 00:00:00,0.0,0.0,0.0,0.0,0.0,0.0,0.0,0.0,0.0,0.0,False,0.5,0.0,0.0036097680898139473,0.0,0.0,0.0,0.0,0.9558670111053127,0.9558670111053127,-0.11678559187353121,1.0,0.0,1.0,False,False,False,0.0
2024-01-11,2024-01-12 00:00:00,0.22454258406681835,0.0,0.0,0.11227129203340917,0.0,0.0,0.11227129203340917,0.0,0.11227129203340917,0.11227129203340917,False,0.5,0.0,-0.00164954122134775,-0.0001851961241830797,0.0,9.612268153545306e-08,-0.00018529224686461514,0.9635510608025647,0.9633725222615398,-0.10985055225346074,0.9990477728777568,0.0005613564601670459,0.9984864164175897,False,False,False,1.0
2024-01-12,2024-01-13 00:00:00,0.2059942899383834,0.0,0.0,0.1029971449691917,0.0,0.0,0.1029971449691917,0.0,0.1029971449691917,0.1029971449691917,False,0.5,0.0,-0.0019377287858283188,-0.00019958053266493515,0.0,8.818248713115728e-08,-0.0001996687151520663,0.9647694248988888,0.9645767906274012,-0.10873781673730376,0.9994151486225842,0.0005149857248459585,0.9989001628977382,False,False,False,1.0
2024-01-13,2024-01-14 00:00:00,0.18994631694504477,0.0,0.0,0.09497315847252238,0.0,0.0,0.09497315847252238,0.0,0.09497315847252238,0.09497315847252238,False,0.5,0.0,0.0014686295264840776,0.0001394803847561978,0.0,8.131263567852943e-08,0.00013939907212051929,0.9616337890574334,0.9617678399153478,-0.1113332674765587,0.9996623464795767,0.0004748657923626119,0.9991874806872141,False,False,False,1.0
2024-01-14,2024-01-15 00:00:00,0.1898628842969764,0.0,0.0,0.0949314421484882,0.0,0.0,0.0949314421484882,0.0,0.0949314421484882,0.0949314421484882,False,0.5,0.0,-0.0011453987247106445,-0.00010873435277182071,0.0,8.127691964767826e-08,-0.0001088156296914684,0.9609369074597027,0.9608323425050237,-0.11219766051655677,0.9998908107127389,0.000474657210742441,0.9994161535019964,False,False,False,1.0
2024-01-15,2024-01-16 00:00:00,0.18605456162110603,0.0,0.0,0.09302728081055302,0.0,0.0,0.09302728081055302,0.0,0.09302728081055302,0.09302728081055302,False,0.5,0.0,-0.0016474856986330444,-0.00015326111471810635,0.0,7.964664452958307e-08,-0.00015334076136263593,0.9601956957905703,0.9600484586515207,-0.11292196369437124,0.9995999642395248,0.0004651364040527651,0.999134827835472,False,False,False,1.0
2024-01-16,2024-01-17 00:00:00,0.18739579958767194,0.0,0.0,0.09369789979383597,0.0,0.0,0.09369789979383597,0.0,0.09369789979383597,0.09369789979383597,False,0.5,0.0,-0.0005700119077830523,-5.3408918616749706e-05,0.0,8.022080461801024e-08,-5.3489139421367716e-05,0.9617254626660922,0.9616740207987345,-0.11141995568170415,0.9996231308327895,0.0004684894989691799,0.9991546413338204,False,False,False,1.0
2024-01-17,2024-01-18 00:00:00,0.18693818156088332,0.0,0.0,0.09346909078044166,0.0,0.0,0.09346909078044166,0.0,0.09346909078044166,0.09346909078044166,False,0.5,0.0,-0.0019647909462433555,-0.00018364722331901007,0.0,8.002490649010416e-08,-0.00018372724822550017,0.9611489811462055,0.9609723918887648,-0.11206825586911906,0.9996822102787516,0.00046734545390220833,0.9992148648248493,False,False,False,1.0
2024-01-18,2024-01-19 00:00:00,0.1877552949895937,0.0,0.0,0.09387764749479685,0.0,0.0,0.09387764749479685,0.0,0.09387764749479685,0.09387764749479685,False,0.5,0.0,-0.0009532549106471278,-8.948932847441513e-05,0.0,8.037469819760005e-08,-8.956970317261273e-05,0.9605632807419766,0.9604772433740421,-0.11252576962080707,0.9998818382707173,0.00046938823747398427,0.9994124500332433,False,False,False,1.0
2024-01-19,2024-01-20 00:00:00,0.19234543825734346,0.0,0.0,0.09617271912867173,0.0,0.0,0.09617271912867173,0.0,0.09617271912867173,0.09617271912867173,False,0.5,0.0,-0.0012609215674348473,-0.00012126625574819607,0.0,8.233965678824634e-08,-0.00012134859540498431,0.958311674894888,0.9581953851191792,-0.11463419062977853,0.9998373194974911,0.0004808635956433587,0.9993564559018477,False,False,False,1.0
2024-01-20,2024-01-21 00:00:00,0.19244918264863303,0.0,0.0,0.09622459132431652,0.0,0.0,0.09622459132431652,0.0,0.09622459132431652,0.09622459132431652,False,0.5,0.0,-0.0014184742080861623,-0.00013649210097717448,0.0,8.238406791465455e-08,-0.00013657448504508912,0.958362299943567,0.9582314121059656,-0.11460090194689543,0.9998306674107204,0.00048112295662158257,0.9993495444540987,False,False,False,1.0
2024-01-21,2024-01-22 00:00:00,0.1908286108722085,0.0,0.0,0.09541430543610425,0.0,0.0,0.09541430543610425,0.0,0.09541430543610425,0.09541430543610425,False,0.5,0.0,0.0010422961337708259,9.944996166248016e-05,0.0,8.16903299966646e-08,9.93682713324835e-05,0.9582932177868718,0.9583884417273528,-0.11445580767907304,0.9999174948005879,0.00047707152718052127,0.9994404232734073,False,False,False,1.0
2024-01-22,2024-01-23 00:00:00,0.1911973302773548,0.0,0.0,0.0955986651386774,0.0,0.0,0.0955986651386774,0.0,0.0955986651386774,0.0955986651386774,False,0.5,0.0,0.004715467747382407,0.00045079242215424417,0.0,8.184817220777175e-08,0.0004507105739820364,0.9546449309028843,0.9550751994676404,-0.1175172202682655,0.9999559285600509,0.00047799332569338704,0.9994779352343575,False,False,False,1.0
2024-01-23,2024-01-24 00:00:00,0.19690140550865737,0.0,0.0,0.09845070275432868,0.0,0.0,0.09845070275432868,0.0,0.09845070275432868,0.09845070275432868,False,0.5,0.0,-0.0028667457493081194,-0.0002822331336373689,0.0,8.428998523487045e-08,-0.00028231742362260377,0.9488525776065355,0.9485846999914279,-0.12351439622132976,0.9994633188587575,0.0004922535137716434,0.9989710653449858,False,False,False,1.0
2024-01-24,2024-01-25 00:00:00,0.19170186235742984,0.0,0.0,0.09585093117871492,0.0,0.0,0.09585093117871492,0.0,0.09585093117871492,0.09585093117871492,False,0.5,0.0,-0.0011086325821749732,-0.00010626346533653437,0.0,8.2064153406434e-08,-0.00010634552948994081,0.949313729148468,0.9492127738772896,-0.12293406035983823,0.9998079581274968,0.0004792546558935746,0.9993287034716032,False,False,False,1.0
2024-01-25,2024-01-26 00:00:00,0.17358066421850196,0.0,0.0,0.08679033210925098,0.0,0.0,0.08679033210925098,0.0,0.08679033210925098,0.08679033210925098,False,0.5,0.0,-0.001610364727082092,-0.00013976408948047808,0.0,7.430679118942721e-08,-0.0001398383962716675,0.9476182567229944,0.9474857433056966,-0.12452982448432881,0.9996087446155695,0.0004339516605462549,0.9991747929550232,False,False,False,1.0
2024-01-26,2024-01-27 00:00:00,0.17338747861972317,0.0,0.0,0.08669373930986159,0.0,0.0,0.08669373930986159,0.0,0.08669373930986159,0.08669373930986159,False,0.5,0.0,0.0003146354217444802,2.7276921230364326e-05,0.0,7.422409187488149e-08,2.7202697138489444e-05,0.9500203554993012,0.9500461986153071,-0.12216398175250676,0.9998270438807861,0.00043346869654930793,0.9993935751842369,False,False,False,1.0
2024-01-27,2024-01-28 00:00:00,0.17412249434334914,0.0,0.0,0.08706124717167457,0.0,0.0,0.08706124717167457,0.0,0.08706124717167457,0.08706124717167457,False,0.5,0.0,-0.001003401884459243,-8.73574194754302e-05,0.0,7.453873901684466e-08,-8.743195821444705e-05,0.9505926960179404,0.9505095838370632,-0.12173581706054348,0.9998554792018651,0.00043530623585837287,0.9994201729660067,False,False,False,1.0
2024-01-28,2024-01-29 00:00:00,0.17931539531152232,0.0,-0.1863863408678232,0.08965769765576116,0.0,-0.0931931704339116,0.08965769765576116,0.0931931704339116,0.18285086808967277,-0.0035354727781504447,True,0.5,0.0,0.002030277618396248,-7.177991251928051e-06,0.0,1.5655040076170613e-07,-7.334541652689757e-06,0.9503962505426868,0.9503892798218007,-0.12184697712611836,0.9996381562883725,0.0009142543404483638,0.9987239019479242,False,False,False,1.0
2024-01-29,2024-01-30 00:00:00,0.1793937419929596,0.0,-0.1863863408678232,0.0896968709964798,0.0,-0.0931931704339116,0.0896968709964798,0.0931931704339116,0.1828900414303914,-0.0034962994374318074,True,0.5,0.0,0.009375263318949889,-3.2778727867819555e-05,0.0,1.5658393958081453e-07,-3.293531180740037e-05,0.9503973123053616,0.95036601067354,-0.12186847765576303,0.9990763415588182,0.000914450207151957,0.9981618913516662,False,False,False,1.0
2024-01-30,2024-01-31 00:00:00,0.17994899008374193,0.0,0.0,0.08997449504187097,0.0,0.0,0.08997449504187097,0.0,0.08997449504187097,0.08997449504187097,False,0.5,0.0,0.0036744844145262245,0.0003306098797362219,0.0,7.703295808379364e-08,0.0003305328467781381,0.9515136035163723,0.9518281100164907,-0.12051750812673512,0.9999690609012555,0.00044987247520935486,0.9995191884260461,False,False,False,1.0
2024-01-31,2024-02-01 00:00:00,0.18002079266209503,0.0,0.0,0.09001039633104752,0.0,0.0,0.09001039633104752,0.0,0.09001039633104752,0.09001039633104752,False,0.5,0.0,0.0020780092413330564,0.00018704243539196776,0.0,7.706369548891054e-08,0.00018696537169647886,0.9512326125488338,0.9514104601078087,-0.12090341371047741,0.9996974795780412,0.0004500519816552376,0.999247427596386,False,False,False,1.0
2024-02-01,2024-02-02 00:00:00,0.17739986743980263,0.0,0.0,0.08869993371990131,0.0,0.0,0.08869993371990131,0.0,0.08869993371990131,0.08869993371990131,False,0.5,0.0,-0.003344612691237314,-0.00029666692403149055,0.0,7.594172407525797e-08,-0.00029674286575556583,0.9502317624547303,0.9499497879584076,-0.12225306452268436,0.9996487909411605,0.0004434996685995066,0.9992052912725611,False,False,False,1.0
2024-02-02,2024-02-03 00:00:00,0.17744778622093443,0.0,0.0,0.08872389311046722,0.0,0.0,0.08872389311046722,0.0,0.08872389311046722,0.08872389311046722,False,0.5,0.0,-0.001260190495919522,-0.00011180900685879035,0.0,7.596223725211233e-08,-0.00011188496909604246,0.9510009327160078,0.9508945300060405,-0.12138012950270971,0.9997238476886354,0.00044361946555233607,0.999280228223083,False,False,False,1.0
2024-02-03,2024-02-04 00:00:00,0.17757559708280335,0.0,0.0,0.08878779854140167,0.0,0.0,0.08878779854140167,0.0,0.08878779854140167,0.08878779854140167,False,0.5,0.0,-0.002208939708939872,-0.00019612689386745583,0.0,7.601695080599459e-08,-0.00019620291081826183,0.9506974990613969,0.9505109694447734,-0.12173453676874613,0.9997961058384418,0.0004439389927070084,0.9993521668457348,False,False,False,1.0
2024-02-04,2024-02-05 00:00:00,0.18678255819116946,0.0,0.0,0.09339127909558473,0.0,0.0,0.09339127909558473,0.0,0.09339127909558473,0.09339127909558473,False,0.5,0.0,-0.00019546181110563499,-1.825442855349482e-05,0.0,7.995828689690472e-08,-1.8334386840391725e-05,0.9504382808516024,0.9504208551484934,-0.12181780174591139,0.999938260638599,0.00046695639547792366,0.9994713042431211,False,False,False,1.0
2024-02-05,2024-02-06 00:00:00,0.1876927085084777,0.0,0.0,0.09384635425423885,0.0,0.0,0.09384635425423885,0.0,0.09384635425423885,0.09384635425423885,False,0.5,0.0,-0.0026041666666666297,-0.0002443915475370769,0.0,8.034790603958805e-08,-0.0002444718954431165,0.9505153592616878,0.9502829849701614,-0.12194519282284888,0.9995587929087896,0.00046923177127119423,0.9990895611375183,False,False,False,1.0
2024-02-06,2024-02-07 00:00:00,0.19001700255021955,0.0,0.0,0.09500850127510978,0.0,0.0,0.09500850127510978,0.0,0.09500850127510978,0.09500850127510978,False,0.5,0.0,-6.825996808845769e-05,-6.485277265171185e-06,0.0,8.134289492732001e-08,-6.566620160098505e-06,0.9520785621770367,0.9520723102387563,-0.12029186883563403,0.9997802298897474,0.0004750425063755489,0.9993051873833718,False,False,False,1.0
2024-02-07,2024-02-08 00:00:00,0.19027487934614895,0.0,0.0,0.09513743967307448,0.0,0.0,0.09513743967307448,0.0,0.09513743967307448,0.09513743967307448,False,0.5,0.0,0.0003968052952401102,3.775103983786249e-05,0.0,8.145328739133088e-08,3.766958655047116e-05,0.9530446519432367,0.9530805527412396,-0.1193602598411474,0.9999228100398098,0.0004756871983653724,0.9994471228414444,False,False,False,1.0
2024-02-08,2024-02-09 00:00:00,0.189122688481124,0.0,0.0,0.094561344240562,0.0,0.0,0.094561344240562,0.0,0.094561344240562,0.094561344240562,False,0.5,0.0,-0.0015990234971009487,-0.0001512058113581101,0.0,8.096005500048117e-08,-0.0001512867714131106,0.9563797369373807,0.9562350493347345,-0.11644552713315404,0.9997017396409563,0.00047280672120281,0.9992289329197536,False,False,False,1.0
2024-02-09,2024-02-10 00:00:00,0.18980466724915077,0.0,0.0,0.09490233362457538,0.0,0.0,0.09490233362457538,0.0,0.09490233362457538,0.09490233362457538,False,0.5,0.0,-0.0018244159668404647,-0.00017314133275509605,0.0,8.125199796624605e-08,-0.0001732225847530623,0.957925321546776,0.9577593872465773,-0.11503704960338124,0.9997337519184816,0.0004745116681228769,0.9992592402503587,False,False,False,1.0
2024-02-10,2024-02-11 00:00:00,0.18572342906538214,0.0,0.0,0.09286171453269107,0.0,0.0,0.09286171453269107,0.0,0.09286171453269107,0.09286171453269107,False,0.5,0.0,-0.0009988527233780742,-9.275517645853576e-05,0.0,7.95048925793588e-08,-9.283468135111512e-05,0.9576960259337869,0.9576071185283881,-0.11517774483006982,0.9998192527819252,0.00046430857266345537,0.9993549442092617,False,False,False,1.0
2024-02-11,2024-02-12 00:00:00,0.21592271703590948,0.0,0.0,0.10796135851795474,0.0,0.0,0.10796135851795474,0.0,0.10796135851795474,0.10796135851795474,False,0.5,0.0,-0.0007048703755325736,-7.609876332155758e-05,0.0,9.243266996400234e-08,-7.619119599152157e-05,0.9584510942704373,0.9583780687352654,-0.11446539225094399,0.9999238088040084,0.0005398067925897737,0.9993840020114186,False,False,False,1.0
2024-02-12,2024-02-13 00:00:00,0.24844473201547046,0.0,0.0,0.12422236600773523,0.0,0.0,0.12422236600773523,0.0,0.12422236600773523,0.12422236600773523,False,0.5,0.0,0.0029474938463227573,0.00036614465938345284,0.0,1.0635476541758152e-07,0.00036603830461803523,0.9603835657770631,0.9607351029492631,-0.11228750918346309,0.999858207347521,0.0006211118300386762,0.9992370955174823,False,False,False,1.0
2024-02-13,2024-02-14 00:00:00,0.24952776012681172,0.0,0.0,0.12476388006340586,0.0,0.0,0.12476388006340586,0.0,0.12476388006340586,0.12476388006340586,False,0.5,0.0,-0.0032150444388062693,-0.0004011214187617454,0.0,1.0681839046524473e-07,-0.00040122823715221063,0.9645682736027384,0.964181261574708,-0.10910328280539972,0.9995571949844603,0.0006238194003170293,0.9989333755841432,False,False,False,1.0
2024-02-14,2024-02-15 00:00:00,0.25491029498189416,0.0,0.0,0.12745514749094708,0.0,0.0,0.12745514749094708,0.0,0.12745514749094708,0.12745514749094708,False,0.5,0.0,-7.63580830485111e-05,-9.73223073707397e-06,0.0,1.091225577833451e-07,-9.841353294857314e-06,0.9696278554769772,0.9696183130266869,-0.10407948543157897,0.9996133822853128,0.0006372757374547354,0.9989761065478581,False,False,False,1.0
2024-02-15,2024-02-16 00:00:00,0.24860398513204152,0.0,0.0,0.12430199256602076,0.0,0.0,0.12430199256602076,0.0,0.12430199256602076,0.12430199256602076,False,0.5,0.0,-0.0005055540235736622,-6.284137247997524e-05,0.0,1.0642293884077119e-07,-6.294779541881601e-05,0.972575105873723,0.972513884414929,-0.10140399779559817,0.99940312026358,0.0006215099628301039,0.99878161030075,False,False,False,1.0
2024-02-16,2024-02-17 00:00:00,0.23476711413113227,0.0,0.0,0.11738355706556614,0.0,0.0,0.11738355706556614,0.0,0.11738355706556614,0.11738355706556614,False,0.5,0.0,-0.0005507579220946912,-6.464992397751482e-05,0.0,1.0049962077531347e-07,-6.475042359829013e-05,0.9704980954496131,0.9704352552868314,-0.10332463651809609,0.999654254808787,0.0005869177853278307,0.9990673370234592,False,False,False,1.0
2024-02-17,2024-02-18 00:00:00,0.2317549570376978,0.0,0.0,0.1158774785188489,0.0,0.0,0.1158774785188489,0.0,0.1158774785188489,0.1158774785188489,False,0.5,0.0,-0.00019958920911855582,-2.3127894292229494e-05,0.0,9.92101699647679e-08,-2.3227104462194262e-05,0.969612085039605,0.969589563758418,-0.10410604955364111,0.9997711448899212,0.0005793873925942445,0.999191757497327,False,False,False,1.0
2024-02-18,2024-02-19 00:00:00,0.22929911220157068,0.0,0.0,0.11464955610078534,0.0,0.0,0.11464955610078534,0.0,0.11464955610078534,0.11464955610078534,False,0.5,0.0,0.0011340820176672928,0.00013002199990743812,0.0,9.815886652464497e-08,0.00012992384104091348,0.9715491332981467,0.9716753606933047,-0.10217878782798773,0.9998678354701583,0.0005732477805039267,0.9992945876896544,False,False,False,1.0
2024-02-19,2024-02-20 00:00:00,0.2289938620530204,0.0,0.0,0.2289938620530204,0.0,0.0,0.2289938620530204,0.0,0.2289938620530204,0.2289938620530204,False,1.0,0.0,0.0014112917105544298,0.0003231771392832723,0.0,1.9605638874402431e-07,0.0003229810828945283,0.9760452918389072,0.9763605360042196,-0.09784971873038029,0.9994811440469078,0.001144969310265102,0.9983361747366427,False,False,False,1.0
2024-02-20,2024-02-21 00:00:00,0.2334468379498329,0.0,0.0,0.2334468379498329,0.0,0.0,0.2334468379498329,0.0,0.2334468379498329,0.2334468379498329,False,1.0,0.0,-0.0009356134072717737,-0.00021841599147106474,0.0,1.9986886810773364e-07,-0.00021861586033917248,0.9779650062641532,0.9777512076029271,-0.09656474793561409,0.9991508474635526,0.0011672341897491646,0.9979836132738035,False,False,False,1.0
2024-02-21,2024-02-22 00:00:00,0.22660927921179788,0.0,0.0,0.22660927921179788,0.0,0.0,0.22660927921179788,0.0,0.22660927921179788,0.22660927921179788,False,1.0,0.0,0.0013017345011161474,0.0002949851170230595,0.0,1.9401479384571737e-07,0.0002947911022292138,0.9767190672251198,0.9770069953155155,-0.09725239486485238,0.999701707568795,0.0011330463960589894,0.998568661172736,False,False,False,1.0
2024-02-22,2024-02-23 00:00:00,0.22671409731213663,0.0,0.0,0.22671409731213663,0.0,0.0,0.22671409731213663,0.0,0.22671409731213663,0.22671409731213663,False,1.0,0.0,0.0012035267692513951,0.0002728564850818222,0.0,1.9410453536997998e-07,0.0002726623805464522,0.9821494715410561,0.982417266754019,-0.09225334203548863,0.9995179367825346,0.0011335704865606832,0.9983843662959739,False,False,False,1.0
2024-02-23,2024-02-24 00:00:00,0.2400066558533944,0.0,-0.08803476087131376,0.2400066558533944,0.0,-0.08803476087131376,0.2400066558533944,0.08803476087131376,0.32804141672470816,0.15197189498208064,True,1.0,0.0,-0.004366603506256284,-0.000663601009481165,0.0,2.808573773327981e-07,-0.0006638818668584978,0.9783202065517392,0.9776707175066283,-0.09663912021955812,0.9986099314752435,0.001640207083623541,0.9969697243916199,False,False,False,1.0
2024-02-24,2024-02-25 00:00:00,0.31322788675602836,0.0,-0.08803476087131376,0.31322788675602836,0.0,-0.08803476087131376,0.31322788675602836,0.08803476087131376,0.4012626476273421,0.2251931258847146,True,1.0,0.0,-0.0010005746543623184,-0.00022532253409686837,0.0,3.435467873521764e-07,-0.00022566608088422054,0.9809355436501376,0.980714179770402,-0.0938269824527721,0.9995210741430557,0.0020063132381367105,0.997514760904919,False,False,False,1.0
2024-02-25,2024-02-26 00:00:00,0.29455751592012863,0.0,0.0,0.29455751592012863,0.0,0.0,0.29455751592012863,0.0,0.29455751592012863,0.29455751592012863,False,1.0,0.0,-0.002059158171546116,-0.000606540515897258,0.0,2.5218965404120603e-07,-0.0006067927055512992,0.9871649805811549,0.9865659760717626,-0.08841996374960914,0.998571286945677,0.0014727875796006432,0.9970984993660763,False,False,False,1.0
2024-02-26,2024-02-27 00:00:00,0.30962939134812256,0.0,0.0,0.30962939134812256,0.0,0.0,0.30962939134812256,0.0,0.30962939134812256,0.30962939134812256,False,1.0,0.0,0.011836316247858747,0.0036648713956283978,0.0,2.650936569761323e-07,0.0036646063019714218,0.9933653191257661,0.9970056119343942,-0.07877381349821799,0.9999987398285815,0.0015481469567406128,0.9984505928718408,False,False,False,1.0
2024-02-27,2024-02-28 00:00:00,0.31075585627326685,0.0,0.0,0.31075585627326685,0.0,0.0,0.31075585627326685,0.0,0.31075585627326685,0.31075585627326685,False,1.0,0.0,-0.004615806518209031,-0.001434388906957774,0.0,2.660580961243723e-07,-0.0014346549650538984,1.0064997897657235,1.0050558098450104,-0.07133548714076354,0.9976030213690632,0.0015537792813663342,0.9960492420876969,False,False,False,1.0
2024-02-28,2024-02-29 00:00:00,0.30155855259081654,0.0,0.0,0.30155855259081654,0.0,0.0,0.30155855259081654,0.0,0.30155855259081654,0.30155855259081654,False,1.0,0.0,-0.00039395341202452805,-0.00011880002071833026,0.0,2.58183692286658e-07,-0.00011905820441061692,1.016232330531878,1.0161113397353407,-0.06112025513132158,0.9996010417467757,0.0015077927629540827,0.9980932489838216,False,False,False,1.0
2024-02-29,2024-03-01 00:00:00,0.3002138351295163,0.0,0.0,0.3002138351295163,0.0,0.0,0.3002138351295163,0.0,0.3002138351295163,0.3002138351295163,False,1.0,0.0,-0.0005561046168209849,-0.000166950299749058,0.0,2.570323930903393e-07,-0.00016720733214214834,1.0273374121030767,1.027165633755189,-0.05090616505752921,0.9992947455878378,0.0015010691756475816,0.9977936764121902,False,False,False,1.0
2024-03-01,2024-03-02 00:00:00,0.2927256836994968,0.0,0.0,0.2927256836994968,0.0,0.0,0.2927256836994968,0.0,0.2927256836994968,0.2927256836994968,False,1.0,0.0,-0.003746044617594979,-0.0010965634718543102,0.0,2.506213045372404e-07,-0.0010968140931588474,1.0215987163647637,1.020478212495102,-0.05708529535651341,0.9978943475127353,0.001463628418497484,0.9964307190942379,False,False,False,1.0
2024-03-02,2024-03-03 00:00:00,0.28889256752187653,0.0,0.0,0.28889256752187653,0.0,0.0,0.28889256752187653,0.0,0.28889256752187653,0.28889256752187653,False,1.0,0.0,-0.0006137910070849184,-0.00017731965995860038,0.0,2.47339526987908e-07,-0.0001775669994855883,1.0231517049299808,1.022970026951718,-0.05478287629100331,0.9994281078519398,0.0014444628376093828,0.9979836450143305,False,False,False,1.0
2024-03-03,2024-03-04 00:00:00,0.27598868721004266,0.0,0.0,0.27598868721004266,0.0,0.0,0.27598868721004266,0.0,0.27598868721004266,0.27598868721004266,False,1.0,0.0,-0.0021899002151992697,-0.0006043876855138363,0.0,2.3629168425517352e-07,-0.0006046239771980914,1.023839850476209,1.0232208123538002,-0.0545511523399792,0.9993937664683797,0.0013799434360502133,0.9980138230323296,False,False,False,1.0
2024-03-04,2024-03-05 00:00:00,0.2885073144142446,0.0,0.0,0.2885073144142446,0.0,0.0,0.2885073144142446,0.0,0.2885073144142446,0.2885073144142446,False,1.0,0.0,-0.0009146717843394603,-0.0002638895000702628,0.0,2.4700968699849706e-07,-0.0002641365097572613,1.0353552902938579,1.035081815161121,-0.04359166900961453,0.9992477488628121,0.001442536572071223,0.9978052122907408,False,False,False,1.0
2024-03-05,2024-03-06 00:00:00,0.2863245647376288,0.0,0.0,0.2863245647376288,0.0,0.0,0.2863245647376288,0.0,0.2863245647376288,0.2863245647376288,False,1.0,0.0,-0.003124259108031935,-0.0008945521292348162,0.0,2.4514089446714793e-07,-0.0008947972701292833,1.0543602597777557,1.0534168210955737,-0.026650252236932515,0.9989754700433375,0.001431622823688144,0.9975438472196494,False,False,False,1.0
2024-03-06,2024-03-07 00:00:00,0.2815573750344269,0.0,0.0,0.2815573750344269,0.0,0.0,0.2815573750344269,0.0,0.2815573750344269,0.2815573750344269,False,1.0,0.0,-0.0009355153240044878,-0.00026340123893118497,0.0,2.4105939643358467e-07,-0.00026364229832761854,1.0548735596228462,1.0545954503331423,-0.025561207095332827,0.9983896724941791,0.0014077868751721345,0.9969818856190069,False,False,False,1.0
2024-03-07,2024-03-08 00:00:00,0.26006679632037044,0.0,-0.08052922669551858,0.26006679632037044,0.0,-0.08052922669551858,0.26006679632037044,0.08052922669551858,0.34059602301588904,0.17953756962485184,True,1.0,0.0,0.0010199051044814667,0.00018311128370658312,0.0,2.916061840889461e-07,0.00018281967752249416,1.0563119943785397,1.056505108996715,-0.023796695895892395,0.9995096435245052,0.0017029801150794453,0.9978066634094258,False,False,False,1.0
2024-03-08,2024-03-09 00:00:00,0.26130646886838427,0.0,0.0,0.26130646886838427,0.0,0.0,0.26130646886838427,0.0,0.26130646886838427,0.26130646886838427,False,1.0,0.0,-0.010083406897811287,-0.002634859450630176,0.0,2.237212918393701e-07,-0.0026350831719220156,1.0621490368468502,1.059350185793782,-0.021167864907688183,0.9972800710394791,0.0013065323443419213,0.9959735386951372,False,False,False,1.0
2024-03-09,2024-03-10 00:00:00,0.2612075431000463,0.0,0.0,0.2612075431000463,0.0,0.0,0.2612075431000463,0.0,0.2612075431000463,0.2612075431000463,False,1.0,0.0,-0.00030877350570213125,-8.065396879884184e-05,0.0,2.2363659511990264e-07,-8.087760539396175e-05,1.060573136966114,1.060487360350451,-0.02011712360022999,0.9996378333463986,0.0013060377155002315,0.9983317956308984,False,False,False,1.0
2024-03-10,2024-03-11 00:00:00,0.2615334320245529,0.0,0.0,0.2615334320245529,0.0,0.0,0.2615334320245529,0.0,0.2615334320245529,0.2615334320245529,False,1.0,0.0,-0.0034231460097511324,-0.0008952671242513674,0.0,2.2391560961006242e-07,-0.0008954910398609775,1.059056836657503,1.0581084607495728,-0.022315210131694574,0.9987870716664577,0.0013076671601227646,0.997479404506335,False,False,False,1.0
2024-03-11,2024-03-12 00:00:00,0.26377908413086437,0.0,0.0,0.26377908413086437,0.0,0.0,0.26377908413086437,0.0,0.26377908413086437,0.26377908413086437,False,1.0,0.0,-0.0034073916094841117,-0.0008987986380249108,0.0,2.2583825696135647e-07,-0.0008990244762818721,1.068742918601357,1.0677820925586816,-0.01337684224845137,0.9989819206822912,0.001318895420654322,0.9976630252616369,False,False,False,1.0
2024-03-12,2024-03-13 00:00:00,0.2576659541854961,0.0,0.0,0.2576659541854961,0.0,0.0,0.2576659541854961,0.0,0.2576659541854961,0.2576659541854961,False,1.0,0.0,-0.0015537002334303773,-0.0004003356531650662,0.0,2.20604412830048e-07,-0.00040055625757789623,1.0663566139425176,1.0659294781279933,-0.015088644977154009,0.9991746108995304,0.0012883297709274804,0.9978862811286029,False,False,False,1.0
2024-03-13,2024-03-14 00:00:00,0.2570368747870678,0.0,0.0,0.2570368747870678,0.0,0.0,0.2570368747870678,0.0,0.2570368747870678,0.2570368747870678,False,1.0,0.0,-0.0010939016244689848,-0.00028117305487800455,0.0,2.2006581745468136e-07,-0.0002813931206954592,1.0644086501259322,1.064109132854178,-0.01677063123143363,0.9988737919863069,0.001285184373935339,0.9975886076123716,False,False,False,1.0
2024-03-14,2024-03-15 00:00:00,0.25252412408190467,0.0,0.0,0.25252412408190467,0.0,0.0,0.25252412408190467,0.0,0.25252412408190467,0.25252412408190467,False,1.0,0.0,-0.002880738464729804,-0.0007274559575149446,0.0,2.1620216102902795e-07,-0.0007276721596759737,1.056887259508073,1.0561181920734126,-0.02415420441688787,0.9990261321247293,0.0012626206204095233,0.9977635115043199,False,False,False,1.0
2024-03-15,2024-03-16 00:00:00,0.24811551219922132,0.0,0.0,0.24811551219922132,0.0,0.0,0.24811551219922132,0.0,0.24811551219922132,0.24811551219922132,False,1.0,0.0,-0.0037497570351813225,-0.0009303728874066474,0.0,2.1242766455412784e-07,-0.0009305853150712015,1.046699141029403,1.0457250981794635,-0.03375735021593851,0.9987284789040145,0.0012405775609961066,0.9974879013430183,False,False,False,1.0
2024-03-16,2024-03-17 00:00:00,0.0,0.0,0.0,0.0,0.0,0.0,0.0,0.0,0.0,0.0,False,1.0,0.0,0.0023891835639426873,0.0,0.0,0.0,0.0,1.0441048039949175,1.0441048039949175,-0.035254490668081284,1.0,0.0,1.0,False,False,False,0.0
2024-03-17,2024-03-18 00:00:00,0.0,0.0,0.0,0.0,0.0,0.0,0.0,0.0,0.0,0.0,False,1.0,0.0,0.0012860210068494915,0.0,0.0,0.0,0.0,1.0441048039949175,1.0441048039949175,-0.035254490668081284,1.0,0.0,1.0,False,False,False,0.0
2024-03-18,2024-03-19 00:00:00,0.0,0.0,0.0,0.0,0.0,0.0,0.0,0.0,0.0,0.0,False,1.0,0.0,0.0006526674233826579,0.0,0.0,0.0,0.0,1.0441048039949175,1.0441048039949175,-0.035254490668081284,1.0,0.0,1.0,False,False,False,0.0
2024-03-19,2024-03-20 00:00:00,0.0,0.0,0.0,0.0,0.0,0.0,0.0,0.0,0.0,0.0,False,1.0,0.0,-0.002813686835447693,-0.0,0.0,0.0,-0.0,1.0441048039949175,1.0441048039949175,-0.035254490668081284,1.0,0.0,1.0,False,False,False,0.0
2024-03-20,2024-03-21 00:00:00,0.0,0.0,0.0,0.0,0.0,0.0,0.0,0.0,0.0,0.0,False,1.0,0.0,-0.0004672769586945291,-0.0,0.0,0.0,-0.0,1.0441048039949175,1.0441048039949175,-0.035254490668081284,1.0,0.0,1.0,False,False,False,0.0
2024-03-21,2024-03-22 00:00:00,0.0,0.0,0.0,0.0,0.0,0.0,0.0,0.0,0.0,0.0,False,1.0,0.0,-0.00041137097949128787,-0.0,0.0,0.0,-0.0,1.0441048039949175,1.0441048039949175,-0.035254490668081284,1.0,0.0,1.0,False,False,False,0.0
2024-03-22,2024-03-23 00:00:00,0.0,0.0,0.0,0.0,0.0,0.0,0.0,0.0,0.0,0.0,False,1.0,0.0,0.0015850325081194772,0.0,0.0,0.0,0.0,1.0441048039949175,1.0441048039949175,-0.035254490668081284,1.0,0.0,1.0,False,False,False,0.0
2024-03-23,2024-03-24 00:00:00,0.0,0.0,0.0,0.0,0.0,0.0,0.0,0.0,0.0,0.0,False,1.0,0.0,0.004634327653749937,0.0,0.0,0.0,0.0,1.0441048039949175,1.0441048039949175,-0.035254490668081284,1.0,0.0,1.0,False,False,False,0.0
2024-03-24,2024-03-25 00:00:00,0.0,0.0,0.0,0.0,0.0,0.0,0.0,0.0,0.0,0.0,False,1.0,0.0,0.0005801574376478325,0.0,0.0,0.0,0.0,1.0441048039949175,1.0441048039949175,-0.035254490668081284,1.0,0.0,1.0,False,False,False,0.0
2024-03-25,2024-03-26 00:00:00,0.0,0.0,0.0,0.0,0.0,0.0,0.0,0.0,0.0,0.0,False,1.0,0.0,0.0012772998384509293,0.0,0.0,0.0,0.0,1.0441048039949175,1.0441048039949175,-0.035254490668081284,1.0,0.0,1.0,False,False,False,0.0
2024-03-26,2024-03-27 00:00:00,0.0,0.0,0.0,0.0,0.0,0.0,0.0,0.0,0.0,0.0,False,1.0,0.0,0.0001029702749861805,0.0,0.0,0.0,0.0,1.0441048039949175,1.0441048039949175,-0.035254490668081284,1.0,0.0,1.0,False,False,False,0.0
2024-03-27,2024-03-28 00:00:00,0.17073086480668542,0.0,0.0,0.17073086480668542,0.0,0.0,0.17073086480668542,0.0,0.17073086480668542,0.17073086480668542,False,1.0,0.0,-0.0049542650560114865,-0.0008458459574943828,0.0,1.4617368562216218e-07,-0.000845992131180005,1.0418106519197632,1.0409292883060597,-0.03818864487263707,0.9990471896079022,0.0008536543240334272,0.9981935352838688,False,False,False,1.0
2024-03-28,2024-03-29 00:00:00,0.17239094109506792,0.0,0.0,0.17239094109506792,0.0,0.0,0.17239094109506792,0.0,0.17239094109506792,0.17239094109506792,False,1.0,0.0,0.00010618885408253398,1.830599648909488e-05,0.0,1.475949838142705e-07,1.815840150528061e-05,1.044218198454394,1.0442371597877005,-0.03513219484468033,0.9998129385461275,0.0008619547054753396,0.9989509838406522,False,False,False,1.0
2024-03-29,2024-03-30 00:00:00,0.172830287531826,0.0,0.0,0.172830287531826,0.0,0.0,0.172830287531826,0.0,0.172830287531826,0.172830287531826,False,1.0,0.0,-0.0016056555711383425,-0.00027750591403691803,0.0,1.4797113658546746e-07,-0.0002776538851735035,1.0399373400163083,1.0396485973735157,-0.03937199430392657,0.9994992531251106,0.00086415143765913,0.9986351016874514,False,False,False,1.0
2024-03-30,2024-03-31 00:00:00,0.17371570510394732,0.0,0.0,0.17371570510394732,0.0,0.0,0.17371570510394732,0.0,0.17371570510394732,0.17371570510394732,False,1.0,0.0,-0.00020065623065856908,-3.485713859235362e-05,0.0,1.4872919957529735e-07,-3.500586779192891e-05,1.0422304706880205,1.0421939865059549,-0.03702007261404705,0.9998525675866073,0.0008685785255197366,0.9989839890610877,False,False,False,1.0
2024-03-31,2024-04-01 00:00:00,0.174858495395843,0.0,0.0,0.174858495395843,0.0,0.0,0.174858495395843,0.0,0.174858495395843,0.174858495395843,False,1.0,0.0,-0.0004060268751121532,-7.099724847238696e-05,0.0,1.4970761592109845e-07,-7.114695608830806e-05,1.0464331298035232,1.0463586792715878,-0.03317192573452077,0.9998626855402333,0.0008742924769792151,0.998988393063254,False,False,False,1.0
2024-04-01,2024-04-02 00:00:00,0.1781529194915724,0.0,0.0,0.1781529194915724,0.0,0.0,0.1781529194915724,0.0,0.1781529194915724,0.1781529194915724,False,1.0,0.0,-0.01040232874232394,-0.0018532052349561066,0.0,1.5252818449620922e-07,-0.0018533577631406027,1.0391212914011403,1.0371954278888773,-0.041638705686614985,0.9977478447567404,0.000890764597457862,0.9968570801592825,False,False,False,1.0
2024-04-02,2024-04-03 00:00:00,0.0,0.0,0.0,0.0,0.0,0.0,0.0,0.0,0.0,0.0,False,1.0,0.0,-0.010364862718263868,-0.0,0.0,0.0,-0.0,1.0378974519888735,1.0378974519888735,-0.040990040346389756,1.0,0.0,1.0,False,False,False,0.0
2024-04-03,2024-04-04 00:00:00,0.0,0.0,0.0,0.0,0.0,0.0,0.0,0.0,0.0,0.0,False,1.0,0.0,0.0011217134247745175,0.0,0.0,0.0,0.0,1.0378974519888735,1.0378974519888735,-0.040990040346389756,1.0,0.0,1.0,False,False,False,0.0
2024-04-04,2024-04-05 00:00:00,0.0,0.0,0.0,0.0,0.0,0.0,0.0,0.0,0.0,0.0,False,1.0,0.0,-0.001807121661721145,-0.0,0.0,0.0,-0.0,1.0378974519888735,1.0378974519888735,-0.040990040346389756,1.0,0.0,1.0,False,False,False,0.0
2024-04-05,2024-04-06 00:00:00,0.0,0.0,0.0,0.0,0.0,0.0,0.0,0.0,0.0,0.0,False,1.0,0.0,0.0008091588357739266,0.0,0.0,0.0,0.0,1.0378974519888735,1.0378974519888735,-0.040990040346389756,1.0,0.0,1.0,False,False,False,0.0
2024-04-06,2024-04-07 00:00:00,0.0,0.0,0.0,0.0,0.0,0.0,0.0,0.0,0.0,0.0,False,1.0,0.0,-0.00025174724576515484,-0.0,0.0,0.0,-0.0,1.0378974519888735,1.0378974519888735,-0.040990040346389756,1.0,0.0,1.0,False,False,False,0.0
2024-04-07,2024-04-08 00:00:00,0.0,0.0,0.0,0.0,0.0,0.0,0.0,0.0,0.0,0.0,False,1.0,0.0,-0.001652235377275213,-0.0,0.0,0.0,-0.0,1.0378974519888735,1.0378974519888735,-0.040990040346389756,1.0,0.0,1.0,False,False,False,0.0
2024-04-08,2024-04-09 00:00:00,0.0,0.0,0.0,0.0,0.0,0.0,0.0,0.0,0.0,0.0,False,1.0,0.0,-0.0007735506248967017,-0.0,0.0,0.0,-0.0,1.0378974519888735,1.0378974519888735,-0.040990040346389756,1.0,0.0,1.0,False,False,False,0.0
2024-04-09,2024-04-10 00:00:00,0.1748747233358774,0.0,0.0,0.1748747233358774,0.0,0.0,0.1748747233358774,0.0,0.1748747233358774,0.1748747233358774,False,1.0,0.0,0.0028548378849768685,0.0004992389853041112,0.0,1.4972150970537446e-07,0.0004990892637944059,1.0316591729441627,1.0321740629612741,-0.04627841163000945,0.9997956838874853,0.0008743736166793869,0.9989213102708059,False,False,False,1.0
2024-04-10,2024-04-11 00:00:00,0.16021579272282435,0.0,0.0,0.16021579272282435,0.0,0.0,0.16021579272282435,0.0,0.16021579272282435,0.16021579272282435,False,1.0,0.0,0.002287696571912523,0.0003665251197782526,0.0,1.37171055413377e-07,0.00036638794872283925,1.0294113939041296,1.029788557833134,-0.048482601622293564,0.9999657030570761,0.0008010789636141218,0.999164624093462,False,False,False,1.0
2024-04-11,2024-04-12 00:00:00,0.15876921546071834,0.0,0.0,0.15876921546071834,0.0,0.0,0.15876921546071834,0.0,0.15876921546071834,0.15876921546071834,False,1.0,0.0,0.001733092356406063,0.0002751617137475583,0.0,1.3593254748349173e-07,0.0002750257812000748,1.0309530320809133,1.031236570743942,-0.04714464785767958,0.9994373011568088,0.0007938460773035918,0.9986434550795052,False,False,False,1.0
2024-04-12,2024-04-13 00:00:00,0.16213776537784383,0.0,0.0,0.16213776537784383,0.0,0.0,0.16213776537784383,0.0,0.16213776537784383,0.16213776537784383,False,1.0,0.0,-0.0013643040017647934,-0.0002212052021421935,0.0,1.388165799467841e-07,-0.0002213440187221403,1.028199990623819,1.0279724047058443,-0.05016071436261238,0.9997777146825454,0.0008106888268892192,0.9989670258556562,False,False,False,1.0
2024-04-13,2024-04-14 00:00:00,0.16171053926762957,0.0,0.0,0.16171053926762957,0.0,0.0,0.16171053926762957,0.0,0.16171053926762957,0.16171053926762957,False,1.0,0.0,-0.0032593829104765604,-0.0005270765681328605,0.0,1.3845080416749108e-07,-0.000527215018937028,1.0203779040774175,1.0198399455213965,-0.05767504955961755,0.999318602770011,0.0008085526963381479,0.9985100500736729,False,False,False,1.0
2024-04-14,2024-04-15 00:00:00,0.1611396046951895,0.0,0.0,0.1611396046951895,0.0,0.0,0.1611396046951895,0.0,0.1611396046951895,0.1611396046951895,False,1.0,0.0,0.00018004157323603387,2.9011827939954507e-05,0.0,1.379619903212239e-07,2.8873865949633285e-05,1.0091643040894118,1.0091934425642493,-0.06751234355414526,0.9993684591644802,0.0008056980234759475,0.9985627611410043,False,False,False,1.0
2024-04-15,2024-04-16 00:00:00,0.0,0.0,0.0,0.0,0.0,0.0,0.0,0.0,0.0,0.0,False,1.0,0.0,0.0070770935207824515,0.0,0.0,0.0,0.0,1.0098783586706361,1.0098783586706361,-0.06687948587991788,1.0,0.0,1.0,False,False,False,0.0
2024-04-16,2024-04-17 00:00:00,0.0,0.0,0.0,0.0,0.0,0.0,0.0,0.0,0.0,0.0,False,1.0,0.0,-0.0044137255615588344,-0.0,0.0,0.0,-0.0,1.0098783586706361,1.0098783586706361,-0.06687948587991788,1.0,0.0,1.0,False,False,False,0.0
2024-04-17,2024-04-18 00:00:00,0.0,0.0,0.0,0.0,0.0,0.0,0.0,0.0,0.0,0.0,False,1.0,0.0,-0.0007765449514405276,-0.0,0.0,0.0,-0.0,1.0098783586706361,1.0098783586706361,-0.06687948587991788,1.0,0.0,1.0,False,False,False,0.0
2024-04-18,2024-04-19 00:00:00,0.0,0.0,0.0,0.0,0.0,0.0,0.0,0.0,0.0,0.0,False,1.0,0.0,0.0008055310961092577,0.0,0.0,0.0,0.0,1.0098783586706361,1.0098783586706361,-0.06687948587991788,1.0,0.0,1.0,False,False,False,0.0
2024-04-19,2024-04-20 00:00:00,0.0,0.0,0.0,0.0,0.0,0.0,0.0,0.0,0.0,0.0,False,1.0,0.0,-0.0025513012283803205,-0.0,0.0,0.0,-0.0,1.0098783586706361,1.0098783586706361,-0.06687948587991788,1.0,0.0,1.0,False,False,False,0.0
2024-04-20,2024-04-21 00:00:00,0.0,0.0,0.0,0.0,0.0,0.0,0.0,0.0,0.0,0.0,False,1.0,0.0,0.005426223729865898,0.0,0.0,0.0,0.0,1.0098783586706361,1.0098783586706361,-0.06687948587991788,1.0,0.0,1.0,False,False,False,0.0
2024-04-21,2024-04-22 00:00:00,0.0,0.0,0.0,0.0,0.0,0.0,0.0,0.0,0.0,0.0,False,1.0,0.0,-0.0007938340285968959,-0.0,0.0,0.0,-0.0,1.0098783586706361,1.0098783586706361,-0.06687948587991788,1.0,0.0,1.0,False,False,False,0.0
2024-04-22,2024-04-23 00:00:00,0.0,0.0,0.0,0.0,0.0,0.0,0.0,0.0,0.0,0.0,False,1.0,0.0,0.0013681826759766036,0.0,0.0,0.0,0.0,1.0098783586706361,1.0098783586706361,-0.06687948587991788,1.0,0.0,1.0,False,False,False,0.0
2024-04-23,2024-04-24 00:00:00,0.0,0.0,0.0,0.0,0.0,0.0,0.0,0.0,0.0,0.0,False,1.0,0.0,-0.00035326819563630263,-0.0,0.0,0.0,-0.0,1.0098783586706361,1.0098783586706361,-0.06687948587991788,1.0,0.0,1.0,False,False,False,0.0
2024-04-24,2024-04-25 00:00:00,0.0,0.0,0.0,0.0,0.0,0.0,0.0,0.0,0.0,0.0,False,1.0,0.0,0.0011758401109640548,0.0,0.0,0.0,0.0,1.0098783586706361,1.0098783586706361,-0.06687948587991788,1.0,0.0,1.0,False,False,False,0.0
2024-04-25,2024-04-26 00:00:00,0.0,0.0,0.0,0.0,0.0,0.0,0.0,0.0,0.0,0.0,False,1.0,0.0,0.0022044526772204698,0.0,0.0,0.0,0.0,1.0098783586706361,1.0098783586706361,-0.06687948587991788,1.0,0.0,1.0,False,False,False,0.0
2024-04-26,2024-04-27 00:00:00,0.0,0.0,0.0,0.0,0.0,0.0,0.0,0.0,0.0,0.0,False,1.0,0.0,-0.0016460747202633463,-0.0,0.0,0.0,-0.0,1.0098783586706361,1.0098783586706361,-0.06687948587991788,1.0,0.0,1.0,False,False,False,0.0
2024-04-27,2024-04-28 00:00:00,0.0,0.0,0.0,0.0,0.0,0.0,0.0,0.0,0.0,0.0,False,1.0,0.0,6.358653491522759e-06,0.0,0.0,0.0,0.0,1.0098783586706361,1.0098783586706361,-0.06687948587991788,1.0,0.0,1.0,False,False,False,0.0
2024-04-28,2024-04-29 00:00:00,0.0,0.0,0.0,0.0,0.0,0.0,0.0,0.0,0.0,0.0,False,1.0,0.0,-0.0010227778646805241,-0.0,0.0,0.0,-0.0,1.0098783586706361,1.0098783586706361,-0.06687948587991788,1.0,0.0,1.0,False,False,False,0.0
2024-04-29,2024-04-30 00:00:00,0.1698013717388335,0.0,0.0,0.1698013717388335,0.0,0.0,0.1698013717388335,0.0,0.1698013717388335,0.1698013717388335,False,1.0,0.0,0.0012900586819375448,0.00021905373381658663,0.0,1.4537788676269992e-07,0.00021890835592982392,1.002239694104393,1.002459092748077,-0.0737348355095161,0.9998331600734528,0.0008490068586941676,0.9989841532147586,False,False,False,1.0
2024-04-30,2024-05-01 00:00:00,0.16211655114589243,0.0,0.0,0.16211655114589243,0.0,0.0,0.16211655114589243,0.0,0.16211655114589243,0.16211655114589243,False,1.0,0.0,0.0007988662116360512,0.00012950943505742122,0.0,1.387984170769627e-07,0.00012937063664034427,0.9925360890234388,0.9926644940491642,-0.08278497594975709,0.9998026167063491,0.0008105827557294622,0.9989920339506196,False,False,False,1.0
2024-05-01,2024-05-02 00:00:00,0.0,0.0,0.0,0.0,0.0,0.0,0.0,0.0,0.0,0.0,False,1.0,0.0,0.0009677385787769666,0.0,0.0,0.0,0.0,0.9925715316587255,0.9925715316587255,-0.08287087254593162,1.0,0.0,1.0,False,False,False,0.0
2024-05-02,2024-05-03 00:00:00,0.0,0.0,0.0,0.0,0.0,0.0,0.0,0.0,0.0,0.0,False,1.0,0.0,-0.0020256831257592367,-0.0,0.0,0.0,-0.0,0.9925715316587255,0.9925715316587255,-0.08287087254593162,1.0,0.0,1.0,False,False,False,0.0
2024-05-03,2024-05-04 00:00:00,0.0,0.0,0.0,0.0,0.0,0.0,0.0,0.0,0.0,0.0,False,1.0,0.0,0.0010219823854500376,0.0,0.0,0.0,0.0,0.9925715316587255,0.9925715316587255,-0.08287087254593162,1.0,0.0,1.0,False,False,False,0.0
2024-05-04,2024-05-05 00:00:00,0.0,0.0,0.0,0.0,0.0,0.0,0.0,0.0,0.0,0.0,False,1.0,0.0,0.0009732297782700794,0.0,0.0,0.0,0.0,0.9925715316587255,0.9925715316587255,-0.08287087254593162,1.0,0.0,1.0,False,False,False,0.0
2024-05-05,2024-05-06 00:00:00,0.0,0.0,0.0,0.0,0.0,0.0,0.0,0.0,0.0,0.0,False,1.0,0.0,0.0009185936015203566,0.0,0.0,0.0,0.0,0.9925715316587255,0.9925715316587255,-0.08287087254593162,1.0,0.0,1.0,False,False,False,0.0
2024-05-06,2024-05-07 00:00:00,0.0,0.0,0.0,0.0,0.0,0.0,0.0,0.0,0.0,0.0,False,1.0,0.0,0.00028809208588387314,0.0,0.0,0.0,0.0,0.9925715316587255,0.9925715316587255,-0.08287087254593162,1.0,0.0,1.0,False,False,False,0.0
2024-05-07,2024-05-08 00:00:00,0.0,0.0,0.0,0.0,0.0,0.0,0.0,0.0,0.0,0.0,False,1.0,0.0,-0.0009498591475990414,-0.0,0.0,0.0,-0.0,0.9925715316587255,0.9925715316587255,-0.08287087254593162,1.0,0.0,1.0,False,False,False,0.0
2024-05-08,2024-05-09 00:00:00,0.0,0.0,0.0,0.0,0.0,0.0,0.0,0.0,0.0,0.0,False,1.0,0.0,0.001161865509905935,0.0,0.0,0.0,0.0,0.9925715316587255,0.9925715316587255,-0.08287087254593162,1.0,0.0,1.0,False,False,False,0.0
2024-05-09,2024-05-10 00:00:00,0.0,0.0,0.0,0.0,0.0,0.0,0.0,0.0,0.0,0.0,False,1.0,0.0,-0.0004522133515990623,-0.0,0.0,0.0,-0.0,0.9925715316587255,0.9925715316587255,-0.08287087254593162,1.0,0.0,1.0,False,False,False,0.0
2024-05-10,2024-05-11 00:00:00,0.0,0.0,0.0,0.0,0.0,0.0,0.0,0.0,0.0,0.0,False,1.0,0.0,-0.0014918478725770568,-0.0,0.0,0.0,-0.0,0.9925715316587255,0.9925715316587255,-0.08287087254593162,1.0,0.0,1.0,False,False,False,0.0
2024-05-11,2024-05-12 00:00:00,0.0,0.0,0.0,0.0,0.0,0.0,0.0,0.0,0.0,0.0,False,1.0,0.0,-0.0012969283276451637,-0.0,0.0,0.0,-0.0,0.9925715316587255,0.9925715316587255,-0.08287087254593162,1.0,0.0,1.0,False,False,False,0.0
2024-05-12,2024-05-13 00:00:00,0.0,0.0,0.0,0.0,0.0,0.0,0.0,0.0,0.0,0.0,False,1.0,0.0,0.00017362706948165219,0.0,0.0,0.0,0.0,0.9925715316587255,0.9925715316587255,-0.08287087254593162,1.0,0.0,1.0,False,False,False,0.0
2024-05-13,2024-05-14 00:00:00,0.0,0.0,0.0,0.0,0.0,0.0,0.0,0.0,0.0,0.0,False,1.0,0.0,-0.00080632101697653,-0.0,0.0,0.0,-0.0,0.9925715316587255,0.9925715316587255,-0.08287087254593162,1.0,0.0,1.0,False,False,False,0.0
2024-05-14,2024-05-15 00:00:00,0.0,0.0,0.0,0.0,0.0,0.0,0.0,0.0,0.0,0.0,False,1.0,0.0,0.0005971241396924842,0.0,0.0,0.0,0.0,0.9925715316587255,0.9925715316587255,-0.08287087254593162,1.0,0.0,1.0,False,False,False,0.0
2024-05-15,2024-05-16 00:00:00,0.0,0.0,0.0,0.0,0.0,0.0,0.0,0.0,0.0,0.0,False,1.0,0.0,-0.00011420855153332354,-0.0,0.0,0.0,-0.0,0.9925715316587255,0.9925715316587255,-0.08287087254593162,1.0,0.0,1.0,False,False,False,0.0
2024-05-16,2024-05-17 00:00:00,0.0,0.0,0.0,0.0,0.0,0.0,0.0,0.0,0.0,0.0,False,1.0,0.0,0.0005784492148650511,0.0,0.0,0.0,0.0,0.9925715316587255,0.9925715316587255,-0.08287087254593162,1.0,0.0,1.0,False,False,False,0.0
2024-05-17,2024-05-18 00:00:00,0.0,0.0,0.0,0.0,0.0,0.0,0.0,0.0,0.0,0.0,False,1.0,0.0,0.003304980363580068,0.0,0.0,0.0,0.0,0.9925715316587255,0.9925715316587255,-0.08287087254593162,1.0,0.0,1.0,False,False,False,0.0
2024-05-18,2024-05-19 00:00:00,0.21002813062246609,0.0,0.0,0.21002813062246609,0.0,0.0,0.21002813062246609,0.0,0.21002813062246609,0.21002813062246609,False,1.0,0.0,-0.0006423845313804355,-0.00013491882226662177,0.0,1.7981860498498806e-07,-0.00013509864087160676,0.9927862000322403,0.9926520759659399,-0.08279645017148218,0.9997765295305437,0.0010501406531123305,0.9987263888774314,False,False,False,1.0
2024-05-19,2024-05-20 00:00:00,0.19942137511566405,0.0,0.0,0.19942137511566405,0.0,0.0,0.19942137511566405,0.0,0.19942137511566405,0.19942137511566405,False,1.0,0.0,0.001721870687185989,0.00034337782020998334,0.0,1.7073747869491784e-07,0.0003432070827312884,0.9901696953949587,0.9905095286475242,-0.08477614885313167,0.9998719551026322,0.0009971068755783203,0.9988748482270539,False,False,False,1.0
2024-05-20,2024-05-21 00:00:00,0.2073815854071834,0.0,0.0,0.2073815854071834,0.0,0.0,0.2073815854071834,0.0,0.2073815854071834,0.2073815854071834,False,1.0,0.0,0.0007991886149323335,0.00016573700200403832,0.0,1.7755272723217757e-07,0.00016555944927680615,0.9930852851057643,0.9932496997586514,-0.08224424998230351,0.9995764942011902,0.001036907927035917,0.9985395862741543,False,False,False,1.0
2024-05-21,2024-05-22 00:00:00,0.2067825979560403,0.0,0.0,0.2067825979560403,0.0,0.0,0.2067825979560403,0.0,0.2067825979560403,0.2067825979560403,False,1.0,0.0,-0.003415976217419736,-0.0007063644367941006,0.0,1.7703989551030844e-07,-0.0007065414766896108,1.0347740741260822,1.0340429633237092,-0.04455156081469924,0.9987109124086416,0.0010339129897802015,0.9976769994188615,False,False,False,1.0
2024-05-22,2024-05-23 00:00:00,0.20631390843221079,0.0,0.0,0.20631390843221079,0.0,0.0,0.20631390843221079,0.0,0.20631390843221079,0.20631390843221079,False,1.0,0.0,-0.0014919112923349465,-0.0003078020497557734,0.0,1.7663862023305717e-07,-0.00030797868837600646,1.0335158937526319,1.0331975928832582,-0.045332677167221,0.9994220099049876,0.0010315695421610539,0.9983904403628265,False,False,False,1.0
2024-05-23,2024-05-24 00:00:00,0.12242381266249942,0.0,0.0,0.12242381266249942,0.0,0.0,0.12242381266249942,0.0,0.12242381266249942,0.12242381266249942,False,1.0,0.0,9.964939148310314e-05,1.2199458434859486e-05,0.0,1.0481490810145499e-07,1.209464352675803e-05,1.035284487905106,1.0352970093019358,-0.04339283113415282,0.9997247652935478,0.0006121190633124971,0.9991126462302353,False,False,False,1.0
2024-05-24,2024-05-25 00:00:00,0.12231222406478576,0.0,0.0,0.12231222406478576,0.0,0.0,0.12231222406478576,0.0,0.12231222406478576,0.12231222406478576,False,1.0,0.0,-0.002457480191629391,-0.0003005798678333467,0.0,1.0471936991848095e-07,-0.0003006845872032652,1.0317836924540975,1.0314734510004488,-0.04692577216355387,0.9994562090581535,0.0006115611203239288,0.9988446479378296,False,False,False,1.0
2024-05-25,2024-05-26 00:00:00,0.12230001626845947,0.0,0.0,0.12230001626845947,0.0,0.0,0.12230001626845947,0.0,0.12230001626845947,0.12230001626845947,False,1.0,0.0,-0.0017648862288219824,-0.00021584561449690854,0.0,1.0470891803806461e-07,-0.0002159503234149466,1.0334253438916052,1.0332021753543668,-0.045328442996085405,0.9996754747677822,0.0006115000813422974,0.9990639746864399,False,False,False,1.0
2024-05-26,2024-05-27 00:00:00,0.12125652392185281,0.0,0.0,0.12125652392185281,0.0,0.0,0.12125652392185281,0.0,0.12125652392185281,0.12125652392185281,False,1.0,0.0,-0.005725388869864845,-0.0006942407524606764,0.0,1.0381551705638082e-07,-0.0006943445679777327,1.036867230058524,1.0361472869296189,-0.04260718057507673,0.9990637564113416,0.000606282619609264,0.9984574737917323,False,False,False,1.0
2024-05-27,2024-05-28 00:00:00,0.12130162570553552,0.0,0.0,0.12130162570553552,0.0,0.0,0.12130162570553552,0.0,0.12130162570553552,0.12130162570553552,False,1.0,0.0,-0.0007938788162888955,-9.629879102902919e-05,0.0,1.0385413159720506e-07,-9.64026451606264e-05,1.0405446808639094,1.0404443696042662,-0.03863670634899108,0.9996984656444251,0.0006065081285276776,0.9990919575158974,False,False,False,1.0
2024-05-28,2024-05-29 00:00:00,0.12141026059933388,0.0,0.0,0.12141026059933388,0.0,0.0,0.12141026059933388,0.0,0.12141026059933388,0.12141026059933388,False,1.0,0.0,0.0032244486478623102,0.0003914811506261328,0.0,1.0394714092408722e-07,0.00039137720348520876,1.0367302924430826,1.0371360450457072,-0.04169357501683979,0.9999898014542934,0.0006070513029966694,0.9993827501512967,False,False,False,1.0
2024-05-29,2024-05-30 00:00:00,0.12065168128453067,0.0,0.0,0.12065168128453067,0.0,0.0,0.12065168128453067,0.0,0.12065168128453067,0.12065168128453067,False,1.0,0.0,-0.001958364844962701,-0.00023628001111326914,0.0,1.0329767233264612e-07,-0.00023638330878560177,1.0341367497691882,1.033892297102541,-0.04469077534538979,0.9995852861137211,0.0006032584064226534,0.9989820277072985,False,False,False,1.0
2024-05-30,2024-05-31 00:00:00,0.12197549143086611,0.0,0.0,0.12197549143086611,0.0,0.0,0.12197549143086611,0.0,0.12197549143086611,0.12197549143086611,False,1.0,0.0,-3.177284533772973e-05,-3.875508424226487e-06,0.0,1.0443107143053604e-07,-3.979939495657023e-06,1.0344391718881942,1.0344350548828782,-0.0441892709664885,0.999980195067772,0.0006098774571543305,0.9993703176106177,False,False,False,1.0
2024-05-31,2024-06-01 00:00:00,0.12343464814094157,0.0,0.0,0.12343464814094157,0.0,0.0,0.12343464814094157,0.0,0.12343464814094157,0.12343464814094157,False,1.0,0.0,-0.004825013550423529,-0.0005955738498718035,0.0,1.0568034943573765e-07,-0.0005956795302212393,1.034018826236261,1.0334028823876087,-0.04514299110632236,0.999340696391103,0.0006171732407047078,0.9987235231503983,False,False,False,1.0
2024-06-01,2024-06-02 00:00:00,0.12901847268264396,0.0,0.0,0.12901847268264396,0.0,0.0,0.12901847268264396,0.0,0.12901847268264396,0.12901847268264396,False,1.0,0.0,-0.0029213211825970253,-0.00037690439719412347,0.0,1.1046102113240066e-07,-0.00037701485821525587,1.0357041099666846,1.0353136341285125,-0.04337746991110136,0.9995979259096263,0.0006450923634132199,0.998952833546213,False,False,False,1.0
2024-06-02,2024-06-03 00:00:00,0.13138024311769844,0.0,0.0,0.13138024311769844,0.0,0.0,0.13138024311769844,0.0,0.13138024311769844,0.13138024311769844,False,1.0,0.0,0.0009878065163619887,0.00012977826027288483,0.0,1.1248308486104318e-07,0.0001296657771880238,1.035221003101205,1.0353552358371336,-0.04333903022437724,0.999974624015582,0.0006569012155884923,0.9993177227999935,False,False,False,1.0
2024-06-03,2024-06-04 00:00:00,0.1323727827644555,0.0,-0.1838157389191067,0.1323727827644555,0.0,-0.1838157389191067,0.1323727827644555,0.1838157389191067,0.3161885216835622,-0.05144295615465122,True,1.0,0.0,0.002505875207942765,-0.00012890962845122717,0.0,2.707093507564745e-07,-0.00012918033780198366,1.0345345980344278,1.0344009565055858,-0.044220777627737906,0.9993330610292592,0.001580942608417811,0.9977521184208414,False,False,False,1.0
2024-06-04,2024-06-05 00:00:00,0.1328994438872026,0.0,-0.1838157389191067,0.1328994438872026,0.0,-0.1838157389191067,0.1328994438872026,0.1838157389191067,0.3167151828063093,-0.05091629503190412,True,1.0,0.0,0.0021276875534224082,-0.00010833396720576559,0.0,2.711602592519771e-07,-0.00010860512746501757,1.034291612607122,1.0341792832346988,-0.044425602173903234,0.9990988907712169,0.0015835759140315465,0.9975153148571854,False,False,False,1.0
2024-06-05,2024-06-06 00:00:00,0.13294942042353533,0.0,-0.1838157389191067,0.13294942042353533,0.0,-0.1838157389191067,0.13294942042353533,0.1838157389191067,0.31676515934264204,-0.05086631849557138,True,1.0,0.0,-1.0486247286722872e-05,5.333967943097668e-07,0.0,2.71203047382399e-07,2.621937469273678e-07,1.03408596747209,1.0340862386029643,-0.04451157476045753,0.9996739950196031,0.0015838257967132102,0.9980901692228898,False,False,False,1.0
2024-06-06,2024-06-07 00:00:00,0.1329644493631117,0.0,0.0,0.1329644493631117,0.0,0.0,0.1329644493631117,0.0,0.1329644493631117,0.1329644493631117,False,1.0,0.0,-0.00013262564980065505,-1.7634496497168985e-05,0.0,1.1383942582458191e-07,-1.7748335922993568e-05,1.0337349363670572,1.0337165892921512,-0.04485312812873066,0.9998128221879278,0.0006648222468155585,0.9991479999411123,False,False,False,1.0
2024-06-07,2024-06-08 00:00:00,0.13413376363484944,0.0,0.0,0.13413376363484944,0.0,0.0,0.13413376363484944,0.0,0.13413376363484944,0.13413376363484944,False,1.0,0.0,0.001428127256151157,0.0001915600838170654,0.0,1.1484055105723411e-07,0.00019144524326600816,1.0319216912957545,1.032119247794976,-0.04632906045886931,0.9998730031113118,0.0006706688181742472,0.9992023342931375,False,False,False,1.0
2024-06-08,2024-06-09 00:00:00,0.13439779095670265,0.0,0.0,0.13439779095670265,0.0,0.0,0.13439779095670265,0.0,0.13439779095670265,0.13439779095670265,False,1.0,0.0,-0.0012431848282699054,-0.00016708129467036303,0.0,1.1506660184649199e-07,-0.0001671963612722095,1.0281794377444082,1.0280075298836826,-0.05012825894486661,0.9997985865544162,0.0006719889547835133,0.9991265975996327,False,False,False,1.0
2024-06-09,2024-06-10 00:00:00,0.0,0.0,0.0,0.0,0.0,0.0,0.0,0.0,0.0,0.0,False,1.0,0.0,1.6257783413742288e-05,0.0,0.0,0.0,0.0,1.0278791363727822,1.0278791363727822,-0.050246893647623136,1.0,0.0,1.0,False,False,False,0.0
2024-06-10,2024-06-11 00:00:00,0.0,0.0,0.0,0.0,0.0,0.0,0.0,0.0,0.0,0.0,False,1.0,0.0,0.001739944581547359,0.0,0.0,0.0,0.0,1.0278791363727822,1.0278791363727822,-0.050246893647623136,1.0,0.0,1.0,False,False,False,0.0
2024-06-11,2024-06-12 00:00:00,0.0,0.0,0.0,0.0,0.0,0.0,0.0,0.0,0.0,0.0,False,1.0,0.0,0.0008275309380425533,0.0,0.0,0.0,0.0,1.0278791363727822,1.0278791363727822,-0.050246893647623136,1.0,0.0,1.0,False,False,False,0.0
2024-06-12,2024-06-13 00:00:00,0.0,0.0,0.0,0.0,0.0,0.0,0.0,0.0,0.0,0.0,False,1.0,0.0,0.001899424634928426,0.0,0.0,0.0,0.0,1.0278791363727822,1.0278791363727822,-0.050246893647623136,1.0,0.0,1.0,False,False,False,0.0
2024-06-13,2024-06-14 00:00:00,0.0,0.0,0.0,0.0,0.0,0.0,0.0,0.0,0.0,0.0,False,1.0,0.0,-0.0013284256995262922,-0.0,0.0,0.0,-0.0,1.0278791363727822,1.0278791363727822,-0.050246893647623136,1.0,0.0,1.0,False,False,False,0.0
2024-06-14,2024-06-15 00:00:00,0.0,0.0,0.0,0.0,0.0,0.0,0.0,0.0,0.0,0.0,False,1.0,0.0,-0.0031244420639171544,-0.0,0.0,0.0,-0.0,1.0278791363727822,1.0278791363727822,-0.050246893647623136,1.0,0.0,1.0,False,False,False,0.0
2024-06-15,2024-06-16 00:00:00,0.0,0.0,0.0,0.0,0.0,0.0,0.0,0.0,0.0,0.0,False,1.0,0.0,-0.0009862706640515473,-0.0,0.0,0.0,-0.0,1.0278791363727822,1.0278791363727822,-0.050246893647623136,1.0,0.0,1.0,False,False,False,0.0
2024-06-16,2024-06-17 00:00:00,0.0,0.0,0.0,0.0,0.0,0.0,0.0,0.0,0.0,0.0,False,1.0,0.0,-0.0001392059691519565,-0.0,0.0,0.0,-0.0,1.0278791363727822,1.0278791363727822,-0.050246893647623136,1.0,0.0,1.0,False,False,False,0.0
2024-06-17,2024-06-18 00:00:00,0.0,0.0,0.0,0.0,0.0,0.0,0.0,0.0,0.0,0.0,False,1.0,0.0,-0.005548067134171553,-0.0,0.0,0.0,-0.0,1.0278791363727822,1.0278791363727822,-0.050246893647623136,1.0,0.0,1.0,False,False,False,0.0
2024-06-18,2024-06-19 00:00:00,0.0,0.0,0.0,0.0,0.0,0.0,0.0,0.0,0.0,0.0,False,1.0,0.0,0.0005142349586275685,0.0,0.0,0.0,0.0,1.0278791363727822,1.0278791363727822,-0.050246893647623136,1.0,0.0,1.0,False,False,False,0.0
2024-06-19,2024-06-20 00:00:00,0.0,0.0,0.0,0.0,0.0,0.0,0.0,0.0,0.0,0.0,False,1.0,0.0,0.001953152723483953,0.0,0.0,0.0,0.0,1.0278791363727822,1.0278791363727822,-0.050246893647623136,1.0,0.0,1.0,False,False,False,0.0
2024-06-20,2024-06-21 00:00:00,0.0,0.0,0.0,0.0,0.0,0.0,0.0,0.0,0.0,0.0,False,1.0,0.0,-0.006707873252921881,-0.0,0.0,0.0,-0.0,1.0278791363727822,1.0278791363727822,-0.050246893647623136,1.0,0.0,1.0,False,False,False,0.0
2024-06-21,2024-06-22 00:00:00,0.0,0.0,0.0,0.0,0.0,0.0,0.0,0.0,0.0,0.0,False,1.0,0.0,0.0038050459967984285,0.0,0.0,0.0,0.0,1.0278791363727822,1.0278791363727822,-0.050246893647623136,1.0,0.0,1.0,False,False,False,0.0
2024-06-22,2024-06-23 00:00:00,0.0,0.0,0.0,0.0,0.0,0.0,0.0,0.0,0.0,0.0,False,1.0,0.0,0.0008223120674295537,0.0,0.0,0.0,0.0,1.0278791363727822,1.0278791363727822,-0.050246893647623136,1.0,0.0,1.0,False,False,False,0.0
2024-06-23,2024-06-24 00:00:00,0.0,0.0,0.0,0.0,0.0,0.0,0.0,0.0,0.0,0.0,False,1.0,0.0,-0.0013619202500877448,-0.0,0.0,0.0,-0.0,1.0278791363727822,1.0278791363727822,-0.050246893647623136,1.0,0.0,1.0,False,False,False,0.0
2024-06-24,2024-06-25 00:00:00,0.0,0.0,0.0,0.0,0.0,0.0,0.0,0.0,0.0,0.0,False,1.0,0.0,-0.00336533642733694,-0.0,0.0,0.0,-0.0,1.0278791363727822,1.0278791363727822,-0.050246893647623136,1.0,0.0,1.0,False,False,False,0.0
2024-06-25,2024-06-26 00:00:00,0.0,0.0,0.0,0.0,0.0,0.0,0.0,0.0,0.0,0.0,False,1.0,0.0,0.0005443323588028015,0.0,0.0,0.0,0.0,1.0278791363727822,1.0278791363727822,-0.050246893647623136,1.0,0.0,1.0,False,False,False,0.0
2024-06-26,2024-06-27 00:00:00,0.0,0.0,0.0,0.0,0.0,0.0,0.0,0.0,0.0,0.0,False,1.0,0.0,0.0019759429688617214,0.0,0.0,0.0,0.0,1.0278791363727822,1.0278791363727822,-0.050246893647623136,1.0,0.0,1.0,False,False,False,0.0
2024-06-27,2024-06-28 00:00:00,0.0,0.0,0.0,0.0,0.0,0.0,0.0,0.0,0.0,0.0,False,1.0,0.0,0.0010206271057682237,0.0,0.0,0.0,0.0,1.0278791363727822,1.0278791363727822,-0.050246893647623136,1.0,0.0,1.0,False,False,False,0.0
2024-06-28,2024-06-29 00:00:00,0.0,0.0,0.0,0.0,0.0,0.0,0.0,0.0,0.0,0.0,False,1.0,0.0,0.0007974458279218499,0.0,0.0,0.0,0.0,1.0278791363727822,1.0278791363727822,-0.050246893647623136,1.0,0.0,1.0,False,False,False,0.0
2024-06-29,2024-06-30 00:00:00,0.0,0.0,0.0,0.0,0.0,0.0,0.0,0.0,0.0,0.0,False,1.0,0.0,0.0010026097341611084,0.0,0.0,0.0,0.0,1.0278791363727822,1.0278791363727822,-0.050246893647623136,1.0,0.0,1.0,False,False,False,0.0
2024-06-30,2024-07-01 00:00:00,0.0,0.0,0.0,0.0,0.0,0.0,0.0,0.0,0.0,0.0,False,1.0,0.0,0.000111779829035763,0.0,0.0,0.0,0.0,1.0278791363727822,1.0278791363727822,-0.050246893647623136,1.0,0.0,1.0,False,False,False,0.0
2024-07-01,2024-07-02 00:00:00,0.0,0.0,0.0,0.0,0.0,0.0,0.0,0.0,0.0,0.0,False,1.0,0.0,0.0018888219230226433,0.0,0.0,0.0,0.0,1.0278791363727822,1.0278791363727822,-0.050246893647623136,1.0,0.0,1.0,False,False,False,0.0
2024-07-02,2024-07-03 00:00:00,0.0,0.0,0.0,0.0,0.0,0.0,0.0,0.0,0.0,0.0,False,1.0,0.0,-0.00019314001773373946,-0.0,0.0,0.0,-0.0,1.0278791363727822,1.0278791363727822,-0.050246893647623136,1.0,0.0,1.0,False,False,False,0.0
2024-07-03,2024-07-04 00:00:00,0.0,0.0,0.0,0.0,0.0,0.0,0.0,0.0,0.0,0.0,False,1.0,0.0,-0.000592802291362382,-0.0,0.0,0.0,-0.0,1.0278791363727822,1.0278791363727822,-0.050246893647623136,1.0,0.0,1.0,False,False,False,0.0
2024-07-04,2024-07-05 00:00:00,0.0,0.0,0.0,0.0,0.0,0.0,0.0,0.0,0.0,0.0,False,1.0,0.0,0.0027925731612630234,0.0,0.0,0.0,0.0,1.0278791363727822,1.0278791363727822,-0.050246893647623136,1.0,0.0,1.0,False,False,False,0.0
2024-07-05,2024-07-06 00:00:00,0.0,0.0,0.0,0.0,0.0,0.0,0.0,0.0,0.0,0.0,False,1.0,0.0,-0.0016118106005745814,-0.0,0.0,0.0,-0.0,1.0278791363727822,1.0278791363727822,-0.050246893647623136,1.0,0.0,1.0,False,False,False,0.0
2024-07-06,2024-07-07 00:00:00,0.0,0.0,0.0,0.0,0.0,0.0,0.0,0.0,0.0,0.0,False,1.0,0.0,-0.0031589266911151714,-0.0,0.0,0.0,-0.0,1.0278791363727822,1.0278791363727822,-0.050246893647623136,1.0,0.0,1.0,False,False,False,0.0
2024-07-07,2024-07-08 00:00:00,0.0,0.0,0.0,0.0,0.0,0.0,0.0,0.0,0.0,0.0,False,1.0,0.0,-0.00015479303162158065,-0.0,0.0,0.0,-0.0,1.0278791363727822,1.0278791363727822,-0.050246893647623136,1.0,0.0,1.0,False,False,False,0.0
2024-07-08,2024-07-09 00:00:00,0.0,0.0,0.0,0.0,0.0,0.0,0.0,0.0,0.0,0.0,False,1.0,0.0,-0.0029517445179488844,-0.0,0.0,0.0,-0.0,1.0278791363727822,1.0278791363727822,-0.050246893647623136,1.0,0.0,1.0,False,False,False,0.0
2024-07-09,2024-07-10 00:00:00,0.0,0.0,0.0,0.0,0.0,0.0,0.0,0.0,0.0,0.0,False,1.0,0.0,0.00480512546716505,0.0,0.0,0.0,0.0,1.0278791363727822,1.0278791363727822,-0.050246893647623136,1.0,0.0,1.0,False,False,False,0.0
2024-07-10,2024-07-11 00:00:00,0.0,0.0,0.0,0.0,0.0,0.0,0.0,0.0,0.0,0.0,False,1.0,0.0,-0.000380923114350451,-0.0,0.0,0.0,-0.0,1.0278791363727822,1.0278791363727822,-0.050246893647623136,1.0,0.0,1.0,False,False,False,0.0
2024-07-11,2024-07-12 00:00:00,0.0,0.0,0.0,0.0,0.0,0.0,0.0,0.0,0.0,0.0,False,1.0,0.0,-0.0033205496963886194,-0.0,0.0,0.0,-0.0,1.0278791363727822,1.0278791363727822,-0.050246893647623136,1.0,0.0,1.0,False,False,False,0.0
2024-07-12,2024-07-13 00:00:00,0.0,0.0,0.0,0.0,0.0,0.0,0.0,0.0,0.0,0.0,False,1.0,0.0,0.0015385599590569399,0.0,0.0,0.0,0.0,1.0278791363727822,1.0278791363727822,-0.050246893647623136,1.0,0.0,1.0,False,False,False,0.0
2024-07-13,2024-07-14 00:00:00,0.0,0.0,0.0,0.0,0.0,0.0,0.0,0.0,0.0,0.0,False,1.0,0.0,-0.00014894770034246108,-0.0,0.0,0.0,-0.0,1.0278791363727822,1.0278791363727822,-0.050246893647623136,1.0,0.0,1.0,False,False,False,0.0
2024-07-14,2024-07-15 00:00:00,0.0,0.0,0.0,0.0,0.0,0.0,0.0,0.0,0.0,0.0,False,1.0,0.0,0.0019437841300544711,0.0,0.0,0.0,0.0,1.0278791363727822,1.0278791363727822,-0.050246893647623136,1.0,0.0,1.0,False,False,False,0.0
2024-07-15,2024-07-16 00:00:00,0.0,0.0,0.0,0.0,0.0,0.0,0.0,0.0,0.0,0.0,False,1.0,0.0,0.0005971479500892496,0.0,0.0,0.0,0.0,1.0278791363727822,1.0278791363727822,-0.050246893647623136,1.0,0.0,1.0,False,False,False,0.0
2024-07-16,2024-07-17 00:00:00,0.21479177665599886,0.0,0.0,0.21479177665599886,0.0,0.0,0.21479177665599886,0.0,0.21479177665599886,0.21479177665599886,False,1.0,0.0,0.005113293116854267,0.0010982933131320181,0.0,1.8389706905479354e-07,0.0010981094160629633,1.0335643306303188,1.0346992973538907,-0.04394511277824098,0.999781274980137,0.0010739588832799944,0.998707316096857,False,False,False,1.0
2024-07-17,2024-07-18 00:00:00,0.20281151872400893,0.0,-0.2147891396000657,0.20281151872400893,0.0,-0.2147891396000657,0.20281151872400893,0.2147891396000657,0.41760065832407467,-0.011977620876056777,True,1.0,0.0,-0.005344328703703605,6.401234304998975e-05,0.0,3.57534810208968e-07,6.365480823978078e-05,1.0344561494089264,1.0345219975167494,-0.0441089365831242,0.9985994448851103,0.0020880032916203734,0.9965114415934899,False,False,True,1.0
2024-07-18,2024-07-19 00:00:00,0.19772601160951694,0.0,0.0,0.19772601160951694,0.0,0.0,0.19772601160951694,0.0,0.19772601160951694,0.19772601160951694,False,1.0,0.0,-0.00467487314414583,-0.0009243440215723974,0.0,1.692859688437645e-07,-0.0009245133075412411,1.0359038012590092,1.0349460944094127,-0.04371707403144065,0.9987706621878574,0.0009886300580475846,0.9977820321298098,False,False,False,1.0
2024-07-19,2024-07-20 00:00:00,0.20036504163856309,0.0,0.0,0.20036504163856309,0.0,0.0,0.20036504163856309,0.0,0.20036504163856309,0.20036504163856309,False,1.0,0.0,0.00037819407996342314,7.577687257932934e-05,0.0,1.7154541236178347e-07,7.560532716696755e-05,1.0394753456123507,1.0395539354859376,-0.03945946122352739,0.9998367057212489,0.0010018252081928154,0.9988348805130561,False,False,False,1.0
2024-07-20,2024-07-21 00:00:00,0.2015833923925211,0.0,0.0,0.2015833923925211,0.0,0.0,0.2015833923925211,0.0,0.2015833923925211,0.2015833923925211,False,1.0,0.0,0.0013433330665721943,0.0002707936366726713,0.0,1.7258852088400778e-07,0.0002706210481517873,1.0415807313611563,1.0418626050304118,-0.03732626677116879,0.9999560395042725,0.0010079169619626055,0.9989481225423099,False,False,False,1.0
2024-07-21,2024-07-22 00:00:00,0.20385414715392222,0.0,0.0,0.20385414715392222,0.0,0.0,0.20385414715392222,0.0,0.20385414715392222,0.20385414715392222,False,1.0,0.0,-0.0014522525607008063,-0.00029604770721376256,0.0,1.7453266023452246e-07,-0.0002962222398739971,1.0419503943640813,1.0416417454844251,-0.0375303394412384,0.9994251788372275,0.001019270735769611,0.9984059081014579,False,False,False,1.0
2024-07-22,2024-07-23 00:00:00,0.2033928551768803,0.0,0.0,0.2033928551768803,0.0,0.0,0.2033928551768803,0.0,0.2033928551768803,0.2033928551768803,False,1.0,0.0,-0.0005695468777555668,-0.00011584176562378234,0.0,1.7413771847335643e-07,-0.0001160159033422557,1.0392042552639786,1.039083691043547,-0.039893963787205555,0.9997851951797806,0.0010169642758844015,0.9987682309038962,False,False,False,1.0
2024-07-23,2024-07-24 00:00:00,0.2034686497378421,0.0,0.0,0.2034686497378421,0.0,0.0,0.2034686497378421,0.0,0.2034686497378421,0.2034686497378421,False,1.0,0.0,0.001202874144582422,0.0002447471780027473,0.0,1.742026110769196e-07,0.00024457297539167035,1.0387231795882186,1.0389772232068588,-0.03999233932090707,0.999376457683777,0.0010173432486892105,0.9983591144350878,False,False,False,1.0
2024-07-24,2024-07-25 00:00:00,0.20279176150571673,0.0,0.0,0.20279176150571673,0.0,0.0,0.20279176150571673,0.0,0.20279176150571673,0.20279176150571673,False,1.0,0.0,0.0002518294236326657,5.1068932417437646e-05,0.0,1.7362308348092186e-07,5.0895309333956724e-05,1.0366140888275253,1.036666847622236,-0.04212711014238657,0.9997575458603314,0.0010139588075285836,0.9987435870528028,False,False,False,1.0
2024-07-25,2024-07-26 00:00:00,0.2031276850067861,0.0,0.0,0.2031276850067861,0.0,0.0,0.2031276850067861,0.0,0.2031276850067861,0.2031276850067861,False,1.0,0.0,0.0026390865633156846,0.0005360715441388301,0.0,1.739106892181388e-07,0.0005358976334496119,1.018820229787408,1.0193662131374617,-0.05811277495679745,0.9999661190514689,0.0010156384250339305,0.998950480626435,False,False,False,1.0
2024-07-26,2024-07-27 00:00:00,0.0,0.0,0.0,0.0,0.0,0.0,0.0,0.0,0.0,0.0,False,1.0,0.0,0.002148796458487867,0.0,0.0,0.0,0.0,1.0195867132120724,1.0195867132120724,-0.05790903443575579,1.0,0.0,1.0,False,False,False,0.0
2024-07-27,2024-07-28 00:00:00,0.0,0.0,0.0,0.0,0.0,0.0,0.0,0.0,0.0,0.0,False,1.0,0.0,-0.0007855316039458993,-0.0,0.0,0.0,-0.0,1.0195867132120724,1.0195867132120724,-0.05790903443575579,1.0,0.0,1.0,False,False,False,0.0
2024-07-28,2024-07-29 00:00:00,0.0,0.0,0.0,0.0,0.0,0.0,0.0,0.0,0.0,0.0,False,1.0,0.0,-0.0002905189892385973,-0.0,0.0,0.0,-0.0,1.0195867132120724,1.0195867132120724,-0.05790903443575579,1.0,0.0,1.0,False,False,False,0.0
2024-07-29,2024-07-30 00:00:00,0.0,0.0,0.0,0.0,0.0,0.0,0.0,0.0,0.0,0.0,False,1.0,0.0,-0.0011021662851862235,-0.0,0.0,0.0,-0.0,1.0195867132120724,1.0195867132120724,-0.05790903443575579,1.0,0.0,1.0,False,False,False,0.0
2024-07-30,2024-07-31 00:00:00,0.0,0.0,0.0,0.0,0.0,0.0,0.0,0.0,0.0,0.0,False,1.0,0.0,0.0010216536322951164,0.0,0.0,0.0,0.0,1.0195867132120724,1.0195867132120724,-0.05790903443575579,1.0,0.0,1.0,False,False,False,0.0
2024-07-31,2024-08-01 00:00:00,0.0,0.0,0.0,0.0,0.0,0.0,0.0,0.0,0.0,0.0,False,1.0,0.0,-0.0020665651511856398,-0.0,0.0,0.0,-0.0,1.0195867132120724,1.0195867132120724,-0.05790903443575579,1.0,0.0,1.0,False,False,False,0.0
2024-08-01,2024-08-02 00:00:00,0.0,0.0,0.0,0.0,0.0,0.0,0.0,0.0,0.0,0.0,False,1.0,0.0,0.0004333409301742197,0.0,0.0,0.0,0.0,1.0195867132120724,1.0195867132120724,-0.05790903443575579,1.0,0.0,1.0,False,False,False,0.0
2024-08-02,2024-08-03 00:00:00,0.0,0.0,0.0,0.0,0.0,0.0,0.0,0.0,0.0,0.0,False,1.0,0.0,0.0008695594890679725,0.0,0.0,0.0,0.0,1.0195867132120724,1.0195867132120724,-0.05790903443575579,1.0,0.0,1.0,False,False,False,0.0
2024-08-03,2024-08-04 00:00:00,0.0,0.0,0.0,0.0,0.0,0.0,0.0,0.0,0.0,0.0,False,1.0,0.0,-0.008755057148728262,-0.0,0.0,0.0,-0.0,1.0195867132120724,1.0195867132120724,-0.05790903443575579,1.0,0.0,1.0,False,False,False,0.0
2024-08-04,2024-08-05 00:00:00,0.0,0.0,0.0,0.0,0.0,0.0,0.0,0.0,0.0,0.0,False,1.0,0.0,-0.0062657258121195936,-0.0,0.0,0.0,-0.0,1.0195867132120724,1.0195867132120724,-0.05790903443575579,1.0,0.0,1.0,False,False,False,0.0
2024-08-05,2024-08-06 00:00:00,0.0,0.0,0.0,0.0,0.0,0.0,0.0,0.0,0.0,0.0,False,1.0,0.0,0.006593812908261887,0.0,0.0,0.0,0.0,1.0195867132120724,1.0195867132120724,-0.05790903443575579,1.0,0.0,1.0,False,False,False,0.0
2024-08-06,2024-08-07 00:00:00,0.0,0.0,0.0,0.0,0.0,0.0,0.0,0.0,0.0,0.0,False,1.0,0.0,0.0053465937344605585,0.0,0.0,0.0,0.0,1.0195867132120724,1.0195867132120724,-0.05790903443575579,1.0,0.0,1.0,False,False,False,0.0
2024-08-07,2024-08-08 00:00:00,0.0,0.0,0.0,0.0,0.0,0.0,0.0,0.0,0.0,0.0,False,1.0,0.0,0.0069122404257540015,0.0,0.0,0.0,0.0,1.0195867132120724,1.0195867132120724,-0.05790903443575579,1.0,0.0,1.0,False,False,False,0.0
2024-08-08,2024-08-09 00:00:00,0.0,0.0,0.0,0.0,0.0,0.0,0.0,0.0,0.0,0.0,False,1.0,0.0,0.007750099489088225,0.0,0.0,0.0,0.0,1.0195867132120724,1.0195867132120724,-0.05790903443575579,1.0,0.0,1.0,False,False,False,0.0
2024-08-09,2024-08-10 00:00:00,0.0,0.0,0.0,0.0,0.0,0.0,0.0,0.0,0.0,0.0,False,1.0,0.0,-0.004823626433472672,-0.0,0.0,0.0,-0.0,1.0195867132120724,1.0195867132120724,-0.05790903443575579,1.0,0.0,1.0,False,False,False,0.0
2024-08-10,2024-08-11 00:00:00,0.0,0.0,0.0,0.0,0.0,0.0,0.0,0.0,0.0,0.0,False,1.0,0.0,-0.005763236896953794,-0.0,0.0,0.0,-0.0,1.0195867132120724,1.0195867132120724,-0.05790903443575579,1.0,0.0,1.0,False,False,False,0.0
2024-08-11,2024-08-12 00:00:00,0.0,0.0,0.0,0.0,0.0,0.0,0.0,0.0,0.0,0.0,False,1.0,0.0,-0.0022329522682595915,-0.0,0.0,0.0,-0.0,1.0195867132120724,1.0195867132120724,-0.05790903443575579,1.0,0.0,1.0,False,False,False,0.0
2024-08-12,2024-08-13 00:00:00,-0.13485273023694797,0.06910793171778143,0.0,-0.13485273023694797,0.06910793171778143,0.0,0.06910793171778143,0.13485273023694797,0.2039606619547294,-0.06574479851916654,True,1.0,0.0,0.0036121963870572316,-0.000237483123678739,0.0,1.746238544132957e-07,-0.0002376577475331523,1.0171092713900907,1.016867547491657,-0.06042152447302296,0.9990637757357772,0.001019803309773647,0.9980439724260035,False,False,False,-1.0
2024-08-13,2024-08-14 00:00:00,-0.13480535721553133,0.06910793171778143,0.0,-0.13480535721553133,0.06910793171778143,0.0,0.06910793171778143,0.13480535721553133,0.20391328893331276,-0.0656974254977499,True,1.0,0.0,0.0011551790527530859,-7.589228975480715e-05,0.0,1.745832953196171e-07,-7.606687305012677e-05,1.0178109927442476,1.0177335710446733,-0.05962132478947457,0.9995857891100293,0.0010195664446665637,0.9985662226653627,False,False,False,-1.0
2024-08-14,2024-08-15 00:00:00,-0.13335479525739025,0.06910793171778143,0.0,-0.13335479525739025,0.06910793171778143,0.0,0.06910793171778143,0.13335479525739025,0.20246272697517168,-0.06424686353960882,True,1.0,0.0,0.0003890963237880296,-2.4998218418172986e-05,0.0,1.7334137583490727e-07,-2.5171559794007895e-05,1.0171404672454003,1.01711486423331,-0.06019300553988571,0.999307769160631,0.0010123136348758584,0.9982954555257552,False,False,False,-1.0
2024-08-15,2024-08-16 00:00:00,-0.1336731842860086,0.0,0.0,-0.1336731842860086,0.0,0.0,0.0,0.1336731842860086,0.1336731842860086,-0.1336731842860086,False,1.0,0.0,0.0004874006921089524,-6.515240253740814e-05,0.0,1.1444621942295257e-07,-6.526684875683109e-05,1.0160606974857584,1.015994382405888,-0.06122832288270186,0.9995568492165262,0.000668365921430043,0.9988884832950962,False,False,False,-1.0
2024-08-16,2024-08-17 00:00:00,-0.13906136804191788,0.0,0.0,-0.13906136804191788,0.0,0.0,0.0,0.13906136804191788,0.13906136804191788,-0.13906136804191788,False,1.0,0.0,-0.001737035381895069,0.00024155451654354356,0.0,1.190593904468475e-07,0.0002414354571530967,1.0209850172826966,1.0212315192670909,-0.05638924518736854,0.9999166608163418,0.0006953068402095894,0.9992213539761322,False,False,False,-1.0
2024-08-17,2024-08-18 00:00:00,-0.14171135930252343,0.0,0.0,-0.14171135930252343,0.0,0.0,0.0,0.14171135930252343,0.14171135930252343,-0.14171135930252343,False,1.0,0.0,-0.0010002146054326477,0.00014174177133009764,0.0,1.2132821858092758e-07,0.0001416204431115167,1.0189286752854039,1.0190729764158968,-0.05838372362901745,0.999936882328968,0.0007085567965126172,0.9992283255324554,False,False,False,-1.0
2024-08-18,2024-08-19 00:00:00,-0.1403035489972686,0.0,0.0,-0.1403035489972686,0.0,0.0,0.0,0.1403035489972686,0.1403035489972686,-0.1403035489972686,False,1.0,0.0,0.0017167575023802062,-0.00024086717035162972,0.0,1.2012290153875738e-07,-0.00024098729325316848,1.0157219692465325,1.0154771931584659,-0.06170620211667921,0.9996638228424812,0.000701517744986343,0.9989623050974948,False,False,False,-1.0
2024-08-19,2024-08-20 00:00:00,-0.139391602943735,0.0,0.0,-0.139391602943735,0.0,0.0,0.0,0.139391602943735,0.139391602943735,-0.139391602943735,False,1.0,0.0,-0.0010475494686873477,0.00014601959960318733,0.0,1.193421258079923e-07,0.00014590025747737934,1.0200202575775363,1.020169078795749,-0.05737093272461369,0.9997159237243284,0.0006969580147186751,0.9990189657096097,False,False,False,-1.0
2024-08-20,2024-08-21 00:00:00,-0.1390945842867866,0.0,0.0,-0.1390945842867866,0.0,0.0,0.0,0.1390945842867866,0.1390945842867866,-0.1390945842867866,False,1.0,0.0,-3.495145631071672e-05,4.861558285756926e-06,0.0,1.1908782901265973e-07,4.742470456744266e-06,1.020606966601196,1.0206118067995833,-0.056961855156997365,0.9998378289693125,0.000695472921433933,0.9991423560478786,False,False,False,-1.0
2024-08-21,2024-08-22 00:00:00,-0.1388236434458312,0.0,0.0,-0.1388236434458312,0.0,0.0,0.0,0.1388236434458312,0.1388236434458312,-0.1388236434458312,False,1.0,0.0,-0.002327587859731084,0.00032312422712815335,0.0,1.1885585911458152e-07,0.00032300537126903875,1.015451378045192,1.015779374294563,-0.06142698886822062,0.9998854302234941,0.0006941182172291561,0.9991913120062649,False,False,False,-1.0
2024-08-22,2024-08-23 00:00:00,-0.1388914404614989,0.08309919825704766,0.0,-0.1388914404614989,0.08309919825704766,0.0,0.08309919825704766,0.1388914404614989,0.22199063871854657,-0.05579224220445124,True,1.0,0.0,0.001969634480552207,-0.00010989032399320724,0.0,1.9006047835492002e-07,-0.00011008038447156216,1.0151323332280293,1.015020587070498,-0.06212810293661142,0.9995507834655846,0.0011099531935927329,0.9984408302719918,False,False,False,-1.0
2024-08-23,2024-08-24 00:00:00,-0.1382351718655093,0.08309919825704766,0.0,-0.1382351718655093,0.08309919825704766,0.0,0.08309919825704766,0.1382351718655093,0.22133437012255697,-0.05513597360846163,True,1.0,0.0,-0.0012379431443755307,6.825520053706527e-05,0.0,1.894986045569837e-07,6.806570193250829e-05,1.013407705889586,1.0134766841964313,-0.06355465835413421,0.9995381557157026,0.001106671850612785,0.9984314838650898,False,False,False,-1.0
2024-08-24,2024-08-25 00:00:00,-0.13823913305412222,0.08309919825704766,0.0,-0.13823913305412222,0.08309919825704766,0.0,0.08309919825704766,0.13823913305412222,0.22133833131116987,-0.05513993479707456,True,1.0,0.0,-1.0863936438676447e-05,5.990367468681817e-07,0.0,1.8950199598559063e-07,4.0953475088259103e-07,1.0115727963130043,1.0115732105872173,-0.06531345460676596,0.9997172705004517,0.0011066916565558493,0.9986105788438958,False,False,False,-1.0
2024-08-25,2024-08-26 00:00:00,0.0,0.0,0.0,0.0,0.0,0.0,0.0,0.0,0.0,0.0,False,1.0,0.0,-0.0001591717282070082,-0.0,0.0,0.0,-0.0,1.011368162896399,1.011368162896399,-0.0655029172336582,1.0,0.0,1.0,False,False,False,0.0
2024-08-26,2024-08-27 00:00:00,0.0,0.0,0.0,0.0,0.0,0.0,0.0,0.0,0.0,0.0,False,1.0,0.0,-0.0019325265859919671,-0.0,0.0,0.0,-0.0,1.011368162896399,1.011368162896399,-0.0655029172336582,1.0,0.0,1.0,False,False,False,0.0
2024-08-27,2024-08-28 00:00:00,0.0,0.0,0.0,0.0,0.0,0.0,0.0,0.0,0.0,0.0,False,1.0,0.0,-0.003550867431706628,-0.0,0.0,0.0,-0.0,1.011368162896399,1.011368162896399,-0.0655029172336582,1.0,0.0,1.0,False,False,False,0.0
2024-08-28,2024-08-29 00:00:00,0.0,0.0,0.0,0.0,0.0,0.0,0.0,0.0,0.0,0.0,False,1.0,0.0,0.0015447206663563584,0.0,0.0,0.0,0.0,1.011368162896399,1.011368162896399,-0.0655029172336582,1.0,0.0,1.0,False,False,False,0.0
2024-08-29,2024-08-30 00:00:00,-0.1427019245956297,0.0,0.0,-0.1427019245956297,0.0,0.0,0.0,0.1427019245956297,0.1427019245956297,-0.1427019245956297,False,1.0,0.0,-0.0018405145691258173,0.00026264497126055026,0.0,1.2217630530447747e-07,0.0002625227949552458,1.0052415321749306,1.0055054309915623,-0.07092004035766575,0.999676409806458,0.0007135096229781484,0.9989629001834799,False,False,False,-1.0
2024-08-30,2024-08-31 00:00:00,-0.14242977466496426,0.0,0.0,-0.14242977466496426,0.0,0.0,0.0,0.14242977466496426,0.14242977466496426,-0.14242977466496426,False,1.0,0.0,0.0005597731488669044,-7.97283634566107e-05,0.0,1.2194330022685297e-07,-7.985030675683755e-05,1.0127971346287137,1.012716262466831,-0.06425728269416531,0.9995145243696718,0.0007121488733248213,0.998802375496347,False,False,False,-1.0
2024-08-31,2024-09-01 00:00:00,-0.1399234366884361,0.0,0.0,-0.1399234366884361,0.0,0.0,0.0,0.1399234366884361,0.1399234366884361,-0.1399234366884361,False,1.0,0.0,-0.00048398870164068075,6.772136245193818e-05,0.0,1.1979746291818158e-07,6.760156498902e-05,1.008538980050702,1.008607158864106,-0.0680540655773978,0.999999880202537,0.0006996171834421805,0.9993002630190949,False,False,False,-1.0
2024-09-01,2024-09-02 00:00:00,-0.1371666225320204,0.0,0.0,-0.1371666225320204,0.0,0.0,0.0,0.1371666225320204,0.1371666225320204,-0.1371666225320204,False,1.0,0.0,0.003848036934680499,-0.0005278222297085928,0.0,1.1743717682535991e-07,-0.0005279396668854181,1.0112311071552125,1.0106972381413568,-0.06612284699746174,0.9989692139186919,0.0006858331126601019,0.9982833808060317,False,False,False,-1.0
2024-09-02,2024-09-03 00:00:00,-0.13890135595565817,0.0,0.0,-0.13890135595565817,0.0,0.0,0.0,0.13890135595565817,0.13890135595565817,-0.13890135595565817,False,1.0,0.0,-0.0032041876511876843,0.0004450660094863448,0.0,1.1892239379765254e-07,0.00044494708709254716,1.008306096260733,1.008754739121162,-0.06791770245588336,0.9999045884790404,0.0006945067797782909,0.9992100816992621,False,False,False,-1.0
2024-09-03,2024-09-04 00:00:00,-0.13933910016121048,0.0,0.0,-0.13933910016121048,0.0,0.0,0.0,0.13933910016121048,0.13933910016121048,-0.13933910016121048,False,1.0,0.0,-0.0007032032543591304,9.798370869283605e-05,0.0,1.192971747955569e-07,9.786441151804049e-05,1.0125446693309703,1.0126437614191701,-0.06432427315325062,0.9996341508134019,0.0006966955008060524,0.9989374553125958,False,False,False,-1.0
2024-09-04,2024-09-05 00:00:00,-0.13986397042860124,0.0,0.0,-0.13986397042860124,0.0,0.0,0.0,0.13986397042860124,0.13986397042860124,-0.13986397042860124,False,1.0,0.0,0.008957922419460917,-0.001252890596377186,0.0,1.1974655002448738e-07,-0.0012530103429272104,1.013107886869163,1.0118384522084147,-0.06506837321076131,0.9985331936470488,0.0006993198521430062,0.9978338737949058,False,False,False,-1.0
2024-09-05,2024-09-06 00:00:00,-0.14101250128607343,0.0,0.0,-0.14101250128607343,0.0,0.0,0.0,0.14101250128607343,0.14101250128607343,-0.14101250128607343,False,1.0,0.0,0.0020412648234708897,-0.0002878438585449053,0.0,1.2072988123807654e-07,-0.00028796458842614335,1.0170621969453058,1.0167693190483587,-0.06051228686507226,0.9992674566983762,0.0007050625064303672,0.9985623941919459,False,False,False,-1.0
2024-09-06,2024-09-07 00:00:00,-0.19537462921182447,0.0,0.0,-0.19537462921182447,0.0,0.0,0.0,0.19537462921182447,0.19537462921182447,-0.19537462921182447,False,1.0,0.0,-0.006179563177788228,0.0012073298645514188,0.0,1.6727279898272643e-07,0.001207162591752436,1.0223357672200921,1.0235698927144907,-0.054228604537226444,0.9997971980097657,0.0009768731460591223,0.9988203248637066,False,False,False,-1.0
2024-09-07,2024-09-08 00:00:00,-0.19477513659139056,0.0,0.0,-0.19477513659139056,0.0,0.0,0.0,0.19477513659139056,0.19477513659139056,-0.19477513659139056,False,1.0,0.0,-0.00072103690318992,0.00014044006130624993,0.0,1.6675953475290286e-07,0.00014027330177149704,1.0223353007561051,1.0224787071042598,-0.05523685238101572,0.9996639615275822,0.0009738756829569528,0.9986900858446253,False,False,False,-1.0
2024-09-08,2024-09-09 00:00:00,-0.19901948372655526,0.0,0.0,-0.19901948372655526,0.0,0.0,0.0,0.19901948372655526,0.19901948372655526,-0.19901948372655526,False,1.0,0.0,-0.007404362163930367,0.0014736123351898611,0.0,1.7039339360150277e-07,0.0014734419417962597,1.0258394059947145,1.0273509208010545,-0.050734961127854694,0.9997420574190179,0.0009950974186327764,0.9987469600003851,False,False,False,-1.0
2024-09-09,2024-09-10 00:00:00,-0.2072256149338714,0.0,0.0,-0.2072256149338714,0.0,0.0,0.0,0.2072256149338714,0.2072256149338714,-0.2072256149338714,False,1.0,0.0,0.001104789020231145,-0.00022894058408958831,0.0,1.7741919086804057e-07,-0.00022911800328045636,1.0230269409426007,1.0227925470525898,-0.05494686647189828,0.9993283841879456,0.001036128074669357,0.9982922561132762,False,False,False,-1.0
2024-09-10,2024-09-11 00:00:00,-0.20802131792420223,0.0,0.0,-0.20802131792420223,0.0,0.0,0.0,0.20802131792420223,0.20802131792420223,-0.20802131792420223,False,1.0,0.0,-0.0078524758771088,0.0016334823809241784,0.0,1.7810044342825534e-07,0.00163330428048075,1.0180380227768422,1.0197007886371359,-0.05780362954380047,0.9999998218995566,0.0010401065896210111,0.9989597153099355,False,False,False,-1.0
2024-09-11,2024-09-12 00:00:00,-0.20686513539553836,0.0,0.0,-0.20686513539553836,0.0,0.0,0.0,0.20686513539553836,0.20686513539553836,-0.20686513539553836,False,1.0,0.0,-0.0035294974321193884,0.0007301299641735823,0.0,1.771105611263171e-07,0.000729952853612456,1.0140514200226352,1.0147916297503905,-0.06233965789312268,0.9997056443116409,0.0010343256769776918,0.9986713186346632,False,False,False,-1.0
2024-09-12,2024-09-13 00:00:00,-0.20561484631210922,0.08158514418184964,0.0,-0.20561484631210922,0.08158514418184964,0.0,0.08158514418184964,0.20561484631210922,0.28719999049395883,-0.12402970213025957,True,1.0,0.0,0.0013967383572803804,-0.00017323704240739365,0.0,2.458904028201702e-07,-0.00017348293281021381,1.013868523919831,1.0136926350348174,-0.06335512129542864,0.9994396162706647,0.001435999952469794,0.9980036163181949,False,False,False,-1.0
2024-09-13,2024-09-14 00:00:00,-0.21142093034800521,0.08158514418184964,0.0,-0.21142093034800521,0.08158514418184964,0.0,0.08158514418184964,0.21142093034800521,0.29300607452985483,-0.12983578616615557,True,1.0,0.0,0.006680602006688963,-0.0008673812136016579,0.0,2.508613651796702e-07,-0.0008676320749668376,1.0098032238918073,1.0089270862253539,-0.06775845494147748,0.9983985567099063,0.0014650303726492743,0.9969335263372571,False,False,False,-1.0
2024-09-14,2024-09-15 00:00:00,-0.21187494567256113,0.08158514418184964,0.0,-0.21187494567256113,0.08158514418184964,0.0,0.08158514418184964,0.21187494567256113,0.29346008985441074,-0.13028980149071148,True,1.0,0.0,0.000835750251345857,-0.00010888973434366394,0.0,2.512500769301462e-07,-0.00010914098442059409,1.0083936015380726,1.0082835444677172,-0.06835308300790532,0.9996727889692643,0.0014673004492720537,0.9982054885199922,False,False,False,-1.0
2024-09-15,2024-09-16 00:00:00,-0.2039674604138859,0.0,0.0,-0.2039674604138859,0.0,0.0,0.0,0.2039674604138859,0.2039674604138859,-0.2039674604138859,False,1.0,0.0,-0.0013724189402107845,0.0002799288058587104,0.0,1.746296750118886e-07,0.00027975417618369855,1.0086533241125284,1.0089354990922703,-0.06775068151150454,0.9999659971158406,0.0010198373020694294,0.9989461598137711,False,False,False,-1.0
2024-09-16,2024-09-17 00:00:00,-0.2036533158509591,0.0,0.0,-0.2036533158509591,0.0,0.0,0.0,0.2036533158509591,0.2036533158509591,-0.2036533158509591,False,1.0,0.0,-0.000751255732692635,0.0001529957210148969,0.0,1.7436071562582114e-07,0.00015282136029927108,1.0192466128345437,1.0194023754883974,-0.05807936119839063,0.9996635908570539,0.0010182665792547955,0.9986453242777992,False,False,False,-1.0
2024-09-17,2024-09-18 00:00:00,-0.21038839303635373,0.0,0.0,-0.21038839303635373,0.0,0.0,0.0,0.21038839303635373,0.21038839303635373,-0.21038839303635373,False,1.0,0.0,0.0024767671670660185,-0.0005210830642042219,0.0,1.8012704883249463e-07,-0.0005212631912530544,1.011000025874366,1.010473028774522,-0.06633001487847934,0.9994504266932044,0.0010519419651817687,0.9983984847280226,False,False,False,-1.0
2024-09-18,2024-09-19 00:00:00,-0.19990248756446743,0.0,0.0,-0.19990248756446743,0.0,0.0,0.0,0.19990248756446743,0.19990248756446743,-0.19990248756446743,False,1.0,0.0,0.0013605620167715937,-0.00027197973163837027,0.0,1.7114939003807144e-07,-0.00027215088102840835,1.0182723894327461,1.017995265704835,-0.05937952076056752,0.9993172643317868,0.0009995124378223371,0.9983177518939644,False,False,False,-1.0
2024-09-19,2024-09-20 00:00:00,-0.19425188887810615,0.0,0.0,-0.19425188887810615,0.0,0.0,0.0,0.19425188887810615,0.19425188887810615,-0.19425188887810615,False,1.0,0.0,0.0013910716996927697,-0.0002702183052301981,0.0,1.663115486970087e-07,-0.00027038461677889513,1.0061965130780555,1.0059244530194626,-0.07053286694539784,0.9996315715733589,0.0009712594443905308,0.9986603121289683,False,False,False,-1.0
2024-09-20,2024-09-21 00:00:00,-0.19314593844108502,0.0,0.0,-0.19314593844108502,0.0,0.0,0.0,0.19314593844108502,0.19314593844108502,-0.19314593844108502,False,1.0,0.0,0.003448708301981407,-0.0006661040013957596,0.0,1.6536467332284674e-07,-0.0006662693660690825,0.9971562483092905,0.9964918736478576,-0.07924850406856265,0.9991732601245038,0.0009657296922054252,0.9982075304322984,False,False,False,-1.0
2024-09-21,2024-09-22 00:00:00,0.0,0.0,0.0,0.0,0.0,0.0,0.0,0.0,0.0,0.0,False,1.0,0.0,0.00010158234030099855,0.0,0.0,0.0,0.0,0.9963586455166973,0.9963586455166973,-0.07937160592650061,1.0,0.0,1.0,False,False,False,0.0
2024-09-22,2024-09-23 00:00:00,0.0,0.0,0.0,0.0,0.0,0.0,0.0,0.0,0.0,0.0,False,1.0,0.0,-0.0004665684280920068,-0.0,0.0,0.0,-0.0,0.9963586455166973,0.9963586455166973,-0.07937160592650061,1.0,0.0,1.0,False,False,False,0.0
2024-09-23,2024-09-24 00:00:00,0.0,0.0,0.0,0.0,0.0,0.0,0.0,0.0,0.0,0.0,False,1.0,0.0,-0.0006013318941205936,-0.0,0.0,0.0,-0.0,0.9963586455166973,0.9963586455166973,-0.07937160592650061,1.0,0.0,1.0,False,False,False,0.0
2024-09-24,2024-09-25 00:00:00,0.0,0.0,0.0,0.0,0.0,0.0,0.0,0.0,0.0,0.0,False,1.0,0.0,0.0010650157645319958,0.0,0.0,0.0,0.0,0.9963586455166973,0.9963586455166973,-0.07937160592650061,1.0,0.0,1.0,False,False,False,0.0
2024-09-25,2024-09-26 00:00:00,0.0,0.0,0.0,0.0,0.0,0.0,0.0,0.0,0.0,0.0,False,1.0,0.0,-0.00466130884041327,-0.0,0.0,0.0,-0.0,0.9963586455166973,0.9963586455166973,-0.07937160592650061,1.0,0.0,1.0,False,False,False,0.0
2024-09-26,2024-09-27 00:00:00,0.0,0.0,0.0,0.0,0.0,0.0,0.0,0.0,0.0,0.0,False,1.0,0.0,0.00033569577664538386,0.0,0.0,0.0,0.0,0.9963586455166973,0.9963586455166973,-0.07937160592650061,1.0,0.0,1.0,False,False,False,0.0
2024-09-27,2024-09-28 00:00:00,0.0,0.0,0.0,0.0,0.0,0.0,0.0,0.0,0.0,0.0,False,1.0,0.0,-0.0035754861992916,-0.0,0.0,0.0,-0.0,0.9963586455166973,0.9963586455166973,-0.07937160592650061,1.0,0.0,1.0,False,False,False,0.0
2024-09-28,2024-09-29 00:00:00,0.0,0.0,0.0,0.0,0.0,0.0,0.0,0.0,0.0,0.0,False,1.0,0.0,0.0005170495206052728,0.0,0.0,0.0,0.0,0.9963586455166973,0.9963586455166973,-0.07937160592650061,1.0,0.0,1.0,False,False,False,0.0
2024-09-29,2024-09-30 00:00:00,0.0,0.0,0.0,0.0,0.0,0.0,0.0,0.0,0.0,0.0,False,1.0,0.0,0.0001462898639879029,0.0,0.0,0.0,0.0,0.9963586455166973,0.9963586455166973,-0.07937160592650061,1.0,0.0,1.0,False,False,False,0.0
2024-09-30,2024-10-01 00:00:00,0.0,0.0,0.0,0.0,0.0,0.0,0.0,0.0,0.0,0.0,False,1.0,0.0,-0.0052107279693486275,-0.0,0.0,0.0,-0.0,0.9963586455166973,0.9963586455166973,-0.07937160592650061,1.0,0.0,1.0,False,False,False,0.0
2024-10-01,2024-10-02 00:00:00,0.0,0.0,0.0,0.0,0.0,0.0,0.0,0.0,0.0,0.0,False,1.0,0.0,-0.0024812425177498376,-0.0,0.0,0.0,-0.0,0.9963586455166973,0.9963586455166973,-0.07937160592650061,1.0,0.0,1.0,False,False,False,0.0
2024-10-02,2024-10-03 00:00:00,-0.1959806852742848,0.0,0.0,-0.1959806852742848,0.0,0.0,0.0,0.1959806852742848,0.1959806852742848,-0.1959806852742848,False,1.0,0.0,0.0009805118190324702,-0.00019216137821351903,0.0,1.6779168259784658e-07,-0.00019232916989611688,1.0011643625969424,1.0009718094861546,-0.0751090748028842,0.9995485320420566,0.0009799034263714241,0.9985686286156852,False,False,False,-1.0
2024-10-03,2024-10-04 00:00:00,-0.1934416822245312,0.0,0.0,-0.1934416822245312,0.0,0.0,0.0,0.1934416822245312,0.1934416822245312,-0.1934416822245312,False,1.0,0.0,0.010177875422459515,-0.0019688253431922797,0.0,1.6561787861689314e-07,-0.001968990961070897,1.01251038788457,1.010516764082835,-0.06628960376061777,0.9975099967343692,0.000967208411122656,0.9965427883232466,False,False,False,-1.0
2024-10-04,2024-10-05 00:00:00,-0.191314453253029,0.0,0.0,-0.191314453253029,0.0,0.0,0.0,0.191314453253029,0.191314453253029,-0.191314453253029,False,1.0,0.0,0.010804075779051736,-0.0020669758505735764,0.0,1.637966209358125e-07,-0.0020671396471945123,1.0062390128056728,1.0041589762477483,-0.07216415508891028,0.9978480695477897,0.0009565722662651451,0.9968914972815246,False,False,False,-1.0
2024-10-05,2024-10-06 00:00:00,-0.18458377865859749,0.0,0.0,-0.18458377865859749,0.0,0.0,0.0,0.18458377865859749,0.18458377865859749,-0.18458377865859749,False,1.0,0.0,0.0007997580006877669,-0.00014762235377939324,0.0,1.58034057070717e-07,-0.00014778038783646395,1.0044394627880213,1.0042910263346523,-0.07204214173559542,0.9996709424212531,0.0009229188932929874,0.9987480235279601,False,False,False,-1.0
2024-10-06,2024-10-07 00:00:00,-0.18056192842626603,0.0,0.0,-0.18056192842626603,0.0,0.0,0.0,0.18056192842626603,0.18056192842626603,-0.18056192842626603,False,1.0,0.0,-0.0005024612430809539,9.072537101015585e-05,0.0,1.545906921457757e-07,9.057078031801007e-05,1.001822938388812,1.0019136742740824,-0.07423879835067881,0.9999393618286344,0.0009028096421313302,0.9990365521865031,False,False,False,-1.0
2024-10-07,2024-10-08 00:00:00,-0.18511720415640612,0.0,0.0,-0.18511720415640612,0.0,0.0,0.0,0.18511720415640612,0.18511720415640612,-0.18511720415640612,False,1.0,0.0,-0.002575854687934531,0.00047683501814361237,0.0,1.584907569832244e-07,0.00047667652738662915,0.9992687549274909,0.9997450828875157,-0.07624256156847198,0.9999550682681028,0.0009255860207820306,0.9990294822473207,False,False,False,-1.0
2024-10-08,2024-10-09 00:00:00,-0.18980615775564402,0.0,0.0,-0.18980615775564402,0.0,0.0,0.0,0.18980615775564402,0.18980615775564402,-0.18980615775564402,False,1.0,0.0,0.0013202494816262345,-0.00025059148138635633,0.0,1.625052720510651e-07,-0.0002507539866584074,1.0041247078744602,1.0038729196008584,-0.07242846942253423,0.9995159367030854,0.0009490307887782202,0.9985669059143072,False,False,False,-1.0
2024-10-09,2024-10-10 00:00:00,-0.18949706996810706,0.0,0.0,-0.18949706996810706,0.0,0.0,0.0,0.18949706996810706,0.18949706996810706,-0.18949706996810706,False,1.0,0.0,-0.000125932816873342,2.3863899810328503e-05,0.0,1.6224064209598207e-07,2.3701659168232522e-05,1.0005173364942983,1.0005410504151997,-0.07550709316054105,0.9998581939669352,0.0009474853498405353,0.9989107086170946,False,False,False,-1.0
2024-10-10,2024-10-11 00:00:00,-0.1898833375838802,0.0,0.0,-0.1898833375838802,0.0,0.0,0.0,0.1898833375838802,0.1898833375838802,-0.1898833375838802,False,1.0,0.0,0.006461467640350493,-0.0012269250412399906,0.0,1.625713506711303e-07,-0.0012270876125906618,1.0060407607289032,1.0048062605736514,-0.07156606891567685,0.9987021893766124,0.000949416687919401,0.997752772688693,False,True,False,-1.0
2024-10-11,2024-10-12 00:00:00,-0.19037997703865844,0.0,0.0,-0.19037997703865844,0.0,0.0,0.0,0.19037997703865844,0.19037997703865844,-0.19037997703865844,False,1.0,0.0,0.003243021346469588,-0.0006174063294767593,0.0,1.629965556837829e-07,-0.000617569326032443,0.9996856417505121,0.9990682665624919,-0.07686793510157985,0.9990627861312384,0.0009518998851932922,0.9981108862460452,False,False,False,-1.0
2024-10-12,2024-10-13 00:00:00,-0.18843432701497045,0.0,0.0,-0.18843432701497045,0.0,0.0,0.0,0.18843432701497045,0.18843432701497045,-0.18843432701497045,False,1.0,0.0,0.002330086071353321,-0.0004390682007424195,0.0,1.6133075943062539e-07,-0.00043922953150185015,0.9972052649176242,0.9967672629163032,-0.07899404631773677,0.9994882287657668,0.0009421716350748523,0.998546057130692,False,False,False,-1.0
2024-10-13,2024-10-14 00:00:00,-0.1875668188505383,0.0,0.0,-0.1875668188505383,0.0,0.0,0.0,0.1875668188505383,0.1875668188505383,-0.1875668188505383,False,1.0,0.0,0.0006929097700276721,-0.00012996688131454852,0.0,1.6058802983778965e-07,-0.0001301274693443863,0.9993504192964048,0.9992203763553535,-0.07672738672077828,0.9995184236267457,0.0009378340942526915,0.998580589532493,False,False,False,-1.0
2024-10-14,2024-10-15 00:00:00,-0.18719839278463388,0.0,0.0,-0.18719839278463388,0.0,0.0,0.0,0.18719839278463388,0.18719839278463388,-0.18719839278463388,False,1.0,0.0,0.0004630648822221417,-8.668500170699071e-05,0.0,1.6027259656218653e-07,-8.68452743035529e-05,0.9849037833787746,0.9848182491395444,-0.09003485116602994,0.9994427820115159,0.0009359919639231694,0.9985067900475928,False,False,False,-1.0
2024-10-15,2024-10-16 00:00:00,0.0,0.0,0.0,0.0,0.0,0.0,0.0,0.0,0.0,0.0,False,1.0,0.0,-0.003122312525664195,-0.0,0.0,0.0,-0.0,0.9854665314673868,0.9854665314673868,-0.08943584284601058,1.0,0.0,1.0,False,False,False,0.0
2024-10-16,2024-10-17 00:00:00,0.0,0.0,0.0,0.0,0.0,0.0,0.0,0.0,0.0,0.0,False,1.0,0.0,-0.002081714965770365,-0.0,0.0,0.0,-0.0,0.9854665314673868,0.9854665314673868,-0.08943584284601058,1.0,0.0,1.0,False,False,False,0.0
2024-10-17,2024-10-18 00:00:00,0.0,0.0,0.0,0.0,0.0,0.0,0.0,0.0,0.0,0.0,False,1.0,0.0,0.0024997523111276454,0.0,0.0,0.0,0.0,0.9854665314673868,0.9854665314673868,-0.08943584284601058,1.0,0.0,1.0,False,False,False,0.0
2024-10-18,2024-10-19 00:00:00,0.0,0.0,0.0,0.0,0.0,0.0,0.0,0.0,0.0,0.0,False,1.0,0.0,-0.0009714440628952881,-0.0,0.0,0.0,-0.0,0.9854665314673868,0.9854665314673868,-0.08943584284601058,1.0,0.0,1.0,False,False,False,0.0
2024-10-19,2024-10-20 00:00:00,0.0,0.0,0.0,0.0,0.0,0.0,0.0,0.0,0.0,0.0,False,1.0,0.0,0.0009305457310269105,0.0,0.0,0.0,0.0,0.9854665314673868,0.9854665314673868,-0.08943584284601058,1.0,0.0,1.0,False,False,False,0.0
2024-10-20,2024-10-21 00:00:00,0.0,0.0,0.0,0.0,0.0,0.0,0.0,0.0,0.0,0.0,False,1.0,0.0,0.004233028006247697,0.0,0.0,0.0,0.0,0.9854665314673868,0.9854665314673868,-0.08943584284601058,1.0,0.0,1.0,False,False,False,0.0
2024-10-21,2024-10-22 00:00:00,0.0,0.0,0.0,0.0,0.0,0.0,0.0,0.0,0.0,0.0,False,1.0,0.0,0.005006769452330584,0.0,0.0,0.0,0.0,0.9854665314673868,0.9854665314673868,-0.08943584284601058,1.0,0.0,1.0,False,False,False,0.0
2024-10-22,2024-10-23 00:00:00,0.0,0.0,0.0,0.0,0.0,0.0,0.0,0.0,0.0,0.0,False,1.0,0.0,-0.001970091126222817,-0.0,0.0,0.0,-0.0,0.9854665314673868,0.9854665314673868,-0.08943584284601058,1.0,0.0,1.0,False,False,False,0.0
2024-10-23,2024-10-24 00:00:00,0.0,0.0,0.0,0.0,0.0,0.0,0.0,0.0,0.0,0.0,False,1.0,0.0,0.002050950339392843,0.0,0.0,0.0,0.0,0.9854665314673868,0.9854665314673868,-0.08943584284601058,1.0,0.0,1.0,False,False,False,0.0
2024-10-24,2024-10-25 00:00:00,0.0,0.0,0.0,0.0,0.0,0.0,0.0,0.0,0.0,0.0,False,1.0,0.0,-0.002759551839306318,-0.0,0.0,0.0,-0.0,0.9854665314673868,0.9854665314673868,-0.08943584284601058,1.0,0.0,1.0,False,False,False,0.0
2024-10-25,2024-10-26 00:00:00,0.0,0.0,0.0,0.0,0.0,0.0,0.0,0.0,0.0,0.0,False,1.0,0.0,-0.003528102480721773,-0.0,0.0,0.0,-0.0,0.9854665314673868,0.9854665314673868,-0.08943584284601058,1.0,0.0,1.0,False,False,False,0.0
2024-10-26,2024-10-27 00:00:00,0.0,0.0,0.0,0.0,0.0,0.0,0.0,0.0,0.0,0.0,False,1.0,0.0,-0.0013976808249566153,-0.0,0.0,0.0,-0.0,0.9854665314673868,0.9854665314673868,-0.08943584284601058,1.0,0.0,1.0,False,False,False,0.0
2024-10-27,2024-10-28 00:00:00,0.0,0.0,0.0,0.0,0.0,0.0,0.0,0.0,0.0,0.0,False,1.0,0.0,0.0009681432852062244,0.0,0.0,0.0,0.0,0.9854665314673868,0.9854665314673868,-0.08943584284601058,1.0,0.0,1.0,False,False,False,0.0
2024-10-28,2024-10-29 00:00:00,0.0,0.0,0.0,0.0,0.0,0.0,0.0,0.0,0.0,0.0,False,1.0,0.0,-0.003498746747321091,-0.0,0.0,0.0,-0.0,0.9854665314673868,0.9854665314673868,-0.08943584284601058,1.0,0.0,1.0,False,False,False,0.0
2024-10-29,2024-10-30 00:00:00,0.0,0.0,0.0,0.0,0.0,0.0,0.0,0.0,0.0,0.0,False,1.0,0.0,0.0039045322901030133,0.0,0.0,0.0,0.0,0.9854665314673868,0.9854665314673868,-0.08943584284601058,1.0,0.0,1.0,False,False,False,0.0
2024-10-30,2024-10-31 00:00:00,0.0,0.0,0.0,0.0,0.0,0.0,0.0,0.0,0.0,0.0,False,1.0,0.0,-0.00043586620025259926,-0.0,0.0,0.0,-0.0,0.9854665314673868,0.9854665314673868,-0.08943584284601058,1.0,0.0,1.0,False,False,False,0.0
2024-10-31,2024-11-01 00:00:00,0.0,0.0,0.0,0.0,0.0,0.0,0.0,0.0,0.0,0.0,False,1.0,0.0,-0.003503219384739853,-0.0,0.0,0.0,-0.0,0.9854665314673868,0.9854665314673868,-0.08943584284601058,1.0,0.0,1.0,False,False,False,0.0
2024-11-01,2024-11-02 00:00:00,0.0,0.0,0.0,0.0,0.0,0.0,0.0,0.0,0.0,0.0,False,1.0,0.0,-0.004982945748775114,-0.0,0.0,0.0,-0.0,0.9854665314673868,0.9854665314673868,-0.08943584284601058,1.0,0.0,1.0,False,False,False,0.0
2024-11-02,2024-11-03 00:00:00,0.0,0.0,0.0,0.0,0.0,0.0,0.0,0.0,0.0,0.0,False,1.0,0.0,0.0023720445090591458,0.0,0.0,0.0,0.0,0.9854665314673868,0.9854665314673868,-0.08943584284601058,1.0,0.0,1.0,False,False,False,0.0
2024-11-03,2024-11-04 00:00:00,0.0,0.0,0.0,0.0,0.0,0.0,0.0,0.0,0.0,0.0,False,1.0,0.0,0.005627714538605444,0.0,0.0,0.0,0.0,0.9854665314673868,0.9854665314673868,-0.08943584284601058,1.0,0.0,1.0,False,False,False,0.0
2024-11-04,2024-11-05 00:00:00,0.0,0.0,0.0,0.0,0.0,0.0,0.0,0.0,0.0,0.0,False,1.0,0.0,0.00258186863255383,0.0,0.0,0.0,0.0,0.9854665314673868,0.9854665314673868,-0.08943584284601058,1.0,0.0,1.0,False,False,False,0.0
2024-11-05,2024-11-06 00:00:00,0.0,0.0,0.0,0.0,0.0,0.0,0.0,0.0,0.0,0.0,False,1.0,0.0,-0.0025863336983346086,-0.0,0.0,0.0,-0.0,0.9854665314673868,0.9854665314673868,-0.08943584284601058,1.0,0.0,1.0,False,False,False,0.0
2024-11-06,2024-11-07 00:00:00,0.0,0.0,0.0,0.0,0.0,0.0,0.0,0.0,0.0,0.0,False,1.0,0.0,-0.0030047872239775675,-0.0,0.0,0.0,-0.0,0.9854665314673868,0.9854665314673868,-0.08943584284601058,1.0,0.0,1.0,False,False,False,0.0
2024-11-07,2024-11-08 00:00:00,0.0,0.0,0.0,0.0,0.0,0.0,0.0,0.0,0.0,0.0,False,1.0,0.0,0.006959080043564825,0.0,0.0,0.0,0.0,0.9854665314673868,0.9854665314673868,-0.08943584284601058,1.0,0.0,1.0,False,False,False,0.0
2024-11-08,2024-11-09 00:00:00,0.0,0.0,0.0,0.0,0.0,0.0,0.0,0.0,0.0,0.0,False,1.0,0.0,0.0005996122961402506,0.0,0.0,0.0,0.0,0.9854665314673868,0.9854665314673868,-0.08943584284601058,1.0,0.0,1.0,False,False,False,0.0
2024-11-09,2024-11-10 00:00:00,0.0,0.0,0.0,0.0,0.0,0.0,0.0,0.0,0.0,0.0,False,1.0,0.0,-0.0005324078638614393,-0.0,0.0,0.0,-0.0,0.9854665314673868,0.9854665314673868,-0.08943584284601058,1.0,0.0,1.0,False,False,False,0.0
2024-11-10,2024-11-11 00:00:00,0.0,0.0,0.0,0.0,0.0,0.0,0.0,0.0,0.0,0.0,False,1.0,0.0,0.0016874715375641003,0.0,0.0,0.0,0.0,0.9854665314673868,0.9854665314673868,-0.08943584284601058,1.0,0.0,1.0,False,False,False,0.0
2024-11-11,2024-11-12 00:00:00,0.16737917566990135,0.0,0.0,0.16737917566990135,0.0,0.0,0.16737917566990135,0.0,0.16737917566990135,0.16737917566990135,False,1.0,0.0,0.003602961677870997,0.0006030607556122921,0.0,1.4330408875847716e-07,0.0006029174515235336,0.9867606195591953,0.9873555547572037,-0.08769039858706129,0.9996420648460639,0.0008368958783495068,0.9988051689677144,False,False,False,1.0
2024-11-12,2024-11-13 00:00:00,0.1617975786538031,0.0,0.0,0.1617975786538031,0.0,0.0,0.1617975786538031,0.0,0.1617975786538031,0.1617975786538031,False,1.0,0.0,-0.0014324279654013283,-0.00023176337639792854,0.0,1.385253241898999e-07,-0.00023190190172211843,0.9889172895227953,0.9886879577227091,-0.08645926760033118,0.9994164912665631,0.0008089878932690154,0.9986075033732941,False,False,False,1.0
2024-11-13,2024-11-14 00:00:00,0.1618202132987118,0.0,0.0,0.1618202132987118,0.0,0.0,0.1618202132987118,0.0,0.1618202132987118,0.1618202132987118,False,1.0,0.0,0.0016399345236473017,0.0002653745544125277,0.0,1.385447031667053e-07,0.000265236009709361,0.9876943703652267,0.9879563424788347,-0.08713527494977169,0.9992654300316459,0.000809101066493559,0.9984563289651524,False,False,False,1.0
2024-11-14,2024-11-15 00:00:00,0.16314905458709628,0.0,0.0,0.16314905458709628,0.0,0.0,0.16314905458709628,0.0,0.16314905458709628,0.16314905458709628,False,1.0,0.0,-7.797676292475852e-05,-1.2721835150936494e-05,0.0,1.3968240974922626e-07,-1.286151756068572e-05,0.9764064883064607,0.9763939302372651,-0.09781886269347195,0.9987361580259323,0.0008157452729354814,0.9979204127529968,False,False,False,1.0
2024-11-15,2024-11-16 00:00:00,0.17694760597799766,0.0,0.0,0.08847380298899883,0.0,0.0,0.08847380298899883,0.0,0.08847380298899883,0.08847380298899883,False,0.5,0.0,0.0016795086691798744,0.00014859251911533583,0.0,7.57481189974305e-08,0.0001485167709963384,0.9724183331398137,0.9725627535707092,-0.10135884303871612,0.9999199128954342,0.00044236901494499416,0.9994775438804893,False,False,False,1.0
2024-11-16,2024-11-17 00:00:00,0.1611323601955806,0.0,0.0,0.1611323601955806,0.0,0.0,0.1611323601955806,0.0,0.1611323601955806,0.1611323601955806,False,1.0,0.0,-0.001039653067453461,-0.00016752175254335135,0.0,1.37955787838682e-07,-0.00016765970833119002,0.9765072064387612,0.9763434855253463,-0.09786547325316575,0.9987560002241044,0.0008056618009779031,0.9979503384231265,False,False,False,1.0
2024-11-17,2024-11-18 00:00:00,0.15994633209020873,0.0,0.0,0.07997316604510436,0.0,0.0,0.07997316604510436,0.0,0.07997316604510436,0.07997316604510436,False,0.5,0.0,-0.002672198472937093,-0.00021370417218167246,0.0,6.847017640847975e-08,-0.00021377264235808094,0.9725422238185626,0.9723343208975721,-0.10156991322510978,0.9996733026620634,0.0003998658302255218,0.9992734368318379,False,False,False,1.0
2024-11-18,2024-11-19 00:00:00,0.15734162539313162,0.0,0.0,0.07867081269656581,0.0,0.0,0.07867081269656581,0.0,0.07867081269656581,0.07867081269656581,False,0.5,0.0,0.0018417790693598945,0.00014489425619406755,0.0,6.735514785664881e-08,0.0001448269010462109,0.9736439617842549,0.9737849716219625,-0.10022952213926284,0.9998595506665325,0.0003933540634828291,0.9994661966030497,False,False,False,1.0
2024-11-19,2024-11-20 00:00:00,0.15609319306210678,0.0,0.0,0.07804659653105339,0.0,0.0,0.07804659653105339,0.0,0.07804659653105339,0.07804659653105339,False,0.5,0.0,0.000767012036932524,5.986267898093412e-05,0.0,6.682071620809366e-08,5.979585826472603e-05,0.9717218348111449,0.971779939752252,-0.10208215751165983,0.9998623496271721,0.00039023298265526696,0.9994721166445169,False,False,False,1.0
2024-11-20,2024-11-21 00:00:00,0.15585120484927414,0.0,0.0,0.07792560242463707,0.0,0.0,0.07792560242463707,0.0,0.07792560242463707,0.07792560242463707,False,0.5,0.0,0.004621917518030205,0.00036016570694948714,0.0,6.671712536355913e-08,0.0003600989898241236,0.9720536278412764,0.9724036633707168,-0.10150584126670448,0.9999854266085669,0.00038962801212318537,0.9995957985964438,False,False,False,1.0
2024-11-21,2024-11-22 00:00:00,0.15585339934922704,0.0,0.0,0.15585339934922704,0.0,0.0,0.15585339934922704,0.0,0.15585339934922704,0.15585339934922704,False,1.0,0.0,-0.0007073106038665289,-0.00011023676200835306,0.0,1.3343612957981769e-07,-0.00011037019813793287,0.9776112538453671,0.9775033546975782,-0.0967937622802425,0.999144581341392,0.0007792669967461352,0.9983653143446458,False,False,False,1.0
2024-11-22,2024-11-23 00:00:00,0.15635104352871954,0.0,0.0,0.15635104352871954,0.0,0.0,0.15635104352871954,0.0,0.15635104352871954,0.15635104352871954,False,1.0,0.0,-0.001112041998420743,-0.00017386892690084585,0.0,1.3386219480198588e-07,-0.00017400278909564785,0.9794807979648956,0.9793103655741842,-0.09512409691537738,0.9996328095143479,0.0007817552176435977,0.9988510542967043,False,False,False,1.0
2024-11-23,2024-11-24 00:00:00,0.15442187467201435,0.0,0.0,0.15442187467201435,0.0,0.0,0.15442187467201435,0.0,0.15442187467201435,0.15442187467201435,False,1.0,0.0,0.0012379566773010886,0.000191167590871572,0.0,1.322105091369986e-07,0.000191035380362435,0.9857617421301847,0.9859500574995393,-0.08898906818662822,0.9994585240508546,0.0007721093733600718,0.9986864146774945,False,False,False,1.0
2024-11-24,2024-11-25 00:00:00,0.15820825045822112,0.0,0.0,0.15820825045822112,0.0,0.0,0.15820825045822112,0.0,0.15820825045822112,0.15820825045822112,False,1.0,0.0,-0.005548532309112675,-0.00087782358923563,0.0,1.3545226922792903e-07,-0.0008779590415048579,0.9792721232366033,0.978412362421914,-0.09595384552414143,0.9989793170579071,0.0007910412522911057,0.998188275805616,False,False,False,1.0
2024-11-25,2024-11-26 00:00:00,0.15608522736857205,0.0,0.0,0.15608522736857205,0.0,0.0,0.15608522736857205,0.0,0.15608522736857205,0.15608522736857205,False,1.0,0.0,0.014947631368680492,0.0023331044408020944,0.0,1.336346124730925e-07,0.0023329708061896213,0.9862635201180052,0.9885644441176504,-0.08657339330434666,0.9994303223442346,0.0007804261368428603,0.9986498962073918,False,False,False,1.0
2024-11-26,2024-11-27 00:00:00,0.14887941083626782,0.0,0.0,0.14887941083626782,0.0,0.0,0.14887941083626782,0.0,0.14887941083626782,0.14887941083626782,False,1.0,0.0,-0.0074118674172862775,-0.001103474454282111,0.0,1.2746524900365395e-07,-0.0011036019195311147,0.9802822134371906,0.9792003721047591,-0.09522573010897795,0.9988708505403007,0.0007443970541813392,0.9981264534861193,False,False,False,1.0
2024-11-27,2024-11-28 00:00:00,0.14573403530296786,0.0,0.0,0.14573403530296786,0.0,0.0,0.14573403530296786,0.0,0.14573403530296786,0.14573403530296786,False,1.0,0.0,-0.004008633980881915,-0.0005841944060865215,0.0,1.247722904991163e-07,-0.0005843191783770206,0.9905990803285036,0.9900202542877851,-0.08522823492685105,0.9993834071446434,0.0007286701765148393,0.9986547369681286,False,False,False,1.0
2024-11-28,2024-11-29 00:00:00,0.13611593618954074,0.0,0.0,0.13611593618954074,0.0,0.0,0.13611593618954074,0.0,0.13611593618954074,0.13611593618954074,False,1.0,0.0,-0.0027497811714575215,-0.00037428903846931257,0.0,1.1653761660063418e-07,-0.0003744055760859132,0.9900972465713805,0.9897265486413969,-0.085499616882316,0.9994252329427274,0.0006805796809477037,0.9987446532617797,False,False,False,1.0
2024-11-29,2024-11-30 00:00:00,0.13034705354644438,0.0,0.0,0.13034705354644438,0.0,0.0,0.13034705354644438,0.0,0.13034705354644438,0.13034705354644438,False,1.0,0.0,-0.0020710108189605503,-0.0002699501581143165,0.0,1.1159850474866813e-07,-0.00027006175661906513,0.9925984255140524,0.9923303626396408,-0.08309371102657237,0.999727778642116,0.0006517352677322219,0.9990760433743838,False,False,False,1.0
2024-11-30,2024-12-01 00:00:00,0.13311863810521699,0.0,0.0,0.13311863810521699,0.0,0.0,0.13311863810521699,0.0,0.13311863810521699,0.13311863810521699,False,1.0,0.0,-0.0006499704929714412,-8.652318683293475e-05,0.0,1.1397143673391863e-07,-8.663715826966867e-05,0.9946594282790447,0.9945732538127325,-0.0810212953276106,0.9998735404544851,0.000665593190526085,0.999207947263959,False,False,False,1.0
2024-12-01,2024-12-02 00:00:00,0.1329926156138347,0.0,0.0,0.1329926156138347,0.0,0.0,0.1329926156138347,0.0,0.1329926156138347,0.1329926156138347,False,1.0,0.2198865384451953,-0.0014941759271656085,-0.00019871436474098086,0.00010994326922259765,1.1386354076526944e-07,-0.00030877149750434377,0.9943097150636753,0.994002700563972,-0.08154848252421232,0.9994123873777784,0.0006649630780691736,0.9987474242997092,False,False,False,1.0
2024-12-02,2024-12-03 00:00:00,0.13781346709439019,0.0,-0.0715802359120632,0.13781346709439019,0.0,-0.0715802359120632,0.13781346709439019,0.0715802359120632,0.20939370300645338,0.06623323118232699,True,1.0,0.0,-6.807036842404468e-05,-4.508520448495922e-06,0.0,1.7927543065621008e-07,-4.6877958791521324e-06,0.9908625167310239,0.9908578717698011,-0.08445428225349771,0.9993999106182464,0.001046968515032267,0.9983529421032141,False,False,False,1.0
2024-12-03,2024-12-04 00:00:00,0.14010279003468226,0.0,-0.0715802359120632,0.14010279003468226,0.0,-0.0715802359120632,0.14010279003468226,0.0715802359120632,0.21168302594674546,0.06852255412261907,True,1.0,0.0,-0.0007440372130492756,-5.098333020041164e-05,0.0,1.8123546742015878e-07,-5.1164565667831796e-05,0.9890515593201601,0.9890009549267045,-0.08617006038106301,0.9992838348238068,0.0010584151297337273,0.9982254196940731,False,False,False,1.0
2024-12-04,2024-12-05 00:00:00,0.13928104219532517,0.0,0.0,0.13928104219532517,0.0,0.0,0.13928104219532517,0.0,0.13928104219532517,0.13928104219532517,False,1.0,0.0,-0.002603983207178473,-0.00036268549495494304,0.0,1.1924746763298387e-07,-0.00036280474242257604,0.9946966663153405,0.9943357856475293,-0.0812407142452446,0.9993039461605095,0.0006964052109766258,0.998607540949533,False,False,False,1.0
2024-12-05,2024-12-06 00:00:00,0.1382395591575277,0.0,0.0,0.1382395591575277,0.0,0.0,0.1382395591575277,0.0,0.1382395591575277,0.1382395591575277,False,1.0,0.0,0.0023970307747820385,0.00033136447759289607,0.0,1.183557869499381e-07,0.00033124612180594613,0.9964506437501999,0.9967807141615131,-0.07898161746158983,0.9997914426986304,0.0006911977957876385,0.9991002449028428,False,False,False,1.0
2024-12-06,2024-12-07 00:00:00,0.13407911345227932,0.0,0.0,0.13407911345227932,0.0,0.0,0.13407911345227932,0.0,0.13407911345227932,0.13407911345227932,False,1.0,0.0,-0.006170075135592423,-0.0008272782041141843,0.0,1.1479376151736243e-07,-0.0008273929978757017,1.0013121795103876,1.000483700824373,-0.07556008377987389,0.9988550389173192,0.0006703955672613967,0.9981846433500577,False,False,False,1.0
2024-12-07,2024-12-08 00:00:00,0.13443968692139988,0.0,0.0,0.13443968692139988,0.0,0.0,0.13443968692139988,0.0,0.13443968692139988,0.13443968692139988,False,1.0,0.0,0.001257512575125741,0.00016905959689962797,0.0,1.1510247167928073e-07,0.0001689444944279487,1.0006812781992651,1.000850337791894,-0.07522131379565622,0.9999259423302959,0.0006721984346069994,0.9992537438956889,False,False,False,1.0
2024-12-08,2024-12-09 00:00:00,0.14016587939384723,0.0,0.0,0.14016587939384723,0.0,0.0,0.14016587939384723,0.0,0.14016587939384723,0.14016587939384723,False,1.0,0.0,0.0007044354363614502,9.873781241379117e-05,0.0,1.2000503372760893e-07,9.861780738006357e-05,1.0003071885773467,1.0004058366789907,-0.07563202970360494,0.9998744372937858,0.0007008293969692362,0.9991736078968165,False,False,False,1.0
2024-12-09,2024-12-10 00:00:00,0.1476768481141341,0.0,0.0,0.1476768481141341,0.0,0.0,0.1476768481141341,0.0,0.1476768481141341,0.1476768481141341,False,1.0,0.0,-0.00023261953115394363,-3.4352519170602016e-05,0.0,1.264356576319641e-07,-3.447895482823398e-05,0.9941947602299062,0.9941604814336777,-0.08140269410821732,0.9992159413572017,0.0007383842405706705,0.998477557116631,False,False,False,1.0
2024-12-10,2024-12-11 00:00:00,0.14808023831300737,0.0,0.0,0.14808023831300737,0.0,0.0,0.14808023831300737,0.0,0.14808023831300737,0.14808023831300737,False,1.0,0.0,-0.006326347063622562,-0.0009368069808320233,0.0,1.2678102595291727e-07,-0.0009369337618579763,0.9850767023073039,0.9841537506868925,-0.09064884307153709,0.9985311643872296,0.0007404011915650369,0.9977907631956645,False,False,False,1.0
2024-12-11,2024-12-12 00:00:00,0.14429861828618393,0.0,0.0,0.14429861828618393,0.0,0.0,0.14429861828618393,0.0,0.14429861828618393,0.14429861828618393,False,1.0,0.0,-0.001563241419307304,-0.00022557357685377706,0.0,1.235433375737876e-07,-0.00022569712019135084,0.9929915835082953,0.9927674681675231,-0.08268982858726626,0.9996149178398395,0.0007214930914309196,0.9988934247484086,False,False,False,1.0
2024-12-12,2024-12-13 00:00:00,0.13873391521834566,0.0,0.0,0.13873391521834566,0.0,0.0,0.13873391521834566,0.0,0.13873391521834566,0.13873391521834566,False,1.0,0.0,-0.002793816822354578,-0.0003875971461681279,0.0,1.1877903700200827e-07,-0.0003877159252051299,0.9992983739191373,0.9989109300255373,-0.0770133129572319,0.9993260423590945,0.0006936695760917283,0.9986323727830028,False,False,False,1.0
2024-12-13,2024-12-14 00:00:00,0.13407186927785167,0.0,0.0,0.13407186927785167,0.0,0.0,0.13407186927785167,0.0,0.13407186927785167,0.13407186927785167,False,1.0,0.0,-0.010875679252726589,-0.0014581226470794027,0.0,1.1478755931322915e-07,-0.001458237434638716,0.9979628360522148,0.9965075692863052,-0.07923400140881964,0.9982967515518806,0.0006703593463892584,0.9976263922054913,False,False,False,1.0
2024-12-14,2024-12-15 00:00:00,0.13197243344529383,0.0,0.0,0.13197243344529383,0.0,0.0,0.13197243344529383,0.0,0.13197243344529383,0.13197243344529383,False,1.0,0.0,0.0007257099476305484,9.577370776426022e-05,0.0,1.1299009712782005e-07,9.56607176671324e-05,0.99651399226054,0.9966093195042051,-0.07913998492176122,0.9998341509482399,0.0006598621672264692,0.9991742887810134,False,False,False,1.0
2024-12-15,2024-12-16 00:00:00,0.1312596889054206,0.0,0.0,0.1312596889054206,0.0,0.0,0.1312596889054206,0.0,0.1312596889054206,0.1312596889054206,False,1.0,0.0,-0.0004362632258329002,-5.726377530370174e-05,0.0,1.1237987063820258e-07,-5.7376155174339945e-05,0.9968911640030024,0.9968339662208846,-0.07893241293255715,0.9998200119965284,0.0006562984445271031,0.9991637135520013,False,False,False,1.0
2024-12-16,2024-12-17 00:00:00,0.14086566346210944,0.0,0.0,0.14086566346210944,0.0,0.0,0.14086566346210944,0.0,0.14086566346210944,0.14086566346210944,False,1.0,0.0,-8.878831850145374e-05,-1.2507225393392368e-05,0.0,1.206041639230389e-07,-1.2627829557315406e-05,0.9985397273890376,0.998527117999554,-0.07736795257490081,0.9995742763831638,0.0007043283173105472,0.9988699480658532,False,False,False,1.0
2024-12-17,2024-12-18 00:00:00,0.1419336978617899,0.0,0.0,0.1419336978617899,0.0,0.0,0.1419336978617899,0.0,0.1419336978617899,0.1419336978617899,False,1.0,0.0,-0.004360850934738925,-0.0006189516989915385,0.0,1.2151857693646394e-07,-0.000619073217568475,0.9990785652820705,0.9984600625000576,-0.07742991138570943,0.998530540969904,0.0007096684893089495,0.997820872480595,False,False,False,1.0
2024-12-18,2024-12-19 00:00:00,0.14353634188669107,0.0,0.0,0.14353634188669107,0.0,0.0,0.14353634188669107,0.0,0.14353634188669107,0.14353634188669107,False,1.0,0.0,-0.0006304192804952313,-9.048807737712531e-05,0.0,1.228907036701122e-07,-9.061096808079543e-05,0.9960017700961374,0.9959115214115388,-0.07978474546087988,0.9996497920886241,0.0007176817094334553,0.9989321103791907,False,False,False,1.0
2024-12-19,2024-12-20 00:00:00,0.14459650937071084,0.0,0.0,0.14459650937071084,0.0,0.0,0.14459650937071084,0.0,0.14459650937071084,0.14459650937071084,False,1.0,0.0,0.0042238530988354395,0.0006107544141862646,0.0,1.2379838131054008e-07,0.000610630615804954,0.985704633674274,0.9863065351017363,-0.08865968538465185,0.999477118640529,0.0007229825468535541,0.9987541360936755,False,False,False,1.0
2024-12-20,2024-12-21 00:00:00,0.0,0.0,0.0,0.0,0.0,0.0,0.0,0.0,0.0,0.0,False,1.0,0.0,-0.004567341736298025,-0.0,0.0,0.0,-0.0,0.9859127047456163,0.9859127047456163,-0.0890235818690388,1.0,0.0,1.0,False,False,False,0.0
2024-12-21,2024-12-22 00:00:00,0.0,0.0,0.0,0.0,0.0,0.0,0.0,0.0,0.0,0.0,False,1.0,0.0,0.0006788465511644581,0.0,0.0,0.0,0.0,0.9859127047456163,0.9859127047456163,-0.0890235818690388,1.0,0.0,1.0,False,False,False,0.0
2024-12-22,2024-12-23 00:00:00,0.0,0.0,0.0,0.0,0.0,0.0,0.0,0.0,0.0,0.0,False,1.0,0.0,0.0025988220292672004,0.0,0.0,0.0,0.0,0.9859127047456163,0.9859127047456163,-0.0890235818690388,1.0,0.0,1.0,False,False,False,0.0
2024-12-23,2024-12-24 00:00:00,0.0,0.0,0.0,0.0,0.0,0.0,0.0,0.0,0.0,0.0,False,1.0,0.0,-0.0035870513525919634,-0.0,0.0,0.0,-0.0,0.9859127047456163,0.9859127047456163,-0.0890235818690388,1.0,0.0,1.0,False,False,False,0.0
2024-12-24,2024-12-25 00:00:00,0.0,0.0,0.0,0.0,0.0,0.0,0.0,0.0,0.0,0.0,False,1.0,0.0,-0.0020281947638295383,-0.0,0.0,0.0,-0.0,0.9859127047456163,0.9859127047456163,-0.0890235818690388,1.0,0.0,1.0,False,False,False,0.0
2024-12-25,2024-12-26 00:00:00,0.0,0.0,0.0,0.0,0.0,0.0,0.0,0.0,0.0,0.0,False,1.0,0.0,-0.0007739025112992737,-0.0,0.0,0.0,-0.0,0.9859127047456163,0.9859127047456163,-0.0890235818690388,1.0,0.0,1.0,False,False,False,0.0
2024-12-26,2024-12-27 00:00:00,0.0,0.0,0.0,0.0,0.0,0.0,0.0,0.0,0.0,0.0,False,1.0,0.0,0.0005714576358408774,0.0,0.0,0.0,0.0,0.9859127047456163,0.9859127047456163,-0.0890235818690388,1.0,0.0,1.0,False,False,False,0.0
2024-12-27,2024-12-28 00:00:00,0.0,0.0,0.0,0.0,0.0,0.0,0.0,0.0,0.0,0.0,False,1.0,0.0,0.0034483902986492954,0.0,0.0,0.0,0.0,0.9859127047456163,0.9859127047456163,-0.0890235818690388,1.0,0.0,1.0,False,False,False,0.0
2024-12-28,2024-12-29 00:00:00,0.0,0.0,0.0,0.0,0.0,0.0,0.0,0.0,0.0,0.0,False,1.0,0.0,-0.0026617005276028394,-0.0,0.0,0.0,-0.0,0.9859127047456163,0.9859127047456163,-0.0890235818690388,1.0,0.0,1.0,False,False,False,0.0
2024-12-29,2024-12-30 00:00:00,0.0,0.0,0.0,0.0,0.0,0.0,0.0,0.0,0.0,0.0,False,1.0,0.0,-0.0006635267632335573,-0.0,0.0,0.0,-0.0,0.9859127047456163,0.9859127047456163,-0.0890235818690388,1.0,0.0,1.0,False,False,False,0.0
2024-12-30,2024-12-31 00:00:00,0.0,0.0,0.0,0.0,0.0,0.0,0.0,0.0,0.0,0.0,False,1.0,0.0,-0.0023560413702856664,-0.0,0.0,0.0,-0.0,0.9859127047456163,0.9859127047456163,-0.0890235818690388,1.0,0.0,1.0,False,False,False,0.0
2024-12-31,2025-01-01 00:00:00,0.0,0.0,0.0,0.0,0.0,0.0,0.0,0.0,0.0,0.0,False,1.0,0.0,-0.001310665835798197,-0.0,0.0,0.0,-0.0,0.9859127047456163,0.9859127047456163,-0.0890235818690388,1.0,0.0,1.0,False,False,False,0.0
2025-01-01,2025-01-02 00:00:00,0.0,0.0,0.0,0.0,0.0,0.0,0.0,0.0,0.0,0.0,False,1.0,0.0,0.0016247681569334649,0.0,0.0,0.0,0.0,0.9859127047456163,0.9859127047456163,-0.0890235818690388,1.0,0.0,1.0,False,False,False,0.0
2025-01-02,2025-01-03 00:00:00,0.0,0.0,0.0,0.0,0.0,0.0,0.0,0.0,0.0,0.0,False,1.0,0.0,0.0001963717432611478,0.0,0.0,0.0,0.0,0.9859127047456163,0.9859127047456163,-0.0890235818690388,1.0,0.0,1.0,False,False,False,0.0
2025-01-03,2025-01-04 00:00:00,0.0,0.0,0.0,0.0,0.0,0.0,0.0,0.0,0.0,0.0,False,1.0,0.0,0.0030668805042064484,0.0,0.0,0.0,0.0,0.9859127047456163,0.9859127047456163,-0.0890235818690388,1.0,0.0,1.0,False,False,False,0.0
2025-01-04,2025-01-05 00:00:00,0.149788552646275,0.0,0.0,0.149788552646275,0.0,0.0,0.149788552646275,0.0,0.149788552646275,0.149788552646275,False,1.0,0.0,0.0012071094584658049,0.0001808111786692217,0.0,1.2824362384098887e-07,0.0001806829350453807,0.9865316421593331,0.9867098915919537,-0.08828698681923175,0.9995164616396123,0.000748942763231375,0.9987675188763809,False,False,False,1.0
2025-01-05,2025-01-06 00:00:00,0.158405726648358,0.0,0.0,0.158405726648358,0.0,0.0,0.158405726648358,0.0,0.158405726648358,0.158405726648358,False,1.0,0.0,-0.00036630742832899355,-5.802519436114554e-05,0.0,1.356213413085257e-07,-5.816081570245407e-05,0.987677801610702,0.9876203574641091,-0.08744572274478135,0.9998986474982694,0.00079202863324179,0.9991066188650276,False,False,False,1.0
2025-01-06,2025-01-07 00:00:00,0.1588403330252326,0.0,0.0,0.1588403330252326,0.0,0.0,0.1588403330252326,0.0,0.1588403330252326,0.1588403330252326,False,1.0,0.0,0.006914403426031335,0.0010982861428616264,0.0,1.3599343580927448e-07,0.001098150149425817,0.987877091607318,0.9889619289830809,-0.08620612007901118,0.9998160270081314,0.0007942016651261629,0.9990218253430053,False,False,False,1.0
2025-01-07,2025-01-08 00:00:00,0.1608267643680214,0.0,0.0,0.1608267643680214,0.0,0.0,0.1608267643680214,0.0,0.1608267643680214,0.1608267643680214,False,1.0,0.0,0.0029491688442617736,0.0004743052827975983,0.0,1.3769414757536078e-07,0.00047416758865002293,0.9774025324299983,0.977865985031941,-0.09645869439693666,0.9988900438543555,0.000804133821840107,0.9980859100325155,False,False,False,1.0
2025-01-08,2025-01-09 00:00:00,0.1592013068010483,0.0,0.0,0.07960065340052415,0.0,0.0,0.07960065340052415,0.0,0.07960065340052415,0.07960065340052415,False,0.5,0.0,0.0026386093540349265,0.00021003502864991509,0.0,6.815124434976383e-08,0.00020996687740556532,0.972394065341373,0.9725982358868804,-0.10132605762765778,0.9998883581899496,0.00039800326700262077,0.999490354922947,False,False,False,1.0
2025-01-09,2025-01-10 00:00:00,0.14924106310230942,0.0,0.0,0.07462053155115471,0.0,0.0,0.07462053155115471,0.0,0.07462053155115471,0.07462053155115471,False,0.5,0.0,0.005571891021079356,0.0004157774697380477,0.0,6.388744139653656e-08,0.0004157135822966512,0.9716447734541296,0.972048699383622,-0.10183382549895204,0.9999522572831484,0.00037310265775577356,0.9995791546253926,False,False,False,1.0
2025-01-10,2025-01-11 00:00:00,0.15048811142856222,0.0,0.0,0.07524405571428111,0.0,0.0,0.07524405571428111,0.0,0.07524405571428111,0.07524405571428111,False,0.5,0.0,-0.005354477440394301,-0.0004028925988458901,0.0,6.442128057729547e-08,-0.0004029570201264674,0.9708131644221399,0.9704219684423048,-0.10333691346916574,0.9995511496615163,0.00037622027857140555,0.9991749293829448,False,False,False,1.0
2025-01-11,2025-01-12 00:00:00,0.0,0.0,0.0,0.0,0.0,0.0,0.0,0.0,0.0,0.0,False,0.5,0.0,-0.0006536886059631541,-0.0,0.0,0.0,-0.0,0.9703624472247363,0.9703624472247363,-0.10339191065636322,1.0,0.0,1.0,False,False,False,0.0
2025-01-12,2025-01-13 00:00:00,0.0,0.0,0.0,0.0,0.0,0.0,0.0,0.0,0.0,0.0,False,0.5,0.0,0.0005938115698855828,0.0,0.0,0.0,0.0,0.9703624472247363,0.9703624472247363,-0.10339191065636322,1.0,0.0,1.0,False,False,False,0.0
2025-01-13,2025-01-14 00:00:00,0.0,0.0,0.0,0.0,0.0,0.0,0.0,0.0,0.0,0.0,False,0.5,0.0,-0.006008698430500559,-0.0,0.0,0.0,-0.0,0.9703624472247363,0.9703624472247363,-0.10339191065636322,1.0,0.0,1.0,False,False,False,0.0
2025-01-14,2025-01-15 00:00:00,0.0,0.0,0.0,0.0,0.0,0.0,0.0,0.0,0.0,0.0,False,0.5,0.0,-0.004177015830329811,-0.0,0.0,0.0,-0.0,0.9703624472247363,0.9703624472247363,-0.10339191065636322,1.0,0.0,1.0,False,False,False,0.0
2025-01-15,2025-01-16 00:00:00,0.0,0.0,0.0,0.0,0.0,0.0,0.0,0.0,0.0,0.0,False,0.5,0.0,-0.0013326944386211625,-0.0,0.0,0.0,-0.0,0.9703624472247363,0.9703624472247363,-0.10339191065636322,1.0,0.0,1.0,False,False,False,0.0
2025-01-16,2025-01-17 00:00:00,0.0,0.0,0.0,0.0,0.0,0.0,0.0,0.0,0.0,0.0,False,0.5,0.0,0.008502243563559553,0.0,0.0,0.0,0.0,0.9703624472247363,0.9703624472247363,-0.10339191065636322,1.0,0.0,1.0,False,False,False,0.0
2025-01-17,2025-01-18 00:00:00,0.0,0.0,0.0,0.0,0.0,0.0,0.0,0.0,0.0,0.0,False,0.5,0.0,0.000508710944009616,0.0,0.0,0.0,0.0,0.9703624472247363,0.9703624472247363,-0.10339191065636322,1.0,0.0,1.0,False,False,False,0.0
2025-01-18,2025-01-19 00:00:00,0.0,0.0,0.0,0.0,0.0,0.0,0.0,0.0,0.0,0.0,False,0.5,0.0,-0.007292457558197185,-0.0,0.0,0.0,-0.0,0.9703624472247363,0.9703624472247363,-0.10339191065636322,1.0,0.0,1.0,False,False,False,0.0
2025-01-19,2025-01-20 00:00:00,0.0,0.0,0.0,0.0,0.0,0.0,0.0,0.0,0.0,0.0,False,0.5,0.0,0.0005054236987556138,0.0,0.0,0.0,0.0,0.9703624472247363,0.9703624472247363,-0.10339191065636322,1.0,0.0,1.0,False,False,False,0.0
2025-01-20,2025-01-21 00:00:00,0.0,0.0,0.0,0.0,0.0,0.0,0.0,0.0,0.0,0.0,False,0.5,0.0,-0.006509924209711193,-0.0,0.0,0.0,-0.0,0.9703624472247363,0.9703624472247363,-0.10339191065636322,1.0,0.0,1.0,False,False,False,0.0
2025-01-21,2025-01-22 00:00:00,0.0,0.0,0.0,0.0,0.0,0.0,0.0,0.0,0.0,0.0,False,0.5,0.0,0.0006893117207285027,0.0,0.0,0.0,0.0,0.9703624472247363,0.9703624472247363,-0.10339191065636322,1.0,0.0,1.0,False,False,False,0.0
2025-01-22,2025-01-23 00:00:00,0.0,0.0,0.0,0.0,0.0,0.0,0.0,0.0,0.0,0.0,False,0.5,0.0,-0.0005638954507353189,-0.0,0.0,0.0,-0.0,0.9703624472247363,0.9703624472247363,-0.10339191065636322,1.0,0.0,1.0,False,False,False,0.0
2025-01-23,2025-01-24 00:00:00,0.0,0.0,0.0,0.0,0.0,0.0,0.0,0.0,0.0,0.0,False,0.5,0.0,0.0008106664046330092,0.0,0.0,0.0,0.0,0.9703624472247363,0.9703624472247363,-0.10339191065636322,1.0,0.0,1.0,False,False,False,0.0
2025-01-24,2025-01-25 00:00:00,0.0,0.0,0.0,0.0,0.0,0.0,0.0,0.0,0.0,0.0,False,0.5,0.0,0.006190900981266845,0.0,0.0,0.0,0.0,0.9703624472247363,0.9703624472247363,-0.10339191065636322,1.0,0.0,1.0,False,False,False,0.0
2025-01-25,2025-01-26 00:00:00,0.0,0.0,0.0,0.0,0.0,0.0,0.0,0.0,0.0,0.0,False,0.5,0.0,0.0002189568654975549,0.0,0.0,0.0,0.0,0.9703624472247363,0.9703624472247363,-0.10339191065636322,1.0,0.0,1.0,False,False,False,0.0
2025-01-26,2025-01-27 00:00:00,0.0,0.0,0.0,0.0,0.0,0.0,0.0,0.0,0.0,0.0,False,0.5,0.0,0.000534181585523319,0.0,0.0,0.0,0.0,0.9703624472247363,0.9703624472247363,-0.10339191065636322,1.0,0.0,1.0,False,False,False,0.0
2025-01-27,2025-01-28 00:00:00,0.0,0.0,0.0,0.0,0.0,0.0,0.0,0.0,0.0,0.0,False,0.5,0.0,-0.0035616499343321673,-0.0,0.0,0.0,-0.0,0.9703624472247363,0.9703624472247363,-0.10339191065636322,1.0,0.0,1.0,False,False,False,0.0
2025-01-28,2025-01-29 00:00:00,0.0,0.0,0.0,0.0,0.0,0.0,0.0,0.0,0.0,0.0,False,0.5,0.0,-0.0026738135540090857,-0.0,0.0,0.0,-0.0,0.9703624472247363,0.9703624472247363,-0.10339191065636322,1.0,0.0,1.0,False,False,False,0.0
2025-01-29,2025-01-30 00:00:00,0.0,0.0,0.0,0.0,0.0,0.0,0.0,0.0,0.0,0.0,False,0.5,0.0,0.0007067479910931596,0.0,0.0,0.0,0.0,0.9703624472247363,0.9703624472247363,-0.10339191065636322,1.0,0.0,1.0,False,False,False,0.0
2025-01-30,2025-01-31 00:00:00,0.0,0.0,0.0,0.0,0.0,0.0,0.0,0.0,0.0,0.0,False,0.5,0.0,-0.0030252368442003075,-0.0,0.0,0.0,-0.0,0.9703624472247363,0.9703624472247363,-0.10339191065636322,1.0,0.0,1.0,False,False,False,0.0
2025-01-31,2025-02-01 00:00:00,0.0,0.0,0.0,0.0,0.0,0.0,0.0,0.0,0.0,0.0,False,0.5,0.0,0.007764929333556658,0.0,0.0,0.0,0.0,0.9703624472247363,0.9703624472247363,-0.10339191065636322,1.0,0.0,1.0,False,False,False,0.0
2025-02-01,2025-02-02 00:00:00,0.0,0.0,0.0,0.0,0.0,0.0,0.0,0.0,0.0,0.0,False,0.5,0.0,-0.0014035626535626733,-0.0,0.0,0.0,-0.0,0.9703624472247363,0.9703624472247363,-0.10339191065636322,1.0,0.0,1.0,False,False,False,0.0
2025-02-02,2025-02-03 00:00:00,0.0,0.0,0.0,0.0,0.0,0.0,0.0,0.0,0.0,0.0,False,0.5,0.0,0.0023717498243147617,0.0,0.0,0.0,0.0,0.9703624472247363,0.9703624472247363,-0.10339191065636322,1.0,0.0,1.0,False,False,False,0.0
2025-02-03,2025-02-04 00:00:00,-0.15503752021132333,0.0,0.0,-0.15503752021132333,0.0,0.0,0.0,0.15503752021132333,0.15503752021132333,-0.15503752021132333,False,1.0,0.0,-0.0014312659491845237,0.00022189992352447446,0.0,1.3273760292065352e-07,0.0002217671859215538,0.976088812668964,0.976305277138159,-0.09790077753470605,0.9986311977082551,0.0007751876010566167,0.9978560101071985,False,False,False,-1.0
2025-02-04,2025-02-05 00:00:00,-0.15176924174200646,0.0,0.0,-0.07588462087100323,0.0,0.0,0.0,0.07588462087100323,0.07588462087100323,-0.07588462087100323,False,0.5,0.0,-0.0001943746535452151,1.4750046891211252e-05,0.0,6.496970964983154e-08,1.468507718156142e-05,0.9708085176170951,0.9708227740151049,-0.10296657193353187,0.9991296822637091,0.00037942310435501615,0.9987502591593541,False,False,False,-1.0
2025-02-05,2025-02-06 00:00:00,-0.12711517097190048,0.04839253218138255,0.0,-0.06355758548595024,0.024196266090691275,0.0,0.024196266090691275,0.06355758548595024,0.0877538515766415,-0.03936131939525896,True,0.5,0.0,0.00013341795156573966,-5.251506604640269e-06,0.0,7.513172224027525e-08,-5.326638326880544e-06,0.9705813965826088,0.9705762266465424,-0.1031943799713344,0.9998125964024579,0.00043876925788320756,0.9993738271445747,False,False,False,-1.0
2025-02-06,2025-02-07 00:00:00,-0.12566274005926695,0.04839253218138255,0.0,-0.06283137002963347,0.024196266090691275,0.0,0.024196266090691275,0.06283137002963347,0.08702763612032474,-0.0386351039389422,True,0.5,0.0,-0.0028708416098824907,0.00011091526399005017,0.0,7.450996243178488e-08,0.0001108407540276184,0.97136209933183,0.9714697658393537,-0.10236875602977369,0.9996206052382428,0.0004351381806016237,0.9991854670576412,False,False,False,-1.0
2025-02-07,2025-02-08 00:00:00,-0.12688691298011537,0.04839253218138255,0.0,-0.06344345649005768,0.024196266090691275,0.0,0.024196266090691275,0.06344345649005768,0.08763972258074895,-0.03924719039936641,True,0.5,0.0,-0.005284102744006036,0.0002073861864838194,0.0,7.50340090588604e-08,0.00020731115247476055,0.9710033809854005,0.9712046808153695,-0.10261369273105259,0.9993907250204956,0.0004381986129037448,0.9989525264075919,False,False,False,-1.0
2025-02-08,2025-02-09 00:00:00,-0.13152253546979514,0.0,0.0,-0.06576126773489757,0.0,0.0,0.0,0.06576126773489757,0.06576126773489757,-0.06576126773489757,False,0.5,0.0,0.003786915686229131,-0.00024903237633159723,0.0,5.6302455252480795e-08,-0.0002490886787868497,0.973208827404205,0.9729664121032032,-0.10098586538835275,0.9997293774941651,0.0003288063386744879,0.9994005711554906,False,False,False,-1.0
2025-02-09,2025-02-10 00:00:00,-0.13221003335931192,0.0,0.0,-0.06610501667965596,0.0,0.0,0.0,0.06610501667965596,0.06610501667965596,-0.06610501667965596,False,0.5,0.0,-0.0001545181483448843,1.0214424773648131e-05,0.0,5.659676085586983e-08,1.015782801279226e-05,0.9717696076435112,0.9717794787120536,-0.10208258350956667,0.9999055222571608,0.0003305250833982798,0.9995749971737625,False,False,False,-1.0
2025-02-10,2025-02-11 00:00:00,-0.13040420031365318,0.0,0.0,-0.06520210015682659,0.0,0.0,0.0,0.06520210015682659,0.06520210015682659,-0.06520210015682659,False,0.5,0.0,0.0017897513187641323,-0.00011669554474187144,0.0,5.5823715887694e-08,-0.00011675136845775913,0.971288062941888,0.9711746637313727,-0.10264142830594725,0.9998149510285144,0.00032601050078413297,0.9994889405277302,False,False,False,-1.0
2025-02-11,2025-02-12 00:00:00,-0.1298635790231358,0.0,0.0,-0.0649317895115679,0.0,0.0,0.0,0.0649317895115679,0.0649317895115679,-0.0649317895115679,False,0.5,0.0,0.0031043381618853783,-0.00020157023210026897,0.0,5.559228554072594e-08,-0.0002016258243858097,0.9712446657868234,0.9710488377804039,-0.10275769060135109,0.9996675002991898,0.0003246589475578395,0.999342841351632,False,False,False,-1.0
2025-02-12,2025-02-13 00:00:00,-0.1300529025936041,0.0,0.0,-0.06502645129680205,0.0,0.0,0.0,0.06502645129680205,0.06502645129680205,-0.06502645129680205,False,0.5,0.0,-0.0002300878168500775,1.4961794216389076e-05,0.0,5.5673331589727785e-08,1.4906120884799349e-05,0.9723000054325972,0.9723144986540144,-0.10158822883900598,0.9998423467609224,0.0003251322564840103,0.9995172145044384,False,False,False,-1.0
2025-02-13,2025-02-14 00:00:00,-0.13012928199227694,0.0,0.0,-0.06506464099613847,0.0,0.0,0.0,0.06506464099613847,0.06506464099613847,-0.06506464099613847,False,0.5,0.0,-0.00645045085612006,0.0004196962692166858,0.0,5.570602825011855e-08,0.00041964056318843565,0.9708482709564772,0.9712556782716719,-0.10256657143942849,0.9999984793855278,0.00032532320498069233,0.9996731561805471,False,False,False,-1.0
2025-02-14,2025-02-15 00:00:00,-0.13662325619599522,0.0,0.0,-0.06831162809799761,0.0,0.0,0.0,0.06831162809799761,0.06831162809799761,-0.06831162809799761,False,0.5,0.0,0.008583738481855008,-0.0005863691508629498,0.0,5.8485982960614394e-08,-0.0005864276368459105,0.9696491309177162,0.9690805018693024,-0.1045764191655969,0.9990736445657694,0.0003415581404899881,0.9987320864252794,False,False,False,-1.0
2025-02-15,2025-02-16 00:00:00,-0.14061282619255852,0.0,0.0,-0.07030641309627926,0.0,0.0,0.0,0.07030641309627926,0.07030641309627926,-0.07030641309627926,False,0.5,0.0,-0.0011135898796951205,7.829251010168106e-05,0.0,6.019384682900622e-08,7.823231625485205e-05,0.9700541449012875,0.9701300344839359,-0.10360665839733796,0.9999900227548737,0.0003515320654813963,0.9996384906893923,False,False,False,-1.0
2025-02-16,2025-02-17 00:00:00,-0.14198814081290975,0.0,0.0,-0.07099407040645488,0.0,0.0,0.0,0.07099407040645488,0.07099407040645488,-0.07099407040645488,False,0.5,0.0,-0.0018227960654280118,0.0001294077122056052,0.0,6.078259452607438e-08,0.00012934692961107913,0.9699044482072334,0.9700299023696252,-0.103699179768039,0.9999999392174055,0.0003549703520322744,0.9996449688653732,False,False,False,-1.0
2025-02-17,2025-02-18 00:00:00,-0.14191705772623722,0.0,0.0,-0.07095852886311861,0.0,0.0,0.0,0.07095852886311861,0.07095852886311861,-0.07095852886311861,False,0.5,0.0,-0.007573084042147182,0.0005373749025875238,0.0,6.075216512253306e-08,0.0005373141504224012,0.9707119987844077,0.9712335760773394,-0.10258699371183555,0.9997219250328966,0.00035479264431559305,0.999367132388581,False,False,False,-1.0
2025-02-18,2025-02-19 00:00:00,-0.14382137172387377,0.0,0.0,-0.07191068586193688,0.0,0.0,0.0,0.07191068586193688,0.07191068586193688,-0.07191068586193688,False,0.5,0.0,-0.0031392023741616537,0.00022574219578538513,0.0,6.15673680324802e-08,0.00022568062841735265,0.9730822183633069,0.9733018241698488,-0.10067594699334681,0.999946586060944,0.0003595534293096844,0.9995870326316343,False,False,False,-1.0
2025-02-19,2025-02-20 00:00:00,-0.14354118059139845,0.0,0.0,-0.07177059029569922,0.0,0.0,0.0,0.07177059029569922,0.07177059029569922,-0.07177059029569922,False,0.5,0.0,-0.0036792818751039125,0.0002640642320404749,0.0,6.144742319837262e-08,0.00026400278461727653,0.9715936627583891,0.9718501661908738,-0.102017268775359,0.9999856218171048,0.00035885295147849614,0.9996267688656263,False,False,False,-1.0
2025-02-20,2025-02-21 00:00:00,-0.14419284944325894,0.0,0.0,-0.07209642472162947,0.0,0.0,0.0,0.07209642472162947,0.07209642472162947,-0.07209642472162947,False,0.5,0.0,-0.005878709469340215,0.0004238339347166172,0.0,6.172639102879235e-08,0.0004237722083255884,0.9710184629174599,0.9714299535558153,-0.10240554230028309,0.999999938273609,0.00036048212360814734,0.9996394561500008,False,False,False,-1.0
2025-02-21,2025-02-22 00:00:00,-0.14381040612557583,0.0,0.0,-0.07190520306278791,0.0,0.0,0.0,0.07190520306278791,0.07190520306278791,-0.07190520306278791,False,0.5,0.0,-0.00035231943628888374,2.5333600609319155e-05,0.0,6.156267385512664e-08,2.527203793546403e-05,0.9710429211850875,0.9710674614186287,-0.10274048249036827,0.9994816551915271,0.00035952601531393956,0.9991221291762131,False,False,False,-1.0
2025-02-22,2025-02-23 00:00:00,-0.14358300530618584,0.0,0.0,-0.07179150265309292,0.0,0.0,0.0,0.07179150265309292,0.07179150265309292,-0.07179150265309292,False,0.5,0.0,0.009730138695397628,-0.0006985412779656008,0.0,6.146532761394942e-08,-0.0006986027432932148,0.9703683097881303,0.9696904078249075,-0.10401287034412476,0.999023025293226,0.0003589575132654646,0.9986640677799605,False,False,False,-1.0
2025-02-23,2025-02-24 00:00:00,-0.14338765087576918,0.0,0.0,-0.07169382543788459,0.0,0.0,0.0,0.07169382543788459,0.07169382543788459,-0.07169382543788459,False,0.5,0.0,-0.00101945581161611,7.308868699964236e-05,0.0,6.138169986120256e-08,7.302730529978116e-05,0.9694221556128602,0.9694929499005824,-0.10419532008005716,0.9999564457024448,0.000358469127189423,0.9995979765752554,False,False,False,-1.0
2025-02-24,2025-02-25 00:00:00,-0.14230488303503244,0.0,0.0,-0.07115244151751622,0.0,0.0,0.0,0.07115244151751622,0.07115244151751622,-0.07115244151751622,False,0.5,0.0,0.003456264668372011,-0.0002459216696853971,0.0,6.091818623075019e-08,-0.00024598258787162785,0.9728169847894539,0.9725776887500098,-0.1013450430378865,0.9997083769275797,0.0003557622075875811,0.9993526147199921,False,False,False,-1.0
2025-02-25,2025-02-26 00:00:00,-0.14561376435652443,0.0,0.0,-0.14561376435652443,0.0,0.0,0.0,0.14561376435652443,0.14561376435652443,-0.14561376435652443,False,1.0,0.0,0.004664443518132666,-0.0006792071793036878,0.0,1.246693187983942e-07,-0.0006793318486224862,0.9842922761212869,0.9836236150297646,-0.09113868469719955,0.9982129352628796,0.0007280688217826221,0.9974848664410969,False,False,False,-1.0
2025-02-26,2025-02-27 00:00:00,-0.1430275919327385,0.0,0.0,-0.1430275919327385,0.0,0.0,0.0,0.1430275919327385,0.1430275919327385,-0.1430275919327385,False,1.0,0.0,-0.002763735519134669,0.0003952904360408087,0.0,1.224551300793994e-07,0.0003951679809107293,0.9820167152001088,0.9824047767626749,-0.09226488269981159,0.9994859412424395,0.0007151379596636925,0.9987708032827758,False,False,False,-1.0
2025-02-27,2025-02-28 00:00:00,-0.13065149477224003,0.0,0.0,-0.13065149477224003,0.0,0.0,0.0,0.13065149477224003,0.13065149477224003,-0.13065149477224003,False,1.0,0.0,-0.0003743255685876301,4.8906195067442534e-05,0.0,1.118591564830822e-07,4.879433591095945e-05,0.987912354921943,0.9879605594492396,-0.08713137849872044,0.9994203216222857,0.0006532574738612001,0.9987670641484244,False,False,False,-1.0
2025-02-28,2025-03-01 00:00:00,-0.13331105149751027,0.0,0.0,-0.13331105149751027,0.0,0.0,0.0,0.13331105149751027,0.13331105149751027,-0.13331105149751027,False,1.0,0.0,0.004469208105128075,-0.0005957948318558191,0.0,1.1413617422732044e-07,-0.0005959089680300464,0.9940770420284681,0.9934846626042105,-0.08202714596243332,0.9991402304289843,0.0006665552574875513,0.9984736751714967,False,False,False,-1.0
2025-03-01,2025-03-02 00:00:00,-0.1324646161035582,0.0,0.0,-0.1324646161035582,0.0,0.0,0.0,0.1324646161035582,0.1324646161035582,-0.1324646161035582,False,1.0,0.0,0.0003359921202943372,-4.4507067228609926e-05,0.0,1.1341148639003269e-07,-4.4620478714999956e-05,0.9963892112631106,0.9963447518995177,-0.07938444353124208,0.9996145651297672,0.000662323080517791,0.9989522420492494,False,False,False,-1.0
2025-03-02,2025-03-03 00:00:00,-0.13122291036868924,0.0,0.0,-0.13122291036868924,0.0,0.0,0.0,0.13122291036868924,0.13122291036868924,-0.13122291036868924,False,1.0,0.0,-0.008906666666666618,0.0011687587216837859,0.0,1.1234838216497367e-07,0.001168646373301621,0.9917224172897026,0.9928813900959901,-0.08258456552508864,0.9996884519443429,0.0006561145518434462,0.9990323373924994,False,False,False,-1.0
2025-03-03,2025-03-04 00:00:00,-0.1365099511996323,0.0,0.0,-0.1365099511996323,0.0,0.0,0.0,0.1365099511996323,0.1365099511996323,-0.1365099511996323,False,1.0,0.0,-0.006095150380349468,0.0008320486809759261,0.0,1.1687495821886328e-07,0.0008319318060177073,0.9876396705863687,0.9884613194412144,-0.08666867978144388,0.9999631140457684,0.0006825497559981615,0.9992805642897703,False,False,False,-1.0
2025-03-04,2025-03-05 00:00:00,-0.14087201888439124,0.0,0.0,-0.14087201888439124,0.0,0.0,0.0,0.14087201888439124,0.14087201888439124,-0.14087201888439124,False,1.0,0.0,0.0003760467840767667,-5.297446966787688e-05,0.0,1.2060960520923907e-07,-5.309507927308612e-05,1.001671813987595,1.0016186301432257,-0.07451141705639652,0.9992331078999456,0.0007043600944219563,0.9985287478055236,False,False,False,-1.0
2025-03-05,2025-03-06 00:00:00,-0.14102089735904302,0.027394069049738495,0.0,-0.14102089735904302,0.027394069049738495,0.0,0.027394069049738495,0.14102089735904302,0.1684149664087815,-0.11362682830930453,True,1.0,0.0,-0.001201236862898969,0.00013649273477942873,0.0,1.4419089589792937e-07,0.0001363485438835308,0.9933868091555361,0.9935222560004775,-0.08199240992818635,0.9996469449850908,0.0008420748320439076,0.9988048701530469,False,False,False,-1.0
2025-03-06,2025-03-07 00:00:00,-0.13242038275088924,0.027394069049738495,0.0,-0.13242038275088924,0.027394069049738495,0.0,0.027394069049738495,0.13242038275088924,0.15981445180062773,-0.10502631370115074,True,1.0,0.0,-0.0039228318521590255,0.00041200056870172003,0.0,1.3682744161012646e-07,0.00041186374126010993,0.9897470127430864,0.9901546536506557,-0.08510405085903483,0.9996820738990383,0.0007990722590031387,0.9988830016400352,False,False,False,-1.0
2025-03-07,2025-03-08 00:00:00,-0.15123740505194894,0.027394069049738495,0.0,-0.15123740505194894,0.027394069049738495,0.0,0.027394069049738495,0.15123740505194894,0.17863147410168742,-0.12384333600221044,True,1.0,0.0,0.004678591239349217,-0.0005794123468717233,0.0,1.5293790590897894e-07,-0.0005795652847776322,0.9930919611967316,0.9925163995714302,-0.08292181420756817,0.9981656034723736,0.0008931573705084371,0.9972724461018652,False,False,False,-1.0
2025-03-08,2025-03-09 00:00:00,-0.1507071452973336,0.0,0.0,-0.1507071452973336,0.0,0.0,0.0,0.1507071452973336,0.1507071452973336,-0.1507071452973336,False,1.0,0.0,-0.0013914444474960597,0.00020970062052195674,0.0,1.290300901518267e-07,0.0002095715904318049,0.993356690209693,0.9935648695511262,-0.08195303530653175,0.9997784436699508,0.000753535726486668,0.9990249079434642,False,False,False,-1.0
2025-03-09,2025-03-10 00:00:00,-0.15036400110883616,0.0,0.0,-0.15036400110883616,0.0,0.0,0.0,0.15036400110883616,0.15036400110883616,-0.15036400110883616,False,1.0,0.0,-0.004807486960937468,0.0007228729747251169,0.0,1.2873630231920906e-07,0.0007227442384227977,0.9986915863297907,0.9994133849197718,-0.07654904816216546,0.9999306524299876,0.0007518200055441808,0.9991788324244434,False,False,False,-1.0
2025-03-10,2025-03-11 00:00:00,-0.1509378658080276,0.0,0.0,-0.1509378658080276,0.0,0.0,0.0,0.1509378658080276,0.1509378658080276,-0.1509378658080276,False,1.0,0.0,-0.004554111528859206,0.0006873878748177423,0.0,1.2922762483564007e-07,0.0006872586471929066,1.0043104877665958,1.00500070883378,-0.0713864000883343,0.9990421450876346,0.000754689329040138,0.9982874557585945,False,False,False,-1.0
2025-03-11,2025-03-12 00:00:00,-0.1492727729838731,0.0,0.0,-0.1492727729838731,0.0,0.0,0.0,0.1492727729838731,0.1492727729838731,-0.1492727729838731,False,1.0,0.0,0.0021984924623115187,-0.0003281750662333835,0.0,1.278020316642749e-07,-0.0003283028682650478,1.0124983143494546,1.0121659082487402,-0.06476580612822436,0.9987192080704529,0.0007463638649193655,0.9979728442055336,False,False,False,-1.0
2025-03-12,2025-03-13 00:00:00,-0.14994459506702762,0.0,0.0,-0.14994459506702762,0.0,0.0,0.0,0.14994459506702762,0.14994459506702762,-0.14994459506702762,False,1.0,0.0,0.007208546815147487,-0.0010808826332190016,0.0,1.2837722180396198e-07,-0.0010810110104408055,1.0166428258768114,1.015543823788353,-0.061644635882406984,0.9988066999865566,0.0007497229753351381,0.9980569770112214,False,False,False,-1.0
2025-03-13,2025-03-14 00:00:00,-0.14783392633780099,0.0,0.0,-0.14783392633780099,0.0,0.0,0.0,0.14783392633780099,0.14783392633780099,-0.14783392633780099,False,1.0,0.0,-0.0019154030327214189,0.00028316155084653883,0.0,1.2657014241250085e-07,0.00028303498070412635,1.0146181061259878,1.0149052785420773,-0.06223464720741245,0.9998818894503383,0.000739169631689005,0.9991427198186493,False,False,False,-1.0
2025-03-14,2025-03-15 00:00:00,-0.1478840130643313,0.0,0.0,-0.1478840130643313,0.0,0.0,0.0,0.1478840130643313,0.1478840130643313,-0.1478840130643313,False,1.0,0.0,-0.005972881566291166,0.0008832936955811064,0.0,1.2661302488384527e-07,0.0008831670825562226,1.0102781630986999,1.011170407516574,-0.06568564181638459,0.9999188092036577,0.0007394200653216565,0.999179389138336,False,False,False,-1.0
2025-03-15,2025-03-16 00:00:00,-0.14777704403785014,0.0,0.0,-0.14777704403785014,0.0,0.0,0.0,0.14777704403785014,0.14777704403785014,-0.14777704403785014,False,1.0,0.0,-0.00016514424317481957,2.4404528096242743e-05,0.0,1.2652144181322785e-07,2.4278006654429514e-05,1.0099292602587886,1.0099537793280897,-0.06680979772187978,0.9999014927246702,0.0007388852201892507,0.9991626075044809,False,False,False,-1.0
2025-03-16,2025-03-17 00:00:00,-0.14558296370527,0.0,0.0,-0.14558296370527,0.0,0.0,0.0,0.14558296370527,0.14558296370527,-0.14558296370527,False,1.0,0.0,0.0008609033675581745,-0.00012533286371296644,0.0,1.2464294837779965e-07,-0.00012545750666134424,1.0132872738698993,1.0131601493749878,-0.06384713430709066,0.9996807763482118,0.00072791481852635,0.9989528615296855,False,False,False,-1.0
2025-03-17,2025-03-18 00:00:00,-0.14621387608284536,0.0,0.0,-0.14621387608284536,0.0,0.0,0.0,0.14621387608284536,0.14621387608284536,-0.14621387608284536,False,1.0,0.0,0.0037655131296121525,-0.0005505702701214385,0.0,1.2518311308462786e-07,-0.0005506954532345231,1.0117687281885221,1.0112115517501838,-0.06564762483335929,0.9991656079214668,0.0007310693804142268,0.9984345385410526,False,False,False,-1.0
2025-03-18,2025-03-19 00:00:00,-0.14970375620799597,0.0,0.0,-0.14970375620799597,0.0,0.0,0.0,0.14970375620799597,0.14970375620799597,-0.14970375620799597,False,1.0,0.0,-0.005935172902209573,0.0008885176772046859,0.0,1.281710241506815e-07,0.0008883895061805353,1.0133160388046472,1.0142162581399656,-0.06287129722207763,0.9998503350159824,0.0007485187810399799,0.9991018162349424,False,False,False,-1.0
2025-03-19,2025-03-20 00:00:00,-0.1485298931834915,0.0,0.0,-0.1485298931834915,0.0,0.0,0.0,0.1485298931834915,0.1485298931834915,-0.1485298931834915,False,1.0,0.0,0.000977092076271724,-0.00014512738171907507,0.0,1.271660044379208e-07,-0.000145254547723513,1.001451244997214,1.0013057796495548,-0.07480048871635492,0.9992234413417985,0.0007426494659174575,0.998480791875881,False,False,False,-1.0
2025-03-20,2025-03-21 00:00:00,0.0,0.0,0.0,0.0,0.0,0.0,0.0,0.0,0.0,0.0,False,1.0,0.0,-0.001296274729225555,-0.0,0.0,0.0,-0.0,1.0017422685853865,1.0017422685853865,-0.07439717600377516,1.0,0.0,1.0,False,False,False,0.0
2025-03-21,2025-03-22 00:00:00,0.0,0.0,0.0,0.0,0.0,0.0,0.0,0.0,0.0,0.0,False,1.0,0.0,-0.00022043030045171275,-0.0,0.0,0.0,-0.0,1.0017422685853865,1.0017422685853865,-0.07439717600377516,1.0,0.0,1.0,False,False,False,0.0
2025-03-22,2025-03-23 00:00:00,0.0,0.0,0.0,0.0,0.0,0.0,0.0,0.0,0.0,0.0,False,1.0,0.0,0.001058334383268189,0.0,0.0,0.0,0.0,1.0017422685853865,1.0017422685853865,-0.07439717600377516,1.0,0.0,1.0,False,False,False,0.0
2025-03-23,2025-03-24 00:00:00,0.0,0.0,0.0,0.0,0.0,0.0,0.0,0.0,0.0,0.0,False,1.0,0.0,0.00021925453458249144,0.0,0.0,0.0,0.0,1.0017422685853865,1.0017422685853865,-0.07439717600377516,1.0,0.0,1.0,False,False,False,0.0
2025-03-24,2025-03-25 00:00:00,0.0,0.0,0.0,0.0,0.0,0.0,0.0,0.0,0.0,0.0,False,1.0,0.0,0.0014855992715772093,0.0,0.0,0.0,0.0,1.0017422685853865,1.0017422685853865,-0.07439717600377516,1.0,0.0,1.0,False,False,False,0.0
2025-03-25,2025-03-26 00:00:00,0.0,0.0,0.0,0.0,0.0,0.0,0.0,0.0,0.0,0.0,False,1.0,0.0,-0.0029321129056369966,-0.0,0.0,0.0,-0.0,1.0017422685853865,1.0017422685853865,-0.07439717600377516,1.0,0.0,1.0,False,False,False,0.0
2025-03-26,2025-03-27 00:00:00,0.0,0.0,0.0,0.0,0.0,0.0,0.0,0.0,0.0,0.0,False,1.0,0.0,-0.002997052485572138,-0.0,0.0,0.0,-0.0,1.0017422685853865,1.0017422685853865,-0.07439717600377516,1.0,0.0,1.0,False,False,False,0.0
2025-03-27,2025-03-28 00:00:00,0.0,0.0,0.0,0.0,0.0,0.0,0.0,0.0,0.0,0.0,False,1.0,0.0,0.0009032927766521315,0.0,0.0,0.0,0.0,1.0017422685853865,1.0017422685853865,-0.07439717600377516,1.0,0.0,1.0,False,False,False,0.0
2025-03-28,2025-03-29 00:00:00,0.0,0.0,0.0,0.0,0.0,0.0,0.0,0.0,0.0,0.0,False,1.0,0.0,-0.004032022128248158,-0.0,0.0,0.0,-0.0,1.0017422685853865,1.0017422685853865,-0.07439717600377516,1.0,0.0,1.0,False,False,False,0.0
2025-03-29,2025-03-30 00:00:00,0.0,0.0,0.0,0.0,0.0,0.0,0.0,0.0,0.0,0.0,False,1.0,0.0,0.0031070120355833897,0.0,0.0,0.0,0.0,1.0017422685853865,1.0017422685853865,-0.07439717600377516,1.0,0.0,1.0,False,False,False,0.0
2025-03-30,2025-03-31 00:00:00,-0.13982945037076872,0.0,0.0,-0.13982945037076872,0.0,0.0,0.0,0.13982945037076872,0.13982945037076872,-0.13982945037076872,False,1.0,0.0,-0.0005620949609841386,7.859742945059078e-05,0.0,1.1971699518045266e-07,7.847771245541033e-05,1.0040359970119552,1.0041147914602235,-0.07220498152240828,0.999724018716894,0.0006991472518538436,0.9990248714650402,False,False,False,-1.0
2025-03-31,2025-04-01 00:00:00,-0.1418940529709711,0.10183693489167273,0.0,-0.1418940529709711,0.10183693489167273,0.0,0.10183693489167273,0.1418940529709711,0.24373098786264383,-0.040057118079298376,True,1.0,0.0,0.0002280625543007453,-9.135528667091352e-06,0.0,2.0867379097829093e-07,-9.344202458069643e-06,1.0031806073346965,1.0031712334119995,-0.07307682253524073,0.9994377737794549,0.0012186549393132192,0.9982191188401417,False,False,False,-1.0
2025-04-01,2025-04-02 00:00:00,-0.14422116944556884,0.0,0.0,-0.14422116944556884,0.0,0.0,0.0,0.14422116944556884,0.14422116944556884,-0.14422116944556884,False,1.0,0.0,-0.0009841904642878818,0.00014194109971677566,0.0,1.234770286349048e-07,0.00014181762268814077,1.0007862019917633,1.0009281311117488,-0.0751494333142152,0.9993592640464718,0.0007211058472278442,0.998638158199244,False,False,False,-1.0
2025-04-02,2025-04-03 00:00:00,-0.1438575562204559,0.0,0.0,-0.1438575562204559,0.0,0.0,0.0,0.1438575562204559,0.1438575562204559,-0.1438575562204559,False,1.0,0.0,-0.007242971132556342,0.001041956126904863,0.0,1.2316571594217116e-07,0.001041832961188921,1.0011076496863605,1.0021506366335022,-0.07401984679403795,0.9996588183760181,0.0007192877811022795,0.9989395305949158,False,False,False,-1.0
2025-04-03,2025-04-04 00:00:00,-0.1418208595017598,0.0,0.0,-0.1418208595017598,0.0,0.0,0.0,0.1418208595017598,0.1418208595017598,-0.1418208595017598,False,1.0,0.0,0.0016802472604664498,-0.00023829411065482916,0.0,1.2142196875150667e-07,-0.00023841553262358067,1.0113568505991626,1.0111157274169544,-0.06573616584458164,0.9997002177566058,0.000709104297508799,0.998991113459097,False,False,False,-1.0
2025-04-04,2025-04-05 00:00:00,-0.14351874152255512,0.0,0.0,-0.14351874152255512,0.0,0.0,0.0,0.14351874152255512,0.14351874152255512,-0.14351874152255512,False,1.0,0.0,0.0015899404190746758,-0.00022818624804144135,0.0,1.228756348652013e-07,-0.00022830912367630655,1.010147304424387,1.0099166785785298,-0.06684407855402774,0.9990262824660548,0.0007175937076127755,0.998308688758442,False,False,False,-1.0
2025-04-05,2025-04-06 00:00:00,-0.15347312083748701,0.0,0.0,-0.15347312083748701,0.0,0.0,0.0,0.15347312083748701,0.15347312083748701,-0.15347312083748701,False,1.0,0.0,0.001567864950069886,-0.00024062512693893615,0.0,1.3139821989510873e-07,-0.00024075652515883125,1.0112669671730867,1.0110234980520623,-0.06582138513029678,0.9996686856313696,0.0007673656041874351,0.9989013200271821,False,False,False,-1.0
2025-04-06,2025-04-07 00:00:00,-0.16110806818334686,0.0,0.0,-0.16110806818334686,0.0,0.0,0.0,0.16110806818334686,0.16110806818334686,-0.16110806818334686,False,1.0,0.0,-0.003002798835140652,0.0004837751194727147,0.0,1.3793498988300242e-07,0.0004836371844828317,1.0125641615768584,1.0130538752570715,-0.06394533084600673,0.9999295777552,0.0008055403409167343,0.9991240374142832,False,False,False,-1.0
2025-04-07,2025-04-08 00:00:00,-0.16511580101857765,0.0,0.0,-0.16511580101857765,0.0,0.0,0.0,0.16511580101857765,0.16511580101857765,-0.16511580101857765,False,1.0,0.0,-0.006548755034435194,0.00108130293318521,0.0,1.413662679953576e-07,0.0010811615669172147,1.0315819934942594,1.0326973002987494,-0.045794944003280214,0.9998617975379744,0.0008255790050928882,0.9990362185328816,False,False,False,-1.0
2025-04-08,2025-04-09 00:00:00,-0.16555831937076682,0.0,0.0,-0.16555831937076682,0.0,0.0,0.0,0.16555831937076682,0.16555831937076682,-0.16555831937076682,False,1.0,0.0,-0.002748147279855173,0.0004549786450361668,0.0,1.4174513644757432e-07,0.00045483689989971927,1.0347551916556248,1.0352258364991527,-0.04345859430429522,0.9997518841118344,0.0008277915968538341,0.9989240925149805,False,False,False,-1.0
2025-04-09,2025-04-10 00:00:00,-0.13854799441635768,0.0,0.0,-0.13854799441635768,0.0,0.0,0.0,0.13854799441635768,0.13854799441635768,-0.13854799441635768,False,1.0,0.0,0.0032419289477241264,-0.0004491627537475106,0.0,1.1861985823318294e-07,-0.0004492813736057438,1.039808091007283,1.039340924599869,-0.039656281786929704,0.9984708565059264,0.0006927399720817884,0.9977781165338446,False,False,False,-1.0
2025-04-10,2025-04-11 00:00:00,-0.139856739438343,0.0,0.0,-0.139856739438343,0.0,0.0,0.0,0.139856739438343,0.139856739438343,-0.139856739438343,False,1.0,0.0,-0.0041339093735229815,0.0005781550861145274,0.0,1.1974035910817039e-07,0.0005780353457554193,1.0372072692473524,1.0378068117098518,-0.041073791327916,0.9993928639695496,0.000699283697191715,0.9986935802723579,False,False,False,-1.0
2025-04-11,2025-04-12 00:00:00,-0.14052003035132837,0.0,0.0,-0.14052003035132837,0.0,0.0,0.0,0.14052003035132837,0.14052003035132837,-0.14052003035132837,False,1.0,0.0,-0.001218485250586987,0.00017122158439512937,0.0,1.2030824516380853e-07,0.00017110127614996555,1.0308777308299655,1.0310541153252653,-0.047313235383709684,0.999932646085317,0.0007026001517566419,0.9992300459335604,False,False,False,-1.0
2025-04-12,2025-04-13 00:00:00,-0.14329264397867167,0.0,0.0,-0.14329264397867167,0.0,0.0,0.0,0.14329264397867167,0.14329264397867167,-0.14329264397867167,False,1.0,0.0,-0.0028905563116501387,0.0004141954564655856,0.0,1.2268205820091752e-07,0.0004140727744073847,1.022266960463653,1.022690253380157,-0.05504138510713019,0.999878207402605,0.0007164632198933584,0.9991617441827116,False,False,False,-1.0
2025-04-13,2025-04-14 00:00:00,-0.13904603192347986,0.0,0.0,-0.13904603192347986,0.0,0.0,0.0,0.13904603192347986,0.13904603192347986,-0.13904603192347986,False,1.0,0.0,0.0027427040281096104,-0.00038136211184918573,0.0,1.1904626020845878e-07,-0.0003814811581093942,1.0290626121954822,1.0286700441984147,-0.049516100368869,0.9994137783532712,0.0006952301596173993,0.9987185481936538,False,False,False,-1.0
2025-04-14,2025-04-15 00:00:00,-0.13342935284835156,0.0,0.0,-0.13342935284835156,0.0,0.0,0.0,0.13342935284835156,0.13342935284835156,-0.13342935284835156,False,1.0,0.0,-0.005485677982150161,0.000731950463092747,0.0,1.1423745963043798e-07,0.0007318362256331165,1.024163105665876,1.0249126253275593,-0.05298792902866156,0.9998653959781191,0.0006671467642417578,0.9991982492138773,False,False,False,-1.0
2025-04-15,2025-04-16 00:00:00,-0.13269325919929315,0.0,0.0,-0.13269325919929315,0.0,0.0,0.0,0.13269325919929315,0.13269325919929315,-0.13269325919929315,False,1.0,0.0,0.0029573168845471454,-0.0003924160158956604,0.0,1.1360724246514825e-07,-0.00039252962313812554,1.0257959432285917,1.0253932879335796,-0.052543800154924325,0.9995869465266581,0.0006634662959964658,0.9989234802306617,False,False,False,-1.0
2025-04-16,2025-04-17 00:00:00,-0.13154966564057843,0.0,0.0,-0.13154966564057843,0.0,0.0,0.0,0.13154966564057843,0.13154966564057843,-0.13154966564057843,False,1.0,0.0,-0.0017632921480160713,0.0002319604924981715,0.0,1.126281383909062e-07,0.0002318478643597806,1.0275861370582613,1.027824380709584,-0.050297487496036464,0.999831489007201,0.0006577483282028922,0.9991737406789981,False,False,False,-1.0
2025-04-17,2025-04-18 00:00:00,-0.1319312607336855,0.0,0.0,-0.1319312607336855,0.0,0.0,0.0,0.1319312607336855,0.1319312607336855,-0.1319312607336855,False,1.0,0.0,0.00014530659691947,-1.917048252450714e-05,0.0,1.1295484651856633e-07,-1.9283437371025707e-05,1.0283204036222648,1.0283005740701643,-0.04985748817371194,0.9996481503657908,0.0006596563036684275,0.9989884940621224,False,False,False,-1.0
2025-04-18,2025-04-19 00:00:00,-0.13216722668186728,0.0,0.0,-0.13216722668186728,0.0,0.0,0.0,0.13216722668186728,0.13216722668186728,-0.13216722668186728,False,1.0,0.0,0.001664219904829567,-0.00021995532941008496,0.0,1.1315687215913294e-07,-0.0002200684862822441,1.028486204256766,1.028259866854633,-0.049895101355100446,0.9997347695829644,0.0006608361334093365,0.9990739334495551,False,False,False,-1.0
2025-04-19,2025-04-20 00:00:00,-0.13245004780633102,0.0,0.0,-0.13245004780633102,0.0,0.0,0.0,0.13245004780633102,0.13245004780633102,-0.13245004780633102,False,1.0,0.0,0.0008219382799072861,-0.00010886576446757352,0.0,1.1339901353281765e-07,-0.00010897916348110634,1.0262693270134846,1.0261574850407205,-0.05183768739254868,0.999872876542441,0.0006622502390316551,0.9992106263034093,False,False,False,-1.0
2025-04-20,2025-04-21 00:00:00,-0.14648928928161795,0.0,0.0,-0.14648928928161795,0.0,0.0,0.0,0.14648928928161795,0.14648928928161795,-0.14648928928161795,False,1.0,0.0,-0.0015923970968887424,0.00023326911897734358,0.0,1.2541891205617974e-07,0.0002331437000652874,1.0290532210507224,1.0292931383262423,-0.04894036576884342,0.9999097267542322,0.0007324464464080897,0.999177280307824,False,False,False,-1.0
2025-04-21,2025-04-22 00:00:00,-0.1472493807991501,0.0,0.0,-0.1472493807991501,0.0,0.0,0.0,0.1472493807991501,0.1472493807991501,-0.1472493807991501,False,1.0,0.0,-0.0016234864371237334,0.00023905737260228807,0.0,1.2606967534173807e-07,0.00023893130292694634,1.024265958203067,1.0245106874030043,-0.05335931684936779,0.9999745193605032,0.0007362469039957505,0.9992382724565074,False,False,False,-1.0
2025-04-22,2025-04-23 00:00:00,-0.146899426087784,0.0,0.0,-0.146899426087784,0.0,0.0,0.0,0.146899426087784,0.146899426087784,-0.146899426087784,False,1.0,0.0,0.00862150639507342,-0.0012664943414484448,0.0,1.2577005658200686e-07,-0.0012666201115050268,1.0245719438326506,1.0232742004029083,-0.05450182215738453,0.9986829288776405,0.00073449713043892,0.9979484317472016,False,False,False,-1.0
2025-04-23,2025-04-24 00:00:00,0.0,0.0,0.0,0.0,0.0,0.0,0.0,0.0,0.0,0.0,False,1.0,0.0,0.008438771153111535,0.0,0.0,0.0,0.0,1.0237645417021308,1.0237645417021308,-0.05404875023907241,1.0,0.0,1.0,False,False,False,0.0
2025-04-24,2025-04-25 00:00:00,0.0,0.0,0.0,0.0,0.0,0.0,0.0,0.0,0.0,0.0,False,1.0,0.0,-0.0032824858757062314,-0.0,0.0,0.0,-0.0,1.0237645417021308,1.0237645417021308,-0.05404875023907241,1.0,0.0,1.0,False,False,False,0.0
2025-04-25,2025-04-26 00:00:00,0.0,0.0,0.0,0.0,0.0,0.0,0.0,0.0,0.0,0.0,False,1.0,0.0,-0.001051059357194295,-0.0,0.0,0.0,-0.0,1.0237645417021308,1.0237645417021308,-0.05404875023907241,1.0,0.0,1.0,False,False,False,0.0
2025-04-26,2025-04-27 00:00:00,0.0,0.0,0.0,0.0,0.0,0.0,0.0,0.0,0.0,0.0,False,1.0,0.0,8.335973058137824e-05,0.0,0.0,0.0,0.0,1.0237645417021308,1.0237645417021308,-0.05404875023907241,1.0,0.0,1.0,False,False,False,0.0
2025-04-27,2025-04-28 00:00:00,0.0,0.0,0.0,0.0,0.0,0.0,0.0,0.0,0.0,0.0,False,1.0,0.0,0.0010775079975657853,0.0,0.0,0.0,0.0,1.0237645417021308,1.0237645417021308,-0.05404875023907241,1.0,0.0,1.0,False,False,False,0.0
2025-04-28,2025-04-29 00:00:00,0.0,0.0,0.0,0.0,0.0,0.0,0.0,0.0,0.0,0.0,False,1.0,0.0,0.004067657564760685,0.0,0.0,0.0,0.0,1.0237645417021308,1.0237645417021308,-0.05404875023907241,1.0,0.0,1.0,False,False,False,0.0
2025-04-29,2025-04-30 00:00:00,0.0,0.0,0.0,0.0,0.0,0.0,0.0,0.0,0.0,0.0,False,1.0,0.0,-0.0029293601024451554,-0.0,0.0,0.0,-0.0,1.0237645417021308,1.0237645417021308,-0.05404875023907241,1.0,0.0,1.0,False,False,False,0.0
2025-04-30,2025-05-01 00:00:00,0.0,0.0,0.0,0.0,0.0,0.0,0.0,0.0,0.0,0.0,False,1.0,0.0,-0.003204512315048258,-0.0,0.0,0.0,-0.0,1.0237645417021308,1.0237645417021308,-0.05404875023907241,1.0,0.0,1.0,False,False,False,0.0
2025-05-01,2025-05-02 00:00:00,0.0,0.0,0.0,0.0,0.0,0.0,0.0,0.0,0.0,0.0,False,1.0,0.0,-0.0036365005675307316,-0.0,0.0,0.0,-0.0,1.0237645417021308,1.0237645417021308,-0.05404875023907241,1.0,0.0,1.0,False,False,False,0.0
2025-05-02,2025-05-03 00:00:00,0.0,0.0,0.0,0.0,0.0,0.0,0.0,0.0,0.0,0.0,False,1.0,0.0,1.6303284568586207e-05,0.0,0.0,0.0,0.0,1.0237645417021308,1.0237645417021308,-0.05404875023907241,1.0,0.0,1.0,False,False,False,0.0
2025-05-03,2025-05-04 00:00:00,0.0,0.0,0.0,0.0,0.0,0.0,0.0,0.0,0.0,0.0,False,1.0,0.0,-0.0010569787841475664,-0.0,0.0,0.0,-0.0,1.0237645417021308,1.0237645417021308,-0.05404875023907241,1.0,0.0,1.0,False,False,False,0.0
2025-05-04,2025-05-05 00:00:00,0.0,0.0,0.0,0.0,0.0,0.0,0.0,0.0,0.0,0.0,False,1.0,0.0,0.002053646728951586,0.0,0.0,0.0,0.0,1.0237645417021308,1.0237645417021308,-0.05404875023907241,1.0,0.0,1.0,False,False,False,0.0
2025-05-05,2025-05-06 00:00:00,0.0,0.0,0.0,0.0,0.0,0.0,0.0,0.0,0.0,0.0,False,1.0,0.0,0.0012067623178733111,0.0,0.0,0.0,0.0,1.0237645417021308,1.0237645417021308,-0.05404875023907241,1.0,0.0,1.0,False,False,False,0.0
2025-05-06,2025-05-07 00:00:00,0.0,0.0,0.0,0.0,0.0,0.0,0.0,0.0,0.0,0.0,False,1.0,0.0,-0.0013489411658464956,-0.0,0.0,0.0,-0.0,1.0237645417021308,1.0237645417021308,-0.05404875023907241,1.0,0.0,1.0,False,False,False,0.0
2025-05-07,2025-05-08 00:00:00,0.0,0.0,0.0,0.0,0.0,0.0,0.0,0.0,0.0,0.0,False,1.0,0.0,-0.00202152262402433,-0.0,0.0,0.0,-0.0,1.0237645417021308,1.0237645417021308,-0.05404875023907241,1.0,0.0,1.0,False,False,False,0.0
2025-05-08,2025-05-09 00:00:00,0.0,0.0,0.0,0.0,0.0,0.0,0.0,0.0,0.0,0.0,False,1.0,0.0,-0.0033390361024164816,-0.0,0.0,0.0,-0.0,1.0237645417021308,1.0237645417021308,-0.05404875023907241,1.0,0.0,1.0,False,False,False,0.0
2025-05-09,2025-05-10 00:00:00,0.0,0.0,0.0,0.0,0.0,0.0,0.0,0.0,0.0,0.0,False,1.0,0.0,0.0018158224761373187,0.0,0.0,0.0,0.0,1.0237645417021308,1.0237645417021308,-0.05404875023907241,1.0,0.0,1.0,False,False,False,0.0
2025-05-10,2025-05-11 00:00:00,0.0,0.0,0.0,0.0,0.0,0.0,0.0,0.0,0.0,0.0,False,1.0,0.0,0.0008229775327133204,0.0,0.0,0.0,0.0,1.0237645417021308,1.0237645417021308,-0.05404875023907241,1.0,0.0,1.0,False,False,False,0.0
2025-05-11,2025-05-12 00:00:00,0.0,0.0,0.0,0.0,0.0,0.0,0.0,0.0,0.0,0.0,False,1.0,0.0,-0.006948227233661286,-0.0,0.0,0.0,-0.0,1.0237645417021308,1.0237645417021308,-0.05404875023907241,1.0,0.0,1.0,False,False,False,0.0
2025-05-12,2025-05-13 00:00:00,0.0,0.0,0.0,0.0,0.0,0.0,0.0,0.0,0.0,0.0,False,1.0,0.0,-0.0024272136790541854,-0.0,0.0,0.0,-0.0,1.0237645417021308,1.0237645417021308,-0.05404875023907241,1.0,0.0,1.0,False,False,False,0.0
2025-05-13,2025-05-14 00:00:00,0.0,0.0,0.0,0.0,0.0,0.0,0.0,0.0,0.0,0.0,False,1.0,0.0,0.00010139219280103084,0.0,0.0,0.0,0.0,1.0237645417021308,1.0237645417021308,-0.05404875023907241,1.0,0.0,1.0,False,False,False,0.0
2025-05-14,2025-05-15 00:00:00,0.0,0.0,0.0,0.0,0.0,0.0,0.0,0.0,0.0,0.0,False,1.0,0.0,0.0012921391653166747,0.0,0.0,0.0,0.0,1.0237645417021308,1.0237645417021308,-0.05404875023907241,1.0,0.0,1.0,False,False,False,0.0
2025-05-15,2025-05-16 00:00:00,0.0,0.0,0.0,0.0,0.0,0.0,0.0,0.0,0.0,0.0,False,1.0,0.0,0.0072438419482514504,0.0,0.0,0.0,0.0,1.0237645417021308,1.0237645417021308,-0.05404875023907241,1.0,0.0,1.0,False,False,False,0.0
2025-05-16,2025-05-17 00:00:00,0.0,0.0,0.0,0.0,0.0,0.0,0.0,0.0,0.0,0.0,False,1.0,0.0,0.002527653456392276,0.0,0.0,0.0,0.0,1.0237645417021308,1.0237645417021308,-0.05404875023907241,1.0,0.0,1.0,False,False,False,0.0
2025-05-17,2025-05-18 00:00:00,0.0,0.0,0.0,0.0,0.0,0.0,0.0,0.0,0.0,0.0,False,1.0,0.0,-0.0022345467379247808,-0.0,0.0,0.0,-0.0,1.0237645417021308,1.0237645417021308,-0.05404875023907241,1.0,0.0,1.0,False,False,False,0.0
2025-05-18,2025-05-19 00:00:00,0.0,0.0,0.0,0.0,0.0,0.0,0.0,0.0,0.0,0.0,False,1.0,0.0,0.004088785046729049,0.0,0.0,0.0,0.0,1.0237645417021308,1.0237645417021308,-0.05404875023907241,1.0,0.0,1.0,False,False,False,0.0
2025-05-19,2025-05-20 00:00:00,0.0,0.0,0.0,0.0,0.0,0.0,0.0,0.0,0.0,0.0,False,1.0,0.0,1.6224218702509674e-05,0.0,0.0,0.0,0.0,1.0237645417021308,1.0237645417021308,-0.05404875023907241,1.0,0.0,1.0,False,False,False,0.0
2025-05-20,2025-05-21 00:00:00,0.0,0.0,0.0,0.0,0.0,0.0,0.0,0.0,0.0,0.0,False,1.0,0.0,0.0003063540243228857,0.0,0.0,0.0,0.0,1.0237645417021308,1.0237645417021308,-0.05404875023907241,1.0,0.0,1.0,False,False,False,0.0
2025-05-21,2025-05-22 00:00:00,0.0,0.0,0.0,0.0,0.0,0.0,0.0,0.0,0.0,0.0,False,1.0,0.0,0.0025396676551834307,0.0,0.0,0.0,0.0,1.0237645417021308,1.0237645417021308,-0.05404875023907241,1.0,0.0,1.0,False,False,False,0.0
2025-05-22,2025-05-23 00:00:00,0.0,0.0,0.0,0.0,0.0,0.0,0.0,0.0,0.0,0.0,False,1.0,0.0,-0.004551637543162013,-0.0,0.0,0.0,-0.0,1.0237645417021308,1.0237645417021308,-0.05404875023907241,1.0,0.0,1.0,False,False,False,0.0
2025-05-23,2025-05-24 00:00:00,0.0,0.0,0.0,0.0,0.0,0.0,0.0,0.0,0.0,0.0,False,1.0,0.0,-0.0032536613396698666,-0.0,0.0,0.0,-0.0,1.0237645417021308,1.0237645417021308,-0.05404875023907241,1.0,0.0,1.0,False,False,False,0.0
2025-05-24,2025-05-25 00:00:00,0.0,0.0,0.0,0.0,0.0,0.0,0.0,0.0,0.0,0.0,False,1.0,0.0,0.0017451117263664884,0.0,0.0,0.0,0.0,1.0237645417021308,1.0237645417021308,-0.05404875023907241,1.0,0.0,1.0,False,False,False,0.0
2025-05-25,2025-05-26 00:00:00,0.0,0.0,0.0,0.0,0.0,0.0,0.0,0.0,0.0,0.0,False,1.0,0.0,0.002804354339358772,0.0,0.0,0.0,0.0,1.0237645417021308,1.0237645417021308,-0.05404875023907241,1.0,0.0,1.0,False,False,False,0.0
2025-05-26,2025-05-27 00:00:00,0.0,0.0,0.0,0.0,0.0,0.0,0.0,0.0,0.0,0.0,False,1.0,0.0,0.001620675919489445,0.0,0.0,0.0,0.0,1.0237645417021308,1.0237645417021308,-0.05404875023907241,1.0,0.0,1.0,False,False,False,0.0
2025-05-27,2025-05-28 00:00:00,0.0,0.0,0.0,0.0,0.0,0.0,0.0,0.0,0.0,0.0,False,1.0,0.0,0.0014342300399858843,0.0,0.0,0.0,0.0,1.0237645417021308,1.0237645417021308,-0.05404875023907241,1.0,0.0,1.0,False,False,False,0.0
2025-05-28,2025-05-29 00:00:00,0.0,0.0,0.0,0.0,0.0,0.0,0.0,0.0,0.0,0.0,False,1.0,0.0,-0.0036912267923125963,-0.0,0.0,0.0,-0.0,1.0237645417021308,1.0237645417021308,-0.05404875023907241,1.0,0.0,1.0,False,False,False,0.0
2025-05-29,2025-05-30 00:00:00,0.0,0.0,0.0,0.0,0.0,0.0,0.0,0.0,0.0,0.0,False,1.0,0.0,-0.00243864689072526,-0.0,0.0,0.0,-0.0,1.0237645417021308,1.0237645417021308,-0.05404875023907241,1.0,0.0,1.0,False,False,False,0.0
2025-05-30,2025-05-31 00:00:00,0.0,0.0,0.0,0.0,0.0,0.0,0.0,0.0,0.0,0.0,False,1.0,0.0,-0.0019791250345865263,-0.0,0.0,0.0,-0.0,1.0237645417021308,1.0237645417021308,-0.05404875023907241,1.0,0.0,1.0,False,False,False,0.0
2025-05-31,2025-06-01 00:00:00,0.0,0.0,0.0,0.0,0.0,0.0,0.0,0.0,0.0,0.0,False,1.0,0.0,-0.0002563162232394056,-0.0,0.0,0.0,-0.0,1.0237645417021308,1.0237645417021308,-0.05404875023907241,1.0,0.0,1.0,False,False,False,0.0
2025-06-01,2025-06-02 00:00:00,0.0,0.0,0.0,0.0,0.0,0.0,0.0,0.0,0.0,0.0,False,1.0,0.0,0.0005832222433821421,0.0,0.0,0.0,0.0,1.0237645417021308,1.0237645417021308,-0.05404875023907241,1.0,0.0,1.0,False,False,False,0.0
2025-06-02,2025-06-03 00:00:00,0.0,0.0,0.0,0.0,0.0,0.0,0.0,0.0,0.0,0.0,False,1.0,0.0,0.0014176912111021345,0.0,0.0,0.0,0.0,1.0237645417021308,1.0237645417021308,-0.05404875023907241,1.0,0.0,1.0,False,False,False,0.0
2025-06-03,2025-06-04 00:00:00,0.0,0.0,0.0,0.0,0.0,0.0,0.0,0.0,0.0,0.0,False,1.0,0.0,-0.0036018237082067195,-0.0,0.0,0.0,-0.0,1.0237645417021308,1.0237645417021308,-0.05404875023907241,1.0,0.0,1.0,False,False,False,0.0
2025-06-04,2025-06-05 00:00:00,0.0,0.0,0.0,0.0,0.0,0.0,0.0,0.0,0.0,0.0,False,1.0,0.0,-0.00044228051829275916,-0.0,0.0,0.0,-0.0,1.0237645417021308,1.0237645417021308,-0.05404875023907241,1.0,0.0,1.0,False,False,False,0.0
2025-06-05,2025-06-06 00:00:00,0.0,0.0,0.0,0.0,0.0,0.0,0.0,0.0,0.0,0.0,False,1.0,0.0,-0.0026971729774092346,-0.0,0.0,0.0,-0.0,1.0237645417021308,1.0237645417021308,-0.05404875023907241,1.0,0.0,1.0,False,False,False,0.0
2025-06-06,2025-06-07 00:00:00,0.0,0.0,0.0,0.0,0.0,0.0,0.0,0.0,0.0,0.0,False,1.0,0.0,0.003424315036983483,0.0,0.0,0.0,0.0,1.0237645417021308,1.0237645417021308,-0.05404875023907241,1.0,0.0,1.0,False,False,False,0.0
2025-06-07,2025-06-08 00:00:00,0.0,0.0,0.0,0.0,0.0,0.0,0.0,0.0,0.0,0.0,False,1.0,0.0,0.0017822546316739185,0.0,0.0,0.0,0.0,1.0237645417021308,1.0237645417021308,-0.05404875023907241,1.0,0.0,1.0,False,False,False,0.0
2025-06-08,2025-06-09 00:00:00,0.0,0.0,0.0,0.0,0.0,0.0,0.0,0.0,0.0,0.0,False,1.0,0.0,-0.0005368561702668861,-0.0,0.0,0.0,-0.0,1.0237645417021308,1.0237645417021308,-0.05404875023907241,1.0,0.0,1.0,False,False,False,0.0
2025-06-09,2025-06-10 00:00:00,0.0,0.0,0.0,0.0,0.0,0.0,0.0,0.0,0.0,0.0,False,1.0,0.0,-0.0014074623099729067,-0.0,0.0,0.0,-0.0,1.0237645417021308,1.0237645417021308,-0.05404875023907241,1.0,0.0,1.0,False,False,False,0.0
2025-06-10,2025-06-11 00:00:00,0.0,0.0,0.0,0.0,0.0,0.0,0.0,0.0,0.0,0.0,False,1.0,0.0,0.005573553232218975,0.0,0.0,0.0,0.0,1.0237645417021308,1.0237645417021308,-0.05404875023907241,1.0,0.0,1.0,False,False,False,0.0
2025-06-11,2025-06-12 00:00:00,0.0,0.0,0.0,0.0,0.0,0.0,0.0,0.0,0.0,0.0,False,1.0,0.0,-0.0004502869270186505,-0.0,0.0,0.0,-0.0,1.0237645417021308,1.0237645417021308,-0.05404875023907241,1.0,0.0,1.0,False,False,False,0.0
2025-06-12,2025-06-13 00:00:00,0.0,0.0,0.0,0.0,0.0,0.0,0.0,0.0,0.0,0.0,False,1.0,0.0,-0.011801994017221262,-0.0,0.0,0.0,-0.0,1.0237645417021308,1.0237645417021308,-0.05404875023907241,1.0,0.0,1.0,False,False,False,0.0
2025-06-13,2025-06-14 00:00:00,0.0,0.0,0.0,0.0,0.0,0.0,0.0,0.0,0.0,0.0,False,1.0,0.0,-0.002206892234008939,-0.0,0.0,0.0,-0.0,1.0237645417021308,1.0237645417021308,-0.05404875023907241,1.0,0.0,1.0,False,False,False,0.0
2025-06-14,2025-06-15 00:00:00,0.0,0.0,0.0,0.0,0.0,0.0,0.0,0.0,0.0,0.0,False,1.0,0.0,0.0029232313255700415,0.0,0.0,0.0,0.0,1.0237645417021308,1.0237645417021308,-0.05404875023907241,1.0,0.0,1.0,False,False,False,0.0
2025-06-15,2025-06-16 00:00:00,0.0,0.0,0.0,0.0,0.0,0.0,0.0,0.0,0.0,0.0,False,1.0,0.0,-0.0017211298156269983,-0.0,0.0,0.0,-0.0,1.0237645417021308,1.0237645417021308,-0.05404875023907241,1.0,0.0,1.0,False,False,False,0.0
2025-06-16,2025-06-17 00:00:00,0.0,0.0,0.0,0.0,0.0,0.0,0.0,0.0,0.0,0.0,False,1.0,0.0,-0.0032393112201404284,-0.0,0.0,0.0,-0.0,1.0237645417021308,1.0237645417021308,-0.05404875023907241,1.0,0.0,1.0,False,False,False,0.0
2025-06-17,2025-06-18 00:00:00,0.0,0.0,0.0,0.0,0.0,0.0,0.0,0.0,0.0,0.0,False,1.0,0.0,-0.0007562147649932127,-0.0,0.0,0.0,-0.0,1.0237645417021308,1.0237645417021308,-0.05404875023907241,1.0,0.0,1.0,False,False,False,0.0
2025-06-18,2025-06-19 00:00:00,0.0,0.0,0.0,0.0,0.0,0.0,0.0,0.0,0.0,0.0,False,1.0,0.0,-0.0023274781674590406,-0.0,0.0,0.0,-0.0,1.0237645417021308,1.0237645417021308,-0.05404875023907241,1.0,0.0,1.0,False,False,False,0.0
2025-06-19,2025-06-20 00:00:00,0.0,0.0,0.0,0.0,0.0,0.0,0.0,0.0,0.0,0.0,False,1.0,0.0,-0.0024259795993530897,-0.0,0.0,0.0,-0.0,1.0237645417021308,1.0237645417021308,-0.05404875023907241,1.0,0.0,1.0,False,False,False,0.0
2025-06-20,2025-06-21 00:00:00,0.0,0.0,0.0,0.0,0.0,0.0,0.0,0.0,0.0,0.0,False,1.0,0.0,-0.00497335701598578,-0.0,0.0,0.0,-0.0,1.0237645417021308,1.0237645417021308,-0.05404875023907241,1.0,0.0,1.0,False,False,False,0.0
2025-06-21,2025-06-22 00:00:00,0.0,0.0,0.0,0.0,0.0,0.0,0.0,0.0,0.0,0.0,False,1.0,0.0,0.0015795632631627754,0.0,0.0,0.0,0.0,1.0237645417021308,1.0237645417021308,-0.05404875023907241,1.0,0.0,1.0,False,False,False,0.0
2025-06-22,2025-06-23 00:00:00,-0.16994939642189028,0.0,0.0,-0.16994939642189028,0.0,0.0,0.0,0.16994939642189028,0.16994939642189028,-0.16994939642189028,False,1.0,0.0,-0.002752546105147302,0.0004677935491932089,0.0,1.4550462022422114e-07,0.00046764804457298466,1.0417674776397772,1.042254658163595,-0.036964012428299386,0.9995538913118156,0.0008497469821094513,0.9987041443297061,False,False,False,-1.0
2025-06-23,2025-06-24 00:00:00,-0.17253967182669103,0.04548784638559286,0.0,-0.17253967182669103,0.04548784638559286,0.0,0.04548784638559286,0.17253967182669103,0.2180275182122839,-0.12705182544109817,True,1.0,0.0,-0.0052312458508519954,0.0006646393346819168,0.0,1.866673957296951e-07,0.0006644526672861871,1.0352487500197685,1.0359366238130236,-0.042801831815967084,0.9997376970414157,0.0010901375910614196,0.9986475594503542,False,False,False,-1.0
2025-06-24,2025-06-25 00:00:00,-0.14838151926938756,0.04548784638559286,0.0,-0.14838151926938756,0.04548784638559286,0.0,0.04548784638559286,0.14838151926938756,0.19386936565498042,-0.1028936728837947,True,1.0,0.0,0.0037064644858928464,-0.0003813717443668608,0.0,1.6598404593748322e-07,-0.00038153772841279833,1.0277730174672057,1.0273808832847973,-0.05070727600321134,0.9983673637496162,0.0009693468282749022,0.9973980169213413,False,False,False,-1.0
2025-06-25,2025-06-26 00:00:00,-0.14554637024718967,0.04548784638559286,0.0,-0.14554637024718967,0.04548784638559286,0.0,0.04548784638559286,0.14554637024718967,0.19103421663278253,-0.1000585238615968,True,1.0,0.0,-0.0007023493377552592,7.027603797096131e-05,0.0,1.6355669232258777e-07,7.011248127863872e-05,1.028624186637436,1.0286963060314642,-0.04949183461948781,0.9994777800251584,0.0009551710831639127,0.9985226089419945,False,False,False,-1.0
2025-06-26,2025-06-27 00:00:00,-0.13430729058312074,0.0,0.0,-0.13430729058312074,0.0,0.0,0.0,0.13430729058312074,0.13430729058312074,-0.13430729058312074,False,1.0,0.0,0.0032506507489284964,-0.00043658609472057864,0.0,1.1498911864993213e-07,-0.0004367010838392286,1.0290073019332788,1.028557933329246,-0.049619690024968466,0.9993339250034522,0.0006715364529156037,0.9986623885505366,False,False,False,-1.0
2025-06-27,2025-06-28 00:00:00,-0.1348848837416765,0.0,0.0,-0.1348848837416765,0.0,0.0,0.0,0.1348848837416765,0.1348848837416765,-0.1348848837416765,False,1.0,0.0,-9.847002203255961e-05,1.3282117473902128e-05,0.0,1.1548363334047646e-07,1.3166633840561652e-05,1.0281946638522508,1.0282082017149066,-0.049942839581521126,0.9997502913921693,0.0006744244187083826,0.999075866973461,False,False,False,-1.0
2025-06-28,2025-06-29 00:00:00,-0.1372615375852175,0.0,0.0,-0.1372615375852175,0.0,0.0,0.0,0.1372615375852175,0.1372615375852175,-0.1372615375852175,False,1.0,0.0,0.0036191410516943634,-0.0004967688654933495,0.0,1.1751843971337115e-07,-0.0004968863839330628,1.0288151301483888,1.0283039259186337,-0.049854391089255934,0.9990708454916513,0.0006863076879260876,0.9983845378037252,False,False,False,-1.0
2025-06-29,2025-06-30 00:00:00,-0.13747939593573555,0.0,0.0,-0.13747939593573555,0.0,0.0,0.0,0.13747939593573555,0.13747939593573555,-0.13747939593573555,False,1.0,0.0,-0.002563724526571054,0.0003524592992586181,0.0,1.1770496227374619e-07,0.0003523415942963444,1.0278762103646215,1.0282383739073206,-0.049914960687537646,0.9999998822950378,0.0006873969796786778,0.9993124853153591,False,False,False,-1.0
2025-06-30,2025-07-01 00:00:00,-0.13759683920404175,0.0,0.0,-0.13759683920404175,0.0,0.0,0.0,0.13759683920404175,0.13759683920404175,-0.13759683920404175,False,1.0,0.0,0.004548777516042657,-0.0006258974084498819,0.0,1.1780551301715903e-07,-0.0006260152139628991,1.0266219080139651,1.0259792270805608,-0.05200239649637495,0.9985731714054044,0.0006879841960202087,0.9978851872093841,False,False,False,-1.0
2025-07-01,2025-07-02 00:00:00,-0.13793909134717605,0.0,0.0,-0.13793909134717605,0.0,0.0,0.0,0.13793909134717605,0.13793909134717605,-0.13793909134717605,False,1.0,0.0,0.0008552800112382464,-0.00011797654759760623,0.0,1.1809853711230825e-07,-0.00011809464613471854,1.0290045779283041,1.0288830579968027,-0.04931927711450379,0.9997821667266692,0.0006896954567358803,0.9990924712699333,False,False,False,-1.0
2025-07-02,2025-07-03 00:00:00,-0.13829679656498164,0.0,0.0,-0.13829679656498164,0.0,0.0,0.0,0.13829679656498164,0.13829679656498164,-0.13829679656498164,False,1.0,0.0,0.0023276253004844705,-0.0003219031226606051,0.0,1.1840479157960758e-07,-0.0003220215274521847,1.0248185438977706,1.0244885302649034,-0.05337978988943115,0.9994359961251685,0.0006914839828249083,0.9987445121423436,False,False,False,-1.0
2025-07-03,2025-07-04 00:00:00,-0.13769940143430653,0.0,0.0,-0.13769940143430653,0.0,0.0,0.0,0.13769940143430653,0.13769940143430653,-0.13769940143430653,False,1.0,0.0,-0.001957768144315475,0.0002695835016193939,0.0,1.1789332314581038e-07,0.0002694656082962481,1.0201204714465,1.0203953588298738,-0.057161851561555954,0.9998800672170683,0.0006884970071715327,0.9991915702098968,False,False,False,-1.0
2025-07-04,2025-07-05 00:00:00,0.0,0.0,0.0,0.0,0.0,0.0,0.0,0.0,0.0,0.0,False,1.0,0.0,-0.0004638200378253021,-0.0,0.0,0.0,-0.0,1.0199531401441555,1.0199531401441555,-0.05757045852280829,1.0,0.0,1.0,False,False,False,0.0
2025-07-05,2025-07-06 00:00:00,0.0,0.0,0.0,0.0,0.0,0.0,0.0,0.0,0.0,0.0,False,1.0,0.0,-0.0014658317798702525,-0.0,0.0,0.0,-0.0,1.0199531401441555,1.0199531401441555,-0.05757045852280829,1.0,0.0,1.0,False,False,False,0.0
2025-07-06,2025-07-07 00:00:00,0.0,0.0,0.0,0.0,0.0,0.0,0.0,0.0,0.0,0.0,False,1.0,0.0,0.0025638713673588054,0.0,0.0,0.0,0.0,1.0199531401441555,1.0199531401441555,-0.05757045852280829,1.0,0.0,1.0,False,False,False,0.0
2025-07-07,2025-07-08 00:00:00,0.0,0.0,0.0,0.0,0.0,0.0,0.0,0.0,0.0,0.0,False,1.0,0.0,-0.0010019526242085464,-0.0,0.0,0.0,-0.0,1.0199531401441555,1.0199531401441555,-0.05757045852280829,1.0,0.0,1.0,False,False,False,0.0
2025-07-08,2025-07-09 00:00:00,0.0,0.0,0.0,0.0,0.0,0.0,0.0,0.0,0.0,0.0,False,1.0,0.0,0.00010922652019917933,0.0,0.0,0.0,0.0,1.0199531401441555,1.0199531401441555,-0.05757045852280829,1.0,0.0,1.0,False,False,False,0.0
2025-07-09,2025-07-10 00:00:00,0.0,0.0,0.0,0.0,0.0,0.0,0.0,0.0,0.0,0.0,False,1.0,0.0,0.002684862811440425,0.0,0.0,0.0,0.0,1.0199531401441555,1.0199531401441555,-0.05757045852280829,1.0,0.0,1.0,False,False,False,0.0
2025-07-10,2025-07-11 00:00:00,0.0,0.0,0.0,0.0,0.0,0.0,0.0,0.0,0.0,0.0,False,1.0,0.0,0.0016352638129142338,0.0,0.0,0.0,0.0,1.0199531401441555,1.0199531401441555,-0.05757045852280829,1.0,0.0,1.0,False,False,False,0.0
2025-07-11,2025-07-12 00:00:00,0.0,0.0,0.0,0.0,0.0,0.0,0.0,0.0,0.0,0.0,False,1.0,0.0,-0.011259216578283548,-0.0,0.0,0.0,-0.0,1.0199531401441555,1.0199531401441555,-0.05757045852280829,1.0,0.0,1.0,False,False,False,0.0
2025-07-12,2025-07-13 00:00:00,0.0,0.0,0.0,0.0,0.0,0.0,0.0,0.0,0.0,0.0,False,1.0,0.0,0.0025858007901822244,0.0,0.0,0.0,0.0,1.0199531401441555,1.0199531401441555,-0.05757045852280829,1.0,0.0,1.0,False,False,False,0.0
2025-07-13,2025-07-14 00:00:00,0.0,0.0,0.0,0.0,0.0,0.0,0.0,0.0,0.0,0.0,False,1.0,0.0,0.0006724184650792608,0.0,0.0,0.0,0.0,1.0199531401441555,1.0199531401441555,-0.05757045852280829,1.0,0.0,1.0,False,False,False,0.0
2025-07-14,2025-07-15 00:00:00,0.14384159823017842,0.0,0.0,0.14384159823017842,0.0,0.0,0.14384159823017842,0.0,0.14384159823017842,0.14384159823017842,False,1.0,0.0,-0.0045522267259976434,-0.0006547995677736335,0.0,1.2315205327926234e-07,-0.0006549227198269128,1.021849583841102,1.0211803513323987,-0.0564365239998279,0.9984750206701632,0.0007192079911508921,0.9977558126790124,False,False,False,1.0
2025-07-15,2025-07-16 00:00:00,0.15197662639650095,0.0,0.0,0.15197662639650095,0.0,0.0,0.15197662639650095,0.0,0.15197662639650095,0.15197662639650095,False,1.0,0.0,0.004776370024890175,0.0007258966028041801,0.0,1.3011697465453847e-07,0.0007257664858295256,1.0218797468104441,1.022621392883227,-0.0551050117228965,0.9999993675324352,0.0007598831319825047,0.9992394844004527,False,False,False,1.0
2025-07-16,2025-07-17 00:00:00,0.15268078373158914,0.0,0.0,0.15268078373158914,0.0,0.0,0.15268078373158914,0.0,0.15268078373158914,0.15268078373158914,False,1.0,0.0,0.003753105671737922,0.0005730271153884183,0.0,1.3071984908526467e-07,0.000572896395539333,1.0323061488555056,1.0328975533272782,-0.04560991161068506,0.9996384795495061,0.0007634039186579457,0.9988750756308482,False,False,False,1.0
2025-07-17,2025-07-18 00:00:00,0.1526812433380148,0.0,0.0,0.1526812433380148,0.0,0.0,0.1526812433380148,0.0,0.1526812433380148,0.1526812433380148,False,1.0,0.0,-0.0011621421959815414,-0.0001774373154180326,0.0,1.307202425839168e-07,-0.00017756803566061651,1.0415735160878652,1.0413885659246174,-0.03776427557719386,0.9993806219653965,0.0007634062166900741,0.9986172157487064,False,False,False,1.0
2025-07-18,2025-07-19 00:00:00,0.14730609293869146,0.0,0.0,0.14730609293869146,0.0,0.0,0.14730609293869146,0.0,0.14730609293869146,0.14730609293869146,False,1.0,0.0,0.005020182203580914,0.000739503426249855,0.0,1.26118230255729e-07,0.0007393773080195993,1.0471068673850592,1.0478810744418752,-0.03176524328430719,0.9998308801173207,0.0007365304646934573,0.9990943496526272,False,False,False,1.0
2025-07-19,2025-07-20 00:00:00,0.1508055231377516,0.0,0.0,0.1508055231377516,0.0,0.0,0.1508055231377516,0.0,0.1508055231377516,0.1508055231377516,False,1.0,0.0,-0.0027033172481746304,-0.00040767517181828223,0.0,1.2911431775492432e-07,-0.0004078042861360372,1.0478092637962457,1.0473819626874166,-0.032226419041689325,0.999509644666611,0.0007540276156887581,0.9987556170509222,False,False,False,1.0
2025-07-20,2025-07-21 00:00:00,0.1490204024580259,0.0,0.0,0.1490204024580259,0.0,0.0,0.1490204024580259,0.0,0.1490204024580259,0.1490204024580259,False,1.0,0.0,0.003996902201876651,0.0005956199747090284,0.0,1.2758596100858378e-07,0.0005954923887480198,1.0567398980158982,1.0573691785820531,-0.0229983016647618,0.9999065968241044,0.0007451020122901295,0.9991614948118143,False,False,False,1.0
2025-07-21,2025-07-22 00:00:00,0.14920056841473953,0.0,0.0,0.14920056841473953,0.0,0.0,0.14920056841473953,0.0,0.14920056841473953,0.14920056841473953,False,1.0,0.0,-0.0017728035696984445,-0.00026450330028668725,0.0,1.2774021268385232e-07,-0.0002646310404993711,1.0588130863693888,1.0585328915606484,-0.021923039041742087,0.9996165964287959,0.0007460028420736976,0.9988705935867221,False,False,False,1.0
2025-07-22,2025-07-23 00:00:00,0.14456568906282094,0.0,0.0,0.14456568906282094,0.0,0.0,0.14456568906282094,0.0,0.14456568906282094,0.14456568906282094,False,1.0,0.0,0.002398404656677622,0.00034672702184407886,0.0,1.2377199406063436e-07,0.00034660324985001824,1.054486336722176,1.0548518251134062,-0.02532431859810602,0.9999998762280059,0.0007228284453141047,0.9992770477826918,False,False,False,1.0
2025-07-23,2025-07-24 00:00:00,0.14802490568795487,0.0,0.0,0.14802490568795487,0.0,0.0,0.14802490568795487,0.0,0.14802490568795487,0.14802490568795487,False,1.0,0.0,0.006096467140069839,0.0009024289734385539,0.0,1.2673365213009834e-07,0.0009023022397864238,1.0508054603219452,1.0517536044423736,-0.02818705274879818,0.9995868557506637,0.0007401245284397744,0.998846731222224,False,False,False,1.0
2025-07-24,2025-07-25 00:00:00,0.1864536020096606,0.0,0.0,0.1864536020096606,0.0,0.0,0.1864536020096606,0.0,0.1864536020096606,0.1864536020096606,False,1.0,0.0,-0.0012745163665573989,-0.00023763816736489194,0.0,1.5963493322744916e-07,-0.0002377978022981194,1.0569993875499906,1.0567480354186007,-0.02357223358740035,0.9991930687716599,0.000932268010048303,0.9982608007616116,False,False,False,1.0
2025-07-25,2025-07-26 00:00:00,0.18221862748589746,0.0,0.0,0.18221862748589746,0.0,0.0,0.18221862748589746,0.0,0.18221862748589746,0.18221862748589746,False,1.0,0.0,0.006271398654862592,0.001142765655305965,0.0,1.5600909887491218e-07,0.0011426096462070902,1.050562018058264,1.051762400354036,-0.028178925388169018,0.9999902536430871,0.0009110931374294873,0.9990791605056576,False,False,False,1.0
2025-07-26,2025-07-27 00:00:00,0.2003090010521398,0.0,0.0,0.2003090010521398,0.0,0.0,0.2003090010521398,0.0,0.2003090010521398,0.2003090010521398,False,1.0,0.0,0.0015554852309360712,0.0003115776927601614,0.0,1.7149743240765392e-07,0.0003114061953277538,1.0572744595313583,1.0576037013482182,-0.022781604275162404,0.9999869356325224,0.001001545005260699,0.9989853906272617,False,False,False,1.0
2025-07-27,2025-07-28 00:00:00,0.19614966103171058,0.0,0.0,0.19614966103171058,0.0,0.0,0.19614966103171058,0.0,0.19614966103171058,0.19614966103171058,False,1.0,0.0,0.0008964871857379819,0.0001758456576017773,0.0,1.6793635362303986e-07,0.00017567772124815428,1.0620301675010786,1.0622167425408018,-0.018519186596515524,0.9998106180227182,0.000980748305158553,0.9988298697175596,False,False,False,1.0
2025-07-28,2025-07-29 00:00:00,0.1953348290511534,0.0,0.0,0.1953348290511534,0.0,0.0,0.1953348290511534,0.0,0.1953348290511534,0.1953348290511534,False,1.0,0.0,0.0002680267711445694,5.235496352265708e-05,0.0,1.6723872350269982e-07,5.2187724799154384e-05,1.0615803668782522,1.061635768342291,-0.019056002677531936,0.9991041522578742,0.0009766741452557671,0.9981274781126184,False,False,False,1.0
2025-07-29,2025-07-30 00:00:00,0.19579321009947376,0.0,0.0,0.19579321009947376,0.0,0.0,0.19579321009947376,0.0,0.19579321009947376,0.19579321009947376,False,1.0,0.0,0.00044694877647777354,8.750953569661545e-05,0.0,1.6763117303037137e-07,8.734190452358508e-05,1.0590982458900557,1.0591907495479294,-0.021315182879622085,0.9997737660682774,0.0009789660504973688,0.99879480001778,False,False,False,1.0
2025-07-30,2025-07-31 00:00:00,0.19546420290875702,0.0,0.0,0.19546420290875702,0.0,0.0,0.19546420290875702,0.0,0.19546420290875702,0.19546420290875702,False,1.0,0.0,0.001421934728183638,0.0002779373382326949,0.0,1.67349488791744e-07,0.0002777699887439032,1.0609006405692227,1.0611953269282122,-0.019462967452265834,0.9997713980663978,0.0009773210145437852,0.9987940770518541,False,False,False,1.0
2025-07-31,2025-08-01 00:00:00,0.19316359639463673,0.0,0.0,0.19316359639463673,0.0,0.0,0.19316359639463673,0.0,0.19316359639463673,0.19316359639463673,False,1.0,0.0,-0.0015796413502109363,-0.00030512920422042433,0.0,1.6537979143376433e-07,-0.0003052945840118581,1.0610211438414385,1.0606972198327016,-0.019923214911832576,0.9991542344883122,0.0009658179819731836,0.998188416506339,False,False,False,1.0
2025-08-01,2025-08-02 00:00:00,0.19305960194472999,0.0,0.0,0.19305960194472999,0.0,0.0,0.19305960194472999,0.0,0.19305960194472999,0.19305960194472999,False,1.0,0.0,0.001180075015097204,0.00022782481267958742,0.0,1.6529075508966607e-07,0.00022765952192449774,1.0510934706219972,1.0513327620590172,-0.028575908156728724,0.9996821634915649,0.0009652980097236499,0.9987168654818412,False,False,False,1.0
2025-08-02,2025-08-03 00:00:00,0.19740463494491833,0.0,0.0,0.19740463494491833,0.0,0.0,0.19740463494491833,0.0,0.19740463494491833,0.19740463494491833,False,1.0,0.0,-0.0026189713903335132,-0.0005169970912399724,0.0,1.6901081758982734e-07,-0.0005171661020575623,1.0427817218816136,1.0422424305232112,-0.03697531068217663,0.9990062627907091,0.0009870231747245916,0.9980192396159846,False,False,False,1.0
2025-08-03,2025-08-04 00:00:00,0.0,0.0,0.0,0.0,0.0,0.0,0.0,0.0,0.0,0.0,False,1.0,0.0,0.000466456857059816,0.0,0.0,0.0,0.0,1.041958523443853,1.041958523443853,-0.03723763883049114,1.0,0.0,1.0,False,False,False,0.0
2025-08-04,2025-08-05 00:00:00,0.0,0.0,0.0,0.0,0.0,0.0,0.0,0.0,0.0,0.0,False,1.0,0.0,0.0018599820870262018,0.0,0.0,0.0,0.0,1.041958523443853,1.041958523443853,-0.03723763883049114,1.0,0.0,1.0,False,False,False,0.0
2025-08-05,2025-08-06 00:00:00,0.0,0.0,0.0,0.0,0.0,0.0,0.0,0.0,0.0,0.0,False,1.0,0.0,0.002454676945977452,0.0,0.0,0.0,0.0,1.041958523443853,1.041958523443853,-0.03723763883049114,1.0,0.0,1.0,False,False,False,0.0
2025-08-06,2025-08-07 00:00:00,0.0,0.0,0.0,0.0,0.0,0.0,0.0,0.0,0.0,0.0,False,1.0,0.0,0.005131807878285599,0.0,0.0,0.0,0.0,1.041958523443853,1.041958523443853,-0.03723763883049114,1.0,0.0,1.0,False,False,False,0.0
2025-08-07,2025-08-08 00:00:00,0.0,0.0,0.0,0.0,0.0,0.0,0.0,0.0,0.0,0.0,False,1.0,0.0,0.0006575702778235382,0.0,0.0,0.0,0.0,1.041958523443853,1.041958523443853,-0.03723763883049114,1.0,0.0,1.0,False,False,False,0.0
2025-08-08,2025-08-09 00:00:00,0.0,0.0,0.0,0.0,0.0,0.0,0.0,0.0,0.0,0.0,False,1.0,0.0,0.006356390629096875,0.0,0.0,0.0,0.0,1.041958523443853,1.041958523443853,-0.03723763883049114,1.0,0.0,1.0,False,False,False,0.0
2025-08-09,2025-08-10 00:00:00,0.16865391327864596,0.0,0.0,0.16865391327864596,0.0,0.0,0.16865391327864596,0.0,0.16865391327864596,0.16865391327864596,False,1.0,0.0,0.0012965200924930365,0.0002186631872433426,0.0,1.4439547369747084e-07,0.0002185187917696451,1.0527164232250708,1.0529464615459498,-0.02708486115888631,0.999883101499044,0.0008432695663932298,0.9990398319326508,False,False,False,1.0
2025-08-10,2025-08-11 00:00:00,0.16918523295777543,0.0,0.0,0.16918523295777543,0.0,0.0,0.16918523295777543,0.0,0.16918523295777543,0.16918523295777543,False,1.0,0.0,-0.0007510424564063367,-0.00012706529294828598,0.0,1.448503706830269e-07,-0.00012721014331896902,1.0534837777040762,1.0533497638817302,-0.026712212631785914,0.9997056408751055,0.0008459261647888772,0.9988597147103166,False,False,False,1.0
2025-08-11,2025-08-12 00:00:00,0.16462240254137792,0.0,-0.11478420499608488,0.16462240254137792,0.0,-0.11478420499608488,0.16462240254137792,0.11478420499608488,0.2794066075374628,0.049838197545293034,True,1.0,0.0,0.00402379489082394,0.0002005386846506243,0.0,2.39217985905362e-07,0.00020029946666471894,1.0553266531865608,1.0555380345523513,-0.024690265893674068,0.9992060171153763,0.0013970330376873142,0.9978089840776889,False,False,False,1.0
2025-08-12,2025-08-13 00:00:00,0.17181685887355125,0.0,0.0,0.17181685887355125,0.0,0.0,0.17181685887355125,0.0,0.17181685887355125,0.17181685887355125,False,1.0,0.0,0.006375520881406915,0.001095421971526071,0.0,1.4710347506297197e-07,0.001095274868051008,1.0597258992351113,1.0608865903795663,-0.01974823785590063,0.9999074073276003,0.0008590842943677563,0.9990483230332325,False,False,False,1.0
2025-08-13,2025-08-14 00:00:00,0.17315279854106083,0.0,0.0,0.17315279854106083,0.0,0.0,0.17315279854106083,0.0,0.17315279854106083,0.17315279854106083,False,1.0,0.0,-0.001040685224839355,-0.00018019755908126744,0.0,1.4824725902488083e-07,-0.00018034580634029233,1.0690307148566034,1.06883791965033,-0.012401265427617547,0.9992634888878533,0.0008657639927053042,0.998397724895148,False,False,False,1.0
2025-08-14,2025-08-15 00:00:00,0.17251823102848307,0.0,0.0,0.17251823102848307,0.0,0.0,0.17251823102848307,0.0,0.17251823102848307,0.17251823102848307,False,1.0,0.0,0.0021735405065954616,0.00037497536326660196,0.0,1.4770396492164645e-07,0.0003748276593016803,1.0667848417586852,1.0671847022239,-0.01392882672414153,0.9995096150446586,0.0008625911551424154,0.9986470238895162,False,False,False,1.0
2025-08-15,2025-08-16 00:00:00,0.17013627650451518,0.0,0.0,0.17013627650451518,0.0,0.0,0.17013627650451518,0.0,0.17013627650451518,0.17013627650451518,False,1.0,0.0,0.0034475104082196673,0.0005865465840650553,0.0,1.4566462029496165e-07,0.0005864009194447603,1.05902439424765,1.0596454071261512,-0.020895082469016724,0.9991604992367636,0.000850681382522576,0.9983098178542411,False,False,False,1.0
2025-08-16,2025-08-17 00:00:00,0.1685274747515194,0.0,0.0,0.1685274747515194,0.0,0.0,0.1685274747515194,0.0,0.1685274747515194,0.1685274747515194,False,1.0,0.0,0.0010445563593910467,0.00017603644548381368,0.0,1.442872215338351e-07,0.00017589215826227983,1.0582467630208316,1.0584329003279533,-0.022015430238819245,0.9997850835788549,0.0008426373737575971,0.9989424462050973,False,False,False,1.0
2025-08-17,2025-08-18 00:00:00,0.168132008054281,0.0,0.0,0.168132008054281,0.0,0.0,0.168132008054281,0.0,0.168132008054281,0.168132008054281,False,1.0,0.0,-0.0006838610972901282,-0.00011497893951759328,0.0,1.4394863703277482e-07,-0.00011512288815462606,1.0649685354079852,1.0648459331543951,-0.016089832926331482,0.9997009845130657,0.000840660040271405,0.9988603244727943,False,False,False,1.0
2025-08-18,2025-08-19 00:00:00,0.17306022978699198,0.0,0.0,0.17306022978699198,0.0,0.0,0.17306022978699198,0.0,0.17306022978699198,0.17306022978699198,False,1.0,0.0,0.005760365996244632,0.000996890262967271,0.0,1.4816800495461642e-07,0.0009967420949623166,1.0550401190543646,1.0560917219529002,-0.02417866262242252,0.9998327685363128,0.0008653011489349599,0.9989674673873778,False,False,False,1.0
2025-08-19,2025-08-20 00:00:00,0.17414831404735728,0.0,0.0,0.17414831404735728,0.0,0.0,0.17414831404735728,0.0,0.17414831404735728,0.17414831404735728,False,1.0,0.0,-0.005975424613340996,-0.0010406101221304162,0.0,1.4909958394465522e-07,-0.0010407592217143609,1.0506717793329399,1.049578282989604,-0.030197034500518027,0.9988047397121178,0.0008707415702367865,0.997933998141881,False,False,False,1.0
2025-08-20,2025-08-21 00:00:00,0.16526854444826772,0.0,0.0,0.16526854444826772,0.0,0.0,0.16526854444826772,0.0,0.16526854444826772,0.16526854444826772,False,1.0,0.0,-0.007670933740210106,-0.0012677640538036304,0.0,1.4149704147968125e-07,-0.0012679055508451101,1.0535911461929317,1.0522552921303525,-0.02772349684692621,0.9985227283052329,0.0008263427222413387,0.9976963855829916,False,False,False,1.0
2025-08-21,2025-08-22 00:00:00,0.17023180590361603,0.0,0.0,0.17023180590361603,0.0,0.0,0.17023180590361603,0.0,0.17023180590361603,0.17023180590361603,False,1.0,0.0,-0.004244141418172309,-0.0007224878581258062,0.0,1.457464091640548e-07,-0.0007226336045349702,1.0525736601790385,1.0518130350809447,-0.028132139255958477,0.9990292109972924,0.0008511590295180801,0.9981780519677743,False,False,False,1.0
2025-08-22,2025-08-23 00:00:00,0.16987813766171314,0.0,0.0,0.16987813766171314,0.0,0.0,0.16987813766171314,0.0,0.16987813766171314,0.16987813766171314,False,1.0,0.0,-0.006629144560549971,-0.001126146732236505,0.0,1.454436110117407e-07,-0.0011262921758475165,1.0686165796159084,1.0674130051233062,-0.013717876447764343,0.9987534148777545,0.0008493906883085657,0.9979040241894459,False,False,False,1.0
2025-08-23,2025-08-24 00:00:00,0.17221926851815691,0.0,0.0,0.17221926851815691,0.0,0.0,0.17221926851815691,0.0,0.17221926851815691,0.17221926851815691,False,1.0,0.0,-0.0002168306931213948,-3.734242336165157e-05,0.0,1.4744800386828503e-07,-3.748987136551986e-05,1.072791933656722,1.072751714825127,-0.008784946160735885,0.9998613592925383,0.0008610963425907846,0.9990002629499475,False,False,False,1.0
2025-08-24,2025-08-25 00:00:00,0.15747183186853633,0.0,0.0,0.15747183186853633,0.0,0.0,0.15747183186853633,0.0,0.15747183186853633,0.15747183186853633,False,1.0,0.0,-0.0031730793207489505,-0.0004996706133025082,0.0,1.3482177386004823e-07,-0.0004998054350763682,1.074971573185879,1.0744342965510483,-0.0072302524576176586,0.9994115169380703,0.0007873591593426817,0.9986241577787276,False,False,False,1.0
2025-08-25,2025-08-26 00:00:00,0.1569937620979315,0.0,-0.061311885206886615,0.1569937620979315,0.0,-0.061311885206886615,0.1569937620979315,0.061311885206886615,0.2183056473048181,0.09568187689104489,True,1.0,0.0,-0.003521035430824271,-0.0003368992786211351,0.0,1.8690551995275523e-07,-0.00033708618414108785,1.0699948715309626,1.0696341910426677,-0.011665516250879637,0.9992176404240357,0.0010915282365240905,0.9981261121875116,False,False,False,1.0
2025-08-26,2025-08-27 00:00:00,0.159971639242355,0.0,-0.061311885206886615,0.159971639242355,0.0,-0.061311885206886615,0.159971639242355,0.061311885206886615,0.2212835244492416,0.09865975403546838,True,1.0,0.0,0.002339228010368899,0.00023078766013587366,0.0,1.8945507230243287e-07,0.00023059820506357123,1.0672764465392244,1.067522558572103,-0.01361664983013533,0.9996976622030125,0.001106417622246208,0.9985912445807663,False,False,False,1.0
2025-08-27,2025-08-28 00:00:00,0.15541144231137044,0.0,-0.061311885206886615,0.15541144231137044,0.0,-0.061311885206886615,0.15541144231137044,0.061311885206886615,0.21672332751825707,0.09409955710448382,True,1.0,0.0,0.0033626559808932477,0.0003164244384967982,0.0,1.855507941080968e-07,0.0003162388877026901,1.0702296696950662,1.070568117935397,-0.010802574358114159,0.9996472635842987,0.0010836166375912855,0.9985636469467074,False,False,False,1.0
2025-08-28,2025-08-29 00:00:00,0.15434708779672135,0.0,0.0,0.15434708779672135,0.0,0.0,0.15434708779672135,0.0,0.15434708779672135,0.15434708779672135,False,1.0,0.0,-0.0032255850662276098,-0.0004978596614128261,0.0,1.3214647927801484e-07,-0.0004979918078921042,1.0669734655926557,1.0664421215475524,-0.014614966056210599,0.9988445737456025,0.0007717354389836068,0.998072838306619,False,False,False,1.0
2025-08-29,2025-08-30 00:00:00,0.15325434453488024,0.0,0.0,0.15325434453488024,0.0,0.0,0.15325434453488024,0.0,0.15325434453488024,0.15325434453488024,False,1.0,0.0,-0.0042285933233465745,-0.0006480502980740502,0.0,1.3121091141684952e-07,-0.000648181508985467,1.0602497602589038,1.0595625259693977,-0.02097166407603568,0.9990617523095622,0.0007662717226744012,0.9982954805868878,False,False,False,1.0
2025-08-30,2025-08-31 00:00:00,0.15063583361710642,0.0,0.0,0.15063583361710642,0.0,0.0,0.15063583361710642,0.0,0.15063583361710642,0.15063583361710642,False,1.0,0.0,-0.0003382308242548815,-5.094968216663509e-05,0.0,1.2896903563108427e-07,-5.107865120226618e-05,1.0618925920790103,1.0618383520376853,-0.018868816765114205,0.9997520077123159,0.0007531791680855321,0.9989988285442304,False,False,False,1.0
2025-08-31,2025-09-01 00:00:00,0.14612119443360422,0.0,0.0,0.14612119443360422,0.0,0.0,0.14612119443360422,0.0,0.14612119443360422,0.14612119443360422,False,1.0,0.0,-0.0003122212310435746,-4.562213920761742e-05,0.0,1.2510376235753786e-07,-4.574724296997496e-05,1.0656957550571082,1.0656470024144695,-0.015349650553485694,0.9999021131693642,0.0007306059721680211,0.9991715071971962,False,False,False,1.0
2025-09-01,2025-09-02 00:00:00,0.14605454057866388,0.0,0.0,0.14605454057866388,0.0,0.0,0.14605454057866388,0.0,0.14605454057866388,0.14605454057866388,False,1.0,0.0,-0.0013834870286638656,-0.00020206456236804168,0.0,1.2504669570091084e-07,-0.00020218960906374258,1.0615818239781438,1.0613671831641645,-0.019304173496667354,0.9992377837727177,0.0007302727028933194,0.9985075110698244,False,False,False,1.0
2025-09-02,2025-09-03 00:00:00,0.15084541553798425,0.0,0.0,0.15084541553798425,0.0,0.0,0.15084541553798425,0.0,0.15084541553798425,0.15084541553798425,False,1.0,0.0,-0.003366065417740316,-0.0005077555366670765,0.0,1.2914847220717828e-07,-0.0005078846851392836,1.0595138824279642,1.0589757715533865,-0.0215138210374457,0.9991009684635109,0.0007542270776899212,0.998346741385821,False,False,False,1.0
2025-09-03,2025-09-04 00:00:00,0.15391181141114435,0.0,0.0,0.15391181141114435,0.0,0.0,0.15391181141114435,0.0,0.15391181141114435,0.15391181141114435,False,1.0,0.0,0.001812506293424665,0.0002789661268150893,0.0,1.3177381113967838e-07,0.00027883435300394963,1.0655734010232598,1.0658705194931124,-0.01514312234189752,0.999760508401329,0.0007695590570557218,0.9989909493442733,False,False,False,1.0
2025-09-04,2025-09-05 00:00:00,0.1527900374354676,0.0,-0.11608698617506881,0.1527900374354676,0.0,-0.11608698617506881,0.1527900374354676,0.11608698617506881,0.2688770236105364,0.036703051260398786,True,1.0,0.0,0.00013017171043294695,4.7776989606742395e-06,0.0,2.3020293117340445e-07,4.547496029500835e-06,1.0614557185015068,1.0614605454671722,-0.019217907384086574,0.9996073321795002,0.001344385118052682,0.9982629470614475,False,False,False,1.0
2025-09-05,2025-09-06 00:00:00,0.1538573026422827,0.0,0.0,0.1538573026422827,0.0,0.0,0.1538573026422827,0.0,0.1538573026422827,0.1538573026422827,False,1.0,0.0,-0.004883774988377554,-0.000751404446423616,0.0,1.3172714267318723e-07,-0.0007515361735662892,1.0577510616107493,1.0569561234253206,-0.02337996172995771,0.999048542319746,0.0007692865132114136,0.9982792558065346,False,False,False,1.0
2025-09-06,2025-09-07 00:00:00,0.15092773649675245,0.0,0.0,0.15092773649675245,0.0,0.0,0.15092773649675245,0.0,0.15092773649675245,0.15092773649675245,False,1.0,0.0,-0.0015183062346473264,-0.00022915452330422807,0.0,1.292189524800963e-07,-0.00022928374225670816,1.0567257721864578,1.0564834821468718,-0.023816678953328174,0.9995337937844966,0.0007546386824837623,0.9987791551020129,False,False,False,1.0
2025-09-07,2025-09-08 00:00:00,0.15153516074892343,0.0,0.0,0.15153516074892343,0.0,0.0,0.15153516074892343,0.0,0.15153516074892343,0.15153516074892343,False,1.0,0.0,-0.0011854041879633126,-0.00017963041417546762,0.0,1.2973900749051661e-07,-0.00017976015318295813,1.0577639049937526,1.0575737611921594,-0.022809268769182545,0.999742047784176,0.0007576758037446172,0.9989843719804313,False,False,False,1.0
2025-09-08,2025-09-09 00:00:00,0.15520219633403437,0.0,0.0,0.15520219633403437,0.0,0.0,0.15520219633403437,0.0,0.15520219633403437,0.15520219633403437,False,1.0,0.0,-2.2883295195397224e-06,-3.551537673685705e-07,0.0,1.3287859275174175e-07,-4.880323601203122e-07,1.0603494036783305,1.0603488861935086,-0.02024507274916354,0.9996447133540525,0.0007760109816701718,0.9988687023723823,False,False,False,1.0
2025-09-09,2025-09-10 00:00:00,0.15688823221779777,0.0,0.0,0.15688823221779777,0.0,0.0,0.15688823221779777,0.0,0.15688823221779777,0.15688823221779777,False,1.0,0.0,0.0013859738511377007,0.00021744298740508707,0.0,1.3432211662482685e-07,0.00021730866528846225,1.0568572254840236,1.057086889717094,-0.023259134594331488,0.9999547636754368,0.0007844411610889888,0.9991703225143478,False,False,False,1.0
2025-09-10,2025-09-11 00:00:00,0.16571268355534144,0.0,0.0,0.16571268355534144,0.0,0.0,0.16571268355534144,0.0,0.16571268355534144,0.16571268355534144,False,1.0,0.0,-0.0009664444146999518,-0.00016015209746700029,0.0,1.4187729756450467e-07,-0.0001602939747645648,1.062062716801567,1.0618924745472416,-0.01881880794622126,0.9995927108890011,0.0008285634177767073,0.9987641474712244,False,False,False,1.0
2025-09-11,2025-09-12 00:00:00,0.16454893209833654,0.0,0.0,0.16454893209833654,0.0,0.0,0.16454893209833654,0.0,0.16454893209833654,0.16454893209833654,False,1.0,0.0,0.00022676508271257667,3.731395219754545e-05,0.0,1.408809350156991e-07,3.717307126252975e-05,1.0621785045679195,1.0622179890051633,-0.01851803487219561,0.9995950027377216,0.0008227446604916828,0.9987722580772299,False,False,False,1.0
2025-09-12,2025-09-13 00:00:00,0.16436123944240105,0.0,0.0,0.16436123944240105,0.0,0.0,0.16436123944240105,0.0,0.16436123944240105,0.16436123944240105,False,1.0,0.0,0.00022026431718069617,3.6202916176753376e-05,0.0,1.4072023924863104e-07,3.606219593750475e-05,1.0672880471794977,1.0673265359301767,-0.013797773375206934,0.9999039215518924,0.0008218061972120053,0.9990821153546804,False,False,False,1.0
2025-09-13,2025-09-14 00:00:00,0.16719452297197868,0.0,0.0,0.16719452297197868,0.0,0.0,0.16719452297197868,0.0,0.16719452297197868,0.16719452297197868,False,1.0,0.0,-0.00032640089330782107,-5.457244165422885e-05,0.0,1.4314599569518722e-07,-5.471558764992404e-05,1.0718565569159972,1.071797909654609,-0.009666255442633664,0.9997751045614021,0.0008359726148598934,0.9989391319465422,False,False,False,1.0
2025-09-14,2025-09-15 00:00:00,0.17009053937183985,0.0,0.0,0.17009053937183985,0.0,0.0,0.17009053937183985,0.0,0.17009053937183985,0.17009053937183985,False,1.0,0.0,-0.0009219100756272525,-0.00015680818201577304,0.0,1.4562546179095877e-07,-0.000156953807477564,1.069177403107298,1.0690095916430113,-0.012242641711508018,0.9997296104863834,0.0008504526968591993,0.9988791577895242,False,False,False,1.0
2025-09-15,2025-09-16 00:00:00,0.16847894064552257,0.0,0.0,0.16847894064552257,0.0,0.0,0.16847894064552257,0.0,0.16847894064552257,0.16847894064552257,False,1.0,0.0,0.004433975954722502,0.0007470315716993668,0.0,1.442456683608926e-07,0.0007468873260310059,1.0648718541281699,1.0656671934198654,-0.015330994206239734,0.9997971115362319,0.0008423947032276129,0.9989547168330042,False,False,False,1.0
2025-09-16,2025-09-17 00:00:00,0.17321899344894265,0.0,0.0,0.17321899344894265,0.0,0.0,0.17321899344894265,0.0,0.17321899344894265,0.17321899344894265,False,1.0,0.0,0.0038287128735130516,0.0006632057901549397,0.0,1.483039327473824e-07,0.0006630574862221923,1.06358070586397,1.0642859210131943,-0.01660728021354596,0.9998063030890754,0.0008660949672447132,0.9989402081218306,False,False,False,1.0
2025-09-17,2025-09-18 00:00:00,0.17220392207342403,0.0,0.0,0.17220392207342403,0.0,0.0,0.17220392207342403,0.0,0.17220392207342403,0.17220392207342403,False,1.0,0.0,-0.0009350579958590233,-0.00016102065425303928,0.0,1.4743486478889041e-07,-0.00016116808911782816,1.0653912492636364,1.0652195421918298,-0.015744620798457065,0.9997702064415696,0.0008610196103671201,0.9989091868312024,False,False,False,1.0
2025-09-18,2025-09-19 00:00:00,0.17613485568762438,0.0,0.0,0.17613485568762438,0.0,0.0,0.17613485568762438,0.0,0.17613485568762438,0.17613485568762438,False,1.0,0.0,0.00034816820005745264,6.132455567213935e-05,0.0,1.5080039014351402e-07,6.117375528199583e-05,1.0697745422170941,1.0698399843431468,-0.011475364685894829,0.9999507895550721,0.000880674278438122,0.999070115276634,False,False,False,1.0
2025-09-19,2025-09-20 00:00:00,0.18444052124363255,0.0,0.0,0.18444052124363255,0.0,0.0,0.18444052124363255,0.0,0.18444052124363255,0.18444052124363255,False,1.0,0.0,-6.930409743721722e-05,-1.2782483855639842e-05,0.0,1.5791140517434294e-07,-1.2940395260814186e-05,1.0644661961425053,1.0644524215291855,-0.01645343490559481,0.9996406955260709,0.0009222026062181628,0.9987184929198528,False,False,False,1.0
2025-09-20,2025-09-21 00:00:00,0.18823978213424036,0.0,0.0,0.18823978213424036,0.0,0.0,0.18823978213424036,0.0,0.18823978213424036,0.18823978213424036,False,1.0,0.0,-0.00018458678136246132,-3.474657550853038e-05,0.0,1.6116419703274002e-07,-3.490773970556312e-05,1.0655046980586562,1.0654675036980013,-0.015515506107431132,0.9997691718104391,0.0009411989106712018,0.9988279728997679,False,False,False,1.0
2025-09-21,2025-09-22 00:00:00,0.1853418330016473,0.0,0.0,0.1853418330016473,0.0,0.0,0.1853418330016473,0.0,0.1853418330016473,0.1853418330016473,False,1.0,0.0,-0.00038376324485212,-7.112738323955191e-05,0.0,1.586830762000405e-07,-7.128606631575194e-05,1.0648536650737577,1.0647777558447726,-0.01615282828182163,0.99986048126953,0.0009267091650082365,0.9989337721045217,False,False,False,1.0
2025-09-22,2025-09-23 00:00:00,0.18537829325326738,0.0,0.0,0.18537829325326738,0.0,0.0,0.18537829325326738,0.0,0.18537829325326738,0.18537829325326738,False,1.0,0.0,-0.0008107129236755162,-0.00015028857810933362,0.0,1.587142921688933e-07,-0.0001504472924015025,1.050752051747935,1.050593968946764,-0.029258547806162882,0.9994142493999979,0.000926891466266337,0.9984873579337316,False,False,False,1.0
2025-09-23,2025-09-24 00:00:00,0.0,0.0,0.0,0.0,0.0,0.0,0.0,0.0,0.0,0.0,False,1.0,0.0,1.9143656390552266e-05,0.0,0.0,0.0,0.0,1.050994749342768,1.050994749342768,-0.02888822953371195,1.0,0.0,1.0,False,False,False,0.0
2025-09-24,2025-09-25 00:00:00,0.0,0.0,0.0,0.0,0.0,0.0,0.0,0.0,0.0,0.0,False,1.0,0.0,-0.006068360969600728,-0.0,0.0,0.0,-0.0,1.050994749342768,1.050994749342768,-0.02888822953371195,1.0,0.0,1.0,False,False,False,0.0
2025-09-25,2025-09-26 00:00:00,0.0,0.0,0.0,0.0,0.0,0.0,0.0,0.0,0.0,0.0,False,1.0,0.0,0.0008656427397342181,0.0,0.0,0.0,0.0,1.050994749342768,1.050994749342768,-0.02888822953371195,1.0,0.0,1.0,False,False,False,0.0
2025-09-26,2025-09-27 00:00:00,0.0,0.0,0.0,0.0,0.0,0.0,0.0,0.0,0.0,0.0,False,1.0,0.0,-0.0015468667719852336,-0.0,0.0,0.0,-0.0,1.050994749342768,1.050994749342768,-0.02888822953371195,1.0,0.0,1.0,False,False,False,0.0
2025-09-27,2025-09-28 00:00:00,0.0,0.0,0.0,0.0,0.0,0.0,0.0,0.0,0.0,0.0,False,1.0,0.0,0.0004732819863895177,0.0,0.0,0.0,0.0,1.050994749342768,1.050994749342768,-0.02888822953371195,1.0,0.0,1.0,False,False,False,0.0
2025-09-28,2025-09-29 00:00:00,0.0,0.0,0.0,0.0,0.0,0.0,0.0,0.0,0.0,0.0,False,1.0,0.0,-5.473453749327284e-05,-0.0,0.0,0.0,-0.0,1.050994749342768,1.050994749342768,-0.02888822953371195,1.0,0.0,1.0,False,False,False,0.0
2025-09-29,2025-09-30 00:00:00,0.0,0.0,0.0,0.0,0.0,0.0,0.0,0.0,0.0,0.0,False,1.0,0.0,-0.0013911942203076455,-0.0,0.0,0.0,-0.0,1.050994749342768,1.050994749342768,-0.02888822953371195,1.0,0.0,1.0,False,False,False,0.0
2025-09-30,2025-10-01 00:00:00,0.0,0.0,0.0,0.0,0.0,0.0,0.0,0.0,0.0,0.0,False,1.0,0.0,0.0023489491799366657,0.0,0.0,0.0,0.0,1.050994749342768,1.050994749342768,-0.02888822953371195,1.0,0.0,1.0,False,False,False,0.0
2025-10-01,2025-10-02 00:00:00,0.0,0.0,0.0,0.0,0.0,0.0,0.0,0.0,0.0,0.0,False,1.0,0.0,-0.0018418799177385425,-0.0,0.0,0.0,-0.0,1.050994749342768,1.050994749342768,-0.02888822953371195,1.0,0.0,1.0,False,False,False,0.0
2025-10-02,2025-10-03 00:00:00,0.0,0.0,0.0,0.0,0.0,0.0,0.0,0.0,0.0,0.0,False,1.0,0.0,0.006213702359346707,0.0,0.0,0.0,0.0,1.050994749342768,1.050994749342768,-0.02888822953371195,1.0,0.0,1.0,False,False,False,0.0
2025-10-03,2025-10-04 00:00:00,0.0,0.0,0.0,0.0,0.0,0.0,0.0,0.0,0.0,0.0,False,1.0,0.0,0.007404658356796823,0.0,0.0,0.0,0.0,1.050994749342768,1.050994749342768,-0.02888822953371195,1.0,0.0,1.0,False,False,False,0.0
2025-10-04,2025-10-05 00:00:00,0.0,0.0,0.0,0.0,0.0,0.0,0.0,0.0,0.0,0.0,False,1.0,0.0,-0.0005655042412816558,-0.0,0.0,0.0,-0.0,1.050994749342768,1.050994749342768,-0.02888822953371195,1.0,0.0,1.0,False,False,False,0.0
2025-10-05,2025-10-06 00:00:00,0.0,0.0,0.0,0.0,0.0,0.0,0.0,0.0,0.0,0.0,False,1.0,0.0,0.0009963547995139876,0.0,0.0,0.0,0.0,1.050994749342768,1.050994749342768,-0.02888822953371195,1.0,0.0,1.0,False,False,False,0.0
2025-10-06,2025-10-07 00:00:00,0.0,0.0,0.0,0.0,0.0,0.0,0.0,0.0,0.0,0.0,False,1.0,0.0,0.0005247724736490156,0.0,0.0,0.0,0.0,1.050994749342768,1.050994749342768,-0.02888822953371195,1.0,0.0,1.0,False,False,False,0.0
2025-10-07,2025-10-08 00:00:00,0.2147614704781787,0.0,0.0,0.2147614704781787,0.0,0.0,0.2147614704781787,0.0,0.2147614704781787,0.2147614704781787,False,1.0,0.0,0.00020844698128841266,4.4766380218236905e-05,0.0,1.8387112198474204e-07,4.458250909625216e-05,1.0434691645197693,1.0435156849932883,-0.03579883249000304,0.9988849427662082,0.0010738073523908936,0.9978111354138173,False,False,False,1.0
2025-10-08,2025-10-09 00:00:00,0.21035501840527862,0.0,0.0,0.21035501840527862,0.0,0.0,0.21035501840527862,0.0,0.21035501840527862,0.21035501840527862,False,1.0,0.0,-0.0019422097182335563,-0.0004085535610259307,0.0,1.800984746620536e-07,-0.00040873365950059275,1.0407364588366221,1.0403110748152262,-0.038759869798341895,0.9992587556966124,0.001051775092026393,0.998206980604586,False,False,False,1.0
2025-10-09,2025-10-10 00:00:00,0.20299217994537483,0.0,0.0,0.20299217994537483,0.0,0.0,0.20299217994537483,0.0,0.20299217994537483,0.20299217994537483,False,1.0,0.0,0.0045494358047353245,0.0009234998915247641,0.0,1.7379467461076611e-07,0.0009233260968501534,1.0330670340399093,1.034020891792234,-0.044571954754841325,0.9999539585711841,0.0010149608997268742,0.9989389976714572,False,False,False,1.0
2025-10-10,2025-10-11 00:00:00,0.20299184185426797,0.0,0.0,0.20299184185426797,0.0,0.0,0.20299184185426797,0.0,0.20299184185426797,0.20299184185426797,False,1.0,0.0,-0.00847906345879057,-0.0017211807086991177,0.0,1.7379438514920204e-07,-0.001721354503084267,1.0253896192582208,1.0236245602196947,-0.054178092146180856,0.9977579233036081,0.0010149592092713398,0.9967429640943368,False,False,False,1.0
2025-10-11,2025-10-12 00:00:00,0.20031641085229823,0.0,0.0,0.20031641085229823,0.0,0.0,0.20031641085229823,0.0,0.20031641085229823,0.20031641085229823,False,1.0,0.0,0.001745310460856242,0.0003496143273416929,0.0,1.7150377641463889e-07,0.00034944282356527825,1.0098472201366626,1.0102001040006368,-0.0665821954536322,0.9998979888873583,0.0010015820542614911,0.9988964068330968,False,False,False,1.0
2025-10-12,2025-10-13 00:00:00,0.1929001025652975,0.0,0.0,0.1929001025652975,0.0,0.0,0.1929001025652975,0.0,0.1929001025652975,0.1929001025652975,False,1.0,0.0,0.0063146912665073,0.0012181045929774465,0.0,1.651541974017958e-07,0.0012179394387800448,1.0196288987986883,1.0208707450474552,-0.05672259803369628,0.9999993533815366,0.0009645005128264875,0.9990348528687101,False,False,False,1.0
2025-10-13,2025-10-14 00:00:00,0.17606693071673635,0.0,0.0,0.17606693071673635,0.0,0.0,0.17606693071673635,0.0,0.17606693071673635,0.17606693071673635,False,1.0,0.0,0.003235429040220783,0.0005696520606634694,0.0,1.507422352026852e-07,0.0005695013184282668,1.02508350831823,1.0256672947277163,-0.05229061980065497,0.9999947211071811,0.0008803346535836817,0.9991143864535974,False,False,False,1.0
2025-10-14,2025-10-15 00:00:00,0.1691719148270012,0.0,0.0,0.1691719148270012,0.0,0.0,0.1691719148270012,0.0,0.1691719148270012,0.1691719148270012,False,1.0,0.0,0.015600903419662249,0.0026392347045353735,0.0,1.4483896817380238e-07,0.0026390898655672,1.0209898934902355,1.0236843775709923,-0.05412282133349655,0.9999998551610318,0.000845859574135006,0.9991539955868969,False,False,False,1.0
2025-10-15,2025-10-16 00:00:00,0.16917234570438497,0.0,-0.08068746211846281,0.16917234570438497,0.0,-0.08068746211846281,0.16917234570438497,0.08068746211846281,0.24985980782284778,0.08848488358592216,True,1.0,0.0,-0.0010694677013222131,-9.46317250503998e-05,0.0,2.1392106834147928e-07,-9.484564611874128e-05,1.021374612207019,1.021277739271995,-0.05634653822729907,0.9988687964783484,0.001249299039114239,0.9976194974392342,False,False,False,1.0
2025-10-16,2025-10-17 00:00:00,0.16935814478121008,0.0,-0.08068746211846281,0.16935814478121008,0.0,-0.08068746211846281,0.16935814478121008,0.08068746211846281,0.2500456068996729,0.08867068266274727,True,1.0,0.0,-0.01172460217840221,-0.0010396284791080578,0.0,2.1408014289355558e-07,-0.0010398425592509513,1.0206919495293476,1.0196305906003422,-0.05786849203701139,0.9973324720102431,0.0012502280344983646,0.9960822439757447,False,False,False,1.0
2025-10-17,2025-10-18 00:00:00,0.16860226421684377,0.0,0.0,0.16860226421684377,0.0,0.0,0.16860226421684377,0.0,0.16860226421684377,0.16860226421684377,False,1.0,0.0,0.007201976430377899,0.0012142695329980559,0.0,1.4435125361031144e-07,0.0012141251817444456,1.0162815432226686,1.0175154362360372,-0.0598228798213597,0.9999815118569804,0.0008430113210842188,0.9991385005358961,False,False,False,1.0
2025-10-18,2025-10-19 00:00:00,0.1680278904734643,0.0,0.0,0.1680278904734643,0.0,0.0,0.1680278904734643,0.0,0.1680278904734643,0.1680278904734643,False,1.0,0.0,0.0010873860633784371,0.00018271118635972356,0.0,1.4385949526837698e-07,0.00018256732686445517,1.0209525904984533,1.021138983083756,-0.0564747479711708,0.999985968354368,0.0008401394523673216,0.9991458289020008,False,False,False,1.0
2025-10-19,2025-10-20 00:00:00,0.16674642740268542,0.0,0.0,0.16674642740268542,0.0,0.0,0.16674642740268542,0.0,0.16674642740268542,0.16674642740268542,False,1.0,0.0,0.0009689166505180147,0.00016156338992485525,0.0,1.4276235222832654e-07,0.00016142062757262693,1.0254095333263091,1.0255750555766976,-0.052375848128682456,0.9999557944949409,0.0008337321370134271,0.9991220623579274,False,False,False,1.0
2025-10-20,2025-10-21 00:00:00,0.1672547535571165,0.0,0.0,0.1672547535571165,0.0,0.0,0.1672547535571165,0.0,0.1672547535571165,0.1672547535571165,False,1.0,0.0,-0.006432392845173274,-0.0010758482801020153,0.0,1.431975629769833e-07,-0.0010759914776649923,1.0277886615391767,1.02668276969852,-0.05135232805621193,0.9988737662830867,0.0008362737677855825,0.998037492515301,False,False,False,1.0
2025-10-21,2025-10-22 00:00:00,0.16605183954639302,0.0,0.0,0.16605183954639302,0.0,0.0,0.16605183954639302,0.0,0.16605183954639302,0.16605183954639302,False,1.0,0.0,0.0018318031474602314,0.00030417428232264404,0.0,1.4216767084451456e-07,0.00030403211465179953,1.0297461727118182,1.0300592486182625,-0.04823248523706969,0.9994991527134388,0.0008302591977319651,0.9986688935157069,False,False,False,1.0
2025-10-22,2025-10-23 00:00:00,0.16599411760041763,0.0,0.0,0.16599411760041763,0.0,0.0,0.16599411760041763,0.0,0.16599411760041763,0.16599411760041763,False,1.0,0.0,0.00033349313212593934,5.535789819304479e-05,0.0,1.421182513702206e-07,5.5215779941674564e-05,1.019770226830112,1.0198265342385477,-0.05768744149082328,0.9995180711740375,0.0008299705880020882,0.9986881005860354,False,False,False,1.0
2025-10-23,2025-10-24 00:00:00,0.16457179505703656,0.0,0.0,0.16457179505703656,0.0,0.0,0.16457179505703656,0.0,0.16457179505703656,0.16457179505703656,False,1.0,0.0,0.004190519629617251,0.000689641337667859,0.0,1.4090050946664087e-07,0.0006895004371583924,1.0207070949653514,1.0214108729535405,-0.05622352364014227,0.9998842791350453,0.0008228589752851828,0.9990614201597601,False,False,False,1.0
2025-10-24,2025-10-25 00:00:00,0.16889371536595027,0.0,0.0,0.16889371536595027,0.0,0.0,0.16889371536595027,0.0,0.16889371536595027,0.16889371536595027,False,1.0,0.0,-0.003774909791700809,-0.000637558539891655,0.0,1.4460078370372455e-07,-0.0006377031406753587,1.0226693663710267,1.0220172069042195,-0.055663275326146455,0.9983953547153206,0.0008444685768297514,0.9975508861384909,False,False,False,1.0
2025-10-25,2025-10-26 00:00:00,0.16858447910677493,0.0,0.0,0.16858447910677493,0.0,0.0,0.16858447910677493,0.0,0.16858447910677493,0.16858447910677493,False,1.0,0.0,0.0004071205382132348,6.863420386834805e-05,0.0,1.4433602663251277e-07,6.848986784171554e-05,1.0239048897716667,1.0239750168822497,-0.05385427265016696,0.99959491386115,0.0008429223955338747,0.9987519914656161,False,False,False,1.0
2025-10-26,2025-10-27 00:00:00,0.16849776826123025,0.0,0.0,0.16849776826123025,0.0,0.0,0.16849776826123025,0.0,0.16849776826123025,0.16849776826123025,False,1.0,0.0,0.0015540894437491293,0.00026186060295006503,0.0,1.442617878948889e-07,0.00026171634116217013,1.0298371065923126,1.030106631791843,-0.04818870351730853,0.9999712665268141,0.0008424888413061512,0.999128777685508,False,False,False,1.0
2025-10-27,2025-10-28 00:00:00,0.17247584706575778,0.0,0.0,0.17247584706575778,0.0,0.0,0.17247584706575778,0.0,0.17247584706575778,0.17247584706575778,False,1.0,0.0,0.0024901032816002644,0.0004294826727752288,0.0,1.4766767728232684e-07,0.00042933500509794646,1.0339410268784468,1.0343849339544926,-0.044235582352470715,0.9999998523323227,0.0008623792353287889,0.9991374730969939,False,False,False,1.0
2025-10-28,2025-10-29 00:00:00,0.1693793276816021,0.0,0.0,0.1693793276816021,0.0,0.0,0.1693793276816021,0.0,0.1693793276816021,0.1693793276816021,False,1.0,0.0,0.001864083370027858,0.0003157371879577737,0.0,1.4501654767260454e-07,0.00031559217141010113,1.0309235713194551,1.0312489227278858,-0.04713323471122577,0.9999903248583565,0.0008468966384080106,0.9991434282199485,False,False,False,1.0
2025-10-29,2025-10-30 00:00:00,0.16873967187662126,0.0,0.0,0.16873967187662126,0.0,0.0,0.16873967187662126,0.0,0.16873967187662126,0.16873967187662126,False,1.0,0.0,-0.0016628422978559598,-0.0002805874637227816,0.0,1.4446889715464147e-07,-0.00028073193261993624,1.0253290783068776,1.025041235693153,-0.05286909395369077,0.999187090020684,0.0008436983593831063,0.9983433916613008,False,False,False,1.0
2025-10-30,2025-10-31 00:00:00,0.167674244623824,0.0,0.0,0.167674244623824,0.0,0.0,0.167674244623824,0.0,0.167674244623824,0.167674244623824,False,1.0,0.0,0.0003979096479826971,6.671919965403045e-05,0.0,1.4355671628752054e-07,6.657564293774293e-05,1.0172030952929483,1.0172708162430155,-0.06004890697769261,0.9993682480198923,0.0008383712231191199,0.9985298767967732,False,False,False,1.0
2025-10-31,2025-11-01 00:00:00,0.16773977688596306,0.0,0.0,0.16773977688596306,0.0,0.0,0.16773977688596306,0.0,0.16773977688596306,0.16773977688596306,False,1.0,0.0,-0.002170235440798307,-0.00036403480862951773,0.0,1.4361282267633823e-07,-0.00036417842145219405,1.0215750954709133,1.0212030598652497,-0.056415541474886255,0.9994861290767871,0.0008386988844298153,0.9986474301923574,False,False,False,1.0
2025-11-01,2025-11-02 00:00:00,0.16261240991651207,0.0,0.0,0.16261240991651207,0.0,0.0,0.16261240991651207,0.0,0.16261240991651207,0.16261240991651207,False,1.0,0.0,0.0025292004172408067,0.0004112793750093754,0.0,1.392229536956439e-07,0.0004111401520556798,1.022283501314948,1.0227038031091227,-0.055028865252684245,0.9999307557904102,0.0008130620495825604,0.9991176937408277,False,False,False,1.0
2025-11-02,2025-11-03 00:00:00,0.16829234191425804,0.0,0.0,0.16829234191425804,0.0,0.0,0.16829234191425804,0.0,0.16829234191425804,0.16829234191425804,False,1.0,0.0,-0.0014777405606080096,-0.0002486924196864105,0.0,1.4408590917316612e-07,-0.0002488365055955837,1.0211441987736667,1.0208901008195346,-0.05670471343617145,0.9997014250104671,0.0008414617095712902,0.9988599633008958,False,False,False,1.0
2025-11-03,2025-11-04 00:00:00,0.17033623324090455,0.0,0.0,0.17033623324090455,0.0,0.0,0.17033623324090455,0.0,0.17033623324090455,0.17033623324090455,False,1.0,0.0,-0.003909612426347686,-0.0006659486541358982,0.0,1.4583581613091143e-07,-0.0006660944899520291,1.0093659829149864,1.0086936497954218,-0.06797414856402362,0.9989933635846376,0.0008516811662045228,0.9981416824184332,False,False,False,1.0
2025-11-04,2025-11-05 00:00:00,0.0,0.0,0.0,0.0,0.0,0.0,0.0,0.0,0.0,0.0,False,1.0,0.0,-0.011967223277334238,-0.0,0.0,0.0,-0.0,1.0094940723607722,1.0094940723607722,-0.06723456373256309,1.0,0.0,1.0,False,False,False,0.0
2025-11-05,2025-11-06 00:00:00,0.0,0.0,0.0,0.0,0.0,0.0,0.0,0.0,0.0,0.0,False,1.0,0.0,0.004544042600399312,0.0,0.0,0.0,0.0,1.0094940723607722,1.0094940723607722,-0.06723456373256309,1.0,0.0,1.0,False,False,False,0.0
2025-11-06,2025-11-07 00:00:00,0.0,0.0,0.0,0.0,0.0,0.0,0.0,0.0,0.0,0.0,False,1.0,0.0,0.0001364384707975841,0.0,0.0,0.0,0.0,1.0094940723607722,1.0094940723607722,-0.06723456373256309,1.0,0.0,1.0,False,False,False,0.0
2025-11-07,2025-11-08 00:00:00,0.0,0.0,0.0,0.0,0.0,0.0,0.0,0.0,0.0,0.0,False,1.0,0.0,0.0035447818010172494,0.0,0.0,0.0,0.0,1.0094940723607722,1.0094940723607722,-0.06723456373256309,1.0,0.0,1.0,False,False,False,0.0
2025-11-08,2025-11-09 00:00:00,0.0,0.0,0.0,0.0,0.0,0.0,0.0,0.0,0.0,0.0,False,1.0,0.0,-0.00019842680124149137,-0.0,0.0,0.0,-0.0,1.0094940723607722,1.0094940723607722,-0.06723456373256309,1.0,0.0,1.0,False,False,False,0.0
2025-11-09,2025-11-10 00:00:00,0.0,0.0,0.0,0.0,0.0,0.0,0.0,0.0,0.0,0.0,False,1.0,0.0,-0.004900433390930048,-0.0,0.0,0.0,-0.0,1.0094940723607722,1.0094940723607722,-0.06723456373256309,1.0,0.0,1.0,False,False,False,0.0
2025-11-10,2025-11-11 00:00:00,0.0,0.0,0.0,0.0,0.0,0.0,0.0,0.0,0.0,0.0,False,1.0,0.0,-0.00948477059467745,-0.0,0.0,0.0,-0.0,1.0094940723607722,1.0094940723607722,-0.06723456373256309,1.0,0.0,1.0,False,False,False,0.0
2025-11-11,2025-11-12 00:00:00,0.0,0.0,0.0,0.0,0.0,0.0,0.0,0.0,0.0,0.0,False,1.0,0.0,0.0005031974604343681,0.0,0.0,0.0,0.0,1.0094940723607722,1.0094940723607722,-0.06723456373256309,1.0,0.0,1.0,False,False,False,0.0
2025-11-12,2025-11-13 00:00:00,0.0,0.0,0.0,0.0,0.0,0.0,0.0,0.0,0.0,0.0,False,1.0,0.0,-0.00883071805625868,-0.0,0.0,0.0,-0.0,1.0094940723607722,1.0094940723607722,-0.06723456373256309,1.0,0.0,1.0,False,False,False,0.0
2025-11-13,2025-11-14 00:00:00,0.0,0.0,0.0,0.0,0.0,0.0,0.0,0.0,0.0,0.0,False,1.0,0.0,-0.001533778522381457,-0.0,0.0,0.0,-0.0,1.0094940723607722,1.0094940723607722,-0.06723456373256309,1.0,0.0,1.0,False,False,False,0.0
2025-11-14,2025-11-15 00:00:00,0.0,0.0,0.0,0.0,0.0,0.0,0.0,0.0,0.0,0.0,False,1.0,0.0,-0.0027835942692907567,-0.0,0.0,0.0,-0.0,1.0094940723607722,1.0094940723607722,-0.06723456373256309,1.0,0.0,1.0,False,False,False,0.0
2025-11-15,2025-11-16 00:00:00,0.0,0.0,0.0,0.0,0.0,0.0,0.0,0.0,0.0,0.0,False,1.0,0.0,0.0014466728097846104,0.0,0.0,0.0,0.0,1.0094940723607722,1.0094940723607722,-0.06723456373256309,1.0,0.0,1.0,False,False,False,0.0
2025-11-16,2025-11-17 00:00:00,0.0,0.0,0.0,0.0,0.0,0.0,0.0,0.0,0.0,0.0,False,1.0,0.0,-0.020682082785123956,-0.0,0.0,0.0,-0.0,1.0094940723607722,1.0094940723607722,-0.06723456373256309,1.0,0.0,1.0,False,False,False,0.0
2025-11-17,2025-11-18 00:00:00,-0.1827469371999442,0.06019240996506562,0.0,-0.1827469371999442,0.06019240996506562,0.0,0.06019240996506562,0.1827469371999442,0.2429393471650098,-0.12255452723487859,True,1.0,0.0,-0.002207004199704987,0.00027047835630023627,0.0,2.079960164083988e-07,0.00027027036028382786,1.0067742804853959,1.0070463817329072,-0.06949621269005413,0.9991508229215459,0.001214696735825049,0.9979361261857208,False,False,False,-1.0
2025-11-18,2025-11-19 00:00:00,-0.18318378205891928,0.0,0.0,-0.18318378205891928,0.0,0.0,0.0,0.18318378205891928,0.18318378205891928,-0.18318378205891928,False,1.0,0.0,-0.0010166459691275387,0.0001862330536397378,0.0,1.568354298449651e-07,0.00018607621820989283,1.0047658658963483,1.0049528289288607,-0.07143064078436534,0.9993356512295956,0.0009159189102945964,0.9984197323193009,False,False,False,-1.0
2025-11-19,2025-11-20 00:00:00,-0.1856060216208455,0.0,0.0,-0.1856060216208455,0.0,0.0,0.0,0.1856060216208455,0.1856060216208455,-0.1856060216208455,False,1.0,0.0,-0.010086340137504535,0.0018720854656368684,0.0,1.5890926508634034e-07,0.001871926556371782,1.0110496289714006,1.012942239621682,-0.06404848138943042,0.9999998410907349,0.0009280301081042275,0.9990718109826306,False,False,False,-1.0
2025-11-20,2025-11-21 00:00:00,-0.19011631845914584,0.0,0.0,-0.19011631845914584,0.0,0.0,0.0,0.19011631845914584,0.19011631845914584,-0.19011631845914584,False,1.0,0.0,-0.010768277778707924,0.002047225327433379,0.0,1.6277082059858376e-07,0.0020470625566127807,1.0117437208917832,1.0138148235797089,-0.06324221993770596,0.9999329968500188,0.0009505815922957292,0.998982415257723,False,False,False,-1.0
2025-11-21,2025-11-22 00:00:00,-0.18616266595765082,0.0,0.0,-0.18616266595765082,0.0,0.0,0.0,0.18616266595765082,0.18616266595765082,-0.18616266595765082,False,1.0,0.0,-0.002622580752249193,0.00048822662452793113,0.0,1.5938584414182432e-07,0.00048806723868378933,1.0296814682460007,1.0301840220369314,-0.0481171954741223,0.999287757618888,0.0009308133297882542,0.9983569442890997,False,False,False,-1.0
2025-11-22,2025-11-23 00:00:00,-0.18961684103915574,0.0,0.0,-0.18961684103915574,0.0,0.0,0.0,0.18961684103915574,0.18961684103915574,-0.18961684103915574,False,1.0,0.0,0.0033425693803050827,-0.0006338074468476582,0.0,1.6234318582119497e-07,-0.0006339697900334794,1.028137038077561,1.0274852302554052,-0.05061086013487981,0.9991095883811433,0.0009480842051957787,0.9981615041759475,False,False,False,-1.0
2025-11-23,2025-11-24 00:00:00,-0.17648326017622998,0.0,0.0,-0.17648326017622998,0.0,0.0,0.0,0.17648326017622998,0.17648326017622998,-0.17648326017622998,False,1.0,0.0,0.0011548689912379562,-0.00020381504465010847,0.0,1.5109868165773114e-07,-0.0002039661433317662,1.0212523509274056,1.0210440500240185,-0.05656246545194332,0.999544848954546,0.0008824163008811499,0.9986624326536648,False,False,False,-1.0
2025-11-24,2025-11-25 00:00:00,-0.17601206676326128,0.0,0.0,-0.17601206676326128,0.0,0.0,0.0,0.17601206676326128,0.17601206676326128,-0.17601206676326128,False,1.0,0.0,-7.381344881041141e-05,1.2992057680044702e-05,0.0,1.506952626397785e-07,1.2841362417404924e-05,1.0201463977568086,1.020159497826421,-0.05737978547301481,0.9991460855143349,0.0008800603338163064,0.9982660251805187,False,False,False,-1.0
2025-11-25,2025-11-26 00:00:00,-0.17000687140381837,0.0,0.0,-0.17000687140381837,0.0,0.0,0.0,0.17000687140381837,0.17000687140381837,-0.17000687140381837,False,1.0,0.0,-0.004166781359244753,0.0007083814627089503,0.0,1.4555382825669383e-07,0.0007082359088806936,1.0162968203480152,1.0170165982502668,-0.06028380261839583,0.9995506083988056,0.0008500343570190919,0.9987005740417865,False,False,False,-1.0
2025-11-26,2025-11-27 00:00:00,-0.17085530571980773,0.0,0.0,-0.17085530571980773,0.0,0.0,0.0,0.17085530571980773,0.17085530571980773,-0.17085530571980773,False,1.0,0.0,0.0023907712121005176,-0.00040847594634954923,0.0,1.4628022749983537e-07,-0.00040862222657704904,1.0153626460998868,1.0149477463546543,-0.06219540724671313,0.9994520980094814,0.0008542765285990386,0.9985978214808824,False,False,False,-1.0
2025-11-27,2025-11-28 00:00:00,-0.1751153672427789,0.0,0.0,-0.1751153672427789,0.0,0.0,0.0,0.1751153672427789,0.1751153672427789,-0.1751153672427789,False,1.0,0.0,0.0020544273408651392,-0.0003597617982692046,0.0,1.4992754044758467e-07,-0.00035991172580965216,1.0102663993089114,1.0099027925856086,-0.0668569091140081,0.9993765350605474,0.0008755768362138945,0.9985009582243335,False,False,False,-1.0
2025-11-28,2025-11-29 00:00:00,-0.17755862728944508,0.0,0.0,-0.17755862728944508,0.0,0.0,0.0,0.17755862728944508,0.17755862728944508,-0.17755862728944508,False,1.0,0.0,0.0010558044806516786,-0.00018746719427055754,0.0,1.520193726793194e-07,-0.00018761921364323687,1.0063079670061934,1.0061191642967409,-0.07035295509205541,0.9995415948390771,0.0008877931364472254,0.9986538017026299,False,False,False,-1.0
2025-11-29,2025-11-30 00:00:00,-0.17276503133210547,0.0,0.0,-0.17276503133210547,0.0,0.0,0.0,0.17276503133210547,0.17276503133210547,-0.17276503133210547,False,1.0,0.0,0.0023607003411012517,-0.0004078464683960698,0.0,1.4791526655146016e-07,-0.00040799438366262127,1.0102676670398079,1.0098554835056597,-0.06690062237177374,0.9993725289151242,0.0008638251566605274,0.9985087037584637,False,False,False,-1.0
2025-11-30,2025-12-01 00:00:00,-0.1722004080141308,0.19874639230734195,0.0,-0.1722004080141308,0.19874639230734195,0.0,0.19874639230734195,0.1722004080141308,0.37094680032147276,0.026545984293211145,True,1.0,0.0,0.00022794771077716547,6.0510963499640715e-06,0.0,3.175914386313979e-07,5.733504911332674e-06,1.0086465667361473,1.0086523498161915,-0.06801230945490877,0.9996829169617525,0.0018547340016073638,0.9978281829601451,False,False,False,-1.0
2025-12-01,2025-12-02 00:00:00,-0.17636497819694064,0.0,0.0,-0.17636497819694064,0.0,0.0,0.0,0.17636497819694064,0.17636497819694064,-0.17636497819694064,False,1.0,0.0,0.007025743940066498,-0.0012390951768071158,0.0,1.5099741283984645e-07,-0.0012392461742199556,1.0196142697985684,1.0183507167155403,-0.0590510865219227,0.9980140614842472,0.0008818248909847032,0.9971322365932626,False,False,False,-1.0
2025-12-02,2025-12-03 00:00:00,-0.17876390485641006,0.0,0.0,-0.17876390485641006,0.0,0.0,0.0,0.17876390485641006,0.17876390485641006,-0.17876390485641006,False,1.0,0.0,0.002729259463156719,-0.00048789307900020453,0.0,1.5305128840446064e-07,-0.000488046130288609,1.0022771005862987,1.0017879431258807,-0.0743549730489913,0.9983721449773283,0.0008938195242820503,0.9974783254530463,False,False,False,-1.0
2025-12-03,2025-12-04 00:00:00,-0.15746657571692577,0.0,0.0,-0.15746657571692577,0.0,0.0,0.0,0.15746657571692577,0.15746657571692577,-0.15746657571692577,False,1.0,0.0,0.0013667056226465135,-0.00021521045441121538,0.0,1.3481727373024465e-07,-0.00021534527168494562,0.9976633706505598,0.9974485285609569,-0.07836456164452488,0.999510657570205,0.0007873328785846288,0.9987233246916203,False,False,False,-1.0
2025-12-04,2025-12-05 00:00:00,-0.13781856754106786,0.0,0.0,-0.13781856754106786,0.0,0.0,0.0,0.13781856754106786,0.13781856754106786,-0.13781856754106786,False,1.0,0.0,-0.0021506179525246916,0.0002963950855450573,0.0,1.1799534892214712e-07,0.00029627709019613513,0.9918267836870249,0.9921206392404743,-0.08328749397515522,0.9999016555580666,0.0006890928377053393,0.9992125627203613,False,False,False,-1.0
2025-12-05,2025-12-06 00:00:00,0.0,0.0,0.0,0.0,0.0,0.0,0.0,0.0,0.0,0.0,False,1.0,0.0,-0.008085202896745192,-0.0,0.0,0.0,-0.0,0.9925673008130361,0.9925673008130361,-0.08287478181764829,1.0,0.0,1.0,False,False,False,0.0
2025-12-06,2025-12-07 00:00:00,0.0,0.0,0.0,0.0,0.0,0.0,0.0,0.0,0.0,0.0,False,1.0,0.0,-0.0019238471690556924,-0.0,0.0,0.0,-0.0,0.9925673008130361,0.9925673008130361,-0.08287478181764829,1.0,0.0,1.0,False,False,False,0.0
2025-12-07,2025-12-08 00:00:00,0.0,0.0,0.0,0.0,0.0,0.0,0.0,0.0,0.0,0.0,False,1.0,0.0,0.018161256882833543,0.0,0.0,0.0,0.0,0.9925673008130361,0.9925673008130361,-0.08287478181764829,1.0,0.0,1.0,False,False,False,0.0
2025-12-08,2025-12-09 00:00:00,0.0,0.0,0.0,0.0,0.0,0.0,0.0,0.0,0.0,0.0,False,1.0,0.0,0.002859999158823845,0.0,0.0,0.0,0.0,0.9925673008130361,0.9925673008130361,-0.08287478181764829,1.0,0.0,1.0,False,False,False,0.0
2025-12-09,2025-12-10 00:00:00,0.0,0.0,0.0,0.0,0.0,0.0,0.0,0.0,0.0,0.0,False,1.0,0.0,0.009975132197734826,0.0,0.0,0.0,0.0,0.9925673008130361,0.9925673008130361,-0.08287478181764829,1.0,0.0,1.0,False,False,False,0.0
2025-12-10,2025-12-11 00:00:00,0.0,0.0,0.0,0.0,0.0,0.0,0.0,0.0,0.0,0.0,False,1.0,0.0,0.0016197744960786409,0.0,0.0,0.0,0.0,0.9925673008130361,0.9925673008130361,-0.08287478181764829,1.0,0.0,1.0,False,False,False,0.0
2025-12-11,2025-12-12 00:00:00,0.0,0.0,0.0,0.0,0.0,0.0,0.0,0.0,0.0,0.0,False,1.0,0.0,0.0028717404956435377,0.0,0.0,0.0,0.0,0.9925673008130361,0.9925673008130361,-0.08287478181764829,1.0,0.0,1.0,False,False,False,0.0
2025-12-12,2025-12-13 00:00:00,0.0,0.0,0.0,0.0,0.0,0.0,0.0,0.0,0.0,0.0,False,1.0,0.0,-0.012218589504305544,-0.0,0.0,0.0,-0.0,0.9925673008130361,0.9925673008130361,-0.08287478181764829,1.0,0.0,1.0,False,False,False,0.0
2025-12-13,2025-12-14 00:00:00,0.0,0.0,0.0,0.0,0.0,0.0,0.0,0.0,0.0,0.0,False,1.0,0.0,-0.0011441132800699139,-0.0,0.0,0.0,-0.0,0.9925673008130361,0.9925673008130361,-0.08287478181764829,1.0,0.0,1.0,False,False,False,0.0
2025-12-14,2025-12-15 00:00:00,0.0,0.0,0.0,0.0,0.0,0.0,0.0,0.0,0.0,0.0,False,1.0,0.0,9.082151302153285e-05,0.0,0.0,0.0,0.0,0.9925673008130361,0.9925673008130361,-0.08287478181764829,1.0,0.0,1.0,False,False,False,0.0
2025-12-15,2025-12-16 00:00:00,0.0,0.0,0.0,0.0,0.0,0.0,0.0,0.0,0.0,0.0,False,1.0,0.0,-0.0006740737297196153,-0.0,0.0,0.0,-0.0,0.9925673008130361,0.9925673008130361,-0.08287478181764829,1.0,0.0,1.0,False,False,False,0.0
2025-12-16,2025-12-17 00:00:00,0.0,0.0,0.0,0.0,0.0,0.0,0.0,0.0,0.0,0.0,False,1.0,0.0,0.007861233907441756,0.0,0.0,0.0,0.0,0.9925673008130361,0.9925673008130361,-0.08287478181764829,1.0,0.0,1.0,False,False,False,0.0
2025-12-17,2025-12-18 00:00:00,0.0,0.0,0.0,0.0,0.0,0.0,0.0,0.0,0.0,0.0,False,1.0,0.0,-0.016461755807689826,-0.0,0.0,0.0,-0.0,0.9925673008130361,0.9925673008130361,-0.08287478181764829,1.0,0.0,1.0,False,False,False,0.0
2025-12-18,2025-12-19 00:00:00,-0.13909083584483903,0.0,0.0,-0.13909083584483903,0.0,0.0,0.0,0.13909083584483903,0.13909083584483903,-0.13909083584483903,False,1.0,0.0,-0.0038044537651321653,0.0005291646541252778,0.0,1.190846197301704e-07,0.0005290455695055476,0.9876929571657748,0.9882154917487951,-0.08689582284354214,0.9999746380785227,0.0006954541792241951,0.9992791838992985,False,False,False,-1.0
2025-12-19,2025-12-20 00:00:00,-0.13864508153424207,0.0,0.0,-0.13864508153424207,0.0,0.0,0.0,0.13864508153424207,0.13864508153424207,-0.13864508153424207,False,1.0,0.0,-0.00178529923973203,0.00024752295865566767,0.0,1.187029807656182e-07,0.00024740425567490204,0.9877941088409041,0.9880384933071619,-0.08705936816109172,0.9999443053874343,0.0006932254076712104,0.999251079979763,False,False,False,-1.0
2025-12-20,2025-12-21 00:00:00,-0.13782208426661394,0.0,0.0,-0.13782208426661394,0.0,0.0,0.0,0.13782208426661394,0.13782208426661394,-0.13782208426661394,False,1.0,0.0,0.00024872444692425333,-3.427972168316139e-05,0.0,1.1799835981730646e-07,-3.4397720042978695e-05,0.9874461832899089,0.9874122173925385,-0.0876380427097806,0.9999155724158788,0.0006891104213330697,0.9992264619945458,False,False,False,-1.0
2025-12-21,2025-12-22 00:00:00,-0.14087184649219547,0.0,0.0,-0.14087184649219547,0.0,0.0,0.0,0.14087184649219547,0.14087184649219547,-0.14087184649219547,False,1.0,0.0,0.0016945840688882274,-0.00023871918682054238,0.0,1.2060945761318106e-07,-0.00023883979627815558,0.9877464903892865,0.9875105772187475,-0.08754715892084419,0.9995006098387824,0.0007043592324609773,0.9987962506063215,False,False,False,-1.0
2025-12-22,2025-12-23 00:00:00,-0.14090294093219477,0.0,0.0,-0.14090294093219477,0.0,0.0,0.0,0.14090294093219477,0.14090294093219477,-0.14090294093219477,False,1.0,0.0,0.005026367017019195,-0.0007082298949025877,0.0,1.2063607956523524e-07,-0.000708350530982153,0.9845373740560459,0.9838399764843615,-0.09093876823199776,0.9989797684143819,0.0007045147046609738,0.9982752537097209,False,False,False,-1.0
2025-12-23,2025-12-24 00:00:00,-0.15720968353677822,0.0,0.0,-0.15720968353677822,0.0,0.0,0.0,0.15720968353677822,0.15720968353677822,-0.15720968353677822,False,1.0,0.0,0.0015878393407728897,-0.0002496237202701525,0.0,1.3459733179518684e-07,-0.0002497583176019477,0.990477016515851,0.9902296366425826,-0.08503476710087099,0.9997055891634704,0.0007860484176838911,0.9989195407457865,False,False,False,-1.0
2025-12-24,2025-12-25 00:00:00,-0.1562141421204722,0.0,0.0,-0.1562141421204722,0.0,0.0,0.0,0.1562141421204722,0.1562141421204722,-0.1562141421204722,False,1.0,0.0,0.00021552166505878212,-3.3667532015533395e-05,0.0,1.3374498469218509e-07,-3.380127700022558e-05,0.9903438386258361,0.9903103637394212,-0.08496017583009197,0.9998470263477702,0.0007810707106023609,0.9990659556371678,False,False,False,-1.0
2025-12-25,2025-12-26 00:00:00,-0.1542277116699508,0.142627692755049,0.0,-0.1542277116699508,0.142627692755049,0.0,0.142627692755049,0.1542277116699508,0.2968554044249998,-0.01160001891490181,True,1.0,0.0,-0.0018482729777768991,2.1440001502113925e-05,0.0,2.541570243364724e-07,2.1185844477777452e-05,0.9891180103529871,0.9891389656533247,-0.08604253943849371,0.9992597980926605,0.001484277022124999,0.9977755210705356,False,False,False,-1.0
2025-12-26,2025-12-27 00:00:00,-0.15423292774697686,0.142627692755049,0.0,-0.15423292774697686,0.142627692755049,0.0,0.142627692755049,0.15423292774697686,0.2968606205020259,-0.011605234991927865,True,1.0,0.0,0.0022779121425755555,-2.6435705705555215e-05,0.0,2.5416149015584406e-07,-2.668986719571106e-05,0.9892844029684373,0.9892579990991034,-0.08593255337020267,0.9993581822576791,0.0014843031025101295,0.997873879155169,False,False,False,-1.0
2025-12-27,2025-12-28 00:00:00,-0.15454737369762622,0.142627692755049,0.0,-0.15454737369762622,0.142627692755049,0.0,0.142627692755049,0.15454737369762622,0.2971750664526752,-0.011919680942577227,True,1.0,0.0,-0.0006626543062282497,7.898627905465601e-06,0.0,2.5443070757934524e-07,7.644197197886257e-06,0.9892084035715345,0.9892159652756413,-0.08597139232800644,0.9998292650299646,0.001485875332263376,0.9983433896977012,False,False,False,-1.0
2025-12-28,2025-12-29 00:00:00,-0.15441477114949217,0.0,0.0,-0.15441477114949217,0.0,0.0,0.0,0.15441477114949217,0.15441477114949217,-0.15441477114949217,False,1.0,0.0,-0.0011148687572432037,0.00017215220401142805,0.0,1.3220442735401729e-07,0.00017201999958407402,0.987628745650233,0.9877986375466489,-0.08728099320003124,0.9999109137691837,0.0007720738557474609,0.9991388399134362,False,False,False,-1.0
2025-12-29,2025-12-30 00:00:00,-0.15624896135378966,0.0,0.0,-0.15624896135378966,0.0,0.0,0.0,0.15624896135378966,0.15624896135378966,-0.15624896135378966,False,1.0,0.0,-0.0021325370047888814,0.00033320669204678425,0.0,1.337747956796144e-07,0.0003330729172511046,0.9880963933611708,0.9884255015094329,-0.08670177529897005,0.9998329971641154,0.0007812448067689483,0.9990517523573464,False,False,False,-1.0
2025-12-30,2025-12-31 00:00:00,-0.1571783092350473,0.12175233182342247,0.0,-0.1571783092350473,0.12175233182342247,0.0,0.12175233182342247,0.1571783092350473,0.27893064105846976,-0.03542597741162483,True,1.0,0.0,0.0017097455496328795,-6.0569407220920466e-05,0.0,2.388104803582789e-07,-6.080821770127875e-05,0.9855646010196388,0.9855046705928213,-0.08940060256184368,0.9990910721193472,0.001394653205292349,0.9976964189140549,False,False,False,-1.0
2025-12-31,2026-01-01 00:00:00,-0.1581542381106869,0.12175233182342247,0.0,-0.1581542381106869,0.12175233182342247,0.0,0.12175233182342247,0.1581542381106869,0.2799065699341094,-0.03640190628726443,True,1.0,0.0,0.001540361498345355,-5.607209491127784e-05,0.0,2.396460359024909e-07,-5.631174094718033e-05,0.9855722270583633,0.9855167277704284,-0.08938946181437546,0.9994556824394598,0.001399532849670547,0.9980561495897893,False,False,False,-1.0
2026-01-01,2026-01-02 00:00:00,-0.15744409890614655,0.12175233182342247,0.0,-0.15744409890614655,0.12175233182342247,0.0,0.12175233182342247,0.15744409890614655,0.279196430729569,-0.03569176708272408,True,1.0,0.0,0.0004385451015180841,-1.5652449618653044e-05,0.0,2.3903804000819265e-07,-1.5891487658661236e-05,0.985459164999663,0.9854435045875043,-0.08945711952137458,0.9995853232429985,0.0013959821536478451,0.9981893410893506,False,False,False,-1.0
2026-01-02,2026-01-03 00:00:00,-0.1877758329523141,0.0,0.0,-0.1877758329523141,0.0,0.0,0.0,0.1877758329523141,0.1877758329523141,-0.1877758329523141,False,1.0,0.0,-0.0028024151841125056,0.0005262258454749384,0.0,1.607669802673922e-07,0.000526065078494671,0.9803974406509792,0.9809131935075512,-0.09364309515671188,0.9998638823825164,0.0009388791647615705,0.9989250032177549,False,False,False,-1.0
2026-01-03,2026-01-04 00:00:00,0.0,0.0,0.0,0.0,0.0,0.0,0.0,0.0,0.0,0.0,False,1.0,0.0,-0.0012535245307339071,-0.0,0.0,0.0,-0.0,0.9801266491881067,0.9801266491881067,-0.09436985658637997,1.0,0.0,1.0,False,False,False,0.0
2026-01-04,2026-01-05 00:00:00,0.0,0.0,0.0,0.0,0.0,0.0,0.0,0.0,0.0,0.0,False,1.0,0.0,0.001373845809770291,0.0,0.0,0.0,0.0,0.9801266491881067,0.9801266491881067,-0.09436985658637997,1.0,0.0,1.0,False,False,False,0.0
2026-01-05,2026-01-06 00:00:00,0.0,0.0,0.0,0.0,0.0,0.0,0.0,0.0,0.0,0.0,False,1.0,0.0,0.0008993200263214263,0.0,0.0,0.0,0.0,0.9801266491881067,0.9801266491881067,-0.09436985658637997,1.0,0.0,1.0,False,False,False,0.0
2026-01-06,2026-01-07 00:00:00,0.0,0.0,0.0,0.0,0.0,0.0,0.0,0.0,0.0,0.0,False,1.0,0.0,0.0004098285448639327,0.0,0.0,0.0,0.0,0.9801266491881067,0.9801266491881067,-0.09436985658637997,1.0,0.0,1.0,False,False,False,0.0
2026-01-07,2026-01-08 00:00:00,0.0,0.0,0.0,0.0,0.0,0.0,0.0,0.0,0.0,0.0,False,1.0,0.0,0.0007403212488017452,0.0,0.0,0.0,0.0,0.9801266491881067,0.9801266491881067,-0.09436985658637997,1.0,0.0,1.0,False,False,False,0.0
2026-01-08,2026-01-09 00:00:00,0.0,0.0,0.0,0.0,0.0,0.0,0.0,0.0,0.0,0.0,False,1.0,0.0,0.002530189392592863,0.0,0.0,0.0,0.0,0.9801266491881067,0.9801266491881067,-0.09436985658637997,1.0,0.0,1.0,False,False,False,0.0
2026-01-09,2026-01-10 00:00:00,0.0,0.0,0.0,0.0,0.0,0.0,0.0,0.0,0.0,0.0,False,1.0,0.0,-4.4998280422814396e-05,-0.0,0.0,0.0,-0.0,0.9801266491881067,0.9801266491881067,-0.09436985658637997,1.0,0.0,1.0,False,False,False,0.0
2026-01-10,2026-01-11 00:00:00,0.0,0.0,0.0,0.0,0.0,0.0,0.0,0.0,0.0,0.0,False,1.0,0.0,-0.00017773985994085084,-0.0,0.0,0.0,-0.0,0.9801266491881067,0.9801266491881067,-0.09436985658637997,1.0,0.0,1.0,False,False,False,0.0
2026-01-11,2026-01-12 00:00:00,0.0,0.0,0.0,0.0,0.0,0.0,0.0,0.0,0.0,0.0,False,1.0,0.0,0.000494328066920513,0.0,0.0,0.0,0.0,0.9801266491881067,0.9801266491881067,-0.09436985658637997,1.0,0.0,1.0,False,False,False,0.0
2026-01-12,2026-01-13 00:00:00,0.0,0.0,0.0,0.0,0.0,0.0,0.0,0.0,0.0,0.0,False,1.0,0.0,0.0007805826857802955,0.0,0.0,0.0,0.0,0.9801266491881067,0.9801266491881067,-0.09436985658637997,1.0,0.0,1.0,False,False,False,0.0
2026-01-13,2026-01-14 00:00:00,0.0,0.0,0.0,0.0,0.0,0.0,0.0,0.0,0.0,0.0,False,1.0,0.0,0.007126469517887424,0.0,0.0,0.0,0.0,0.9801266491881067,0.9801266491881067,-0.09436985658637997,1.0,0.0,1.0,False,False,False,0.0
2026-01-14,2026-01-15 00:00:00,0.0,0.0,0.0,0.0,0.0,0.0,0.0,0.0,0.0,0.0,False,1.0,0.0,0.002939147647182283,0.0,0.0,0.0,0.0,0.9801266491881067,0.9801266491881067,-0.09436985658637997,1.0,0.0,1.0,False,False,False,0.0
2026-01-15,2026-01-16 00:00:00,0.0,0.0,0.0,0.0,0.0,0.0,0.0,0.0,0.0,0.0,False,1.0,0.0,0.001359259504291277,0.0,0.0,0.0,0.0,0.9801266491881067,0.9801266491881067,-0.09436985658637997,1.0,0.0,1.0,False,False,False,0.0
2026-01-16,2026-01-17 00:00:00,0.0,0.0,0.0,0.0,0.0,0.0,0.0,0.0,0.0,0.0,False,1.0,0.0,-0.001447213425734728,-0.0,0.0,0.0,-0.0,0.9801266491881067,0.9801266491881067,-0.09436985658637997,1.0,0.0,1.0,False,False,False,0.0
2026-01-17,2026-01-18 00:00:00,0.0,0.0,0.0,0.0,0.0,0.0,0.0,0.0,0.0,0.0,False,1.0,0.0,0.0002674994214197923,0.0,0.0,0.0,0.0,0.9801266491881067,0.9801266491881067,-0.09436985658637997,1.0,0.0,1.0,False,False,False,0.0
2026-01-18,2026-01-19 00:00:00,0.0,0.0,0.0,0.0,0.0,0.0,0.0,0.0,0.0,0.0,False,1.0,0.0,0.00022211616675504864,0.0,0.0,0.0,0.0,0.9801266491881067,0.9801266491881067,-0.09436985658637997,1.0,0.0,1.0,False,False,False,0.0
2026-01-19,2026-01-20 00:00:00,0.0,0.0,0.0,0.0,0.0,0.0,0.0,0.0,0.0,0.0,False,1.0,0.0,0.0007067423846172094,0.0,0.0,0.0,0.0,0.9801266491881067,0.9801266491881067,-0.09436985658637997,1.0,0.0,1.0,False,False,False,0.0
2026-01-20,2026-01-21 00:00:00,0.0,0.0,0.0,0.0,0.0,0.0,0.0,0.0,0.0,0.0,False,1.0,0.0,0.0004390467733363934,0.0,0.0,0.0,0.0,0.9801266491881067,0.9801266491881067,-0.09436985658637997,1.0,0.0,1.0,False,False,False,0.0
2026-01-21,2026-01-22 00:00:00,-0.2675645030615842,0.0,0.0,-0.2675645030615842,0.0,0.0,0.0,0.2675645030615842,0.2675645030615842,-0.2675645030615842,False,1.0,0.0,0.003336687852517173,-0.0008927792271303819,0.0,2.2907919782669877e-07,-0.0008930083063282086,0.9832228620567521,0.9823448358739637,-0.09232026766019885,0.9984781101338795,0.001337822515307921,0.9971402876185717,False,False,False,-1.0
2026-01-22,2026-01-23 00:00:00,-0.2331206514178405,0.0,0.0,-0.2331206514178405,0.0,0.0,0.0,0.2331206514178405,0.2331206514178405,-0.2331206514178405,False,1.0,0.0,-0.0012805532533525232,0.00029852340859677515,0.0,1.9958959881664426e-07,0.0002983238189979585,0.9865583537261764,0.9868526675819244,-0.08815506280677854,0.9981603577627346,0.0011656032570892024,0.9969947545056453,False,False,False,-1.0
2026-01-23,2026-01-24 00:00:00,-0.2376393847479655,0.0,0.0,-0.2376393847479655,0.0,0.0,0.0,0.2376393847479655,0.2376393847479655,-0.2376393847479655,False,1.0,0.0,0.005907357096839094,-0.00140382070597937,0.0,2.0345837735271017e-07,-0.0014040241643567227,0.9872766008892147,0.9858904406846623,-0.08904415370506791,0.9974586623496681,0.0011881969237398276,0.9962704654259282,False,False,False,-1.0
2026-01-24,2026-01-25 00:00:00,-0.2490797411671727,0.0,0.0,-0.2490797411671727,0.0,0.0,0.0,0.2490797411671727,0.2490797411671727,-0.2490797411671727,False,1.0,0.0,-0.0008385347281862909,0.00020886201305632686,0.0,2.1325320305408624e-07,0.00020864875985327278,0.9852678945379542,0.9854734694622729,-0.08942943218744015,0.9997934512903501,0.0012453987058358635,0.9985480525845143,False,False,False,-1.0
2026-01-25,2026-01-26 00:00:00,-0.24898656056837115,0.0,0.0,-0.24898656056837115,0.0,0.0,0.0,0.24898656056837115,0.24898656056837115,-0.24898656056837115,False,1.0,0.0,-0.0016038820771295814,0.00039934508194174945,0.0,2.131734251441534e-07,0.0003991319085166053,0.9874926235073931,0.9878867633228596,-0.0871995656014507,0.9999343622067675,0.0012449328028418557,0.9986894294039256,False,False,False,-1.0
2026-01-26,2026-01-27 00:00:00,-0.25033628542933883,0.0,0.0,-0.25033628542933883,0.0,0.0,0.0,0.25033628542933883,0.25033628542933883,-0.25033628542933883,False,1.0,0.0,0.002022723657914227,-0.0005063611269722923,0.0,2.1432901149772162e-07,-0.00050657545598379,0.9904976658531722,0.9899959040464418,-0.08525073437891484,0.9986278499679951,0.0012516814271466942,0.9973761685408484,False,False,False,-1.0
2026-01-27,2026-01-28 00:00:00,-0.25097191115745043,0.0,0.0,-0.25097191115745043,0.0,0.0,0.0,0.25097191115745043,0.25097191115745043,-0.25097191115745043,False,1.0,0.0,0.00611047519825636,-0.0015335576385865995,0.0,2.1487321160740618e-07,-0.0015337725117982068,0.988192046958822,0.986676385160819,-0.0883179465263868,0.9980103746848082,0.0012548595557872523,0.9967555151290209,False,False,False,-1.0
2026-01-28,2026-01-29 00:00:00,-0.2501531228284364,0.0,0.0,-0.2501531228284364,0.0,0.0,0.0,0.2501531228284364,0.2501531228284364,-0.2501531228284364,False,1.0,0.0,-0.0009205196117201275,0.00023027085549660962,0.0,2.1417219420242842e-07,0.0002300566833024072,0.9804084446032671,0.9806339941183143,-0.09390107343240206,0.9996813968832022,0.001250765614142182,0.9984306312690601,False,False,False,-1.0
2026-01-29,2026-01-30 00:00:00,-0.24907595674211586,0.0,0.0,-0.24907595674211586,0.0,0.0,0.0,0.24907595674211586,0.24907595674211586,-0.24907595674211586,False,1.0,0.0,0.007869545501612007,-0.0019601145749396248,0.0,2.1324996296414028e-07,-0.001960327824902589,0.9978617653083369,0.9959056291243965,-0.07979018989283582,0.9970791804596097,0.0012453797837105793,0.9958338006758992,False,False,False,-1.0
2026-01-30,2026-01-31 00:00:00,-0.24429421920273595,0.0,0.0,-0.24429421920273595,0.0,0.0,0.0,0.24429421920273595,0.24429421920273595,-0.24429421920273595,False,1.0,0.0,-0.0033216157157368587,0.0008114515177674728,0.0,2.091560095913835e-07,0.0008112423617578815,1.0031066838164242,1.0039204464516986,-0.07238455494599383,0.9999667614642793,0.0012214710960136797,0.9987452903682656,False,False,False,-1.0
2026-01-31,2026-02-01 00:00:00,-0.21780783647322058,0.0,0.0,-0.21780783647322058,0.0,0.0,0.0,0.21780783647322058,0.21780783647322058,-0.21780783647322058,False,1.0,0.0,-0.003529300671235913,0.0007687093434653794,0.0,1.8647931204899022e-07,0.0007685228641533304,1.0190556051509454,1.0198387726833475,-0.057676133253741435,0.999645881571021,0.0010890391823661029,0.9985568423886548,False,False,False,-1.0
2026-02-01,2026-02-02 00:00:00,-0.21170909259821474,0.0,0.0,-0.21170909259821474,0.0,0.0,0.0,0.21170909259821474,0.21170909259821474,-0.21170909259821474,False,1.0,0.0,0.006146249440360796,-0.0013012168919010693,0.0,1.812577847587455e-07,-0.001301398149685828,1.0402088992282856,1.0388551732915432,-0.04010511258587479,0.9967421753211899,0.0010585454629910738,0.9956836298581988,False,False,False,-1.0
2026-02-02,2026-02-03 00:00:00,-0.1882558257144842,0.0,0.0,-0.1882558257144842,0.0,0.0,0.0,0.1882558257144842,0.1882558257144842,-0.1882558257144842,False,1.0,0.0,-0.0020539152759947443,0.0003866615162299833,0.0,1.611779329747296e-07,0.0003865003382970086,1.0329432801076301,1.0333425130348333,-0.045198771964497286,0.9994047921034425,0.0009412791285724211,0.99846351297487,False,False,False,-1.0
2026-02-03,2026-02-04 00:00:00,-0.17002371663919352,0.0,0.0,-0.17002371663919352,0.0,0.0,0.0,0.17002371663919352,0.17002371663919352,-0.17002371663919352,False,1.0,0.0,0.009511280668289102,-0.0016171432892210253,0.0,1.4556825054725473e-07,-0.0016172888574715726,1.0399459837954834,1.0382640907435186,-0.04065126871088198,0.9979927775601113,0.0008501185831959676,0.9971426589769153,False,False,False,-1.0
2026-02-04,2026-02-05 00:00:00,-0.16734835216959418,0.0,0.0,-0.16734835216959418,0.0,0.0,0.0,0.16734835216959418,0.16734835216959418,-0.16734835216959418,False,1.0,0.0,-0.002106552584934862,0.00035252810384744823,0.0,1.432776987753375e-07,0.0003523848261486729,1.0493260373339188,1.049695803907158,-0.030088445997688784,0.9995867621160306,0.0008367417608479709,0.9987500203551826,False,False,False,-1.0
2026-02-05,2026-02-06 00:00:00,-0.1674515659986708,0.0,0.0,-0.1674515659986708,0.0,0.0,0.0,0.1674515659986708,0.1674515659986708,-0.1674515659986708,False,1.0,0.0,-0.0020574978992131676,0.0003445312452622203,0.0,1.433660667796839e-07,0.0003443878791954406,1.064988104459993,1.0653548734546563,-0.015619575661623641,0.9981961843969788,0.0008372578299933541,0.9973589265669854,False,False,False,-1.0
2026-02-06,2026-02-07 00:00:00,-0.16141923954432674,0.0,0.0,-0.16141923954432674,0.0,0.0,0.0,0.16141923954432674,0.16141923954432674,-0.16141923954432674,False,1.0,0.0,-0.003569163235101702,0.0005761316152196859,0.0,1.3820140371945783e-07,0.0005759934138159664,1.062199353307148,1.0628111731388126,-0.018527546625698443,0.9991433840518522,0.0008070961977216338,0.9983362878541305,False,False,False,-1.0
2026-02-07,2026-02-08 00:00:00,-0.15087558528469674,0.0,0.0,-0.15087558528469674,0.0,0.0,0.0,0.15087558528469674,0.15087558528469674,-0.15087558528469674,False,1.0,0.0,0.0024677000058637155,-0.0003723156826917377,0.0,1.291743024697746e-07,-0.00037244485699420746,1.0571198381068605,1.056726119259931,-0.024146901136041565,0.9994675699882649,0.0007543779264234837,0.9987131920618414,False,False,False,-1.0
2026-02-08,2026-02-09 00:00:00,-0.15003902536704014,0.0,0.0,-0.15003902536704014,0.0,0.0,0.0,0.15003902536704014,0.15003902536704014,-0.15003902536704014,False,1.0,0.0,-0.0017998560115192186,0.00027004864176935175,0.0,1.2845806966356176e-07,0.0002699201836996882,1.0520530812550422,1.0523370516159964,-0.02820006607953396,0.9999487044308583,0.0007501951268352007,0.9991985093040231,False,False,False,-1.0
2026-02-09,2026-02-10 00:00:00,-0.1450984768969949,0.0,0.0,-0.1450984768969949,0.0,0.0,0.0,0.1450984768969949,0.1450984768969949,-0.1450984768969949,False,1.0,0.0,4.368465503690189e-05,-6.3385769096251e-06,0.0,1.2422814802824905e-07,-6.462805057653349e-06,1.055644120772036,1.0556372983498732,-0.025152392757590625,0.9995737825462612,0.0007254923844849745,0.9988482901617762,False,False,False,-1.0
2026-02-10,2026-02-11 00:00:00,-0.1426284977520601,0.0,0.0,-0.1426284977520601,0.0,0.0,0.0,0.1426284977520601,0.1426284977520601,-0.1426284977520601,False,1.0,0.0,-0.0012943065332838843,0.0001846049964729572,0.0,1.2211343985621585e-07,0.00018448288303310099,1.0581293088867925,1.0583245156323178,-0.022670832716062628,0.9997356531778679,0.0007131424887603005,0.9990225106891076,False,False,False,-1.0
2026-02-11,2026-02-12 00:00:00,-0.14257868222345688,0.0,0.0,-0.14257868222345688,0.0,0.0,0.0,0.14257868222345688,0.14257868222345688,-0.14257868222345688,False,1.0,0.0,-0.004240111141524672,0.0006045494590395851,0.0,1.2207078957487746e-07,0.0006044273882500102,1.0607864195765684,1.0614275879416442,-0.01980524372960335,0.9998621790877483,0.0007128934111172843,0.9991492856766311,False,False,False,-1.0
2026-02-12,2026-02-13 00:00:00,-0.14334981085405468,0.0,0.0,-0.14334981085405468,0.0,0.0,0.0,0.14334981085405468,0.14334981085405468,-0.14334981085405468,False,1.0,0.0,-0.0037851662404092545,0.0005426028646138199,0.0,1.2273100244353996e-07,0.0005424801336113763,1.0591889932003233,1.0597635821868743,-0.02134190033600669,0.9996244547464539,0.0007167490542702734,0.9989077056921836,False,False,False,-1.0
2026-02-13,2026-02-14 00:00:00,-0.1421601567995343,0.0,0.0,-0.1421601567995343,0.0,0.0,0.0,0.1421601567995343,0.1421601567995343,-0.1421601567995343,False,1.0,0.0,0.0006839002981606779,-9.722337362177023e-05,0.0,1.217124630132999e-07,-9.734508608478353e-05,1.0532548313626913,1.053152302180463,-0.02744720800667555,0.9997963387067892,0.0007108007839976715,0.9990855379227915,False,False,False,-1.0
2026-02-14,2026-02-15 00:00:00,-0.14290966266694774,0.0,0.0,-0.14290966266694774,0.0,0.0,0.0,0.14290966266694774,0.14290966266694774,-0.14290966266694774,False,1.0,0.0,-8.147342289022141e-05,1.164333938156312e-05,0.0,1.2235416324224978e-07,1.1520985218320871e-05,1.0492580589914082,1.049270147477996,-0.031032254905416834,0.9998718009126396,0.0007145483133347388,0.9991572525993049,False,False,False,-1.0
2026-02-15,2026-02-16 00:00:00,-0.14430705504818814,0.0,0.0,-0.14430705504818814,0.0,0.0,0.0,0.14430705504818814,0.14430705504818814,-0.14430705504818814,False,1.0,0.0,0.0007566329832247032,-0.00010918747756148206,0.0,1.235505608289282e-07,-0.00010931102812231098,1.054876126139217,1.054760816545327,-0.02596179594113568,0.9997829381716526,0.0007215352752409408,0.9990614028964117,False,False,False,-1.0
2026-02-16,2026-02-17 00:00:00,-0.14148584719933618,0.0,0.0,-0.14148584719933618,0.0,0.0,0.0,0.14148584719933618,0.14148584719933618,-0.14148584719933618,False,1.0,0.0,0.0028972130348947633,-0.00040991464075904553,0.0,1.2113514315011657e-07,-0.00041003577590219563,1.0592018723504484,1.058767561688882,-0.022261693716507547,0.9992888764791155,0.0007074292359966809,0.9985814472431188,False,False,False,-1.0
2026-02-17,2026-02-18 00:00:00,-0.14074550824629173,0.0,0.0,-0.14074550824629173,0.0,0.0,0.0,0.14074550824629173,0.14074550824629173,-0.14074550824629173,False,1.0,0.0,0.007156202810268519,-0.001007203401644784,0.0,1.205012913067566e-07,-0.0010073239029360908,1.058856584492672,1.0577899729453313,-0.023164465955615943,0.9988723592386414,0.0007037275412314587,0.9981686316974099,False,False,False,-1.0
2026-02-18,2026-02-19 00:00:00,-0.14285712248001953,0.0,0.0,-0.14285712248001953,0.0,0.0,0.0,0.14285712248001953,0.14285712248001953,-0.14285712248001953,False,1.0,0.0,-0.008216343727041497,0.0011737632221519073,0.0,1.2230918020549618e-07,0.0011736409129717018,1.0551664562603902,1.0564048427834527,-0.024443589785493214,0.9999349066122213,0.0007142856124000977,0.9992206209998212,False,False,False,-1.0
2026-02-19,2026-02-20 00:00:00,-0.14250519374829776,0.0,0.0,-0.14250519374829776,0.0,0.0,0.0,0.14250519374829776,0.14250519374829776,-0.14250519374829776,False,1.0,0.0,-0.0024610633866304354,0.00035071431473861203,0.0,1.2200787135984397e-07,0.0003505923068672522,1.0605086899654674,1.0608804961535352,-0.02031046566654493,0.9996831275899752,0.0007125259687414888,0.9989706016212337,False,False,False,-1.0
2026-02-20,2026-02-21 00:00:00,-0.14202745458791222,0.0,0.0,-0.14202745458791222,0.0,0.0,0.0,0.14202745458791222,0.14202745458791222,-0.14202745458791222,False,1.0,0.0,0.006852547136907194,-0.0009732498272986144,0.0,1.2159884810608922e-07,-0.0009733714261467205,1.0589197844668157,1.0578890622060342,-0.023072960162053513,0.9987913294015348,0.000710137272939561,0.9980811921285953,False,False,False,-1.0
2026-02-21,2026-02-22 00:00:00,-0.14499747454287729,0.0,0.0,-0.14499747454287729,0.0,0.0,0.0,0.14499747454287729,0.14499747454287729,-0.14499747454287729,False,1.0,0.0,-0.0011963285781786404,0.00017346462255937397,0.0,1.2414167340999767e-07,0.00017334048088596396,1.0557865581256465,1.0559695686753447,-0.024845551636828778,0.9999146012329508,0.0007249873727143864,0.9991896138602364,False,False,False,-1.0
2026-02-22,2026-02-23 00:00:00,-0.1429382952285512,0.0,0.0,-0.1429382952285512,0.0,0.0,0.0,0.1429382952285512,0.1429382952285512,-0.1429382952285512,False,1.0,0.0,-0.0014317197510852475,0.00020464758046517093,0.0,1.2237867742170478e-07,0.00020452520178774924,1.0583426136761365,1.058559071412759,-0.022454227882484412,0.9999509083788541,0.000714691476142756,0.9992362169027114,False,False,False,-1.0
2026-02-23,2026-02-24 00:00:00,-0.1418531375962826,0.0,0.0,-0.1418531375962826,0.0,0.0,0.0,0.1418531375962826,0.1418531375962826,-0.1418531375962826,False,1.0,0.0,-0.004868288379127783,0.000690581981302797,0.0,1.2144960410640633e-07,0.0006904605316986906,1.0622377144704194,1.062971147687543,-0.018379815197211324,0.9998374763153106,0.000709265687981413,0.9991282106273291,False,False,False,-1.0
2026-02-24,2026-02-25 00:00:00,-0.14233323374954326,0.0,0.0,-0.14233323374954326,0.0,0.0,0.0,0.14233323374954326,0.14233323374954326,-0.14233323374954326,False,1.0,0.0,0.0024815512681977125,-0.00035320721671786053,0.0,1.2186064533351307e-07,-0.000353329077363194,1.0671755255074153,1.0667984613636032,-0.014845412249242629,0.9995353758696667,0.0007116661687477163,0.9988237097009189,False,False,False,-1.0
2026-02-25,2026-02-26 00:00:00,-0.14232280620453816,0.0,0.0,-0.14232280620453816,0.0,0.0,0.0,0.14232280620453816,0.14232280620453816,-0.14232280620453816,False,1.0,0.0,-0.004529742506886092,0.0006446856649640081,0.0,1.2185171764087172e-07,0.0006445638132463672,1.0528914806499416,1.053570136397644,-0.027061351342194673,0.9995459237226254,0.0007116140310226908,0.9988343096916027,False,False,False,-1.0
2026-02-26,2026-02-27 00:00:00,0.0,0.0,0.0,0.0,0.0,0.0,0.0,0.0,0.0,0.0,False,1.0,0.0,0.002223569840307249,0.0,0.0,0.0,0.0,1.0530846335120305,1.0530846335120305,-0.02750969787853752,1.0,0.0,1.0,False,False,False,0.0
2026-02-27,2026-02-28 00:00:00,0.0,0.0,0.0,0.0,0.0,0.0,0.0,0.0,0.0,0.0,False,1.0,0.0,0.00013867132328382326,0.0,0.0,0.0,0.0,1.0530846335120305,1.0530846335120305,-0.02750969787853752,1.0,0.0,1.0,False,False,False,0.0
2026-02-28,2026-03-01 00:00:00,0.0,0.0,0.0,0.0,0.0,0.0,0.0,0.0,0.0,0.0,False,1.0,0.0,0.0004955897781973029,0.0,0.0,0.0,0.0,1.0530846335120305,1.0530846335120305,-0.02750969787853752,1.0,0.0,1.0,False,False,False,0.0
2026-03-01,2026-03-02 00:00:00,0.0,0.0,0.0,0.0,0.0,0.0,0.0,0.0,0.0,0.0,False,1.0,0.0,-0.010060812019316745,-0.0,0.0,0.0,-0.0,1.0530846335120305,1.0530846335120305,-0.02750969787853752,1.0,0.0,1.0,False,False,False,0.0
2026-03-02,2026-03-03 00:00:00,0.0,0.0,0.0,0.0,0.0,0.0,0.0,0.0,0.0,0.0,False,1.0,0.0,-0.0070645317806889985,-0.0,0.0,0.0,-0.0,1.0530846335120305,1.0530846335120305,-0.02750969787853752,1.0,0.0,1.0,False,False,False,0.0
2026-03-03,2026-03-04 00:00:00,0.0,0.0,0.0,0.0,0.0,0.0,0.0,0.0,0.0,0.0,False,1.0,0.0,0.004645582867498943,0.0,0.0,0.0,0.0,1.0530846335120305,1.0530846335120305,-0.02750969787853752,1.0,0.0,1.0,False,False,False,0.0
2026-03-04,2026-03-05 00:00:00,0.0,0.0,0.0,0.0,0.0,0.0,0.0,0.0,0.0,0.0,False,1.0,0.0,0.010967253436672708,0.0,0.0,0.0,0.0,1.0530846335120305,1.0530846335120305,-0.02750969787853752,1.0,0.0,1.0,False,False,False,0.0
2026-03-05,2026-03-06 00:00:00,0.0,0.0,0.0,0.0,0.0,0.0,0.0,0.0,0.0,0.0,False,1.0,0.0,0.0028699853375957485,0.0,0.0,0.0,0.0,1.0530846335120305,1.0530846335120305,-0.02750969787853752,1.0,0.0,1.0,False,False,False,0.0
2026-03-06,2026-03-07 00:00:00,0.0,0.0,0.0,0.0,0.0,0.0,0.0,0.0,0.0,0.0,False,1.0,0.0,-0.00345370024906988,-0.0,0.0,0.0,-0.0,1.0530846335120305,1.0530846335120305,-0.02750969787853752,1.0,0.0,1.0,False,False,False,0.0
2026-03-07,2026-03-08 00:00:00,0.0,0.0,0.0,0.0,0.0,0.0,0.0,0.0,0.0,0.0,False,1.0,0.0,0.001360207115551848,0.0,0.0,0.0,0.0,1.0530846335120305,1.0530846335120305,-0.02750969787853752,1.0,0.0,1.0,False,False,False,0.0
2026-03-08,2026-03-09 00:00:00,0.0,0.0,0.0,0.0,0.0,0.0,0.0,0.0,0.0,0.0,False,1.0,0.0,0.0009225567707420446,0.0,0.0,0.0,0.0,1.0530846335120305,1.0530846335120305,-0.02750969787853752,1.0,0.0,1.0,False,False,False,0.0
2026-03-09,2026-03-10 00:00:00,0.0,0.0,0.0,0.0,0.0,0.0,0.0,0.0,0.0,0.0,False,1.0,0.0,0.0013720342760910054,0.0,0.0,0.0,0.0,1.0530846335120305,1.0530846335120305,-0.02750969787853752,1.0,0.0,1.0,False,False,False,0.0
2026-03-10,2026-03-11 00:00:00,0.0,0.0,0.0,0.0,0.0,0.0,0.0,0.0,0.0,0.0,False,1.0,0.0,0.004324151958913225,0.0,0.0,0.0,0.0,1.0530846335120305,1.0530846335120305,-0.02750969787853752,1.0,0.0,1.0,False,False,False,0.0
2026-03-11,2026-03-12 00:00:00,0.0,0.0,0.0,0.0,0.0,0.0,0.0,0.0,0.0,0.0,False,1.0,0.0,0.0049236684272213616,0.0,0.0,0.0,0.0,1.0530846335120305,1.0530846335120305,-0.02750969787853752,1.0,0.0,1.0,False,False,False,0.0
2026-03-12,2026-03-13 00:00:00,0.0,0.0,0.0,0.0,0.0,0.0,0.0,0.0,0.0,0.0,False,1.0,0.0,-0.0007284094143299447,-0.0,0.0,0.0,-0.0,1.0530846335120305,1.0530846335120305,-0.02750969787853752,1.0,0.0,1.0,False,False,False,0.0
2026-03-13,2026-03-14 00:00:00,0.0,0.0,0.0,0.0,0.0,0.0,0.0,0.0,0.0,0.0,False,1.0,0.0,-0.005795313274071456,-0.0,0.0,0.0,-0.0,1.0530846335120305,1.0530846335120305,-0.02750969787853752,1.0,0.0,1.0,False,False,False,0.0
2026-03-14,2026-03-15 00:00:00,0.0,0.0,0.0,0.0,0.0,0.0,0.0,0.0,0.0,0.0,False,1.0,0.0,0.0005356108859293496,0.0,0.0,0.0,0.0,1.0530846335120305,1.0530846335120305,-0.02750969787853752,1.0,0.0,1.0,False,False,False,0.0
2026-03-15,2026-03-16 00:00:00,0.0,0.0,0.0,0.0,0.0,0.0,0.0,0.0,0.0,0.0,False,1.0,0.0,-9.555753041068371e-06,-0.0,0.0,0.0,-0.0,1.0530846335120305,1.0530846335120305,-0.02750969787853752,1.0,0.0,1.0,False,False,False,0.0
2026-03-16,2026-03-17 00:00:00,0.0,0.0,0.0,0.0,0.0,0.0,0.0,0.0,0.0,0.0,False,1.0,0.0,-0.004442458335523813,-0.0,0.0,0.0,-0.0,1.0530846335120305,1.0530846335120305,-0.02750969787853752,1.0,0.0,1.0,False,False,False,0.0
2026-03-17,2026-03-18 00:00:00,0.0,0.0,0.0,0.0,0.0,0.0,0.0,0.0,0.0,0.0,False,1.0,0.0,0.001223894926674296,0.0,0.0,0.0,0.0,1.0530846335120305,1.0530846335120305,-0.02750969787853752,1.0,0.0,1.0,False,False,False,0.0
2026-03-18,2026-03-19 00:00:00,0.0,0.0,0.0,0.0,0.0,0.0,0.0,0.0,0.0,0.0,False,1.0,0.0,0.0018649535365382608,0.0,0.0,0.0,0.0,1.0530846335120305,1.0530846335120305,-0.02750969787853752,1.0,0.0,1.0,False,False,False,0.0
2026-03-19,2026-03-20 00:00:00,0.0,0.0,0.0,0.0,0.0,0.0,0.0,0.0,0.0,0.0,False,1.0,0.0,0.006525045147799613,0.0,0.0,0.0,0.0,1.0530846335120305,1.0530846335120305,-0.02750969787853752,1.0,0.0,1.0,False,False,False,0.0
2026-03-20,2026-03-21 00:00:00,0.0,0.0,0.0,0.0,0.0,0.0,0.0,0.0,0.0,0.0,False,1.0,0.0,0.0006802561516265904,0.0,0.0,0.0,0.0,1.0530846335120305,1.0530846335120305,-0.02750969787853752,1.0,0.0,1.0,False,False,False,0.0
2026-03-21,2026-03-22 00:00:00,0.0,0.0,0.0,0.0,0.0,0.0,0.0,0.0,0.0,0.0,False,1.0,0.0,0.0005759592741056974,0.0,0.0,0.0,0.0,1.0530846335120305,1.0530846335120305,-0.02750969787853752,1.0,0.0,1.0,False,False,False,0.0
2026-03-22,2026-03-23 00:00:00,0.0,0.0,0.0,0.0,0.0,0.0,0.0,0.0,0.0,0.0,False,1.0,0.0,0.0012022062889815999,0.0,0.0,0.0,0.0,1.0530846335120305,1.0530846335120305,-0.02750969787853752,1.0,0.0,1.0,False,False,False,0.0
2026-03-23,2026-03-24 00:00:00,-0.1360498241801363,0.0,0.0,-0.1360498241801363,0.0,0.0,0.0,0.1360498241801363,0.1360498241801363,-0.1360498241801363,False,1.0,0.0,-0.009911586784551063,0.0013484696393843347,0.0,1.1648101385285642e-07,0.001348353158370482,1.0480069464156336,1.0494200298918273,-0.03089384324383615,0.9994921498801194,0.0006802491209006816,0.9988119007592187,False,False,False,-1.0
2026-03-24,2026-03-25 00:00:00,-0.1344095559877852,0.0,0.0,-0.1344095559877852,0.0,0.0,0.0,0.1344095559877852,0.1344095559877852,-0.1344095559877852,False,1.0,0.0,-0.002043345100881333,0.0002746451077392761,0.0,1.1507667464707636e-07,0.00027453003106462905,1.0486170717241685,1.048904948601444,-0.03136950450007481,0.9998163691991608,0.000672047779938926,0.9991443214192219,False,False,False,-1.0
2026-03-25,2026-03-26 00:00:00,-0.13399373637352258,0.0,0.0,-0.13399373637352258,0.0,0.0,0.0,0.13399373637352258,0.13399373637352258,-0.13399373637352258,False,1.0,0.0,7.402129962885695e-05,-9.918390508494582e-06,0.0,1.1472066470335836e-07,-1.003311117319794e-05,1.0470582022815298,1.0470476970301814,-0.03308461749686131,0.9997854000845887,0.0006699686818676129,0.9991154314027211,False,False,False,-1.0
2026-03-26,2026-03-27 00:00:00,-0.13458007355411564,0.0,0.0,-0.13458007355411564,0.0,0.0,0.0,0.13458007355411564,0.13458007355411564,-0.13458007355411564,False,1.0,0.0,0.0027671163836551216,-0.0003723987264451047,0.0,1.152226657141401e-07,-0.00037251394911081884,1.0535489049583824,1.053156443295215,-0.027443383818373746,0.999273348557965,0.0006729003677705782,0.9986004481901944,False,False,False,-1.0
2026-03-27,2026-03-28 00:00:00,-0.1361824084015752,0.0,0.0,-0.1361824084015752,0.0,0.0,0.0,0.1361824084015752,0.1361824084015752,-0.1361824084015752,False,1.0,0.0,-0.00423325960989962,0.000576495489065243,0.0,1.1659452774107466e-07,0.0005763788945375019,1.058057631283981,1.0586674733718573,-0.022354122106937768,0.9997702392212938,0.000680912042007876,0.9990893271792859,False,False,False,-1.0
2026-03-28,2026-03-29 00:00:00,-0.13411440930580942,0.0,0.0,-0.13411440930580942,0.0,0.0,0.0,0.13411440930580942,0.13411440930580942,-0.13411440930580942,False,1.0,0.0,-0.0006412469787401287,8.60004597728673e-05,0.0,1.148239805700423e-07,8.588563579229725e-05,1.055994439152708,1.0560851339065078,-0.024738830806430134,0.9999138847162465,0.0006705720465290471,0.9992433126697174,False,False,False,-1.0
2026-03-29,2026-03-30 00:00:00,-0.1430593018773575,0.0,0.0,-0.1430593018773575,0.0,0.0,0.0,0.1430593018773575,0.1430593018773575,-0.1430593018773575,False,1.0,0.0,0.0010150753768845,-0.00014521597476999213,0.0,1.224822790045869e-07,-0.00014533845704899672,1.0587610272915888,1.0586071485974986,-0.02240983012524378,0.9997432334434988,0.0007152965093867874,0.999027936934112,False,False,False,-1.0
2026-03-30,2026-03-31 00:00:00,-0.14265076566037496,0.0,0.0,-0.14265076566037496,0.0,0.0,0.0,0.14265076566037496,0.14265076566037496,-0.14265076566037496,False,1.0,0.0,-0.0006458951914547484,9.213744359737433e-05,0.0,1.2213250484621143e-07,9.201531109252811e-05,1.0523877654560634,1.052484601243692,-0.02806380867205771,0.9997385925796816,0.0007132538283018749,0.9990253387513797,False,False,False,-1.0
2026-03-31,2026-04-01 00:00:00,-0.14551613757302112,0.11836889392595466,0.0,-0.14551613757302112,0.11836889392595466,0.0,0.11836889392595466,0.14551613757302112,0.2638850314989758,-0.027147243647066457,True,1.0,0.0,-0.00213758258841823,5.802947534351666e-05,0.0,2.259289653244656e-07,5.78035463781922e-05,1.0533874676523505,1.0534483571836912,-0.02717381058886892,0.9992264115520156,0.001319425157494879,0.9979069863945208,False,False,False,-1.0
2026-04-01,2026-04-02 00:00:00,-0.14424332591877825,0.11836889392595466,0.0,-0.14424332591877825,0.11836889392595466,0.0,0.11836889392595466,0.14424332591877825,0.26261221984473293,-0.02587443199282359,True,1.0,0.0,0.001309176907808629,-3.387420886766945e-05,0.0,2.2483922931912064e-07,-3.409904809698857e-05,1.0524011162792324,1.052365230402951,-0.028174043862357223,0.9996080027451048,0.0013130610992236646,0.9982949416458811,False,False,False,-1.0
2026-04-02,2026-04-03 00:00:00,-0.14816097211441964,0.0,0.0,-0.14816097211441964,0.0,0.0,0.0,0.14816097211441964,0.14816097211441964,-0.14816097211441964,False,1.0,0.0,-0.0025198193483358944,0.0003733388842021695,0.0,1.26850147358236e-07,0.00037321203405481126,1.0584032167613944,1.058798225578772,-0.02223337658548663,0.999944590276615,0.0007408048605720982,0.9992037854160428,False,False,False,-1.0
2026-04-03,2026-04-04 00:00:00,-0.14676608361262822,0.0,0.0,-0.14676608361262822,0.0,0.0,0.0,0.14676608361262822,0.14676608361262822,-0.14676608361262822,False,1.0,0.0,0.0003366362718264515,-4.940678721792442e-05,0.0,1.256558935039625e-07,-4.953244311142838e-05,1.0594177623974175,1.0593652868473702,-0.021709713465855596,0.9998452096189026,0.0007338304180631411,0.9991113792008394,False,False,False,-1.0
2026-04-04,2026-04-05 00:00:00,-0.14723329476661512,0.0,0.0,-0.14723329476661512,0.0,0.0,0.0,0.14723329476661512,0.14723329476661512,-0.14723329476661512,False,1.0,0.0,0.0010325848716574715,-0.00015203087278029193,0.0,1.2605590305360881e-07,-0.00015215692868334555,1.0591399001959907,1.058978744721731,-0.022066672874988758,0.9998198751277392,0.0007361664738330757,0.999083708653906,False,False,False,-1.0
2026-04-05,2026-04-06 00:00:00,-0.16517365671354511,0.0,0.0,-0.16517365671354511,0.0,0.0,0.0,0.16517365671354511,0.16517365671354511,-0.16517365671354511,False,1.0,0.0,-0.0027445303695644574,0.0004533241171023388,0.0,1.4141580198077492e-07,0.000453182701300358,1.0585984020275665,1.0590781405109895,-0.02197488401201453,0.9999717765592449,0.0008258682835677256,0.9991459082756772,False,False,False,-1.0
2026-04-06,2026-04-07 00:00:00,-0.1674903240351512,0.0,0.0,-0.1674903240351512,0.0,0.0,0.0,0.1674903240351512,0.1674903240351512,-0.1674903240351512,False,1.0,0.0,0.00017104764370334813,-2.864882526932287e-05,0.0,1.433992500300952e-07,-2.8792224519352967e-05,1.0560222471118308,1.0559918418821945,-0.024824983035816817,0.9998008634090146,0.000837451620175756,0.9989634117888389,False,False,False,-1.0
2026-04-07,2026-04-08 00:00:00,-0.1766207413738271,0.0,0.0,-0.1766207413738271,0.0,0.0,0.0,0.1766207413738271,0.1766207413738271,-0.1766207413738271,False,1.0,0.0,0.0016715238806330746,-0.0002952257870214701,0.0,1.512163881625232e-07,-0.00029537700340963264,1.063626471533688,1.0633123007337792,-0.018064771165187565,0.9993838733663105,0.0008831037068691356,0.9985007696594413,False,False,False,-1.0
2026-04-08,2026-04-09 00:00:00,-0.16869971359359653,0.0,0.0,-0.16869971359359653,0.0,0.0,0.0,0.16869971359359653,0.16869971359359653,-0.16869971359359653,False,1.0,0.0,0.0017550208069474493,-0.0002960715074828374,0.0,1.4443468629588744e-07,-0.0002962159421691333,1.0521736618110438,1.0518619911984848,-0.028638769327354763,0.999603058699615,0.0008434985679679827,0.998759560131647,False,False,False,-1.0
2026-04-09,2026-04-10 00:00:00,0.0,0.0,0.0,0.0,0.0,0.0,0.0,0.0,0.0,0.0,False,1.0,0.0,0.00237807827765657,0.0,0.0,0.0,0.0,1.0517683078486395,1.0517683078486395,-0.02872528293347487,1.0,0.0,1.0,False,False,False,0.0
2026-04-10,2026-04-11 00:00:00,0.0,0.0,0.0,0.0,0.0,0.0,0.0,0.0,0.0,0.0,False,1.0,0.0,-0.0037369442191624858,-0.0,0.0,0.0,-0.0,1.0517683078486395,1.0517683078486395,-0.02872528293347487,1.0,0.0,1.0,False,False,False,0.0
2026-04-11,2026-04-12 00:00:00,0.0,0.0,0.0,0.0,0.0,0.0,0.0,0.0,0.0,0.0,False,1.0,0.0,0.0013718276485628067,0.0,0.0,0.0,0.0,1.0517683078486395,1.0517683078486395,-0.02872528293347487,1.0,0.0,1.0,False,False,False,0.0
2026-04-12,2026-04-13 00:00:00,0.0,0.0,0.0,0.0,0.0,0.0,0.0,0.0,0.0,0.0,False,1.0,0.0,0.0016774832251675864,0.0,0.0,0.0,0.0,1.0517683078486395,1.0517683078486395,-0.02872528293347487,1.0,0.0,1.0,False,False,False,0.0
2026-04-13,2026-04-14 00:00:00,0.0,0.0,0.0,0.0,0.0,0.0,0.0,0.0,0.0,0.0,False,1.0,0.0,0.0012921302467290285,0.0,0.0,0.0,0.0,1.0517683078486395,1.0517683078486395,-0.02872528293347487,1.0,0.0,1.0,False,False,False,0.0
2026-04-14,2026-04-15 00:00:00,0.0,0.0,0.0,0.0,0.0,0.0,0.0,0.0,0.0,0.0,False,1.0,0.0,-0.0008371349689879626,-0.0,0.0,0.0,-0.0,1.0517683078486395,1.0517683078486395,-0.02872528293347487,1.0,0.0,1.0,False,False,False,0.0
2026-04-15,2026-04-16 00:00:00,0.0,0.0,0.0,0.0,0.0,0.0,0.0,0.0,0.0,0.0,False,1.0,0.0,-0.0003431399882473096,-0.0,0.0,0.0,-0.0,1.0517683078486395,1.0517683078486395,-0.02872528293347487,1.0,0.0,1.0,False,False,False,0.0
2026-04-16,2026-04-17 00:00:00,0.0,0.0,0.0,0.0,0.0,0.0,0.0,0.0,0.0,0.0,False,1.0,0.0,-8.55596671722747e-06,-0.0,0.0,0.0,-0.0,1.0517683078486395,1.0517683078486395,-0.02872528293347487,1.0,0.0,1.0,False,False,False,0.0
2026-04-17,2026-04-18 00:00:00,0.0,0.0,0.0,0.0,0.0,0.0,0.0,0.0,0.0,0.0,False,1.0,0.0,0.0010541081506760808,0.0,0.0,0.0,0.0,1.0517683078486395,1.0517683078486395,-0.02872528293347487,1.0,0.0,1.0,False,False,False,0.0
2026-04-18,2026-04-19 00:00:00,0.0,0.0,0.0,0.0,0.0,0.0,0.0,0.0,0.0,0.0,False,1.0,0.0,0.0009576352341968963,0.0,0.0,0.0,0.0,1.0517683078486395,1.0517683078486395,-0.02872528293347487,1.0,0.0,1.0,False,False,False,0.0
2026-04-19,2026-04-20 00:00:00,0.0,0.0,0.0,0.0,0.0,0.0,0.0,0.0,0.0,0.0,False,1.0,0.0,0.002513287285090149,0.0,0.0,0.0,0.0,1.0517683078486395,1.0517683078486395,-0.02872528293347487,1.0,0.0,1.0,False,False,False,0.0
2026-04-20,2026-04-21 00:00:00,0.0,0.0,0.0,0.0,0.0,0.0,0.0,0.0,0.0,0.0,False,1.0,0.0,0.002549118213189594,0.0,0.0,0.0,0.0,1.0517683078486395,1.0517683078486395,-0.02872528293347487,1.0,0.0,1.0,False,False,False,0.0
2026-04-21,2026-04-22 00:00:00,0.0,0.0,0.0,0.0,0.0,0.0,0.0,0.0,0.0,0.0,False,1.0,0.0,0.002692128996400367,0.0,0.0,0.0,0.0,1.0517683078486395,1.0517683078486395,-0.02872528293347487,1.0,0.0,1.0,False,False,False,0.0
2026-04-22,2026-04-23 00:00:00,0.0,0.0,0.0,0.0,0.0,0.0,0.0,0.0,0.0,0.0,False,1.0,0.0,-0.0032605719690368407,-0.0,0.0,0.0,-0.0,1.0517683078486395,1.0517683078486395,-0.02872528293347487,1.0,0.0,1.0,False,False,False,0.0
2026-04-23,2026-04-24 00:00:00,0.0,0.0,0.0,0.0,0.0,0.0,0.0,0.0,0.0,0.0,False,1.0,0.0,-0.0013147413770953076,-0.0,0.0,0.0,-0.0,1.0517683078486395,1.0517683078486395,-0.02872528293347487,1.0,0.0,1.0,False,False,False,0.0
2026-04-24,2026-04-25 00:00:00,0.0,0.0,0.0,0.0,0.0,0.0,0.0,0.0,0.0,0.0,False,1.0,0.0,-0.0005636081245616875,-0.0,0.0,0.0,-0.0,1.0517683078486395,1.0517683078486395,-0.02872528293347487,1.0,0.0,1.0,False,False,False,0.0
2026-04-25,2026-04-26 00:00:00,0.0,0.0,0.0,0.0,0.0,0.0,0.0,0.0,0.0,0.0,False,1.0,0.0,-0.0037226576839197723,-0.0,0.0,0.0,-0.0,1.0517683078486395,1.0517683078486395,-0.02872528293347487,1.0,0.0,1.0,False,False,False,0.0
2026-04-26,2026-04-27 00:00:00,0.0,0.0,0.0,0.0,0.0,0.0,0.0,0.0,0.0,0.0,False,1.0,0.0,0.0012752871528680654,0.0,0.0,0.0,0.0,1.0517683078486395,1.0517683078486395,-0.02872528293347487,1.0,0.0,1.0,False,False,False,0.0
2026-04-27,2026-04-28 00:00:00,0.0,0.0,0.0,0.0,0.0,0.0,0.0,0.0,0.0,0.0,False,1.0,0.0,-0.003309516503747889,-0.0,0.0,0.0,-0.0,1.0517683078486395,1.0517683078486395,-0.02872528293347487,1.0,0.0,1.0,False,False,False,0.0
2026-04-28,2026-04-29 00:00:00,0.0,0.0,0.0,0.0,0.0,0.0,0.0,0.0,0.0,0.0,False,1.0,0.0,0.0026096446834540377,0.0,0.0,0.0,0.0,1.0517683078486395,1.0517683078486395,-0.02872528293347487,1.0,0.0,1.0,False,False,False,0.0
2026-04-29,2026-04-30 00:00:00,0.0,0.0,0.0,0.0,0.0,0.0,0.0,0.0,0.0,0.0,False,1.0,0.0,-0.0005939470199257668,-0.0,0.0,0.0,-0.0,1.0517683078486395,1.0517683078486395,-0.02872528293347487,1.0,0.0,1.0,False,False,False,0.0
2026-04-30,2026-05-01 00:00:00,0.0,0.0,0.0,0.0,0.0,0.0,0.0,0.0,0.0,0.0,False,1.0,0.0,0.0005655758711193837,0.0,0.0,0.0,0.0,1.0517683078486395,1.0517683078486395,-0.02872528293347487,1.0,0.0,1.0,False,False,False,0.0
2026-05-01,2026-05-02 00:00:00,0.0,0.0,0.0,0.0,0.0,0.0,0.0,0.0,0.0,0.0,False,1.0,0.0,-0.002546740690776539,-0.0,0.0,0.0,-0.0,1.0517683078486395,1.0517683078486395,-0.02872528293347487,1.0,0.0,1.0,False,False,False,0.0
2026-05-02,2026-05-03 00:00:00,0.0,0.0,0.0,0.0,0.0,0.0,0.0,0.0,0.0,0.0,False,1.0,0.0,0.0006417594616159317,0.0,0.0,0.0,0.0,1.0517683078486395,1.0517683078486395,-0.02872528293347487,1.0,0.0,1.0,False,False,False,0.0
2026-05-03,2026-05-04 00:00:00,0.0,0.0,0.0,0.0,0.0,0.0,0.0,0.0,0.0,0.0,False,1.0,0.0,0.0005115419335424143,0.0,0.0,0.0,0.0,1.0517683078486395,1.0517683078486395,-0.02872528293347487,1.0,0.0,1.0,False,False,False,0.0
2026-05-04,2026-05-05 00:00:00,0.0,0.0,0.0,0.0,0.0,0.0,0.0,0.0,0.0,0.0,False,1.0,0.0,-0.0015302218821728886,-0.0,0.0,0.0,-0.0,1.0517683078486395,1.0517683078486395,-0.02872528293347487,1.0,0.0,1.0,False,False,False,0.0
2026-05-05,2026-05-06 00:00:00,0.0,0.0,0.0,0.0,0.0,0.0,0.0,0.0,0.0,0.0,False,1.0,0.0,-0.0018032828134567636,-0.0,0.0,0.0,-0.0,1.0517683078486395,1.0517683078486395,-0.02872528293347487,1.0,0.0,1.0,False,False,False,0.0
2026-05-06,2026-05-07 00:00:00,0.0,0.0,0.0,0.0,0.0,0.0,0.0,0.0,0.0,0.0,False,1.0,0.0,-0.00037307105307793353,-0.0,0.0,0.0,-0.0,1.0517683078486395,1.0517683078486395,-0.02872528293347487,1.0,0.0,1.0,False,False,False,0.0
2026-05-07,2026-05-08 00:00:00,0.0,0.0,0.0,0.0,0.0,0.0,0.0,0.0,0.0,0.0,False,1.0,0.0,-0.0006360768868829414,-0.0,0.0,0.0,-0.0,1.0517683078486395,1.0517683078486395,-0.02872528293347487,1.0,0.0,1.0,False,False,False,0.0
2026-05-08,2026-05-09 00:00:00,0.0,0.0,0.0,0.0,0.0,0.0,0.0,0.0,0.0,0.0,False,1.0,0.0,0.003633689113817784,0.0,0.0,0.0,0.0,1.0517683078486395,1.0517683078486395,-0.02872528293347487,1.0,0.0,1.0,False,False,False,0.0
2026-05-09,2026-05-10 00:00:00,0.0,0.0,0.0,0.0,0.0,0.0,0.0,0.0,0.0,0.0,False,1.0,0.0,0.0016388551364487913,0.0,0.0,0.0,0.0,1.0517683078486395,1.0517683078486395,-0.02872528293347487,1.0,0.0,1.0,False,False,False,0.0
2026-05-10,2026-05-11 00:00:00,0.0,0.0,0.0,0.0,0.0,0.0,0.0,0.0,0.0,0.0,False,1.0,0.0,0.002559008864680079,0.0,0.0,0.0,0.0,1.0517683078486395,1.0517683078486395,-0.02872528293347487,1.0,0.0,1.0,False,False,False,0.0
2026-05-11,2026-05-12 00:00:00,0.0,0.0,0.0,0.0,0.0,0.0,0.0,0.0,0.0,0.0,False,1.0,0.0,0.0023938559130820547,0.0,0.0,0.0,0.0,1.0517683078486395,1.0517683078486395,-0.02872528293347487,1.0,0.0,1.0,False,False,False,0.0
2026-05-12,2026-05-13 00:00:00,0.0,0.0,0.0,0.0,0.0,0.0,0.0,0.0,0.0,0.0,False,1.0,0.0,-0.000782161416905236,-0.0,0.0,0.0,-0.0,1.0517683078486395,1.0517683078486395,-0.02872528293347487,1.0,0.0,1.0,False,False,False,0.0
2026-05-13,2026-05-14 00:00:00,-0.23764117152553055,0.0,0.0,-0.23764117152553055,0.0,0.0,0.0,0.23764117152553055,0.23764117152553055,-0.23764117152553055,False,1.0,0.0,-0.007039438621424754,0.0016728604408774443,0.0,2.034599071280227e-07,0.0016726569809703163,1.0532703256925202,1.0550320856556388,-0.025711287510333247,0.9998794772402443,0.0011882058576276528,0.9986912713826166,False,False,False,-1.0
2026-05-14,2026-05-15 00:00:00,-0.23630241846500574,0.0,0.0,-0.23630241846500574,0.0,0.0,0.0,0.23630241846500574,0.23630241846500574,-0.23630241846500574,False,1.0,0.0,0.0043850253352162305,-0.0010361920917419177,0.0,2.0231371443921725e-07,-0.0010363944054563568,1.04929107464919,1.0482035952497282,-0.03201718210470317,0.9988375682713209,0.0011815120923250287,0.9976560561789959,False,False,False,-1.0
2026-05-15,2026-05-16 00:00:00,-0.2358873680709519,0.0,0.0,-0.2358873680709519,0.0,0.0,0.0,0.2358873680709519,0.2358873680709519,-0.2358873680709519,False,1.0,0.0,0.0019076137690929862,-0.0004499819912872531,0.0,2.019583630744451e-07,-0.00045018394965032756,1.0568887175819748,1.0564129232447528,-0.0244361277354348,0.9994019496276808,0.0011794368403547596,0.9982225127873261,False,False,False,-1.0
2026-05-16,2026-05-17 00:00:00,-0.274555071091093,0.0,0.0,-0.274555071091093,0.0,0.0,0.0,0.274555071091093,0.274555071091093,-0.274555071091093,False,1.0,0.0,-0.000948971031169421,0.00026054480892610826,0.0,2.3506427319442895e-07,0.00026030974465291384,1.0616646971320078,1.0619410587982254,-0.019331069657969713,0.999812223020123,0.001372775355455465,0.9984394476646675,False,False,False,-1.0
2026-05-17,2026-05-18 00:00:00,-0.2641128880405516,0.0,0.0,-0.2641128880405516,0.0,0.0,0.0,0.2641128880405516,0.2641128880405516,-0.2641128880405516,False,1.0,0.0,0.00025631754081634206,-6.769676596045607e-05,0.0,2.2612404797992432e-07,-6.7922890008436e-05,1.0612037856869319,1.06113170565892,-0.020078481645495527,0.9997942658364294,0.0013205644402027581,0.9984737013962266,False,False,False,-1.0
2026-05-18,2026-05-19 00:00:00,-0.2610774321475412,0.0,0.0,-0.2610774321475412,0.0,0.0,0.0,0.2610774321475412,0.2610774321475412,-0.2610774321475412,False,1.0,0.0,0.00024214109704145947,-6.321757583297283e-05,0.0,2.235251987564565e-07,-6.344110103172929e-05,1.0711938408870187,1.0711258831703345,-0.01084917528374807,0.999537420479003,0.001305387160737706,0.9982320333182653,False,False,False,-1.0
2026-05-19,2026-05-20 00:00:00,-0.28727293990934083,0.0,0.0,-0.28727293990934083,0.0,0.0,0.0,0.28727293990934083,0.28727293990934083,-0.28727293990934083,False,1.0,0.0,0.0001327643432906811,-3.8139603212246925e-05,0.0,2.459528595114219e-07,-3.838555607175835e-05,1.0706243101992166,1.0705832136897258,-0.011350313359791642,0.999671481033778,0.001436364699546704,0.9982351163342313,False,False,False,-1.0
2026-05-20,2026-05-21 00:00:00,-0.28378255878824665,0.0,0.0,-0.28378255878824665,0.0,0.0,0.0,0.28378255878824665,0.28378255878824665,-0.28378255878824665,False,1.0,0.0,0.0004965313072358146,-0.00014090692488585252,0.0,2.4296451951048514e-07,-0.000141149889405363,1.0668498927958883,1.066699307051508,-0.01493697811570538,0.9993138327596212,0.0014189127939412333,0.9978949199656799,False,False,False,-1.0
2026-05-21,2026-05-22 00:00:00,-0.2849757734474407,0.0,0.0,-0.2849757734474407,0.0,0.0,0.0,0.2849757734474407,0.2849757734474407,-0.2849757734474407,False,1.0,0.0,0.0003473183736111274,-9.89773221523382e-05,0.0,2.4398610740363075e-07,-9.922130825974183e-05,1.067354534177601,1.0672486298643429,-0.014429695898098283,0.999078196892771,0.0014248788672372034,0.9976533180255338,False,False,False,-1.0
2026-05-22,2026-05-23 00:00:00,-0.281901266263189,0.0,0.0,-0.281901266263189,0.0,0.0,0.0,0.281901266263189,0.281901266263189,-0.281901266263189,False,1.0,0.0,0.0006045035514581354,-0.0001704103166166432,0.0,2.4135382385547006e-07,-0.00017065167044049868,1.069148731732602,1.0689662797155826,-0.01284350066780593,0.999605684789,0.001409506331315945,0.998196178457684,False,False,False,-1.0
2026-05-23,2026-05-24 00:00:00,-0.2819172415969231,0.0,0.0,-0.2819172415969231,0.0,0.0,0.0,0.2819172415969231,0.2819172415969231,-0.2819172415969231,False,1.0,0.0,0.0014734200851955759,-0.0004153825261318402,0.0,2.4136750136722863e-07,-0.0004156238936332074,1.0778588355885521,1.0774108517025178,-0.0050452059234668,0.9994980094425175,0.0014095862079846156,0.998088423234533,False,False,False,-1.0
2026-05-24,2026-05-25 00:00:00,-0.3112098646758279,0.0,0.0,-0.3112098646758279,0.0,0.0,0.0,0.3112098646758279,0.3112098646758279,-0.3112098646758279,False,1.0,0.0,7.637596066634167e-05,-2.3768952383458545e-05,0.0,2.6644680194848277e-07,-2.403539918540703e-05,1.0714213725838482,1.0713956205434623,-0.010600081363716596,0.9997085638865005,0.0015560493233791395,0.9981525145631214,False,False,False,-1.0
2026-05-25,2026-05-26 00:00:00,-0.3126139065048626,0.0,0.0,-0.3126139065048626,0.0,0.0,0.0,0.3126139065048626,0.3126139065048626,-0.3126139065048626,False,1.0,0.0,0.0006965885985390496,-0.00021776328301603972,0.0,2.67648892555533e-07,-0.00021803093190859524,1.06656370063388,1.0663311567562908,-0.015276953252013281,0.999609818364626,0.001563069532524313,0.9980467488321018,False,False,False,-1.0
2026-05-26,2026-05-27 00:00:00,-0.3047732002937354,0.0,0.0,-0.3047732002937354,0.0,0.0,0.0,0.3047732002937354,0.3047732002937354,-0.3047732002937354,False,1.0,0.0,-0.002295431612875598,0.0006995860387115067,0.0,2.6093595915559536e-07,0.0006993251027523511,1.0715951461316813,1.0723445395173588,-0.009723784748756237,0.9999997390640408,0.001523866001468677,0.9984758730625721,False,False,False,-1.0
2026-05-27,2026-05-28 00:00:00,-0.29970667820202423,0.0,0.0,-0.29970667820202423,0.0,0.0,0.0,0.29970667820202423,0.29970667820202423,-0.29970667820202423,False,1.0,0.0,0.000749056430528805,-0.0002244972145796535,0.0,2.56598183392144e-07,-0.00022475381276304562,1.0748894589165168,1.0746478734123264,-0.007596728855885138,0.9990742355300981,0.0014985333910101212,0.997575702139088,False,False,False,-1.0
2026-05-28,2026-05-29 00:00:00,-0.30285525913438643,0.0,0.0,-0.30285525913438643,0.0,0.0,0.0,0.30285525913438643,0.30285525913438643,-0.30285525913438643,False,1.0,0.0,-0.001069443537900061,0.00032388659980031804,0.0,2.5929388624519386e-07,0.0003236273059140728,1.087227147461284,1.0875790038539337,-0.0022565767543059057,0.9995116299148654,0.0015142762956719322,0.9979973536191935,False,False,False,-1.0
2026-05-29,2026-05-30 00:00:00,-0.3171991835074644,0.0,0.0,-0.3171991835074644,0.0,0.0,0.0,0.3171991835074644,0.3171991835074644,-0.3171991835074644,False,1.0,0.0,0.0003103066124860998,-9.842900411755802e-05,0.0,2.71574643413925e-07,-9.870057876097194e-05,1.0805159671314768,1.0804093195801605,-0.008834034856711526,0.9994919597533214,0.001585995917537322,0.9979059638357841,False,False,False,-1.0
2026-05-30,2026-05-31 00:00:00,-0.2949723027765469,0.0,0.0,-0.2949723027765469,0.0,0.0,0.0,0.2949723027765469,0.2949723027765469,-0.2949723027765469,False,1.0,0.0,0.0008745404956718161,-0.00025796522387965833,0.0,2.5254477977444083e-07,-0.00025821776865943275,1.0813336609939475,1.0810544414288292,-0.008242200995060678,0.9995800074299246,0.0014748615138827346,0.9981051459160418,False,False,False,-1.0
2026-05-31,2026-06-01 00:00:00,-0.28592524979007045,0.0,0.0,-0.28592524979007045,0.0,0.0,0.0,0.28592524979007045,0.28592524979007045,-0.28592524979007045,False,1.0,0.0,0.00042320139407503454,-0.00012100396431241028,0.0,2.447990152312247e-07,-0.00012124876332764151,1.0836371030258356,1.0835057133671977,-0.005993407623335778,0.999455949149604,0.0014296262489503523,0.9980263229006536,False,False,False,-1.0
2026-06-01,2026-06-02 00:00:00,-0.2859107160881549,0.0,0.0,-0.2859107160881549,0.0,0.0,0.0,0.2859107160881549,0.2859107160881549,-0.2859107160881549,False,1.0,0.0,-0.003090438386284533,0.0008835894520489326,0.0,2.4478657199328326e-07,0.0008833446654769394,1.0889372227861367,1.0898991296729241,-0.0010111805188014467,0.9998447649324947,0.0014295535804407745,0.998415211352054,False,False,False,-1.0
2026-06-02,2026-06-03 00:00:00,-0.29330275952071855,0.0,0.0,-0.29330275952071855,0.0,0.0,0.0,0.29330275952071855,0.29330275952071855,-0.29330275952071855,False,1.0,0.0,0.0030761168609982903,-0.0009022335639390091,0.0,2.5111537630198503e-07,-0.0009024846793153111,1.0995322703982968,1.0985399593698495,-0.0009024846793154184,0.9984734832475003,0.0014665137976035928,0.9970069694498968,False,False,False,-1.0
2026-06-03,2026-06-04 00:00:00,-0.2898738762696962,0.0,0.0,-0.2898738762696962,0.0,0.0,0.0,0.2898738762696962,0.2898738762696962,-0.2898738762696962,False,1.0,0.0,-0.00420806038783561,0.0012198067761988694,0.0,2.4817968858706866e-07,0.0012195585965102823,1.1100893157021319,1.1114431346699907,-0.00214790309301649,0.9997010877900565,0.001449369381348481,0.9982517184087081,False,False,False,-1.0
2026-06-04,2026-06-05 00:00:00,-0.28607592954804073,0.0,0.0,-0.28607592954804073,0.0,0.0,0.0,0.28607592954804073,0.28607592954804073,-0.28607592954804073,False,1.0,0.0,0.000980690541408924,-0.00028055195823252927,0.0,2.4492802187332255e-07,-0.0002807968862544026,1.1217080320547106,1.1213930599320232,-0.006649466012822347,0.9991355260512159,0.0014303796477402038,0.9977051464034757,False,False,False,-1.0
2026-06-05,2026-06-06 00:00:00,-0.27417731415864827,0.0,0.0,-0.27417731415864827,0.0,0.0,0.0,0.27417731415864827,0.27417731415864827,-0.27417731415864827,False,1.0,0.0,-0.0011428138476206051,0.00031333363132392825,0.0,2.3474085116322625e-07,0.000313098890472765,1.1564622342965902,1.1568243213390221,0.0,0.9993038529951034,0.0013708865707932414,0.9979329664243102,False,False,False,-1.0
2026-06-06,2026-06-07 00:00:00,-0.27289384647760634,0.0,0.0,-0.27289384647760634,0.0,0.0,0.0,0.27289384647760634,0.27289384647760634,-0.27289384647760634,False,1.0,0.0,-0.0019198279834127252,0.0005239092429688448,0.0,2.3364199184726569e-07,0.0005236756009769976,1.1600529226423586,1.1606604140537884,-0.0076444429455989615,0.999587624420206,0.0013644692323880317,0.998223155187818,False,False,False,-1.0
2026-06-07,2026-06-08 00:00:00,-0.1938208419338079,0.0,0.0,-0.1938208419338079,0.0,0.0,0.0,0.1938208419338079,0.1938208419338079,-0.1938208419338079,False,1.0,0.0,-0.0015199151789271337,0.00029459123964763136,0.0,1.6594250165565746e-07,0.0002944252971459757,1.1503278986853664,1.1506665843187522,-0.016189089039955307,0.9999380649266045,0.0009691042096690395,0.9989689607169355,False,False,False,-1.0
2026-06-08,2026-06-09 00:00:00,-0.1947481623136224,0.0,0.0,-0.1947481623136224,0.0,0.0,0.0,0.1947481623136224,0.1947481623136224,-0.1947481623136224,False,1.0,0.0,-0.0015178091576454333,0.00029559054419423534,0.0,1.6673644033700548e-07,0.00029542380775389834,1.1415965202317724,1.1419337750226979,-0.023655572542540027,0.9992533808776373,0.000973740811568112,0.9982796400660692,False,False,False,-1.0
2026-06-09,2026-06-10 00:00:00,-0.18261815749706134,0.0,0.0,-0.18261815749706134,0.0,0.0,0.0,0.18261815749706134,0.18261815749706134,-0.18261815749706134,False,1.0,0.0,-0.0029989942397365965,0.0005476708024049975,0.0,1.563511622406347e-07,0.0005475144512427568,1.148025371133749,1.148653931614838,-0.017909891327141048,0.9996480876050167,0.0009130907874853068,0.9987349968175313,False,False,False,-1.0
2026-06-10,2026-06-11 00:00:00,-0.17613487938629635,0.0,0.0,-0.17613487938629635,0.0,0.0,0.0,0.17613487938629635,0.17613487938629635,-0.17613487938629635,False,1.0,0.0,0.0020014512032893172,-0.0003525253662889216,0.0,1.508004104334729e-07,-0.00035267616669935507,1.1462967863372884,1.1458925147807832,-0.020270881076974057,0.998819794499142,0.0008806743969314817,0.9979391201022105,False,False,False,-1.0
2026-06-11,2026-06-12 00:00:00,-0.17651544295539875,0.0,0.0,-0.17651544295539875,0.0,0.0,0.0,0.17651544295539875,0.17651544295539875,-0.17651544295539875,False,1.0,0.0,0.0005048999628929352,-8.912264059821085e-05,0.0,1.5112623540701948e-07,-8.927376683361787e-05,1.1473989407266503,1.1472965081011506,-0.019070477792203056,0.9998892508980824,0.0008825772147769938,0.9990066736833054,False,False,False,-1.0
2026-06-12,2026-06-13 00:00:00,-0.17459945393209692,0.0,0.0,-0.17459945393209692,0.0,0.0,0.0,0.17459945393209692,0.17459945393209692,-0.17459945393209692,False,1.0,0.0,-0.006811230749893649,0.001189237169536938,0.0,1.4948583384597338e-07,0.001189087683703092,1.1440117941552366,1.1453721244896775,-0.020715810697182535,0.9999099784609322,0.0008729972696604846,0.9990369811912717,False,False,False,-1.0
2026-06-13,2026-06-14 00:00:00,-0.17586781305866397,0.0,0.0,-0.17586781305866397,0.0,0.0,0.0,0.17586781305866397,0.17586781305866397,-0.17586781305866397,False,1.0,0.0,0.001375810745617878,-0.00024196082701442607,0.0,1.5057175775570546e-07,-0.00024211139877218177,1.142981254195652,1.1427045254054284,-0.02299658700625118,0.9996405742608572,0.0008793390652933199,0.9987612351955638,False,False,False,-1.0
2026-06-14,2026-06-15 00:00:00,-0.1746697216242988,0.0,0.0,-0.1746697216242988,0.0,0.0,0.0,0.1746697216242988,0.1746697216242988,-0.1746697216242988,False,1.0,0.0,6.016883374737603e-05,-1.0509673441112887e-05,0.0,1.495459945413517e-07,-1.0659219435654239e-05,1.1449776624449723,1.1449654578768194,-0.02106350746382657,0.9997886060178386,0.000873348608121494,0.9989152574097171,False,False,False,-1.0
2026-06-15,2026-06-16 00:00:00,-0.17749971597106304,0.0,0.0,-0.17749971597106304,0.0,0.0,0.0,0.17749971597106304,0.17749971597106304,-0.17749971597106304,False,1.0,0.0,0.008347272786906723,-0.001481638548808927,0.0,1.5196893490673204e-07,-0.0014817905177438339,1.1254883052252975,1.1238205673267831,-0.03914222315582494,0.9981262108092249,0.0008874985798553153,0.9972387122293697,False,False,False,-1.0
2026-06-16,2026-06-17 00:00:00,0.0,0.0,0.0,0.0,0.0,0.0,0.0,0.0,0.0,0.0,False,1.0,0.0,0.0016811825629319266,0.0,0.0,0.0,0.0,1.1238947490775215,1.1238947490775215,-0.03907879834036132,1.0,0.0,1.0,False,False,False,0.0
2026-06-17,2026-06-18 00:00:00,0.0,0.0,0.0,0.0,0.0,0.0,0.0,0.0,0.0,0.0,False,1.0,0.0,0.003033595943131351,0.0,0.0,0.0,0.0,1.1238947490775215,1.1238947490775215,-0.03907879834036132,1.0,0.0,1.0,False,False,False,0.0
2026-06-18,2026-06-19 00:00:00,0.0,0.0,0.0,0.0,0.0,0.0,0.0,0.0,0.0,0.0,False,1.0,0.0,-0.009782096584216693,-0.0,0.0,0.0,-0.0,1.1238947490775215,1.1238947490775215,-0.03907879834036132,1.0,0.0,1.0,False,False,False,0.0
2026-06-19,2026-06-20 00:00:00,0.0,0.0,0.0,0.0,0.0,0.0,0.0,0.0,0.0,0.0,False,1.0,0.0,-0.0007494320710086377,-0.0,0.0,0.0,-0.0,1.1238947490775215,1.1238947490775215,-0.03907879834036132,1.0,0.0,1.0,False,False,False,0.0
2026-06-20,2026-06-21 00:00:00,0.0,0.0,0.0,0.0,0.0,0.0,0.0,0.0,0.0,0.0,False,1.0,0.0,0.0009664559255828653,0.0,0.0,0.0,0.0,1.1238947490775215,1.1238947490775215,-0.03907879834036132,1.0,0.0,1.0,False,False,False,0.0
2026-06-21,2026-06-22 00:00:00,0.0,0.0,0.0,0.0,0.0,0.0,0.0,0.0,0.0,0.0,False,1.0,0.0,-0.00017919075144501306,-0.0,0.0,0.0,-0.0,1.1238947490775215,1.1238947490775215,-0.03907879834036132,1.0,0.0,1.0,False,False,False,0.0
2026-06-22,2026-06-23 00:00:00,0.0,0.0,0.0,0.0,0.0,0.0,0.0,0.0,0.0,0.0,False,1.0,0.0,-0.005383242377066333,-0.0,0.0,0.0,-0.0,1.1238947490775215,1.1238947490775215,-0.03907879834036132,1.0,0.0,1.0,False,False,False,0.0
2026-06-23,2026-06-24 00:00:00,0.0,0.0,0.0,0.0,0.0,0.0,0.0,0.0,0.0,0.0,False,1.0,0.0,0.0024592145015105427,0.0,0.0,0.0,0.0,1.1238947490775215,1.1238947490775215,-0.03907879834036132,1.0,0.0,1.0,False,False,False,0.0
2026-06-24,2026-06-25 00:00:00,-0.1428683434051414,0.0,0.0,-0.1428683434051414,0.0,0.0,0.0,0.1428683434051414,0.1428683434051414,-0.1428683434051414,False,1.0,0.0,-0.005557980682328156,0.0007940594927620012,0.0,1.2231878716193612e-07,0.0007939371739748393,1.127720313173317,1.1286156522517918,-0.03504246312760051,0.9999656206898215,0.000714341717025707,0.9992512789727959,False,False,False,-1.0
2026-06-25,2026-06-26 00:00:00,-0.14059480778879616,0.0,0.0,-0.14059480778879616,0.0,0.0,0.0,0.14059480778879616,0.14059480778879616,-0.14059480778879616,False,1.0,0.0,0.006645455944988887,-0.0009343166012546253,0.0,1.2037226694246246e-07,-0.0009344369735215678,1.1341195235853903,1.1330597603701593,-0.031242785518187155,0.998734584076034,0.0007029740389439808,0.9980316100370901,False,False,False,-1.0
2026-06-26,2026-06-27 00:00:00,-0.14101742419185895,0.08859481955266552,0.0,-0.14101742419185895,0.08859481955266552,0.0,0.08859481955266552,0.14101742419185895,0.22961224374452446,-0.05242260463919343,True,1.0,0.0,-0.0033510668509437735,0.00017567165264653238,0.0,1.965858251237367e-07,0.00017547506682140865,1.1328773071533988,1.133076098874572,-0.031228816224971312,0.9992189590932521,0.0011480612187226224,0.9980708978745295,False,False,False,-1.0
2026-06-27,2026-06-28 00:00:00,-0.1404327260282358,0.08859481955266552,0.0,-0.1404327260282358,0.08859481955266552,0.0,0.08859481955266552,0.1404327260282358,0.22902754558090133,-0.051837906475570295,True,1.0,0.0,7.477380922726873e-05,-3.876117729545291e-06,0.0,1.9608522738090865e-07,-4.0722029569262e-06,1.1320997880065693,1.132095177866465,-0.032067495998693074,0.9998482842032173,0.0011451377279045067,0.9987031464753128,False,False,False,-1.0
2026-06-28,2026-06-29 00:00:00,-0.14003121705970917,0.08859481955266552,0.0,-0.14003121705970917,0.08859481955266552,0.0,0.08859481955266552,0.14003121705970917,0.22862603661237468,-0.05143639750704365,True,1.0,0.0,-0.0004997216740044719,2.5703882666979296e-05,0.0,1.957414697023756e-07,2.550814119727692e-05,1.1329437221863292,1.1329726214747633,-0.0313172885907782,0.9996045010913466,0.0011431301830618734,0.9984613709082847,False,False,False,-1.0
2026-06-29,2026-06-30 00:00:00,-0.14075839672972074,0.0,0.0,-0.14075839672972074,0.0,0.0,0.0,0.14075839672972074,0.14075839672972074,-0.14075839672972074,False,1.0,0.0,0.0006589493559403525,-9.27526548682461e-05,0.0,1.2051232596722663e-07,-9.287316719421334e-05,1.129624011294033,1.1295190995343656,-0.03427002278199032,0.9994050139030862,0.0007037919836486037,0.9987012219194377,False,False,False,-1.0
2026-06-30,2026-07-01 00:00:00,-0.14203038544647134,0.0,0.0,-0.14203038544647134,0.0,0.0,0.0,0.14203038544647134,0.14203038544647134,-0.14203038544647134,False,1.0,0.0,-0.0003897340225024193,5.535407343762235e-05,0.0,1.216013574028008e-07,5.523247208021955e-05,1.130858552839048,1.1309210129524943,-0.03307139779733159,0.998988985975536,0.0007101519272323568,0.9982788340483036,False,False,False,-1.0
2026-07-01,2026-07-02 00:00:00,-0.14198169372541633,0.0,0.0,-0.14198169372541633,0.0,0.0,0.0,0.14198169372541633,0.14198169372541633,-0.14198169372541633,False,1.0,0.0,-0.001529212270695246,0.00021712014825900087,0.0,1.2155966928545918e-07,0.00021699858858971542,1.1250911460467163,1.1253352892374433,-0.03784714779421616,0.9999473493722035,0.0007099084686270817,0.9992374409035765,False,False,False,-1.0
2026-07-02,2026-07-03 00:00:00,-0.1419797854070553,0.0,0.0,-0.1419797854070553,0.0,0.0,0.0,0.1419797854070553,0.1419797854070553,-0.1419797854070553,False,1.0,0.0,-0.0028805060284875506,0.00040897362778839156,0.0,1.2155803545124595e-07,0.0004088520697529403,1.1173839621515609,1.1178408068971952,-0.044254871455278844,0.9998780209936847,0.0007098989270352765,0.9991681220666494,False,False,False,-1.0
2026-07-03,2026-07-04 00:00:00,-0.13933149423992924,0.0,0.0,-0.13933149423992924,0.0,0.0,0.0,0.13933149423992924,0.13933149423992924,-0.13933149423992924,False,1.0,0.0,-0.0012697166800371695,0.00017691152229094097,0.0,1.1929066287665175e-07,0.0001767922316280643,1.1144454094546874,1.1146424347456525,-0.046989454576819134,0.9998929296526794,0.0006966574711996462,0.9991962721814798,False,False,False,-1.0
2026-07-04,2026-07-05 00:00:00,-0.13589339181711435,0.0,0.0,-0.13589339181711435,0.0,0.0,0.0,0.13589339181711435,0.13589339181711435,-0.13589339181711435,False,1.0,0.0,0.00012288100092172627,-1.6698716005135337e-05,0.0,1.1634708203520065e-07,-1.681506308717054e-05,1.109462547304784,1.1094438916220584,-0.05143416820263125,0.9996469335191733,0.0006794669590855718,0.9989674665600877,False,False,False,-1.0
2026-07-05,2026-07-06 00:00:00,0.0,0.0,0.0,0.0,0.0,0.0,0.0,0.0,0.0,0.0,False,1.0,0.0,0.001852364305843457,0.0,0.0,0.0,0.0,1.1098996457538088,1.1098996457538088,-0.05104450199206967,1.0,0.0,1.0,False,False,False,0.0
2026-07-06,2026-07-07 00:00:00,0.0,0.0,0.0,0.0,0.0,0.0,0.0,0.0,0.0,0.0,False,1.0,0.0,0.006162660468362224,0.0,0.0,0.0,0.0,1.1098996457538088,1.1098996457538088,-0.05104450199206967,1.0,0.0,1.0,False,False,False,0.0
2026-07-07,2026-07-08 00:00:00,0.0,0.0,0.0,0.0,0.0,0.0,0.0,0.0,0.0,0.0,False,1.0,0.0,0.001147888108770756,0.0,0.0,0.0,0.0,1.1098996457538088,1.1098996457538088,-0.05104450199206967,1.0,0.0,1.0,False,False,False,0.0
2026-07-08,2026-07-09 00:00:00,0.0,0.0,0.0,0.0,0.0,0.0,0.0,0.0,0.0,0.0,False,1.0,0.0,0.001925582910597079,0.0,0.0,0.0,0.0,1.1098996457538088,1.1098996457538088,-0.05104450199206967,1.0,0.0,1.0,False,False,False,0.0
2026-07-09,2026-07-10 00:00:00,0.0,0.0,0.0,0.0,0.0,0.0,0.0,0.0,0.0,0.0,False,1.0,0.0,-0.000994001516857801,-0.0,0.0,0.0,-0.0,1.1098996457538088,1.1098996457538088,-0.05104450199206967,1.0,0.0,1.0,False,False,False,0.0
2026-07-10,2026-07-11 00:00:00,0.0,0.0,0.0,0.0,0.0,0.0,0.0,0.0,0.0,0.0,False,1.0,0.0,0.0017345083228423874,0.0,0.0,0.0,0.0,1.1098996457538088,1.1098996457538088,-0.05104450199206967,1.0,0.0,1.0,False,False,False,0.0
2026-07-11,2026-07-12 00:00:00,0.0,0.0,0.0,0.0,0.0,0.0,0.0,0.0,0.0,0.0,False,1.0,0.0,0.001440961966333365,0.0,0.0,0.0,0.0,1.1098996457538088,1.1098996457538088,-0.05104450199206967,1.0,0.0,1.0,False,False,False,0.0
2026-07-12,2026-07-13 00:00:00,0.0,0.0,0.0,0.0,0.0,0.0,0.0,0.0,0.0,0.0,False,1.0,0.0,-0.000521734354834158,-0.0,0.0,0.0,-0.0,1.1098996457538088,1.1098996457538088,-0.05104450199206967,1.0,0.0,1.0,False,False,False,0.0
2026-07-13,2026-07-14 00:00:00,0.0,0.0,0.0,0.0,0.0,0.0,0.0,0.0,0.0,0.0,False,1.0,0.0,-0.0006921388779472792,-0.0,0.0,0.0,-0.0,1.1098996457538088,1.1098996457538088,-0.05104450199206967,1.0,0.0,1.0,False,False,False,0.0
2026-07-14,2026-07-15 00:00:00,0.0,0.0,0.0,0.0,0.0,0.0,0.0,0.0,0.0,0.0,False,1.0,0.0,-0.002888390055001744,-0.0,0.0,0.0,-0.0,1.1098996457538088,1.1098996457538088,-0.05104450199206967,1.0,0.0,1.0,False,False,False,0.0
2026-07-15,2026-07-16 00:00:00,0.0,0.0,0.0,0.0,0.0,0.0,0.0,0.0,0.0,0.0,False,1.0,0.0,-0.001256976738171267,-0.0,0.0,0.0,-0.0,1.1098996457538088,1.1098996457538088,-0.05104450199206967,1.0,0.0,1.0,False,False,False,0.0
2026-07-16,2026-07-17 00:00:00,0.0,0.0,0.0,0.0,0.0,0.0,0.0,0.0,0.0,0.0,False,1.0,0.0,-0.00013287977038378695,-0.0,0.0,0.0,-0.0,1.1098996457538088,1.1098996457538088,-0.05104450199206967,1.0,0.0,1.0,False,False,False,0.0
2026-07-17,2026-07-18 00:00:00,0.0,0.0,0.0,0.0,0.0,0.0,0.0,0.0,0.0,0.0,False,1.0,0.0,0.003872970941746212,0.0,0.0,0.0,0.0,1.1098996457538088,1.1098996457538088,-0.05104450199206967,1.0,0.0,1.0,False,False,False,0.0
2026-07-18,2026-07-19 00:00:00,0.0,0.0,0.0,0.0,0.0,0.0,0.0,0.0,0.0,0.0,False,1.0,0.0,0.00034193786500513745,0.0,0.0,0.0,0.0,1.1098996457538088,1.1098996457538088,-0.05104450199206967,1.0,0.0,1.0,False,False,False,0.0
2026-07-19,2026-07-20 00:00:00,0.0,0.0,0.0,0.0,0.0,0.0,0.0,0.0,0.0,0.0,False,1.0,0.0,-0.0005985112033815021,-0.0,0.0,0.0,-0.0,1.1098996457538088,1.1098996457538088,-0.05104450199206967,1.0,0.0,1.0,False,False,False,0.0
2026-07-20,2026-07-21 00:00:00,0.0,0.0,0.0,0.0,0.0,0.0,0.0,0.0,0.0,0.0,False,1.0,0.0,0.005845169139622852,0.0,0.0,0.0,0.0,1.1098996457538088,1.1098996457538088,-0.05104450199206967,1.0,0.0,1.0,False,False,False,0.0
2026-07-21,2026-07-22 00:00:00,0.0,0.0,0.0,0.0,0.0,0.0,0.0,0.0,0.0,0.0,False,1.0,0.0,0.0022579456328217784,0.0,0.0,0.0,0.0,1.1098996457538088,1.1098996457538088,-0.05104450199206967,1.0,0.0,1.0,False,False,False,0.0
2026-07-22,2026-07-23 00:00:00,0.0,0.0,0.0,0.0,0.0,0.0,0.0,0.0,0.0,0.0,False,1.0,0.0,-0.0006586971176855139,-0.0,0.0,0.0,-0.0,1.1098996457538088,1.1098996457538088,-0.05104450199206967,1.0,0.0,1.0,False,False,False,0.0
2026-07-23,2026-07-24 00:00:00,0.0,0.0,0.0,0.0,0.0,0.0,0.0,0.0,0.0,0.0,False,1.0,0.0,0.0024708994708995125,0.0,0.0,0.0,0.0,1.1098996457538088,1.1098996457538088,-0.05104450199206967,1.0,0.0,1.0,False,False,False,0.0
2026-07-24,2026-07-25 00:00:00,0.0,0.0,0.0,0.0,0.0,0.0,0.0,0.0,0.0,0.0,False,1.0,0.0,-0.001341446401167623,-0.0,0.0,0.0,-0.0,1.1098996457538088,1.1098996457538088,-0.05104450199206967,1.0,0.0,1.0,False,False,False,0.0
2026-07-25,2026-07-26 00:00:00,0.0,0.0,0.0,0.0,0.0,0.0,0.0,0.0,0.0,0.0,False,1.0,0.0,-0.001235717036846773,-0.0,0.0,0.0,-0.0,1.1098996457538088,1.1098996457538088,-0.05104450199206967,1.0,0.0,1.0,False,False,False,0.0
2026-07-26,2026-07-27 00:00:00,0.0,0.0,0.0,0.0,0.0,0.0,0.0,0.0,0.0,0.0,False,1.0,0.0,-7.31509783942208e-05,-0.0,0.0,0.0,-0.0,1.1098996457538088,1.1098996457538088,-0.05104450199206967,1.0,0.0,1.0,False,False,False,0.0
2026-07-27,2026-07-28 00:00:00,0.0,0.0,0.0,0.0,0.0,0.0,0.0,0.0,0.0,0.0,False,1.0,0.0,-0.0018649660938803159,-0.0,0.0,0.0,-0.0,1.1098996457538088,1.1098996457538088,-0.05104450199206967,1.0,0.0,1.0,False,False,False,0.0
2026-07-28,2026-07-29 00:00:00,0.0,0.0,0.0,0.0,0.0,0.0,0.0,0.0,0.0,0.0,False,1.0,0.0,0.0018953139276858266,0.0,0.0,0.0,0.0,1.1098996457538088,1.1098996457538088,-0.05104450199206967,1.0,0.0,1.0,False,False,False,0.0
2026-07-29,2026-07-30 00:00:00,0.0,0.0,0.0,0.0,0.0,0.0,0.0,0.0,0.0,0.0,False,1.0,0.0,0.00021155066638467446,0.0,0.0,0.0,0.0,1.1098996457538088,1.1098996457538088,-0.05104450199206967,1.0,0.0,1.0,False,False,False,0.0
2026-07-30,2026-07-31 00:00:00,0.0,0.0,0.0,0.0,0.0,0.0,0.0,0.0,0.0,0.0,False,1.0,0.0,3.649425736806933e-05,0.0,0.0,0.0,0.0,1.1098996457538088,1.1098996457538088,-0.05104450199206967,1.0,0.0,1.0,False,False,False,0.0
2026-07-31,2026-08-01 00:00:00,0.0,0.0,0.0,0.0,0.0,0.0,0.0,0.0,0.0,0.0,False,1.0,0.0,-0.001110467361915779,-0.0,0.0,0.0,-0.0,1.1098996457538088,1.1098996457538088,-0.05104450199206967,1.0,0.0,1.0,False,False,False,0.0
2026-08-01,2026-08-02 00:00:00,0.0,0.0,0.0,0.0,0.0,0.0,0.0,0.0,0.0,0.0,False,1.0,0.0,-0.00046523815380661304,-0.0,0.0,0.0,-0.0,1.1098996457538088,1.1098996457538088,-0.05104450199206967,1.0,0.0,1.0,False,False,False,0.0
2026-08-02,2026-08-03 00:00:00,0.0,0.0,0.0,0.0,0.0,0.0,0.0,0.0,0.0,0.0,False,1.0,0.0,-0.0007691025165248444,-0.0,0.0,0.0,-0.0,1.1098996457538088,1.1098996457538088,-0.05104450199206967,1.0,0.0,1.0,False,False,False,0.0
2026-08-03,2026-08-04 00:00:00,0.0,0.0,0.0,0.0,0.0,0.0,0.0,0.0,0.0,0.0,False,1.0,0.0,-9.66292496739074e-05,-0.0,0.0,0.0,-0.0,1.1098996457538088,1.1098996457538088,-0.05104450199206967,1.0,0.0,1.0,False,False,False,0.0
2026-08-04,2026-08-05 00:00:00,0.0,0.0,0.0,0.0,0.0,0.0,0.0,0.0,0.0,0.0,False,1.0,0.0,0.00041684257779728284,0.0,0.0,0.0,0.0,1.1098996457538088,1.1098996457538088,-0.05104450199206967,1.0,0.0,1.0,False,False,False,0.0
2026-08-05,2026-08-06 00:00:00,0.0,0.0,0.0,0.0,0.0,0.0,0.0,0.0,0.0,0.0,False,1.0,0.0,-0.0021472376294070505,-0.0,0.0,0.0,-0.0,1.1098996457538088,1.1098996457538088,-0.05104450199206967,1.0,0.0,1.0,False,False,False,0.0
2026-08-06,2026-08-07 00:00:00,0.0,0.0,0.0,0.0,0.0,0.0,0.0,0.0,0.0,0.0,False,1.0,0.0,-0.0014587472550454672,-0.0,0.0,0.0,-0.0,1.1098996457538088,1.1098996457538088,-0.05104450199206967,1.0,0.0,1.0,False,False,False,0.0
2026-08-07,2026-08-08 00:00:00,0.0,0.0,0.0,0.0,0.0,0.0,0.0,0.0,0.0,0.0,False,1.0,0.0,-0.00115143147419694,-0.0,0.0,0.0,-0.0,1.1098996457538088,1.1098996457538088,-0.05104450199206967,1.0,0.0,1.0,False,False,False,0.0
2026-08-08,2026-08-09 00:00:00,0.0,0.0,0.0,0.0,0.0,0.0,0.0,0.0,0.0,0.0,False,1.0,0.0,0.0003747930829853807,0.0,0.0,0.0,0.0,1.1098996457538088,1.1098996457538088,-0.05104450199206967,1.0,0.0,1.0,False,False,False,0.0
2026-08-09,2026-08-10 00:00:00,0.0,0.0,0.0,0.0,0.0,0.0,0.0,0.0,0.0,0.0,False,1.0,0.0,0.00015582230024868693,0.0,0.0,0.0,0.0,1.1098996457538088,1.1098996457538088,-0.05104450199206967,1.0,0.0,1.0,False,False,False,0.0
2026-08-10,2026-08-11 00:00:00,0.0,0.0,0.0,0.0,0.0,0.0,0.0,0.0,0.0,0.0,False,1.0,0.0,-0.0008999797637685436,-0.0,0.0,0.0,-0.0,1.1098996457538088,1.1098996457538088,-0.05104450199206967,1.0,0.0,1.0,False,False,False,0.0
2026-08-11,2026-08-12 00:00:00,0.0,0.0,0.0,0.0,0.0,0.0,0.0,0.0,0.0,0.0,False,1.0,0.0,0.0017592089477562745,0.0,0.0,0.0,0.0,1.1098996457538088,1.1098996457538088,-0.05104450199206967,1.0,0.0,1.0,False,False,False,0.0
2026-08-12,2026-08-13 00:00:00,0.0,0.0,0.0,0.0,0.0,0.0,0.0,0.0,0.0,0.0,False,1.0,0.0,-0.0009768770560620865,-0.0,0.0,0.0,-0.0,1.1098996457538088,1.1098996457538088,-0.05104450199206967,1.0,0.0,1.0,False,False,False,0.0
2026-08-13,2026-08-14 00:00:00,0.0,0.0,0.0,0.0,0.0,0.0,0.0,0.0,0.0,0.0,False,1.0,0.0,-0.005761356061327549,-0.0,0.0,0.0,-0.0,1.1098996457538088,1.1098996457538088,-0.05104450199206967,1.0,0.0,1.0,False,False,False,0.0
2026-08-14,2026-08-15 00:00:00,0.0,0.0,0.0,0.0,0.0,0.0,0.0,0.0,0.0,0.0,False,1.0,0.0,-0.001454900732229203,-0.0,0.0,0.0,-0.0,1.1098996457538088,1.1098996457538088,-0.05104450199206967,1.0,0.0,1.0,False,False,False,0.0
2026-08-15,2026-08-15 23:45:00,0.0,0.0,0.0,0.0,0.0,0.0,0.0,0.0,0.0,0.0,False,1.0,0.0,0.0005840749315040306,0.0,0.0,0.0,0.0,1.1098996457538088,1.1098996457538088,-0.05104450199206967,1.0,0.0,1.0,False,False,False,0.0
