timestamp,next_timestamp,raw_core_position,raw_swing_long_position,raw_swing_short_position,core_position,swing_long_position,swing_short_position,long_gross_exposure,short_gross_exposure,gross_exposure,net_exposure,hedged,risk_speed,turnover,price_return,gross_return,trading_cost,carry_cost,net_return,equity_before,equity,drawdown,intrabar_equity_ratio,maintenance_required,maintenance_headroom,liquidated,sweep_long_signal,sweep_short_signal,daily_core_regime
2022-01-01,2022-01-02 00:00:00,-0.1291174442533417,0.0,0.0,-0.1291174442533417,0.0,0.0,0.0,0.1291174442533417,0.1291174442533417,-0.1291174442533417,False,1.0,0.0,-0.0024715689241043837,0.0003191226627763395,0.0,1.105457570662172e-07,0.00031901211701927326,1.0016583491845594,1.001977890335063,-0.003472675138583403,0.9997212189599874,0.0006455872212667085,0.9990756317387207,False,False,False,-1.0
2022-01-02,2022-01-03 00:00:00,-0.12937167740402528,0.0,0.0,-0.12937167740402528,0.0,0.0,0.0,0.12937167740402528,0.12937167740402528,-0.12937167740402528,False,1.0,0.0,0.0024365385227889114,-0.0003152190757527273,0.0,1.1076342243495315e-07,-0.0003153298391751623,1.000477255224002,1.0001617748920137,-0.00527891126570601,0.9991541543960777,0.0006468583870201264,0.9985072960090575,False,False,False,-1.0
2022-01-03,2022-01-04 00:00:00,-0.1306676657565116,0.0,0.0,-0.1306676657565116,0.0,0.0,0.0,0.1306676657565116,0.1306676657565116,-0.1306676657565116,False,1.0,0.0,-0.005559934836302571,0.0007265037068179694,0.0,1.1187300150386265e-07,0.0007263918338164655,0.9991124177932144,0.999838164894564,-0.005600760887506717,0.9999027234062852,0.000653338328782558,0.9992493850775026,False,False,False,-1.0
2022-01-04,2022-01-05 00:00:00,-0.13027753090670016,0.0,0.0,-0.13027753090670016,0.0,0.0,0.0,0.13027753090670016,0.13027753090670016,-0.13027753090670016,False,1.0,0.0,-0.0014132937783954969,0.00018412042389516638,0.0,1.1153898194066795e-07,0.00018400888491322572,0.9973324110776773,0.9975159291025275,-0.007910364167037831,0.999703944440225,0.0006513876545335009,0.9990525567856915,False,False,False,-1.0
2022-01-05,2022-01-06 00:00:00,-0.14566859076374591,0.0,0.0,-0.14566859076374591,0.0,0.0,0.0,0.14566859076374591,0.14566859076374591,-0.14566859076374591,False,1.0,0.0,0.0014182984089365913,-0.00020660153051225627,0.0,1.247162592155359e-07,-0.0002067262467714718,0.9988137320809082,0.9986072510668513,-0.006824978782629332,0.9997000930259735,0.0007283429538187296,0.9989717500721548,False,False,False,-1.0
2022-01-06,2022-01-07 00:00:00,-0.1452387616235241,0.0,0.0,-0.1452387616235241,0.0,0.0,0.0,0.1452387616235241,0.1452387616235241,-0.1452387616235241,False,1.0,0.0,0.001853053998229548,-0.00026913526792437956,0.0,1.2434825481466103e-07,-0.0002692596161791942,1.0158595212970973,1.0155859913523009,-0.003836921357461609,0.9993218947698083,0.0007261938081176204,0.9985957009616906,False,False,False,-1.0
2022-01-07,2022-01-08 00:00:00,-0.14556893147261146,0.0,0.0,-0.14556893147261146,0.0,0.0,0.0,0.14556893147261146,0.14556893147261146,-0.14556893147261146,False,1.0,0.0,-0.00270073155429007,0.00039314260655237064,0.0,1.2463093447997556e-07,0.0003930179756178907,1.0269116846559432,1.0273152794073852,-0.0007636093043876802,0.9996832286706278,0.0007278446573630573,0.9989553840132647,False,False,False,-1.0
2022-01-08,2022-01-09 00:00:00,-0.1324214845517906,0.0,0.0,-0.1324214845517906,0.0,0.0,0.0,0.1324214845517906,0.1324214845517906,-0.1324214845517906,False,1.0,0.0,0.0006044571594943093,-8.00431144081949e-05,0.0,1.1337455869160152e-07,-8.015648896688651e-05,1.0260118864478884,1.0259296449374324,-0.0021113711982609917,0.9996709136159625,0.000662107422758953,0.9990088061932035,False,False,False,-1.0
2022-01-09,2022-01-10 00:00:00,-0.12609376167430128,0.0,0.0,-0.12609376167430128,0.0,0.0,0.0,0.12609376167430128,0.12609376167430128,-0.12609376167430128,False,1.0,0.0,0.002203170494985418,-0.0002778060553225437,0.0,1.0795698773484698e-07,-0.00027791401231027854,1.0286603024785492,1.028374423366583,-0.003772509357363174,0.9996107188025164,0.0006304688083715064,0.9989802499941449,False,False,False,-1.0
2022-01-10,2022-01-11 00:00:00,-0.12726844268331441,0.0,0.0,-0.12726844268331441,0.0,0.0,0.0,0.12726844268331441,0.12726844268331441,-0.12726844268331441,False,1.0,0.0,-0.00418057984841258,0.0005320558868207157,0.0,1.0896270777681028e-07,0.0005319469241129389,1.0316099366905973,1.0321586984233042,-0.002535602033927664,0.9999657416499448,0.0006363422134165721,0.9993293994365282,False,False,False,-1.0
2022-01-11,2022-01-12 00:00:00,-0.1286950931525053,0.0,0.0,-0.1286950931525053,0.0,0.0,0.0,0.1286950931525053,0.1286950931525053,-0.1286950931525053,False,1.0,0.0,0.006851075863132605,-0.0008816998464007313,0.0,1.1018415509632302e-07,-0.0008818100305558276,1.0274268224472205,1.0265208271695243,-0.007983965608785115,0.9989291952087476,0.0006434754657625265,0.9982857197429851,False,False,False,-1.0
2022-01-12,2022-01-13 00:00:00,-0.12861309087774767,0.0,0.0,-0.12861309087774767,0.0,0.0,0.0,0.12861309087774767,0.12861309087774767,-0.12861309087774767,False,1.0,0.0,0.000863611863048952,-0.00011107179102541583,0.0,1.101139476693045e-07,-0.00011118190497308514,1.0172876348937372,1.0171745309165843,-0.017016101635340286,0.9997697031743066,0.0006430654543887383,0.9991266377199178,False,False,False,-1.0
2022-01-13,2022-01-14 00:00:00,-0.12541040139894488,0.0,0.0,-0.12541040139894488,0.0,0.0,0.0,0.12541040139894488,0.12541040139894488,-0.12541040139894488,False,1.0,0.0,0.001115726283236862,-0.00013992368103208773,0.0,1.0737191900594595e-07,-0.0001400310529510937,1.0195164696104009,1.0193737056456602,-0.014890848512433053,0.9995736577192849,0.0006270520069947245,0.9989466057122901,False,False,False,-1.0
2022-01-14,2022-01-15 00:00:00,-0.12147736378780123,0.0,0.0,-0.12147736378780123,0.0,0.0,0.0,0.12147736378780123,0.12147736378780123,-0.12147736378780123,False,1.0,0.0,0.0018210261298916564,-0.00022121345364794053,0.0,1.040045922840764e-07,-0.0002213174582402246,1.0203887678223327,1.0201629379738213,-0.014128144918240548,0.9994535433045189,0.0006073868189390061,0.9988461564855798,False,False,False,-1.0
2022-01-15,2022-01-16 00:00:00,-0.12128700114520824,0.0,0.0,-0.12128700114520824,0.0,0.0,0.0,0.12128700114520824,0.12128700114520824,-0.12128700114520824,False,1.0,0.0,0.0013371850616474834,-0.00016218316610339367,0.0,1.038416105695276e-07,-0.0001622870077139632,1.0171751243697456,1.0170100500624906,-0.017175053738690438,0.9995342968240748,0.0006064350057260412,0.9989278618183488,False,False,False,-1.0
2022-01-16,2022-01-17 00:00:00,-0.12227239811821931,0.0,0.0,-0.12227239811821931,0.0,0.0,0.0,0.12227239811821931,0.12227239811821931,-0.12227239811821931,False,1.0,0.0,0.001334942033053954,-0.00016322656373031816,0.0,1.0468527236148913e-07,-0.00016333124900267965,1.0174611842408157,1.0172950010347819,-0.01689968092009131,0.999528838788526,0.0006113619905910966,0.998917476797935,False,False,False,-1.0
2022-01-17,2022-01-18 00:00:00,-0.13852986743605752,0.0,0.0,-0.13852986743605752,0.0,0.0,0.0,0.13852986743605752,0.13852986743605752,-0.13852986743605752,False,1.0,0.0,-0.003198330342273792,0.00044306427833190886,0.0,1.1860433855826843e-07,0.0004429456739933506,1.0216964820815013,1.0221490381183735,-0.01220880423156867,0.9999081982196832,0.0006926493371802876,0.999215548882503,False,False,False,-1.0
2022-01-18,2022-01-19 00:00:00,-0.14422502829272857,0.0,0.0,-0.14422502829272857,0.0,0.0,0.0,0.14422502829272857,0.14422502829272857,-0.14422502829272857,False,1.0,0.0,-0.005613497910885834,0.0008096068950186821,0.0,1.234803324424046e-07,0.0008094834146862397,1.026758798019167,1.027589942237047,-0.006950787068690567,0.9998857955480968,0.0007211251414636429,0.9991646704066331,False,False,False,-1.0
2022-01-19,2022-01-20 00:00:00,-0.14489733977059743,0.0,0.0,-0.14489733977059743,0.0,0.0,0.0,0.14489733977059743,0.14489733977059743,-0.14489733977059743,False,1.0,0.0,-0.0011350737797957144,0.00016446917113575592,0.0,1.240559415844156e-07,0.0001643451151941715,1.0270046698437851,1.0271734530445555,-0.007353276668673914,0.9998483789892375,0.0007244866988529872,0.9991238922903846,False,False,False,-1.0
2022-01-20,2022-01-21 00:00:00,-0.14318686601296624,0.0,0.0,-0.14318686601296624,0.0,0.0,0.0,0.14318686601296624,0.14318686601296624,-0.14318686601296624,False,1.0,0.0,0.0030198380604151698,-0.00043240114773752275,0.0,1.2259149487411493e-07,-0.00043252373923239685,1.0212026426570917,1.0207609482715756,-0.013550235743480687,0.99884798188663,0.0007159343300648311,0.9981320475565653,False,False,False,-1.0
2022-01-21,2022-01-22 00:00:00,-0.14420726277930251,0.0,0.0,-0.14420726277930251,0.0,0.0,0.0,0.14420726277930251,0.14420726277930251,-0.14420726277930251,False,1.0,0.0,-0.003157416761412568,0.00045532242861679654,0.0,1.2346512224255352e-07,0.00045519896349455397,1.040976087990551,1.041449939226827,-0.003802132196279895,0.9993516638912393,0.0007210363138965126,0.9986306275773428,False,False,False,-1.0
2022-01-22,2022-01-23 00:00:00,-0.14470374310697026,0.0,0.0,-0.14470374310697026,0.0,0.0,0.0,0.14470374310697026,0.14470374310697026,-0.14470374310697026,False,1.0,0.0,-0.007095649859209963,0.0010267670944041282,0.0,1.2389019101624166e-07,0.001026643204213112,1.0656878323679588,1.066781913538872,-0.0027995261548612316,0.999798856057329,0.0007235187155348513,0.9990753373417941,False,False,False,-1.0
2022-01-23,2022-01-24 00:00:00,-0.12066192769374577,0.0,0.0,-0.12066192769374577,0.0,0.0,0.0,0.12066192769374577,0.12066192769374577,-0.12066192769374577,False,1.0,0.0,0.0007611477284883428,-9.184155217911926e-05,0.0,1.0330644494327549e-07,-9.194485862406253e-05,1.063551584928844,1.0634537968287283,-0.005910564613844649,0.9997333079718244,0.0006033096384687288,0.9991299983333556,False,False,False,-1.0
2022-01-24,2022-01-25 00:00:00,-0.10073592732679162,0.0,0.0,-0.10073592732679162,0.0,0.0,0.0,0.10073592732679162,0.10073592732679162,-0.10073592732679162,False,1.0,0.0,0.001991645663323771,-0.0002006302728013031,0.0,8.62465131222531e-08,-0.00020071651931442535,1.070437470464383,1.0702226159811679,-0.004314639113679686,0.9992497695919068,0.0005036796366339582,0.9987460899552728,False,False,False,-1.0
2022-01-25,2022-01-26 00:00:00,-0.10170313254561797,0.0,0.0,-0.10170313254561797,0.0,0.0,0.0,0.10170313254561797,0.10170313254561797,-0.10170313254561797,False,1.0,0.0,-0.0062308494820632054,0.0006336969107460693,0.0,8.707459978220717e-08,0.000633609836146287,1.0625232112711653,1.0631964364289606,-0.010851469880125308,0.99971919814358,0.0005085156627280898,0.9992106824808519,False,False,False,-1.0
2022-01-26,2022-01-27 00:00:00,-0.10033509812645695,0.0,0.0,-0.10033509812645695,0.0,0.0,0.0,0.10033509812645695,0.10033509812645695,-0.10033509812645695,False,1.0,0.0,0.0012330882522415543,-0.00012372203078723766,0.0,8.590333743703506e-08,-0.0001238079341246747,1.0552691134533712,1.0551384627644889,-0.018348233914369128,0.9997262610067593,0.0005016754906322847,0.999224585516127,False,False,False,-1.0
2022-01-27,2022-01-28 00:00:00,-0.09667639830183002,0.0,0.0,-0.09667639830183002,0.0,0.0,0.0,0.09667639830183002,0.09667639830183002,-0.09667639830183002,False,1.0,0.0,-0.002100984081624513,0.00020311557390093597,0.0,8.277088895704625e-08,0.00020303280301197892,1.0597804235719872,1.0599955937619623,-0.013829385071263967,0.9999462200084246,0.0004833819915091501,0.9994628380169155,False,False,False,-1.0
2022-01-28,2022-01-29 00:00:00,-0.09277954147950923,0.0505119768689375,0.0,-0.09277954147950923,0.0505119768689375,0.0,0.0505119768689375,0.09277954147950923,0.14329151834844672,-0.04226756461057173,True,1.0,0.0,0.007568883022603501,-0.0003199182521877529,0.0,1.2268109447640985e-07,-0.00032004093328222934,1.0614114348354207,1.0610717397292195,-0.012828188899762338,0.9990405822923186,0.0007164575917422337,0.9983241247005764,False,False,False,-1.0
2022-01-29,2022-01-30 00:00:00,-0.0927345360438158,0.0505119768689375,0.0,-0.0927345360438158,0.0505119768689375,0.0,0.0505119768689375,0.0927345360438158,0.1432465129127533,-0.042222559174878306,True,1.0,0.0,-3.537694130972824e-05,1.4937049978761974e-06,0.0,1.226425624253025e-07,1.3710624354508948e-06,1.0591988700821295,1.0592003223099118,-0.014569268653346179,0.9994284755633516,0.0007162325645637665,0.9987122429987878,False,False,False,-1.0
2022-01-30,2022-01-31 00:00:00,-0.09280782853980431,0.0505119768689375,0.0,-0.09280782853980431,0.0505119768689375,0.0,0.0505119768689375,0.09280782853980431,0.1433198054087418,-0.04229585167086681,True,1.0,0.0,0.00031718007803394066,-1.3415401533477515e-05,0.0,1.227053128499502e-07,-1.3538106846327465e-05,1.057895007835311,1.0578806859396628,-0.015796996974472566,0.9997780190300894,0.0007165990270437091,0.9990614200030458,False,False,False,-1.0
2022-01-31,2022-02-01 00:00:00,-0.09144350410547966,0.0,0.0,-0.09144350410547966,0.0,0.0,0.0,0.09144350410547966,0.09144350410547966,-0.09144350410547966,False,1.0,0.0,-0.002694422773200311,0.00024638745992304055,0.0,7.829067132318465e-08,0.00024630916925171735,1.0552413749479905,1.055501290574414,-0.01801067579004023,0.9998318353489575,0.0004572175205273983,0.9993746178284301,False,False,False,-1.0
2022-02-01,2022-02-02 00:00:00,-0.09116940639218268,0.0,0.0,-0.09116940639218268,0.0,0.0,0.0,0.09116940639218268,0.09116940639218268,-0.09116940639218268,False,1.0,0.0,0.008272440497439026,-0.0007541934895661684,0.0,7.805599862344408e-08,-0.0007542715455647918,1.0509505228830518,1.0501578208078446,-0.022981991611126906,0.9991832941188832,0.0004558470319609134,0.9987274470869223,False,False,False,-1.0
2022-02-02,2022-02-03 00:00:00,0.0910991392958374,0.0,0.0,0.0910991392958374,0.0,0.0,0.0910991392958374,0.0,0.0910991392958374,0.0910991392958374,False,1.0,0.0,-0.006073425777738062,-0.0005532838609290893,0.0,7.799583843821696e-08,-0.0005533618567675275,1.045841862513211,1.0452631335182856,-0.027535781082172806,0.9992906447205258,0.00045549569647918703,0.9988351490240466,False,False,False,1.0
2022-02-03,2022-02-04 00:00:00,0.08943855147743773,0.0,0.0,0.08943855147743773,0.0,0.0,0.08943855147743773,0.0,0.08943855147743773,0.08943855147743773,False,1.0,0.0,0.0015481873306670835,0.00013846763227058485,0.0,7.657410229232683e-08,0.00013839105816829253,1.0443205333087486,1.0444650579324202,-0.02827827349997547,0.9996109922823142,0.0004471927573871887,0.9991637995249271,False,False,False,1.0
2022-02-04,2022-02-05 00:00:00,0.08919303339695803,0.0,0.0,0.08919303339695803,0.0,0.0,0.08919303339695803,0.0,0.08919303339695803,0.08919303339695803,False,1.0,0.0,-0.001681916272539996,-0.00015001521426754704,0.0,7.636389845629967e-08,-0.00015009157816600334,1.0526467744169843,1.0524887810013606,-0.02081337462729982,0.9995898613871843,0.00044596516698479013,0.9991438962201995,False,False,False,1.0
2022-02-05,2022-02-06 00:00:00,0.08956696631859483,0.0,0.0,0.08956696631859483,0.0,0.0,0.08956696631859483,0.0,0.08956696631859483,0.08956696631859483,False,1.0,0.0,-0.0008909678137878352,-7.98012841684871e-05,0.0,7.668404650564625e-08,-7.987796821499274e-05,1.0582771160343545,1.0581925830085173,-0.015506822443562496,0.9995932888311831,0.00044783483159297415,0.9991454539995902,False,False,False,1.0
2022-02-06,2022-02-07 00:00:00,0.08580698728261452,0.0,0.0,0.08580698728261452,0.0,0.0,0.08580698728261452,0.0,0.08580698728261452,0.08580698728261452,False,1.0,0.0,0.005894854360443569,0.000505819693139446,0.0,7.346488637210147e-08,0.0005057462282530739,1.0558917546588054,1.0564257679311677,-0.017150585041774247,0.9999999265351136,0.0004290349364130726,0.9995708915987005,False,False,False,1.0
2022-02-07,2022-02-08 00:00:00,0.08905388713157456,0.0,0.0,0.08905388713157456,0.0,0.0,0.08905388713157456,0.0,0.08905388713157456,0.08905388713157456,False,1.0,0.0,0.002737164721416274,0.0002437551581615326,0.0,7.624476637977273e-08,0.00024367891339515283,1.0602163157226596,1.0604746680824386,-0.013383676598510919,0.999982757899025,0.00044526943565787277,0.9995374884633671,False,False,False,1.0
2022-02-08,2022-02-09 00:00:00,0.09167404740858104,0.0,0.0,0.09167404740858104,0.0,0.0,0.09167404740858104,0.0,0.09167404740858104,0.09167404740858104,False,1.0,0.0,0.003064894244845906,0.0002809712603042908,0.0,7.848805428816869e-08,0.00028089277225000264,1.0588211650642365,1.0591185802766083,-0.014645317640457844,0.9999996226063497,0.0004583702370429052,0.9995412523693068,False,False,False,1.0
2022-02-09,2022-02-10 00:00:00,0.0908514309268923,0.0,0.0,0.0908514309268923,0.0,0.0,0.0908514309268923,0.0,0.0908514309268923,0.0908514309268923,False,1.0,0.0,0.003966374241304527,0.00036035077541408304,0.0,7.778375935521601e-08,0.0003602729916547278,1.0619548146866642,1.0623374083247534,-0.011650669686947612,0.9999654937982075,0.0004542571546344615,0.9995112366435731,False,False,False,1.0
2022-02-10,2022-02-11 00:00:00,0.09094471882577683,0.0,0.0,0.09094471882577683,0.0,0.0,0.09094471882577683,0.0,0.09094471882577683,0.09094471882577683,False,1.0,0.0,-0.01225126636425744,-0.0011141879747570901,0.0,7.786362913165824e-08,-0.0011142658383862217,1.0617451792094876,1.0605621128272231,-0.01330232207379023,0.9981398635379696,0.00045472359412888414,0.9976851399438407,False,False,False,1.0
2022-02-11,2022-02-12 00:00:00,0.09091375522274812,0.0,0.0,0.09091375522274812,0.0,0.0,0.09091375522274812,0.0,0.09091375522274812,0.09091375522274812,False,1.0,0.0,-0.0034948524806065473,-0.0003177301629614777,0.0,7.783711919755832e-08,-0.00031780800008067526,1.0576998283180736,1.0573636828509503,-0.016277992609658343,0.9995300436406336,0.00045456877611374063,0.9990754748645199,False,False,False,1.0
2022-02-12,2022-02-13 00:00:00,0.09162949038978974,0.0,0.0,0.09162949038978974,0.0,0.0,0.09162949038978974,0.0,0.09162949038978974,0.09162949038978974,False,1.0,0.0,-0.0017977761612802956,-0.00016472931349302593,0.0,7.844990615564189e-08,-0.00016480776339918157,1.050480734957069,1.0503076075766469,-0.022842636965912044,0.9997120419983826,0.0004581474519489487,0.9992538945464337,False,False,False,1.0
2022-02-13,2022-02-14 00:00:00,0.09353856306052324,0.0,0.0,0.09353856306052324,0.0,0.0,0.09353856306052324,0.0,0.09353856306052324,0.09353856306052324,False,1.0,0.0,-0.005224966683594623,-0.0004887358756225487,0.0,8.008438618195484e-08,-0.0004888159600087306,1.0521011579935968,1.051586874156026,-0.02165246682117905,0.9994847228021069,0.00046769281530261624,0.9990170299868043,False,False,False,1.0
2022-02-14,2022-02-15 00:00:00,0.09127741479511185,0.0,0.0,0.09127741479511185,0.0,0.0,0.09127741479511185,0.0,0.09127741479511185,0.09127741479511185,False,1.0,0.0,0.0014493050156183518,0.00013228881507523237,0.0,7.814847157115741e-08,0.00013221066660366122,1.0520784804514594,1.0522175764486792,-0.02106569073319986,0.9999155682776805,0.0004563870739755593,0.9994591812037049,False,False,False,1.0
2022-02-15,2022-02-16 00:00:00,0.09114986615844292,0.0,0.0,0.09114986615844292,0.0,0.0,0.09114986615844292,0.0,0.09114986615844292,0.09114986615844292,False,1.0,0.0,0.0008814921899791273,8.034789513631019e-05,0.0,7.803926897126962e-08,8.026985586733891e-05,1.0580864643534966,1.0581713968014854,-0.015526533105511997,0.9999783010725852,0.0004557493307922146,0.999522551741793,False,False,False,1.0
2022-02-16,2022-02-17 00:00:00,0.09149591576034388,0.0,0.0,0.09149591576034388,0.0,0.0,0.09149591576034388,0.0,0.09149591576034388,0.09149591576034388,False,1.0,0.0,-0.0021645233003609876,-0.00019804504155113045,0.0,7.833554431536291e-08,-0.0001981233770954458,1.0566379221939504,1.056428577520438,-0.017147971130551665,0.9997077680016563,0.00045747957880171945,0.9992502884228546,False,False,False,1.0
2022-02-17,2022-02-18 00:00:00,0.0896011485498593,0.0,0.0,0.0896011485498593,0.0,0.0,0.0896011485498593,0.0,0.0896011485498593,0.0896011485498593,False,1.0,0.0,0.002317570944166958,0.00020765701844314128,0.0,7.671331211460556e-08,0.0002075803051310267,1.053859736366082,1.0540784968917223,-0.01933437687826567,0.9996558317004108,0.00044800574274929655,0.9992078259576616,False,False,False,1.0
2022-02-18,2022-02-19 00:00:00,0.08995683568603545,0.0,0.0,0.08995683568603545,0.0,0.0,0.08995683568603545,0.0,0.08995683568603545,0.08995683568603545,False,1.0,0.0,-0.004404378072667026,-0.0003962039145820851,0.0,7.701783877229063e-08,-0.0003962809324208574,1.048453079354685,1.0480375973907987,-0.024954548896533812,0.9988452076185165,0.00044978417843017727,0.9983954234400862,False,False,False,1.0
2022-02-19,2022-02-20 00:00:00,-0.09028867508413962,0.0,0.0,-0.09028867508413962,0.0,0.0,0.0,0.09028867508413962,0.09028867508413962,-0.09028867508413962,False,1.0,0.0,-0.00045148699426178496,4.0764162529617116e-05,0.0,7.730194784600995e-08,4.0686860581771104e-05,1.0494360269324001,1.0494787251897175,-0.023613790599033013,0.9998746715212474,0.00045144337542069816,0.9994232281458267,False,False,False,-1.0
2022-02-20,2022-02-21 00:00:00,-0.08860827700398,0.0,0.0,-0.08860827700398,0.0,0.0,0.0,0.08860827700398,0.08860827700398,-0.08860827700398,False,1.0,0.0,0.0030865481724684507,-0.0002734937154522127,0.0,7.586325085957192e-08,-0.00027356957870307226,1.0529002503964227,1.0526122089185053,-0.02069854303208729,0.999378865491243,0.0004430413850199,0.9989358241062231,False,False,False,-1.0
2022-02-21,2022-02-22 00:00:00,-0.08948772922361464,0.0,0.0,-0.08948772922361464,0.0,0.0,0.0,0.08948772922361464,0.08948772922361464,-0.08948772922361464,False,1.0,0.0,-0.002953869129322384,0.00026433504080679586,0.0,7.661620652706733e-08,0.0002642584246002688,1.0496448158467093,1.0499221933321348,-0.023201208458802802,0.9998400776589934,0.0004474386461180732,0.9993926390128753,False,False,False,-1.0
2022-02-22,2022-02-23 00:00:00,-0.09849687178226382,0.0,0.0,-0.09849687178226382,0.0,0.0,0.0,0.09849687178226382,0.09849687178226382,-0.09849687178226382,False,1.0,0.0,-0.002414255895917039,0.00023779665342971507,0.0,8.432951351221217e-08,0.00023771232391620286,1.053333591221855,1.0535839815976833,-0.019794450914878747,0.9998306493911948,0.0004924843589113191,0.9993381650322835,False,False,False,-1.0
2022-02-23,2022-02-24 00:00:00,-0.121347639303437,0.0,0.0,-0.121347639303437,0.0,0.0,0.0,0.121347639303437,0.121347639303437,-0.121347639303437,False,1.0,0.0,-0.00033827361502991593,4.104870462251994e-05,0.0,1.0389352680088784e-07,4.094481109571906e-05,1.0500000478504412,1.0500430399040508,-0.023088778427168832,0.9996764684008212,0.000606738196517185,0.9990697302043041,False,False,False,-1.0
2022-02-24,2022-02-25 00:00:00,-0.11981722577751068,0.0,0.0,-0.11981722577751068,0.0,0.0,0.0,0.11981722577751068,0.11981722577751068,-0.11981722577751068,False,1.0,0.0,0.007965215820396443,-0.0009543700623190405,0.0,1.0258324124786873e-07,-0.0009544726455602884,1.0621482870811794,1.0611344955956317,-0.012769803759546394,0.998476348920366,0.0005990861288875534,0.9978772627914784,False,False,False,-1.0
2022-02-25,2022-02-26 00:00:00,-0.12502923438417218,0.0,0.0,-0.12502923438417218,0.0,0.0,0.0,0.12502923438417218,0.12502923438417218,-0.12502923438417218,False,1.0,0.0,0.008415638846972495,-0.0010522008818906687,0.0,1.0704557738370905e-07,-0.0010523079274680524,1.047763534050191,1.046660964177198,-0.026235304430591966,0.9984670286271439,0.0006251461719208609,0.997841882455223,False,False,False,-1.0
2022-02-26,2022-02-27 00:00:00,-0.11905184185439148,0.0,0.0,-0.11905184185439148,0.0,0.0,0.0,0.11905184185439148,0.11905184185439148,-0.11905184185439148,False,1.0,0.0,-0.0031134364465312814,0.0003706603434561407,0.0,1.0192794679314339e-07,0.0003705584155093475,1.043712843439745,1.0440996000172567,-0.028618278551928777,0.9999304525134517,0.0005952592092719574,0.9993351933041797,False,False,False,-1.0
2022-02-27,2022-02-28 00:00:00,-0.11340900672032803,0.0,0.0,-0.11340900672032803,0.0,0.0,0.0,0.11340900672032803,0.11340900672032803,-0.11340900672032803,False,1.0,0.0,0.006466544142672559,-0.0007333643481336501,0.0,9.709675232904796e-08,-0.0007334614448859791,1.0436845750257215,1.042919072629318,-0.029716586343918605,0.9991730904664322,0.0005670450336016401,0.9986060454328306,False,False,False,-1.0
2022-02-28,2022-03-01 00:00:00,-0.11571626957644829,0.0,0.0,-0.11571626957644829,0.0,0.0,0.0,0.11571626957644829,0.11571626957644829,-0.11571626957644829,False,1.0,0.0,0.004409561184445243,-0.0005102579707331083,0.0,9.907214860997284e-08,-0.0005103570428817183,1.0428921487933862,1.0423599014402836,-0.03023681321899785,0.9989678257443297,0.0005785813478822415,0.9983892443964475,False,False,False,-1.0
2022-03-01,2022-03-02 00:00:00,-0.116044030197045,0.0,0.0,-0.116044030197045,0.0,0.0,0.0,0.116044030197045,0.116044030197045,-0.116044030197045,False,1.0,0.0,0.004252247835575318,-0.0004934479762368215,0.0,9.935276557966181e-08,-0.0004935473290024012,1.037072379541795,1.03656053523889,-0.03563227388570467,0.9993018041107969,0.000580220150985225,0.9987215839598117,False,False,False,-1.0
2022-03-02,2022-03-03 00:00:00,0.1173365989328246,0.0,0.0,0.1173365989328246,0.0,0.0,0.1173365989328246,0.0,0.1173365989328246,0.1173365989328246,False,1.0,0.0,-0.0018458043447394656,-0.00021658040410715978,0.0,1.004594168945416e-07,-0.0002166808635240543,1.0370273732353104,1.0368026692485797,-0.03540700366134142,0.9997079523291859,0.000586682994664123,0.9991212693345217,False,False,False,1.0
2022-03-03,2022-03-04 00:00:00,0.11614761496220063,0.0,0.0,0.11614761496220063,0.0,0.0,0.11614761496220063,0.0,0.11614761496220063,0.11614761496220063,False,1.0,0.0,0.0009306407266780337,0.00010809170079034285,0.0,9.944145116626766e-08,0.00010799225933917658,1.0316023023632799,1.0317137074266516,-0.04014153712432367,0.9995482169875655,0.0005807380748110032,0.9989674789127545,False,False,False,1.0
2022-03-04,2022-03-05 00:00:00,0.11614682229977469,0.0,0.0,0.11614682229977469,0.0,0.0,0.11614682229977469,0.0,0.11614682229977469,0.11614682229977469,False,1.0,0.0,-0.0007963777896591306,-9.249674961902639e-05,0.0,9.944077251693038e-08,-9.259619039154332e-05,1.0251067384522763,1.025011817473551,-0.046376663925914996,0.999850950394348,0.0005807341114988735,0.9992702162828492,False,False,False,1.0
2022-03-05,2022-03-06 00:00:00,0.11681741625781487,0.0,0.0,0.11681741625781487,0.0,0.0,0.11681741625781487,0.0,0.11681741625781487,0.11681741625781487,False,1.0,0.0,0.0020284514005792786,0.00023695845162021717,0.0,1.0001491117963602e-07,0.00023685843670903753,1.0234715221932824,1.0237139400580453,-0.047584148727251585,0.9999990141591015,0.0005840870812890744,0.9994149270778124,False,False,False,1.0
2022-03-06,2022-03-07 00:00:00,0.11513208562764923,0.0,0.0,0.11513208562764923,0.0,0.0,0.11513208562764923,0.0,0.11513208562764923,0.11513208562764923,False,1.0,0.0,-0.0006542735091502605,-7.532787367939034e-05,0.0,9.85719911195627e-08,-7.54264456705099e-05,1.0231065752428141,1.0230294059503013,-0.048221007433029484,0.9997896841061129,0.0005756604281382462,0.9992140236779746,False,False,False,1.0
2022-03-07,2022-03-08 00:00:00,0.11509648086533163,0.0,0.0,0.11509648086533163,0.0,0.0,0.11509648086533163,0.0,0.11509648086533163,0.11509648086533163,False,1.0,0.0,0.00040893386736784443,4.706684904068917e-05,0.0,9.854150759018117e-08,4.6968307533098984e-05,1.0226275765361903,1.0226756076226968,-0.04855016494684172,0.9997553297943184,0.0005754824043266582,0.9991798473899917,False,False,False,1.0
2022-03-08,2022-03-09 00:00:00,0.12266475162769631,0.0,0.0,0.12266475162769631,0.0,0.0,0.12266475162769631,0.0,0.12266475162769631,0.12266475162769631,False,1.0,0.0,0.006030016431205265,0.0007396704678447215,0.0,1.0502119146206876e-07,0.0007395654466532595,1.0191713128777746,1.0199250567649993,-0.05110914957535462,0.9997289074931967,0.0006133237581384816,0.9991155837350582,False,False,False,1.0
2022-03-09,2022-03-10 00:00:00,0.12752307064809187,0.0,0.0,0.12752307064809187,0.0,0.0,0.12752307064809187,0.0,0.12752307064809187,0.12752307064809187,False,1.0,0.0,-0.0005834326860009176,-7.440112763530102e-05,0.0,1.0918071117131153e-07,-7.451030834647233e-05,1.029820592279296,1.0297438600294238,-0.04197419155276849,0.9991750087520279,0.0006376153532404594,0.9985373933987874,False,False,False,1.0
2022-03-10,2022-03-11 00:00:00,0.1273996333759465,0.0,0.0,0.1273996333759465,0.0,0.0,0.1273996333759465,0.0,0.1273996333759465,0.1273996333759465,False,1.0,0.0,0.0013646824800213064,0.0001738600476292919,0.0,1.0907502857529666e-07,0.0001737509726007166,1.0218132686142274,1.0219908096634656,-0.04918726912777538,0.9998977358687372,0.0006369981668797325,0.9992607377018574,False,False,False,1.0
2022-03-11,2022-03-12 00:00:00,0.12254892206681024,0.0,0.0,0.12254892206681024,0.0,0.0,0.12254892206681024,0.0,0.12254892206681024,0.12254892206681024,False,1.0,0.0,-0.0017442894824371002,-0.00021376079584514097,0.0,1.0492202231747452e-07,-0.00021386571786745844,1.021480801914966,1.0212623421899767,-0.0498650013943186,0.9991462738067646,0.0006127446103340512,0.9985335291964306,False,False,False,1.0
2022-03-12,2022-03-13 00:00:00,0.1193888659359087,0.0,0.0,0.1193888659359087,0.0,0.0,0.1193888659359087,0.0,0.1193888659359087,0.1193888659359087,False,1.0,0.0,-0.0001663436505082716,-1.9859579789821687e-05,0.0,1.02216494808141e-07,-1.9961796284629828e-05,1.0214512129315034,1.0214308229304763,-0.04970825474703067,0.9999740341447091,0.0005969443296795435,0.9993770898150296,False,False,False,1.0
2022-03-13,2022-03-14 00:00:00,0.1210084779249388,0.0,0.0,0.1210084779249388,0.0,0.0,0.1210084779249388,0.0,0.1210084779249388,0.1210084779249388,False,1.0,0.0,-0.0009453004234480922,-0.00011438936542325375,0.0,1.0360314890833801e-07,-0.00011449296857216209,1.021276675537673,1.0211597465393571,-0.04996045161737228,0.9997819002701223,0.000605042389624694,0.9991768578804976,False,False,False,1.0
2022-03-14,2022-03-15 00:00:00,0.12123019492725294,0.0,0.0,0.12123019492725294,0.0,0.0,0.12123019492725294,0.0,0.12123019492725294,0.12123019492725294,False,1.0,0.0,0.0007232457402381876,8.767922206938083e-05,0.0,1.0379297510894942e-07,8.757542909427187e-05,1.020899799032005,1.0209892047699676,-0.050119115750109855,0.9997368585408167,0.0006061509746362647,0.9991307075661805,False,False,False,1.0
2022-03-15,2022-03-16 00:00:00,0.12202611747607543,0.0,0.0,0.12202611747607543,0.0,0.0,0.12202611747607543,0.0,0.12202611747607543,0.12202611747607543,False,1.0,0.0,-0.005190063850934568,-0.000633323341182474,0.0,1.0447441564732485e-07,-0.0006334278155981213,1.021619821300226,1.0209726988884482,-0.0501344720548188,0.9992835133855582,0.0006101305873803772,0.9986733827981779,False,False,False,1.0
2022-03-16,2022-03-17 00:00:00,0.127593910397474,0.0,0.0,0.127593910397474,0.0,0.0,0.127593910397474,0.0,0.127593910397474,0.127593910397474,False,1.0,0.0,8.87912185485451e-05,1.1329218783565596e-05,0.0,1.0924136164167294e-07,1.1219977421923923e-05,1.0275508775202533,1.0275624066178988,-0.04400371437809181,0.9997733063829672,0.00063796955198737,0.9991353368309799,False,False,False,1.0
2022-03-17,2022-03-18 00:00:00,0.12792959232192788,0.0,0.0,0.12792959232192788,0.0,0.0,0.12792959232192788,0.0,0.12792959232192788,0.12792959232192788,False,1.0,0.0,-0.001734935981930974,-0.00022194965287307313,0.0,1.095287605495958e-07,-0.00022205918163362273,1.0326057493914567,1.0323764498037966,-0.039524952431467586,0.9996366586984677,0.0006396479616096394,0.9989970107368581,False,False,False,1.0
2022-03-18,2022-03-19 00:00:00,0.12459066792228651,0.0,0.0,0.12459066792228651,0.0,0.0,0.12459066792228651,0.0,0.12459066792228651,0.12459066792228651,False,1.0,0.0,0.0007811041910041894,9.731829287410922e-05,0.0,1.066700923992179e-07,9.721162278171e-05,1.0365398929231355,1.0366406566482047,-0.035557732651799734,0.9994078019462709,0.0006229533396114326,0.9987848486066594,False,False,False,1.0
2022-03-19,2022-03-20 00:00:00,0.1278081198822824,0.0,0.0,0.1278081198822824,0.0,0.0,0.1278081198822824,0.0,0.1278081198822824,0.1278081198822824,False,1.0,0.0,-0.0018071985057799278,-0.00023097464327780266,0.0,1.0942476017318698e-07,-0.00023108406803797586,1.0401041853507003,1.0398638338443662,-0.03255903845319286,0.9996381593368848,0.0006390405994114121,0.9989991187374734,False,False,False,1.0
2022-03-20,2022-03-21 00:00:00,0.12653094537342582,0.0,-0.12951196065327647,0.12653094537342582,0.0,-0.12951196065327647,0.12653094537342582,0.12951196065327647,0.2560429060267023,-0.002981015279850646,True,1.0,0.0,-2.8015716817098024e-05,8.351527990773792e-08,0.0,2.1921481680368348e-07,-1.3569953689594557e-07,1.0380454395395358,1.0380452986772504,-0.03425091901814814,0.9994940695200949,0.0012802145301335115,0.9982138549899614,False,False,False,1.0
2022-03-21,2022-03-22 00:00:00,0.1264866298897544,0.0,-0.12951196065327647,0.1264866298897544,0.0,-0.12951196065327647,0.1264866298897544,0.12951196065327647,0.25599859054303087,-0.0030253307635220716,True,1.0,0.0,0.0025111218946076708,-7.5969743187104155e-06,0.0,2.1917687546492368e-07,-7.81615119417534e-06,1.037923102718812,1.0379149901549134,-0.03437215200851129,0.9993631598786729,0.0012799929527151544,0.9980831669259577,False,False,False,1.0
2022-03-22,2022-03-23 00:00:00,0.13003736746106026,0.0,0.0,0.13003736746106026,0.0,0.0,0.13003736746106026,0.0,0.13003736746106026,0.13003736746106026,False,1.0,0.0,-0.0009484193011647379,-0.000123329949172721,0.0,1.1133336255227762e-07,-0.0001234412825352733,1.0374927465100652,1.0373646770748148,-0.03488413771090282,0.9998579510409229,0.0006501868373053013,0.9992077642036176,False,False,False,1.0
2022-03-23,2022-03-24 00:00:00,0.12926214425255653,0.0,0.0,0.12926214425255653,0.0,0.0,0.12926214425255653,0.0,0.12926214425255653,0.12926214425255653,False,1.0,0.15800230252897865,-0.00021111521612915407,-2.728920552119636e-05,7.900115126448932e-05,1.1066964405184633e-07,-0.00010640102642973754,1.0350514658224803,1.0349413352841093,-0.03713870223738458,0.9997281581650981,0.0006463107212627827,0.9990818474438353,False,False,False,1.0
2022-03-24,2022-03-25 00:00:00,0.130959976384912,0.0,0.0,0.130959976384912,0.0,0.0,0.130959976384912,0.0,0.130959976384912,0.130959976384912,False,1.0,0.0,-0.0028081432953577234,-0.00036775437964549644,0.0,1.121232674528356e-07,-0.0003678665029129493,1.0390792319296813,1.0386969894863818,-0.03364461619031889,0.9991960279613615,0.00065479988192456,0.998541228079437,False,False,False,1.0
2022-03-25,2022-03-26 00:00:00,0.13164147693917091,0.0,0.0,0.13164147693917091,0.0,0.0,0.13164147693917091,0.0,0.13164147693917091,0.13164147693917091,False,1.0,0.0,-0.004545092097918868,-0.0005983226365945946,0.0,1.1270674395476961e-07,-0.0005984353433385493,1.0396346248757304,1.0390124707720463,-0.03335110707074029,0.9988137389084282,0.0006582073846958546,0.9981555315237323,False,False,False,1.0
2022-03-26,2022-03-27 00:00:00,0.13342371299721595,0.0,0.0,0.13342371299721595,0.0,0.0,0.13342371299721595,0.0,0.13342371299721595,0.13342371299721595,False,1.0,0.0,-0.002727290187517162,-0.00036388518323941305,0.0,1.1423263099076708e-07,-0.0003639994158704038,1.039156512304827,1.0387782599413502,-0.033569005937763685,0.9995928639602948,0.0006671185649860798,0.9989257453953088,False,False,False,1.0
2022-03-27,2022-03-28 00:00:00,0.13395050332831923,0.0,0.0,0.13395050332831923,0.0,0.0,0.13395050332831923,0.0,0.13395050332831923,0.13395050332831923,False,1.0,0.0,0.0005903392714519118,7.907624254545686e-05,0.0,1.1468365010986235e-07,7.8961558895347e-05,1.041098234832048,1.0411804415716337,-0.031334127840676795,0.9999694388486319,0.0006697525166415962,0.9992996863319903,False,False,False,1.0
2022-03-28,2022-03-29 00:00:00,0.15040036069082746,0.0,0.0,0.15040036069082746,0.0,0.0,0.15040036069082746,0.0,0.15040036069082746,0.15040036069082746,False,1.0,0.0,-0.0056093588034947794,-0.0008436495872898832,0.0,1.2876743209831118e-07,-0.0008437783547219815,1.0512080236511943,1.0503210370745273,-0.02283014278550144,0.9991562216452781,0.0007520018034541373,0.9984042198418239,False,False,False,1.0
2022-03-29,2022-03-30 00:00:00,0.17690541689511688,0.0,0.0,0.17690541689511688,0.0,0.0,0.17690541689511688,0.0,0.17690541689511688,0.17690541689511688,False,1.0,0.0,-0.0057372715242621775,-0.001014954410840083,0.0,1.5146011720472335e-07,-0.0010151058709572877,1.0539163278331312,1.05284649118125,-0.02048057770800704,0.9985037726644337,0.0008845270844755844,0.9976192455799581,False,False,False,1.0
2022-03-30,2022-03-31 00:00:00,0.16894306962275202,0.0,0.0,0.16894306962275202,0.0,0.0,0.16894306962275202,0.0,0.16894306962275202,0.16894306962275202,False,1.0,0.0,0.0033644460531547793,0.0005683998438001211,0.0,1.4464303906057537e-07,0.0005682552007610605,1.0510787573718765,1.0516760383421626,-0.021569512608171526,0.9998695344051196,0.0008447153481137602,0.9990248190570058,False,False,False,1.0
2022-03-31,2022-04-01 00:00:00,0.16880248184246732,0.0,0.0,0.16880248184246732,0.0,0.0,0.16880248184246732,0.0,0.16880248184246732,0.16880248184246732,False,1.0,0.0,-0.00458637928524952,-0.0007741922060210003,0.0,1.4452267281033162e-07,-0.0007743367286938106,1.0508988384536928,1.0500850888849365,-0.023049658010460328,0.9989223042786619,0.0008440124092123366,0.9980782918694495,False,False,False,1.0
2022-04-01,2022-04-02 00:00:00,0.168385325895805,0.0,0.0,0.168385325895805,0.0,0.0,0.168385325895805,0.0,0.168385325895805,0.168385325895805,False,1.0,0.0,-0.0024667755263325652,-0.00041536880091330486,0.0,1.441655187464084e-07,-0.0004155129664320513,1.0548848817888203,1.0544465634423439,-0.018991944873173128,0.9993398646537603,0.000841926629479025,0.9984979380242813,False,False,False,1.0
2022-04-02,2022-04-03 00:00:00,0.17295959791981497,0.0,0.0,0.17295959791981497,0.0,0.0,0.17295959791981497,0.0,0.17295959791981497,0.17295959791981497,False,1.0,0.0,0.0010617492535931472,0.0001836397239931344,0.0,1.4808184753408814e-07,0.0001834916421456003,1.0557367934529573,1.0559305123308618,-0.0176113478249168,0.9994209114258907,0.0008647979895990748,0.9985561134362917,False,False,False,1.0
2022-04-03,2022-04-04 00:00:00,0.1718115862453947,0.0,0.0,0.1718115862453947,0.0,0.0,0.1718115862453947,0.0,0.1718115862453947,0.1718115862453947,False,1.0,0.0,-0.0002485416035790111,-4.270232715888397e-05,0.0,1.4709896082653655e-07,-4.2849426119710504e-05,1.0580710698013611,1.0580257320632263,-0.015662052805167193,0.9999497881036805,0.0008590579312269734,0.9990907301724535,False,False,False,1.0
2022-04-04,2022-04-05 00:00:00,0.17963931990744533,0.0,-0.0926477685603075,0.17963931990744533,0.0,-0.0926477685603075,0.17963931990744533,0.0926477685603075,0.27228708846775285,0.08699155134713783,True,1.0,0.0,-0.0025478485966450304,-0.00022164130201977924,0.0,2.331225072497884e-07,-0.00022187442452702903,1.0555371409435195,1.0553029442478057,-0.01819520799001484,0.9991634421661031,0.0013614354423387642,0.9978020067237643,False,False,False,1.0
2022-04-05,2022-04-06 00:00:00,0.1963996513595939,0.0,-0.0926477685603075,0.1963996513595939,0.0,-0.0926477685603075,0.1963996513595939,0.0926477685603075,0.2890474199199014,0.10375188279928639,True,1.0,0.0,-0.0015616821051475105,-0.00016202745874300737,0.0,2.47472106095806e-07,-0.00016227493084910316,1.0562440991711455,1.0560726972329928,-0.017479065602996835,0.9996035705622153,0.001445237099599507,0.9981583334626157,False,False,False,1.0
2022-04-06,2022-04-07 00:00:00,0.19406581979922893,0.0,0.0,0.19406581979922893,0.0,0.0,0.19406581979922893,0.0,0.19406581979922893,0.19406581979922893,False,1.0,0.0,0.00036846096923648375,7.150568005889669e-05,0.0,1.6615224297879188e-07,7.13395278159179e-05,1.0499463231315351,1.0500212258064594,-0.02310907324930056,0.999742413399545,0.0009703290989961446,0.9987720843005488,False,False,False,1.0
2022-04-07,2022-04-08 00:00:00,0.19507384399299701,0.0,0.0,0.19507384399299701,0.0,0.0,0.19507384399299701,0.0,0.19507384399299701,0.19507384399299701,False,1.0,0.0,0.00553470742423956,0.0010796766526229903,0.0,1.6701527739126455e-07,0.001079509637345599,1.0452806288466117,1.0464090193591822,-0.026469702174859,0.9999992198804338,0.000975369219964985,0.9990238506604688,False,False,False,1.0
2022-04-08,2022-04-09 00:00:00,-0.17834299312487245,0.0,0.0,-0.17834299312487245,0.0,0.0,0.0,0.17834299312487245,0.17834299312487245,-0.17834299312487245,False,1.0,0.0,0.0017979736928059875,-0.0003206560099347998,0.0,1.526909187712949e-07,-0.0003208087008535711,1.0436394677533616,1.043304659131552,-0.029357854590452814,0.9993835780336208,0.0008917149656243623,0.9984918630679964,False,False,False,-1.0
2022-04-09,2022-04-10 00:00:00,-0.1791963139909804,0.0,0.0,-0.1791963139909804,0.0,0.0,0.0,0.1791963139909804,0.1791963139909804,-0.1791963139909804,False,1.0,0.0,-0.0023875474478423087,0.00042783970213191425,0.0,1.534215017046065e-07,0.00042768628063020965,1.0469717854035845,1.0474195608724086,-0.02552954133704588,0.9998711604180914,0.0008959815699549021,0.9989751788481366,False,False,False,-1.0
2022-04-10,2022-04-11 00:00:00,-0.196428717816987,0.0,0.0,-0.196428717816987,0.0,0.0,0.0,0.196428717816987,0.196428717816987,-0.196428717816987,False,1.0,0.0,-0.00045454545454548523,8.928578082590922e-05,0.0,1.6817527210358476e-07,8.911760555380563e-05,1.044408726369374,1.0445018015742875,-0.028244088924012756,0.9997856666072062,0.0009821435890849351,0.9988035230181214,False,False,False,-1.0
2022-04-11,2022-04-12 00:00:00,-0.21527750786019803,0.0,0.0,-0.21527750786019803,0.0,0.0,0.0,0.21527750786019803,0.21527750786019803,-0.21527750786019803,False,1.0,0.0,-0.008746278705946797,0.0018828770828669442,0.0,1.8431293481181339e-07,0.0018826927699321324,1.0605646321339177,1.062561349498882,-0.011442325230897166,0.9999550529488688,0.0010763875393009902,0.9988786654095678,False,False,False,-1.0
2022-04-12,2022-04-13 00:00:00,-0.2161592629089831,0.0,0.0,-0.2161592629089831,0.0,0.0,0.0,0.2161592629089831,0.2161592629089831,-0.2161592629089831,False,1.0,0.0,-0.0036628477905074064,0.0007917584785438783,0.0,1.8506786207960882e-07,0.0007915734106817986,1.0584596641420032,1.0592975126684172,-0.014478847262751282,0.9999021717953739,0.0010807963145449155,0.9988213754808289,False,False,False,-1.0
2022-04-13,2022-04-14 00:00:00,-0.1810358306821722,0.0,0.0,-0.1810358306821722,0.0,0.0,0.0,0.1810358306821722,0.1810358306821722,-0.1810358306821722,False,1.0,0.0,-0.0006364118004315023,0.0001152133389470538,0.0,1.5499643037857208e-07,0.00011505834251667523,1.0559452283205855,1.0560667236283445,-0.017484623167013158,0.9995600458620052,0.0009051791534108609,0.9986548667085944,False,False,False,-1.0
2022-04-14,2022-04-15 00:00:00,-0.1810008568881611,0.0,0.0,-0.1810008568881611,0.0,0.0,0.0,0.1810008568881611,0.1810008568881611,-0.1810008568881611,False,1.0,0.0,-0.0011291839410838556,0.00020438326092052866,0.0,1.5496648706178177e-07,0.00020422829443346688,1.060609722445244,1.0608263289599185,-0.013056507668911976,0.9997828751201604,0.0009050042844408055,0.9988778708357196,False,False,False,-1.0
2022-04-15,2022-04-16 00:00:00,-0.1808363735831388,0.0,0.0,-0.1808363735831388,0.0,0.0,0.0,0.1808363735831388,0.1808363735831388,-0.1808363735831388,False,1.0,0.0,-0.0021442617119180607,0.00038776051199643517,0.0,1.5482566231433118e-07,0.00038760568633412084,1.0595091894658264,1.0599198612523866,-0.01389984307691794,0.9999480246450848,0.0009041818679156941,0.9990438427771691,False,False,False,-1.0
2022-04-16,2022-04-17 00:00:00,-0.17762004802915365,0.0,0.0,-0.17762004802915365,0.0,0.0,0.0,0.17762004802915365,0.17762004802915365,-0.17762004802915365,False,1.0,0.0,-0.0012674438998884208,0.00022512344637243913,0.0,1.5207195892906988e-07,0.00022497137441351007,1.060374311916973,1.0606128657833178,-0.01325510388324691,0.9998076407035925,0.0008881002401457682,0.9989195404634468,False,False,False,-1.0
2022-04-17,2022-04-18 00:00:00,-0.1849789167418962,0.0,0.0,-0.1849789167418962,0.0,0.0,0.0,0.1849789167418962,0.1849789167418962,-0.1849789167418962,False,1.0,0.0,-0.0007936378864511484,0.00014680627652106145,0.0,1.5837236022422618e-07,0.00014664790416083723,1.0569388502182835,1.0570938480854941,-0.01652903432921371,0.999748947294405,0.000924894583709481,0.9988240527106955,False,False,False,-1.0
2022-04-18,2022-04-19 00:00:00,-0.18907159171503632,0.0,0.0,-0.18907159171503632,0.0,0.0,0.0,0.18907159171503632,0.18907159171503632,-0.18907159171503632,False,1.0,0.0,0.0004566554963467695,-8.634058155970366e-05,0.0,1.6187636276972288e-07,-8.650245792247338e-05,1.067682156482358,1.0675897993515422,-0.006764089290559938,0.9997810653718656,0.0009453579585751817,0.9988357074132904,False,False,False,-1.0
2022-04-19,2022-04-20 00:00:00,-0.19199788818018917,0.0,0.0,-0.19199788818018917,0.0,0.0,0.0,0.19199788818018917,0.19199788818018917,-0.19199788818018917,False,1.0,0.0,-0.0005878819224702792,0.0001128720876136033,0.0,1.643817535789291e-07,0.00011270770586002438,1.0539740570649971,1.054092848063005,-0.019321025215775722,0.9998394709036041,0.0009599894409009459,0.9988794814627032,False,False,False,-1.0
2022-04-20,2022-04-21 00:00:00,-0.182716685682549,0.0,0.0,-0.182716685682549,0.0,0.0,0.0,0.182716685682549,0.182716685682549,-0.182716685682549,False,1.0,0.0,-0.00029640631768901304,5.415837998350516e-05,0.0,1.564355185638262e-07,5.4001944464941334e-05,1.0565143707173443,1.0565714245477182,-0.01701507289817905,0.999887360775285,0.0009135834284127451,0.9989737773468722,False,False,False,-1.0
2022-04-21,2022-04-22 00:00:00,-0.17370469037682065,0.0,0.0,-0.17370469037682065,0.0,0.0,0.0,0.17370469037682065,0.17370469037682065,-0.17370469037682065,False,1.0,0.0,-0.004723783641735979,0.0008205433748948386,0.0,1.4871976915823688e-07,0.0008203946551256803,1.0534879370937122,1.0543522129665435,-0.019079724168942325,0.9999642238881051,0.0008685234518841033,0.999095700436221,False,False,False,-1.0
2022-04-22,2022-04-23 00:00:00,-0.17623080657663076,0.0,0.0,-0.17623080657663076,0.0,0.0,0.0,0.17623080657663076,0.17623080657663076,-0.17623080657663076,False,1.0,0.0,-0.0010696997393452312,0.0001885140478596218,0.0,1.5088253987725237e-07,0.00018836316531974453,1.0635638405303374,1.0637641767818593,-0.010323270653418204,0.99960194130125,0.0008811540328831539,0.9987207872683669,False,False,False,-1.0
2022-04-23,2022-04-24 00:00:00,-0.17659430628522368,0.14376397476842787,0.0,-0.17659430628522368,0.14376397476842787,0.0,0.14376397476842787,0.17659430628522368,0.32035828105365155,-0.03283033151679582,True,1.0,0.0,0.0006613198729996661,-2.1711350669224347e-05,0.0,2.742793502171674e-07,-2.1985630019441514e-05,1.0626105385729296,1.062587176410774,-0.011418297072919747,0.9996100986935594,0.0016017914052682577,0.9980083072882912,False,False,False,-1.0
2022-04-24,2022-04-25 00:00:00,-0.16867112982714738,0.14376397476842787,0.0,-0.16867112982714738,0.14376397476842787,0.0,0.14376397476842787,0.16867112982714738,0.3124351045955752,-0.024907155058719516,True,1.0,0.0,0.0017861577874778156,-4.448810897204933e-05,0.0,2.674958087290884e-07,-4.475560478077842e-05,1.0627619953678706,1.06271443081203,-0.011299905494806084,0.999671742340661,0.0015621755229778761,0.9981095668176831,False,False,False,-1.0
2022-04-25,2022-04-26 00:00:00,-0.17095833269439942,0.0,0.0,-0.17095833269439942,0.0,0.0,0.0,0.17095833269439942,0.17095833269439942,-0.17095833269439942,False,1.0,0.0,-0.0021462810549822686,0.0003669246306533453,0.0,1.463684355260269e-07,0.00036677826221781924,1.0646424428288437,1.065032930533908,-0.009142881154429516,0.9999421685599706,0.0008547916634719971,0.9990873768964986,False,False,False,-1.0
2022-04-26,2022-04-27 00:00:00,-0.17091704097042756,0.0,0.0,-0.17091704097042756,0.0,0.0,0.0,0.17091704097042756,0.17091704097042756,-0.17091704097042756,False,1.0,0.0,-0.010411332401422668,0.0017794741266106981,0.0,1.4633308302262632e-07,0.0017793277935276755,1.06358040707216,1.065472865251115,-0.008733586348724898,0.999777493324077,0.0008545852048521378,0.9989229081192248,False,False,False,-1.0
2022-04-27,2022-04-28 00:00:00,-0.16922575069806742,0.0,0.0,-0.16922575069806742,0.0,0.0,0.0,0.16922575069806742,0.16922575069806742,-0.16922575069806742,False,1.0,0.0,0.0009148779406167318,-0.00015482090629796838,0.0,1.448850605291673e-07,-0.00015496579135849755,1.065028248631063,1.0648632056856946,-0.009300785261688316,0.9994544364259584,0.0008461287534903371,0.9986083076724681,False,False,False,-1.0
2022-04-28,2022-04-29 00:00:00,-0.1704486121122941,0.0,0.0,-0.1704486121122941,0.0,0.0,0.0,0.1704486121122941,0.1704486121122941,-0.1704486121122941,False,1.0,0.0,0.000519165873496652,-8.849110259357117e-05,0.0,1.4593203091806e-07,-8.863703462448923e-05,1.0632906508760744,1.0631964039458368,-0.010851500100913292,0.9990789566603121,0.0008522430605614705,0.9982267135997507,False,False,False,-1.0
2022-04-29,2022-04-30 00:00:00,-0.18320749450415363,0.0,0.0,-0.18320749450415363,0.0,0.0,0.0,0.18320749450415363,0.18320749450415363,-0.18320749450415363,False,1.0,0.0,-0.0003919112321059126,7.180107490216006e-05,0.0,1.5685573159602192e-07,7.164421917056404e-05,1.0652911437594044,1.0653674657115884,-0.008831645179648184,0.9996658399297681,0.0009160374725207681,0.9987498024572473,False,False,False,-1.0
2022-04-30,2022-05-01 00:00:00,-0.1838336869124526,0.0,0.0,-0.1838336869124526,0.0,0.0,0.0,0.1838336869124526,0.1838336869124526,-0.1838336869124526,False,1.0,0.0,0.00036952026321213083,-6.793027237514594e-05,0.0,1.5739185523326423e-07,-6.80876642303792e-05,1.068205365461653,1.0681326338534003,-0.006259061309639713,0.9993832447512011,0.0009191684345622631,0.9984640763166388,False,False,False,-1.0
2022-05-01,2022-05-02 00:00:00,-0.18368297637047165,0.0,0.0,-0.18368297637047165,0.0,0.0,0.0,0.18368297637047165,0.18368297637047165,-0.18368297637047165,False,1.0,0.0,0.005168356620188552,-0.0009493391269402646,0.0,1.5726282223499287e-07,-0.0009494963897624996,1.069496843456077,1.068481360064353,-0.005934622657327582,0.9981570853604905,0.0009184148818523583,0.9972386704786381,False,False,False,-1.0
2022-05-02,2022-05-03 00:00:00,-0.1834364947731065,0.0,0.0,-0.1834364947731065,0.0,0.0,0.0,0.1834364947731065,0.1834364947731065,-0.1834364947731065,False,1.0,0.0,0.0034163473818644707,-0.0006266827886564981,0.0,1.5705179347012543e-07,-0.0006268398404499682,1.0674810868303546,1.0668119471562025,-0.007487766806123397,0.9993197977621774,0.0009171824738655325,0.9984026152883119,False,False,False,-1.0
2022-05-03,2022-05-04 00:00:00,-0.18698271260779334,0.0,0.0,-0.18698271260779334,0.0,0.0,0.0,0.18698271260779334,0.18698271260779334,-0.18698271260779334,False,1.0,0.0,0.0002976580688369701,-5.565691314073395e-05,0.0,1.6008793887653538e-07,-5.5817001079610486e-05,1.0671727533772424,1.067113186994515,-0.007207507266991486,0.9997646231958116,0.0009349135630389667,0.9988297096327726,False,False,False,-1.0
2022-05-04,2022-05-05 00:00:00,-0.18700464751569906,0.0,0.0,-0.18700464751569906,0.0,0.0,0.0,0.18700464751569906,0.18700464751569906,-0.18700464751569906,False,1.0,0.0,0.00015828183311450417,-2.9599438409716556e-05,0.0,1.60106718763441e-07,-2.9759545128479995e-05,1.0656026715628197,1.0655709597120262,-0.008642323823288667,0.9994769164813757,0.0009350232375784953,0.9985418932437972,False,False,False,-1.0
2022-05-05,2022-05-06 00:00:00,-0.18822148533159583,0.0,0.0,-0.18822148533159583,0.0,0.0,0.0,0.18822148533159583,0.18822148533159583,-0.18822148533159583,False,1.0,0.0,-0.00605386123970042,0.0011394667545277892,0.0,1.6114853196198273e-07,0.0011393056059958273,1.071481507494354,1.0727022523825631,-0.0020077006988840074,0.9994805968154228,0.0009411074266579792,0.9985394893887648,False,False,False,-1.0
2022-05-06,2022-05-07 00:00:00,-0.18831649347998206,0.0,0.0,-0.18831649347998206,0.0,0.0,0.0,0.18831649347998206,0.18831649347998206,-0.18831649347998206,False,1.0,0.0,-0.004178752820102383,0.000786928078201267,0.0,1.6122987455477915e-07,0.0007867668483267122,1.0756338211278411,1.0764800941592436,-0.0031707242315460737,0.9994780105764246,0.0009415824673999103,0.9985364281090247,False,False,False,-1.0
2022-05-07,2022-05-08 00:00:00,-0.18574231957092968,0.0,0.0,-0.18574231957092968,0.0,0.0,0.0,0.18574231957092968,0.18574231957092968,-0.18574231957092968,False,1.0,0.0,0.0020133978414589304,-0.00037397318529168466,0.0,1.5902595853675484e-07,-0.0003741322112502214,1.076493732501033,1.0760909815204953,-0.0035310456828950842,0.999297517949538,0.0009287115978546484,0.9983688063516833,False,False,False,-1.0
2022-05-08,2022-05-09 00:00:00,-0.19602375428793198,0.0,0.0,-0.19602375428793198,0.0,0.0,0.0,0.19602375428793198,0.19602375428793198,-0.19602375428793198,False,1.0,0.0,-0.0062177761284770705,0.0012188318200259582,0.0,1.6782855675336642e-07,0.001218663991469205,1.0888739386957522,1.09020091015609,0.0,0.9998883961193266,0.0009801187714396599,0.9989082773478869,False,False,False,-1.0
2022-05-09,2022-05-10 00:00:00,-0.19643476064008816,0.0,0.0,-0.19643476064008816,0.0,0.0,0.0,0.19643476064008816,0.19643476064008816,-0.19643476064008816,False,1.0,0.0,0.0026852190894666172,-0.0005274703691055705,0.0,1.6818044575350012e-07,-0.000527638549551324,1.1023426180496863,1.10176097958959,-0.0005284631634421277,0.998950678373794,0.0009821738032004409,0.9979685045705936,False,False,False,-1.0
2022-05-10,2022-05-11 00:00:00,-0.18569198352237157,0.0,0.0,-0.18569198352237157,0.0,0.0,0.0,0.18569198352237157,0.18569198352237157,-0.18569198352237157,False,1.0,0.0,-0.002844794111191651,0.0005282554612199397,0.0,1.5898286260477019e-07,0.0005280964783573349,1.1018775762921864,1.1024594739598073,-0.01296565003850314,0.9999543828320472,0.0009284599176118579,0.9990259229144354,False,False,False,-1.0
2022-05-11,2022-05-12 00:00:00,-0.17864304776680148,0.0,0.0,-0.17864304776680148,0.0,0.0,0.0,0.17864304776680148,0.17864304776680148,-0.17864304776680148,False,1.0,0.0,-0.014942898644005886,0.0026694449562356167,0.0,1.5294781486883689e-07,0.002669292008420748,1.106339363030842,1.1092925058511816,-0.007627117142104289,0.9994171684383386,0.0008932152388340074,0.9985239531995046,False,False,False,-1.0
2022-05-12,2022-05-13 00:00:00,-0.18072728242425065,0.0,0.0,-0.18072728242425065,0.0,0.0,0.0,0.18072728242425065,0.18072728242425065,-0.18072728242425065,False,1.0,0.0,-0.01685253037548795,0.0030457120167340737,0.0,1.5473226234952966e-07,0.0030455572844717243,1.1315107380211362,1.1349568187917745,-0.017923012207805455,0.9995956749527208,0.0009036364121212532,0.9986920385405996,False,False,False,-1.0
2022-05-13,2022-05-14 00:00:00,-0.196703476391091,0.0,0.0,-0.196703476391091,0.0,0.0,0.0,0.196703476391091,0.196703476391091,-0.196703476391091,False,1.0,0.0,0.00193842045057524,-0.0003812940413357347,0.0,1.684105106088108e-07,-0.0003814624518463435,1.1213959996389518,1.120968229171439,-0.030027324662992183,0.999188287234844,0.000983517381955455,0.9982047698528885,False,False,False,-1.0
2022-05-14,2022-05-15 00:00:00,-0.14890318532985644,0.0,0.0,-0.14890318532985644,0.0,0.0,0.0,0.14890318532985644,0.14890318532985644,-0.14890318532985644,False,1.0,0.0,0.00044316532104016204,-6.598872793060858e-05,0.0,1.2748560387830175e-07,-6.611621353448687e-05,1.1311699364651455,1.1310951477920823,-0.021264512219461795,0.9995569136970228,0.0007445159266492822,0.9988123977703736,False,False,False,-1.0
2022-05-15,2022-05-16 00:00:00,-0.140248719332194,0.0,0.0,-0.140248719332194,0.0,0.0,0.0,0.140248719332194,0.140248719332194,-0.140248719332194,False,1.0,0.0,0.0035518274882253564,-0.0004981392565124896,0.0,1.2007595833235786e-07,-0.000498259332470822,1.1236877410008146,1.1231278530970779,-0.028158604263644027,0.9993495693604028,0.0007012435966609699,0.9986483257637417,False,False,False,-1.0
2022-05-16,2022-05-17 00:00:00,-0.13643689452888774,0.0,0.0,-0.13643689452888774,0.0,0.0,0.0,0.13643689452888774,0.13643689452888774,-0.13643689452888774,False,1.0,0.0,0.009167372170262533,-0.00125076778990117,0.0,1.1681240969939018e-07,-0.0012508846023108692,1.1279472515507278,1.1265363197015443,-0.025209261556960127,0.9983315093213887,0.0006821844726444387,0.9976493248487442,False,False,False,-1.0
2022-05-17,2022-05-18 00:00:00,-0.13120795732643586,0.0,0.0,-0.13120795732643586,0.0,0.0,0.0,0.13120795732643586,0.13120795732643586,-0.13120795732643586,False,1.0,0.0,0.0017252020430280623,-0.00022636023604110598,0.0,1.1233557990277043e-07,-0.00022647257162100874,1.1232962392194927,1.1230418434315046,-0.028233028340303723,0.9995815994535948,0.0006560397866321793,0.9989255596669626,False,False,False,-1.0
2022-05-18,2022-05-19 00:00:00,-0.131173985091926,0.0,0.0,-0.131173985091926,0.0,0.0,0.0,0.131173985091926,0.131173985091926,-0.131173985091926,False,1.0,0.0,-0.0015111832667085157,0.00019822793129839085,0.0,1.1230649408555307e-07,0.00019811562480430528,1.1304276616604123,1.1306516170428982,-0.021648298928295118,0.9999148371959555,0.0006558699254596299,0.9992589672704959,False,False,False,-1.0
2022-05-19,2022-05-20 00:00:00,-0.13067404828530024,0.0,0.0,-0.13067404828530024,0.0,0.0,0.0,0.13067404828530024,0.13067404828530024,-0.13067404828530024,False,1.0,0.0,-0.0006174547035229239,8.06853057421403e-05,0.0,1.1187846599768857e-07,8.057342727614261e-05,1.1253827012621815,1.1254733772034196,-0.02612902462588984,0.9989464607697646,0.0006533702414265012,0.998293090528338,False,False,False,-1.0
2022-05-20,2022-05-21 00:00:00,-0.13070859444099364,0.0,0.0,-0.13070859444099364,0.0,0.0,0.0,0.13070859444099364,0.13070859444099364,-0.13070859444099364,False,1.0,0.0,0.0010929743202108266,-0.00014286113715485766,0.0,1.1190804318578222e-07,-0.00014297304519804346,1.1301909142476392,1.130029327410974,-0.022186765517627438,0.9996801194718766,0.0006535429722049682,0.9990265764996716,False,False,False,-1.0
2022-05-21,2022-05-22 00:00:00,-0.13655112068900047,0.0,0.0,-0.13655112068900047,0.0,0.0,0.0,0.13655112068900047,0.13655112068900047,-0.13655112068900047,False,1.0,0.0,0.0018160571830374561,-0.00024798464357907385,0.0,1.1691020606934971e-07,-0.0002481015537851432,1.1285564684806202,1.1282764718672558,-0.02370350964736656,0.999388556043645,0.0006827556034450024,0.9987058004402,False,False,False,-1.0
2022-05-22,2022-05-23 00:00:00,-0.1361060650534128,0.0,0.0,-0.1361060650534128,0.0,0.0,0.0,0.1361060650534128,0.1361060650534128,-0.1361060650534128,False,1.0,0.0,0.003744718345114917,-0.0005096788786869192,0.0,1.1652916528545615e-07,-0.0005097954078522047,1.1268922620891448,1.1263177775887876,-0.0253983658261695,0.9988510618271634,0.000680530325267064,0.9981705315018964,False,False,False,-1.0
2022-05-23,2022-05-24 00:00:00,-0.13621793146944736,0.0,0.0,-0.13621793146944736,0.0,0.0,0.0,0.13621793146944736,0.13621793146944736,-0.13621793146944736,False,1.0,0.0,-0.0026414912111262234,0.0003598184687743394,0.0,1.1662494132658162e-07,0.00035970184383301283,1.1212904876721324,1.1216938179280205,-0.029399473445535174,0.9997499180768242,0.0006810896573472368,0.999068828419477,False,False,False,-1.0
2022-05-24,2022-05-25 00:00:00,-0.13729920942784216,0.0,0.0,-0.13729920942784216,0.0,0.0,0.0,0.13729920942784216,0.13729920942784216,-0.13729920942784216,False,1.0,0.0,0.006524415264669736,-0.0008957970578181003,0.0,1.1755069300328952e-07,-0.0008959146085111035,1.1305101215523874,1.1294972810194188,-0.022647144722309887,0.9982188519782206,0.0006864960471392108,0.9975323559310814,False,False,False,-1.0
2022-05-25,2022-05-26 00:00:00,-0.13504360653101505,0.0,0.0,-0.13504360653101505,0.0,0.0,0.0,0.13504360653101505,0.13504360653101505,-0.13504360653101505,False,1.0,0.0,0.0010396334782365457,-0.00014039585437144666,0.0,1.1561952613956768e-07,-0.00014051147389758622,1.1293911585387302,1.1292324661224369,-0.02287628878492487,0.9996124193510075,0.0006752180326550753,0.9989372013183525,False,False,False,-1.0
2022-05-26,2022-05-27 00:00:00,-0.13293404590380548,0.0,0.0,-0.13293404590380548,0.0,0.0,0.0,0.13293404590380548,0.13293404590380548,-0.13293404590380548,False,1.0,0.0,0.0011672628493046844,-0.00015516897319127568,0.0,1.1381339546558687e-07,-0.00015528278658674127,1.137236332189562,1.137059738962892,-0.016103357509913874,0.9994028074187947,0.0006646702295190274,0.9987381371892757,False,False,False,-1.0
2022-05-27,2022-05-28 00:00:00,-0.13289231322658787,0.0,0.0,-0.13289231322658787,0.0,0.0,0.0,0.13289231322658787,0.13289231322658787,-0.13289231322658787,False,1.0,0.0,-0.005107102593010171,0.0006786946774706268,0.0,1.1377766543372248e-07,0.000678580899805193,1.1440210970734819,1.14479740793893,-0.00940796036818825,0.9996500513278768,0.0006644615661329393,0.9989855897617438,False,False,False,-1.0
2022-05-28,2022-05-29 00:00:00,-0.13076751854820787,0.0,0.0,-0.13076751854820787,0.0,0.0,0.0,0.13076751854820787,0.13076751854820787,-0.13076751854820787,False,1.0,0.0,-0.0010851720971646328,0.00014190526234397375,0.0,1.119584919077122e-07,0.00014179330385206604,1.1419528334789637,1.142114754744066,-0.011729257465383336,0.9997211715518787,0.0006538375927410393,0.9990673339591376,False,False,False,-1.0
2022-05-29,2022-05-30 00:00:00,-0.1292495549347646,0.0,0.0,-0.1292495549347646,0.0,0.0,0.0,0.1292495549347646,0.1292495549347646,-0.1292495549347646,False,1.0,0.0,0.0003617502031367792,-4.675605275298939e-05,0.0,1.1065886552633954e-07,-4.686671161851573e-05,1.1419010378929628,1.141847520746323,-0.011960494773440966,0.9998430767334399,0.000646247774673823,0.999196828958766,False,False,False,-1.0
2022-05-30,2022-05-31 00:00:00,-0.1286151114326643,0.0,0.0,-0.1286151114326643,0.0,0.0,0.0,0.1286151114326643,0.1286151114326643,-0.1286151114326643,False,1.0,0.0,0.0008372930316287164,-0.00010768853656472066,0.0,1.1011567759645916e-07,-0.00010779865224231712,1.1327831221113358,1.1326610096174894,-0.0199095735651158,0.999638460233477,0.0006430755571633215,0.9989953846763137,False,False,False,-1.0
2022-05-31,2022-06-01 00:00:00,-0.12826170352800598,0.0,0.0,-0.12826170352800598,0.0,0.0,0.0,0.12826170352800598,0.12826170352800598,-0.12826170352800598,False,1.0,0.0,0.012478853718688176,-0.0016005590360357379,0.0,1.0981310233562155e-07,-0.0016006688491380734,1.1288073048430993,1.1270004581535573,-0.02480764302370464,0.9978150519437504,0.0006413085176400298,0.9971737434261104,False,False,False,-1.0
2022-06-01,2022-06-02 00:00:00,-0.12139032817507517,0.0,0.0,-0.12139032817507517,0.0,0.0,0.0,0.12139032817507517,0.12139032817507517,-0.12139032817507517,False,1.0,0.0,-0.0031472533062053554,0.00038204611169035844,0.0,1.0393007549235888e-07,0.0003819421816148661,1.1340259220544904,1.1344590543891677,-0.018353727242111928,0.9995914797720736,0.0006069516408753759,0.9989845281311982,False,False,False,-1.0
2022-06-02,2022-06-03 00:00:00,-0.11880336256337229,0.0,0.0,-0.11880336256337229,0.0,0.0,0.0,0.11880336256337229,0.11880336256337229,-0.11880336256337229,False,1.0,0.0,-0.002766722476875483,0.00032869593353246937,0.0,1.0171520767412011e-07,0.00032859421832479523,1.1386229049333527,1.138997049836766,-0.014427004369486296,0.9997846807092651,0.0005940168128168615,0.9991906638964482,False,False,False,-1.0
2022-06-03,2022-06-04 00:00:00,-0.11745477369028634,0.0,0.0,-0.11745477369028634,0.0,0.0,0.0,0.11745477369028634,0.11745477369028634,-0.11745477369028634,False,1.0,0.0,-0.0005498367495011536,6.458095097926065e-05,0.0,1.0056059391291639e-07,6.448039038534774e-05,1.1428226338683594,1.1428963235179324,-0.011052966795568886,0.9999086871684353,0.0005872738684514317,0.9993214132999838,False,False,False,-1.0
2022-06-04,2022-06-05 00:00:00,-0.11716302219898274,0.0,0.0,-0.11716302219898274,0.0,0.0,0.0,0.11716302219898274,0.11716302219898274,-0.11716302219898274,False,1.0,0.0,0.0008159774002398645,-9.560237825817147e-05,0.0,1.0031080667721125e-07,-9.570268906484868e-05,1.1417992056399622,1.1416899323856102,-0.012096855822634645,0.9998278154083287,0.0005858151109949137,0.9992420002973338,False,False,False,-1.0
2022-06-05,2022-06-06 00:00:00,-0.11746536217883544,0.0,0.0,-0.11746536217883544,0.0,0.0,0.0,0.11746536217883544,0.11746536217883544,-0.11746536217883544,False,1.0,0.0,0.004808812273286778,-0.0005648688753316603,0.0,1.0056965939968788e-07,-0.00056496944499106,1.1398110325324105,1.1391670741259659,-0.014279882523946297,0.9992890898075184,0.0005873268108941772,0.9987017629966243,False,False,False,-1.0
2022-06-06,2022-06-07 00:00:00,-0.11735802395629033,0.0,0.0,-0.11735802395629033,0.0,0.0,0.0,0.11735802395629033,0.11735802395629033,-0.11735802395629033,False,1.0,0.0,0.0006629400596116497,-7.780133539748852e-05,0.0,1.0047776023654994e-07,-7.790181315772507e-05,1.1337619806839434,1.133673658569959,-0.01903332945039171,0.9995380707953203,0.0005867901197814517,0.9989512806755388,False,False,False,-1.0
2022-06-07,2022-06-08 00:00:00,-0.11638642408572805,0.0,0.0,-0.11638642408572805,0.0,0.0,0.0,0.11638642408572805,0.11638642408572805,-0.11638642408572805,False,1.0,0.0,0.0013094595809730603,-0.00015240331811425034,0.0,9.96459110323014e-08,-0.00015250296402528264,1.1412424419460947,1.1410683990910264,-0.01263466795403112,0.9996780873390151,0.0005819321204286403,0.9990961552185864,False,False,False,-1.0
2022-06-08,2022-06-09 00:00:00,-0.1139329921395755,0.0,0.0,-0.1139329921395755,0.0,0.0,0.0,0.1139329921395755,0.1139329921395755,-0.1139329921395755,False,1.0,0.0,0.001959831730503847,-0.00022328949314638546,0.0,9.754536998251327e-08,-0.00022338703851636796,1.1387606172639015,1.138506232902032,-0.01485170776686684,0.9996074161342826,0.0005696649606978775,0.9990377511735847,False,False,False,-1.0
2022-06-09,2022-06-10 00:00:00,-0.11486079799113558,0.0,0.0,-0.11486079799113558,0.0,0.0,0.0,0.11486079799113558,0.11486079799113558,-0.11486079799113558,False,1.0,0.0,0.00037248710193926726,-4.2784165770149705e-05,0.0,9.833972430747908e-08,-4.2882505494457186e-05,1.1396169827902847,1.1395681131587585,-0.013932863854345001,0.9997898122492552,0.0005743039899556779,0.9992155082592995,False,False,False,-1.0
2022-06-10,2022-06-11 00:00:00,-0.11595653439691651,0.0,0.0,-0.11595653439691651,0.0,0.0,0.0,0.11595653439691651,0.11595653439691651,-0.11595653439691651,False,1.0,0.0,-0.002379769647539831,0.0002759498409916903,0.0,9.927785479188056e-08,0.0002758505631368984,1.1445729641280422,1.1448886952247481,-0.009328969572066637,0.9997494025655168,0.0005797826719845826,0.9991696198935323,False,False,False,-1.0
2022-06-11,2022-06-12 00:00:00,-0.11595703031159774,0.0,0.0,-0.11595703031159774,0.0,0.0,0.0,0.11595703031159774,0.11595703031159774,-0.11595703031159774,False,1.0,0.0,0.009381237524950015,-0.001087820444040927,0.0,9.927827937636792e-08,-0.0010879197223203035,1.1631957518467975,1.1619302882474443,-0.001087919722320252,0.998466151046009,0.0005797851515579887,0.997886365894451,False,False,False,-1.0
2022-06-12,2022-06-13 00:00:00,-0.11601234455937118,0.0,0.0,-0.11601234455937118,0.0,0.0,0.0,0.11601234455937118,0.11601234455937118,-0.11601234455937118,False,1.0,0.0,-0.003915171288743857,0.00045420820055870967,0.0,9.932563746521504e-08,0.00045410887492124445,1.1602707548349662,1.1607976440820484,-0.0076416613309354675,0.9998530400228485,0.0005800617227968559,0.9992729783000516,False,False,False,-1.0
2022-06-13,2022-06-14 00:00:00,-0.11863959432112607,0.0,0.0,-0.11863959432112607,0.0,0.0,0.0,0.11863959432112607,0.11863959432112607,-0.11863959432112607,False,1.0,0.0,-0.010613814857731496,0.001259218688920805,0.0,1.015749951379504e-07,0.001259117113925667,1.1884437430072254,1.1899401328629835,-0.004518325796964984,0.9998299659559919,0.0005931979716056303,0.9992367679843863,False,False,False,-1.0
2022-06-14,2022-06-15 00:00:00,-0.1237886076956154,0.0,0.0,-0.1237886076956154,0.0,0.0,0.0,0.1237886076956154,0.1237886076956154,-0.1237886076956154,False,1.0,0.0,0.008689898900247961,-0.0010757104858773545,0.0,1.0598339699967072e-07,-0.0010758164692743542,1.1876433050406336,1.1863656188134475,-0.017062770346492284,0.9976966550375566,0.000618943038478077,0.9970777119990785,False,False,False,-1.0
2022-06-15,2022-06-16 00:00:00,-0.09429855755806217,0.0,0.0,-0.09429855755806217,0.0,0.0,0.0,0.09429855755806217,0.09429855755806217,-0.09429855755806217,False,1.0,0.0,0.009653344870477643,-0.0009102964968965601,0.0,8.073506640245049e-08,-0.0009103772319629626,1.1995559259554056,1.1984638775519496,-0.009050526671447234,0.9986094009932971,0.00047149278779031085,0.9981379082055067,False,False,False,-1.0
2022-06-16,2022-06-17 00:00:00,-0.09594665873488069,0.01962124288113944,0.0,-0.09594665873488069,0.01962124288113944,0.0,0.01962124288113944,0.09594665873488069,0.11556790161602012,-0.07632541585374125,True,1.0,0.0,-0.005167059327479073,0.0003943779519107929,0.0,9.894512124659258e-08,0.0003942790067895463,1.19610195761318,1.1965735555050465,-0.010613538850526183,0.9996196216285752,0.0005778395080801006,0.9990417821204951,False,False,False,-1.0
2022-06-17,2022-06-18 00:00:00,-0.09172049134812896,0.01962124288113944,0.0,-0.09172049134812896,0.01962124288113944,0.0,0.01962124288113944,0.09172049134812896,0.1113417342292684,-0.07209924846698952,True,1.0,0.0,0.008433443671662877,-0.0006080449507155822,0.0,9.532682725108595e-08,-0.0006081402775428333,1.1994395594514138,1.1987101319448332,-0.008846911305557925,0.9990017185340277,0.000556708671146342,0.9984450098628814,False,False,False,-1.0
2022-06-18,2022-06-19 00:00:00,-0.09249419190696827,0.0,0.0,-0.09249419190696827,0.0,0.0,0.0,0.09249419190696827,0.09249419190696827,-0.09249419190696827,False,1.0,0.0,-0.002940228773964826,0.00027195408446949263,0.0,7.919023279706187e-08,0.00027187489423669556,1.2067716110692694,1.2070997019733969,-0.0019099980143203465,0.9997987492952282,0.0004624709595348413,0.9993362783356933,False,False,False,-1.0
2022-06-19,2022-06-20 00:00:00,-0.09297793490785489,0.0,0.0,-0.09297793490785489,0.0,0.0,0.0,0.09297793490785489,0.09297793490785489,-0.09297793490785489,False,1.0,0.0,0.016762161341731696,-0.0015585111461464912,0.0,7.960439632521822e-08,-0.0015585907505428164,1.1992952419549268,1.1974260314836458,-0.016860358007073195,0.9978090082920226,0.00046488967453927444,0.9973441186174833,False,False,False,-1.0
2022-06-20,2022-06-21 00:00:00,-0.09216504288364288,0.0,0.0,-0.09216504288364288,0.0,0.0,0.0,0.09216504288364288,0.09216504288364288,-0.09216504288364288,False,1.0,0.0,0.005300854519022735,-0.0004885534840656826,0.0,7.890842712640657e-08,-0.000488632392492809,1.1912865138992565,1.1907044127198254,-0.02237910379288799,0.9992262419119571,0.0004608252144182144,0.9987654166975388,False,False,False,-1.0
2022-06-21,2022-06-22 00:00:00,-0.08768257009695479,0.0,0.0,-0.08768257009695479,0.0,0.0,0.0,0.08768257009695479,0.08768257009695479,-0.08768257009695479,False,1.0,0.0,-0.000803803529894731,7.047955935417446e-05,0.0,7.507069357615993e-08,7.04044886605983e-05,1.187327592529627,1.1874111857216516,-0.02508298856477198,0.9997195062569824,0.00043841285048477397,0.9992810934064976,False,False,False,-1.0
2022-06-22,2022-06-23 00:00:00,-0.08575040597555274,0.0,0.0,-0.08575040597555274,0.0,0.0,0.0,0.08575040597555274,0.08575040597555274,-0.08575040597555274,False,1.0,0.0,-0.013960228940416819,0.0011970952991524027,0.0,7.34164434722198e-08,0.0011970218827089304,1.1943105802267397,1.195740196126022,-0.018244503270643087,0.9997914967187238,0.0004287520298777637,0.999362744688846,False,False,False,-1.0
2022-06-23,2022-06-24 00:00:00,-0.08522510000460953,0.0,0.0,-0.08522510000460953,0.0,0.0,0.0,0.08522510000460953,0.08522510000460953,-0.08522510000460953,False,1.0,0.0,0.0016850588396903898,-0.00014360930812626476,0.0,7.296669520942597e-08,-0.00014368227482147418,1.1939911897105882,1.1938196343403338,-0.01982136929556766,0.9995495869746697,0.00042612550002304767,0.9991234614746466,False,False,False,-1.0
2022-06-24,2022-06-25 00:00:00,-0.08463695108417124,0.0,0.0,-0.08463695108417124,0.0,0.0,0.0,0.08463695108417124,0.08463695108417124,-0.08463695108417124,False,1.0,0.0,0.0017140468227423433,-0.00014507169709242286,0.0,7.246314305151647e-08,-0.00014514416023547438,1.1846836974011503,1.1845117474807463,-0.027463555379919957,0.9994656390914678,0.0004231847554208562,0.999042454336047,False,False,False,-1.0
2022-06-25,2022-06-26 00:00:00,0.08445367996225432,0.0,0.0,0.08445367996225432,0.0,0.0,0.08445367996225432,0.0,0.08445367996225432,0.08445367996225432,False,1.0,0.0,-0.011371036417372027,-0.0009603258704318761,0.0,7.230623284439582e-08,-0.0009603981766647205,1.185342745909826,1.1842043448979316,-0.027715946473206632,0.9988520491937207,0.0004222683998112716,0.9984297807939094,False,False,False,1.0
2022-06-26,2022-06-27 00:00:00,0.0805173373745487,0.0,-0.24229957864776583,0.0805173373745487,0.0,-0.24229957864776583,0.0805173373745487,0.24229957864776583,0.32281691602231455,-0.1617822412732171,True,1.0,0.0,0.0007608482230512248,-0.00012309173079397176,0.0,2.763843459095159e-07,-0.00012336811513988127,1.1913782124170864,1.1912312343326017,-0.021946559987959025,0.9993298616448131,0.0016140845801115727,0.9977157770647015,False,False,False,1.0
2022-06-27,2022-06-28 00:00:00,0.08097727480270461,0.0,-0.08861747526274397,0.08097727480270461,0.0,-0.08861747526274397,0.08097727480270461,0.08861747526274397,0.16959475006544858,-0.007640200460039354,True,1.0,0.0,-0.0009338324990536551,7.134667488869435e-06,0.0,1.4520098464507583e-07,6.989466504224359e-06,1.1925011979463638,1.1925095328935431,-0.020897020428503388,0.999524606978608,0.000847973750327243,0.9986766332282808,False,False,False,1.0
2022-06-28,2022-06-29 00:00:00,0.08079250442055816,0.0,-0.08861747526274397,0.08079250442055816,0.0,-0.08861747526274397,0.08079250442055816,0.08861747526274397,0.16940997968330213,-0.007824970842185808,True,1.0,0.0,-0.0009447888987305086,7.39294558458707e-06,0.0,1.4504279082474499e-07,7.247902793762325e-06,1.1924991347809086,1.1925077778987192,-0.020898461356742448,0.9995205414042505,0.0008470498984165107,0.998673491505834,False,False,False,1.0
2022-06-29,2022-06-30 00:00:00,0.08098985094022727,0.0,0.0,0.08098985094022727,0.0,0.0,0.08098985094022727,0.0,0.08098985094022727,0.08098985094022727,False,1.0,0.0,0.0026903489355574184,0.00021789095926799443,0.0,6.93406258049891e-08,0.00021782161864218944,1.1899484519125318,1.1902076484104283,-0.02278696922461787,0.9999613078471963,0.00040494925470113636,0.9995563585924951,False,False,False,1.0
2022-06-30,2022-07-01 00:00:00,0.08102414522016928,0.0,0.0,0.08102414522016928,0.0,0.0,0.08102414522016928,0.0,0.08102414522016928,0.08102414522016928,False,1.0,0.0,-0.0009586335115036038,-7.767246084898881e-05,0.0,6.936998734603534e-08,-7.774183083633484e-05,1.1830260456098984,1.1829340749991857,-0.028758894146508895,0.9995550792633321,0.0004051207261008464,0.9991499585372312,False,False,False,1.0
2022-07-01,2022-07-02 00:00:00,-0.08237834024483565,0.0,0.0,-0.08237834024483565,0.0,0.0,0.0,0.08237834024483565,0.08237834024483565,-0.08237834024483565,False,1.0,0.0,-0.0016060462919226248,0.00013230342788495862,0.0,7.052940089455106e-08,0.00013223289848406406,1.179601548672276,1.1797575308041133,-0.03136697718513193,0.9998901954510004,0.00041189170122417823,0.9994783037497763,False,False,False,-1.0
2022-07-02,2022-07-03 00:00:00,-0.0824116316617955,0.0,0.0,-0.0824116316617955,0.0,0.0,0.0,0.0824116316617955,0.0824116316617955,-0.0824116316617955,False,1.0,0.0,0.004072018462360161,-0.0003355816856400565,0.0,7.055790382003039e-08,-0.00033565224354387656,1.1803934610816784,1.1799972593682018,-0.031170149449241347,0.9994678713597113,0.00041205815830897756,0.9990558132014022,False,False,False,-1.0
2022-07-03,2022-07-04 00:00:00,-0.08212568557437573,0.0,0.0,-0.08212568557437573,0.0,0.0,0.0,0.08212568557437573,0.08212568557437573,-0.08212568557437573,False,1.0,0.0,-0.0026867683777804796,0.00022065269500477522,0.0,7.031308696436278e-08,0.00022058238191781086,1.1799132239412369,1.1801734920106304,-0.03102545466857909,0.9999687420268416,0.0004106284278718787,0.9995581135989697,False,False,False,-1.0
2022-07-04,2022-07-05 00:00:00,-0.08214410052852977,0.0,0.0,-0.08214410052852977,0.0,0.0,0.0,0.08214410052852977,0.08214410052852977,-0.08214410052852977,False,1.0,0.0,0.001044301803221126,-8.578323230592108e-05,0.0,7.03288531922344e-08,-8.585356115911332e-05,1.1746723236362762,1.1745714738340969,-0.03562495893832596,0.999789908654122,0.00041072050264264886,0.9993791881514793,False,False,False,-1.0
2022-07-05,2022-07-06 00:00:00,-0.08211057727077745,0.0,0.0,-0.08211057727077745,0.0,0.0,0.0,0.08211057727077745,0.08211057727077745,-0.08211057727077745,False,1.0,0.0,0.004520895357812416,-0.0003712133276107554,0.0,7.03001517729259e-08,-0.0003712836277625283,1.1765365874623956,1.1760997586900073,-0.03437016959301553,0.9995079965909006,0.0004105528863538872,0.9990974437045468,False,False,False,-1.0
2022-07-06,2022-07-07 00:00:00,-0.08055385798364326,0.0,0.0,-0.08055385798364326,0.0,0.0,0.0,0.08055385798364326,0.08055385798364326,-0.08055385798364326,False,1.0,0.0,0.0032579057332058348,-0.00026243687575676,0.0,6.896734416407813e-08,-0.00026250584310092404,1.1728479500261981,1.1725400705862472,-0.037292830697685964,0.9995620608106052,0.0004027692899182163,0.9991592915206869,False,False,False,-1.0
2022-07-07,2022-07-08 00:00:00,-0.08093745864227261,0.0,0.0,-0.08093745864227261,0.0,0.0,0.0,0.08093745864227261,0.08093745864227261,-0.08093745864227261,False,1.0,0.0,0.0023087667406129775,-0.00018686571258301742,0.0,6.929576938550736e-08,-0.00018693500835240294,1.1656954334103116,1.1654775241247306,-0.043091493176345086,0.9997552097710258,0.0004046872932113631,0.9993505224778144,False,False,False,-1.0
2022-07-08,2022-07-09 00:00:00,-0.08109972802683195,0.0,0.0,-0.08109972802683195,0.0,0.0,0.0,0.08109972802683195,0.08109972802683195,-0.08109972802683195,False,1.0,0.0,-0.0006711735023937626,5.443198850295039e-05,0.0,6.943469865310955e-08,5.436255380429728e-05,1.1640381868932876,1.1641014669818528,-0.044221296847920866,0.9998451600919677,0.0004054986401341598,0.9994396614518335,False,False,False,-1.0
2022-07-09,2022-07-10 00:00:00,-0.07921790208426321,0.0,0.0,-0.07921790208426321,0.0,0.0,0.0,0.07921790208426321,0.07921790208426321,-0.07921790208426321,False,1.0,0.0,0.0005269788467396896,-4.174615868150269e-05,0.0,6.782354630501987e-08,-4.181398222780771e-05,1.1656445781669207,1.1655958379252453,-0.042994352322194174,0.9998733891329503,0.0003960895104213161,0.999477299622529,False,False,False,-1.0
2022-07-10,2022-07-11 00:00:00,-0.07931608513268079,0.0,0.0,-0.07931608513268079,0.0,0.0,0.0,0.07931608513268079,0.07931608513268079,-0.07931608513268079,False,1.0,0.0,0.0014201244545430924,-0.0001126387121355418,0.0,6.790760713414451e-08,-0.00011270661974267593,1.1696918793078344,1.169560047289977,-0.03973956140137347,0.999834045989066,0.00039658042566340394,0.9994374655634026,False,False,False,-1.0
2022-07-11,2022-07-12 00:00:00,-0.07931677462901597,0.0,0.0,-0.07931677462901597,0.0,0.0,0.0,0.07931677462901597,0.07931677462901597,-0.07931677462901597,False,1.0,0.0,0.002252607590498723,-0.00017866956858319792,0.0,6.79081974563493e-08,-0.00017873747678065426,1.1713202191358882,1.1711108603154177,-0.0384662754341889,0.9997844162697761,0.0003965838731450799,0.999387832396631,False,False,False,-1.0
2022-07-12,2022-07-13 00:00:00,-0.0792749347575529,0.0,0.0,-0.0792749347575529,0.0,0.0,0.0,0.0792749347575529,0.0792749347575529,-0.0792749347575529,False,1.0,0.0,6.505213463947612e-05,-5.157003729384017e-06,0.0,6.787237564858981e-08,-5.224876105032607e-06,1.1767006568870542,1.1766945087719092,-0.03388185351567774,0.9998083862748192,0.0003963746737877645,0.9994120116010314,False,False,False,-1.0
2022-07-13,2022-07-14 00:00:00,-0.08388480440856598,0.0,0.0,-0.08388480440856598,0.0,0.0,0.0,0.08388480440856598,0.08388480440856598,-0.08388480440856598,False,1.0,0.0,0.0016154325769457412,-0.00013551024575231922,0.0,7.181918185664895e-08,-0.00013558206493417588,1.177961896402908,1.17780218589658,-0.03297240168887616,0.9995204913464314,0.0004194240220428299,0.9991010673243885,False,False,False,-1.0
2022-07-14,2022-07-15 00:00:00,-0.08309352957051587,0.0,0.0,-0.08309352957051587,0.0,0.0,0.0,0.08309352957051587,0.08309352957051587,-0.08309352957051587,False,1.0,0.0,0.007629206438908964,-0.0006339376908310521,0.0,7.114172052270193e-08,-0.0006340088325515748,1.1712656657246396,1.1705230729473057,-0.03894887481607934,0.9988024909978208,0.00041546764785257935,0.9983870233499682,False,False,False,-1.0
2022-07-15,2022-07-16 00:00:00,-0.10415552420802773,0.0,0.0,-0.10415552420802773,0.0,0.0,0.0,0.10415552420802773,0.10415552420802773,-0.10415552420802773,False,1.0,0.0,-0.004350092867151045,0.00045308620293171945,0.0,8.917425017810593e-08,0.00045299702868154137,1.161389017141721,1.1619151229156295,-0.046016381860292666,0.9996825807884905,0.0005207776210401386,0.9991618031674503,False,False,False,-1.0
2022-07-16,2022-07-17 00:00:00,-0.10052661742211152,0.0,0.0,-0.10052661742211152,0.0,0.0,0.0,0.10052661742211152,0.10052661742211152,-0.10052661742211152,False,1.0,0.0,0.008483026034660224,-0.0008527699127681001,0.0,8.606730943673933e-08,-0.0008528559800775368,1.1578840011927498,1.1568964928980965,-0.05013689869306859,0.9988703119960015,0.0005026330871105576,0.998367678908891,False,False,False,-1.0
2022-07-17,2022-07-18 00:00:00,-0.10541387073428775,0.0,0.0,-0.10541387073428775,0.0,0.0,0.0,0.10541387073428775,0.10541387073428775,-0.10541387073428775,False,1.0,0.0,0.0010218588946151463,-0.00010771810142564321,0.0,9.025160165606827e-08,-0.00010780835302729927,1.1495295807200825,1.149405651829229,-0.056287209954923645,0.9997875958093565,0.0005270693536714387,0.9992605264556851,False,False,False,-1.0
2022-07-18,2022-07-19 00:00:00,0.1044421340562656,0.0,0.0,0.1044421340562656,0.0,0.0,0.1044421340562656,0.0,0.1044421340562656,0.1044421340562656,False,1.0,0.0,0.02113673750293743,0.0022075659717938874,0.0,8.941963532214519e-08,0.0022074765521585653,1.1614456359834917,1.164009499991532,-0.04429680580760764,0.9995258589294965,0.000522210670281328,0.9990036482592152,False,False,False,1.0
2022-07-19,2022-07-20 00:00:00,0.10328802126467232,0.0,0.0,0.10328802126467232,0.0,0.0,0.10328802126467232,0.0,0.10328802126467232,0.10328802126467232,False,1.0,0.0,0.012388705498638686,0.0012796048769851554,0.0,8.843152505537014e-08,0.0012795164454601,1.1642660305833894,1.1657557281164115,-0.04286307541558931,0.9999992323726803,0.0005164401063233616,0.999482792266357,False,False,False,1.0
2022-07-20,2022-07-21 00:00:00,0.10255807150926216,0.0,0.0,0.10255807150926216,0.0,0.0,0.10255807150926216,0.0,0.10255807150926216,0.10255807150926216,False,1.0,0.0,0.00038845657431441083,3.9839357126780353e-05,0.0,8.780656807299842e-08,3.9751550558707354e-05,1.1702567143065197,1.1703032338254653,-0.03912937244170256,0.9996342897062523,0.0005127903575463109,0.9991214993487061,False,False,False,1.0
2022-07-21,2022-07-22 00:00:00,0.10554466859365128,0.0,0.0,0.10554466859365128,0.0,0.0,0.10554466859365128,0.0,0.10554466859365128,0.10554466859365128,False,1.0,0.0,0.0005233035690628274,5.523190177061102e-05,0.0,9.036358612470143e-08,5.5141538184486315e-05,1.16361389440388,1.1636780578638704,-0.04456893442863563,0.9997069708156304,0.0005277233429682563,0.9991792474726622,False,False,False,1.0
2022-07-22,2022-07-23 00:00:00,0.10656509054800878,0.0,0.0,0.10656509054800878,0.0,0.0,0.10656509054800878,0.0,0.10656509054800878,0.10656509054800878,False,1.0,0.0,0.0011442447666696332,0.00012193654716923464,0.0,9.123723505822669e-08,0.00012184530993417641,1.1688733387439045,1.1690157604781375,-0.040186444905877194,0.9998583268829963,0.0005328254527400439,0.9993255014302562,False,False,False,1.0
2022-07-23,2022-07-24 00:00:00,0.10382145278038885,0.0,0.0,0.10382145278038885,0.0,0.0,0.10382145278038885,0.0,0.10382145278038885,0.10382145278038885,False,1.0,0.0,0.001636145005815326,0.00016986695146312488,0.0,8.888823012019593e-08,0.00016977806323300467,1.1649880750613297,1.1651858644804032,-0.04333095862203329,0.9997017912009691,0.0005191072639019442,0.9991826839370672,False,False,False,1.0
2022-07-24,2022-07-25 00:00:00,0.10964071489572187,0.0,0.0,0.10964071489572187,0.0,0.0,0.10964071489572187,0.0,0.10964071489572187,0.10964071489572187,False,1.0,0.0,0.003934213966459543,0.00043135003183535786,0.0,9.387047508195366e-08,0.0004312561613602759,1.1720123165698966,1.1725177541026073,-0.037311153516097706,0.9999582726612624,0.0005482035744786094,0.9994100690867838,False,False,False,1.0
2022-07-25,2022-07-26 00:00:00,0.1081078744297065,0.0,-0.04581946250858559,0.1081078744297065,0.0,-0.04581946250858559,0.1081078744297065,0.04581946250858559,0.15392733693829208,0.06228841192112091,True,1.0,0.0,-0.0010929963152280786,-6.808100471119388e-05,0.0,1.3178710354305828e-07,-6.821279181473694e-05,1.1671917591365464,1.1671121417280725,-0.04174939995046645,0.9995290193767618,0.0007696366846914604,0.9987593826920703,False,False,False,1.0
2022-07-26,2022-07-27 00:00:00,0.11165950677147057,0.0,-0.04581946250858559,0.11165950677147057,0.0,-0.04581946250858559,0.11165950677147057,0.04581946250858559,0.15747896928005617,0.06584004426288498,True,1.0,0.0,-0.005810111045747357,-0.0003825379684242829,0.0,1.3482788465758235e-07,-0.00038267279630894047,1.1593246380682654,1.1588809960671858,-0.048507533969157524,0.9988379013611547,0.0007873948464002809,0.9980505065147544,False,False,False,1.0
2022-07-27,2022-07-28 00:00:00,0.10865349335954226,0.0,0.0,0.10865349335954226,0.0,0.0,0.10865349335954226,0.0,0.10865349335954226,0.10865349335954226,False,1.0,0.0,0.0021133396150223582,0.0002296217318272894,0.0,9.302525116399166e-08,0.0002295287065761254,1.1693843904704528,1.1696527977570879,-0.0396634091726491,0.9999662681223156,0.0005432674667977113,0.9994230006555179,False,False,False,1.0
2022-07-28,2022-07-29 00:00:00,0.10004160379043106,0.0,0.0,0.10004160379043106,0.0,0.0,0.10004160379043106,0.0,0.10004160379043106,0.10004160379043106,False,1.0,0.0,0.009974464902388291,0.00099786146578629,0.0,8.565205803975261e-08,0.0009977758137282504,1.1863759183884743,1.187559655585832,-0.02496108825086596,0.9995825311689313,0.0005002080189521553,0.9990823231499791,False,False,False,1.0
2022-07-29,2022-07-30 00:00:00,0.09718751871163424,0.0,0.0,0.09718751871163424,0.0,0.0,0.09718751871163424,0.0,0.09718751871163424,0.09718751871163424,False,1.0,0.0,-0.0010847685730361878,-0.00010542596598974727,0.0,8.320849204763205e-08,-0.00010550917448179491,1.1873856370867932,1.1872603570084326,-0.025206825597889337,0.9996126032159199,0.0004859375935581712,0.9991266656223617,False,False,False,1.0
2022-07-30,2022-07-31 00:00:00,0.08798793105079987,0.0,0.0,0.08798793105079987,0.0,0.0,0.08798793105079987,0.0,0.08798793105079987,0.08798793105079987,False,1.0,0.0,0.001101143805922078,9.688736527248715e-05,0.0,7.533213274897249e-08,9.681203313973818e-05,1.187868961167063,1.187983961176297,-0.024612714626661036,0.9998954283472069,0.00043993965525399937,0.9994554886919529,False,False,False,1.0
2022-07-31,2022-08-01 00:00:00,0.09023893941719645,0.0,0.0,0.09023893941719645,0.0,0.0,0.09023893941719645,0.0,0.09023893941719645,0.09023893941719645,False,1.0,0.0,0.0007189829022358207,6.48802545568583e-05,0.0,7.725936593938052e-08,6.480299519091892e-05,1.1864468631031786,1.1865237484135425,-0.025811613777892317,0.999865414895821,0.00045119469708598223,0.999414220198735,False,False,False,1.0
2022-08-01,2022-08-02 00:00:00,0.09435131780001868,0.0,0.0,0.09435131780001868,0.0,0.0,0.09435131780001868,0.0,0.09435131780001868,0.09435131780001868,False,1.0,0.0,0.00010760787689667595,1.0152944990863561e-05,0.0,8.078023784248175e-08,1.0072164753021079e-05,1.1840191484078215,1.1840310740437552,-0.027858209494941444,0.9998876727723632,0.0004717565890000934,0.9994159161833631,False,False,False,1.0
2022-08-02,2022-08-03 00:00:00,0.09389460267479767,0.0,0.0,0.09389460267479767,0.0,0.0,0.09389460267479767,0.0,0.09389460267479767,0.09389460267479767,False,1.0,0.0,0.0017030224036593822,0.00015990461193787658,0.0,8.038921461883362e-08,0.00015982422272325776,1.1810133666711253,1.1812021212144792,-0.030180904674987907,0.9997967195263011,0.00046947301337398837,0.9993272465129271,False,False,False,1.0
2022-08-03,2022-08-04 00:00:00,0.09333441076416138,0.0,0.0,0.09333441076416138,0.0,0.0,0.09333441076416138,0.0,0.09333441076416138,0.09333441076416138,False,1.0,0.0,-0.002277410259190926,-0.00021256074460984114,0.0,7.990959825698748e-08,-0.00021264065420809812,1.1833529058165846,1.1831012768805327,-0.028621614019431307,0.9994499613384746,0.0004666720538208069,0.9989832892846539,False,False,False,1.0
2022-08-04,2022-08-05 00:00:00,0.092640024786072,0.0,-0.08212330179990035,0.092640024786072,0.0,-0.08212330179990035,0.092640024786072,0.08212330179990035,0.17476332658597235,0.01051672298617165,True,1.0,0.0,0.004727455944464776,4.971734459726652e-05,0.0,1.4962613577566124e-07,4.956771846149086e-05,1.1811731386926183,1.1812316867502113,-0.03015663006474001,0.9994588265155482,0.0008738166329298618,0.9985850098826183,False,False,False,1.0
2022-08-05,2022-08-06 00:00:00,0.09354142150674927,0.0,0.0,0.09354142150674927,0.0,0.0,0.09354142150674927,0.0,0.09354142150674927,0.09354142150674927,False,1.0,0.0,-0.0019238582319623942,-0.00017996043379522373,0.0,8.008683348180588e-08,-0.00018004052062870553,1.1804372242072179,1.180224697674802,-0.030983412557402223,0.9998216361293756,0.0004677071075337463,0.9993539290218418,False,False,False,1.0
2022-08-06,2022-08-07 00:00:00,0.09327492481906174,0.0,0.0,0.09327492481906174,0.0,0.0,0.09327492481906174,0.0,0.09327492481906174,0.09327492481906174,False,1.0,0.0,0.00026823095851757905,2.5019222489872055e-05,0.0,7.985866850947068e-08,2.4939363821362583e-05,1.1831548968125658,1.1831844039429944,-0.028553363030827672,0.9998982115629488,0.0004663746240953087,0.9994318369388535,False,False,False,1.0
2022-08-07,2022-08-08 00:00:00,0.09333048298664448,0.0,0.0,0.09333048298664448,0.0,0.0,0.09333048298664448,0.0,0.09333048298664448,0.09333048298664448,False,1.0,0.0,-0.0011875018371005908,-0.00011083012000412576,0.0,7.990623543377095e-08,-0.00011091002623955952,1.1822850354275118,1.18215390816321,-0.029399445565677196,0.9997425966963293,0.0004666524149332224,0.999275944281396,False,False,False,1.0
2022-08-08,2022-08-09 00:00:00,0.09514720351470711,0.0,0.0,0.09514720351470711,0.0,0.0,0.09514720351470711,0.0,0.09514720351470711,0.09514720351470711,False,1.0,0.0,8.451370812356807e-05,8.041242986615686e-06,0.0,8.146164684478348e-08,7.959781339770903e-06,1.1871050780150239,1.1871145271118722,-0.02532655838181641,0.9995388872737878,0.00047573601757353555,0.9990631512562143,False,False,False,1.0
2022-08-09,2022-08-10 00:00:00,0.09492809330887012,0.0,0.0,0.09492809330887012,0.0,0.0,0.09492809330887012,0.0,0.09492809330887012,0.09492809330887012,False,1.0,0.0,-0.002568837748893049,-0.00024385486952226723,0.0,8.1274052490471e-08,-0.0002439361435747577,1.1816155012605578,1.1813272625319922,-0.030078158127925025,0.9996481833611527,0.0004746404665443506,0.9991735428946084,False,False,False,1.0
2022-08-10,2022-08-11 00:00:00,0.09481373503085705,0.0,0.0,0.09481373503085705,0.0,0.0,0.09481373503085705,0.0,0.09481373503085705,0.09481373503085705,False,1.0,0.0,-0.0016410724571528368,-0.00015559620911892658,0.0,8.117614300587076e-08,-0.00015567738526193244,1.1913950329004086,1.1912095596368726,-0.02196435587015899,0.9997819810872434,0.00047406867515428525,0.999307912412089,False,False,False,1.0
2022-08-11,2022-08-12 00:00:00,0.09428315389345934,0.0,0.0,0.09428315389345934,0.0,0.0,0.09428315389345934,0.0,0.09428315389345934,0.09428315389345934,False,1.0,0.0,-0.0034685432645422676,-0.0003270251983969605,0.0,8.072187833344122e-08,-0.0003271059202752939,1.194900075694511,1.194509216805614,-0.019255191644326652,0.9993508388691453,0.0004714157694672967,0.998879423099678,False,False,False,1.0
2022-08-12,2022-08-13 00:00:00,0.09218675162730154,0.0,0.0,0.09218675162730154,0.0,0.0,0.09218675162730154,0.0,0.09218675162730154,0.09218675162730154,False,1.0,0.0,0.0005326554721121202,4.9103777710523064e-05,0.0,7.892701337953898e-08,4.9024850697143524e-05,1.1948769365276248,1.1949355151910397,-0.018905181847470698,0.9999615131676487,0.00046093375813650774,0.9995005794095122,False,False,False,1.0
2022-08-13,2022-08-14 00:00:00,0.09516524336627674,0.0,0.0,0.09516524336627674,0.0,0.0,0.09516524336627674,0.0,0.09516524336627674,0.09516524336627674,False,1.0,0.0,0.0009769067305853696,9.296756676231044e-05,0.0,8.147709192318213e-08,9.288608967038726e-05,1.2001676470325793,1.200279125912261,-0.014517841508041363,0.9999160560271173,0.00047582621683138373,0.9994402298102859,False,False,False,1.0
2022-08-14,2022-08-15 00:00:00,0.09564590027957731,0.0,0.0,0.09564590027957731,0.0,0.0,0.09564590027957731,0.0,0.09564590027957731,0.09564590027957731,False,1.0,0.0,0.0012109469605230405,0.00011582211223004397,0.0,8.188861325306276e-08,0.00011574022361679091,1.1999581244300292,1.2000970078516815,-0.014667368476865228,0.9999603455563748,0.0004782295013978866,0.9994821160549769,False,False,False,1.0
2022-08-15,2022-08-16 00:00:00,0.0968429122439595,0.0,0.0,0.0968429122439595,0.0,0.0,0.0968429122439595,0.0,0.0968429122439595,0.0968429122439595,False,1.0,0.0,0.0038120172797486696,0.0003691668548951576,0.0,8.291345226366395e-08,0.0003690839414428939,1.1957666978616992,1.1962080361475922,-0.017860385956317892,0.9998604653213058,0.0004842145612197975,0.999376250760086,False,False,False,1.0
2022-08-16,2022-08-17 00:00:00,0.09812405564586253,0.0,0.0,0.09812405564586253,0.0,0.0,0.09812405564586253,0.0,0.09812405564586253,0.09812405564586253,False,1.0,0.0,0.0008642309140169946,8.480184229787822e-05,0.0,8.401032161460832e-08,8.471783197626361e-05,1.1943762212822846,1.1944774062463157,-0.019281309518047296,0.9998974254195393,0.0004906202782293126,0.99940680514131,False,False,False,1.0
2022-08-17,2022-08-18 00:00:00,0.09715411724526493,0.0,0.0,0.09715411724526493,0.0,0.0,0.09715411724526493,0.0,0.09715411724526493,0.09715411724526493,False,1.0,0.0,0.0007596209546085753,7.38003032860016e-05,0.0,8.317989490176792e-08,7.371712339109983e-05,1.1909433359138304,1.1910311288306759,-0.022110855440330646,0.9998480687140634,0.00048577058622632465,0.9993622981278371,False,False,False,1.0
2022-08-18,2022-08-19 00:00:00,0.09794641861545207,0.0,0.0,0.09794641861545207,0.0,0.0,0.09794641861545207,0.0,0.09794641861545207,0.09794641861545207,False,1.0,0.0,9.61353585848812e-05,9.416114075701369e-06,0.0,8.385823511596924e-08,9.3322558405854e-06,1.1936579636327136,1.1936691031542164,-0.019944962045797765,0.9999397576351701,0.0004897320930772604,0.9994500255420928,False,False,False,1.0
2022-08-19,2022-08-20 00:00:00,0.10448482300443879,0.0,0.0,0.10448482300443879,0.0,0.0,0.10448482300443879,0.0,0.10448482300443879,0.10448482300443879,False,1.0,0.0,0.0006188556474997498,6.466102279430871e-05,0.0,8.94561840791428e-08,6.457156661022958e-05,1.1815328845065771,1.1816091779359312,-0.0298466931338347,0.9999604981108746,0.000522424115022194,0.9994380739958524,False,False,False,1.0
2022-08-20,2022-08-21 00:00:00,0.10433294462266571,0.0,0.0,0.10433294462266571,0.0,0.0,0.10433294462266571,0.0,0.10433294462266571,0.10433294462266571,False,1.0,0.0,0.0019247154302106662,0.00020081122839455963,0.0,8.93261512180357e-08,0.0002007219022433416,1.1768132355096261,1.1770494477008426,-0.03359043298334752,0.9999999106738487,0.0005216647231133286,0.9994782459507354,False,False,False,1.0
2022-08-21,2022-08-22 00:00:00,-0.098362030976509,0.0,0.0,-0.098362030976509,0.0,0.0,0.0,0.098362030976509,0.098362030976509,-0.098362030976509,False,1.0,0.0,0.0004258339247693588,-4.188588969901207e-05,0.0,8.421406761687414e-08,-4.197010376662894e-05,1.1779109666623229,1.1778615296168242,-0.032923677874342694,0.9999301059697674,0.000491810154882545,0.9994382958148849,False,False,False,-1.0
2022-08-22,2022-08-23 00:00:00,-0.09936373481125298,0.0,0.0,-0.09936373481125298,0.0,0.0,0.0,0.09936373481125298,0.09936373481125298,-0.09936373481125298,False,1.0,0.0,0.00522431011909652,-0.000519106965245652,0.0,8.507169076305905e-08,-0.0005191920369364151,1.1806200589412668,1.180007090408017,-0.031162077731481386,0.9990327168417317,0.0004968186740562649,0.9985358981676754,False,False,False,-1.0
2022-08-23,2022-08-24 00:00:00,-0.10026193148104462,0.0,0.0,-0.10026193148104462,0.0,0.0,0.0,0.10026193148104462,0.10026193148104462,-0.10026193148104462,False,1.0,0.0,-0.0002499268506779284,2.505814877794373e-05,0.0,8.584069476116833e-08,2.4972308083182562e-05,1.1761172952056136,1.1761466655690513,-0.03433165697423335,0.999635043066124,0.000501309657405223,0.9991337334087188,False,False,False,-1.0
2022-08-24,2022-08-25 00:00:00,-0.10069493782664077,0.0,0.0,-0.10069493782664077,0.0,0.0,0.0,0.10069493782664077,0.10069493782664077,-0.10069493782664077,False,1.0,0.0,0.007006186504564971,-0.0007054875144790194,0.0,8.621141937212394e-08,-0.0007055737258983914,1.173808241158286,1.1729800329040816,-0.0369316022090167,0.9990082549936767,0.0005034746891332038,0.9985047803045435,False,False,False,-1.0
2022-08-25,2022-08-26 00:00:00,-0.10204435491790642,0.0,0.0,-0.10204435491790642,0.0,0.0,0.0,0.10204435491790642,0.10204435491790642,-0.10204435491790642,False,1.0,0.0,-0.0012505871301080607,0.00012761535696051296,0.0,8.736674222423495e-08,0.00012752799021828874,1.1714912419642656,1.1716406398879116,-0.03803130301372837,0.999849530217309,0.0005102217745895321,0.9993393084427196,False,False,False,-1.0
2022-08-26,2022-08-27 00:00:00,-0.10382081004772734,0.0,0.0,-0.10382081004772734,0.0,0.0,0.0,0.10382081004772734,0.10382081004772734,-0.10382081004772734,False,1.0,0.0,0.0015334338863750574,-0.00015920234823809315,0.0,8.888767983538298e-08,-0.00015929123591792852,1.1796478506822965,1.1794599431182133,-0.031611309814692956,0.9992463098327504,0.0005191040502386367,0.9987272057825118,False,False,False,-1.0
2022-08-27,2022-08-28 00:00:00,-0.11397548356167089,0.0,0.0,-0.11397548356167089,0.0,0.0,0.0,0.11397548356167089,0.11397548356167089,-0.11397548356167089,False,1.0,0.0,0.004346518684563039,-0.00049539656888291,0.0,9.758174962471823e-08,-0.0004954941506325347,1.1908464170487019,1.1902563596147524,-0.022746975175114037,0.9987271382774412,0.0005698774178083545,0.9981572608596329,False,False,False,-1.0
2022-08-28,2022-08-29 00:00:00,-0.1152511970793,0.0,0.0,-0.1152511970793,0.0,0.0,0.0,0.1152511970793,0.1152511970793,-0.1152511970793,False,1.0,0.0,-0.0005444280145180391,6.274598039671052e-05,0.0,9.86739701021404e-08,6.264730642660838e-05,1.1884656686659025,1.188540122838825,-0.024156081345429792,0.9999247610779005,0.0005762559853965,0.9993485050925041,False,False,False,-1.0
2022-08-29,2022-08-30 00:00:00,-0.13438944298230948,0.08899544265073901,0.0,-0.13438944298230948,0.08899544265073901,0.0,0.08899544265073901,0.13438944298230948,0.22338488563304848,-0.04539400033157047,True,1.0,0.0,0.003773087071240022,-0.00017127551576291383,0.0,1.9125418290500724e-07,-0.00017146676994581883,1.1875026837076785,1.1872990664582013,-0.0251750434304846,0.9993657830679767,0.0011169244281652425,0.9982488586398115,False,False,False,-1.0
2022-08-30,2022-08-31 00:00:00,-0.13397260925240467,0.0,0.0,-0.13397260925240467,0.0,0.0,0.0,0.13397260925240467,0.13397260925240467,-0.13397260925240467,False,1.0,0.0,0.001879847508873267,-0.0002518480757603845,0.0,1.1470257641473002e-07,-0.00025196277833679925,1.1912669095519643,1.1909667546316929,-0.022163709500020112,0.9986314520466135,0.0006698630462620233,0.9979615890003515,False,False,False,-1.0
2022-08-31,2022-09-01 00:00:00,-0.133108168424063,0.0,0.0,-0.133108168424063,0.0,0.0,0.0,0.133108168424063,0.133108168424063,-0.133108168424063,False,1.0,0.0,0.001142307075244542,-0.00015205040256364928,0.0,1.1396247296580735e-07,-0.0001521643650366151,1.1871244449228888,1.1869438068855076,-0.025466727225499364,0.9995770492438808,0.000665540842120315,0.9989115084017605,False,False,False,-1.0
2022-09-01,2022-09-02 00:00:00,-0.1332046708117394,0.0,0.0,-0.1332046708117394,0.0,0.0,0.0,0.1332046708117394,0.1332046708117394,-0.1332046708117394,False,1.0,0.0,0.00024092306089507076,-3.209207701748454e-05,0.0,1.1404509487306454e-07,-3.220612211235761e-05,1.1891921948644788,1.189153895595436,-0.0236521468122447,0.999718863442644,0.000666023354058697,0.9990528400885853,False,False,False,-1.0
2022-09-02,2022-09-03 00:00:00,-0.13278623967251682,0.0,0.0,-0.13278623967251682,0.0,0.0,0.0,0.13278623967251682,0.13278623967251682,-0.13278623967251682,False,1.0,0.0,0.0027275346151725,-0.0003621790651253815,0.0,1.1368684903468904e-07,-0.0003622927519744162,1.1795462656082751,1.1791189245456268,-0.031891301119834514,0.9994407469474406,0.0006639311983625842,0.998776815749078,False,False,False,-1.0
2022-09-03,2022-09-04 00:00:00,-0.1333784512064291,0.0,0.0,-0.1333784512064291,0.0,0.0,0.0,0.1333784512064291,0.1333784512064291,-0.1333784512064291,False,1.0,0.0,-0.0003034587844861214,4.047486267974443e-05,0.0,1.1419387945755916e-07,4.036066880028687e-05,1.187643636581598,1.1876915706730669,-0.024852780139777986,0.9999223807499252,0.0006668922560321456,0.9992554884938931,False,False,False,-1.0
2022-09-04,2022-09-05 00:00:00,-0.12819497275539365,0.0,0.0,-0.12819497275539365,0.0,0.0,0.0,0.12819497275539365,0.12819497275539365,-0.12819497275539365,False,1.0,0.0,0.00437690282632075,-0.0005610969385731941,0.0,1.0975596982482333e-07,-0.0005612066945430189,1.1871157391728386,1.1864495218728175,-0.02587255704516389,0.9993059453538242,0.0006409748637769682,0.9986649704900472,False,False,False,-1.0
2022-09-05,2022-09-06 00:00:00,-0.12527936100144596,0.0,0.0,-0.12527936100144596,0.0,0.0,0.0,0.12527936100144596,0.12527936100144596,-0.12527936100144596,False,1.0,0.0,0.0018534288433602608,-0.00023219638115782256,0.0,1.0725972688479961e-07,-0.00023230364088470737,1.182955690956034,1.1826808860420197,-0.028966773459435102,0.9995708001034713,0.0006263968050072298,0.9989444032984641,False,False,False,-1.0
2022-09-06,2022-09-07 00:00:00,-0.12670081286608978,0.0,0.0,-0.12670081286608978,0.0,0.0,0.0,0.12670081286608978,0.12670081286608978,-0.12670081286608978,False,1.0,0.0,0.0021129973347420172,-0.0002677184798956948,0.0,1.0847672334425494e-07,-0.00026782695661903906,1.1765247839133746,1.176209678861112,-0.03427992027921545,0.9994332714450883,0.0006335040643304489,0.9987997673807578,False,False,False,-1.0
2022-09-07,2022-09-08 00:00:00,0.12680126915734577,0.0,0.0,0.12680126915734577,0.0,0.0,0.12680126915734577,0.0,0.12680126915734577,0.12680126915734577,False,1.0,0.0,0.0027929695111654773,0.0003541520787335541,0.0,1.0856273044293303e-07,0.0003540435160031112,1.1648943125325826,1.1653067358107638,-0.04323171792295577,0.9999784775906484,0.0006340063457867289,0.9993444712448617,False,False,False,1.0
2022-09-08,2022-09-09 00:00:00,0.12455216350941586,0.0,0.0,0.12455216350941586,0.0,0.0,0.12455216350941586,0.0,0.12455216350941586,0.12455216350941586,False,1.0,0.0,-0.0026500685468078267,-0.0003300717709531685,0.0,1.0663712629230809e-07,-0.00033017840807946083,1.1737504104498917,1.1733628634078868,-0.036617281462215656,0.9994228394815537,0.0006227608175470794,0.9988000786640067,False,False,False,1.0
2022-09-09,2022-09-10 00:00:00,0.12055860704881034,0.0,0.0,0.12055860704881034,0.0,0.0,0.12055860704881034,0.0,0.12055860704881034,0.12055860704881034,False,1.0,0.0,-0.005225240864508374,-0.0006299477601196511,0.0,1.0321798548699516e-07,-0.0006300509781051381,1.1817319013729097,1.1809873500325918,-0.03035724129814421,0.9992639113036909,0.0006027930352440517,0.9986611182684468,False,False,False,1.0
2022-09-10,2022-09-11 00:00:00,0.11967404281772835,0.0,0.0,0.11967404281772835,0.0,0.0,0.11967404281772835,0.0,0.11967404281772835,0.11967404281772835,False,1.0,0.0,0.0001748954999387653,2.0930451548299804e-05,0.0,1.0246065309737016e-07,2.0827990895202434e-05,1.1806928756635358,1.1807174671240002,-0.030578827082281546,0.9998847800558313,0.0005983702140886418,0.9992864098417427,False,False,False,1.0
2022-09-11,2022-09-12 00:00:00,0.12493170806946799,0.0,0.0,0.12493170806946799,0.0,0.0,0.12493170806946799,0.0,0.12493170806946799,0.12493170806946799,False,1.0,0.0,-0.002577566709344059,-0.00032201981166135124,0.0,1.069620788265993e-07,-0.00032212677374017783,1.1856218913448202,1.1852399707900856,-0.026865651889591002,0.9994467517859427,0.00062465854034734,0.9988220932455953,False,False,False,1.0
2022-09-12,2022-09-13 00:00:00,0.12610251363516517,0.0,-0.08452094430655087,0.12610251363516517,0.0,-0.08452094430655087,0.12610251363516517,0.08452094430655087,0.21062345794171605,0.0415815693286143,True,1.0,0.0,-0.00800102338671227,-0.00033269510865444063,0.0,1.8032830303229113e-07,-0.0003328754369574729,1.1817526921997796,1.1813593157559878,-0.030051841015773406,0.9980571399333245,0.0010531172897085804,0.9970040226436159,False,False,False,1.0
2022-09-13,2022-09-14 00:00:00,0.12483421202321894,0.0,0.0,0.12483421202321894,0.0,0.0,0.12483421202321894,0.0,0.12483421202321894,0.12483421202321894,False,1.0,0.0,0.0013444575679137927,0.00016783430108917167,0.0,1.0687860618426278e-07,0.0001677274224829874,1.1769640121682334,1.1771614213083497,-0.0334984977075955,0.9995308982052661,0.0006241710601160947,0.9989067271451499,False,False,False,1.0
2022-09-14,2022-09-15 00:00:00,0.1266494644103389,0.0,0.0,0.1266494644103389,0.0,0.0,0.1266494644103389,0.0,0.1266494644103389,0.1266494644103389,False,1.0,0.0,-0.002514889144687449,-0.0003185093632260407,0.0,1.0843276062529014e-07,-0.000318617795986666,1.177704158610794,1.1773289211074531,-0.033360972976885894,0.9995657046740855,0.0006332473220516944,0.9989324573520337,False,False,False,1.0
2022-09-15,2022-09-16 00:00:00,0.12219850142157444,0.0,0.0,0.12219850142157444,0.0,0.0,0.12219850142157444,0.0,0.12219850142157444,0.12219850142157444,False,1.0,0.0,0.0009782900026800156,0.00011954557228320595,0.0,1.0462200464175894e-07,0.0001194409502785642,1.168080011301033,1.1682195278875842,-0.04084018701890757,0.9995577405216053,0.0006109925071078723,0.9989467480144975,False,False,False,1.0
2022-09-16,2022-09-17 00:00:00,0.12300662089227932,0.0,0.0,0.12300662089227932,0.0,0.0,0.12300662089227932,0.0,0.12300662089227932,0.12300662089227932,False,1.0,0.0,0.006782858371420675,0.0008343364882593661,0.0,1.0531388775023914e-07,0.0008342311743716158,1.1632630112163567,1.1642334414843067,-0.044112939954314756,0.9997584660294891,0.0006150331044613966,0.9991434329250277,False,False,False,1.0
2022-09-17,2022-09-18 00:00:00,-0.11942601066827302,0.0,0.0,-0.11942601066827302,0.0,0.0,0.0,0.11942601066827302,0.11942601066827302,-0.11942601066827302,False,1.0,0.0,-0.0009825289742260157,0.0001173395157578035,0.0,1.0224829680502827e-07,0.00011723726746099847,1.1624186996270542,1.162554978419044,-0.04549103224034601,0.999662753227554,0.0005971300533413651,0.9990656231742127,False,False,False,-1.0
2022-09-18,2022-09-19 00:00:00,-0.11950353420388798,0.0,0.0,-0.11950353420388798,0.0,0.0,0.0,0.11950353420388798,0.11950353420388798,-0.11950353420388798,False,1.0,0.0,-0.003144012660453721,0.0003757206245059881,0.0,1.0231466969510957e-07,0.000375618309836293,1.1646088841560551,1.1650463325767422,-0.043445520475713595,0.9999998976853303,0.00059751767101944,0.9994023800143108,False,False,False,-1.0
2022-09-19,2022-09-20 00:00:00,-0.12047730134207685,0.0,0.0,-0.12047730134207685,0.0,0.0,0.0,0.12047730134207685,0.12047730134207685,-0.12047730134207685,False,1.0,0.0,-0.002883129235524806,0.0003473516297164737,0.0,1.0314837443670962e-07,0.000347248481342037,1.1720525998185078,1.1724595933038477,-0.037358906099862366,0.9995495930636169,0.0006023865067103843,0.9989472065569065,False,False,False,-1.0
2022-09-20,2022-09-21 00:00:00,-0.13013720790384017,0.0,0.0,-0.13013720790384017,0.0,0.0,0.0,0.13013720790384017,0.13013720790384017,-0.13013720790384017,False,1.0,0.0,0.01777610241400196,-0.0023133323355709282,0.0,1.114188423834248e-07,-0.002313443754413312,1.1710675463142162,1.1683583474131993,-0.04072621005905663,0.9971767574356688,0.0006506860395192009,0.9965260713961496,False,False,False,-1.0
2022-09-21,2022-09-22 00:00:00,-0.12838600195265112,0.0,0.0,-0.12838600195265112,0.0,0.0,0.0,0.12838600195265112,0.12838600195265112,-0.12838600195265112,False,1.0,0.0,-0.0033244532832686913,0.00042681326571723165,0.0,1.0991952221973555e-07,0.0004267033461950119,1.1714883149646247,1.1719881929486486,-0.03774594660529684,0.9998226863585504,0.0006419300097632556,0.9991807563487872,False,False,False,-1.0
2022-09-22,2022-09-23 00:00:00,-0.1271036412923652,0.0,0.0,-0.1271036412923652,0.0,0.0,0.0,0.1271036412923652,0.1271036412923652,-0.1271036412923652,False,1.0,0.0,0.0041459697225754155,-0.0005269678484272325,0.0,1.0882161069551815e-07,-0.000527076670037928,1.179998067179082,1.179376117727182,-0.03168013416188564,0.9992159637695861,0.000635518206461826,0.9985804455631243,False,False,False,-1.0
2022-09-23,2022-09-24 00:00:00,-0.12688706908062036,0.0,0.0,-0.12688706908062036,0.0,0.0,0.0,0.12688706908062036,0.12688706908062036,-0.12688706908062036,False,1.0,0.0,0.00048703934195581944,-6.179899462772795e-05,0.0,1.0863618928135305e-07,-6.190763081700931e-05,1.1765368769069802,1.176464040296362,-0.03407107831001377,0.999641849569539,0.0006344353454031019,0.999007414224136,False,False,False,-1.0
2022-09-24,2022-09-25 00:00:00,-0.1259187586176156,0.0,0.0,-0.1259187586176156,0.0,0.0,0.0,0.1259187586176156,0.1259187586176156,-0.1259187586176156,False,1.0,0.0,0.003925769982843441,-0.0004943280828579442,0.0,1.0780715635069827e-07,-0.0004944358900142949,1.1717380550382823,1.1711587056901758,-0.038426992268987936,0.999397076076534,0.000629593793088078,0.998767482283446,False,False,False,-1.0
2022-09-25,2022-09-26 00:00:00,-0.12652557853225477,0.0,0.0,-0.12652557853225477,0.0,0.0,0.0,0.12652557853225477,0.12652557853225477,-0.12652557853225477,False,1.0,0.0,-0.0008839981100731142,0.00011184837229842061,0.0,1.0832669394884825e-07,0.00011174004560447176,1.174214889310194,1.174346096135475,-0.03581000398003242,0.9998166917531621,0.0006326278926612739,0.9991840638605008,False,False,False,-1.0
2022-09-26,2022-09-27 00:00:00,-0.12471203674526128,0.0,0.0,-0.12471203674526128,0.0,0.0,0.0,0.12471203674526128,0.12471203674526128,-0.12471203674526128,False,1.0,0.0,0.006404412435044193,-0.0007987073189310397,0.0,1.0677400406272369e-07,-0.0007988140929351024,1.1736037031840716,1.1726662120064473,-0.0371892630221593,0.9990315908773038,0.0006235601837263064,0.9984080306935774,False,False,False,-1.0
2022-09-27,2022-09-28 00:00:00,-0.12860651384229072,0.0,0.0,-0.12860651384229072,0.0,0.0,0.0,0.12860651384229072,0.12860651384229072,-0.12860651384229072,False,1.0,0.0,-0.0050853878883254655,0.0006540140078533465,0.0,1.1010831664579685e-07,0.0006539038995367007,1.1672052653770904,1.1679685054516804,-0.04104628752221873,0.9995838695199256,0.0006430325692114536,0.9989408369507141,False,False,False,-1.0
2022-09-28,2022-09-29 00:00:00,-0.1364454945265323,0.1116179471419786,0.0,-0.1364454945265323,0.1116179471419786,0.0,0.1116179471419786,0.1364454945265323,0.2480634416685109,-0.024827547384553686,True,1.0,0.0,0.005587393631881321,-0.00013872128015168702,0.0,2.1238308362030043e-07,-0.00013893366323530732,1.1752090571242564,1.1750457810248829,-0.035235531792528696,0.9991034902461837,0.0012403172083425545,0.9978631730378412,False,False,False,-1.0
2022-09-29,2022-09-30 00:00:00,-0.1350730562855019,0.1116179471419786,0.0,-0.1350730562855019,0.1116179471419786,0.0,0.1116179471419786,0.1350730562855019,0.24669100342748052,-0.023455109143523292,True,1.0,0.0,-0.0012419835606540808,2.9130859969603145e-05,0.0,2.112080508796922e-07,2.8919651918723454e-05,1.1750613751266241,1.175095357492576,-0.0351948273235948,0.9994751000842765,0.0012334550171374027,0.9982416450671391,False,False,False,-1.0
2022-09-30,2022-10-01 00:00:00,-0.1354544198996416,0.0,0.0,-0.1354544198996416,0.0,0.0,0.0,0.1354544198996416,0.1354544198996416,-0.1354544198996416,False,1.0,0.0,-0.0033847311019179482,0.0004584767879265704,0.0,1.1597124991407672e-07,0.0004583608166766563,1.1756186426769444,1.176157500198102,-0.03432276126539968,0.9997841302461964,0.000677272099498208,0.9991068581466982,False,False,False,-1.0
2022-10-01,2022-10-02 00:00:00,-0.13551231384845966,0.0,0.0,-0.13551231384845966,0.0,0.0,0.0,0.13551231384845966,0.13551231384845966,-0.13551231384845966,False,1.0,0.0,-0.00037779188200803837,5.119545208407353e-05,0.0,1.1602081665107846e-07,5.107943126742245e-05,1.1794396097816022,1.179499854886084,-0.03157854049104036,0.9999118278015988,0.0006775615692422983,0.9992342662323566,False,False,False,-1.0
2022-10-02,2022-10-03 00:00:00,-0.13588470051166043,0.0,0.0,-0.13588470051166043,0.0,0.0,0.0,0.13588470051166043,0.13588470051166043,-0.13588470051166043,False,1.0,0.0,0.002130577270226919,-0.00028951285428173586,0.0,1.1633964084902435e-07,-0.0002896291939225849,1.1834065919959225,1.1830638428986,-0.028652348971426767,0.9995745629580689,0.0006794235025583022,0.9988951394555106,False,False,False,-1.0
2022-10-03,2022-10-04 00:00:00,-0.13564238363355874,0.0,0.0,-0.13564238363355874,0.0,0.0,0.0,0.13564238363355874,0.13564238363355874,-0.13564238363355874,False,1.0,0.0,-0.00015162657407341573,2.056698992950847e-05,0.0,1.1613217776845782e-07,2.045085775174001e-05,1.1798411843318055,1.179865313096036,-0.03127848316453452,0.9997972990170166,0.0006782119181677937,0.9991190870988489,False,False,False,-1.0
2022-10-04,2022-10-05 00:00:00,-0.14313539339059558,0.0,0.0,-0.14313539339059558,0.0,0.0,0.0,0.14313539339059558,0.14313539339059558,-0.14313539339059558,False,1.0,0.0,-6.647561083705789e-05,9.515012708042419e-06,0.0,1.2254742584811265e-07,9.392465282194306e-06,1.1753914437958786,1.1754024836192074,-0.03494266321304096,0.999905784549128,0.0007156769669529779,0.9991901075821751,False,False,False,-1.0
2022-10-05,2022-10-06 00:00:00,-0.14622002165165138,0.0,0.0,-0.14622002165165138,0.0,0.0,0.0,0.14622002165165138,0.14622002165165138,-0.14622002165165138,False,1.0,0.0,0.0013702755609095174,-0.00020036172218491837,0.0,1.2518837470175632e-07,-0.00020048691055962013,1.1786121326710497,1.1783758363658223,-0.032501409325146335,0.9997213500000166,0.0007311001082582569,0.9989902498917583,False,False,False,-1.0
2022-10-06,2022-10-07 00:00:00,-0.14470546263658485,0.0,0.0,-0.14470546263658485,0.0,0.0,0.0,0.14470546263658485,0.14470546263658485,-0.14470546263658485,False,1.0,0.0,-0.0017817208637311843,0.00025782474187547655,0.0,1.2389166321625413e-07,0.0002577008502122603,1.1739871669049748,1.1742897043960245,-0.035856304087994784,0.999411017129979,0.0007235273131829242,0.9986874898167961,False,False,False,-1.0
2022-10-07,2022-10-08 00:00:00,-0.14616566340753104,0.0,0.0,-0.14616566340753104,0.0,0.0,0.0,0.14616566340753104,0.14616566340753104,-0.14616566340753104,False,1.0,0.0,-0.0006515975374107308,9.5241186330353e-05,0.0,1.2514183510918753e-07,9.511604449524381e-05,1.1775683317364853,1.1776803373783231,-0.03307244470236226,0.999986738142809,0.0007308283170376552,0.9992559098257714,False,False,False,-1.0
2022-10-08,2022-10-09 00:00:00,-0.14911332345804185,0.0,0.0,-0.14911332345804185,0.0,0.0,0.0,0.14911332345804185,0.14911332345804185,-0.14911332345804185,False,1.0,0.0,0.00040029002144947867,-5.9688575445422624e-05,0.0,1.276655166592824e-07,-5.98162409620819e-05,1.1790026356166645,1.1789321121109175,-0.03204468237709046,0.9998230590072205,0.0007455666172902092,0.9990774923899303,False,False,False,-1.0
2022-10-09,2022-10-10 00:00:00,-0.16045279807879453,0.0,0.0,-0.16045279807879453,0.0,0.0,0.0,0.16045279807879453,0.16045279807879453,-0.16045279807879453,False,1.0,0.0,0.001586114698751473,-0.0002544965414885781,0.0,1.3737397095787202e-07,-0.00025463391545953596,1.1789660917842038,1.1786658870320588,-0.032263264921512325,0.999699314329414,0.0008022639903939727,0.99889705033902,False,False,False,-1.0
2022-10-10,2022-10-11 00:00:00,-0.17033509619619963,0.0,0.0,-0.17033509619619963,0.0,0.0,0.0,0.17033509619619963,0.17033509619619963,-0.17033509619619963,False,1.0,0.0,0.0005353646598140749,-9.119139082947614e-05,0.0,1.4583484263373257e-07,-9.133722567210987e-05,1.1814088262269729,1.1813009196224007,-0.030099786819822394,0.9995465026793194,0.0008516754809809982,0.9986948271983385,False,False,False,-1.0
2022-10-11,2022-10-12 00:00:00,-0.1825876639723592,0.0,0.0,-0.1825876639723592,0.0,0.0,0.0,0.1825876639723592,0.1825876639723592,-0.1825876639723592,False,1.0,0.0,0.0012463712018577766,-0.0002275720061896332,0.0,1.563250547708555e-07,-0.00022772833124440404,1.1793609539071293,1.1790923800051611,-0.0319130953595822,0.9991475087697752,0.0009129383198617961,0.9982345704499134,False,False,False,-1.0
2022-10-12,2022-10-13 00:00:00,-0.1826770009090591,0.0,0.0,-0.1826770009090591,0.0,0.0,0.0,0.1826770009090591,0.1826770009090591,-0.1826770009090591,False,1.0,0.0,0.0009475606092121946,-0.0001730975302704447,0.0,1.5640154187419444e-07,-0.0001732539318123189,1.1782551622876956,1.178051024948151,-0.0327680938405055,0.999584690985208,0.0009133850045452956,0.9986713059806627,False,False,False,-1.0
2022-10-13,2022-10-14 00:00:00,-0.18891902518397197,0.0,0.0,-0.18891902518397197,0.0,0.0,0.0,0.18891902518397197,0.18891902518397197,-0.18891902518397197,False,1.0,0.0,-0.00035790126697032854,6.761435846814297e-05,0.0,1.6174574073970202e-07,6.745261272740327e-05,1.1850269498481476,1.1851068830120672,-0.026974922831590198,0.9996933198292036,0.0009445951259198598,0.9987487247032838,False,False,False,-1.0
2022-10-14,2022-10-15 00:00:00,-0.1909159402056728,0.0,0.0,-0.1909159402056728,0.0,0.0,0.0,0.1909159402056728,0.1909159402056728,-0.1909159402056728,False,1.0,0.0,-0.0013411669676671734,0.0002560501526049696,0.0,1.634554282582815e-07,0.0002558866971767113,1.1751845342661948,1.1754852483552414,-0.03487470971043238,0.9998339858775435,0.0009545797010283639,0.998879406176515,False,False,False,-1.0
2022-10-15,2022-10-16 00:00:00,-0.20467329127130815,0.0,0.0,-0.20467329127130815,0.0,0.0,0.0,0.20467329127130815,0.20467329127130815,-0.20467329127130815,False,1.0,0.0,-0.0004973461918045263,0.0001017934819778837,0.0,1.7523398225283233e-07,0.00010161824799563087,1.1796911242006278,1.179811002345845,-0.03132307468843254,0.9999696048260556,0.0010233664563565408,0.998946238369699,False,False,False,-1.0
2022-10-16,2022-10-17 00:00:00,-0.19342539868462763,0.0,0.0,-0.19342539868462763,0.0,0.0,0.0,0.19342539868462763,0.19342539868462763,-0.19342539868462763,False,1.0,0.0,-0.0005594970742963667,0.00010822094465865747,0.0,1.6560393722998942e-07,0.00010805534072142748,1.1796431018124138,1.1797705685497097,-0.031356272620339576,0.9999848037093045,0.0009671269934231381,0.9990176767158814,False,False,False,-1.0
2022-10-17,2022-10-18 00:00:00,-0.2101117643282862,0.0,0.0,-0.2101117643282862,0.0,0.0,0.0,0.2101117643282862,0.2101117643282862,-0.2101117643282862,False,1.0,0.0,-0.0014726323302903799,0.0003094173771241872,0.0,1.7989020918517654e-07,0.00030923748691500205,1.171185141798233,1.1715473161481949,-0.038107925924573904,0.9999998201097908,0.0010505588216414312,0.9989492612881494,False,False,False,-1.0
2022-10-18,2022-10-19 00:00:00,-0.21335793653673002,0.0,0.0,-0.21335793653673002,0.0,0.0,0.0,0.21335793653673002,0.21335793653673002,-0.21335793653673002,False,1.0,0.0,0.002890793933166602,-0.000616773828533324,0.0,1.8266946621295377e-07,-0.000616956497999537,1.1761897863039983,1.1754641283724574,-0.034892050148812026,0.9992865192158374,0.0010667896826836501,0.9982197295331537,False,False,False,-1.0
2022-10-19,2022-10-20 00:00:00,-0.20604635247518666,0.0,0.0,-0.20604635247518666,0.0,0.0,0.0,0.20604635247518666,0.20604635247518666,-0.20604635247518666,False,1.0,0.0,0.0036621863868222526,-0.0007545801470890081,0.0,1.7640954835204336e-07,-0.0007547565566373601,1.176858327162762,1.1759700856241027,-0.0344766369055991,0.9985857784408647,0.0010302317623759334,0.9975555466784888,False,False,False,-1.0
2022-10-20,2022-10-21 00:00:00,-0.20645070140529267,0.0,0.0,-0.20645070140529267,0.0,0.0,0.0,0.20645070140529267,0.20645070140529267,-0.20645070140529267,False,1.0,0.0,-0.0025477120471480985,0.000525976939112439,0.0,1.767557375045314e-07,0.0005258001833749345,1.1761643598752658,1.1767827873113674,-0.03380937293700592,0.9999618008149291,0.0010322535070264635,0.9989295473079026,False,False,False,-1.0
2022-10-21,2022-10-22 00:00:00,-0.22322886963898497,0.0,0.0,-0.22322886963898497,0.0,0.0,0.0,0.22322886963898497,0.22322886963898497,-0.22322886963898497,False,1.0,0.0,0.009295632219672445,-0.002075053472977209,0.0,1.911206075676241e-07,-0.0020752445935847763,1.17945007510022,1.177002427708465,-0.03362903847317089,0.9978743984602091,0.0011161443481949248,0.9967582541120141,False,False,False,-1.0
2022-10-22,2022-10-23 00:00:00,-0.2284158514198512,0.0,0.0,-0.2284158514198512,0.0,0.0,0.0,0.2284158514198512,0.2284158514198512,-0.2284158514198512,False,1.0,0.0,0.0017965484953905708,-0.0004103601541916899,0.0,1.9556151662658495e-07,-0.00041055571570831645,1.1736315388817553,1.1731496977453317,-0.03679229988311128,0.9992938458681366,0.001142079257099256,0.9981517666110373,False,False,False,-1.0
2022-10-23,2022-10-24 00:00:00,-0.2324979315217782,0.0,0.0,-0.2324979315217782,0.0,0.0,0.0,0.2324979315217782,0.2324979315217782,-0.2324979315217782,False,1.0,0.0,-0.0004108525952188913,9.552237854874664e-05,0.0,1.9905644822070049e-07,9.532332210052593e-05,1.1734434407587775,1.1735552972858478,-0.036459284751845566,0.9999821116141909,0.001162489657608891,0.998819621956582,False,False,False,-1.0
2022-10-24,2022-10-25 00:00:00,-0.2573716635517115,0.0,0.0,-0.2573716635517115,0.0,0.0,0.0,0.2573716635517115,0.2573716635517115,-0.2573716635517115,False,1.0,0.0,0.003779940119760461,-0.0009728494767486054,0.0,2.2035245167098587e-07,-0.0009730698292002764,1.1682921622132958,1.1671553323585548,-0.0417139385358376,0.9988439188830947,0.0012868583177585574,0.9975570605653361,False,False,False,-1.0
2022-10-25,2022-10-26 00:00:00,-0.2602842574893558,0.0,0.0,-0.2602842574893558,0.0,0.0,0.0,0.2602842574893558,0.2602842574893558,-0.2602842574893558,False,1.0,0.0,0.009841192419699496,-0.00256150746177136,0.0,2.228461108641745e-07,-0.0025617303078822244,1.1553152246950043,1.1523556186687454,-0.0538651569293187,0.9955451439149776,0.001301421287446779,0.9942437226275308,False,False,False,-1.0
2022-10-26,2022-10-27 00:00:00,0.2691462170629532,0.0,0.0,0.2691462170629532,0.0,0.0,0.2691462170629532,0.0,0.2691462170629532,0.2691462170629532,False,1.0,0.0,-0.006513914938916177,-0.0017531955640791468,0.0,2.3043340501965174e-07,-0.0017534259974841665,1.1883558247395554,1.1862721307421953,-0.026018202995783946,0.9969026847958092,0.001345731085314766,0.9955569537104945,False,False,False,1.0
2022-10-27,2022-10-28 00:00:00,0.25078735767391896,0.0,0.0,0.25078735767391896,0.0,0.0,0.25078735767391896,0.0,0.25078735767391896,0.25078735767391896,False,1.0,0.0,-0.001009231883964179,-0.0002531025974596476,0.0,2.147152034879443e-07,-0.0002533173126631356,1.1821515987925233,1.1818521393263568,-0.029647211104781857,0.9993946104844602,0.0012539367883695948,0.9981406736960906,False,False,False,1.0
2022-10-28,2022-10-29 00:00:00,0.18596053388764072,0.0,0.0,0.18596053388764072,0.0,0.0,0.18596053388764072,0.0,0.18596053388764072,0.18596053388764072,False,1.0,0.0,0.0005140083542622964,9.558526798132421e-05,0.0,1.592127858627061e-07,9.54260551954615e-05,1.1810971446889755,1.1812098521302958,-0.030174557251758105,0.9996900961213506,0.0009298026694382036,0.9987602934519124,False,False,False,1.0
2022-10-29,2022-10-30 00:00:00,0.1869427065591195,0.0,0.0,0.1869427065591195,0.0,0.0,0.1869427065591195,0.0,0.1869427065591195,0.1869427065591195,False,1.0,0.0,0.0006617809260029972,0.00012371511745620068,0.0,1.6005368712253379e-07,0.00012355506376907814,1.1945093624176364,1.1946569500980826,-0.01913389608831806,0.9993824098693787,0.0009347135327955975,0.998447696336583,False,False,False,1.0
2022-10-30,2022-10-31 00:00:00,0.19018515788814302,0.0,0.0,0.19018515788814302,0.0,0.0,0.19018515788814302,0.0,0.19018515788814302,0.19018515788814302,False,1.0,0.0,-0.003146095638795532,-0.0005983406957955264,0.0,1.6282975846587588e-07,-0.0005985035255539923,1.188980764208462,1.1882691550292672,-0.024378557881162166,0.9991100890297872,0.0009509257894407152,0.9981591632403465,False,False,False,1.0
2022-10-31,2022-11-01 00:00:00,0.17925587854607467,0.0,0.0,0.17925587854607467,0.0,0.0,0.17925587854607467,0.0,0.17925587854607467,0.17925587854607467,False,1.0,0.0,0.0008992346938776485,0.0001611931050701484,0.0,1.5347249875520088e-07,0.0001610396325713932,1.1858378189450132,1.1860287858316652,-0.026217999911776313,0.9997231888578064,0.0008962793927303733,0.998826909465076,False,False,False,1.0
2022-11-01,2022-11-02 00:00:00,0.17573048750567966,0.0,0.0,0.17573048750567966,0.0,0.0,0.17573048750567966,0.0,0.17573048750567966,0.17573048750567966,False,1.0,0.0,0.0035507107796264314,0.0006239681362954246,0.0,1.5045418450828736e-07,0.0006238176821109163,1.1859782301423674,1.186718064332929,-0.02565207182841389,0.9999247941326525,0.0008786524375283983,0.9990461416951241,False,False,False,1.0
2022-11-02,2022-11-03 00:00:00,0.177172700715057,0.0,0.0,0.177172700715057,0.0,0.0,0.177172700715057,0.0,0.177172700715057,0.177172700715057,False,1.0,0.0,-0.001467205709928976,-0.0002599487981326692,0.0,1.516889560916584e-07,-0.00026010048708876085,1.1849392870081827,1.1846310837224612,-0.027365575056399694,0.9997081153803885,0.0008858635035752851,0.9988222518768132,False,False,False,1.0
2022-11-03,2022-11-04 00:00:00,0.1799897877114793,0.0,-0.0409489568531301,0.1799897877114793,0.0,-0.0409489568531301,0.1799897877114793,0.0409489568531301,0.2209387445646094,0.1390408308583492,True,1.0,0.0,0.00027875016206402314,3.875765413528127e-05,0.0,1.8915988404504228e-07,3.8568494251236225e-05,1.1817343245804783,1.1817799022939823,-0.029706520897854638,0.9996961018345782,0.001104693722823047,0.9985914081117552,False,False,False,1.0
2022-11-04,2022-11-05 00:00:00,0.17970192988283903,0.0,0.0,0.17970192988283903,0.0,0.0,0.17970192988283903,0.0,0.17970192988283903,0.17970192988283903,False,1.0,0.0,-0.006253094456567632,-0.001123693141584886,0.0,1.5385439202297862e-07,-0.001123846995976909,1.1914318539419297,1.190092866831966,-0.022881209968504956,0.998715782330835,0.0008985096494141952,0.9978172726814208,False,False,False,1.0
2022-11-05,2022-11-06 00:00:00,0.18050228038538915,0.0,0.0,0.18050228038538915,0.0,0.0,0.18050228038538915,0.0,0.18050228038538915,0.18050228038538915,False,1.0,0.0,-0.0009526659379178737,-0.00017195837423966177,0.0,1.545396236176277e-07,-0.0001721129138632794,1.191679554186885,1.1914744507464226,-0.02174686857343855,0.999755135466266,0.0009025114019269458,0.9988526240643391,False,False,False,1.0
2022-11-06,2022-11-07 00:00:00,0.17490204442335935,0.0,0.0,0.17490204442335935,0.0,0.0,0.17490204442335935,0.0,0.17490204442335935,0.17490204442335935,False,1.0,0.0,-0.0038956816215850454,-0.0006813626800377322,0.0,1.497449010473967e-07,-0.0006815124249387796,1.1907291206634507,1.1899176239729823,-0.02302509209325676,0.9992412307042537,0.0008745102221167967,0.9983667204821369,False,False,False,1.0
2022-11-07,2022-11-08 00:00:00,0.17584366261563183,0.0,0.0,0.17584366261563183,0.0,0.0,0.17584366261563183,0.0,0.17584366261563183,0.17584366261563183,False,1.0,0.0,0.00624450919295394,0.001098057367726004,0.0,1.5055108100653408e-07,0.0010979068166449976,1.1845965313884037,1.185897107995189,-0.026326113229516057,0.9998853758569394,0.0008792183130781592,0.9990061575438612,False,False,False,1.0
2022-11-08,2022-11-09 00:00:00,0.17754869832814985,0.0,0.0,0.17754869832814985,0.0,0.0,0.17754869832814985,0.0,0.17754869832814985,0.17754869832814985,False,1.0,0.0,0.013639482420453763,0.0024216723496212483,0.0,1.520108718562927e-07,0.002421520338749392,1.1656164731604781,1.1684390371574176,-0.0406599602163461,0.999523634981352,0.0008877434916407492,0.9986358914897112,False,False,False,1.0
2022-11-09,2022-11-10 00:00:00,-0.17590623697945035,0.0,0.0,-0.17590623697945035,0.0,0.0,0.0,0.17590623697945035,0.17590623697945035,-0.17590623697945035,False,1.0,0.0,-0.005190696083461788,0.000913075815345734,0.0,1.5060465494815953e-07,0.0009129252106907859,1.2376410125276756,1.2387708862097968,0.0,0.9981210492415282,0.0008795311848972517,0.997241518056631,False,False,False,-1.0
2022-11-10,2022-11-11 00:00:00,-0.15419712134536054,0.0,0.0,-0.15419712134536054,0.0,0.0,0.0,0.15419712134536054,0.15419712134536054,-0.15419712134536054,False,1.0,0.0,0.005928432089734148,-0.0009141471623284658,0.0,1.320180833436306e-07,-0.0009142791804118095,1.2141667221796717,1.2130566348240341,-0.030270326913614753,0.9988624715125928,0.0007709856067268027,0.9980914859058659,False,False,False,-1.0
2022-11-11,2022-11-12 00:00:00,-0.0974134473056244,0.0,0.0,-0.0974134473056244,0.0,0.0,0.0,0.0974134473056244,0.0974134473056244,-0.0974134473056244,False,1.0,0.0,0.00042890161473518873,-4.1780784846303524e-05,0.0,8.340192406303459e-08,-4.186418677036656e-05,1.2174400968368881,1.2173891296972925,-0.02680688694182587,0.9992447675978909,0.000487067236528122,0.9987577003613628,False,False,False,-1.0
2022-11-12,2022-11-13 00:00:00,-0.08939047410907888,0.0,0.0,-0.08939047410907888,0.0,0.0,0.0,0.08939047410907888,0.08939047410907888,-0.08939047410907888,False,1.0,0.0,0.0014776621498413522,-0.00013208892014735923,0.0,7.65329401618826e-08,-0.00013216545308752112,1.2162904664118062,1.216129714831227,-0.027813675851172337,0.999761039249772,0.0004469523705453944,0.9993140868792266,False,False,False,-1.0
2022-11-13,2022-11-14 00:00:00,-0.08847488570979783,0.0,0.0,-0.08847488570979783,0.0,0.0,0.0,0.08847488570979783,0.08847488570979783,-0.08847488570979783,False,1.0,0.0,-0.0018631930267974939,0.00016484579010120055,0.0,7.574904598441595e-08,0.00016477004105521615,1.2194789390145966,1.219679872609444,-0.024975644020799548,0.9997755906322511,0.0004423744285489892,0.9993332162037021,False,False,False,-1.0
2022-11-14,2022-11-15 00:00:00,-0.08887794175312014,0.0,0.0,-0.08887794175312014,0.0,0.0,0.0,0.08887794175312014,0.08887794175312014,-0.08887794175312014,False,1.0,0.0,0.0008034968181525048,-7.141314340257569e-05,0.0,7.609412821328779e-08,-7.148923753078898e-05,1.2183756763682558,1.2182885756201263,-0.026087860825757536,0.9997542626925668,0.0004443897087656007,0.9993098729838013,False,False,False,-1.0
2022-11-15,2022-11-16 00:00:00,-0.0891997400999254,0.0,0.0,-0.0891997400999254,0.0,0.0,0.0,0.0891997400999254,0.0891997400999254,-0.0891997400999254,False,1.0,0.0,-0.008338301277022953,0.0007437743067853235,0.0,7.636964049651148e-08,0.000743697937144827,1.2156805686123402,1.2165846677434444,-0.027449981917872623,0.9999887285326092,0.000445998700499627,0.9995427298321096,False,False,False,-1.0
2022-11-16,2022-11-17 00:00:00,-0.08926074660162729,0.0,0.0,-0.08926074660162729,0.0,0.0,0.0,0.08926074660162729,0.08926074660162729,-0.08926074660162729,False,1.0,0.0,-0.00949874208092183,0.0008478648099193774,0.0,7.642187209043433e-08,0.0008477883880472869,1.221805987132803,1.222841820061141,-0.022447951429517277,0.9997434889415614,0.00044630373300813645,0.9992971852085533,False,False,False,-1.0
2022-11-17,2022-11-18 00:00:00,-0.08915478850414253,0.10140166099213999,0.0,-0.08915478850414253,0.10140166099213999,0.0,0.10140166099213999,0.08915478850414253,0.19055644949628253,0.012246872487997454,True,1.0,0.0,-0.014823072794087344,-0.00018153628238949185,0.0,1.6314764511668025e-07,-0.00018169943003460855,1.2207532475872853,1.2205314374179859,-0.024294894549016677,0.9978411950571702,0.0009527822474814126,0.9968884128096888,False,False,False,-1.0
2022-11-18,2022-11-19 00:00:00,-0.08833635165638097,0.10140166099213999,0.0,-0.08833635165638097,0.10140166099213999,0.0,0.10140166099213999,0.08833635165638097,0.18973801264852097,0.013065309335759015,True,1.0,0.0,-0.0013848817080206466,-1.8093907908724043e-05,0.0,1.6244692863743234e-07,-1.8256354837361475e-05,1.2207757048173093,1.2207534179028654,-0.024117441117038174,0.9996839134714889,0.0009486900632426049,0.9987352234082463,False,False,False,-1.0
2022-11-19,2022-11-20 00:00:00,-0.08839857910142589,0.10140166099213999,0.0,-0.08839857910142589,0.10140166099213999,0.0,0.10140166099213999,0.08839857910142589,0.1898002400935659,0.0130030818907141,True,1.0,0.0,0.00013228606862347725,1.7201265833116997e-06,0.0,1.6250020555955982e-07,1.5576263777521398e-06,1.2207109404269372,1.2207128418384974,-0.02414987803095059,0.999881799878903,0.0009490012004678295,0.9989327986784352,False,False,False,-1.0
2022-11-20,2022-11-21 00:00:00,-0.08826128789922487,0.0,0.0,-0.08826128789922487,0.0,0.0,0.0,0.08826128789922487,0.08826128789922487,-0.08826128789922487,False,1.0,0.0,-0.0006960714406980539,6.143616182587917e-05,0.0,7.556617114659663e-08,6.136059565473256e-05,1.2190339025892858,1.219108703235672,-0.025432242562206664,0.9999279991712035,0.00044130643949612437,0.9994866927317073,False,False,False,-1.0
2022-11-21,2022-11-22 00:00:00,-0.08826151838838106,0.0,0.0,-0.08826151838838106,0.0,0.0,0.0,0.08826151838838106,0.08826151838838106,-0.08826151838838106,False,1.0,0.0,-0.0004065795172309983,3.588532553642285e-05,0.0,7.556636848320296e-08,3.580975916793965e-05,1.2232744634788568,1.2233182686427904,-0.022067073641900747,0.9998267387321297,0.0004413075919419053,0.9993854311401877,False,False,False,-1.0
2022-11-22,2022-11-23 00:00:00,-0.0880148798842174,0.0,0.0,-0.0880148798842174,0.0,0.0,0.0,0.0880148798842174,0.0880148798842174,-0.0880148798842174,False,1.0,0.0,0.0041752914742672065,-0.00036748777758922516,0.0,7.535520538032312e-08,-0.0003675631327946055,1.2232270173396778,1.2227774041850654,-0.022499446128655842,0.9990485050172225,0.000440074399421087,0.9986084306178015,False,False,False,-1.0
2022-11-23,2022-11-24 00:00:00,-0.08761904748148698,0.0,0.0,-0.08761904748148698,0.0,0.0,0.0,0.08761904748148698,0.08761904748148698,-0.08761904748148698,False,1.0,0.0,-0.002036309897153421,0.00017841953356570746,0.0,7.50163077752457e-08,0.00017834451725793222,1.2200276870466165,1.220245272295504,-0.024523657825772815,0.9999961608585115,0.0004380952374074349,0.999558065621104,False,False,False,-1.0
2022-11-24,2022-11-25 00:00:00,-0.08759233666748564,0.0,0.0,-0.08759233666748564,0.0,0.0,0.0,0.08759233666748564,0.08759233666748564,-0.08759233666748564,False,1.0,0.0,-0.0008440158440994328,7.392931996904959e-05,0.0,7.49934389276418e-08,7.385432653012195e-05,1.21699252416844,1.2170824043317048,-0.027052086283686716,0.9999523467313335,0.0004379616833374282,0.9995143850479961,False,False,False,-1.0
2022-11-25,2022-11-26 00:00:00,-0.08753975286645661,0.0,0.0,-0.08753975286645661,0.0,0.0,0.0,0.08753975286645661,0.08753975286645661,-0.08753975286645661,False,1.0,0.0,0.001287922152261034,-0.00011274438692016582,0.0,7.494841855004846e-08,-0.00011281933533871587,1.2177331849639452,1.2175958011153978,-0.026641671731783667,0.9998297031340745,0.00043769876433228305,0.9993920043697422,False,False,False,-1.0
2022-11-26,2022-11-27 00:00:00,-0.08825338355563243,0.0,0.0,-0.08825338355563243,0.0,0.0,0.0,0.08825338355563243,0.08825338355563243,-0.08825338355563243,False,1.0,0.0,0.0005535040108388678,-4.884860176814353e-05,0.0,7.555940372913734e-08,-4.892416117187267e-05,1.2156830782038528,1.2156236019290008,-0.028218267594979696,0.9998584822205512,0.00044126691777816217,0.999417215302773,False,False,False,-1.0
2022-11-27,2022-11-28 00:00:00,-0.09435650836445417,0.0,0.0,-0.09435650836445417,0.0,0.0,0.0,0.09435650836445417,0.09435650836445417,-0.09435650836445417,False,1.0,0.0,0.0017601289664588293,-0.00016607962354619059,0.0,8.078468181888199e-08,-0.00016616040822800947,1.2151607164326144,1.2149588048319093,-0.02874971307998364,0.9996801771363414,0.0004717825418222708,0.9992083945945192,False,False,False,-1.0
2022-11-28,2022-11-29 00:00:00,-0.09401646740301489,0.0,0.0,-0.09401646740301489,0.0,0.0,0.0,0.09401646740301489,0.09401646740301489,-0.09401646740301489,False,1.0,0.0,0.002170224859409098,-0.00020403687475184802,0.0,8.049355085874561e-08,-0.00020411736830270677,1.220377599838956,1.2201284995749413,-0.02461700711292547,0.9996477129964609,0.00047008233701507446,0.9991776306594459,False,False,False,-1.0
2022-11-29,2022-11-30 00:00:00,-0.09393071457217109,0.0,0.0,-0.09393071457217109,0.0,0.0,0.0,0.09393071457217109,0.09393071457217109,-0.09393071457217109,False,1.0,0.0,-0.0009256274845247381,8.694485104904988e-05,0.0,8.042013233918757e-08,8.68644309167107e-05,1.215619428946653,1.2157250230365597,-0.028137190541646984,0.9998469897972189,0.00046965357286085543,0.999377336224358,False,False,False,-1.0
2022-11-30,2022-12-01 00:00:00,-0.09577290956222388,0.0,0.0,-0.09577290956222388,0.0,0.0,0.0,0.09577290956222388,0.09577290956222388,-0.09577290956222388,False,1.0,0.0,0.0011775584234943182,-0.00011277819639755627,0.0,8.199735407724647e-08,-0.00011286019375163351,1.2102485302326462,1.2101119413490364,-0.03262434449109031,0.999850808575194,0.0004788645478111194,0.9993719440273829,False,False,False,-1.0
2022-12-01,2022-12-02 00:00:00,0.09471641963338001,0.0,0.0,0.09471641963338001,0.0,0.0,0.09471641963338001,0.0,0.09471641963338001,0.09471641963338001,False,1.0,0.0,0.0021832340237712966,0.00020678810995339487,0.0,8.109282502857877e-08,0.00020670701712836628,1.2094945580736722,1.2097445690860047,-0.03291802557266854,0.9999521411489186,0.00047358209816690007,0.9994785590507517,False,False,False,1.0
2022-12-02,2022-12-03 00:00:00,0.09319755850484682,0.0,0.0,0.09319755850484682,0.0,0.0,0.09319755850484682,0.0,0.09319755850484682,0.09319755850484682,False,1.0,0.0,-0.0018419799723703445,-0.0001716680362397413,0.0,7.97924302267524e-08,-0.00017174782866996805,1.2106091869221445,1.2104012674229225,-0.03239305431799333,0.9998231603227975,0.0004659877925242341,0.9993571725302732,False,False,False,1.0
2022-12-03,2022-12-04 00:00:00,0.09319211819525394,0.0,-0.11969996735879272,0.09319211819525394,0.0,-0.11969996735879272,0.09319211819525394,0.11969996735879272,0.21289208555404665,-0.02650784916353878,True,1.0,0.0,-0.0011863887426636355,3.144861383984807e-05,0.0,1.8227062119353309e-07,3.126634321865454e-05,1.2109961915426593,1.2110340549652205,-0.031887197592998184,0.999885386384457,0.0010644604277702332,0.9988209259566868,False,False,False,1.0
2022-12-04,2022-12-05 00:00:00,0.09311895753355282,0.0,-0.11969996735879272,0.09311895753355282,0.0,-0.11969996735879272,0.09311895753355282,0.11969996735879272,0.21281892489234555,-0.026581009825239907,True,1.0,0.0,0.0012635292995755165,-3.35858847264953e-05,0.0,1.822079836407068e-07,-3.376809271013601e-05,1.2113324158247345,1.211291511439414,-0.03168138429839473,0.9997077924103419,0.0010640946244617278,0.9986436977858801,False,False,False,1.0
2022-12-05,2022-12-06 00:00:00,0.09312469976118008,0.0,-0.11969996735879272,0.09312469976118008,0.0,-0.11969996735879272,0.09312469976118008,0.11969996735879272,0.2128246671199728,-0.02657526759761264,True,1.0,0.0,0.0004501445200826293,-1.1962711078794791e-05,0.0,1.8221289993148356e-07,-1.2144923978726275e-05,1.2111003971846312,1.2110856884623769,-0.03184592125611474,0.9998485446666813,0.001064123335599864,0.9987844213310814,False,False,False,1.0
2022-12-06,2022-12-07 00:00:00,0.09492626789528709,0.0,0.0,0.09492626789528709,0.0,0.0,0.09492626789528709,0.0,0.09492626789528709,0.09492626789528709,False,1.0,0.0,-0.0010432345047821645,-9.90303580785589e-05,0.0,8.127248963637592e-08,-9.911163056819528e-05,1.210770183486735,1.2106501820796063,-0.032194069438208794,0.9998525071257904,0.00047463133947643545,0.999377875786314,False,False,False,1.0
2022-12-07,2022-12-08 00:00:00,0.09493793899875098,0.0,0.0,0.09493793899875098,0.0,0.0,0.09493793899875098,0.0,0.09493793899875098,0.09493793899875098,False,1.0,0.0,0.003653168655975758,0.00034682430301317567,0.0,8.128248201947858e-08,0.0003467430205311562,1.2083313411329735,1.2087503215920004,-0.033712837018110786,0.9999867872851099,0.0004746896949937549,0.9995120975901162,False,False,False,1.0
2022-12-08,2022-12-09 00:00:00,-0.09493757399337382,0.0,0.0,-0.09493757399337382,0.0,0.0,0.0,0.09493757399337382,0.09493757399337382,-0.09493757399337382,False,1.0,0.0,0.00022414704045847778,-2.127997623892249e-05,0.0,8.128216951487486e-08,-2.1361258408437363e-05,1.2066928730343858,1.2066670965561053,-0.0353781880619366,0.9998707188620941,0.0004746878699668691,0.9993960309921273,False,False,False,-1.0
2022-12-09,2022-12-10 00:00:00,-0.09496687424869431,0.0,0.0,-0.09496687424869431,0.0,0.0,0.0,0.09496687424869431,0.09496687424869431,-0.09496687424869431,False,1.0,0.0,0.0012538398846468901,-0.0001190732546532586,0.0,8.130725534990951e-08,-0.0001191545619086085,1.2042043286773088,1.2040608422380767,-0.03746165397378853,0.999863728657735,0.00047483437124347155,0.9993888942864915,False,False,False,-1.0
2022-12-10,2022-12-11 00:00:00,-0.09807927007486705,0.0,0.0,-0.09807927007486705,0.0,0.0,0.0,0.09807927007486705,0.09807927007486705,-0.09807927007486705,False,1.0,0.0,0.0013631876655020303,-0.00013370045120750116,0.0,8.397197780382453e-08,-0.000133784423185305,1.2041471865453999,1.2039860904086177,-0.03752141133800624,0.999763250861517,0.0004903963503743353,0.9992728545111427,False,False,False,-1.0
2022-12-11,2022-12-12 00:00:00,-0.1552374657970434,0.0,0.0,-0.1552374657970434,0.0,0.0,0.0,0.1552374657970434,0.1552374657970434,-0.1552374657970434,False,1.0,0.0,0.0007386975347933866,-0.00011467353329184863,0.0,1.3290878920979743e-07,-0.00011480644208105843,1.2046763093058275,1.2045380047048968,-0.037080205499187335,0.9997863791302951,0.000776187328985217,0.9990101918013099,False,False,False,-1.0
2022-12-12,2022-12-13 00:00:00,-0.2111573808029785,0.0,0.0,-0.2111573808029785,0.0,0.0,0.0,0.2111573808029785,0.2111573808029785,-0.2111573808029785,False,1.0,0.0,-0.001662603413132957,0.0003510709820312476,0.0,1.8078542876967335e-07,0.0003508901966024779,1.208827422340955,1.2092515880328387,-0.03331211958427571,0.9999255541991415,0.0010557869040148924,0.9988697672951267,False,False,False,-1.0
2022-12-13,2022-12-14 00:00:00,-0.2245626168514451,0.0,0.0,-0.2245626168514451,0.0,0.0,0.0,0.2245626168514451,0.2245626168514451,-0.2245626168514451,False,1.0,0.0,-0.0013648325629445068,0.00030649037189888314,0.0,1.922625144276071e-07,0.00030629810938445553,1.1928663128650625,1.1932316855614415,-0.04611859072543334,0.9997576634105158,0.0011228130842572256,0.9986348503262585,False,False,False,-1.0
2022-12-14,2022-12-15 00:00:00,0.22293564381245873,0.0,0.0,0.22293564381245873,0.0,0.0,0.22293564381245873,0.0,0.22293564381245873,0.22293564381245873,False,1.0,0.0,-0.0008735319809765052,-0.00019474141456976964,0.0,1.9086955805861193e-07,-0.00019493228412782826,1.1944935017109413,1.194260656364277,-0.04529602111771347,0.99970686478032,0.0011146782190622937,0.9985921865612577,False,False,False,1.0
2022-12-15,2022-12-16 00:00:00,0.20969422188017234,0.0,0.0,0.20969422188017234,0.0,0.0,0.20969422188017234,0.0,0.20969422188017234,0.20969422188017234,False,1.0,0.0,0.0010003465767667308,0.00020976689702559368,0.0,1.795327242124763e-07,0.0002095873643013812,1.181169420877732,1.181416979063447,-0.055563385915539,0.9993490475741412,0.0010484711094008617,0.9983005764647404,False,False,False,1.0
2022-12-16,2022-12-17 00:00:00,0.20973580586527873,0.0,0.0,0.20973580586527873,0.0,0.0,0.20973580586527873,0.0,0.20973580586527873,0.20973580586527873,False,1.0,0.0,-0.0015675801207618578,-0.0003287776798863792,0.0,1.7956832693945097e-07,-0.00032895724821331866,1.1685815166002556,1.1681971032402418,-0.06613148759542387,0.9995771062718192,0.0010486790293263938,0.9985284272424928,False,False,False,1.0
2022-12-17,2022-12-18 00:00:00,-0.1964406068102356,0.0,0.0,-0.1964406068102356,0.0,0.0,0.0,0.1964406068102356,0.1964406068102356,-0.1964406068102356,False,1.0,0.0,-0.00011015175522599563,2.163827763780712e-05,0.0,1.681854510361606e-07,2.1470092186770962e-05,1.1703902174871987,1.1704153458730626,-0.06435820212679966,0.9999016273237313,0.000982203034051178,0.9989194242896802,False,False,False,-1.0
2022-12-18,2022-12-19 00:00:00,-0.19851402676361818,0.0,0.0,-0.19851402676361818,0.0,0.0,0.0,0.19851402676361818,0.19851402676361818,-0.19851402676361818,False,1.0,0.0,0.0,-0.0,0.0,1.6996063935241283e-07,-1.6996063935241283e-07,1.1691413605422114,1.1691411618341983,-0.06537679766140891,0.9999998300393607,0.0009925701338180909,0.9990072599055426,False,False,False,-1.0
2022-12-19,2022-12-20 00:00:00,-0.1966641947108576,0.0,0.0,-0.1966641947108576,0.0,0.0,0.0,0.1966641947108576,0.1966641947108576,-0.1966641947108576,False,1.0,0.0,-0.002940455770644501,0.000578282366216695,0.0,1.683768790332685e-07,0.0005781139893376618,1.1696292713025085,1.1703054503465873,-0.06444605371583789,0.9999150833453134,0.0009833209735542882,0.9989317623717592,False,False,False,-1.0
2022-12-20,2022-12-21 00:00:00,-0.19768156539323467,0.0,0.0,-0.19768156539323467,0.0,0.0,0.0,0.19768156539323467,0.19768156539323467,-0.19768156539323467,False,1.0,0.0,-0.003927601217556309,0.0007764143569269056,0.0,1.6924791557639956e-07,0.0007762451090113292,1.1621122281343697,1.1630143120675813,-0.07027466298003249,0.9998170498722245,0.0009884078269661734,0.9988286420452583,False,False,False,-1.0
2022-12-21,2022-12-22 00:00:00,-0.19758619225874677,0.0,0.0,-0.19758619225874677,0.0,0.0,0.0,0.19758619225874677,0.19758619225874677,-0.19758619225874677,False,1.0,0.0,-4.9366869893763266e-05,9.754211846041647e-06,0.0,1.6916626049550237e-07,9.585045585546145e-06,1.1633344673763486,1.1633456179902495,-0.07000981369364512,0.9999022887152794,0.0009879309612937338,0.9989143577539857,False,False,False,-1.0
2022-12-22,2022-12-23 00:00:00,-0.19659110758354126,0.0,0.0,-0.19659110758354126,0.0,0.0,0.0,0.19659110758354126,0.19659110758354126,-0.19659110758354126,False,1.0,0.0,-0.0002022108385009158,3.9752852706291625e-05,0.0,1.6831430443796339e-07,3.9584538401853664e-05,1.1687183256667484,1.1687645888421916,-0.06567783389825765,0.9997845037335366,0.0009829555379177062,0.9988015481956188,False,False,False,-1.0
2022-12-23,2022-12-24 00:00:00,-0.2051850300953168,0.0,0.0,-0.2051850300953168,0.0,0.0,0.0,0.2051850300953168,0.2051850300953168,-0.2051850300953168,False,1.0,0.0,-0.002968353912830235,0.0006090617869376232,0.0,1.7567211480763422e-07,0.0006088861148228155,1.1614616705116672,1.1621688683957405,-0.07095051915357875,0.999984723622424,0.0010259251504765841,0.9989587984719474,False,False,False,-1.0
2022-12-24,2022-12-25 00:00:00,-0.2017896938108012,0.0,0.0,-0.2017896938108012,0.0,0.0,0.0,0.2017896938108012,0.2017896938108012,-0.2017896938108012,False,1.0,0.0,0.00017231334772005447,-3.477105767594391e-05,0.0,1.7276514881061745e-07,-3.4943822824754526e-05,1.162250869286987,1.1622102557985328,-0.07091743364757075,0.9999220062962431,0.001008948469054006,0.9989130578271891,False,False,False,-1.0
2022-12-25,2022-12-26 00:00:00,-0.20081478486217838,0.0,0.0,-0.20081478486217838,0.0,0.0,0.0,0.20081478486217838,0.20081478486217838,-0.20081478486217838,False,1.0,0.0,0.0002807968022200402,-5.638814942780503e-05,0.0,1.7193046649159108e-07,-5.656007989429662e-05,1.1637336766837703,1.1636678558140414,-0.06975221353669359,0.9997162288474114,0.001004073924310892,0.9987121549231005,False,False,False,-1.0
2022-12-26,2022-12-27 00:00:00,-0.20474714848801598,0.0,0.0,-0.20474714848801598,0.0,0.0,0.0,0.20474714848801598,0.20474714848801598,-0.20474714848801598,False,1.0,0.0,0.0005185185185185848,-0.00010616518810491074,0.0,1.7529721617124656e-07,-0.00010634048532108199,1.1628816383907923,1.1627579769929948,-0.07047957981651265,0.999787494326574,0.00102373574244008,0.9987637585841339,False,False,False,-1.0
2022-12-27,2022-12-28 00:00:00,-0.20466850259463784,0.0,0.0,-0.20466850259463784,0.0,0.0,0.0,0.20466850259463784,0.20466850259463784,-0.20466850259463784,False,1.0,0.0,-0.0006928235032126473,0.00014179914896490377,0.0,1.752298823584228e-07,0.00014162391908254535,1.1633465770063585,1.1635113347078454,-0.06987733808305452,0.9997854379615636,0.0010233425129731893,0.9987620954485904,False,False,False,-1.0
2022-12-28,2022-12-29 00:00:00,-0.2062618405673112,0.0,0.0,-0.2062618405673112,0.0,0.0,0.0,0.2062618405673112,0.2062618405673112,-0.2062618405673112,False,1.0,0.0,-0.002833930023728004,0.0005845316227331021,0.0,1.7659404158160203e-07,0.0005843550286915205,1.1616676823009384,1.1623465086527593,-0.0708085117456635,0.9997853798520563,0.001031309202836556,0.9987540706492197,False,False,False,-1.0
2022-12-29,2022-12-30 00:00:00,-0.2063781914286426,0.0,0.0,-0.2063781914286426,0.0,0.0,0.0,0.2063781914286426,0.2063781914286426,-0.2063781914286426,False,1.0,0.0,-0.001977483278633896,0.00040810942262484596,0.0,1.7669365704507074e-07,0.0004079327289678009,1.1594533381524768,1.1599263171168201,-0.07274323719835696,0.9999741021242448,0.0010318909571432131,0.9989422111671016,False,False,False,-1.0
2022-12-30,2022-12-31 00:00:00,-0.2164619962264594,0.0,0.0,-0.2164619962264594,0.0,0.0,0.0,0.2164619962264594,0.2164619962264594,-0.2164619962264594,False,1.0,0.0,-0.001178358321215378,0.0002550697944803402,0.0,1.8532705156374948e-07,0.00025488446742877644,1.1608241541567923,1.161120030203103,-0.07178897095250436,0.9998098690813141,0.001082309981132297,0.9987275591001817,False,False,False,-1.0
2022-12-31,2023-01-01 00:00:00,-0.2252640578737919,0.0,0.0,-0.2252640578737919,0.0,0.0,0.0,0.2252640578737919,0.2252640578737919,-0.2252640578737919,False,1.0,0.0,-0.00032410331416399263,7.300882771892539e-05,0.0,1.928630632481095e-07,7.281596465567728e-05,1.1592959834530896,1.1593803987084461,-0.07317964986408643,0.999874381714958,0.0011263202893689594,0.998748061425589,False,False,False,-1.0
2023-01-01,2023-01-02 00:00:00,-0.2430426743814498,0.25,0.0,-0.2430426743814498,0.25,0.0,0.25,0.2430426743814498,0.4930426743814498,0.0069573256185501975,True,1.0,0.0,0.0005185160405445366,3.6074849325097175e-06,0.0,4.2212557738137826e-07,3.185359355128339e-06,1.1605880865018436,1.1605917833919626,-0.0722112567656894,0.9997134964456453,0.002465213371907249,0.9972482830737381,False,False,False,-1.0
2023-01-02,2023-01-03 00:00:00,-0.24270461630374632,0.0,0.0,-0.24270461630374632,0.0,0.0,0.0,0.24270461630374632,0.24270461630374632,-0.24270461630374632,False,1.0,0.0,-0.001188320043271296,0.0002884107601482111,0.0,2.0779504820526224e-07,0.0002882029651000058,1.1589338737538186,1.1592678819325892,-0.07326959690624102,0.9999997922049518,0.0012135230815187316,0.998786269123433,False,False,False,-1.0
2023-01-03,2023-01-04 00:00:00,-0.2431298517420524,0.0,0.0,-0.2431298517420524,0.0,0.0,0.0,0.2431298517420524,0.2431298517420524,-0.2431298517420524,False,1.0,0.0,0.0019263521669394823,-0.0004683537167509777,0.0,2.0815911964216814e-07,-0.0004685618758706199,1.1613696181663589,1.1608254446394917,-0.07202446561458031,0.9994570643579501,0.001215649258710262,0.9982414150992398,False,False,False,-1.0
2023-01-04,2023-01-05 00:00:00,-0.23972174903626087,0.0,0.0,-0.23972174903626087,0.0,0.0,0.0,0.23972174903626087,0.23972174903626087,-0.23972174903626087,False,1.0,0.0,0.0019868342309994347,-0.00047628737690029883,0.0,2.0524122348994937e-07,-0.00047649261812378877,1.151440451842854,1.1508917989673417,-0.07996552186345629,0.9990912144213161,0.0011986087451813043,0.9978926056761348,False,False,False,-1.0
2023-01-05,2023-01-06 00:00:00,0.24004669584571242,0.0,0.0,0.24004669584571242,0.0,0.0,0.24004669584571242,0.0,0.24004669584571242,0.24004669584571242,False,1.0,0.0,-0.0016062909064754605,-0.00038558482466644853,0.0,2.055194313747538e-07,-0.00038579034409782326,1.1493585442264012,1.1489151327981324,-0.08154568867763512,0.9993801730956569,0.0012002334792285622,0.9981799396164283,False,False,False,1.0
2023-01-06,2023-01-07 00:00:00,0.22992275337123624,0.0,0.0,0.22992275337123624,0.0,0.0,0.22992275337123624,0.0,0.22992275337123624,0.22992275337123624,False,1.0,0.0,0.00361708216738732,0.0008316494910956914,0.0,1.9685167240688032e-07,0.0008314526394232845,1.150727777601461,1.1516845532494056,-0.07933178611797309,0.9999998031483276,0.0011496137668561813,0.9988501893814714,False,False,False,1.0
2023-01-07,2023-01-08 00:00:00,0.23043865988497245,0.0,0.0,0.23043865988497245,0.0,0.0,0.23043865988497245,0.0,0.23043865988497245,0.23043865988497245,False,1.0,0.0,0.001028985736674537,0.00023711809420003143,0.0,1.9729337318918875e-07,0.00023692080082684223,1.1518640501148443,1.152136950668041,-0.0789701350719425,0.9999979787212868,0.0011521932994248622,0.998845785421862,False,False,False,1.0
2023-01-08,2023-01-09 00:00:00,0.23185309240854673,0.0,0.0,0.23185309240854673,0.0,0.0,0.23185309240854673,0.0,0.23185309240854673,0.23185309240854673,False,1.0,0.0,0.005507424766052704,0.0012769134632167364,0.0,1.9850435993882426e-07,0.0012767149588567975,1.1526910997149438,1.154162757684891,-0.07735068456997074,0.9999869957732296,0.0011592654620427338,0.9988277303111869,False,False,False,1.0
2023-01-09,2023-01-10 00:00:00,0.23298177850760243,0.0,0.0,0.23298177850760243,0.0,0.0,0.23298177850760243,0.0,0.23298177850760243,0.23298177850760243,False,1.0,0.0,0.002823267932632101,0.0006577699841481087,0.0,1.9947070077705688e-07,0.0006575705134473316,1.1661090179246953,1.1668758168303477,-0.0671877372391233,0.9998213629272166,0.0011649088925380121,0.9986564540346785,False,False,False,1.0
2023-01-10,2023-01-11 00:00:00,0.23641236414770747,0.0,0.0,0.23641236414770747,0.0,0.0,0.23641236414770747,0.0,0.23641236414770747,0.23641236414770747,False,1.0,0.0,0.00363551514421645,0.0008594807301390046,0.0,2.0240784601687284e-07,0.0008592783222929878,1.1654261576724851,1.1664275831060062,-0.06754605978606276,0.9999303985269875,0.0011820618207385373,0.998748336706249,False,False,False,1.0
2023-01-11,2023-01-12 00:00:00,0.2209170130117495,0.0,0.0,0.2209170130117495,0.0,0.0,0.2209170130117495,0.0,0.2209170130117495,0.2209170130117495,False,1.0,0.0,-0.0015019094627843899,-0.0003317973523324088,0.0,1.8914127826348417e-07,-0.0003319864936106723,1.164771129597462,1.164384441314288,-0.0691793678813929,0.9993478874177067,0.0011045850650587476,0.998243302352648,False,False,False,1.0
2023-01-12,2023-01-13 00:00:00,0.221030064001891,0.0,0.0,0.221030064001891,0.0,0.0,0.221030064001891,0.0,0.221030064001891,0.221030064001891,False,1.0,0.0,0.0006718391053703865,0.00014849664045898974,0.0,1.892380684947697e-07,0.00014830740239049498,1.1762648628007302,1.1764393115870553,-0.05954258335450635,0.9998688782402364,0.0011051503200094552,0.9987637279202269,False,False,False,1.0
2023-01-13,2023-01-14 00:00:00,0.22340587568420017,0.0,0.0,0.22340587568420017,0.0,0.0,0.22340587568420017,0.0,0.22340587568420017,0.22340587568420017,False,1.0,0.0,0.002129144605579558,0.0004756634150677922,0.0,1.9127215383921247e-07,0.000475472142913953,1.1827376085083994,1.1832999672936217,-0.05405810618790474,0.9999352319065952,0.001117029378421001,0.9988182025281742,False,False,False,1.0
2023-01-14,2023-01-15 00:00:00,0.23264840182106583,0.0,0.0,0.23264840182106583,0.0,0.0,0.23264840182106583,0.0,0.23264840182106583,0.23264840182106583,False,1.0,0.0,0.0012345435800451554,0.00028721459087596246,0.0,1.9918527553173445e-07,0.00028701540560043074,1.2030349096298887,1.2033801991824276,-0.038005766877419744,0.9996209219927179,0.0011632420091053292,0.9984576799836126,False,False,False,1.0
2023-01-15,2023-01-16 00:00:00,0.2288418014108264,0.0,0.0,0.2288418014108264,0.0,0.0,0.2288418014108264,0.0,0.2288418014108264,0.2288418014108264,False,1.0,0.0,0.0033912510879725577,0.0007760600080080651,0.0,1.959261998380363e-07,0.0007758640818082271,1.2081555188569046,1.2090928833292243,-0.033438989720372514,0.9997740679878206,0.001144209007054132,0.9986298589807665,False,False,False,1.0
2023-01-16,2023-01-17 00:00:00,0.22014353797765682,0.0,0.0,0.22014353797765682,0.0,0.0,0.22014353797765682,0.0,0.22014353797765682,0.22014353797765682,False,1.0,0.0,0.0009883274012156829,0.00021757389078388354,0.0,1.8847905648771987e-07,0.00021738541172739584,1.207797003984288,1.208059561433282,-0.03426503763567901,0.999563241687802,0.001100717689888284,0.9984625239979137,False,False,False,1.0
2023-01-17,2023-01-18 00:00:00,0.24814671348797118,0.0,0.0,0.24814671348797118,0.0,0.0,0.24814671348797118,0.0,0.24814671348797118,0.24814671348797118,False,1.0,0.0,0.0016894799589424192,0.0004192388993153538,0.0,2.124543779862767e-07,0.0004190264449373675,1.2116076391423198,1.2121153347840086,-0.031022811631875813,0.9991312511089272,0.001240733567439856,0.9978905175414874,False,False,False,1.0
2023-01-18,2023-01-19 00:00:00,0.25444536008014573,0.0,0.0,0.25444536008014573,0.0,0.0,0.25444536008014573,0.0,0.25444536008014573,0.25444536008014573,False,1.0,0.0,-0.01790284570357048,-0.0045552960215042805,0.0,2.1784705486313847e-07,-0.004555513868559144,1.213615508876608,1.2080868665948223,-0.03424320961494698,0.9922093555174426,0.0012722268004007288,0.9909371287170419,False,False,False,1.0
2023-01-19,2023-01-20 00:00:00,0.25439533471534065,0.0,0.0,0.25439533471534065,0.0,0.0,0.25439533471534065,0.0,0.25439533471534065,0.25439533471534065,False,1.0,0.0,-0.0018033854166666918,-0.00045877283669368713,0.0,2.1780422492751765e-07,-0.00045899064091861467,1.2054103181769278,1.204857046122418,-0.036825160581553606,0.999276014218753,0.0012719766735767033,0.9980040375451763,False,False,False,1.0
2023-01-20,2023-01-21 00:00:00,0.25148855197422404,0.0,0.0,0.25148855197422404,0.0,0.0,0.25148855197422404,0.0,0.25148855197422404,0.25148855197422404,False,1.0,0.0,0.0008709406799742858,0.00021903161046217922,0.0,2.1531554107382194e-07,0.0002188162949211054,1.2104388697886148,1.2107037335373303,-0.032151259864359405,0.9997855846536393,0.0012574427598711201,0.9985281418937682,False,False,False,1.0
2023-01-21,2023-01-22 00:00:00,0.2527929678373389,0.0,0.0,0.2527929678373389,0.0,0.0,0.2527929678373389,0.0,0.2527929678373389,0.2527929678373389,False,1.0,0.0,-0.009246225109787565,-0.0023373806867953233,0.0,2.1643233547717372e-07,-0.0023375971191308006,1.2298798507654978,1.2270048871694712,-0.019119953716876803,0.9970784378947082,0.0012639648391866945,0.9958144730555215,False,False,False,1.0
2023-01-22,2023-01-23 00:00:00,0.2524930143870232,0.0,0.0,0.2524930143870232,0.0,0.0,0.2524930143870232,0.0,0.2524930143870232,0.2524930143870232,False,1.0,0.0,-6.115235497761162e-06,-1.5440542445162441e-06,0.0,2.1617552601628698e-07,-1.7602297705325312e-06,1.2248663512389735,1.2248641951927572,-0.02083124441111439,0.9997064135180179,0.001262465071935116,0.9984439484460828,False,False,False,1.0
2023-01-23,2023-01-24 00:00:00,0.24592343202452394,0.0,0.0,0.24592343202452394,0.0,0.0,0.24592343202452394,0.0,0.24592343202452394,0.24592343202452394,False,1.0,0.0,-0.0007706107552601926,-0.00018951124168859704,0.0,2.1055088358264034e-07,-0.0001897217925721797,1.2224844508029056,1.2222525188615077,-0.02291904473486217,0.999581348627468,0.0012296171601226197,0.9983517314673453,False,False,False,1.0
2023-01-24,2023-01-25 00:00:00,0.24570820413415356,0.0,0.0,0.24570820413415356,0.0,0.0,0.24570820413415356,0.0,0.24570820413415356,0.24570820413415356,False,1.0,0.0,0.0012416298089990008,0.0003050786305685766,0.0,2.1036661312855612e-07,0.000304868263955448,1.2219080417198187,1.2222805627032112,-0.022896626205779147,0.9998404201995078,0.001228541020670768,0.9986118791788371,False,False,False,1.0
2023-01-25,2023-01-26 00:00:00,0.24354063823727917,0.0,0.0,0.24354063823727917,0.0,0.0,0.24354063823727917,0.0,0.24354063823727917,0.24354063823727917,False,1.0,0.0,0.001699466808505079,0.00041388923120639883,0.0,2.085108204086294e-07,0.0004136807203859902,1.2076283365219218,1.2081279090821329,-0.034210399837843686,0.9999571387821469,0.0012177031911863958,0.9987394355909605,False,False,False,1.0
2023-01-26,2023-01-27 00:00:00,0.24494271424220926,0.0,0.0,0.24494271424220926,0.0,0.0,0.24494271424220926,0.0,0.24494271424220926,0.24494271424220926,False,1.0,0.0,-0.009214723620595056,-0.0022570794146203506,0.0,2.0971122794709697e-07,-0.0022572891258482975,1.2197251260518647,1.2169718537883039,-0.027140461499842394,0.9965294734606134,0.0012247135712110462,0.9953047598894024,False,False,False,1.0
2023-01-27,2023-01-28 00:00:00,0.22038464773887906,0.0,0.0,0.22038464773887906,0.0,0.0,0.22038464773887906,0.0,0.22038464773887906,0.22038464773887906,False,1.0,0.0,-0.010450180977277235,-0.0023030594534847785,0.0,1.886854860778074e-07,-0.0023032481389708565,1.2171154044464079,1.214312085656204,-0.029266706892829286,0.9975956554448508,0.0011019232386943953,0.9964937322061564,False,False,False,1.0
2023-01-28,2023-01-29 00:00:00,0.21846503603055192,0.0,0.0,0.21846503603055192,0.0,0.0,0.21846503603055192,0.0,0.21846503603055192,0.21846503603055192,False,1.0,0.0,-0.0011643064150751448,-0.00025436024291999426,0.0,1.870419829028698e-07,-0.0002545472849028971,1.2152840701982783,1.2149747229378236,-0.02873698798603397,0.9996970689732373,0.0010923251801527596,0.9986047437930845,False,False,False,1.0
2023-01-29,2023-01-30 00:00:00,0.2210959655358771,0.0,0.0,0.2210959655358771,0.0,0.0,0.2210959655358771,0.0,0.2210959655358771,0.2210959655358771,False,1.0,0.0,-0.0013013410009171666,-0.00028772124508920566,0.0,1.8929449104099066e-07,-0.00028791053958024664,1.2209659403271043,1.2206144113644155,-0.024228564341806202,0.9996312534915613,0.0011054798276793855,0.998525773663882,False,False,False,1.0
2023-01-30,2023-01-31 00:00:00,0.22079355492776026,0.0,0.0,0.22079355492776026,0.0,0.0,0.22079355492776026,0.0,0.22079355492776026,0.22079355492776026,False,1.0,0.0,0.003882990853117718,0.0008573393542118376,0.0,1.8903557784910982e-07,0.0008571503186339885,1.215138036447307,1.2161795924024321,-0.027773803219152793,0.9996557563459293,0.0011039677746388014,0.9985517885712905,False,False,False,1.0
2023-01-31,2023-02-01 00:00:00,0.22135666525027956,0.0,0.0,0.22135666525027956,0.0,0.0,0.22135666525027956,0.0,0.22135666525027956,0.22135666525027956,False,1.0,0.0,-0.0014642300537931474,-0.00032411708186688855,0.0,1.8951769285126675e-07,-0.0003243065995597398,1.217337482104028,1.2169426915246901,-0.027163774106647942,0.999483727060107,0.0011067833262513977,0.9983769437338557,False,False,False,1.0
2023-02-01,2023-02-02 00:00:00,0.2169701828843991,0.0,0.0,0.2169701828843991,0.0,0.0,0.2169701828843991,0.0,0.2169701828843991,0.2169701828843991,False,1.0,0.0,-0.0027591793340000503,-0.0005986596447088454,0.0,1.8576214288047868e-07,-0.0005988454068517259,1.2154903411520441,1.2147624503441725,-0.0289066808321361,0.9988821331580567,0.0010848509144219954,0.9977972822436347,False,False,False,1.0
2023-02-02,2023-02-03 00:00:00,0.21806252450409652,0.0,0.0,0.21806252450409652,0.0,0.0,0.21806252450409652,0.0,0.21806252450409652,0.21806252450409652,False,1.0,0.0,0.0026771841759292148,0.0005837935399655438,0.0,1.8669736686994566e-07,0.0005836068425986739,1.2309844995766943,1.23170291055378,-0.015364306577385412,0.9995893334698448,0.0010903126225204826,0.9984990208473243,False,False,False,1.0
2023-02-03,2023-02-04 00:00:00,0.21678250857542636,0.0,0.0,0.21678250857542636,0.0,0.0,0.21678250857542636,0.0,0.21678250857542636,0.21678250857542636,False,1.0,0.0,-0.002716348460136242,-0.000588856833353331,0.0,1.8560146282142667e-07,-0.0005890424348161524,1.2301560414540724,1.2294314273442104,-0.017180153098480977,0.999261468523604,0.0010839125428771317,0.9981775559807269,False,False,False,1.0
2023-02-04,2023-02-05 00:00:00,0.20244003246867145,0.0,0.0,0.20244003246867145,0.0,0.0,0.20244003246867145,0.0,0.20244003246867145,0.20244003246867145,False,1.0,0.0,0.0015077473182358858,0.00030522841605822503,0.0,1.7332194560673924e-07,0.0003050550941126183,1.2316837998521968,1.2320595312696776,-0.01507922039071008,0.9997778423754666,0.0010122001623433573,0.9987656422131233,False,False,False,1.0
2023-02-05,2023-02-06 00:00:00,0.20392196667410298,0.0,-0.1992891854893896,0.20392196667410298,0.0,-0.1992891854893896,0.20392196667410298,0.1992891854893896,0.40321115216349257,0.004632781184713386,True,1.0,0.0,-0.0005467933607135045,-2.533173993439723e-06,0.0,3.4521502753723676e-07,-2.8783890209769596e-06,1.22934217980334,1.2293386412783065,-0.017254327212675613,0.9991454143769597,0.002016055760817463,0.9971293586161423,False,False,False,1.0
2023-02-06,2023-02-07 00:00:00,0.20505050283611076,0.0,0.0,0.20505050283611076,0.0,0.0,0.20505050283611076,0.0,0.20505050283611076,0.20505050283611076,False,1.0,0.0,0.0130910163668434,0.0026843194886569948,0.0,1.7555693735968388e-07,0.002684143931719635,1.2298193917692846,1.233120404026813,-0.014231148039898112,0.9999645376141038,0.0010252525141805538,0.9989392850999232,False,True,False,1.0
2023-02-07,2023-02-08 00:00:00,0.20028770930812398,0.0,0.0,0.20028770930812398,0.0,0.0,0.20028770930812398,0.0,0.20028770930812398,0.20028770930812398,False,1.0,0.0,-0.0017989023024724826,-0.0003602980214313235,0.0,1.7147920317476367e-07,-0.0003604695006344983,1.231039359115278,1.2305956069722361,-0.016249496196165003,0.999493695585929,0.00100143854654062,0.9984922570393884,False,False,False,1.0
2023-02-08,2023-02-09 00:00:00,0.20030639623725985,0.0,0.0,0.20030639623725985,0.0,0.0,0.20030639623725985,0.0,0.20030639623725985,0.20030639623725985,False,1.0,0.0,-0.0024489254284111306,-0.0004905354272188213,0.0,1.7149520225792794e-07,-0.0004907069224210792,1.2346775180365799,1.2340716532315217,-0.01347070985933485,0.9992906061014051,0.0010015319811862993,0.9982890741202187,False,False,False,1.0
2023-02-09,2023-02-10 00:00:00,0.19858863980634744,0.0,0.0,0.19858863980634744,0.0,0.0,0.19858863980634744,0.0,0.19858863980634744,0.19858863980634744,False,1.0,0.0,0.0018101602145192963,0.00035947725483295316,0.0,1.7002452038214677e-07,0.000359307230312571,1.2304928425157216,1.2309349674908852,-0.015978207984748805,0.9999547429977548,0.0009929431990317373,0.998961799798723,False,False,False,1.0
2023-02-10,2023-02-11 00:00:00,0.2061590138352604,0.0,0.0,0.2061590138352604,0.0,0.0,0.2061590138352604,0.0,0.2061590138352604,0.2061590138352604,False,1.0,0.0,-0.0022477358812043047,-0.00046339101263120946,0.0,1.765060049959421e-07,-0.0004635675186362054,1.213999623266773,1.21343685247379,-0.029966377100708597,0.9970303382293788,0.001030795069176302,0.9959995431602026,False,False,False,1.0
2023-02-11,2023-02-12 00:00:00,-0.2044747931720529,0.25,0.0,-0.2044747931720529,0.25,0.0,0.25,0.2044747931720529,0.45447479317205286,0.04552520682794711,True,1.0,0.0,0.0012030846301009923,5.477067661687192e-05,0.0,3.891051311404562e-07,5.438157148573146e-05,1.2139072650510203,1.2139732792357318,-0.029537552152590574,0.9996041988159681,0.0022723739658602644,0.9973318248501079,False,False,False,-1.0
2023-02-12,2023-02-13 00:00:00,-0.18067164129410562,0.0,0.0,-0.18067164129410562,0.0,0.0,0.0,0.18067164129410562,0.18067164129410562,-0.18067164129410562,False,1.0,0.0,0.001774078881286778,-0.000320525743267293,0.0,1.5468462439563837e-07,-0.0003206804278916886,1.2105323911386618,1.2101441970934947,-0.03259855892458774,0.9994389252646578,0.0009033582064705281,0.9985355670581872,False,False,False,-1.0
2023-02-13,2023-02-14 00:00:00,-0.18730166211172602,0.0,0.0,-0.18730166211172602,0.0,0.0,0.0,0.18730166211172602,0.18730166211172602,-0.18730166211172602,False,1.0,0.0,-0.004619326994402928,0.0008652076238892322,0.0,1.6036101208195722e-07,0.0008650472628771503,1.2180228350820663,1.2190764824016758,-0.025458000220934807,0.9998482704202044,0.0009365083105586301,0.9989117621096458,False,False,False,-1.0
2023-02-14,2023-02-15 00:00:00,-0.18933118413158262,0.0,0.0,-0.18933118413158262,0.0,0.0,0.0,0.18933118413158262,0.18933118413158262,-0.18933118413158262,False,1.0,0.0,0.002778463016579913,-0.000526049692994884,0.0,1.620986165510125e-07,-0.000526211791611435,1.2090636594702178,1.2084274359157958,-0.033970955074796194,0.9990558982653552,0.0009466559206579131,0.9981092423446973,False,False,False,-1.0
2023-02-15,2023-02-16 00:00:00,-0.20394927167488405,0.0,0.0,-0.20394927167488405,0.0,0.0,0.0,0.20394927167488405,0.20394927167488405,-0.20394927167488405,False,1.0,0.0,0.002863455702149853,-0.0005839997049267563,0.0,1.7461410246137332e-07,-0.0005841743190292177,1.203560308631676,1.2028572196079703,-0.038423842008629805,0.9989664955310604,0.0010197463583744202,0.997946749172686,False,False,False,-1.0
2023-02-16,2023-02-17 00:00:00,-0.19579094201564926,0.0,0.0,-0.19579094201564926,0.0,0.0,0.0,0.19579094201564926,0.19579094201564926,-0.19579094201564926,False,1.0,0.0,0.0072203431415502894,-0.0014136777853603635,0.0,1.6762923117778188e-07,-0.0014138454145915412,1.183876380041562,1.182202561850197,-0.05493538313553037,0.9979216345261088,0.0009789547100782464,0.9969426798160306,False,False,False,-1.0
2023-02-17,2023-02-18 00:00:00,0.19368413610785057,0.0,0.0,0.19368413610785057,0.0,0.0,0.19368413610785057,0.0,0.19368413610785057,0.19368413610785057,False,1.0,0.0,-0.0012777034772640805,-0.00024747089419589014,0.0,1.658254589964474e-07,-0.0002476367196548866,1.181797777244628,1.1815051207197758,-0.05549292458906563,0.9994921719196251,0.0009684206805392529,0.9985237512390859,False,False,False,1.0
2023-02-18,2023-02-19 00:00:00,0.16796322627065985,0.0,0.0,0.16796322627065985,0.0,0.0,0.16796322627065985,0.0,0.16796322627065985,0.16796322627065985,False,1.0,0.0,-0.00040095285266161795,-6.734533471546987e-05,0.0,1.438041320810444e-07,-6.748913884755092e-05,1.1844480133028477,1.1843680759264201,-0.05320424940531965,0.9999107226646269,0.0008398161313532993,0.9990709065332736,False,False,False,1.0
2023-02-19,2023-02-20 00:00:00,0.16558979112820618,0.0,0.0,0.16558979112820618,0.0,0.0,0.16558979112820618,0.0,0.16558979112820618,0.16558979112820618,False,1.0,0.0,0.0004617965639996946,7.646879657643273e-05,0.0,1.41772081445382e-07,7.632702449498735e-05,1.1861556565537223,1.186246192285575,-0.051702864300373075,0.9996097705694337,0.0008279489556410309,0.9987818216137927,False,False,False,1.0
2023-02-20,2023-02-21 00:00:00,0.1658393216590689,0.0,0.0,0.1658393216590689,0.0,0.0,0.1658393216590689,0.0,0.1658393216590689,0.1658393216590689,False,1.0,0.0,-0.0018356454281320822,-0.0003044221926079956,0.0,1.4198572059851788e-07,-0.00030456417832859414,1.1861830058492557,1.1858217369967319,-0.052042178126845307,0.999556797689369,0.0008291966082953445,0.9987276010810736,False,False,False,1.0
2023-02-21,2023-02-22 00:00:00,0.16644019349130026,0.0,0.0,0.16644019349130026,0.0,0.0,0.16644019349130026,0.0,0.16644019349130026,0.16644019349130026,False,1.0,0.0,-0.0007169272498073198,-0.00011932551017711608,0.0,1.425001656603598e-07,-0.00011946801034277643,1.1819343911647269,1.1817931878146588,-0.05526264085644472,0.9997204369301695,0.0008322009674565014,0.998888235962713,False,False,False,1.0
2023-02-22,2023-02-23 00:00:00,0.1739343126539867,0.0,0.0,0.1739343126539867,0.0,0.0,0.1739343126539867,0.0,0.1739343126539867,0.1739343126539867,False,1.0,0.0,-0.0017749027514085691,-0.0003087164900939193,0.0,1.4891636357361876e-07,-0.0003088654064574929,1.1749223154911734,1.1745594226326432,-0.06104538548992777,0.999570659865701,0.0008696715632699335,0.9987009883024311,False,False,False,1.0
2023-02-23,2023-02-24 00:00:00,0.17266518468696054,0.0,0.0,0.17266518468696054,0.0,0.0,0.17266518468696054,0.0,0.17266518468696054,0.17266518468696054,False,1.0,0.0,-0.0016157134158473196,-0.0002789774553484773,0.0,1.4782978141006897e-07,-0.0002791252851298874,1.1801417458602124,1.1798123384589054,-0.05684615175201535,0.9993804805809188,0.0008633259234348028,0.9985171546574839,False,False,False,1.0
2023-02-24,2023-02-25 00:00:00,0.1690119918962362,0.0,0.0,0.1690119918962362,0.0,0.0,0.1690119918962362,0.0,0.1690119918962362,0.1690119918962362,False,1.0,0.0,-0.002736471568682397,-0.00046249651059043003,0.0,1.4470204785636662e-07,-0.0004626412126382864,1.1739647944860643,1.1734216699899487,-0.06195491639440476,0.9991684127073225,0.000845059959481181,0.9983233527478413,False,False,False,1.0
2023-02-25,2023-02-26 00:00:00,0.16715008232092343,0.0,0.0,0.16715008232092343,0.0,0.0,0.16715008232092343,0.0,0.16715008232092343,0.16715008232092343,False,1.0,0.0,0.0009839127137816206,0.00016446109110520107,0.0,1.431079471925714e-07,0.0001643179831580085,1.1724583521074752,1.1726510080992303,-0.06257099126007237,0.9998710115786392,0.0008357504116046172,0.9990352611670346,False,False,False,1.0
2023-02-26,2023-02-27 00:00:00,0.17100066628394486,0.0,0.0,0.17100066628394486,0.0,0.0,0.17100066628394486,0.0,0.17100066628394486,0.17100066628394486,False,1.0,0.0,0.0011727278398103724,0.00020053724197730504,0.0,1.46404680037624e-07,0.0002003908372972674,1.1733865090103652,1.1736216449153791,-0.061795054427950635,0.9999571860970269,0.0008550033314197244,0.9991021827656071,False,False,False,1.0
2023-02-27,2023-02-28 00:00:00,0.17349782254818566,0.0,0.0,0.17349782254818566,0.0,0.0,0.17349782254818566,0.0,0.17349782254818566,0.17349782254818566,False,1.0,0.0,0.00015206997652028598,2.6383809801223336e-05,0.0,1.4854265629125482e-07,2.6235267144932083e-05,1.178543791494334,1.1785747109055458,-0.05783552366447864,0.9994901162519837,0.0008674891127409283,0.9986226271392428,False,False,False,1.0
2023-02-28,2023-03-01 00:00:00,0.1737696222672554,0.0,-0.10198563990594545,0.1737696222672554,0.0,-0.10198563990594545,0.1737696222672554,0.10198563990594545,0.27575526217320084,0.07178398236130995,True,1.0,0.0,-0.00016450675391621594,-1.1808949921438002e-05,0.0,2.36091834052398e-07,-1.20450417554904e-05,1.1765163678776416,1.1765021966888645,-0.0594923123717106,0.9995059086159177,0.0013787763108660043,0.9981271323050517,False,False,False,1.0
2023-03-01,2023-03-02 00:00:00,0.17208788808429565,0.0,0.0,0.17208788808429565,0.0,0.0,0.17208788808429565,0.0,0.17208788808429565,0.17208788808429565,False,1.0,0.0,-0.0010006088041519812,-0.00017219265590506704,0.0,1.4733552062011613e-07,-0.00017233999142568716,1.1773613827127551,1.1771584762621534,-0.05896767588089158,0.9996067140103346,0.0008604394404214782,0.9987462745699132,False,False,False,1.0
2023-03-02,2023-03-03 00:00:00,0.1732828180118423,0.0,0.0,0.1732828180118423,0.0,0.0,0.1732828180118423,0.0,0.1732828180118423,0.1732828180118423,False,1.0,0.0,0.0009836105885678847,0.00017044281461332987,0.0,1.4835857706493348e-07,0.00017029445603626494,1.173384142097066,1.173583962911266,-0.06182517780099095,0.9998762806008282,0.0008664140900592115,0.9990098665107691,False,False,False,1.0
2023-03-03,2023-03-04 00:00:00,0.17404564579861165,0.0,0.0,0.17404564579861165,0.0,0.0,0.17404564579861165,0.0,0.17404564579861165,0.17404564579861165,False,1.0,0.0,-0.0002551622512966256,-4.440987881034884e-05,0.0,1.4901168304675656e-07,-4.45588904933956e-05,1.1659877301258648,1.1659357750062815,-0.06793921612689302,0.9997444941851575,0.0008702282289930583,0.9988742659561645,False,False,False,1.0
2023-03-04,2023-03-05 00:00:00,0.1729246343586156,0.0,0.0,0.1729246343586156,0.0,0.0,0.1729246343586156,0.0,0.1729246343586156,0.1729246343586156,False,1.0,0.0,-0.002680794025659017,-0.00046357532667784664,0.0,1.4805191297826679e-07,-0.0004637233785908249,1.1658588952240818,1.1653182591982283,-0.06843286447395147,0.9994512878115183,0.000864623171793078,0.9985866646397252,False,False,False,1.0
2023-03-05,2023-03-06 00:00:00,0.16864796577250601,0.0,0.0,0.16864796577250601,0.0,0.0,0.16864796577250601,0.0,0.16864796577250601,0.16864796577250601,False,1.0,0.0,-0.00047770396366897394,-8.056380171423557e-05,0.0,1.4439038165454282e-07,-8.070819209589011e-05,1.1662673036125097,1.1661731762869345,-0.06774943515569265,0.9998956597594012,0.0008432398288625301,0.9990524199305386,False,False,False,1.0
2023-03-06,2023-03-07 00:00:00,0.1819971623771183,0.0,0.0,0.1819971623771183,0.0,0.0,0.1819971623771183,0.0,0.1819971623771183,0.1819971623771183,False,1.0,0.0,0.0033973355727756616,0.0006183054338880123,0.0,1.5581948833657389e-07,0.0006181496143996757,1.1665116193609135,1.1672326980686143,-0.0669024427882462,0.9999836339256907,0.0009099858118855915,0.9990736481138051,False,False,False,1.0
2023-03-07,2023-03-08 00:00:00,0.18200480429951243,0.0,0.0,0.18200480429951243,0.0,0.0,0.18200480429951243,0.0,0.18200480429951243,0.18200480429951243,False,1.0,0.0,0.00017940552697170986,3.265266782673695e-05,0.0,1.558260310783497e-07,3.24968417956586e-05,1.1650232632247357,1.1650611228014092,-0.06863842189548286,0.9999193786711101,0.0009100240214975621,0.9990093546496126,False,False,False,1.0
2023-03-08,2023-03-09 00:00:00,0.18239230989302732,0.0,0.0,0.18239230989302732,0.0,0.0,0.18239230989302732,0.0,0.18239230989302732,0.18239230989302732,False,1.0,0.0,0.000667008722421647,0.00012165726160128128,0.0,1.5615779956594805e-07,0.00012150110380171533,1.1648262579644515,1.1649677856405316,-0.06871303656054151,0.9997097380645358,0.0009119615494651367,0.9987977765150706,False,False,False,1.0
2023-03-09,2023-03-10 00:00:00,0.18353382780074512,0.0,0.0,0.18353382780074512,0.0,0.0,0.18353382780074512,0.0,0.18353382780074512,0.18353382780074512,False,1.0,0.0,-0.0025623849690757927,-0.00047028432167357413,0.0,1.571351265417338e-07,-0.00047044145680011584,1.1618539510908483,1.1613073668255083,-0.07163921217258684,0.9993278376031927,0.0009176691390037256,0.998410168464189,False,False,False,1.0
2023-03-10,2023-03-11 00:00:00,0.18358233358048096,0.0,0.0,0.18358233358048096,0.0,0.0,0.18358233358048096,0.0,0.18358233358048096,0.18358233358048096,False,1.0,0.0,0.008014234875444837,0.0014712719402962383,0.0,1.5717665546274056e-07,0.0014711147636407755,1.14301498740249,1.1446964936255204,-0.08491811125732762,0.9998247536226343,0.0009179116679024048,0.9989068419547319,False,False,False,1.0
2023-03-11,2023-03-12 00:00:00,-0.18298494203519092,0.0,0.0,-0.18298494203519092,0.0,0.0,0.0,0.18298494203519092,0.18298494203519092,-0.18298494203519092,False,1.0,0.0,-0.0024558367984818252,0.0004493811542180856,0.0,1.5666519009862236e-07,0.000449224489027987,1.140562299169453,1.141074667685502,-0.0878134353369815,0.999937287435501,0.0009149247101759546,0.9990223627253251,False,False,False,-1.0
2023-03-12,2023-03-13 00:00:00,-0.16547818985072743,0.0,0.0,-0.16547818985072743,0.0,0.0,0.0,0.16547818985072743,0.16547818985072743,-0.16547818985072743,False,1.0,0.0,0.002314194873062503,-0.0003829487785562169,0.0,1.416765324064447e-07,-0.00038309045508862335,1.1375760677883866,1.1371402732548797,-0.09095862981139591,0.9995135020112359,0.0008273909492536372,0.9986861110619822,False,False,False,-1.0
2023-03-13,2023-03-14 00:00:00,-0.16510351090909758,0.0,0.0,-0.08255175545454879,0.0,0.0,0.0,0.08255175545454879,0.08255175545454879,-0.08255175545454879,False,0.5,0.0,-0.0029772224547139903,0.0002457749400153408,0.0,7.067787282067534e-08,0.0002457042621425201,1.1166063598343454,1.116880714776092,-0.10715432460132557,0.9999999293221272,0.000412758777272744,0.9995871705448545,False,False,False,-1.0
2023-03-14,2023-03-15 00:00:00,-0.17701356682116948,0.0,0.0,-0.08850678341058474,0.0,0.0,0.0,0.08850678341058474,0.08850678341058474,-0.08850678341058474,False,0.5,0.0,0.003224526804941563,-0.00028539249552658773,0.0,7.57763556597472e-08,-0.0002854682718822475,1.1112055032908303,1.1108882893760998,-0.11194472972941916,0.999590142731825,0.0004425339170529237,0.999147608814772,False,False,False,-1.0
2023-03-15,2023-03-16 00:00:00,0.1369860649841825,0.0,0.0,0.06849303249209125,0.0,0.0,0.06849303249209125,0.0,0.06849303249209125,0.06849303249209125,False,0.5,0.0,0.0014092360102690993,9.652284784038646e-05,0.0,5.8641294941858944e-08,9.64642065454446e-05,1.1044010165295344,1.104507551697302,-0.11704555559828567,0.999734713359422,0.00034246516246045624,0.9993922481969615,False,False,False,1.0
2023-03-16,2023-03-17 00:00:00,0.1324019455677311,0.0,0.0,0.06620097278386555,0.0,0.0,0.06620097278386555,0.0,0.06620097278386555,0.06620097278386555,False,0.5,0.0,0.000246708546946639,1.6332345801961466e-05,0.0,5.6678915054679415e-08,1.6275666886906787e-05,1.1057621712495074,1.1057801682662627,-0.11602821311488087,0.9998653010556932,0.00033100486391932776,0.9995342961917738,False,False,False,1.0
2023-03-17,2023-03-18 00:00:00,0.12570817529128595,0.0,0.0,0.06285408764564297,0.0,0.0,0.06285408764564297,0.0,0.06285408764564297,0.06285408764564297,False,0.5,0.0,0.0034713293905888065,0.00021818724176296526,0.0,5.3813431203461445e-08,0.0002181334283317618,1.1078264322426898,1.1080680862203516,-0.11419922849373909,0.9999757031597063,0.00031427043822821485,0.9996614327214781,False,False,False,1.0
2023-03-18,2023-03-19 00:00:00,0.12770429616145684,0.0,0.0,0.06385214808072842,0.0,0.0,0.06385214808072842,0.0,0.06385214808072842,0.06385214808072842,False,0.5,0.0,0.0032291578917811314,0.0002061886678820616,0.0,5.466793500062365e-08,0.000206133999947061,1.1106851825491062,1.110914132528467,-0.11192407045352293,0.9998690603515834,0.0003192607404036421,0.9995497996111797,False,False,False,1.0
2023-03-19,2023-03-20 00:00:00,0.12707310735499733,0.0,0.0,0.06353655367749866,0.0,0.0,0.06353655367749866,0.0,0.06353655367749866,0.06353655367749866,False,0.5,0.0,0.001916211822412528,0.00012174949531217112,0.0,5.4397734312926935e-08,0.0001216950975778582,1.1110765833473524,1.1112117959205792,-0.11168611534439099,0.999955931207459,0.00031768276838749335,0.9996382484390715,False,False,False,1.0
2023-03-20,2023-03-21 00:00:00,0.1351973898291801,0.0,0.0,0.06759869491459004,0.0,0.0,0.06759869491459004,0.0,0.06759869491459004,0.06759869491459004,False,0.5,0.0,-0.004264404367201879,-0.00028826816981092525,0.0,5.787559496112161e-08,-0.00028832604540588634,1.1102748039164063,1.1099546827728795,-0.11269106423692832,0.9996024756809968,0.00033799347457295025,0.9992644822064238,False,False,False,1.0
2023-03-21,2023-03-22 00:00:00,0.13676714660336287,0.0,0.0,0.06838357330168143,0.0,0.0,0.06838357330168143,0.0,0.06838357330168143,0.06838357330168143,False,0.5,0.0,-0.00020406137283668357,-1.3954445847419096e-05,0.0,5.854757988157657e-08,-1.4012993427300672e-05,1.1121247014309412,1.1121091172348097,-0.1109687876618064,0.9999282834872577,0.0003419178665084072,0.9995863656207493,False,False,False,1.0
2023-03-22,2023-03-23 00:00:00,0.13641708676556846,0.0,0.0,0.06820854338278423,0.0,0.0,0.06820854338278423,0.0,0.06820854338278423,0.06820854338278423,False,0.5,0.0,-0.002082504750541281,-0.0001420446156221492,0.0,5.83977254989591e-08,-0.00014210301334764816,1.1120147460926997,1.111856725446393,-0.1111705521956664,0.9995500708567762,0.00034104271691392114,0.9992090281398622,False,False,False,1.0
2023-03-23,2023-03-24 00:00:00,0.13545610902021268,0.0,0.0,0.06772805451010634,0.0,0.0,0.06772805451010634,0.0,0.06772805451010634,0.06772805451010634,False,0.5,0.0,0.0009041049633184972,6.123327023849288e-05,0.0,5.7986348039474606e-08,6.11752838904534e-05,1.1131387478643602,1.1132068444432701,-0.11009125349197535,0.999977071756093,0.0003386402725505317,0.9996384314835425,False,False,False,1.0
2023-03-24,2023-03-25 00:00:00,0.13544039841620445,0.0,0.0,0.06772019920810222,0.0,0.0,0.06772019920810222,0.0,0.06772019920810222,0.06772019920810222,False,0.5,0.0,0.002974298428843891,0.00020142008210565377,0.0,5.797962260967656e-08,0.0002013621024830441,1.1100651606920917,1.1102886857467418,-0.11242405890069329,0.9999780318206063,0.00033860099604051113,0.9996394308245657,False,False,False,1.0
2023-03-25,2023-03-26 00:00:00,0.1359284273196714,0.0,0.0,0.0679642136598357,0.0,0.0,0.0679642136598357,0.0,0.0679642136598357,0.0679642136598357,False,0.5,0.0,0.0010554962829414372,7.173597489099423e-05,0.0,5.818853909232508e-08,7.16777863519019e-05,1.1096869531522227,1.109766493056568,-0.11284150498869372,0.999955736940447,0.00033982106829917846,0.9996159158721478,False,False,False,1.0
2023-03-26,2023-03-27 00:00:00,0.13547936195916266,0.0,0.0,0.06773968097958133,0.0,0.0,0.06773968097958133,0.0,0.06773968097958133,0.06773968097958133,False,0.5,0.0,0.00025524963414214064,1.7290528786943457e-05,0.0,5.7996302208545655e-08,1.723253248473491e-05,1.1101441287883114,1.1101632593830735,-0.11252432599717066,0.9999046519783831,0.00033869840489790667,0.9995659535734852,False,False,False,1.0
2023-03-27,2023-03-28 00:00:00,0.13616437830716027,0.0,-0.11394558882241702,0.06808218915358014,0.0,-0.05697279441120851,0.06808218915358014,0.05697279441120851,0.12505498356478864,0.011109394742371624,True,0.5,0.0,-0.0009571388551685711,-1.0633233365329319e-05,0.0,1.0706762291505877e-07,-1.0740300988244378e-05,1.1096480488685327,1.1096361309144969,-0.11294571779606344,0.9997896604593545,0.0006252749178239432,0.9991643855415305,False,False,False,1.0
2023-03-28,2023-03-29 00:00:00,0.13805798872290992,0.0,-0.11394558882241702,0.06902899436145496,0.0,-0.05697279441120851,0.06902899436145496,0.05697279441120851,0.12600178877266346,0.012056199950246448,True,0.5,0.0,0.00047619320822267497,5.74108053328191e-06,0.0,1.0787824381221186e-07,5.633202289469698e-06,1.1098618543226968,1.1098681063990357,-0.11276027426084179,0.9997467965663625,0.0006300089438633173,0.9991167876224991,False,False,False,1.0
2023-03-29,2023-03-30 00:00:00,0.13646952344563013,0.0,0.0,0.06823476172281506,0.0,0.0,0.06823476172281506,0.0,0.06823476172281506,0.06823476172281506,False,0.5,0.0,6.0846429144501e-05,4.1518415943591755e-06,0.0,5.842017270788961e-08,4.093421421651286e-06,1.1101809601882588,1.1101855046267832,-0.11250654292563789,0.9999233212304043,0.00034117380861407534,0.9995821474217902,False,False,False,1.0
2023-03-30,2023-03-31 00:00:00,0.13608316999357448,0.0,0.0,0.06804158499678724,0.0,0.0,0.06804158499678724,0.0,0.06804158499678724,0.06804158499678724,False,0.5,0.0,-0.0007147643511279389,-4.8633699349945135e-05,0.0,5.8254781675331535e-08,-4.8691954131620465e-05,1.109491390915976,1.1094373676120601,-0.11310461117891157,0.9997419551681979,0.0003402079249839362,0.999401747243214,False,False,False,1.0
2023-03-31,2023-04-01 00:00:00,0.1350990830734258,0.0,0.0,0.0675495415367129,0.0,0.0,0.0675495415367129,0.0,0.0675495415367129,0.0675495415367129,False,0.5,0.0,0.0015262999534997324,0.00010310086210641314,0.0,5.783351158965145e-08,0.00010304302859482349,1.1110397543873294,1.1111542392885108,-0.11173212669488974,0.9999352731669593,0.00033774770768356453,0.9995975254592757,False,False,False,1.0
2023-04-01,2023-04-02 00:00:00,0.13487464775350033,0.0,-0.21699894758639823,0.06743732387675017,0.0,-0.10849947379319912,0.06743732387675017,0.10849947379319912,0.1759367976699493,-0.04106214991644895,True,0.5,0.0,0.0009123987292374292,-3.746505340352483e-05,0.0,1.506308199229018e-07,-3.761568422344773e-05,1.1107513873437644,1.1107096056703274,-0.11208757128076163,0.9998392390726473,0.0008796839883497465,0.9989595550842976,False,False,False,1.0
2023-04-02,2023-04-03 00:00:00,0.1343713125133793,0.0,-0.21699894758639823,0.06718565625668965,0.0,-0.10849947379319912,0.06718565625668965,0.10849947379319912,0.17568513004988878,-0.041313817536509465,True,0.5,0.0,0.0013363028953230494,-5.520777399088577e-05,0.0,1.5041535107011026e-07,-5.535818934195588e-05,1.1113250566599981,1.111263535717091,-0.1116447540307337,0.9997643720663016,0.000878425650249444,0.9988859464160522,False,False,False,1.0
2023-04-03,2023-04-04 00:00:00,0.13492364310743676,0.0,0.0,0.06746182155371838,0.0,0.0,0.06746182155371838,0.0,0.06746182155371838,0.06746182155371838,False,0.5,0.0,0.0007127424994988196,4.8082907314940584e-05,0.0,5.7758408864484914e-08,4.80251489060761e-05,1.112990749722545,1.1130442012690316,-0.11022127208109667,0.9999041520746746,0.0003373091077685919,0.999566842966906,False,False,False,1.0
2023-04-04,2023-04-05 00:00:00,0.13724925876502828,0.0,0.0,0.06862462938251414,0.0,0.0,0.06862462938251414,0.0,0.06862462938251414,0.06862462938251414,False,0.5,0.0,-0.00029513562823635375,-2.025357310529525e-05,0.0,5.875396351242648e-08,-2.0312327068807677e-05,1.1158494768508234,1.1158268113512901,-0.10799682559778234,0.9999649578015819,0.0003431231469125707,0.9996218346546694,False,False,False,1.0
2023-04-05,2023-04-06 00:00:00,0.13729669255672686,0.0,0.0,0.06864834627836343,0.0,0.0,0.06864834627836343,0.0,0.06864834627836343,0.06864834627836343,False,0.5,0.0,-0.0024289454591337467,-0.0001667430889698719,0.0,5.877426907394129e-08,-0.00016680186323894585,1.1174319369163346,1.1172455471872142,-0.10686267390290605,0.9998104604428105,0.00034324173139181716,0.9994672187114187,False,False,False,1.0
2023-04-06,2023-04-07 00:00:00,0.1358296285035043,0.0,0.0,0.06791481425175215,0.0,0.0,0.06791481425175215,0.0,0.06791481425175215,0.06791481425175215,False,0.5,0.0,0.0001706876043461314,1.1592216944244077e-05,0.0,5.814624507855492e-08,1.1534070699165523e-05,1.1163370992367518,1.1163499751477786,-0.10757860319762791,0.9999427052825928,0.00033957407125876076,0.999603131211334,False,False,False,1.0
2023-04-07,2023-04-08 00:00:00,0.13559787255558095,0.0,0.0,0.06779893627779048,0.0,0.0,0.06779893627779048,0.0,0.06779893627779048,0.06779893627779048,False,0.5,0.0,0.0005538140582741491,3.754800404667357e-05,0.0,5.8047034484409654e-08,3.748995701218916e-05,1.1157352484064946,1.1157770772729942,-0.10803658352012713,0.9999656748424763,0.0003389946813889524,0.9996266801610874,False,False,False,1.0
2023-04-08,2023-04-09 00:00:00,0.1355179589777906,0.0,0.0,0.0677589794888953,0.0,0.0,0.0677589794888953,0.0,0.0677589794888953,0.0677589794888953,False,0.5,0.0,0.0009323160015430876,6.317278082572695e-05,0.0,5.8012824904876114e-08,6.311476800082207e-05,1.115998261955277,1.1160686979266696,-0.10780345903687083,0.9999894131903708,0.0003387948974444765,0.9996506182929263,False,False,False,1.0
2023-04-09,2023-04-10 00:00:00,0.13530187873027444,0.0,0.0,0.06765093936513722,0.0,0.0,0.06765093936513722,0.0,0.06765093936513722,0.06765093936513722,False,0.5,0.0,-0.00040807443277657285,-2.7606618708230695e-05,0.0,5.7920324798918845e-08,-2.7664539033029615e-05,1.1148400420413538,1.1148092005054953,-0.10881031394160146,0.9999609247252342,0.0003382546968256861,0.9996226700284085,False,False,False,1.0
2023-04-10,2023-04-11 00:00:00,0.1361219364626185,0.0,0.0,0.06806096823130925,0.0,0.0,0.06806096823130925,0.0,0.06806096823130925,0.06806096823130925,False,0.5,0.0,-0.0011378090734907031,-7.744038720414616e-05,0.0,5.827137691036751e-08,-7.749865858105653e-05,1.1158802389253255,1.1157937597036716,-0.10802324741727531,0.9998837811478168,0.00034030484115654626,0.9995434763066603,False,False,False,1.0
2023-04-11,2023-04-12 00:00:00,0.14834443636919536,0.0,0.0,0.07417221818459768,0.0,0.0,0.07417221818459768,0.0,0.07417221818459768,0.07417221818459768,False,0.5,0.0,0.0008313942848179323,6.166635829094322e-05,0.0,6.350361145941582e-08,6.16028546794838e-05,1.1180657610039035,1.1181346370465006,-0.10615192652818406,0.9999654188492948,0.00037086109092298843,0.9995945577583718,False,False,False,1.0
2023-04-12,2023-04-13 00:00:00,0.14830987477381505,0.0,0.0,0.07415493738690752,0.0,0.0,0.07415493738690752,0.0,0.07415493738690752,0.07415493738690752,False,0.5,0.0,-0.00198350558513416,-0.000147086732472205,0.0,6.348881625591397e-08,-0.00014715022128846092,1.1182282952494387,1.1180637477083417,-0.10620859617801304,0.9997533726991186,0.0003707746869345376,0.999382598012184,False,False,False,1.0
2023-04-13,2023-04-14 00:00:00,0.14785800322586715,0.0,0.0,0.07392900161293357,0.0,0.0,0.07392900161293357,0.0,0.07392900161293357,0.07392900161293357,False,0.5,0.0,0.0010225051375871708,7.559278396591481e-05,0.0,6.329537809326504e-08,7.552948858782154e-05,1.121603199343076,1.1216879134591209,-0.10331140163010655,0.9999969722817214,0.0003696450080646679,0.9996273272736567,False,False,False,1.0
2023-04-14,2023-04-15 00:00:00,0.19489514633355068,0.0,0.0,0.09744757316677534,0.0,0.0,0.09744757316677534,0.0,0.09744757316677534,0.09744757316677534,False,0.5,0.0,-0.002465619383934081,-0.00024026862531733591,0.0,8.34311414099104e-08,-0.00024035205645874582,1.1240391585331084,1.1237689934098147,-0.10164776538896292,0.9995566705194028,0.0004872378658338767,0.999069432653569,False,False,False,1.0
2023-04-15,2023-04-16 00:00:00,0.2021199571759533,0.0,0.0,0.10105997858797665,0.0,0.0,0.10105997858797665,0.0,0.10105997858797665,0.10105997858797665,False,0.5,0.0,-0.0028985920445527835,-0.00029293164995778374,0.0,8.652395427052794e-08,-0.0002930181739120543,1.1256792837497303,1.1253494392615953,-0.10038434108116034,0.9996940159989587,0.0005052998929398832,0.9991887161060188,False,False,False,1.0
2023-04-16,2023-04-17 00:00:00,0.24782886983006402,0.0,0.0,0.12391443491503201,0.0,0.0,0.12391443491503201,0.0,0.12391443491503201,0.12391443491503201,False,0.5,0.0,-0.0006824244680190272,-8.456224232676909e-05,0.0,1.0609112578341782e-07,-8.466833345255251e-05,1.1245696053126362,1.124474389878303,-0.1010838643581734,0.9999058701569165,0.0006195721745751601,0.9992862979823413,False,False,False,1.0
2023-04-17,2023-04-18 00:00:00,0.2474803015443287,0.0,0.0,0.12374015077216435,0.0,0.0,0.12374015077216435,0.0,0.12374015077216435,0.12374015077216435,False,0.5,0.0,0.0012516128408712746,0.00015487476163778848,0.0,1.0594190990767496e-07,0.0001547688197278808,1.1215185088676347,1.1216920849635552,-0.10330806688751071,0.9998013673366085,0.0006187007538608218,0.9991826665827477,False,False,False,1.0
2023-04-18,2023-04-19 00:00:00,0.25273095077252083,0.0,0.0,0.12636547538626042,0.0,0.0,0.12636547538626042,0.0,0.12636547538626042,0.12636547538626042,False,0.5,0.0,0.0004630381027848074,5.85120299803543e-05,0.0,1.0818961933755173e-07,5.8403840361016746e-05,1.1232494024362993,1.1233150045150848,-0.10201068867698826,0.9997851466281846,0.0006318273769313021,0.9991533192512533,False,False,False,1.0
2023-04-19,2023-04-20 00:00:00,0.2617667787380194,0.0,0.0,0.1308833893690097,0.0,0.0,0.1308833893690097,0.0,0.1308833893690097,0.1308833893690097,False,0.5,0.0,-0.0006601990676577962,-8.640909163331253e-05,0.0,1.120576963775768e-07,-8.65211493296901e-05,1.1153513581548093,1.1152548566733953,-0.10845405191920277,0.9992578251324756,0.0006544169468450486,0.9986034081856305,False,False,False,1.0
2023-04-20,2023-04-21 00:00:00,0.2613332554682894,0.0,0.0,0.1306666277341447,0.0,0.0,0.1306666277341447,0.0,0.1306666277341447,0.1306666277341447,False,0.5,0.0,-0.0038892783853353707,-0.0005081988909310723,0.0,1.1187211278608279e-07,-0.0005083107630438583,1.1131548450373168,1.1125890164486498,-0.11058515140411507,0.9991158895307676,0.0006533331386707235,0.9984625563920968,False,False,False,1.0
2023-04-21,2023-04-22 00:00:00,0.23287591893756826,0.0,0.0,0.11643795946878413,0.0,0.0,0.11643795946878413,0.0,0.11643795946878413,0.11643795946878413,False,0.5,0.0,-0.002707061398456334,-0.0003152047053929687,0.0,9.969003379176724e-08,-0.0003153043954267605,1.1101258658170357,1.1097758382520666,-0.11283403434543138,0.9993426649668063,0.0005821897973439207,0.9987604751694624,False,False,False,1.0
2023-04-22,2023-04-23 00:00:00,0.23397830460294555,0.0,0.0,0.11698915230147278,0.0,0.0,0.11698915230147278,0.0,0.11698915230147278,0.11698915230147278,False,0.5,0.0,0.0015721667462587074,0.00018392645492137084,0.0,1.001619454635897e-07,0.00018382629297590726,1.1069881893149303,1.10719168285014,-0.11489983416151184,0.9999333598919055,0.0005849457615073639,0.9993484141303981,False,False,False,1.0
2023-04-23,2023-04-24 00:00:00,0.22991396435095035,0.0,0.0,0.11495698217547518,0.0,0.0,0.11495698217547518,0.0,0.11495698217547518,0.11495698217547518,False,0.5,0.0,0.0012436605614238871,0.00014296746499194724,0.0,9.842207378037257e-08,0.00014286904291816685,1.1065905232102937,1.1067486207392472,-0.11525402246865168,0.9998903550787765,0.0005747849108773759,0.9993155701678992,False,False,False,1.0
2023-04-24,2023-04-25 00:00:00,0.22844844693544672,0.0,0.0,0.11422422346772336,0.0,0.0,0.11422422346772336,0.0,0.11422422346772336,0.11422422346772336,False,0.5,0.0,-0.0026529669194597094,-0.0003030330862608435,0.0,9.779471187305082e-08,-0.0003031308809727165,1.1053952178162882,1.1050601383900887,-0.11660381223893657,0.9995124411956268,0.0005711211173386169,0.9989413200782882,False,False,False,1.0
2023-04-25,2023-04-26 00:00:00,0.24106192926700723,0.0,0.0,0.12053096463350362,0.0,0.0,0.12053096463350362,0.0,0.12053096463350362,0.12053096463350362,False,0.5,0.0,-0.0001652528368404349,-1.9918083832800603e-05,0.0,1.0319431903553392e-07,-2.002127815183614e-05,1.103672481209782,1.1036503842760472,-0.11773078385501434,0.999643363105074,0.0006026548231675181,0.9990407082819064,False,False,False,1.0
2023-04-26,2023-04-27 00:00:00,-0.23973107651753067,0.0,0.0,-0.11986553825876534,0.0,0.0,0.0,0.11986553825876534,0.11986553825876534,-0.11986553825876534,False,0.5,0.0,0.0015069040809423395,-0.00018062586876648362,0.0,1.0262460467360045e-07,-0.00018072849337115722,1.0941403990490737,1.093942656703217,-0.12549123890332936,0.9997664353681461,0.0005993276912938267,0.9991671076768524,False,False,False,-1.0
2023-04-27,2023-04-28 00:00:00,-0.23866815644432343,0.0,0.0,-0.11933407822216172,0.0,0.0,0.0,0.11933407822216172,0.11933407822216172,-0.11933407822216172,False,0.5,0.0,0.004748759928504098,-0.0005666888887663751,0.0,1.0216958751897406e-07,-0.0005667910583538941,1.09794751608848,1.097325209253819,-0.1227871923774485,0.9993088907778521,0.0005966703911108086,0.9987122203867413,False,False,False,-1.0
2023-04-28,2023-04-29 00:00:00,-0.21118547396247042,0.0,0.0,-0.10559273698123521,0.0,0.0,0.0,0.10559273698123521,0.10559273698123521,-0.10559273698123521,False,0.5,0.0,0.0024330512481340882,-0.0002569125405060888,0.0,9.040474056612603e-08,-0.0002570029452466549,1.0983830475164584,1.0981007598382377,-0.12216720944087323,0.9996981215018265,0.000527963684906176,0.9991701578169203,False,False,False,-1.0
2023-04-29,2023-04-30 00:00:00,-0.20684941581770766,0.0,0.0,-0.10342470790885383,0.0,0.0,0.0,0.10342470790885383,0.10342470790885383,-0.10342470790885383,False,0.5,0.0,-0.0031383379362289743,0.0003245816843737568,0.0,8.85485512918269e-08,0.00032449313582246495,1.0965869881075858,1.096942823058059,-0.12309287574783867,0.9999750268556468,0.0005171235395442692,0.9994579033161025,False,False,False,-1.0
2023-04-30,2023-05-01 00:00:00,-0.21287574862895636,0.0,0.0,-0.10643787431447818,0.0,0.0,0.0,0.10643787431447818,0.10643787431447818,-0.10643787431447818,False,0.5,0.0,-0.006982626191572194,0.0007432158889635447,0.0,9.112831705006693e-08,0.0007431247606464946,1.095247456837703,1.0960613623419142,-0.12379752430881008,0.9999305420553797,0.0005321893715723909,0.9993983526838073,False,False,False,-1.0
2023-05-01,2023-05-02 00:00:00,-0.21332568263767301,0.0,0.0,-0.10666284131883651,0.0,0.0,0.0,0.10666284131883651,0.10666284131883651,-0.10666284131883651,False,0.5,0.0,0.0001635965055786226,-1.7449668114848773e-05,0.0,9.13209257866751e-08,-1.7540989040635447e-05,1.101363863834512,1.1013445448230468,-0.11957409510261507,0.9997998191513572,0.0005333142065941825,0.999266504944763,False,False,False,-1.0
2023-05-02,2023-05-03 00:00:00,-0.2157665692594666,0.0,0.0,-0.1078832846297333,0.0,0.0,0.0,0.1078832846297333,0.1078832846297333,-0.1078832846297333,False,0.5,0.0,-0.0020616564120735648,0.00022241826551244712,0.0,9.236582588162098e-08,0.0002223258996865655,1.0994667412357173,1.099711181168138,-0.12087982243441087,0.9996929240906283,0.0005394164231486665,0.9991535076674796,False,False,False,-1.0
2023-05-03,2023-05-04 00:00:00,-0.2037969567726923,0.0,0.0,-0.10189847838634615,0.0,0.0,0.0,0.10189847838634615,0.10189847838634615,-0.10189847838634615,False,0.5,0.0,0.0006208933305258402,-6.32680856208138e-05,0.0,8.724184793351554e-08,-6.335532746874731e-05,1.1000948033283788,1.1000251064618674,-0.12062886739758694,0.9998568718689224,0.0005094923919317307,0.9993473794769906,False,False,False,-1.0
2023-05-04,2023-05-05 00:00:00,-0.20386053430468948,0.0,0.0,-0.10193026715234474,0.0,0.0,0.0,0.10193026715234474,0.10193026715234474,-0.10193026715234474,False,0.5,0.0,-0.0003021019938731495,3.0793336942746146e-05,0.0,8.72690643427609e-08,3.0706067878403385e-05,1.0979759855246196,1.09800970004976,-0.12224000355153297,0.999902130380293,0.0005096513357617237,0.9993924790445312,False,False,False,-1.0
2023-05-05,2023-05-06 00:00:00,-0.20379374007882528,0.0,0.0,-0.10189687003941264,0.0,0.0,0.0,0.10189687003941264,0.10189687003941264,-0.10189687003941264,False,0.5,0.0,0.0025716045580534974,-0.00026203845544473843,0.0,8.724047092415465e-08,-0.0002621256959156626,1.0943605580095372,1.0940736979866863,-0.1253864831834962,0.9996327451033968,0.0005094843501970632,0.9991232607531998,False,False,False,-1.0
2023-05-06,2023-05-07 00:00:00,0.2089046853989995,0.0,0.0,0.10445234269949975,0.0,0.0,0.10445234269949975,0.0,0.10445234269949975,0.10445234269949975,False,0.5,0.0,-0.0030851741716227954,-0.0003222536698619895,0.0,8.942837559888678e-08,-0.00032234309823758837,1.0850101257601603,1.0846603802346035,-0.1329115840603482,0.9996277380888751,0.0005222617134974988,0.9991054763753776,False,False,False,1.0
2023-05-07,2023-05-08 00:00:00,0.2043107949599649,0.0,0.0,0.10215539747998245,0.0,0.0,0.10215539747998245,0.0,0.10215539747998245,0.10215539747998245,False,0.5,0.0,-0.0009327774882751383,-9.528825507512643e-05,0.0,8.746181291094387e-08,-9.537571688803736e-05,1.087106266568019,1.0870025830285115,-0.131039203592335,0.9998753457689827,0.0005107769873999123,0.9993645687815829,False,False,False,1.0
2023-05-08,2023-05-09 00:00:00,0.19715544555397632,0.0,0.0,0.09857772277698816,0.0,0.0,0.09857772277698816,0.0,0.09857772277698816,0.09857772277698816,False,0.5,0.0,0.0005364749305265537,5.2884476978250595e-05,0.0,8.439873525427068e-08,5.280007824299633e-05,1.08403762553386,1.0840948628053064,-0.13336366438050284,0.9999687137598476,0.0004928886138849408,0.9994758251459627,False,False,False,1.0
2023-05-09,2023-05-10 00:00:00,0.19553243638469409,0.0,0.0,0.09776621819234704,0.0,0.0,0.09776621819234704,0.0,0.09776621819234704,0.09776621819234704,False,0.5,0.0,-0.0022508596656796165,-0.0002200580371951867,0.0,8.370395393180397e-08,-0.0002201417411491185,1.0828906228453528,1.0826522334181654,-0.13451691682050948,0.9995778290728958,0.0004888310909617352,0.9990889979819341,False,False,False,1.0
2023-05-10,2023-05-11 00:00:00,0.1920946260944577,0.0,0.0,0.09604731304722885,0.0,0.0,0.09604731304722885,0.0,0.09604731304722885,0.09604731304722885,False,0.5,0.0,-0.001679534209179323,-0.0001613147479625764,0.0,8.223228856783292e-08,-0.0001613969802511442,1.0846721592102837,1.0844970963992246,-0.13304211480042805,0.9997894404298936,0.0004802365652361443,0.9993092038646575,False,False,False,1.0
2023-05-11,2023-05-12 00:00:00,0.1924839770660787,0.0,0.0,0.09624198853303935,0.0,0.0,0.09624198853303935,0.0,0.09624198853303935,0.09624198853303935,False,0.5,0.0,0.00017707145940071278,1.704170936517194e-05,0.0,8.239896278513643e-08,1.6959310402386806e-05,1.080847038048956,1.0808653684693719,-0.13594535463033564,0.999797014748908,0.00048120994266519674,0.9993158048062428,False,False,False,1.0
2023-05-12,2023-05-13 00:00:00,0.19186699524102677,0.0,0.0,0.09593349762051338,0.0,0.0,0.09593349762051338,0.0,0.09593349762051338,0.09593349762051338,False,0.5,0.0,-5.663893246932172e-05,-5.433570893274094e-06,0.0,8.213484385317927e-08,-5.515705737127273e-06,1.078454281652876,1.0784483332164074,-0.13787755691867765,0.9999151541592209,0.0004796674881025669,0.9994354866711184,False,False,False,1.0
2023-05-13,2023-05-14 00:00:00,-0.19038735845893545,0.0,0.0,-0.09519367922946773,0.0,0.0,0.0,0.09519367922946773,0.09519367922946773,-0.09519367922946773,False,0.5,0.0,-0.0003283999131687976,3.126159599317557e-05,0.0,8.150143769646209e-08,3.118009455547911e-05,1.0769035555563076,1.0769371335109967,-0.13908562516069234,0.9999713061903651,0.00047596839614733863,0.9994953377942177,False,False,False,-1.0
2023-05-14,2023-05-15 00:00:00,-0.18851981716481145,0.0,0.0,-0.09425990858240572,0.0,0.0,0.0,0.09425990858240572,0.09425990858240572,-0.09425990858240572,False,0.5,0.0,0.0004896108968681645,-4.6150678379742866e-05,0.0,8.07019765260323e-08,-4.62313803562689e-05,1.0756963120765088,1.0756465811511573,-0.14011730569569847,0.9996250098545566,0.00047129954291202865,0.9991537103116446,False,False,False,-1.0
2023-05-15,2023-05-16 00:00:00,-0.19615676184352757,0.0,0.0,-0.09807838092176378,0.0,0.0,0.0,0.09807838092176378,0.09807838092176378,-0.09807838092176378,False,0.5,0.0,-0.00025163425508056836,2.4679880322756256e-05,0.0,8.397121654260598e-08,2.459590910621365e-05,1.0750719331539973,1.0750983755255479,-0.14055554678588755,0.9999199746773032,0.0004903919046088189,0.9994295827726943,False,False,False,-1.0
2023-05-16,2023-05-17 00:00:00,-0.20052985530258444,0.0,0.0,-0.10026492765129222,0.0,0.0,0.0,0.10026492765129222,0.10026492765129222,-0.10026492765129222,False,0.5,0.0,0.0011772083658807553,-0.00011803271163552987,0.0,8.584325997542142e-08,-0.00011811855489550529,1.0756553637313178,1.0755283088741883,-0.1402118537433228,0.9997715704996507,0.0005013246382564611,0.9992702458613942,False,False,False,-1.0
2023-05-17,2023-05-18 00:00:00,-0.20277855487559074,0.0,0.0,-0.10138927743779537,0.0,0.0,0.0,0.10138927743779537,0.10138927743779537,-0.10138927743779537,False,0.5,0.0,0.001314711961093451,-0.00013329769577409193,0.0,8.680588821729056e-08,-0.00013338450166230922,1.0770120160948065,1.0768683593837554,-0.139140603889642,0.9998474115930143,0.0005069463871889768,0.9993404652058253,False,False,False,-1.0
2023-05-18,2023-05-19 00:00:00,-0.2028108993446062,0.22206084615001345,0.0,-0.1014054496723031,0.11103042307500673,0.0,0.11103042307500673,0.1014054496723031,0.21243587274730982,0.00962497340270363,True,0.5,0.0,-0.0013087848733184249,-1.2597019595550678e-05,0.0,1.818800280370803e-07,-1.2778899623587758e-05,1.076402341589867,1.0763885863523892,-0.13952413927579477,0.9995769449019783,0.0010621793637365492,0.9985147655382418,False,False,False,-1.0
2023-05-19,2023-05-20 00:00:00,-0.2026823399568258,0.0,0.0,-0.1013411699784129,0.0,0.0,0.0,0.1013411699784129,0.1013411699784129,-0.1013411699784129,False,0.5,0.0,-0.0015288669885720196,0.0001549371693632613,0.0,8.676470032398365e-08,0.00015485040466293732,1.0737032231754173,1.073869486554014,-0.1415379329881591,0.9998583519366728,0.0005067058498920645,0.9993516460867807,False,False,False,-1.0
2023-05-20,2023-05-21 00:00:00,-0.20342651809855947,0.0,0.0,-0.10171325904927973,0.0,0.0,0.0,0.10171325904927973,0.10171325904927973,-0.10171325904927973,False,0.5,0.0,-0.0004126002618636271,4.196691731873575e-05,0.0,8.708326973397238e-08,4.187983404900178e-05,1.0737260246285472,1.0737709920962726,-0.14161667044819548,0.999950671733743,0.0005085662952463986,0.9994421054384965,False,False,False,-1.0
2023-05-21,2023-05-22 00:00:00,-0.21812096154274013,0.0,0.0,-0.10906048077137007,0.0,0.0,0.0,0.10906048077137007,0.10906048077137007,-0.10906048077137007,False,0.5,0.0,0.002167742221630853,-0.00023641500887945866,0.0,9.337369929055657e-08,-0.00023650838257874922,1.0746065228302994,1.0743523693796764,-0.1411519116011719,0.9996443771500318,0.0005453024038568503,0.999099074746175,False,False,False,-1.0
2023-05-22,2023-05-23 00:00:00,-0.21966615694020583,0.0,0.0,-0.10983307847010292,0.0,0.0,0.0,0.10983307847010292,0.10983307847010292,-0.10983307847010292,False,0.5,0.0,-0.0003466776723071163,3.807667598634013e-05,0.0,9.403516992303331e-08,3.79826408164171e-05,1.0737058145925495,1.0737465967748476,-0.14163617231347625,0.9999497414551973,0.0005491653923505146,0.9994005760628468,False,False,False,-1.0
2023-05-23,2023-05-24 00:00:00,-0.22214777568934155,0.0,0.0,-0.11107388784467077,0.0,0.0,0.0,0.11107388784467077,0.11107388784467077,-0.11107388784467077,False,0.5,0.0,0.0003123502199915418,-3.4693953303598755e-05,0.0,9.509750671632772e-08,-3.4789050810315084e-05,1.0711070675263583,1.0710698047281628,-0.1437760267949848,0.9999335078539294,0.0005553694392233539,0.999378138414706,False,False,False,-1.0
2023-05-24,2023-05-25 00:00:00,0.22428921131228852,0.0,0.0,0.11214460565614426,0.0,0.0,0.11214460565614426,0.0,0.11214460565614426,0.11214460565614426,False,0.5,0.0,0.0011444905342257172,0.00012834843963793294,0.0,9.601421717135637e-08,0.00012825242542076158,1.0667596650089184,1.0668964795232967,-0.14711222493315745,0.9999535733295233,0.0005607230282807214,0.9993928503012426,False,False,False,1.0
2023-05-25,2023-05-26 00:00:00,0.220898489078223,0.0,0.0,0.1104492445391115,0.0,0.0,0.1104492445391115,0.0,0.1104492445391115,0.1104492445391115,False,0.5,0.0,0.0003629378985336995,4.0086216707659815e-05,0.0,9.456270936567765e-08,3.9991653998294136e-05,1.0667556121225643,1.0667982734439052,-0.1471907318606409,0.9998562117681693,0.0005522462226955575,0.9993039655454737,False,False,False,1.0
2023-05-26,2023-05-27 00:00:00,0.2144060855040465,0.0,0.0,0.10720304275202325,0.0,0.0,0.10720304275202325,0.0,0.10720304275202325,0.10720304275202325,False,0.5,0.0,-0.0012276365541060708,-0.00013160637399377962,0.0,9.178342701371853e-08,-0.00013169815742079333,1.0694051836291643,1.0692643449369441,-0.1452193295088462,0.999808055369151,0.0005360152137601162,0.9992720401553908,False,False,False,1.0
2023-05-27,2023-05-28 00:00:00,0.21501753556552186,0.0,0.0,0.10750876778276093,0.0,0.0,0.10750876778276093,0.0,0.10750876778276093,0.10750876778276093,False,0.5,0.0,0.0005212019465521411,5.603377903979711e-05,0.0,9.204517789619943e-08,5.5941733861900914e-05,1.0687672724213366,1.0688270611156507,-0.14556889859317035,0.9999910605160263,0.0005375438389138047,0.9994535166771125,False,False,False,1.0
2023-05-28,2023-05-29 00:00:00,0.254741305915737,0.0,0.0,0.1273706529578685,0.0,0.0,0.1273706529578685,0.0,0.1273706529578685,0.1273706529578685,False,0.5,0.0,0.0014116625040720976,0.00017980437489980279,0.0,1.0905021657351755e-07,0.00017969532468322926,1.0701826238659113,1.0703749306799775,-0.14433151609716455,0.9999743034041246,0.0006368532647893425,0.9993374501393353,False,False,False,1.0
2023-05-29,2023-05-30 00:00:00,0.26193149009584865,0.0,0.0,0.13096574504792433,0.0,0.0,0.13096574504792433,0.0,0.13096574504792433,0.13096574504792433,False,0.5,0.0,-0.0014529201052442264,-0.00019028276407841873,0.0,1.1212820637664754e-07,-0.00019039489228479537,1.0740296429174314,1.0738251531592575,-0.14157337354976995,0.9996027158478626,0.0006548287252396216,0.9989478871226231,False,False,False,1.0
2023-05-30,2023-05-31 00:00:00,0.2606371217107901,0.0,0.0,0.13031856085539506,0.0,0.0,0.13031856085539506,0.0,0.13031856085539506,0.13031856085539506,False,0.5,0.0,-9.995843833354723e-05,-1.3026439828980628e-05,0.0,1.1157411032139988e-07,-1.3138013939302027e-05,1.0746236420748094,1.0746095236544204,-0.14094633988784755,0.99994846826867,0.0006515928042769753,0.999296875464393,False,False,False,1.0
2023-05-31,2023-06-01 00:00:00,0.2552846148961721,0.0,0.0,0.12764230744808605,0.0,0.0,0.12764230744808605,0.0,0.12764230744808605,0.12764230744808605,False,0.5,0.0,-0.000473326950591213,-6.041654415082864e-05,0.0,1.092827974726764e-07,-6.052582694830132e-05,1.0715922526928907,1.071527393685645,-0.1434102255805908,0.9998605207346728,0.0006382115372404303,0.9992223091974324,False,False,False,1.0
2023-06-01,2023-06-02 00:00:00,0.25552367798336506,0.0,0.0,0.12776183899168253,0.0,0.0,0.12776183899168253,0.0,0.12776183899168253,0.12776183899168253,False,0.5,0.0,0.0004616681250368959,5.898356865855585e-05,0.0,1.0938513612301587e-07,5.887418352243284e-05,1.0718657321488925,1.0719288373687184,-0.14308930746318926,0.9998887820320419,0.0006388091949584126,0.9992499728370835,False,False,False,1.0
2023-06-02,2023-06-03 00:00:00,0.27333414385022603,0.0,0.0,0.13666707192511302,0.0,0.0,0.13666707192511302,0.0,0.13666707192511302,0.13666707192511302,False,0.5,0.0,0.002256846031182702,0.0003084365388675522,0.0,1.1700947938793923e-07,0.00030831952938816426,1.0737936476172372,1.0741247191693306,-0.14133389746870617,0.9998999669286339,0.0006833353596255651,0.9992166315690083,False,False,False,1.0
2023-06-03,2023-06-04 00:00:00,0.27540931226481535,0.0,0.0,0.13770465613240768,0.0,0.0,0.13770465613240768,0.0,0.13770465613240768,0.13770465613240768,False,0.5,0.0,0.0012836025040769972,0.0001767580414346203,0.0,1.1789782203117095e-07,0.00017664014361258912,1.0748272472060387,1.0750171048453439,-0.14062051538494813,0.999849203116037,0.0006885232806620384,0.9991606798353749,False,False,False,1.0
2023-06-04,2023-06-05 00:00:00,0.27286920161456,0.0,0.0,0.13643460080728,0.0,0.0,0.13643460080728,0.0,0.13643460080728,0.13643460080728,False,0.5,0.0,-0.001134721966851382,-0.0001548153385746199,0.0,1.1681044589664384e-07,-0.00015493214902051656,1.0750248451882043,1.0748582892786889,-0.14074747414607458,0.9997963296888357,0.0006821730040364,0.9991141566847993,False,False,False,1.0
2023-06-05,2023-06-06 00:00:00,0.276181897255853,0.0,0.0,0.1380909486279265,0.0,0.0,0.1380909486279265,0.0,0.1380909486279265,0.1380909486279265,False,0.5,0.0,-0.018659492565316294,-0.002576707029260269,0.0,1.1822855190747132e-07,-0.002576825257812176,1.0728963670672114,1.0701317006095377,-0.14452595666153822,0.9974075402875173,0.0006904547431396326,0.9967170855443777,False,False,False,1.0
2023-06-06,2023-06-07 00:00:00,-0.2935192581784634,0.0,0.0,-0.1467596290892317,0.0,0.0,0.0,0.1467596290892317,0.1467596290892317,-0.1467596290892317,False,0.5,0.0,0.0004562688075089305,-6.69618409549967e-05,0.0,1.2565036737091755e-07,-6.708749132236763e-05,1.067173001501367,1.0671014075418892,-0.14694840341421844,0.9995821600084372,0.0007337981454461585,0.9988483618629911,False,False,False,-1.0
2023-06-07,2023-06-08 00:00:00,-0.28842799421579074,0.0,0.0,-0.14421399710789537,0.0,0.0,0.0,0.14421399710789537,0.14421399710789537,-0.14421399710789537,False,0.5,0.0,-0.00022824846475721916,3.291662343637916e-05,0.0,1.234708879348419e-07,3.279315254844432e-05,1.0658422062194104,1.0658771585454714,-0.14792708037371982,0.9997263550629382,0.0007210699855394768,0.9990052850773987,False,False,False,-1.0
2023-06-08,2023-06-09 00:00:00,-0.29320537375470906,0.0,0.0,-0.14660268687735453,0.0,0.0,0.0,0.14660268687735453,0.14660268687735453,-0.14660268687735453,False,0.5,0.0,-0.001162484056208224,0.00017042328609221126,0.0,1.2551599903883092e-07,0.00017029777009317242,1.0642758112281463,1.0644570550255625,-0.14906232540892772,0.999717413667237,0.0007330134343867727,0.9989844002328502,False,False,False,-1.0
2023-06-09,2023-06-10 00:00:00,-0.30479056368951746,0.0,0.0,-0.15239528184475873,0.0,0.0,0.0,0.15239528184475873,0.15239528184475873,-0.15239528184475873,False,0.5,0.0,-0.0033276159660637905,0.0005071129730194105,0.0,1.3047541253832083e-07,0.0005069824976068722,1.0651016386568428,1.0656416265458144,-0.1481153670228934,0.9999842026197299,0.0007619764092237937,0.999222226210506,False,False,False,-1.0
2023-06-10,2023-06-11 00:00:00,-0.30665718735779607,0.0,0.0,-0.15332859367889803,0.0,0.0,0.0,0.15332859367889803,0.15332859367889803,-0.15332859367889803,False,0.5,0.0,-0.0008222360219876101,0.00012607229292349175,0.0,1.3127448088946748e-07,0.00012594101844260228,1.0749855512866464,1.0751209360617866,-0.14053751166633632,0.9998940737943945,0.0007666429683944901,0.9991274308260001,False,False,False,-1.0
2023-06-11,2023-06-12 00:00:00,-0.3113529096756781,0.0,0.0,-0.15567645483783904,0.0,0.0,0.0,0.15567645483783904,0.15567645483783904,-0.15567645483783904,False,0.5,0.0,-0.0005853322621369728,9.11224514716966e-05,0.0,1.3328463599130054e-07,9.09891668357053e-05,1.074576685472329,1.0746744603096412,-0.14089442887262305,0.9997890343766648,0.0007783822741891952,0.9990106521024755,False,False,False,-1.0
2023-06-12,2023-06-13 00:00:00,-0.27858449616939074,0.0,0.0,-0.13929224808469537,0.0,0.0,0.0,0.13929224808469537,0.13929224808469537,-0.13929224808469537,False,0.5,0.0,-0.0015215787532275593,0.00021194412517497468,0.0,1.1925706171634876e-07,0.00021182486811325833,1.0751468910372066,1.075374633885603,-0.14033470307464357,0.9998762466699196,0.0006964612404234768,0.9991797854294961,False,False,False,-1.0
2023-06-13,2023-06-14 00:00:00,-0.28547405016923816,0.0,0.0,-0.14273702508461908,0.0,0.0,0.0,0.14273702508461908,0.14273702508461908,-0.14273702508461908,False,0.5,0.0,-0.0026218739195575935,0.0003742384834246008,0.0,1.2220635709299577e-07,0.0003741162770675078,1.0750652841840833,1.0754674836058067,-0.14026047807456155,0.9999784927374472,0.0007136851254230954,0.9992648076120241,False,False,False,-1.0
2023-06-14,2023-06-15 00:00:00,-0.28989501842610055,0.0,0.0,-0.14494750921305027,0.0,0.0,0.0,0.14494750921305027,0.14494750921305027,-0.14494750921305027,False,0.5,0.0,0.00024700293531387807,-3.58024602420588e-05,0.0,1.2409889487418688e-07,-3.592655913693298e-05,1.0745493977150813,1.0745107928525988,-0.1410252662837186,0.9999024599046326,0.0007247375460652514,0.9991777223585673,False,False,False,-1.0
2023-06-15,2023-06-16 00:00:00,-0.2928227916200802,0.0,0.0,-0.1464113958100401,0.0,0.0,0.0,0.1464113958100401,0.1464113958100401,-0.1464113958100401,False,0.5,0.0,-0.0018171983541895864,0.00026605854750060497,0.0,1.2535222244010282e-07,0.0002659331952781649,1.0833340165146306,1.0836221109911959,-0.13374158693497196,0.9999651713589731,0.0007320569790502004,0.9992331143799229,False,False,False,-1.0
2023-06-16,2023-06-17 00:00:00,-0.29258027817262416,0.0,0.0,-0.14629013908631208,0.0,0.0,0.0,0.14629013908631208,0.14629013908631208,-0.14629013908631208,False,0.5,0.0,0.008469852002373823,-0.0012390558274677456,0.0,1.2524840675197952e-07,-0.0012391810758744974,1.0811035281009636,1.0797638450678797,-0.13682592351505296,0.9981329604864277,0.0007314506954315605,0.9974015097909962,False,False,False,-1.0
2023-06-17,2023-06-18 00:00:00,-0.2540987666325184,0.0,0.0,-0.1270493833162592,0.0,0.0,0.0,0.1270493833162592,0.1270493833162592,-0.1270493833162592,False,0.5,0.0,-2.314560320337833e-05,2.94063461347205e-06,0.0,1.0877515694885205e-07,2.831859456523198e-06,1.0760313778090453,1.076034424978678,-0.1398072594395937,0.9998102202922743,0.000635246916581296,0.9991749733756929,False,False,False,-1.0
2023-06-18,2023-06-19 00:00:00,-0.24804418095563915,0.0,0.0,-0.12402209047781958,0.0,0.0,0.0,0.12402209047781958,0.12402209047781958,-0.12402209047781958,False,0.5,0.0,0.0005065185483639212,-6.281948923388406e-05,0.0,1.061832966419688e-07,-6.292567253052603e-05,1.0753020295925615,1.0752343654891758,-0.14044683504136857,0.9999120893033424,0.0006201104523890979,0.9992919788509533,False,False,False,-1.0
2023-06-19,2023-06-20 00:00:00,-0.2412840476111853,0.0,0.0,-0.12064202380559265,0.0,0.0,0.0,0.12064202380559265,0.12064202380559265,-0.12064202380559265,False,0.5,0.0,0.0008719561464187731,-0.00010519455417368646,0.0,1.0328940394314438e-07,-0.0001052978435776296,1.0765553080134045,1.0764419490609787,-0.13948148058990173,0.9998736632455877,0.0006032101190279632,0.9992704531265597,False,False,False,-1.0
2023-06-20,2023-06-21 00:00:00,-0.24107613916789244,0.0,0.0,-0.12053806958394622,0.0,0.0,0.0,0.12053806958394622,0.12053806958394622,-0.12053806958394622,False,0.5,0.0,0.004878784538719927,-0.0005880792702133035,0.0,1.0320040204104984e-07,-0.0005881824706153446,1.0762397128250045,1.0756066874917407,-0.14014919708823015,0.9991097363822596,0.0006026903479197311,0.9985070460343399,False,False,False,-1.0
2023-06-21,2023-06-22 00:00:00,-0.24059619445900052,0.0,0.0,-0.12029809722950026,0.0,0.0,0.0,0.12029809722950026,0.12029809722950026,-0.12029809722950026,False,0.5,0.0,0.001765291977126937,-0.000212361265902873,0.0,1.0299494625813377e-07,-0.00021246426084913116,1.0672898315747867,1.0670630706296094,-0.1469790503274334,0.9996259848374824,0.0006014904861475013,0.9990244943513349,False,False,False,-1.0
2023-06-22,2023-06-23 00:00:00,0.24020858530000247,0.0,0.0,0.12010429265000123,0.0,0.0,0.12010429265000123,0.0,0.12010429265000123,0.12010429265000123,False,0.5,0.0,0.0002610312331861042,3.1350971621374574e-05,0.0,1.0282901767979557e-07,3.124814260369478e-05,1.0667024930385822,1.0667358255102004,-0.14724065336685754,0.9998828108892127,0.0006005214632500062,0.9992822894259628,False,False,False,1.0
2023-06-23,2023-06-24 00:00:00,0.21029710169173027,0.0,0.0,0.10514855084586514,0.0,0.0,0.10514855084586514,0.0,0.10514855084586514,0.10514855084586514,False,0.5,0.0,0.009154859178272412,0.0009626201757933118,0.0,9.002444421735029e-08,0.0009625301513490945,1.0681474171099732,1.0691755412050272,-0.14529032010520293,0.9996602267640976,0.0005257427542293256,0.9991344840098683,False,False,False,1.0
2023-06-24,2023-06-25 00:00:00,0.21180790060195134,0.0,0.0,0.10590395030097567,0.0,0.0,0.10590395030097567,0.0,0.10590395030097567,0.10590395030097567,False,0.5,0.0,-0.00035739814152968563,-3.7849875018220895e-05,0.0,9.06711903261778e-08,-3.7940546208547073e-05,1.0666007876872061,1.0665603202707348,-0.14738095402026985,0.9996434425954291,0.0005295197515048784,0.9991139228439243,False,False,False,1.0
2023-06-25,2023-06-26 00:00:00,0.21740819807873882,0.0,0.0,0.10870409903936941,0.0,0.0,0.10870409903936941,0.0,0.10870409903936941,0.10870409903936941,False,0.5,0.0,-0.0009160661050245933,-9.958014060720277e-05,0.0,9.306857794466559e-08,-9.967320918514743e-05,1.0674612097686529,1.0673548124841945,-0.14674582895495103,0.9997604541077654,0.0005435204951968471,0.9992169336125686,False,False,False,1.0
2023-06-26,2023-06-27 00:00:00,0.21361612855340362,0.0,0.0,0.10680806427670181,0.0,0.0,0.10680806427670181,0.0,0.10680806427670181,0.10680806427670181,False,0.5,0.0,-0.0007511558278054942,-8.022949993806838e-05,0.0,9.144526051087483e-08,-8.032094519857925e-05,1.067596476276508,1.0675107259184429,-0.14662119018765607,0.9998445345231693,0.0005340403213835091,0.9993104942017859,False,False,False,1.0
2023-06-27,2023-06-28 00:00:00,0.21590948029616785,0.0,0.0,0.10795474014808393,0.0,0.0,0.10795474014808393,0.0,0.10795474014808393,0.10795474014808393,False,0.5,0.0,0.0009734702610184609,0.00010509072907013538,0.0,9.242700355144171e-08,0.00010499830206658394,1.0663366577600568,1.0664486212985531,-0.14747024730194214,0.9999999075729964,0.0005397737007404197,0.999460133872256,False,False,False,1.0
2023-06-28,2023-06-29 00:00:00,0.21605366559788275,0.0,0.0,0.10802683279894137,0.0,0.0,0.10802683279894137,0.0,0.10802683279894137,0.10802683279894137,False,0.5,0.0,-0.0005589354429562654,-6.0380025641638716e-05,0.0,9.24887267114224e-08,-6.047251436835014e-05,1.0658013068160723,1.065736855131232,-0.14803924033403604,0.9998088976224646,0.0005401341639947069,0.9992687634584699,False,False,False,1.0
2023-06-29,2023-06-30 00:00:00,0.21608972208243185,0.0,0.0,0.10804486104121593,0.0,0.0,0.10804486104121593,0.0,0.10804486104121593,0.10804486104121593,False,0.5,0.0,-0.0004533164958634428,-4.897851780325661e-05,0.0,9.25041618503561e-08,-4.9071021965106964e-05,1.065335791829762,1.065283514713721,-0.14840164522285126,0.9998710473478081,0.0005402243052060797,0.999330823042602,False,False,False,1.0
2023-06-30,2023-07-01 00:00:00,0.21959874744472113,0.0,0.0,0.10979937372236057,0.0,0.0,0.10979937372236057,0.0,0.10979937372236057,0.10979937372236057,False,0.5,0.0,0.003151652993258036,0.00034604952484993545,0.0,9.400631311845938e-08,0.000345955518536817,1.0649761372330981,1.065344571604884,-0.14835283573003166,0.9999113125586309,0.0005489968686118029,0.9993623156900191,False,False,False,1.0
2023-07-01,2023-07-02 00:00:00,0.2197833158429132,0.0,0.0,0.1098916579214566,0.0,0.0,0.1098916579214566,0.0,0.1098916579214566,0.1098916579214566,False,0.5,0.0,-8.840859331527007e-05,-9.715366893918832e-06,0.0,9.408532356289092e-08,-9.809452217481723e-06,1.0697511323063786,1.0697406386337616,-0.14483857553772195,0.9999713313061649,0.000549458289607283,0.9994218730165576,False,False,False,1.0
2023-07-02,2023-07-03 00:00:00,0.22296925683588792,0.0,0.0,0.11148462841794396,0.0,0.0,0.11148462841794396,0.0,0.11148462841794396,0.11148462841794396,False,0.5,0.0,0.0,0.0,0.0,9.544916816604792e-08,-9.544916816604792e-08,1.0694682015160248,1.0694680994361747,-0.14505644611308666,0.9998319535009101,0.0005574231420897198,0.9992745303588204,False,False,False,1.0
2023-07-03,2023-07-04 00:00:00,0.21441906828286614,0.0,0.0,0.10720953414143307,0.0,0.0,0.10720953414143307,0.0,0.10720953414143307,0.10720953414143307,False,0.5,0.0,-0.0008426139305400815,-9.033624695428398e-05,0.0,9.178898471013105e-08,-9.042803593899411e-05,1.0725378989289212,1.072440911433251,-0.14267995030628522,0.9998605944807725,0.0005360476707071654,0.9993245468100653,False,False,False,1.0
2023-07-04,2023-07-05 00:00:00,0.215592601528574,0.0,0.0,0.107796300764287,0.0,0.0,0.107796300764287,0.0,0.107796300764287,0.107796300764287,False,0.5,0.0,0.0010037178528632396,0.00010819707154973014,0.0,9.229135339408134e-08,0.00010810478019633605,1.0715193345553156,1.0716351709174536,-0.14332406737761216,0.9999082714133545,0.000538981503821435,0.999369289909533,False,False,False,1.0
2023-07-05,2023-07-06 00:00:00,0.21205473073382242,0.0,0.0,0.10602736536691121,0.0,0.0,0.10602736536691121,0.0,0.10602736536691121,0.10602736536691121,False,0.5,0.0,0.0005416064151440025,5.742510126353615e-05,0.0,9.077685391002672e-08,5.7334324409626126e-05,1.0685214939929557,1.068582756950931,-0.14576419779931316,0.999885616545874,0.0005301368268345561,0.9993554797190395,False,False,False,1.0
2023-07-06,2023-07-07 00:00:00,0.21170824410226383,0.0,0.0,0.10585412205113191,0.0,0.0,0.10585412205113191,0.0,0.10585412205113191,0.10585412205113191,False,0.5,0.0,-0.0012482017432513537,-0.0001321272996745644,0.0,9.062852915336636e-08,-0.00013221792820371778,1.067881802950661,1.0677406098311084,-0.146437418676024,0.9997177392060642,0.0005292706102556596,0.9991884685958086,False,False,False,1.0
2023-07-07,2023-07-08 00:00:00,0.2191955584695762,0.0,0.0,0.1095977792347881,0.0,0.0,0.1095977792347881,0.0,0.1095977792347881,0.1095977792347881,False,0.5,0.0,0.0018781201675861503,0.00020583779950351014,0.0,9.383371509827748e-08,0.00020574396578841185,1.0665350570888992,1.066754490241197,-0.14722573259319538,0.9999782081646278,0.0005479888961739405,0.9994302192684539,False,False,False,1.0
2023-07-08,2023-07-09 00:00:00,0.21944795167276623,0.0,0.0,0.10972397583638312,0.0,0.0,0.10972397583638312,0.0,0.10972397583638312,0.10972397583638312,False,0.5,0.0,-0.0013051184274128769,-0.00014320278279306883,0.0,9.394176013388965e-08,-0.0001432967245532027,1.0660900100429178,1.0659372428363998,-0.1478790483873088,0.9998160407568759,0.0005486198791819156,0.999267420877694,False,False,False,1.0
2023-07-09,2023-07-10 00:00:00,0.21892816479847282,0.0,0.0,0.10946408239923641,0.0,0.0,0.10946408239923641,0.0,0.10946408239923641,0.10946408239923641,False,0.5,0.0,-0.0003481875498845266,-3.8114030650948056e-05,0.0,9.371924862948322e-08,-3.8207749899577536e-05,1.0663947038373198,1.0663539592951814,-0.147545921059414,0.9998832187099893,0.0005473204119961821,0.9993358982979931,False,False,False,1.0
2023-07-10,2023-07-11 00:00:00,0.21905058543950984,0.0,0.0,0.10952529271975492,0.0,0.0,0.10952529271975492,0.0,0.10952529271975492,0.10952529271975492,False,0.5,0.0,-0.0006464020513916591,-7.079737389332152e-05,0.0,9.377165472581757e-08,-7.089114554804734e-05,1.066712752646444,1.0666371321574382,-0.14731954982557383,0.9998091628904178,0.0005476264635987746,0.999261536426819,False,False,False,1.0
2023-07-11,2023-07-12 00:00:00,0.2193660359698029,0.0,0.0,0.10968301798490145,0.0,0.0,0.10968301798490145,0.0,0.10968301798490145,0.10968301798490145,False,0.5,0.0,-0.0006460258730692781,-7.085806745456928e-05,0.0,9.390669348022384e-08,-7.09519741480495e-05,1.0667856227285655,1.06670993218264,-0.14726135275330765,0.9998634603931666,0.0005484150899245072,0.9993150453032421,False,False,False,1.0
2023-07-12,2023-07-13 00:00:00,0.24662729711956552,0.0,0.0,0.12331364855978276,0.0,0.0,0.12331364855978276,0.0,0.12331364855978276,0.12331364855978276,False,0.5,0.0,-0.0011929441331007817,-0.0001471062935806445,0.0,1.055767539039236e-07,-0.00014721187033454842,1.0677226011677838,1.0675654197266675,-0.14657746740732835,0.9996095723909455,0.0006165682427989139,0.9989930041481466,False,False,False,1.0
2023-07-13,2023-07-14 00:00:00,0.24659657719275038,0.0,0.0,0.12329828859637519,0.0,0.0,0.12329828859637519,0.0,0.12329828859637519,0.12329828859637519,False,0.5,0.0,-0.0006825973864793555,-8.416308955326303e-05,0.0,1.0556360325032122e-07,-8.426865315651335e-05,1.0710353599367382,1.0709451052294734,-0.14387571282828826,0.9989931253575739,0.0006164914429818759,0.998376633914592,False,False,False,1.0
2023-07-14,2023-07-15 00:00:00,0.24701810313403313,0.0,0.0,0.12350905156701657,0.0,0.0,0.12350905156701657,0.0,0.12350905156701657,0.12350905156701657,False,0.5,0.0,-0.0007349963250183889,-9.077869900826386e-05,0.0,1.0574405099915802e-07,-9.088444305926302e-05,1.0755341298208165,1.0754363805004366,-0.1402853422097855,0.999716442399862,0.0006175452578350829,0.9990988971420269,False,False,False,1.0
2023-07-15,2023-07-16 00:00:00,0.24275263766025137,0.0,0.0,0.12137631883012569,0.0,0.0,0.12137631883012569,0.0,0.12137631883012569,0.12137631883012569,False,0.5,0.0,-0.0005836354809053423,-7.083952621094056e-05,0.0,1.039180811901761e-07,-7.094344429213074e-05,1.0713247898774971,1.0712487864069478,-0.14363294704101948,0.9999190261803153,0.0006068815941506284,0.9993121445861646,False,False,False,1.0
2023-07-16,2023-07-17 00:00:00,0.2355585976725181,0.0,0.0,0.11777929883625905,0.0,0.0,0.11777929883625905,0.0,0.11777929883625905,0.11777929883625905,False,0.5,0.0,-0.0004335170619930162,-5.1059335595092494e-05,0.0,1.0083844078446837e-07,-5.116017403587696e-05,1.0714119668637518,1.071357153241063,-0.14354631750402735,0.9998521917978734,0.0005888964941812953,0.9992632953036922,False,False,False,1.0
2023-07-17,2023-07-18 00:00:00,0.25984883284922206,0.0,0.0,0.12992441642461103,0.0,0.0,0.12992441642461103,0.0,0.12992441642461103,0.12992441642461103,False,0.5,0.0,0.0007498689040377204,9.742627975206347e-05,0.0,1.1123665789778341e-07,9.731504309416569e-05,1.069200641075636,1.0693046903820986,-0.14518707695425226,0.999899055970312,0.0006496220821230552,0.999249433888189,False,False,False,1.0
2023-07-18,2023-07-19 00:00:00,0.26358974632948573,0.0,0.0,0.13179487316474287,0.0,0.0,0.13179487316474287,0.0,0.13179487316474287,0.13179487316474287,False,0.5,0.0,0.001726468290004446,0.00022753966930408646,0.0,1.128380763396771e-07,0.0002274268312277468,1.0682406025028264,1.0684835490780424,-0.14584350557059267,0.9999998871619237,0.0006589743658237143,0.9993409127960999,False,False,False,1.0
2023-07-19,2023-07-20 00:00:00,0.2654962514232976,0.0,0.0,0.1327481257116488,0.0,0.0,0.1327481257116488,0.0,0.1327481257116488,0.1327481257116488,False,0.5,0.0,0.0031308044852063066,0.00041560842738076065,0.0,1.1365421721887739e-07,0.0004154947731635418,1.0687173937062822,1.0691614401973561,-0.14530159259254316,0.9999991878442241,0.000663740628558244,0.9993354472156659,False,False,False,1.0
2023-07-20,2023-07-21 00:00:00,0.26467021591232454,0.0,0.0,0.13233510795616227,0.0,0.0,0.13233510795616227,0.0,0.13233510795616227,0.13233510795616227,False,0.5,0.0,-0.000851703141779403,-0.00011271022721397987,0.0,1.1330060612685126e-07,-0.00011282352782010673,1.0679691251856325,1.067848633141326,-0.14635106375549034,0.9996274529051216,0.0006616755397808113,0.9989657773653408,False,False,False,1.0
2023-07-21,2023-07-22 00:00:00,0.26646754292829644,0.0,0.0,0.13323377146414822,0.0,0.0,0.13323377146414822,0.0,0.13323377146414822,0.13323377146414822,False,0.5,0.0,-0.00010045415853787709,-1.338388640125883e-05,0.0,1.140700098151954e-07,-1.3497956411074025e-05,1.068046431356308,1.0680320149121327,-0.146204466523713,0.9999703004968927,0.0006661688573207412,0.999304131639572,False,False,False,1.0
2023-07-22,2023-07-23 00:00:00,0.2647745704209372,0.0,0.0,0.1323872852104686,0.0,0.0,0.1323872852104686,0.0,0.1323872852104686,0.1323872852104686,False,0.5,0.0,-5.2938062466867386e-05,-7.008326374290776e-06,0.0,1.1334527843362038e-07,-7.121671652724396e-06,1.0678592235206343,1.067851618577873,-0.14634867716749134,0.9999781608429613,0.000661936426052343,0.9993162244169089,False,False,False,1.0
2023-07-23,2023-07-24 00:00:00,0.32791797918140875,0.0,0.0,0.16395898959070437,0.0,0.0,0.16395898959070437,0.0,0.16395898959070437,0.16395898959070437,False,0.5,0.0,0.0,0.0,0.0,1.4037584725231538e-07,-1.4037584725231538e-07,1.0665049179990513,1.06650476828752,-0.14742536283431507,0.999876513125381,0.0008197949479535219,0.9990567181774275,False,False,False,1.0
2023-07-24,2023-07-25 00:00:00,0.3324422841757894,0.0,0.0,0.08311057104394735,0.0,0.0,0.08311057104394735,0.0,0.08311057104394735,0.08311057104394735,False,0.25,0.08311057104394735,0.0020761885092204224,0.00017255321259619107,4.1555285521973677e-05,7.11563108252974e-08,0.00013092677076339212,1.0628539739381029,1.0629931299767037,-0.15023260181507325,0.9999141059800666,0.0004155528552197368,0.9994985531248468,False,False,False,1.0
2023-07-25,2023-07-26 00:00:00,-0.34199232258604134,0.25,0.0,-0.08549808064651034,0.0625,0.0,0.0625,0.08549808064651034,0.14799808064651032,-0.022998080646510335,True,0.25,0.0,-0.0004304755140147609,9.900110587659462e-06,0.0,1.2671068548502597e-07,9.773399902174437e-06,1.0621159841513848,1.0621263646356405,-0.15092550274541916,0.9999083097273475,0.0007399904032325517,0.9991683193241149,False,False,False,-1.0
2023-07-26,2023-07-27 00:00:00,-0.3485416604356321,0.25,0.0,-0.08713541510890803,0.0625,0.0,0.0625,0.08713541510890803,0.14963541510890804,-0.02463541510890803,True,0.25,0.0,-3.7629957746920795e-05,9.270296296260633e-07,0.0,1.2811251293570894e-07,7.989171166903544e-07,1.062078354503636,1.0620792030162127,-0.15096320421827458,0.9999454893194235,0.0007481770755445403,0.999197312243879,False,False,False,-1.0
2023-07-27,2023-07-28 00:00:00,-0.3482658912778998,0.25,0.0,-0.08706647281947495,0.0625,0.0,0.0625,0.08706647281947495,0.14956647281947494,-0.024566472819474952,True,0.25,0.0,-0.0011810539704255607,2.901433026279251e-05,0.0,1.2805348700297513e-07,2.8886276775789534e-05,1.0619085147713725,1.0619391893546408,-0.15107513254739457,0.9998161769395345,0.0007478323640973747,0.9990683445754371,False,False,False,-1.0
2023-07-28,2023-07-29 00:00:00,-0.3482483316253882,0.0,0.0,-0.08706208290634705,0.0,0.0,0.0,0.08706208290634705,0.08706208290634705,-0.08706208290634705,False,0.25,0.0,-0.0004371002132196322,3.8054855001709594e-05,0.0,7.453945454310536e-08,3.7980315547166486e-05,1.0612344228796637,1.0612747288979143,-0.1516063089187053,0.9999581579367631,0.0004353104145317353,0.9995228475222314,False,False,False,-1.0
2023-07-29,2023-07-30 00:00:00,-0.3497286008452274,0.0,0.0,-0.08743215021130685,0.0,0.0,0.0,0.08743215021130685,0.08743215021130685,-0.08743215021130685,False,0.25,0.0,0.0001495550736558826,-1.3075921664744188e-05,0.0,7.485629298913256e-08,-1.3150777957733321e-05,1.061410726726801,1.0613967683500118,-0.1515087493533983,0.9999550934122851,0.00043716075105653426,0.9995179326612286,False,False,False,-1.0
2023-07-30,2023-07-31 00:00:00,-0.3505441776084059,0.0,0.0,-0.08763604440210147,0.0,0.0,0.0,0.08763604440210147,0.08763604440210147,-0.08763604440210147,False,0.25,0.0,-0.0022071650427605283,0.00019342721369012785,0.0,7.503085993330606e-08,0.00019335218283019455,1.061003178085155,1.0612083253656275,-0.15165939257020822,0.99999386580341,0.0004381802220105074,0.9995556855813995,False,False,False,-1.0
2023-07-31,2023-08-01 00:00:00,-0.3509564738715648,0.0,0.0,-0.0877391184678912,0.0,0.0,0.0,0.0877391184678912,0.0877391184678912,-0.0877391184678912,False,0.25,0.0,-0.00016146307070463717,1.4166627488743653e-05,0.0,7.511910827730412e-08,1.4091508380466348e-05,1.0620933973179882,1.0621083638159974,-0.15093989278166864,0.9998870640818981,0.00043869559233945604,0.9994483684895586,False,False,False,-1.0
2023-08-01,2023-08-02 00:00:00,-0.35089650277182727,0.0,0.0,-0.08772412569295682,0.0,0.0,0.0,0.08772412569295682,0.08772412569295682,-0.08772412569295682,False,0.25,0.0,0.0007362806374555664,-6.458957518544248e-05,0.0,7.510627199739453e-08,-6.466468145743986e-05,1.0626740138055168,1.062605296328921,-0.15054263993339312,0.9998372548525203,0.0004386206284647841,0.9993986342240555,False,False,False,-1.0
2023-08-02,2023-08-03 00:00:00,-0.3918446948163933,0.0,0.0,-0.09796117370409832,0.0,0.0,0.0,0.09796117370409832,0.09796117370409832,-0.09796117370409832,False,0.25,0.0,-0.0006831897369719009,6.692606849636162e-05,0.0,8.387086789734445e-08,6.684219762846427e-05,1.062073529959004,1.0621445212877896,-0.1509109881350973,0.9999643284577888,0.0004898058685204916,0.9994745225892683,False,False,False,-1.0
2023-08-03,2023-08-04 00:00:00,-0.3874782518563201,0.0,0.0,-0.09686956296408003,0.0,0.0,0.0,0.09686956296408003,0.09686956296408003,-0.09686956296408003,False,0.25,0.0,-0.0006083220630809238,5.892789239205662e-05,0.0,8.293626966102743e-08,5.884495612239559e-05,1.0622319666831945,1.0622944736766657,-0.15079111468742057,0.9999220480630695,0.00048434781482040016,0.9994377002482491,False,False,False,-1.0
2023-08-04,2023-08-05 00:00:00,-0.41585146454343014,0.0,0.0,-0.10396286613585753,0.0,0.0,0.0,0.10396286613585753,0.10396286613585753,-0.10396286613585753,False,0.25,0.0,-0.0003679892633721149,3.8257218527388e-05,0.0,8.900930319850815e-08,3.816820922418949e-05,1.0618129493798663,1.061853476878675,-0.15114365196265656,0.9999093313997717,0.0005198143306792877,0.9993895170690924,False,False,False,-1.0
2023-08-05,2023-08-06 00:00:00,-0.4168854363954792,0.0,0.0,-0.1042213590988698,0.0,0.0,0.0,0.1042213590988698,0.1042213590988698,-0.1042213590988698,False,0.25,0.0,0.0002672615508805265,-2.7854362067640214e-05,0.0,8.923061566684058e-08,-2.7943592683307055e-05,1.0620726747712492,1.0620429966450253,-0.1509921479555143,0.9999550027162548,0.000521106795494349,0.9994338959207605,False,False,False,-1.0
2023-08-06,2023-08-07 00:00:00,-0.4470521698399768,0.0,0.0,-0.1117630424599942,0.0,0.0,0.0,0.1117630424599942,0.1117630424599942,-0.1117630424599942,False,0.25,0.0,0.0001968181072660169,-2.199699047926754e-05,0.0,9.568753635273476e-08,-2.2092678015620276e-05,1.0623403145667962,1.0623168446242834,-0.15077323112691965,0.9999614095791249,0.0005588152122999711,0.999402594366825,False,False,False,-1.0
2023-08-07,2023-08-08 00:00:00,-0.44732263708531816,0.0,0.0,-0.11183065927132954,0.0,0.0,0.0,0.11183065927132954,0.11183065927132954,-0.11183065927132954,False,0.25,0.0,-0.0013069741900055831,0.00014615978531893627,0.0,9.574542745833007e-08,0.00014606403989147795,1.062851721321455,1.0630069657376766,-0.150221541368611,0.9999992901378275,0.0005591532963566477,0.9994401368414708,False,False,False,-1.0
2023-08-08,2023-08-09 00:00:00,-0.45038243834337344,0.0,0.0,-0.11259560958584336,0.0,0.0,0.0,0.11259560958584336,0.11259560958584336,-0.11259560958584336,False,0.25,0.0,-0.000834878400503114,9.4003642434702e-05,0.0,9.64003506728111e-08,9.390724208402918e-05,1.0606327314564745,1.0607323325511497,-0.15203990601296424,0.9999516809519068,0.0005629780479292168,0.9993887029039775,False,False,False,-1.0
2023-08-09,2023-08-10 00:00:00,-0.45100920302681485,0.0,0.0,-0.11275230075670371,0.0,0.0,0.0,0.11275230075670371,0.11275230075670371,-0.11275230075670371,False,0.25,0.0,-0.0009593928875569757,0.00010817375540166655,0.0,9.65345040725203e-08,0.00010807722089759403,1.0599169411504372,1.060031494027819,-0.15260016337655757,0.9999597940955155,0.0005637615037835186,0.9993960325917319,False,False,False,-1.0
2023-08-10,2023-08-11 00:00:00,-0.4414897076600156,0.0,0.0,-0.1103724269150039,0.0,0.0,0.0,0.1103724269150039,0.1103724269150039,-0.1103724269150039,False,0.25,0.0,-0.00046906085390630015,5.177138481646244e-05,0.0,9.44969408518869e-08,5.167688787561055e-05,1.0599377955567466,1.0599925698433628,-0.15263127976105628,0.9999993104296705,0.0005518621345750195,0.9994474482950955,False,False,False,-1.0
2023-08-11,2023-08-12 00:00:00,-0.4399826706502618,0.0,0.0,-0.10999566766256545,0.0,0.0,0.0,0.10999566766256545,0.10999566766256545,-0.10999566766256545,False,0.25,0.0,0.0003304925422460414,-3.635274784185194e-05,0.0,9.41743729987718e-08,-3.644692221485071e-05,1.0604951787494743,1.0604565269641852,-0.15226038777284623,0.9999504422506946,0.0005499783383128273,0.9994004639123818,False,False,False,-1.0
2023-08-12,2023-08-13 00:00:00,-0.44001174105612745,0.0,0.0,-0.11000293526403186,0.0,0.0,0.0,0.11000293526403186,0.11000293526403186,-0.11000293526403186,False,0.25,0.0,-0.0002916806205235378,3.2085724417223374e-05,0.0,9.418059526030125e-08,3.1991543821963074e-05,1.0601293582184241,1.0601632733932447,-0.1524948176265858,0.999984457137278,0.0005500146763201593,0.9994344424609578,False,False,False,-1.0
2023-08-13,2023-08-14 00:00:00,-0.44184045654594567,0.0,0.0,-0.11046011413648642,0.0,0.0,0.0,0.11046011413648642,0.11046011413648642,-0.11046011413648642,False,0.25,0.0,-0.00040011030067743647,4.419622948001353e-05,0.0,9.457201552781371e-08,4.4101657464485716e-05,1.060236081480332,1.0602828396488289,-0.15239923515944354,0.9999993081816401,0.0005523005706824321,0.9994470076109576,False,False,False,-1.0
2023-08-14,2023-08-15 00:00:00,-0.48337435597122863,0.0,0.0,-0.12084358899280716,0.0,0.0,0.0,0.12084358899280716,0.12084358899280716,-0.12084358899280716,False,0.25,0.0,-0.0013578903126381103,0.00016409233883775423,0.0,1.0346197687740339e-07,0.00016398887686087683,1.0597629863961193,1.0599367757379972,-0.15267588212998373,0.9999556176529399,0.0006042179449640358,0.9993513997079759,False,False,False,-1.0
2023-08-15,2023-08-16 00:00:00,-0.6,0.0,0.0,-0.15,0.0,0.0,0.0,0.15,0.15,-0.15,False,0.25,0.0,0.0002608794899805478,-3.9131923497082166e-05,0.0,1.2842465753424656e-07,-3.926034815461641e-05,1.0610694873418587,1.0610278293843693,-0.15180368287279922,0.9998604640978841,0.00075,0.9991104640978841,False,False,False,-1.0
2023-08-16,2023-08-17 00:00:00,-0.6,0.0,0.0,-0.15,0.0,0.0,0.0,0.15,0.15,-0.15,False,0.25,0.0,-0.0007189901207463878,0.00010784851811195816,0.0,1.2842465753424656e-07,0.00010772009345442392,1.062599813398496,1.0627142767497,-0.15045551988905148,0.9999702338146399,0.00075,0.9992202338146399,False,False,False,-1.0
2023-08-17,2023-08-18 00:00:00,-0.6,0.0,0.0,-0.3,0.0,0.0,0.0,0.3,0.3,-0.3,False,0.5,0.0,-0.0006550180704547603,0.0001965054211364281,0.0,2.568493150684931e-07,0.0001962485718213596,1.0715669347117087,1.071777228192257,-0.1432105053635231,0.9990568618755831,0.0015,0.9975568618755831,False,False,False,-1.0
2023-08-18,2023-08-19 00:00:00,-0.6,0.0,0.0,-0.3,0.0,0.0,0.0,0.3,0.3,-0.3,False,0.5,0.0,-0.0025586661301075786,0.0007675998390322736,0.0,2.568493150684931e-07,0.0007673429897172051,1.0787877143586377,1.079615514548644,-0.13694450042382866,0.9998231591501564,0.0015,0.9983231591501565,False,False,False,-1.0
2023-08-19,2023-08-20 00:00:00,-0.5097304362275743,0.0,0.0,-0.25486521811378715,0.0,0.0,0.0,0.25486521811378715,0.25486521811378715,-0.25486521811378715,False,0.5,0.0,0.008295698216275182,-0.0021142849352971294,0.0,2.1820652235769447e-07,-0.002114503141819487,1.0779183850807705,1.0756391232688922,-0.14012326760178195,0.9976397207754492,0.0012743260905689357,0.9963653946848802,False,False,False,-1.0
2023-08-20,2023-08-21 00:00:00,-0.40951171649860696,0.0,0.0,-0.20475585824930348,0.0,0.0,0.0,0.20475585824930348,0.20475585824930348,-0.20475585824930348,False,0.5,0.0,0.0011201025462865832,-0.00022934755819213954,0.0,1.7530467315865022e-07,-0.0002295228628652982,1.077499475966297,1.0772521652018374,-0.13883378565889115,0.9997704771371347,0.0010237792912465174,0.9987466978458882,False,False,False,-1.0
2023-08-21,2023-08-22 00:00:00,-0.39789248382475645,0.0,0.0,-0.19894624191237822,0.0,0.0,0.0,0.19894624191237822,0.19894624191237822,-0.19894624191237822,False,0.5,0.0,-0.0002955207497783441,5.8792742575529836e-05,0.0,1.7033068656881697e-07,5.862241188896102e-05,1.0768951821626649,1.076958312355595,-0.13906869457933357,0.9996746698073141,0.000994731209561891,0.9986799385977523,False,False,False,-1.0
2023-08-22,2023-08-23 00:00:00,-0.39858002767923495,0.0,0.0,-0.19929001383961747,0.0,0.0,0.0,0.19929001383961747,0.19929001383961747,-0.19929001383961747,False,0.5,0.0,-0.0033997584541063386,0.0006775379093702088,0.0,1.7062501184898755e-07,0.0006773672843583598,1.0761138894777063,1.076842813820682,-0.139161025269664,0.9999998293749881,0.0009964500691980874,0.99900337930579,False,False,False,-1.0
2023-08-23,2023-08-24 00:00:00,-0.3983040697318715,0.0,0.0,-0.19915203486593575,0.0,0.0,0.0,0.19915203486593575,0.19915203486593575,-0.19915203486593575,False,0.5,0.0,0.000984573009410905,-0.00019607971829825987,0.0,1.7050687916604087e-07,-0.0001962502251774259,1.0760423830225323,1.0758312094625637,-0.13996971196682972,0.9995174493272461,0.0009957601743296788,0.9985216891529164,False,False,False,-1.0
2023-08-24,2023-08-25 00:00:00,-0.3987697160246715,0.0,0.0,-0.19938485801233574,0.0,0.0,0.0,0.19938485801233574,0.19938485801233574,-0.19938485801233574,False,0.5,0.0,-0.0023793482285389134,0.0004744060087091338,0.0,1.707062140516573e-07,0.00047423530249508214,1.0770147746032774,1.0775255330307032,-0.13861525266734875,0.9999405285426973,0.0009969242900616788,0.9989436042526356,False,False,False,-1.0
2023-08-25,2023-08-26 00:00:00,-0.4024023712685234,0.0,0.0,-0.2012011856342617,0.0,0.0,0.0,0.2012011856342617,0.2012011856342617,-0.2012011856342617,False,0.5,0.0,-0.0028831535400400954,0.000580093910621686,0.0,1.7226128907042954e-07,0.0005799216493326155,1.0765016416303834,1.0771259282379069,-0.13893470075737002,0.9999986090540247,0.0010060059281713086,0.9989926031258534,False,False,False,-1.0
2023-08-26,2023-08-27 00:00:00,-0.4067810898846663,0.0,0.0,-0.20339054494233316,0.0,0.0,0.0,0.20339054494233316,0.20339054494233316,-0.20339054494233316,False,0.5,0.0,4.8443158009447984e-05,-9.852880306269177e-06,0.0,1.7413574053281949e-07,-1.0027016046801997e-05,1.0764039199686224,1.076393126849244,-0.13952050955694717,0.9999616459530727,0.001016952724711666,0.998944693228361,False,False,False,-1.0
2023-08-27,2023-08-28 00:00:00,-0.4066092347500366,0.0,0.0,-0.2033046173750183,0.0,0.0,0.0,0.2033046173750183,0.2033046173750183,-0.2033046173750183,False,0.5,0.0,-0.0013212908830929626,0.00026862453742831476,0.0,1.740621724101184e-07,0.00026845047525590466,1.0755798278276452,1.075868567743601,-0.13993984738127174,0.9999507620953749,0.0010165230868750914,0.9989342390084999,False,False,False,-1.0
2023-08-28,2023-08-29 00:00:00,-0.40772273123791797,0.0,0.0,-0.20386136561895898,0.0,0.0,0.0,0.20386136561895898,0.20386136561895898,-0.20386136561895898,False,0.5,0.0,-0.0008545454545455522,0.00017420880334713032,0.0,1.745388404271909e-07,0.00017403426450670313,1.0765298843509707,1.0767172374376133,-0.1392614122931588,0.9999429913834719,0.001019306828094795,0.9989236845553771,False,False,False,-1.0
2023-08-29,2023-08-30 00:00:00,-0.40830113121912404,0.0,0.0,-0.20415056560956202,0.0,0.0,0.0,0.20415056560956202,0.20415056560956202,-0.20415056560956202,False,0.5,0.0,-0.00204697576776125,0.0004178912607775266,0.0,1.747864431588716e-07,0.00041771647433436773,1.0673161704969472,1.0677620060446873,-0.14642031432771618,0.9997291456469167,0.0010207528280478102,0.9987083928188689,False,False,False,-1.0
2023-08-30,2023-08-31 00:00:00,0.4086172649225292,0.0,0.0,0.2043086324612646,0.0,0.0,0.2043086324612646,0.0,0.2043086324612646,0.2043086324612646,False,0.5,0.0,-0.001330434120067281,-0.00027181917565075205,0.0,1.7492177436752104e-07,-0.0002719940974251196,1.064301877484922,1.0640123936563677,-0.14941779217923734,0.9996070643310299,0.001021543162306323,0.9985855211687236,False,False,False,1.0
2023-08-31,2023-09-01 00:00:00,0.3475527036480584,0.0,0.0,0.0868881759120146,0.0,0.0,0.0868881759120146,0.0,0.0868881759120146,0.0868881759120146,False,0.25,0.0,0.00198718709218193,0.00017266306163558833,0.0,7.439056156850565e-08,0.0001725886710740198,1.0618731495527236,1.062056416828454,-0.15098141972592016,0.9998169543053171,0.000434440879560073,0.999382513425757,False,False,False,1.0
2023-09-01,2023-09-02 00:00:00,0.34833008159557355,0.0,0.0,0.08708252039889339,0.0,0.0,0.08708252039889339,0.0,0.08708252039889339,0.08708252039889339,False,0.25,0.0,-0.0012221278467940966,-0.00010642597314850256,0.0,7.455695239631283e-08,-0.00010650053010089887,1.0591402427317882,1.0590274437344862,-0.15340281127836564,0.9998519933403712,0.00043541260199446696,0.9994165807383768,False,False,False,1.0
2023-09-02,2023-09-03 00:00:00,0.34979032036397345,0.0,0.0,0.08744758009099336,0.0,0.0,0.08744758009099336,0.0,0.08744758009099336,0.08744758009099336,False,0.25,0.0,-0.0017785357534412238,-0.00015552864774374665,0.0,7.486950350256281e-08,-0.00015560351724724922,1.059445148599066,1.0592802952076132,-0.15320067926792535,0.9998198953944095,0.0004372379004549668,0.9993826574939546,False,False,False,1.0
2023-09-03,2023-09-04 00:00:00,0.33043437275570325,0.0,0.0,0.08260859318892581,0.0,0.0,0.08260859318892581,0.0,0.08260859318892581,0.08260859318892581,False,0.25,0.0,0.0008335938314056879,6.886201370339048e-05,0.0,7.072653526449128e-08,6.879128716812599e-05,1.058883483191187,1.0589563251489569,-0.153459664190848,0.999975118694998,0.0004130429659446291,0.9995620757290534,False,False,False,1.0
2023-09-04,2023-09-05 00:00:00,0.32959296726764165,0.0,-0.25,0.08239824181691041,0.0,-0.0625,0.08239824181691041,0.0625,0.1448982418169104,0.01989824181691041,True,0.25,0.0,0.00068295924394568,1.3589688187125448e-05,0.0,1.240567138843411e-07,1.3465631473241108e-05,1.0588391795727194,1.0588534375109009,-0.1535419136034083,0.9998044808207907,0.000724491209084552,0.9990799896117061,False,False,False,1.0
2023-09-05,2023-09-06 00:00:00,0.33095167770459893,0.0,-0.25,0.08273791942614973,0.0,-0.0625,0.08273791942614973,0.0625,0.14523791942614972,0.020237919426149734,True,0.25,0.0,-0.000909584826415788,-1.840810442825111e-05,0.0,1.2434753375526516e-07,-1.8532451962006372e-05,1.0589965293194983,1.0589769035171908,-0.15344321363633362,0.9997993000321383,0.0007261895971307486,0.9990731104350076,False,False,False,1.0
2023-09-06,2023-09-07 00:00:00,0.33117240995943453,0.0,-0.25,0.08279310248985863,0.0,-0.0625,0.08279310248985863,0.0625,0.14529310248985863,0.020293102489858633,True,0.25,0.0,-0.0023413303180767064,-4.751285610734392e-05,0.0,1.2439477952898856e-07,-4.763725088687291e-05,1.05884248384088,1.0587920434958278,-0.1535909925964719,0.9998032163631041,0.0007264655124492932,0.9990767508506548,False,False,False,1.0
2023-09-07,2023-09-08 00:00:00,0.32897582641120576,0.0,0.0,0.08224395660280144,0.0,0.0,0.08224395660280144,0.0,0.08224395660280144,0.08224395660280144,False,0.25,0.0,0.00011651580935545525,9.582721168170348e-06,0.0,7.041434640650809e-08,9.51230682176384e-06,1.0582070430368151,1.0582171090268895,-0.15405060099281898,0.9999520159798128,0.0004112197830140072,0.9995407961967987,False,False,False,1.0
2023-09-08,2023-09-09 00:00:00,0.32867549447026945,0.0,0.0,0.08216887361756736,0.0,0.0,0.08216887361756736,0.0,0.08216887361756736,0.08216887361756736,False,0.25,0.0,-0.0009815770261896173,-8.065507861088227e-05,0.0,7.035006302873917e-08,-8.072542867391101e-05,1.0581766744467636,1.0580912526811062,-0.1541512118213233,0.99983660311575,0.0004108443680878368,0.9994257587476622,False,False,False,1.0
2023-09-09,2023-09-10 00:00:00,0.33367168766360067,0.0,0.0,0.08341792191590017,0.0,0.0,0.08341792191590017,0.0,0.08341792191590017,0.08341792191590017,False,0.25,0.0,-0.0003056589701737611,-2.5497436106849262e-05,0.0,7.141945369512001e-08,-2.556885556054438e-05,1.0584824405527373,1.0584553763681015,-0.15386012768409807,0.9999739211957174,0.00041708960957950085,0.9995568315861378,False,False,False,1.0
2023-09-10,2023-09-11 00:00:00,0.33573496999459645,0.0,0.0,0.08393374249864911,0.0,0.0,0.08393374249864911,0.0,0.08393374249864911,0.08393374249864911,False,0.25,0.0,-0.0006416148953366507,-5.385313940848415e-05,0.0,7.186108090637766e-08,-5.392500048939053e-05,1.0576655219716784,1.0576084873578884,-0.15453713927567447,0.999911381150084,0.0004196687124932456,0.9994917124375908,False,False,False,1.0
2023-09-11,2023-09-12 00:00:00,0.3345452666649486,0.0,0.0,0.08363631666623715,0.0,0.0,0.08363631666623715,0.0,0.08363631666623715,0.08363631666623715,False,0.25,0.0,0.00011522949875164556,9.637370846884406e-06,0.0,7.160643550191537e-08,9.56576441138249e-06,1.054410734299995,1.0544208205446723,-0.15708539218320394,0.999835557679676,0.00041818158333118576,0.9994173760963448,False,False,False,1.0
2023-09-12,2023-09-13 00:00:00,-0.3339270059418612,0.0,0.0,-0.0834817514854653,0.0,0.0,0.0,0.0834817514854653,0.0834817514854653,-0.0834817514854653,False,0.25,0.0,-0.0006479266347687584,5.4090050304579335e-05,0.0,7.147410229919975e-08,5.4018576202280134e-05,1.0519307063615586,1.0519875301605799,-0.15903058898684075,0.9999749638872956,0.0004174087574273265,0.9995575551298682,False,False,False,-1.0
2023-09-13,2023-09-14 00:00:00,-0.3149075480045212,0.0,0.0,-0.0787268870011303,0.0,0.0,0.0,0.0787268870011303,0.0787268870011303,-0.0787268870011303,False,0.25,0.0,-0.002159478746509458,0.0001700090392577926,0.0,6.740315667904991e-08,0.00016994163610111355,1.051585848819737,1.0517645570393863,-0.1592088359422712,0.9997380795938485,0.00039363443500565153,0.9993444451588429,False,False,False,-1.0
2023-09-14,2023-09-15 00:00:00,-0.2977753809095366,0.0,0.0,-0.07444384522738415,0.0,0.0,0.0,0.07444384522738415,0.07444384522738415,-0.07444384522738415,False,0.25,0.0,0.0018634644501247521,-0.00013872345911181955,0.0,6.373616885906176e-08,-0.00013878719528067862,1.0506056084565536,1.0504597978508097,-0.16025187355904202,0.9998023466000304,0.00037221922613692073,0.9994301273738935,False,False,False,-1.0
2023-09-15,2023-09-16 00:00:00,-0.2977779411949653,0.0,0.0,-0.07444448529874133,0.0,0.0,0.0,0.07444448529874133,0.07444448529874133,-0.07444448529874133,False,0.25,0.0,0.0004014823965410308,-2.9888150367002204e-05,0.0,6.373671686536073e-08,-2.9951887083867566e-05,1.0511885987822214,1.0511571137000069,-0.1596944322565772,0.9999328028793818,0.00037222242649370663,0.9995605804528881,False,False,False,-1.0
2023-09-16,2023-09-17 00:00:00,-0.2912770346640543,0.0,0.0,-0.07281925866601358,0.0,0.0,0.0,0.07281925866601358,0.07281925866601358,-0.07281925866601358,False,0.25,0.0,-0.0012649564292785964,9.211318942487503e-05,0.0,6.23452557072034e-08,9.205084416916782e-05,1.0503519845755633,1.0504486703624183,-0.16026076898516672,0.9999999376547443,0.00036409629333006787,0.9996358413614141,False,False,False,-1.0
2023-09-17,2023-09-18 00:00:00,-0.2915817740807622,0.0,0.0,-0.07289544352019055,0.0,0.0,0.0,0.07289544352019055,0.07289544352019055,-0.07289544352019055,False,0.25,0.0,5.5229293617342634e-05,-4.02596385354302e-06,0.0,6.241048246591656e-08,-4.088374336008937e-06,1.0506640359156236,1.0506597404077436,-0.1600920374682896,0.9999672825493722,0.00036447721760095276,0.9996028053317713,False,False,False,-1.0
2023-09-18,2023-09-19 00:00:00,-0.3207614240982716,0.13333963487300504,0.0,-0.0801903560245679,0.03333490871825126,0.0,0.03333490871825126,0.0801903560245679,0.11352526474281915,-0.04685544730631663,True,0.25,0.0,-0.0026325935564712744,0.0001233513486641885,0.0,9.719628830720817e-08,0.0001232541523758813,1.0491719889754387,1.0493013037796364,-0.16117798537003292,0.9997800861249103,0.0005676263237140958,0.9992124598011962,False,False,False,-1.0
2023-09-19,2023-09-20 00:00:00,-0.3710679731594079,0.13333963487300504,0.0,-0.09276699328985198,0.03333490871825126,0.0,0.03333490871825126,0.09276699328985198,0.12610190200810323,-0.05943208457160072,True,0.25,0.0,0.003987419630466782,-0.0002369806607003627,0.0,1.0796395719871851e-07,-0.0002370886246575614,1.0494737572098332,1.049224938920122,-0.16123903220669844,0.9993901399885338,0.0006305095100405161,0.9987596304784933,False,False,False,-1.0
2023-09-20,2023-09-21 00:00:00,-0.3690104001047863,0.13333963487300504,0.0,-0.09225260002619658,0.03333490871825126,0.0,0.03333490871825126,0.09225260002619658,0.12558750874444785,-0.058917691307945316,True,0.25,0.0,0.00017192891967243717,-1.012965501616918e-05,0.0,1.0752355200723275e-07,-1.0237178568176413e-05,1.0502698434062907,1.050259091606359,-0.16041232014927553,0.9998716344342482,0.0006279375437222393,0.999243696890526,False,False,False,-1.0
2023-09-21,2023-09-22 00:00:00,-0.37036156843805695,0.0,0.0,-0.09259039210951424,0.0,0.0,0.0,0.09259039210951424,0.09259039210951424,-0.09259039210951424,False,0.25,0.0,-0.0005175950765345938,4.7924331090292075e-05,0.0,7.927259598417315e-08,4.78450584943079e-05,1.0527344838059853,1.052784851948942,-0.15839320193088924,0.9997854301236219,0.0004629519605475712,0.9993224781630743,False,False,False,-1.0
2023-09-22,2023-09-23 00:00:00,-0.36383779783252285,0.0,0.0,-0.09095944945813071,0.0,0.0,0.0,0.09095944945813071,0.09095944945813071,-0.09095944945813071,False,0.25,0.0,-0.0015977343500354069,0.0001453290368595649,0.0,7.787624097442697e-08,0.00014525116061859047,1.052009766910043,1.0521625725496688,-0.15889065834067428,0.9999560384538053,0.00045479724729065356,0.9995012412065146,False,False,False,-1.0
2023-09-23,2023-09-24 00:00:00,-0.34405859945107237,0.0,0.0,-0.08601464986276809,0.0,0.0,0.0,0.08601464986276809,0.08601464986276809,-0.08601464986276809,False,0.25,0.0,0.0008619279503729871,-7.413843085826584e-05,0.0,7.364267967702747e-08,-7.421207353794287e-05,1.052378474374233,1.052300375185503,-0.15878049752776457,0.9998922362278254,0.00043007324931384046,0.9994621629785115,False,False,False,-1.0
2023-09-24,2023-09-25 00:00:00,-0.3433396476423781,0.0,0.0,-0.08583491191059453,0.0,0.0,0.0,0.08583491191059453,0.08583491191059453,-0.08583491191059453,False,0.25,0.0,-5.0284737325156925e-05,4.316185998752229e-06,0.0,7.348879444400216e-08,4.242697204308227e-06,1.0522854448965353,1.0522899094250504,-0.15878886396192005,0.9999966893717065,0.00042917455955297264,0.9995675148121536,False,False,False,-1.0
2023-09-25,2023-09-26 00:00:00,-0.34455220386649116,0.0,0.0,-0.08613805096662279,0.0,0.0,0.0,0.08613805096662279,0.08613805096662279,-0.08613805096662279,False,0.25,0.0,-0.0015812916191544346,0.00013620937808381817,0.0,7.374833130704006e-08,0.00013613562975251114,1.0524726217755347,1.0526159007986973,-0.15852826317946656,0.9998810822126234,0.00043069025483311393,0.9994503919577903,False,False,False,-1.0
2023-09-26,2023-09-27 00:00:00,-0.3447246466104047,0.0,0.0,-0.08618116165260117,0.0,0.0,0.0,0.08618116165260117,0.08618116165260117,-0.08618116165260117,False,0.25,0.0,-0.0003725358960434688,3.210557627831881e-05,0.0,7.378524114092566e-08,3.2031791037177885e-05,1.0526616964926623,1.0526954151321573,-0.1584646986216559,0.9999683648007903,0.0004309058082630059,0.9995374589925273,False,False,False,-1.0
2023-09-27,2023-09-28 00:00:00,-0.34502353503203365,0.0,0.0,-0.08625588375800841,0.0,0.0,0.0,0.08625588375800841,0.08625588375800841,-0.08625588375800841,False,0.25,0.0,0.0012062500000000753,-0.00010404615978310415,0.0,7.384921554624007e-08,-0.00010412000899865039,1.0517135619761375,1.0516040575506005,-0.15933714084768347,0.9998921062960869,0.00043127941879004205,0.9994608268772969,False,False,False,-1.0
2023-09-28,2023-09-29 00:00:00,-0.3453662013407613,0.0,0.0,-0.08634155033519032,0.0,0.0,0.0,0.08634155033519032,0.08634155033519032,-0.08634155033519032,False,0.25,0.0,0.005646348735047546,-0.00048751450351714593,0.0,7.392256021848485e-08,-0.0004875884260773644,1.0492527283379018,1.0487411248515341,-0.1616257980386453,0.9993978876927085,0.0004317077516759516,0.9989661799410325,False,False,False,-1.0
2023-09-29,2023-09-30 00:00:00,-0.3413921480874917,0.0,0.0,-0.08534803702187292,0.0,0.0,0.0,0.08534803702187292,0.08534803702187292,-0.08534803702187292,False,0.25,0.0,0.0003948454718403216,-3.369928594854665e-05,0.0,7.307194950502818e-08,-3.377235789805168e-05,1.0477026629025539,1.0476672795132516,-0.1624842408012861,0.9999264012132537,0.00042674018510936463,0.9994996610281444,False,False,False,-1.0
2023-09-30,2023-10-01 00:00:00,0.35832847808360657,0.0,0.0,0.08958211952090164,0.0,0.0,0.08958211952090164,0.0,0.08958211952090164,0.08958211952090164,False,0.25,0.0,-0.0005342831700801964,-4.7862218800130375e-05,0.0,7.669702013775826e-08,-4.793891582026813e-05,1.0487046820144996,1.0486544082490283,-0.16169512016276144,0.9997957111694327,0.00044791059760450824,0.9993478005718281,False,False,False,1.0
2023-10-01,2023-10-02 00:00:00,0.3550065940710528,0.0,0.0,0.0887516485177632,0.0,0.0,0.0887516485177632,0.0,0.0887516485177632,0.0887516485177632,False,0.25,0.0,0.0005526306406951065,4.9046880383118374e-05,0.0,7.598600044329041e-08,4.8970894382675085e-05,1.0486115671788891,1.048662918625194,-0.16168831688246932,0.9999593153065855,0.000443758242588816,0.9995155570639968,False,False,False,1.0
2023-10-02,2023-10-03 00:00:00,0.3555064112100135,0.0,0.0,0.08887660280250337,0.0,0.0,0.08887660280250337,0.0,0.08887660280250337,0.08887660280250337,False,0.25,0.0,-0.007583844592771616,-0.0006740263435876758,0.0,7.609298185145837e-08,-0.0006741024365695273,1.0498653609485658,1.0491576441506805,-0.16129282832214564,0.9990944453619202,0.00044438301401251686,0.9986500623479077,False,False,False,1.0
2023-10-03,2023-10-04 00:00:00,0.39042000417373557,0.0,0.0,0.09760500104343389,0.0,0.0,0.09760500104343389,0.0,0.09760500104343389,0.09760500104343389,False,0.25,0.0,0.0011843663639952151,0.00011560008019356097,0.0,8.356592555088518e-08,0.00011551651426801009,1.0463847633915346,1.0465056381119848,-0.16341286861960513,0.999825034261474,0.0004880250052171695,0.9993370092562568,False,False,False,1.0
2023-10-04,2023-10-05 00:00:00,0.3899852705297168,0.0,0.0,0.0974963176324292,0.0,0.0,0.0974963176324292,0.0,0.0974963176324292,0.0974963176324292,False,0.25,0.0,-0.001766989697655097,-0.0001722749888158114,0.0,8.347287468529897e-08,-0.00017235846169049668,1.0457103463667903,1.0455301093401166,-0.16419271613032527,0.9997501475987037,0.00048748158816214605,0.9992626660105416,False,False,False,1.0
2023-10-05,2023-10-06 00:00:00,0.3669779124079727,0.0,0.0,0.09174447810199317,0.0,0.0,0.09174447810199317,0.0,0.09174447810199317,0.09174447810199317,False,0.25,0.0,-0.0015916886706316413,-0.00014602864638795524,0.0,7.854835453937771e-08,-0.00014610719474249462,1.0448362155848416,1.044683557496417,-0.1648694581875999,0.9998001225672465,0.00045872239050996584,0.9993414001767366,False,False,False,1.0
2023-10-06,2023-10-07 00:00:00,0.3646217069998453,0.0,0.0,0.09115542674996133,0.0,0.0,0.09115542674996133,0.0,0.09115542674996133,0.09115542674996133,False,0.25,0.0,-0.001974591563329686,-0.00017999473661219084,0.0,7.804402975167921e-08,-0.0001800727806419425,1.0462960043569365,1.0461075949260574,-0.16373106834539086,0.9997567906040541,0.0004557771337498066,0.9993010134703043,False,False,False,1.0
2023-10-07,2023-10-08 00:00:00,0.36360411947372867,0.0,-0.20342498509207513,0.09090102986843217,0.0,-0.05085624627301878,0.09090102986843217,0.05085624627301878,0.14175727614145095,0.040044783595413386,True,0.25,0.0,0.0007085094427208283,2.8372107309062503e-05,0.0,1.2136753094302306e-07,2.825073977811948e-05,1.0458738692775238,1.0459034159880456,-0.16389429104178055,0.9999188723730655,0.0007087863807072548,0.9992100859923583,False,False,False,1.0
2023-10-08,2023-10-09 00:00:00,0.3590925647099769,0.0,-0.20342498509207513,0.08977314117749423,0.0,-0.05085624627301878,0.08977314117749423,0.05085624627301878,0.140629387450513,0.038916894904475446,True,0.25,0.0,0.00041088917644316325,1.5990530897025053e-05,0.0,1.2040187281722004e-07,1.5870129024207834e-05,1.045699425586102,1.0457160209709067,-0.16404409650303542,0.9999528364137454,0.000703146937252565,0.9992496894764928,False,False,False,1.0
2023-10-09,2023-10-10 00:00:00,0.35937676271693064,0.0,0.0,0.08984419067923266,0.0,0.0,0.08984419067923266,0.0,0.08984419067923266,0.08984419067923266,False,0.25,0.0,-0.002659791869714212,-0.0002389668479096764,0.0,7.692139612948001e-08,-0.0002390437693058059,1.0445888360927416,1.0443391336399872,-0.165144794082158,0.9997038979525881,0.0004492209533961633,0.9992546769991919,False,False,False,1.0
2023-10-10,2023-10-11 00:00:00,-0.35888480027432457,0.0,0.0,-0.08972120006858114,0.0,0.0,0.0,0.08972120006858114,0.08972120006858114,-0.08972120006858114,False,0.25,0.0,6.3788528270602995e-06,-5.723183307047115e-07,0.0,7.681609594912769e-08,-6.491344266538392e-07,1.0444268702620931,1.0444261922886555,-0.16507519852289976,0.9998305169580142,0.0004486060003429057,0.9993819109576713,False,False,False,-1.0
2023-10-11,2023-10-12 00:00:00,-0.3397487713273155,0.0,0.0,-0.08493719283182888,0.0,0.0,0.0,0.08493719283182888,0.08493719283182888,-0.08493719283182888,False,0.25,0.0,0.0017535520670075577,-0.00014894179005607304,0.0,7.272019934231925e-08,-0.00014901451025541536,1.0450111313788346,1.0448554095568807,-0.16473207792222022,0.9996818574497542,0.0004246859641591444,0.9992571714855951,False,False,False,-1.0
2023-10-12,2023-10-13 00:00:00,-0.33875771305291136,0.0,0.0,-0.08468942826322784,0.0,0.0,0.0,0.08468942826322784,0.08468942826322784,-0.08468942826322784,False,0.25,0.0,-0.0004992187550650895,4.227855094474281e-05,0.0,7.250807214317452e-08,4.220604287259963e-05,1.0458169472573966,1.0458610870523095,-0.1639281292186925,0.999825322567247,0.0004234471413161392,0.9994018754259308,False,False,False,-1.0
2023-10-13,2023-10-14 00:00:00,-0.3727538774328673,0.0,0.0,-0.09318846935821683,0.0,0.0,0.0,0.09318846935821683,0.09318846935821683,-0.09318846935821683,False,0.25,0.0,-0.0007140631491482363,6.654245189423223e-05,0.0,7.978464842313085e-08,6.646266724580909e-05,1.0459224413891732,1.04599195618436,-0.16382351111843474,0.999968463783547,0.00046594234679108414,0.9995025214367559,False,False,False,-1.0
2023-10-14,2023-10-15 00:00:00,-0.3938019632646379,0.0,0.0,-0.09845049081615947,0.0,0.0,0.0,0.09845049081615947,0.09845049081615947,-0.09845049081615947,False,0.25,0.0,0.001486763939216429,-0.00014637263954362411,0.0,8.428980378095846e-08,-0.00014645692934740507,1.0450259107292157,1.0448728594432417,-0.16471812830757704,0.9997002003054164,0.0004922524540807974,0.9992079478513356,False,False,False,-1.0
2023-10-15,2023-10-16 00:00:00,-0.39434953614356066,0.0,0.0,-0.09858738403589017,0.0,0.0,0.0,0.09858738403589017,0.09858738403589017,-0.09858738403589017,False,0.25,0.0,-0.000868072300777456,8.558097728766581e-05,0.0,8.440700688004295e-08,8.549657028078577e-05,1.0449167152503438,1.0450060520457267,-0.16461165280168766,0.9999992816598281,0.0004929369201794509,0.9995063447396486,False,False,False,-1.0
2023-10-16,2023-10-17 00:00:00,-0.4007234275756779,0.0,0.0,-0.10018085689391948,0.0,0.0,0.0,0.10018085689391948,0.10018085689391948,-0.10018085689391948,False,0.25,0.0,-0.00018375480772270247,1.8408714096037748e-05,0.0,8.577128158725983e-08,1.832294281445049e-05,1.0432763696951317,1.0432954855883931,-0.16597909683013834,0.9998304271023858,0.0005009042844695974,0.9993295228179162,False,False,False,-1.0
2023-10-17,2023-10-18 00:00:00,-0.40297992042588443,0.0,0.0,-0.10074498010647111,0.0,0.0,0.0,0.10074498010647111,0.10074498010647111,-0.10074498010647111,False,0.25,0.0,-0.0009765129609902168,9.837877882867058e-05,0.0,8.62542637897869e-08,9.829252456488079e-05,1.04332969286617,1.0434322443756354,-0.1658697704802904,0.9998874808556463,0.0005037249005323556,0.9993837559551139,False,False,False,-1.0
2023-10-18,2023-10-19 00:00:00,-0.39633427504262886,0.0,0.0,-0.09908356876065721,0.0,0.0,0.0,0.09908356876065721,0.09908356876065721,-0.09908356876065721,False,0.25,0.0,0.00031856873439006783,-3.156492709893383e-05,0.0,8.483182256905584e-08,-3.1649758921502886e-05,1.043797012787385,1.0437639768635674,-0.16560458019334146,0.9998496661151864,0.0004954178438032861,0.9993542482713832,False,False,False,-1.0
2023-10-19,2023-10-20 00:00:00,-0.3964410715224563,0.25,0.0,-0.09911026788061407,0.0625,0.0,0.0625,0.09911026788061407,0.16161026788061406,-0.03661026788061407,True,0.25,0.0,-0.0005762249582237366,2.109575008006665e-05,0.0,1.3836495537723804e-07,2.0957385124689412e-05,1.0446561395911915,1.0446780328522318,-0.1648738746437206,0.9997481745792306,0.0008080513394030703,0.9989401232398275,False,False,False,-1.0
2023-10-20,2023-10-21 00:00:00,-0.4080118684066027,0.0,0.0,-0.10200296710165067,0.0,0.0,0.0,0.10200296710165067,0.10200296710165067,-0.10200296710165067,False,0.25,0.0,0.002453474506963982,-0.0002502616794185856,0.0,8.733130745004338e-08,-0.00025034901072603564,1.0421357525065287,1.0418748548518464,-0.16711476332762865,0.9997451934021088,0.0005100148355082533,0.9992351785666005,False,False,False,-1.0
2023-10-21,2023-10-22 00:00:00,-0.40769192390188375,0.0,0.0,-0.10192298097547094,0.0,0.0,0.0,0.10192298097547094,0.10192298097547094,-0.10192298097547094,False,0.25,0.0,0.0042240406494538085,-0.00043052681475389643,0.0,8.726282617762922e-08,-0.00043061407758007405,1.0408074577498136,1.0403592714064562,-0.16832633597546842,0.9994820235468713,0.0005096149048773547,0.998972408641994,False,False,False,-1.0
2023-10-22,2023-10-23 00:00:00,-0.3843659500536697,0.0,0.0,-0.09609148751341742,0.0,0.0,0.0,0.09609148751341742,0.09609148751341742,-0.09609148751341742,False,0.25,0.0,0.0004737820110507496,-4.5526418198964896e-05,0.0,8.227010917244643e-08,-4.560868830813734e-05,1.040523868327773,1.0404764113989853,-0.1682326930874123,0.9999538000595075,0.0004804574375670871,0.9994733426219404,False,False,False,-1.0
2023-10-23,2023-10-24 00:00:00,-0.40780726545076357,0.0,0.0,-0.10195181636269089,0.0,0.0,0.0,0.10195181636269089,0.10195181636269089,-0.10195181636269089,False,0.25,0.0,-0.0011199675924270514,0.00011418273031528778,0.0,8.728751400915315e-08,0.00011409544280127862,1.0370648641366391,1.0371831885115266,-0.17086532858222514,0.9996124202553522,0.0005097590818134545,0.9991026611735387,False,False,False,-1.0
2023-10-24,2023-10-25 00:00:00,0.40883422349111326,0.0,0.0,0.10220855587277831,0.0,0.0,0.10220855587277831,0.0,0.10220855587277831,0.10220855587277831,False,0.25,0.0,0.005974202308214549,0.000610614590414428,0.0,8.750732523354307e-08,0.0006105270830891944,1.0427956542059327,1.0434323091949531,-0.16586971866307598,0.9999496061769871,0.0005110427793638915,0.9994385633976233,False,False,False,1.0
2023-10-25,2023-10-26 00:00:00,0.3770595789369699,0.0,0.0,0.09426489473424247,0.0,0.0,0.09426489473424247,0.0,0.09426489473424247,0.09426489473424247,False,0.25,0.0,-0.0003486788944111474,-3.2868179277718855e-05,0.0,8.070624549164595e-08,-3.29488855232105e-05,1.0450642050004388,1.045029771299584,-0.16459269139161947,0.99994200869217,0.0004713244736712124,0.9994706842184987,False,False,False,1.0
2023-10-26,2023-10-27 00:00:00,0.3037356207742184,0.0,0.0,0.0759339051935546,0.0,0.0,0.0759339051935546,0.0,0.0759339051935546,0.0759339051935546,False,0.25,0.0,0.004446227203904973,0.0003376193949703236,0.0,6.501190513146797e-08,0.00033755438306519214,1.0435394357323238,1.0438916870427566,-0.1655024873917692,0.9999527454919745,0.000379669525967773,0.9995730759660068,False,False,False,1.0
2023-10-27,2023-10-28 00:00:00,0.30250560130427406,0.0,0.0,0.07562640032606852,0.0,0.0,0.07562640032606852,0.0,0.07562640032606852,0.07562640032606852,False,0.25,0.0,-0.0026287823703786684,-0.0001988053479123685,0.0,6.474863041615454e-08,-0.00019887009654278464,1.0443448585012107,1.0441371695383768,-0.1653062462160546,0.9996776167936904,0.0003781320016303426,0.99929948479206,False,False,False,1.0
2023-10-28,2023-10-29 00:00:00,0.29647486885271707,0.0,0.0,0.07411871721317927,0.0,0.0,0.07411871721317927,0.0,0.07411871721317927,0.07411871721317927,False,0.25,0.0,-0.0003070053028187969,-2.2754839222572873e-05,0.0,6.345780583320143e-08,-2.2818297028406076e-05,1.0444985054350575,1.0444746717579148,-0.16503644354763602,0.9999229838131869,0.00037059358606589634,0.999552390227121,False,False,False,1.0
2023-10-29,2023-10-30 00:00:00,0.29750417965531656,0.0,0.0,0.07437604491382914,0.0,0.0,0.07437604491382914,0.0,0.07437604491382914,0.07437604491382914,False,0.25,0.0,-0.0001785116590427016,-1.3276991170602128e-05,0.0,6.367812064540166e-08,-1.334066929124753e-05,1.044546110447623,1.044532175503404,-0.16499047447520043,0.999896624734333,0.0003718802245691457,0.9995247445097639,False,False,False,1.0
2023-10-30,2023-10-31 00:00:00,0.3110506624857895,0.0,0.0,0.07776266562144737,0.0,0.0,0.07776266562144737,0.0,0.07776266562144737,0.07776266562144737,False,0.25,0.0,0.00047827162529889833,3.71916764743444e-05,0.0,6.657762467589672e-08,3.71250988496685e-05,1.0448709106592364,1.0449097015950797,-0.16468867632089146,0.9999191377114138,0.00038881332810723686,0.9995303243833066,False,False,False,1.0
2023-10-31,2023-11-01 00:00:00,0.31253837294102066,0.0,-0.19822518652498297,0.07813459323525516,0.0,-0.04955629663124574,0.07813459323525516,0.04955629663124574,0.1276908898665009,0.028578296604009422,True,0.25,0.0,0.002428189376391776,6.939351620922885e-05,0.0,1.0932439200899049e-07,6.928419181721986e-05,1.04364493674746,1.0437172448434469,-0.16564193824019036,0.9998094247574255,0.0006384544493325045,0.999170970308093,False,False,False,1.0
2023-11-01,2023-11-02 00:00:00,0.30985743160516405,0.0,0.0,0.07746435790129101,0.0,0.0,0.07746435790129101,0.0,0.07746435790129101,0.07746435790129101,False,0.25,0.0,0.0014582879364388734,0.00011296533863143602,0.0,6.632222423055736e-08,0.00011289901640720546,1.0427917881050481,1.0429095182722428,-0.16628764298418242,0.9998796104435246,0.00038732178950645505,0.9994922886540182,False,False,False,1.0
2023-11-02,2023-11-03 00:00:00,0.30425356659011743,0.0,0.0,0.07606339164752936,0.0,0.0,0.07606339164752936,0.0,0.07606339164752936,0.07606339164752936,False,0.25,0.0,-0.0033718237144230168,-0.00025647234775658513,0.0,6.512276682151485e-08,-0.00025653747052340663,1.0436750230337928,1.0434072812833353,-0.16588972622731868,0.9997262242241356,0.0003803169582376468,0.999345907265898,False,False,False,1.0
2023-11-03,2023-11-04 00:00:00,0.3043519151295582,0.0,0.0,0.07608797878238956,0.0,0.0,0.07608797878238956,0.0,0.07608797878238956,0.07608797878238956,False,0.25,0.0,0.0018573695004449053,0.00014132349114090944,0.0,6.514381745067599e-08,0.00014125834732345877,1.043678225909974,1.0438256541713036,-0.16555527473327392,0.9998855301252589,0.00038043989391194777,0.999505090231347,False,False,False,1.0
2023-11-04,2023-11-05 00:00:00,0.3191528041874115,0.0,0.0,0.07978820104685287,0.0,0.0,0.07978820104685287,0.0,0.07978820104685287,0.07978820104685287,False,0.25,0.0,-0.0005018437302263257,-4.004120844140067e-05,0.0,6.83118159647713e-08,-4.010952025736544e-05,1.0447761743332078,1.0447342688620789,-0.16482891901190666,0.9998828546765456,0.00039894100523426434,0.9994839136713113,False,False,False,1.0
2023-11-05,2023-11-06 00:00:00,0.3223872144819779,0.0,0.0,0.08059680362049447,0.0,0.0,0.08059680362049447,0.0,0.08059680362049447,0.08059680362049447,False,0.25,0.0,0.0005817180428655533,4.6884614863333385e-05,0.0,6.90041126887795e-08,4.68156107506446e-05,1.046629175921608,1.0466781745057083,-0.16327494129133546,0.9997723900668717,0.0004029840181024724,0.9993694060487692,False,False,False,1.0
2023-11-06,2023-11-07 00:00:00,0.3246197321205812,0.0,0.0,0.0811549330301453,0.0,0.0,0.0811549330301453,0.0,0.0811549330301453,0.0811549330301453,False,0.25,0.0,-0.002716621739267233,-0.00022046725531846915,0.0,6.948196321074083e-08,-0.0002205367372816799,1.0481255803420335,1.0478944301462834,-0.16230265430088064,0.9997313690545118,0.0004057746651507265,0.9993255943893611,False,False,False,1.0
2023-11-07,2023-11-08 00:00:00,0.319827953709479,0.0,0.0,0.07995698842736974,0.0,0.0,0.07995698842736974,0.0,0.07995698842736974,0.07995698842736974,False,0.25,0.0,0.0005369444638341214,4.2932462280925096e-05,0.0,6.84563257083645e-08,4.286400595521673e-05,1.046151998738283,1.0461968410037872,-0.16365972413334284,0.999914925268358,0.0003997849421368487,0.9995151403262211,False,False,False,1.0
2023-11-08,2023-11-09 00:00:00,0.31909745863677863,0.0,0.0,0.07977436465919466,0.0,0.0,0.07977436465919466,0.0,0.07977436465919466,0.07977436465919466,False,0.25,0.0,0.001872291674401616,0.00014936087878208868,0.0,6.829996974246117e-08,0.0001492925788123462,1.0471825467483793,1.0473388833312705,-0.16274676401170618,0.9999834300731959,0.0003988718232959733,0.9995845582498999,False,False,False,1.0
2023-11-09,2023-11-10 00:00:00,0.30888769969609253,0.0,0.0,0.07722192492402313,0.0,0.0,0.07722192492402313,0.0,0.07722192492402313,0.07722192492402313,False,0.25,0.0,-0.002442653926358118,-0.00018862643811659694,0.0,6.61146617500198e-08,-0.00018869255277834696,1.0537519271978404,1.0535530920567024,-0.15777906306287304,0.999710757081412,0.00038610962462011565,0.9993246474567918,False,False,False,1.0
2023-11-10,2023-11-11 00:00:00,0.32919989269999084,0.0,0.0,0.08229997317499771,0.0,0.0,0.08229997317499771,0.0,0.08229997317499771,0.08229997317499771,False,0.25,0.0,0.0026436621678027628,0.00021757332549392366,0.0,7.046230580051173e-08,0.00021750286318812314,1.0556503317244188,1.0558799386940942,-0.15591895846080928,0.999860145586288,0.00041149986587498853,0.999448645720413,False,False,False,1.0
2023-11-11,2023-11-12 00:00:00,0.2624331209076295,0.0,0.0,0.06560828022690737,0.0,0.0,0.06560828022690737,0.0,0.06560828022690737,0.06560828022690737,False,0.25,0.0,-0.002089556560387229,-0.00013709221236385803,0.0,5.617147279700974e-08,-0.00013714838383665506,1.0553752942684378,1.0552305512524878,-0.15643808531225,0.9998033289004026,0.0003280414011345369,0.9994752874992681,False,False,False,1.0
2023-11-12,2023-11-13 00:00:00,0.261958333890426,0.0,0.0,0.0654895834726065,0.0,0.0,0.0654895834726065,0.0,0.0654895834726065,0.0654895834726065,False,0.25,0.0,0.0004472728510240831,2.9291712712172382e-05,0.0,5.606984886353296e-08,2.9235642863308848e-05,1.054869436972289,1.0549002767584157,-0.15670211006424495,0.9999426340574534,0.0003274479173630325,0.9996151861400904,False,False,False,1.0
2023-11-13,2023-11-14 00:00:00,0.2624395029624514,0.0,0.0,0.06560987574061285,0.0,0.0,0.06560987574061285,0.0,0.06560987574061285,0.06560987574061285,False,0.25,0.0,0.008827800382442241,0.00057919088615497,0.0,5.6172838819017846e-08,0.000579134713316151,1.0558800854146004,1.0564915822251633,-0.15543000447102706,0.9999889385714524,0.00032804937870306426,0.9996608891927494,False,False,False,1.0
2023-11-14,2023-11-15 00:00:00,0.2614771057845967,0.0,0.0,0.06536927644614918,0.0,0.0,0.06536927644614918,0.0,0.06536927644614918,0.06536927644614918,False,0.25,0.0,-0.0017142073505210798,-0.00011205649418223341,0.0,5.596684627238799e-08,-0.0001121124610285058,1.0544063220175695,1.054288109929884,-0.1571914823832814,0.9997908786311509,0.0003268463822307459,0.9994640322489201,False,False,False,1.0
2023-11-15,2023-11-16 00:00:00,0.25972294161029125,0.0,0.0,0.06493073540257281,0.0,0.0,0.06493073540257281,0.0,0.06493073540257281,0.06493073540257281,False,0.25,0.0,0.0033957374558777342,0.00022048773024420292,0.0,5.5591383050147955e-08,0.00022043213886115278,1.0535031060779934,1.053735332020963,-0.1576333786027313,0.999999944408617,0.00032465367701286406,0.9996752907316041,False,False,False,1.0
2023-11-16,2023-11-17 00:00:00,0.24395647113617255,0.0,0.0,0.06098911778404314,0.0,0.0,0.06098911778404314,0.0,0.06098911778404314,0.06098911778404314,False,0.25,0.0,-0.004038558499193878,-0.0002463081199850839,0.0,5.221671043154378e-08,-0.0002463603366955155,1.0531749869043494,1.0529155263599763,-0.15828873949256994,0.999233622025561,0.0003049455889202157,0.9989286764366407,False,False,False,1.0
2023-11-17,2023-11-18 00:00:00,0.24181803638721078,0.0,0.0,0.060454509096802694,0.0,0.0,0.060454509096802694,0.0,0.060454509096802694,0.060454509096802694,False,0.25,0.0,-0.00015109360509335534,-9.134289723584964e-06,0.0,5.1758997514385867e-08,-9.186048721099351e-06,1.050473072639965,1.0504634229431393,-0.1602489756237777,0.9998011986956374,0.0003022725454840135,0.9994989261501535,False,False,False,1.0
2023-11-18,2023-11-19 00:00:00,0.2388460997578267,0.0,0.0,0.059711524939456674,0.0,0.0,0.059711524939456674,0.0,0.059711524939456674,0.059711524939456674,False,0.25,0.0,0.0011127577418710288,6.644446165530543e-05,0.0,5.1122880941315644e-08,6.639333877436411e-05,1.0514800494099072,1.0515498606810423,-0.15938046637024383,0.9999350353938429,0.0002985576246972834,0.9996364777691455,False,False,False,1.0
2023-11-19,2023-11-20 00:00:00,0.2237318102154851,0.0,0.0,0.055932952553871276,0.0,0.0,0.055932952553871276,0.0,0.055932952553871276,0.055932952553871276,False,0.25,0.0,0.00042717873870379286,2.389336812394182e-05,0.0,4.7887801844067867e-08,2.3845480322097752e-05,1.051989524720397,1.0520146099159078,-0.15900894115810182,0.9999157564340471,0.0002796647627693564,0.9996360916712778,False,False,False,1.0
2023-11-20,2023-11-21 00:00:00,0.2241636386533965,0.0,0.0,0.056040909663349125,0.0,0.0,0.056040909663349125,0.0,0.056040909663349125,0.056040909663349125,False,0.25,0.0,0.003292108275966932,0.00018449274249542684,0.0,4.798023087615507e-08,0.00018444476226455069,1.0540291646050273,1.0542235747637128,-0.15724307244412217,0.9999911404260977,0.0002802045483167456,0.9997109358777809,False,False,False,1.0
2023-11-21,2023-11-22 00:00:00,0.22729393124086875,0.0,0.0,0.05682348281021719,0.0,0.0,0.05682348281021719,0.0,0.05682348281021719,0.05682348281021719,False,0.25,0.0,0.01162826202011158,0.0006607583470125117,0.0,4.865024213203526e-08,0.0006607096967703797,1.0519476955060383,1.0526427275489543,-0.15850681760552565,0.9999762392340226,0.0002841174140510859,0.9996921218199715,False,False,False,1.0
2023-11-22,2023-11-23 00:00:00,0.2213611942584111,0.0,0.0,0.05534029856460278,0.0,0.0,0.05534029856460278,0.0,0.05534029856460278,0.05534029856460278,False,0.25,0.0,0.0009842519685039353,5.4468797799805786e-05,0.0,4.738039260668046e-08,5.44214174071991e-05,1.0539592897601773,1.0540166477186155,-0.15740849200495244,0.9998940108078868,0.0002767014928230139,0.9996173093150638,False,False,False,1.0
2023-11-23,2023-11-24 00:00:00,0.21456607101315436,0.0,0.0,0.05364151775328859,0.0,0.0,0.05364151775328859,0.0,0.05364151775328859,0.05364151775328859,False,0.25,0.0,-0.0035435030895833997,-0.00019007888388872091,0.0,4.59259569805553e-08,-0.00019012480984570147,1.0544499243581718,1.0542494472668114,-0.15722238970495606,0.9997470391954804,0.00026820758876644295,0.9994788316067139,False,False,False,1.0
2023-11-24,2023-11-25 00:00:00,0.21650620509636878,0.0,0.0,0.054126551274092195,0.0,0.0,0.054126551274092195,0.0,0.054126551274092195,0.054126551274092195,False,0.25,0.0,-0.004478967202856787,-0.0002424310479604052,0.0,4.6341225405900855e-08,-0.00024247738918581108,1.0565553129592178,1.056299122185401,-0.15558385896230398,0.9997149953156362,0.000270632756370461,0.9994443625592657,False,False,False,1.0
2023-11-25,2023-11-26 00:00:00,0.23640545682271263,0.0,0.0,0.05910136420567816,0.0,0.0,0.05910136420567816,0.0,0.05910136420567816,0.05910136420567816,False,0.25,0.0,0.0011563200115629613,6.834009014169656e-05,0.0,5.060048305280664e-08,6.828948965864375e-05,1.0550795636691206,1.055151614514073,-0.15650118813477287,0.999999949399517,0.0002955068210283908,0.9997044425784886,False,False,False,1.0
2023-11-26,2023-11-27 00:00:00,0.22994493609397587,0.0,0.0,0.05748623402349397,0.0,0.0,0.05748623402349397,0.0,0.05748623402349397,0.05748623402349397,False,0.25,0.0,-0.0016147903189936974,-9.282821417654416e-05,0.0,4.921766611600511e-08,-9.287743184266017e-05,1.0548770254063982,1.0547790511373687,-0.15679901904482574,0.9998234660038844,0.00028743117011746985,0.999536034833767,False,False,False,1.0
2023-11-27,2023-11-28 00:00:00,0.22917546526522176,0.0,0.0,0.05729386631630544,0.0,0.0,0.05729386631630544,0.0,0.05729386631630544,0.05729386631630544,False,0.25,0.0,-0.007029023223535713,-0.00040271991690346147,0.0,4.905296773656288e-08,-0.000402768969871198,1.0533770669257774,1.0529527993296457,-0.15825894310577748,0.999507201260271,0.0002864693315815272,0.9992207319286895,False,False,False,1.0
2023-11-28,2023-11-29 00:00:00,0.22828120152164366,0.0,0.0,0.057070300380410915,0.0,0.0,0.057070300380410915,0.0,0.057070300380410915,0.057070300380410915,False,0.25,0.0,0.0005945420061124196,3.3930690877607885e-05,0.0,4.8861558544872355e-08,3.388182931906301e-05,1.0539137496674198,1.053949458193203,-0.1574622039872644,0.9999116191745865,0.00028535150190205457,0.9996262676726845,False,False,False,1.0
2023-11-29,2023-11-30 00:00:00,0.22002268168106015,0.0,-0.17796788629677446,0.05500567042026504,0.0,-0.044491971574193614,0.05500567042026504,0.044491971574193614,0.09949764199445865,0.010513698846071423,True,0.25,0.0,0.00018709995076315877,1.9671125364386423e-06,0.0,8.518633732402282e-08,1.8819261991146194e-06,1.05410484411526,1.0541068278627828,-0.15733640109080083,0.9998818734568817,0.0004974882099722933,0.9993843852469094,False,False,False,1.0
2023-11-30,2023-12-01 00:00:00,0.21910524566870532,0.0,-0.17796788629677446,0.05477631141717633,0.0,-0.044491971574193614,0.05477631141717633,0.044491971574193614,0.09926828299136994,0.010284339842982715,True,0.25,0.0,0.0015119949961337475,1.5549870381128796e-05,0.0,8.498996831452905e-08,1.5464880412814267e-05,1.0540935862318803,1.0541098876631352,-0.15733395505562786,0.999798751420067,0.0004963414149568498,0.9993024100051102,False,False,False,1.0
2023-12-01,2023-12-02 00:00:00,0.21967438464207453,0.0,0.0,0.05491859616051863,0.0,0.0,0.05491859616051863,0.0,0.05491859616051863,0.05491859616051863,False,0.25,0.0,0.0008516002386405042,4.676868959609915e-05,0.0,4.7019346027841295e-08,4.672167025007131e-05,1.0542107668628538,1.0542600213506772,-0.1572139366759745,0.9999996887507692,0.00027459298080259316,0.9997250957699666,False,False,False,1.0
2023-12-02,2023-12-03 00:00:00,0.22213694830225655,0.0,0.0,0.05553423707556414,0.0,0.0,0.05553423707556414,0.0,0.05553423707556414,0.05553423707556414,False,0.25,0.0,0.0019854401058900795,0.00011025990153983283,0.0,4.754643585236655e-08,0.00011021235510398046,1.0548216295873503,1.0549378839633616,-0.1566720464864111,0.9999970439189911,0.0002776711853778207,0.9997193727336133,False,False,False,1.0
2023-12-03,2023-12-04 00:00:00,0.2201050934231146,0.0,0.0,0.05502627335577865,0.0,0.0,0.05502627335577865,0.0,0.05502627335577865,0.05502627335577865,False,0.25,0.0,0.00043059741919337924,2.3694171294827695e-05,0.0,4.7111535407344735e-08,2.364705975942035e-05,1.0564540904715705,1.056479072504581,-0.15544000486746568,0.9999800803577011,0.00027513136677889325,0.9997049489909222,False,False,False,1.0
2023-12-04,2023-12-05 00:00:00,0.2198333785509329,0.0,0.0,0.05495834463773323,0.0,0.0,0.05495834463773323,0.0,0.05495834463773323,0.05495834463773323,False,0.25,0.0,-0.0026602460051221577,-0.00014620271677065656,0.0,4.7053377258333246e-08,-0.00014624977014791489,1.0580155810555274,1.0578608465199852,-0.15433540082362263,0.9998036943844492,0.00027479172318866616,0.9995289026612605,False,False,False,1.0
2023-12-05,2023-12-06 00:00:00,0.2170706286292765,0.0,0.0,0.05426765715731913,0.0,0.0,0.05426765715731913,0.0,0.05426765715731913,0.05426765715731913,False,0.25,0.0,-0.0008562411461975339,-4.646620096583773e-05,0.0,4.646203523743076e-08,-4.651266300107516e-05,1.0583591944069395,1.058309967302396,-0.15397636915354185,0.9998024113642252,0.00027133828578659565,0.9995310730784386,False,False,False,1.0
2023-12-06,2023-12-07 00:00:00,0.21538428527808284,0.0,0.0,0.05384607131952071,0.0,0.0,0.05384607131952071,0.0,0.05384607131952071,0.05384607131952071,False,0.25,0.0,5.7716726307388555e-05,3.1078189610769015e-06,0.0,4.610108845849376e-08,3.0617178726184076e-06,1.0589366118469707,1.058939854012121,-0.15347283138327783,0.9999241709288608,0.0002692303565976036,0.9996549405722631,False,False,False,1.0
2023-12-07,2023-12-08 00:00:00,0.21713136374323908,0.0,0.0,0.05428284093580977,0.0,0.0,0.05428284093580977,0.0,0.05428284093580977,0.05428284093580977,False,0.25,0.0,-0.0005595489174881063,-3.037390488381142e-05,0.0,4.647503504778233e-08,-3.0420379918859203e-05,1.060736302004427,1.0607040340031262,-0.15206252815684107,0.999785700672823,0.00027141420467904887,0.999514286468144,False,False,False,1.0
2023-12-08,2023-12-09 00:00:00,0.21742842378247354,0.0,0.0,0.054357105945618385,0.0,0.0,0.054357105945618385,0.0,0.054357105945618385,0.054357105945618385,False,0.25,0.0,-0.005728498006465688,-0.00031138457304671907,0.0,4.6538618104125325e-08,-0.0003114311116648232,1.0616554256624637,1.0613247931330447,-0.15156628706566677,0.9996079589766738,0.00027178552972809193,0.9993361734469457,False,False,False,1.0
2023-12-09,2023-12-10 00:00:00,0.21834964990318248,0.0,-0.1139781262201199,0.05458741247579562,0.0,-0.028494531555029973,0.05458741247579562,0.028494531555029973,0.0830819440308256,0.026092880920765647,True,0.25,0.0,0.0018777870089354831,4.899687281871426e-05,0.0,7.11318013962548e-08,4.8925741017318006e-05,1.0615042669637993,1.0615562018466533,-0.1513812966128265,0.9998699690938749,0.000415409720154128,0.9994545593737209,False,False,False,1.0
2023-12-10,2023-12-11 00:00:00,0.21853548690595226,0.0,-0.1139781262201199,0.054633871726488065,0.0,-0.028494531555029973,0.054633871726488065,0.028494531555029973,0.08312840328151803,0.02613934017145809,True,0.25,0.0,-0.0006967604885820267,-1.8212859429076938e-05,0.0,7.11715781519846e-08,-1.8284031007228923e-05,1.0614369446971958,1.0614175373511867,-0.15149214640499387,0.9999186737915136,0.00041564201640759016,0.999503031775106,False,False,False,1.0
2023-12-11,2023-12-12 00:00:00,0.25812139894696645,0.0,0.0,0.06453034973674161,0.0,0.0,0.06453034973674161,0.0,0.06453034973674161,0.06453034973674161,False,0.25,0.0,0.0003560338727921497,2.2974990329403993e-05,0.0,5.524858710337467e-08,2.291974174230062e-05,1.0594516048301297,1.059475887187301,-0.15304432107237553,0.9994796630083835,0.00032265174868370804,0.9991570112596998,False,False,False,1.0
2023-12-12,2023-12-13 00:00:00,0.2617661725712146,0.0,0.0,0.06544154314280365,0.0,0.0,0.06544154314280365,0.0,0.06544154314280365,0.06544154314280365,False,0.25,0.0,-0.0021149822614391356,-0.00013840770290823363,0.0,5.60287184441812e-08,-0.0001384637316266778,1.058839099892545,1.0586924890795817,-0.1536705773979965,0.9997740268820184,0.00032720771571401826,0.9994468191663044,False,False,False,1.0
2023-12-13,2023-12-14 00:00:00,0.2299670631630787,0.0,0.0,0.05749176579076967,0.0,0.0,0.05749176579076967,0.0,0.05749176579076967,0.05749176579076967,False,0.25,0.0,-0.0019442294190715748,-0.00011177718240478715,0.0,4.922240221812472e-08,-0.00011182640480700528,1.0594688708596305,1.0593503942647973,-0.1531446413766553,0.9998353899257241,0.00028745882895384837,0.9995479310967702,False,False,False,1.0
2023-12-14,2023-12-15 00:00:00,0.22891873379909314,0.0,0.0,0.057229683449773285,0.0,0.0,0.057229683449773285,0.0,0.057229683449773285,0.057229683449773285,False,0.25,0.0,-0.00047446666432360285,-2.715357700670963e-05,0.0,4.899801665220315e-08,-2.7202575023361834e-05,1.0609509329395976,1.0609220723422483,-0.15188822611582553,0.9998832911896582,0.00028614841724886644,0.9995971427724094,False,False,False,1.0
2023-12-15,2023-12-16 00:00:00,0.23153449783872154,0.0,0.0,0.057883624459680386,0.0,0.0,0.057883624459680386,0.0,0.057883624459680386,0.057883624459680386,False,0.25,0.0,0.001170818361661885,6.77712103569348e-05,0.0,4.9557897653835945e-08,6.772165245928096e-05,1.0596753977923608,1.0597471607613698,-0.15282746224917898,0.9998612921036709,0.00028941812229840193,0.9995718739813725,False,False,False,1.0
2023-12-16,2023-12-17 00:00:00,0.23696972208925196,0.0,0.0,0.05924243052231299,0.0,0.0,0.05924243052231299,0.0,0.05924243052231299,0.05924243052231299,False,0.25,0.0,0.0018777717109030867,0.00011124376011994091,0.0,5.072125900882961e-08,0.00011119303886093208,1.060335664868049,1.0604535668128383,-0.15226275414760193,0.9999996862911285,0.00029621215261156495,0.9997034741385169,False,False,False,1.0
2023-12-17,2023-12-18 00:00:00,0.23399083962061687,0.0,0.0,0.05849770990515422,0.0,0.0,0.05849770990515422,0.0,0.05849770990515422,0.05849770990515422,False,0.25,0.0,0.0028703081068153224,0.00016790645097089515,0.0,5.0083655740714225e-08,0.00016785636731515445,1.05931713188476,1.0594949450103528,-0.1530290860569712,0.9999999499163442,0.0002924885495257711,0.9997074613668184,False,False,False,1.0
2023-12-18,2023-12-19 00:00:00,0.2357519081826821,0.0,0.0,0.058937977045670525,0.0,0.0,0.058937977045670525,0.0,0.058937977045670525,0.058937977045670525,False,0.25,0.0,-0.002485121664522638,-0.00014646804361933378,0.0,5.0460596785676813e-08,-0.00014651850421611945,1.0577694957757848,1.0576145129714583,-0.15453232233958958,0.9997902029369018,0.00029468988522835264,0.9994955130516734,False,False,False,1.0
2023-12-19,2023-12-20 00:00:00,0.2485042179037692,0.0,0.0,0.0621260544759423,0.0,0.0,0.0621260544759423,0.0,0.0621260544759423,0.0621260544759423,False,0.25,0.0,-0.002861432080793369,-0.00017776948533057777,0.0,5.319011513351224e-08,-0.00017782267544571128,1.0600540136872556,1.0598655120464247,-0.1527328510416962,0.9997625439995865,0.0003106302723797115,0.9994519137272068,False,False,False,1.0
2023-12-20,2023-12-21 00:00:00,0.2394409234135915,0.0,0.0,0.059860230853397874,0.0,0.0,0.059860230853397874,0.0,0.059860230853397874,0.059860230853397874,False,0.25,0.0,0.0014745911462161754,8.826936642687684e-05,0.0,5.125019764845708e-08,8.821811622922839e-05,1.0606884695890517,1.060782041527745,-0.15200016815717154,0.9999268798482889,0.0002993011542669894,0.9996275786940219,False,False,False,1.0
2023-12-21,2023-12-22 00:00:00,0.2381071126414553,0.0,0.0,0.05952677816036382,0.0,0.0,0.05952677816036382,0.0,0.05952677816036382,0.05952677816036382,False,0.25,0.0,0.0007887283547842738,4.69504578040322e-05,0.0,5.096470732907861e-08,4.6899493096703124e-05,1.060337232108877,1.0603869613875745,-0.152315999194381,0.9998020101734143,0.00029763389080181914,0.9995043762826125,False,False,False,1.0
2023-12-22,2023-12-23 00:00:00,0.2438530253727989,0.0,0.0,0.060963256343199726,0.0,0.0,0.060963256343199726,0.0,0.060963256343199726,0.060963256343199726,False,0.25,0.0,-0.0016305283083806188,-9.940231523865147e-05,0.0,5.219456878698607e-08,-9.945450980743847e-05,1.0626083513328248,1.0625026701401257,-0.15062468034078513,0.9997948485692396,0.00030481628171599864,0.9994900322875236,False,False,False,1.0
2023-12-23,2023-12-24 00:00:00,0.2514353671007459,0.0,0.0,0.06285884177518647,0.0,0.0,0.06285884177518647,0.0,0.06285884177518647,0.06285884177518647,False,0.25,0.0,-0.0010489235422148635,-6.593411897435223e-05,0.0,5.3817501519851426e-08,-6.598793647587209e-05,1.0615608589511052,1.0614908087405794,-0.15143357251945333,0.9999153307298146,0.00031429420887593235,0.9996010365209387,False,False,False,1.0
2023-12-24,2023-12-25 00:00:00,0.24377136214585882,0.0,0.0,0.060942840536464704,0.0,0.0,0.060942840536464704,0.0,0.060942840536464704,0.060942840536464704,False,0.25,0.0,-0.0016197434535367705,-9.871176699887404e-05,0.0,5.2177089500397866e-08,-9.876394408837444e-05,1.061807634344434,1.061702766034603,-0.15126413172704423,0.9998892951163553,0.00030471420268232354,0.999584580913673,False,False,False,1.0
2023-12-25,2023-12-26 00:00:00,0.24053521046226667,0.0,0.0,0.06013380261556667,0.0,0.0,0.06013380261556667,0.0,0.06013380261556667,0.06013380261556667,False,0.25,0.0,-0.002402766451973126,-0.00014448748355425743,0.0,5.1484420047574196e-08,-0.000144538967974305,1.0617148115164088,1.0615613523532692,-0.15137717924604122,0.9998179624655135,0.00030066901307783335,0.9995172934524357,False,False,False,1.0
2023-12-26,2023-12-27 00:00:00,0.25005791420807144,0.0,0.0,0.06251447855201786,0.0,0.0,0.06251447855201786,0.0,0.06251447855201786,0.06251447855201786,False,0.25,0.0,-0.00483471351085929,-0.00030223959407976405,0.0,5.3522669993165976e-08,-0.00030229311674975724,1.0601727680789357,1.0598522851485799,-0.15274342475685077,0.9995679364204183,0.0003125723927600893,0.9992553640276582,False,False,False,1.0
2023-12-27,2023-12-28 00:00:00,0.25412310883732103,0.0,0.0,0.12706155441866052,0.0,0.0,0.12706155441866052,0.0,0.12706155441866052,0.12706155441866052,False,0.5,0.06353077720933026,-0.004317892052698613,-0.0005486380760278666,3.176538860466513e-05,1.0878557741323674e-07,-0.0005805122502099449,1.063509111548824,1.06289173148136,-0.15031366079197372,0.9993617079524131,0.0006353077720933026,0.9987264001803198,False,False,False,1.0
2023-12-28,2023-12-29 00:00:00,0.24700256179361324,0.0,0.0,0.06175064044840331,0.0,0.0,0.06175064044840331,0.0,0.06175064044840331,0.06175064044840331,False,0.25,0.0,-0.00010594656902629396,-6.542268490684621e-06,0.0,5.286869901404393e-08,-6.595137189698665e-06,1.0617449388577824,1.06173793650425,-0.15123601609991344,0.9998659614726118,0.0003087532022420166,0.9995572082703698,False,False,False,1.0
2023-12-29,2023-12-30 00:00:00,0.23896227507195097,0.0,0.0,0.059740568767987744,0.0,0.0,0.059740568767987744,0.0,0.059740568767987744,0.059740568767987744,False,0.25,0.0,-0.0066074218249801975,-0.00039473113791433257,0.0,5.1147747232866216e-08,-0.0003947822856615654,1.061316942083566,1.0608979529553588,-0.15190750739626369,0.9993448685594221,0.0002987028438399387,0.9990461657155821,False,False,False,1.0
2023-12-30,2023-12-31 00:00:00,0.23999502320741073,0.0,0.0,0.05999875580185268,0.0,0.0,0.05999875580185268,0.0,0.05999875580185268,0.05999875580185268,False,0.25,0.0,0.0026007464142208114,0.00015604154900937848,0.0,5.1368797775558805e-08,0.0001559901802116029,1.0603507264844838,1.0605161307853954,-0.15221273987875983,0.9999138657099987,0.0002999937790092634,0.9996138719309895,False,False,False,1.0
2023-12-31,2024-01-01 00:00:00,0.23761302659020028,0.0,0.0,0.05940325664755007,0.0,0.0,0.05940325664755007,0.0,0.05940325664755007,0.05940325664755007,False,0.25,0.0,-0.0008254588899750948,-4.903494629319235e-05,0.0,5.085895260920383e-08,-4.908580524580155e-05,1.0602139402996378,1.0601618988446453,-0.1524959164545594,0.999836327267627,0.00029701628323775036,0.9995393109843892,False,False,False,1.0
2024-01-01,2024-01-02 00:00:00,0.23678701100596883,0.0,0.0,0.05919675275149221,0.0,0.0,0.05919675275149221,0.0,0.05919675275149221,0.05919675275149221,False,0.25,0.0,-0.001177399112422206,-6.96982041478837e-05,0.0,5.0682151328332366e-08,-6.974888629921204e-05,1.060679320980662,1.060605339779303,-0.15214142531189234,0.9998424262703789,0.000295983763757461,0.9995464425066214,False,False,False,1.0
2024-01-02,2024-01-03 00:00:00,0.23895046321072264,0.0,0.0,0.05973761580268066,0.0,0.0,0.05973761580268066,0.0,0.05973761580268066,0.05973761580268066,False,0.25,0.0,-0.004824352215698657,-0.00028819529915821755,0.0,5.1145219009144395e-08,-0.0002882464443772267,1.0618826348135257,1.0615765509196948,-0.15136502935919494,0.9996835139462564,0.0002986880790134033,0.999384825867243,False,False,False,1.0
2024-01-03,2024-01-04 00:00:00,0.23941297006609336,0.0,0.0,0.05985324251652334,0.0,0.0,0.05985324251652334,0.0,0.05985324251652334,0.05985324251652334,False,0.25,0.0,0.010917050275295326,0.000653420857692329,0.0,5.1244214483324776e-08,0.0006533696134778457,1.0577641657171928,1.0584552766812982,-0.15386020737473116,0.9999091883555438,0.0002992662125826167,0.9996099221429612,False,False,False,1.0
2024-01-04,2024-01-05 00:00:00,-0.24215992583591583,0.0,0.0,-0.06053998145897896,0.0,0.0,0.0,0.06053998145897896,0.06053998145897896,-0.06053998145897896,False,0.25,0.0,0.0011999736269532324,-7.264638112701242e-05,0.0,5.183217590666006e-08,-7.269821330291908e-05,1.0570855765584009,1.0570087283256768,-0.1550165926775524,0.9998841929451492,0.0003026999072948948,0.9995814930378543,False,False,False,-1.0
2024-01-05,2024-01-06 00:00:00,-0.22423250591647514,0.0,0.0,-0.056058126479118786,0.0,0.0,0.0,0.056058126479118786,0.056058126479118786,-0.056058126479118786,False,0.25,0.0,-0.0007497564413955216,4.2029941420284156e-05,0.0,4.7994971300615396e-08,4.198194644898354e-05,1.0583226829110062,1.058367113357206,-0.1539306860226326,0.9999176538562596,0.00028029063239559394,0.9996373632238641,False,False,False,-1.0
2024-01-06,2024-01-07 00:00:00,-0.22280294645825843,0.09149706803705476,0.0,-0.05570073661456461,0.02287426700926369,0.0,0.02287426700926369,0.05570073661456461,0.0785750036238283,-0.03282646960530092,True,0.25,0.0,0.0021011777301926937,-6.897424689550563e-05,0.0,6.727311954094887e-08,-6.904152001504659e-05,1.0575611328696513,1.0574881172415291,-0.15463336435720443,0.9998304384277426,0.0003928750181191415,0.9994375634096234,False,False,False,-1.0
2024-01-07,2024-01-08 00:00:00,-0.2199435071101389,0.09149706803705476,0.0,-0.05498587677753473,0.02287426700926369,0.0,0.02287426700926369,0.05498587677753473,0.07786014378679842,-0.032111609768271036,True,0.25,0.0,0.0018458056200514328,-5.927178977917317e-05,0.0,6.666108200924523e-08,-5.9338450861182413e-05,1.0577747800500275,1.0577120133332194,-0.15445437956987695,0.9997905774459618,0.0003893007189339921,0.9994012767270278,False,False,False,-1.0
2024-01-08,2024-01-09 00:00:00,-0.22580203234451718,0.0,0.0,-0.056450508086129295,0.0,0.0,0.0,0.056450508086129295,0.056450508086129295,-0.056450508086129295,False,0.25,0.0,-0.0013812276210335428,7.797100098993913e-05,0.0,4.833091445730248e-08,7.792267007548183e-05,1.056251322801164,1.0563336287245075,-0.15555627408792416,0.9999463155664937,0.0002822525404306465,0.999664063026063,False,False,False,-1.0
2024-01-09,2024-01-10 00:00:00,-0.22658933220580982,0.06496918549700711,0.0,-0.056647333051452455,0.01624229637425178,0.0,0.01624229637425178,0.056647333051452455,0.07288962942570423,-0.040405036677200676,True,0.25,0.0,-0.004121036701052794,0.0001665106390541282,0.0,6.240550464529472e-08,0.0001664482335494829,1.056087590246075,1.056263374159945,-0.15561243629335653,0.9999276992858621,0.0003644481471285212,0.9995632511387336,False,False,False,-1.0
2024-01-10,2024-01-11 00:00:00,-0.2245908599114114,0.06496918549700711,0.0,-0.05614771497785285,0.01624229637425178,0.0,0.01624229637425178,0.05614771497785285,0.07239001135210463,-0.03990541860360107,True,0.25,0.0,0.0036097680898139473,-0.000144049306685947,0.0,6.197774944529506e-08,-0.0001441112844353923,1.052903045381106,1.05275131017085,-0.15842001556561158,0.9996374471947386,0.00036195005676052314,0.999275497137978,False,False,False,-1.0
2024-01-11,2024-01-12 00:00:00,0.22454258406681835,0.0,0.0,0.056135646016704586,0.0,0.0,0.056135646016704586,0.0,0.056135646016704586,0.056135646016704586,False,0.25,0.0,-0.00164954122134775,-9.259806209153985e-05,0.0,4.806134076772653e-08,-9.264612343230757e-05,1.0570996045355532,1.0570016683551111,-0.15502223648902191,0.9995238864388784,0.00028067823008352295,0.9992432082087949,False,False,False,1.0
2024-01-12,2024-01-13 00:00:00,0.2059942899383834,0.0,0.0,0.05149857248459585,0.0,0.0,0.05149857248459585,0.0,0.05149857248459585,0.05149857248459585,False,0.25,0.0,-0.0019377287858283188,-9.979026633246757e-05,0.0,4.409124356557864e-08,-9.983435757603315e-05,1.0577704749040464,1.0576648730682214,-0.1544920639717864,0.9997075743112921,0.00025749286242297923,0.9994500814488692,False,False,False,1.0
2024-01-13,2024-01-14 00:00:00,0.18994631694504477,0.0,0.0,0.04748657923626119,0.0,0.0,0.04748657923626119,0.0,0.04748657923626119,0.04748657923626119,False,0.25,0.0,0.0014686295264840776,6.97401923780989e-05,0.0,4.065631783926472e-08,6.969953606025964e-05,1.0560527027649702,1.056126309148408,-0.15572200744198517,0.9998311732397883,0.00023743289618130596,0.999593740343607,False,False,False,1.0
2024-01-14,2024-01-15 00:00:00,0.1898628842969764,0.0,0.0,0.0474657210742441,0.0,0.0,0.0474657210742441,0.0,0.0474657210742441,0.0474657210742441,False,0.25,0.0,-0.0011453987247106445,-5.436717638591036e-05,0.0,4.063845982383913e-08,-5.44078148457342e-05,1.0556703351654952,1.0556128984493613,-0.15613243311796188,0.9999454053563694,0.0002373286053712205,0.9997080767509983,False,False,False,1.0
2024-01-15,2024-01-16 00:00:00,0.18605456162110603,0.0,0.0,0.04651364040527651,0.0,0.0,0.04651364040527651,0.0,0.04651364040527651,0.04651364040527651,False,0.25,0.0,-0.0016474856986330444,-7.663055735905317e-05,0.0,3.9823322264791534e-08,-7.667038068131797e-05,1.0552639008488447,1.0551829933638475,-0.15647610356669905,0.9997999821197624,0.00023256820202638255,0.9995674139177361,False,False,False,1.0
2024-01-16,2024-01-17 00:00:00,0.18739579958767194,0.0,0.0,0.046848949896917985,0.0,0.0,0.046848949896917985,0.0,0.046848949896917985,0.046848949896917985,False,0.25,0.0,-0.0005700119077830523,-2.6704459308374853e-05,0.0,4.011040230900512e-08,-2.6744569710683858e-05,1.0561051992856916,1.0560769542065676,-0.1557614622788347,0.9998115654163948,0.00023424474948458994,0.9995773206669102,False,False,False,1.0
2024-01-17,2024-01-18 00:00:00,0.18693818156088332,0.0,0.0,0.04673454539022083,0.0,0.0,0.04673454539022083,0.0,0.04673454539022083,0.04673454539022083,False,0.25,0.0,-0.0019647909462433555,-9.182361165950503e-05,0.0,4.001245324505208e-08,-9.186362411275009e-05,1.0557890221622155,1.0556920335563413,-0.15606917171761303,0.9998411051393759,0.00023367272695110417,0.9996074324124248,False,False,False,1.0
2024-01-18,2024-01-19 00:00:00,0.1877552949895937,0.0,0.0,0.046938823747398425,0.0,0.0,0.046938823747398425,0.0,0.046938823747398425,0.046938823747398425,False,0.25,0.0,-0.0009532549106471278,-4.4744664237207566e-05,0.0,4.0187349098800024e-08,-4.4784851586306365e-05,1.055467642293291,1.0554203733315766,-0.15628633963326444,0.9999409191353587,0.00023469411873699213,0.9997062250166217,False,False,False,1.0
2024-01-19,2024-01-20 00:00:00,0.19234543825734346,0.0,0.0,0.048086359564335865,0.0,0.0,0.048086359564335865,0.0,0.048086359564335865,0.048086359564335865,False,0.25,0.0,-0.0012609215674348473,-6.0633127874098036e-05,0.0,4.116982839412317e-08,-6.0674297702492156e-05,1.054230743118309,1.054166778408354,-0.15728847602177343,0.9999186597487455,0.00024043179782167934,0.9996782279509239,False,False,False,1.0
2024-01-20,2024-01-21 00:00:00,0.19244918264863303,0.0,0.0,0.04811229566215826,0.0,0.0,0.04811229566215826,0.0,0.04811229566215826,0.04811229566215826,False,0.25,0.0,-0.0014184742080861623,-6.824605048858724e-05,0.0,4.1192033957327274e-08,-6.828724252254456e-05,1.0542592047711075,1.0541872123171097,-0.15727214094961872,0.9999153337053601,0.00024056147831079129,0.9996747722270494,False,False,False,1.0
2024-01-21,2024-01-22 00:00:00,0.1908286108722085,0.0,0.0,0.04770715271805213,0.0,0.0,0.04770715271805213,0.0,0.04770715271805213,0.04770715271805213,False,0.25,0.0,0.0010422961337708259,4.972498083124008e-05,0.0,4.08451649983323e-08,4.968413566624175e-05,1.0542213135496694,1.0542736916244342,-0.15720300852165692,0.9999587474002939,0.00023853576359026063,0.9997202116367037,False,False,False,1.0
2024-01-22,2024-01-23 00:00:00,0.1911973302773548,0.0,0.0,0.0477993325693387,0.0,0.0,0.0477993325693387,0.0,0.0477993325693387,0.0477993325693387,False,0.25,0.0,0.004715467747382407,0.00022539621107712208,0.0,4.0924086103885875e-08,0.0002253552869910182,1.0522134031597365,1.0524505250131815,-0.15866046624552366,0.9999779642800254,0.00023899666284669352,0.9997389676171787,False,False,False,1.0
2024-01-23,2024-01-24 00:00:00,0.19690140550865737,0.0,0.0,0.04922535137716434,0.0,0.0,0.04922535137716434,0.0,0.04922535137716434,0.04922535137716434,False,0.25,0.0,-0.0028667457493081194,-0.00014111656681868446,0.0,4.2144992617435226e-08,-0.00014115871181130188,1.0490183389328998,1.0488702608555096,-0.16152256541840004,0.9997316594293788,0.0002461267568858217,0.999485532672493,False,False,False,1.0
2024-01-24,2024-01-25 00:00:00,0.19170186235742984,0.0,0.0,0.04792546558935746,0.0,0.0,0.04792546558935746,0.0,0.04792546558935746,0.04792546558935746,False,0.25,0.0,-0.0011086325821749732,-5.3131732668267185e-05,0.0,4.1032076703217e-08,-5.3172764744970405e-05,1.0492741751234658,1.049218382314599,-0.16124427362309057,0.9999039790637483,0.0002396273279467873,0.9996643517358015,False,False,False,1.0
2024-01-25,2024-01-26 00:00:00,0.17358066421850196,0.0,0.0,0.04339516605462549,0.0,0.0,0.04339516605462549,0.0,0.04339516605462549,0.04339516605462549,False,0.25,0.0,-0.001610364727082092,-6.988204474023904e-05,0.0,3.7153395594713603e-08,-6.991919813583376e-05,1.0483371666271724,1.0482638677331058,-0.16200732217869407,0.9998043723077847,0.00021697583027312746,0.9995873964775116,False,False,False,1.0
2024-01-26,2024-01-27 00:00:00,0.17338747861972317,0.0,0.0,0.04334686965493079,0.0,0.0,0.04334686965493079,0.0,0.04334686965493079,0.04334686965493079,False,0.25,0.0,0.0003146354217444802,1.3638460615182163e-05,0.0,3.7112045937440744e-08,1.3601348569244722e-05,1.0496656223313396,1.0496798991993501,-0.16087533238413654,0.999913521940393,0.00021673434827465396,0.9996967875921183,False,False,False,1.0
2024-01-27,2024-01-28 00:00:00,0.17412249434334914,0.0,0.0,0.043530623585837286,0.0,0.0,0.043530623585837286,0.0,0.043530623585837286,0.043530623585837286,False,0.25,0.0,-0.001003401884459243,-4.36787097377151e-05,0.0,3.726936950842233e-08,-4.3715979107223524e-05,1.04998196701191,1.049936066022177,-0.16067055004980502,0.9999277396009326,0.00021765311792918643,0.9997100864830034,False,False,False,1.0
2024-01-28,2024-01-29 00:00:00,0.17931539531152232,0.0,-0.1863863408678232,0.04482884882788058,0.0,-0.0465965852169558,0.04482884882788058,0.0465965852169558,0.09142543404483638,-0.0017677363890752223,True,0.25,0.0,0.002030277618396248,-3.5889956259640255e-06,0.0,7.827520038085307e-08,-3.6672708263448786e-06,1.049873782524758,1.0498699323532639,-0.16072341796981315,0.9998190781441861,0.0004571271702241819,0.999361950973962,False,False,False,1.0
2024-01-29,2024-01-30 00:00:00,0.1793937419929596,0.0,-0.1863863408678232,0.0448484354982399,0.0,-0.0465965852169558,0.0448484354982399,0.0465965852169558,0.0914450207151957,-0.0017481497187159037,True,0.25,0.0,0.009375263318949889,-1.6389363933909777e-05,0.0,7.829196979040726e-08,-1.6467655903700185e-05,1.0498743694046488,1.0498570804347913,-0.1607336919226865,0.9995381707794091,0.0004572251035759785,0.9990809456758332,False,False,False,1.0
2024-01-30,2024-01-31 00:00:00,0.17994899008374193,0.0,0.0,0.04498724752093548,0.0,0.0,0.04498724752093548,0.0,0.04498724752093548,0.04498724752093548,False,0.25,0.0,0.0036744844145262245,0.00016530493986811095,0.0,3.851647904189682e-08,0.00016526642338906904,1.0504911065935891,1.050664717501578,-0.16008805872942589,0.9999845304506279,0.00022493623760467743,0.9997595942130232,False,False,False,1.0
2024-01-31,2024-02-01 00:00:00,0.18002079266209503,0.0,0.0,0.04500519816552376,0.0,0.0,0.04500519816552376,0.0,0.04500519816552376,0.04500519816552376,False,0.25,0.0,0.0020780092413330564,9.352121769598388e-05,0.0,3.853184774445527e-08,9.348268584823943e-05,1.0503365043914743,1.0504346926689494,-0.16027194289389357,0.9998487397890207,0.0002250259908276188,0.999623713798193,False,False,False,1.0
2024-02-01,2024-02-02 00:00:00,0.17739986743980263,0.0,0.0,0.04434996685995066,0.0,0.0,0.04434996685995066,0.0,0.04434996685995066,0.04434996685995066,False,0.25,0.0,-0.003344612691237314,-0.00014833346201574527,0.0,3.797086203762899e-08,-0.00014837143287778291,1.0497845938561259,1.0496288358117223,-0.1609161529697295,0.9998243954705803,0.0002217498342997533,0.9996026456362805,False,False,False,1.0
2024-02-02,2024-02-03 00:00:00,0.17744778622093443,0.0,0.0,0.04436194655523361,0.0,0.0,0.04436194655523361,0.0,0.04436194655523361,0.04436194655523361,False,0.25,0.0,-0.001260190495919522,-5.5904503429395175e-05,0.0,3.7981118626056165e-08,-5.594248454802123e-05,1.0502097236241812,1.0501509722829452,-0.16049875182372375,0.9998619238443177,0.00022180973277616804,0.9996401141115415,False,False,False,1.0
2024-02-03,2024-02-04 00:00:00,0.17757559708280335,0.0,0.0,0.04439389927070084,0.0,0.0,0.04439389927070084,0.0,0.04439389927070084,0.04439389927070084,False,0.25,0.0,-0.002208939708939872,-9.806344693372791e-05,0.0,3.8008475402997294e-08,-9.810145540913091e-05,1.0500423490199104,1.0499393383372304,-0.1606679341282431,0.999898052919221,0.0002219694963535042,0.9996760834228674,False,False,False,1.0
2024-02-04,2024-02-05 00:00:00,0.18678255819116946,0.0,0.0,0.046695639547792364,0.0,0.0,0.046695639547792364,0.0,0.046695639547792364,0.046695639547792364,False,0.25,0.0,-0.00019546181110563499,-9.12721427674741e-06,0.0,3.997914344845236e-08,-9.167193420195862e-06,1.049899344456154,1.0498897198257917,-0.16070759966527992,0.9999691303192996,0.00023347819773896183,0.9997356521215606,False,False,False,1.0
2024-02-05,2024-02-06 00:00:00,0.1876927085084777,0.0,0.0,0.04692317712711942,0.0,0.0,0.04692317712711942,0.0,0.04692317712711942,0.04692317712711942,False,0.25,0.0,-0.0026041666666666297,-0.00012219577376853844,0.0,4.017395301979402e-08,-0.00012223594772155824,1.0499423813508193,1.049814040648782,-0.1607680983604557,0.9997793964543947,0.00023461588563559712,0.9995447805687592,False,False,False,1.0
2024-02-06,2024-02-07 00:00:00,0.19001700255021955,0.0,0.0,0.04750425063755489,0.0,0.0,0.04750425063755489,0.0,0.04750425063755489,0.04750425063755489,False,0.25,0.0,-6.825996808845769e-05,-3.2426386325855925e-06,0.0,4.0671447463660006e-08,-3.2833100800492525e-06,1.0508057663846107,1.0508023162634457,-0.1599780608954151,0.9998901149448737,0.00023752125318777446,0.9996525936916859,False,False,False,1.0
2024-02-07,2024-02-08 00:00:00,0.19027487934614895,0.0,0.0,0.04756871983653724,0.0,0.0,0.04756871983653724,0.0,0.04756871983653724,0.04756871983653724,False,0.25,0.0,0.0003968052952401102,1.8875519918931246e-05,0.0,4.072664369566544e-08,1.883479327523558e-05,1.0513391831562544,1.0513589849124314,-0.15953305437922982,0.9999614050199048,0.0002378435991826862,0.9997235614207222,False,False,False,1.0
2024-02-08,2024-02-09 00:00:00,0.189122688481124,0.0,0.0,0.047280672120281,0.0,0.0,0.047280672120281,0.0,0.047280672120281,0.047280672120281,False,0.25,0.0,-0.0015990234971009487,-7.560290567905505e-05,0.0,4.048002750024059e-08,-7.56433857065553e-05,1.0531775964871564,1.0530979305680077,-0.15814292373430605,0.9998508698204781,0.000236403360601405,0.9996144664598767,False,False,False,1.0
2024-02-09,2024-02-10 00:00:00,0.18980466724915077,0.0,0.0,0.04745116681228769,0.0,0.0,0.04745116681228769,0.0,0.04745116681228769,0.04745116681228769,False,0.25,0.0,-0.0018244159668404647,-8.657066637754802e-05,0.0,4.0625998983123026e-08,-8.661129237653115e-05,1.0540289672694232,1.0539376764583657,-0.15747162242457735,0.9998668759592407,0.00023725583406143845,0.9996296201251793,False,False,False,1.0
2024-02-10,2024-02-11 00:00:00,0.18572342906538214,0.0,0.0,0.046430857266345535,0.0,0.0,0.046430857266345535,0.0,0.046430857266345535,0.046430857266345535,False,0.25,0.0,-0.0009988527233780742,-4.637758822926788e-05,0.0,3.97524462896794e-08,-4.641734067555756e-05,1.053903167079444,1.0538542476970987,-0.15753831621534276,0.9999096263909625,0.00023215428633172768,0.9996774721046308,False,False,False,1.0
2024-02-11,2024-02-12 00:00:00,0.21592271703590948,0.0,0.0,0.05398067925897737,0.0,0.0,0.05398067925897737,0.0,0.05398067925897737,0.05398067925897737,False,0.25,0.0,-0.0007048703755325736,-3.804938166077879e-05,0.0,4.621633498200117e-08,-3.8095597995760786e-05,1.0543189315674304,1.0542787666572542,-0.15719895148938312,0.9999619044020043,0.0002699033962948869,0.9996920010057094,False,False,False,1.0
2024-02-12,2024-02-13 00:00:00,0.24844473201547046,0.0,0.0,0.062111183003867615,0.0,0.0,0.062111183003867615,0.0,0.062111183003867615,0.062111183003867615,False,0.25,0.0,0.0029474938463227573,0.00018307232969172642,0.0,5.317738270879076e-08,0.00018301915230901762,1.0553820956009696,1.0555752507374687,-0.1561625290774563,0.9999291036737605,0.0003105559150193381,0.9996185477587411,False,False,False,1.0
2024-02-13,2024-02-14 00:00:00,0.24952776012681172,0.0,0.0,0.06238194003170293,0.0,0.0,0.06238194003170293,0.0,0.06238194003170293,0.06238194003170293,False,0.25,0.0,-0.0032150444388062693,-0.0002005607093808727,0.0,5.3409195232622364e-08,-0.00020061411857610532,1.0576812265211382,1.0574690407341452,-0.15464861430905164,0.9997785974922302,0.00031190970015851463,0.9994666877920717,False,False,False,1.0
2024-02-14,2024-02-15 00:00:00,0.25491029498189416,0.0,0.0,0.06372757374547354,0.0,0.0,0.06372757374547354,0.0,0.06372757374547354,0.06372757374547354,False,0.25,0.0,-7.63580830485111e-05,-4.866115368536985e-06,0.0,5.456127889167255e-08,-4.920676647428657e-06,1.0604536268727143,1.0604484087233168,-0.15226687757623825,0.9998066911426563,0.0003186378687273677,0.999488053273929,False,False,False,1.0
2024-02-15,2024-02-16 00:00:00,0.24860398513204152,0.0,0.0,0.06215099628301038,0.0,0.0,0.06215099628301038,0.0,0.06215099628301038,0.06215099628301038,False,0.25,0.0,-0.0005055540235736622,-3.142068623998762e-05,0.0,5.3211469420385595e-08,-3.1473897709408005e-05,1.0623181733054816,1.0622847380119602,-0.15079889747569375,0.99970156013179,0.00031075498141505193,0.9993908051503749,False,False,False,1.0
2024-02-16,2024-02-17 00:00:00,0.23476711413113227,0.0,0.0,0.05869177853278307,0.0,0.0,0.05869177853278307,0.0,0.05869177853278307,0.05869177853278307,False,0.25,0.0,-0.0005507579220946912,-3.232496198875741e-05,0.0,5.0249810387656734e-08,-3.2375211799145063e-05,1.0611849911829798,1.0611506350941322,-0.15170551075340866,0.9998271274043935,0.00029345889266391536,0.9995336685117295,False,False,False,1.0
2024-02-17,2024-02-18 00:00:00,0.2317549570376978,0.0,0.0,0.05793873925942445,0.0,0.0,0.05793873925942445,0.0,0.05793873925942445,0.05793873925942445,False,0.25,0.0,-0.00019958920911855582,-1.1563947146114747e-05,0.0,4.960508498238395e-08,-1.1613552231097131e-05,1.0607012047913966,1.0606888862825532,-0.15207463739700144,0.9998855724449607,0.0002896936962971223,0.9995958787486635,False,False,False,1.0
2024-02-18,2024-02-19 00:00:00,0.22929911220157068,0.0,0.0,0.05732477805039267,0.0,0.0,0.05732477805039267,0.0,0.05732477805039267,0.05732477805039267,False,0.25,0.0,0.0011340820176672928,6.501099995371906e-05,0.0,4.9079433262322485e-08,6.496192052045674e-05,1.0617606699231332,1.0618296439353845,-0.15116270425720102,0.9999339177350791,0.00028662389025196336,0.9996472938448272,False,False,False,1.0
2024-02-19,2024-02-20 00:00:00,0.2289938620530204,0.0,0.0,0.0572484655132551,0.0,0.0,0.0572484655132551,0.0,0.0572484655132551,0.0572484655132551,False,0.25,0.0,0.0014112917105544298,8.079428482081808e-05,0.0,4.901409718600608e-08,8.074527072363207e-05,1.0629667362314819,1.0630525657683692,-0.1501850882454948,0.9998702860117269,0.0002862423275662755,0.9995840436841607,False,False,False,1.0
2024-02-20,2024-02-21 00:00:00,0.2334468379498329,0.0,0.0,0.058361709487458224,0.0,0.0,0.058361709487458224,0.0,0.058361709487458224,0.058361709487458224,False,0.25,0.0,-0.0009356134072717737,-5.4603997867766185e-05,0.0,4.996721702693341e-08,-5.465396508479312e-05,1.0617767204503907,1.0617186901425835,-0.15125140183498242,0.9997877118658882,0.00029180854743729115,0.999495903318451,False,False,False,1.0
2024-02-21,2024-02-22 00:00:00,0.22660927921179788,0.0,0.0,0.05665231980294947,0.0,0.0,0.05665231980294947,0.0,0.05665231980294947,0.05665231980294947,False,0.25,0.0,0.0013017345011161474,7.374627925576487e-05,0.0,4.850369846142934e-08,7.369777555730345e-05,1.0611463668336971,1.0612245709604735,-0.1516464056783131,0.9999254268921987,0.00028326159901474735,0.999642165293184,False,False,False,1.0
2024-02-22,2024-02-23 00:00:00,0.22671409731213663,0.0,0.0,0.056678524328034156,0.0,0.0,0.056678524328034156,0.0,0.056678524328034156,0.056678524328034156,False,0.25,0.0,0.0012035267692513951,6.821412127045555e-05,0.0,4.8526133842494995e-08,6.816559513661305e-05,1.062438897221698,1.0625113190014235,-0.15061776635408564,0.9998794841956337,0.0002833926216401708,0.9995960915739935,False,False,False,1.0
2024-02-23,2024-02-24 00:00:00,0.2400066558533944,0.0,-0.08803476087131376,0.0600016639633486,0.0,-0.02200869021782844,0.0600016639633486,0.02200869021782844,0.08201035418117704,0.03799297374552016,True,0.25,0.0,-0.004366603506256284,-0.00016590025237029124,0.0,7.021434433319952e-08,-0.00016597046671462445,1.0610472689578831,1.060871166447448,-0.15192892080006848,0.9996524828688108,0.0004100517709058852,0.9992424310979049,False,False,False,1.0
2024-02-24,2024-02-25 00:00:00,0.31322788675602836,0.0,-0.08803476087131376,0.07830697168900709,0.0,-0.02200869021782844,0.07830697168900709,0.02200869021782844,0.10031566190683552,0.05629828147117865,True,0.25,0.0,-0.0010005746543623184,-5.633063352421709e-05,0.0,8.58866968380441e-08,-5.6416520221055134e-05,1.0617573052062659,1.0616974045537868,-0.1512684177487269,0.999880268535764,0.0005015783095341776,0.9993786902262298,False,False,False,1.0
2024-02-25,2024-02-26 00:00:00,0.29455751592012863,0.0,0.0,0.07363937898003216,0.0,0.0,0.07363937898003216,0.0,0.07363937898003216,0.07363937898003216,False,0.25,0.0,-0.002059158171546116,-0.0001516351289743145,0.0,6.304741351030151e-08,-0.0001516981763878248,1.0628650117589662,1.062703777074936,-0.1504639134346487,0.9996428217364193,0.0003681968949001608,0.9992746248415191,False,False,False,1.0
2024-02-26,2024-02-27 00:00:00,0.30962939134812256,0.0,0.0,0.15481469567406128,0.0,0.0,0.15481469567406128,0.0,0.15481469567406128,0.15481469567406128,False,0.5,0.0,0.011836316247858747,0.0018324356978141989,0.0,1.3254682848806614e-07,0.0018323031509857109,1.0648192931741822,1.0667703649202958,-0.1472130422150787,0.9999993699142907,0.0007740734783703064,0.9992252964359204,False,False,False,1.0
2024-02-27,2024-02-28 00:00:00,0.31075585627326685,0.0,0.0,0.15537792813663343,0.0,0.0,0.15537792813663343,0.0,0.15537792813663343,0.15537792813663343,False,0.5,0.0,-0.004615806518209031,-0.000717194453478887,0.0,1.3302904806218615e-07,-0.0007173274825269492,1.071847887315533,1.0710790213688732,-0.1437686589197129,0.9988015106845316,0.0007768896406831671,0.9980246210438485,False,False,False,1.0
2024-02-28,2024-02-29 00:00:00,0.30155855259081654,0.0,0.0,0.15077927629540827,0.0,0.0,0.15077927629540827,0.0,0.15077927629540827,0.15077927629540827,False,0.5,0.0,-0.00039395341202452805,-5.940001035916513e-05,0.0,1.29091846143329e-07,-5.952910220530846e-05,1.0770282523839283,1.0769641378590142,-0.13906403761331565,0.9998005208733879,0.0007538963814770414,0.9990466244919108,False,False,False,1.0
2024-02-29,2024-03-01 00:00:00,0.3002138351295163,0.0,0.0,0.15010691756475816,0.0,0.0,0.15010691756475816,0.0,0.15010691756475816,0.15010691756475816,False,0.5,0.0,-0.0005561046168209849,-8.3475149874529e-05,0.0,1.2851619654516966e-07,-8.360366607107417e-05,1.0829357667441546,1.0828452293439352,-0.134362633936569,0.9996473727939188,0.0007505345878237908,0.998896838206095,False,False,False,1.0
2024-03-01,2024-03-02 00:00:00,0.2927256836994968,0.0,0.0,0.1463628418497484,0.0,0.0,0.1463628418497484,0.0,0.1463628418497484,0.1463628418497484,False,0.5,0.0,-0.003746044617594979,-0.0005482817359271551,0.0,1.253106522686202e-07,-0.0005484070465794237,1.079924390132157,1.0793321519868355,-0.1371710233053982,0.9989471737563675,0.000731814209248742,0.9982153595471188,False,False,False,1.0
2024-03-02,2024-03-03 00:00:00,0.28889256752187653,0.0,0.0,0.14444628376093827,0.0,0.0,0.14444628376093827,0.0,0.14444628376093827,0.14444628376093827,False,0.5,0.0,-0.0006137910070849184,-8.865982997930019e-05,0.0,1.23669763493954e-07,-8.878349974279415e-05,1.0807500502078007,1.080654097435996,-0.13611424681908157,0.9997140539259699,0.0007222314188046914,0.9989918225071652,False,False,False,1.0
2024-03-03,2024-03-04 00:00:00,0.27598868721004266,0.0,0.0,0.13799434360502133,0.0,0.0,0.13799434360502133,0.0,0.13799434360502133,0.13799434360502133,False,0.5,0.0,-0.0021899002151992697,-0.00030219384275691815,0.0,1.1814584212758676e-07,-0.0003023119885990457,1.0811180199291095,1.0807911849905945,-0.1360046576493028,0.9996968832341899,0.0006899717180251067,0.9990069115161648,False,False,False,1.0
2024-03-04,2024-03-05 00:00:00,0.2885073144142446,0.0,0.0,0.1442536572071223,0.0,0.0,0.1442536572071223,0.0,0.1442536572071223,0.1442536572071223,False,0.5,0.0,-0.0009146717843394603,-0.0001319447500351314,0.0,1.2350484349924853e-07,-0.00013206825487863065,1.0871932940586664,1.0870497103376042,-0.13100152954750643,0.9996238744314061,0.0007212682860356115,0.9989026061453705,False,False,False,1.0
2024-03-05,2024-03-06 00:00:00,0.2863245647376288,0.0,0.0,0.1431622823688144,0.0,0.0,0.1431622823688144,0.0,0.1431622823688144,0.1431622823688144,False,0.5,0.0,-0.003124259108031935,-0.0004472760646174081,0.0,1.2257044723357397e-07,-0.00044739863506464166,1.0971432142463866,1.0966523538698625,-0.12332507973801121,0.9994877350216688,0.000715811411844072,0.9987719236098247,False,False,False,1.0
2024-03-06,2024-03-07 00:00:00,0.2815573750344269,0.0,0.0,0.14077868751721345,0.0,0.0,0.14077868751721345,0.0,0.14077868751721345,0.14077868751721345,False,0.5,0.0,-0.0009355153240044878,-0.00013170061946559249,0.0,1.2052969821679234e-07,-0.00013182114916380927,1.0974890193720463,1.0973443471083182,-0.12277189338410044,0.9991948362470895,0.0007038934375860672,0.9984909428095035,False,False,False,1.0
2024-03-07,2024-03-08 00:00:00,0.26006679632037044,0.0,-0.08052922669551858,0.13003339816018522,0.0,-0.04026461334775929,0.13003339816018522,0.04026461334775929,0.17029801150794452,0.08976878481242592,True,0.5,0.0,0.0010199051044814667,9.155564185329156e-05,0.0,1.4580309204447306e-07,9.140983876124708e-05,1.0982496053872532,1.0983499962066012,-0.12196796738153659,0.9997548217622526,0.0008514900575397227,0.9989033317047129,False,False,False,1.0
2024-03-08,2024-03-09 00:00:00,0.26130646886838427,0.0,0.0,0.13065323443419213,0.0,0.0,0.13065323443419213,0.0,0.13065323443419213,0.13065323443419213,False,0.5,0.0,-0.010083406897811287,-0.001317429725315088,0.0,1.1186064591968505e-07,-0.0013175415859610078,1.101289590564628,1.0998385957308732,-0.12077796595160484,0.9986400355197395,0.0006532661721709607,0.9979867693475685,False,False,False,1.0
2024-03-09,2024-03-10 00:00:00,0.2612075431000463,0.0,0.0,0.13060377155002315,0.0,0.0,0.13060377155002315,0.0,0.13060377155002315,0.13060377155002315,False,0.5,0.0,-0.00030877350570213125,-4.032698439942092e-05,0.0,1.1181829755995132e-07,-4.043880269698087e-05,1.100481415025094,1.10043691287428,-0.1202996652101378,0.9998189166731993,0.0006530188577501157,0.9991658978154492,False,False,False,1.0
2024-03-10,2024-03-11 00:00:00,0.2615334320245529,0.0,0.0,0.13076671601227646,0.0,0.0,0.13076671601227646,0.0,0.13076671601227646,0.13076671601227646,False,0.5,0.0,-0.0034231460097511324,-0.0004476335621256837,0.0,1.1195780480503121e-07,-0.00044774551993048873,1.0996987258711586,1.0992063406933765,-0.1212833969869066,0.9993935358332289,0.0006538335800613823,0.9987397022531674,False,False,False,1.0
2024-03-11,2024-03-12 00:00:00,0.26377908413086437,0.0,0.0,0.13188954206543219,0.0,0.0,0.13188954206543219,0.0,0.13188954206543219,0.13188954206543219,False,0.5,0.0,-0.0034073916094841117,-0.0004493993190124554,0.0,1.1291912848067824e-07,-0.00044951223814093606,1.1047283642987602,1.1042317753791866,-0.1172660139603553,0.9994909603411456,0.000659447710327161,0.9988315126308185,False,False,False,1.0
2024-03-12,2024-03-13 00:00:00,0.2576659541854961,0.0,0.0,0.12883297709274805,0.0,0.0,0.12883297709274805,0.0,0.12883297709274805,0.12883297709274805,False,0.5,0.0,-0.0015537002334303773,-0.0002001678265825331,0.0,1.10302206415024e-07,-0.00020027812878894812,1.1035020211083848,1.1032810137884823,-0.11802606233737978,0.9995873054497653,0.0006441648854637402,0.9989431405643016,False,False,False,1.0
2024-03-13,2024-03-14 00:00:00,0.2570368747870678,0.0,0.0,0.1285184373935339,0.0,0.0,0.1285184373935339,0.0,0.1285184373935339,0.1285184373935339,False,0.5,0.0,-0.0010939016244689848,-0.00014058652743900228,0.0,1.1003290872734068e-07,-0.0001406965603477296,1.1025030688559108,1.1023479504663498,-0.1187719625405238,0.9994368959931536,0.0006425921869676695,0.9987943038061858,False,False,False,1.0
2024-03-14,2024-03-15 00:00:00,0.25252412408190467,0.0,0.0,0.12626206204095233,0.0,0.0,0.12626206204095233,0.0,0.12626206204095233,0.12626206204095233,False,0.5,0.0,-0.002880738464729804,-0.0003637279787574723,0.0,1.0810108051451397e-07,-0.00036383607983798684,1.0986098684977332,1.0982101545899077,-0.12207975817625061,0.9995130660623647,0.0006313103102047617,0.9988817557521599,False,False,False,1.0
2024-03-15,2024-03-16 00:00:00,0.24811551219922132,0.0,0.0,0.12405775609961066,0.0,0.0,0.12405775609961066,0.0,0.12405775609961066,0.12405775609961066,False,0.5,0.0,-0.0037497570351813225,-0.0004651864437033237,0.0,1.0621383227706392e-07,-0.00046529265753560075,1.0933344232211542,1.0928257027417985,-0.12638414313283075,0.9993642394520073,0.0006202887804980533,0.9987439506715092,False,False,False,1.0
2024-03-16,2024-03-17 00:00:00,-0.23371386667100852,0.0,0.0,-0.11685693333550426,0.0,0.0,0.0,0.11685693333550426,0.11685693333550426,-0.11685693333550426,False,0.5,0.0,0.0023891835639426873,-0.00027919266445793306,0.0,1.0004874429409611e-07,-0.00027929271320222714,1.0917338657198568,1.0914289524064051,-0.12750071939748364,0.9995965509137777,0.0005842846666775213,0.9990122662471003,False,False,False,-1.0
2024-03-17,2024-03-18 00:00:00,-0.22161444755572715,0.0,0.0,-0.11080722377786358,0.0,0.0,0.0,0.11080722377786358,0.11080722377786358,-0.11080722377786358,False,0.5,0.0,0.0012860210068494915,-0.00014250041748900503,0.0,9.48691984399517e-08,-0.000142595286687445,1.0931210289356827,1.0929651550291775,-0.12627266357188605,0.9992008630902462,0.0005540361188893179,0.998646826971357,False,False,False,-1.0
2024-03-18,2024-03-19 00:00:00,-0.2228692608087331,0.0,0.0,-0.11143463040436655,0.0,0.0,0.0,0.11143463040436655,0.11143463040436655,-0.11143463040436655,False,0.5,0.0,0.0006526674233826579,-7.27297531016167e-05,0.0,9.540636164757409e-08,-7.282515946326427e-05,1.0946175992908556,1.094537883589636,-0.12501540854437598,0.9998383180552256,0.0005571731520218327,0.9992811449032037,False,False,False,-1.0
2024-03-19,2024-03-20 00:00:00,-0.2242785289467536,0.0,0.0,-0.1121392644733768,0.0,0.0,0.0,0.1121392644733768,0.1121392644733768,-0.1121392644733768,False,0.5,0.0,-0.002813686835447693,0.00031552477218552746,0.0,9.600964424090479e-08,0.00031542876254128655,1.1019844383921427,1.1023320359798845,-0.11878468474104953,0.999511043721004,0.000560696322366884,0.9989503473986371,False,False,False,-1.0
2024-03-20,2024-03-21 00:00:00,-0.21699108860562907,0.0,0.0,-0.10849554430281454,0.0,0.0,0.0,0.10849554430281454,0.10849554430281454,-0.10849554430281454,False,0.5,0.0,-0.0004672769586945291,5.0697467973726725e-05,0.0,9.289002080720421e-08,5.060457795291952e-05,1.1023244694932288,1.1023802521577748,-0.1187461402435539,0.9992983726667843,0.0005424777215140727,0.9987558949452703,False,False,False,-1.0
2024-03-21,2024-03-22 00:00:00,-0.19096750150932532,0.0,0.0,-0.09548375075466266,0.0,0.0,0.0,0.09548375075466266,0.09548375075466266,-0.09548375075466266,False,0.5,0.0,-0.00041137097949128787,3.927924407344758e-05,0.0,8.17497866050194e-08,3.919749428684256e-05,1.095755189954932,1.09579814081273,-0.12400794624634981,0.9999827335809313,0.0004774187537733133,0.999505314827158,False,False,False,-1.0
2024-03-22,2024-03-23 00:00:00,-0.19490346033136974,0.0,0.0,-0.09745173016568487,0.0,0.0,0.0,0.09745173016568487,0.09745173016568487,-0.09745173016568487,False,0.5,0.0,0.0015850325081194772,-0.000154464160285098,0.0,8.343470048431923e-08,-0.00015454759498558234,1.1005382246224449,1.1003681390866398,-0.12035464366760684,0.9994499658663222,0.00048725865082842437,0.9989627072154937,False,False,False,-1.0
2024-03-23,2024-03-24 00:00:00,-0.1824420677167556,0.0,0.0,-0.0912210338583778,0.0,0.0,0.0,0.0912210338583778,0.0912210338583778,-0.0912210338583778,False,0.5,0.0,0.004634327653749937,-0.00042274815981353954,0.0,7.810020022121387e-08,-0.00042282626001376075,1.0991079291414896,1.0986431974464592,-0.12173357936179063,0.9994727649010253,0.00045610516929188904,0.9990166597317335,False,False,False,-1.0
2024-03-24,2024-03-25 00:00:00,-0.17439515393092997,0.0,0.0,-0.08719757696546498,0.0,0.0,0.0,0.08719757696546498,0.08719757696546498,-0.08719757696546498,False,0.5,0.0,0.0005801574376478325,-5.0588322821383826e-05,0.0,7.465545973070633e-08,-5.0662978281114534e-05,1.0988848653717354,1.0988291925916676,-0.12158489297223496,0.9997962880856704,0.00043598788482732495,0.9993603002008431,False,False,False,-1.0
2024-03-25,2024-03-26 00:00:00,-0.17515987435392327,0.0,0.0,-0.08757993717696164,0.0,0.0,0.0,0.08757993717696164,0.08757993717696164,-0.08757993717696164,False,0.5,0.0,0.0012772998384509293,-0.00011186583960767563,0.0,7.498282292548084e-08,-0.00011194082243060112,1.0938081296379605,1.0936856878563475,-0.12569666238374622,0.9997047166964619,0.0004378996858848082,0.9992668170105771,False,False,False,-1.0
2024-03-26,2024-03-27 00:00:00,-0.17771214529013693,0.0,0.0,-0.08885607264506847,0.0,0.0,0.0,0.08885607264506847,0.08885607264506847,-0.08885607264506847,False,0.5,0.0,0.0001029702749861805,-9.149534234454731e-06,0.0,7.607540466187368e-08,-9.225609639116604e-06,1.0933329693027765,1.093322882639596,-0.1259866925225992,0.9998592189251518,0.00044428036322534235,0.9994149385619265,False,False,False,-1.0
2024-03-27,2024-03-28 00:00:00,0.17073086480668542,0.0,0.0,0.08536543240334271,0.0,0.0,0.08536543240334271,0.0,0.08536543240334271,0.08536543240334271,False,0.5,0.0,-0.0049542650560114865,-0.0004229229787471914,0.0,7.308684281108109e-08,-0.0004229960655900025,1.092490567870975,1.0920284486590714,-0.12702147606421677,0.999523594803951,0.0004268271620167136,0.9990967676419343,False,False,False,1.0
2024-03-28,2024-03-29 00:00:00,0.17239094109506792,0.0,0.0,0.08619547054753396,0.0,0.0,0.08619547054753396,0.0,0.08619547054753396,0.08619547054753396,False,0.5,0.0,0.00010618885408253398,9.15299824454744e-06,0.0,7.379749190713525e-08,9.079200752640305e-06,1.0937557782094813,1.093765708637766,-0.1256326929663445,0.9999064692730638,0.0004309773527376698,0.9994754919203261,False,False,False,1.0
2024-03-29,2024-03-30 00:00:00,0.172830287531826,0.0,0.0,0.086415143765913,0.0,0.0,0.086415143765913,0.0,0.086415143765913,0.086415143765913,False,0.5,0.0,-0.0016056555711383425,-0.00013875295701845902,0.0,7.398556829273373e-08,-0.00013882694258675175,1.0915138557388477,1.0913623242074644,-0.12755398264976914,0.9997496265625553,0.000432075718829565,0.9993175508437258,False,False,False,1.0
2024-03-30,2024-03-31 00:00:00,0.17371570510394732,0.0,0.0,0.08685785255197366,0.0,0.0,0.08685785255197366,0.0,0.08685785255197366,0.08685785255197366,False,0.5,0.0,-0.00020065623065856908,-1.742856929617681e-05,0.0,7.436459978764868e-08,-1.7502933895964457e-05,1.092717751611911,1.0926986258453377,-0.12648572968182115,0.9999262837933036,0.0004342892627598683,0.9994919945305437,False,False,False,1.0
2024-03-31,2024-04-01 00:00:00,0.174858495395843,0.0,0.0,0.0874292476979215,0.0,0.0,0.0874292476979215,0.0,0.0874292476979215,0.0874292476979215,False,0.5,0.0,-0.0004060268751121532,-3.549862423619348e-05,0.0,7.485380796054922e-08,-3.557347804415403e-05,1.0949203436225279,1.094881393497724,-0.12474080326931358,0.9999313427701167,0.00043714623848960753,0.9994941965316272,False,False,False,1.0
2024-04-01,2024-04-02 00:00:00,0.1781529194915724,0.0,0.0,0.0890764597457862,0.0,0.0,0.0890764597457862,0.0,0.0890764597457862,0.0890764597457862,False,0.5,0.0,-0.01040232874232394,-0.0009266026174780533,0.0,7.626409224810461e-08,-0.0009266788815703014,1.0910920148259728,1.0900809228979838,-0.12857834774309007,0.9988739223783701,0.000445382298728931,0.9984285400796412,False,False,False,1.0
2024-04-02,2024-04-03 00:00:00,-0.17859051382628077,0.0,0.0,-0.08929525691314039,0.0,0.0,0.0,0.08929525691314039,0.08929525691314039,-0.08929525691314039,False,0.5,0.0,-0.010364862718263868,0.0009255330792968027,0.0,7.645141859001746e-08,0.0009254566278782127,1.0956704082194808,1.0966844036607375,-0.1232994588128743,0.9998995415346759,0.00044647628456570196,0.9994530652501101,False,False,False,-1.0
2024-04-03,2024-04-04 00:00:00,-0.1704135737365345,0.0,0.0,-0.08520678686826726,0.0,0.0,0.0,0.08520678686826726,0.08520678686826726,-0.08520678686826726,False,0.5,0.0,0.0011217134247745175,-9.557759671203645e-05,0.0,7.295101615433841e-08,-9.56505477281908e-05,1.094167796708377,1.0940631389593152,-0.1253949241761645,0.9997098631361742,0.00042603393434133627,0.9992838292018328,False,False,False,-1.0
2024-04-04,2024-04-05 00:00:00,-0.16044090560761443,0.0,0.0,-0.08022045280380721,0.0,0.0,0.0,0.08022045280380721,0.08022045280380721,-0.08022045280380721,False,0.5,0.0,-0.001807121661721145,0.00014496811797483879,0.0,6.868189452380755e-08,0.000144899436080315,1.0929147580711618,1.0930731208032902,-0.12618635464629324,0.9999523227407738,0.0004011022640190361,0.9995512204767548,False,False,False,-1.0
2024-04-05,2024-04-06 00:00:00,-0.1627467760907296,0.0,0.0,-0.0813733880453648,0.0,0.0,0.0,0.0813733880453648,0.0813733880453648,-0.0813733880453648,False,0.5,0.0,0.0008091588357739266,-6.584399593376734e-05,0.0,6.966899661418219e-08,-6.591366493038152e-05,1.094046346138326,1.0939742335340483,-0.12546599606720787,0.999871179617765,0.000406866940226824,0.9994643126775381,False,False,False,-1.0
2024-04-06,2024-04-07 00:00:00,-0.17406813598009832,0.0,0.0,-0.08703406799004916,0.0,0.0,0.0,0.08703406799004916,0.08703406799004916,-0.08703406799004916,False,0.5,0.0,-0.00025174724576515484,2.19105869042321e-05,0.0,7.451546916956264e-08,2.183607143506254e-05,1.093654617232897,1.0936784983532442,-0.12570240974482894,0.9998911550709706,0.0004351703399502458,0.9994559847310204,False,False,False,-1.0
2024-04-07,2024-04-08 00:00:00,-0.1740316875665079,0.0,0.0,-0.08701584378325394,0.0,0.0,0.0,0.08701584378325394,0.08701584378325394,-0.08701584378325394,False,0.5,0.0,-0.001652235377275213,0.00014377065548214557,0.0,7.449986625278591e-08,0.0001436961556158928,1.0919685242575325,1.0921254359365218,-0.12694394345926208,0.9998156632874926,0.0004350792189162697,0.9993805840685763,False,False,False,-1.0
2024-04-08,2024-04-09 00:00:00,-0.17476544592732204,0.0,0.0,-0.08738272296366102,0.0,0.0,0.0,0.08738272296366102,0.08738272296366102,-0.08738272296366102,False,0.5,0.0,-0.0007735506248967017,6.759495995371534e-05,0.0,7.481397514012073e-08,6.752014597857522e-05,1.0854819708782588,1.0855552627793896,-0.13219620595458326,0.9998700273982135,0.00043691361481830514,0.9994331137833952,False,False,False,-1.0
2024-04-09,2024-04-10 00:00:00,0.1748747233358774,0.0,0.0,0.0874373616679387,0.0,0.0,0.0874373616679387,0.0,0.0874373616679387,0.0874373616679387,False,0.5,0.0,0.0028548378849768685,0.0002496194926520556,0.0,7.486075485268723e-08,0.00024954463189720295,1.0818876527649535,1.082157632021017,-0.13491230615139138,0.9998978419437426,0.00043718680833969346,0.9994606551354029,False,False,False,1.0
2024-04-10,2024-04-11 00:00:00,0.16021579272282435,0.0,0.0,0.08010789636141218,0.0,0.0,0.08010789636141218,0.0,0.08010789636141218,0.08010789636141218,False,0.5,0.0,0.002287696571912523,0.0001832625598891263,0.0,6.85855277066885e-08,0.00018319397436141962,1.0807131986779228,1.0809111788239336,-0.13590873337220322,0.999982851528538,0.0004005394818070609,0.999582312046731,False,False,False,1.0
2024-04-11,2024-04-12 00:00:00,0.15876921546071834,0.0,0.0,0.07938460773035917,0.0,0.0,0.07938460773035917,0.0,0.07938460773035917,0.07938460773035917,False,0.5,0.0,0.001733092356406063,0.00013758085687377915,0.0,6.796627374174586e-08,0.0001375128906000374,1.0815254470101943,1.08167417070067,-0.13529878999284684,0.9997186505784045,0.0003969230386517959,0.9993217275397527,False,False,False,1.0
2024-04-12,2024-04-13 00:00:00,0.16213776537784383,0.0,0.0,0.08106888268892191,0.0,0.0,0.08106888268892191,0.0,0.08106888268892191,0.08106888268892191,False,0.5,0.0,-0.0013643040017647934,-0.00011060260107109675,0.0,6.940828997339205e-08,-0.00011067200936107015,1.0800820501696369,1.0799625153188697,-0.1366671045184672,0.9998888573412726,0.0004053444134446096,0.999483512927828,False,False,False,1.0
2024-04-13,2024-04-14 00:00:00,0.16171053926762957,0.0,0.0,0.08085526963381479,0.0,0.0,0.08085526963381479,0.0,0.08085526963381479,0.08085526963381479,False,0.5,0.0,-0.0032593829104765604,-0.0002635382840664303,0.0,6.922540208374554e-08,-0.000263607509468514,1.0759748389136503,1.0756912038661135,-0.14008163384861028,0.9996593013850055,0.00040427634816907394,0.9992550250368364,False,False,False,1.0
2024-04-14,2024-04-15 00:00:00,0.1611396046951895,0.0,0.0,0.08056980234759475,0.0,0.0,0.08056980234759475,0.0,0.08056980234759475,0.08056980234759475,False,0.5,0.0,0.00018004157323603387,1.4505913969977254e-05,0.0,6.898099516061195e-08,1.4436932974816642e-05,1.070074948090114,1.0700903966904176,-0.14455897542985918,0.9996842295822401,0.00040284901173797376,0.9992813805705022,False,False,False,1.0
2024-04-15,2024-04-16 00:00:00,-0.15768265260894854,0.0,0.0,-0.07884132630447427,0.0,0.0,0.0,0.07884132630447427,0.07884132630447427,-0.07884132630447427,False,0.5,0.0,0.0070770935207824515,-0.0005579674395592899,0.0,6.750113553465263e-08,-0.0005580349406948246,1.0683572819664473,1.0677611012739643,-0.14642103761053105,0.9993930205470631,0.00039420663152237137,0.9989988139155408,False,False,False,-1.0
2024-04-16,2024-04-17 00:00:00,-0.1516206647255522,0.0,0.0,-0.0758103323627761,0.0,0.0,0.0,0.0758103323627761,0.0758103323627761,-0.0758103323627761,False,0.5,0.0,-0.0044137255615588344,0.0003346060017798558,0.0,6.490610647497952e-08,0.00033454109567338083,1.0713349507573309,1.0716933563255904,-0.14327755337720105,0.999775693890302,0.0003790516618138805,0.9993966422284881,False,False,False,-1.0
2024-04-17,2024-04-18 00:00:00,-0.14827336705536667,0.0,0.0,-0.07413668352768334,0.0,0.0,0.0,0.07413668352768334,0.07413668352768334,-0.07413668352768334,False,0.5,0.0,-0.0007765449514405276,5.757046730996662e-05,0.0,6.347318795178368e-08,5.750699412201484e-05,1.0732346599641274,1.0732963784634095,-0.14199608135929886,0.9996706032858687,0.0003706834176384167,0.9992999198682302,False,False,False,-1.0
2024-04-18,2024-04-19 00:00:00,-0.14466554413682722,0.10560659374600453,0.0,-0.07233277206841361,0.05280329687300227,0.0,0.05280329687300227,0.07233277206841361,0.12513606894141588,-0.019529475195411344,True,0.5,0.0,0.0008055310961092577,-1.573159956059826e-05,0.0,1.0713704532655469e-07,-1.5838736605924815e-05,1.070791243083079,1.07077428310262,-0.1440122697543823,0.9996833501810322,0.0006256803447070794,0.999057669836325,False,False,False,-1.0
2024-04-19,2024-04-20 00:00:00,-0.14518793438993255,0.0,0.0,-0.07259396719496627,0.0,0.0,0.0,0.07259396719496627,0.07259396719496627,-0.07259396719496627,False,0.5,0.0,-0.0025513012283803205,0.00018520907767751815,0.0,6.215236917377249e-08,0.00018514692530834437,1.067726446237764,1.0679241325063553,-0.1462907088038201,0.999911563973003,0.0003629698359748314,0.9995485941370281,False,False,False,-1.0
2024-04-20,2024-04-21 00:00:00,-0.1485410433945191,0.0,0.0,-0.07427052169725955,0.0,0.0,0.0,0.07427052169725955,0.07427052169725955,-0.07427052169725955,False,0.5,0.0,0.005426223729865898,-0.0004030084672631898,0.0,6.358777542573592e-08,-0.0004030720550386155,1.067581521189497,1.0671512089118298,-0.1469085916982562,0.9994485017037406,0.00037135260848629773,0.9990771490952542,False,False,False,-1.0
2024-04-21,2024-04-22 00:00:00,-0.14846379290111386,0.0,0.0,-0.07423189645055693,0.0,0.0,0.0,0.07423189645055693,0.07423189645055693,-0.07423189645055693,False,0.5,0.0,-0.0007938340285968959,5.8927805409733224e-05,0.0,6.355470586520284e-08,5.886425070386802e-05,1.065786394214131,1.0658491309316367,-0.1479494859300814,0.9999271570840311,0.00037115948225278466,0.9995559976017784,False,False,False,-1.0
2024-04-22,2024-04-23 00:00:00,-0.15683093946676135,0.0,0.0,-0.07841546973338068,0.0,0.0,0.0,0.07841546973338068,0.07841546973338068,-0.07841546973338068,False,0.5,0.0,0.0013681826759766036,-0.00010728668721777915,0.0,6.713653230597661e-08,-0.00010735382375008513,1.0652576119509445,1.0651432524730227,-0.14851377226862472,0.9998041038297873,0.0003920773486669034,0.9994120264811205,False,False,False,-1.0
2024-04-23,2024-04-24 00:00:00,-0.1599991359107213,0.0,0.0,-0.07999956795536065,0.0,0.0,0.0,0.07999956795536065,0.07999956795536065,-0.07999956795536065,False,0.5,0.0,-0.00035326819563630263,2.826130302327403e-05,0.0,6.849278078369918e-08,2.8192810242490333e-05,1.0639685209126317,1.063998517175246,-0.14942888517779607,0.9998206953485717,0.00039999783977680324,0.9994206975087948,False,False,False,-1.0
2024-04-24,2024-04-25 00:00:00,-0.16064870031052833,0.0,0.0,-0.08032435015526417,0.0,0.0,0.0,0.08032435015526417,0.08032435015526417,-0.08032435015526417,False,0.5,0.0,0.0011758401109640548,-9.444859279968141e-05,0.0,6.877084773567137e-08,-9.451736364741709e-05,1.0647756591151394,1.0646750193269638,-0.14888808255441088,0.9997545674585816,0.00040162175077632084,0.9993529457078053,False,False,False,-1.0
2024-04-25,2024-04-26 00:00:00,-0.16007519976215506,0.0,0.0,-0.08003759988107753,0.0,0.0,0.0,0.08003759988107753,0.08003759988107753,-0.08003759988107753,False,0.5,0.0,0.0022044526772204698,-0.0001764391013361421,0.0,6.852534236393624e-08,-0.00017650762667850605,1.065249743933177,1.0650617192290555,-0.14857895076379812,0.999607195805928,0.00040018799940538764,0.9992070078065227,False,False,False,-1.0
2024-04-26,2024-04-27 00:00:00,-0.1680038083408217,0.0,0.0,-0.08400190417041085,0.0,0.0,0.0,0.08400190417041085,0.08400190417041085,-0.08400190417041085,False,0.5,0.0,-0.0016460747202633463,0.00013827341090889747,0.0,7.191943850206409e-08,0.0001382014914703954,1.0660768588240488,1.0662241922359603,-0.14764965815156894,0.9999431660383401,0.0004200095208520543,0.999523156517488,False,False,False,-1.0
2024-04-27,2024-04-28 00:00:00,-0.16815425798552736,0.14088898423254315,0.0,-0.08407712899276368,0.07044449211627157,0.0,0.07044449211627157,0.08407712899276368,0.15452162110903525,-0.013632636876492105,True,0.5,0.0,6.358653491522759e-06,-8.668521407336844e-08,0.0,1.3229590848376303e-07,-2.189811225571315e-07,1.0657856535357062,1.0657854201487673,-0.14800041697062016,0.9998605760242537,0.0007726081055451763,0.9990879679187086,False,False,False,-1.0
2024-04-28,2024-04-29 00:00:00,-0.16884677342457577,0.0,0.0,-0.04221169335614394,0.0,0.0,0.0,0.04221169335614394,0.04221169335614394,-0.04221169335614394,False,0.25,0.0,-0.0010227778646805241,4.317318559534597e-05,0.0,3.6140148421356115e-08,4.3137045446924616e-05,1.0632025242712653,1.0632483876868741,-0.15002854623454198,0.9999835834453169,0.0002110584667807197,0.9997725249785362,False,False,False,-1.0
2024-04-29,2024-04-30 00:00:00,0.1698013717388335,0.0,0.0,0.042450342934708375,0.0,0.0,0.042450342934708375,0.0,0.042450342934708375,0.042450342934708375,False,0.25,0.0,0.0012900586819375448,5.476343345414666e-05,0.0,3.634447169067498e-08,5.472708898245598e-05,1.06101754134499,1.061075607746387,-0.15176548836971515,0.9999582900183632,0.0002122517146735419,0.9997460383036897,False,False,False,1.0
2024-04-30,2024-05-01 00:00:00,0.16211655114589243,0.0,0.0,0.04052913778647311,0.0,0.0,0.04052913778647311,0.0,0.04052913778647311,0.04052913778647311,False,0.25,0.0,0.0007988662116360512,3.2377358764355306e-05,0.0,3.469960426924068e-08,3.234265916008607e-05,1.05844300999535,1.0584772428568627,-0.15384264739308018,0.9999506541765872,0.00020264568893236555,0.9997480084876549,False,False,False,1.0
2024-05-01,2024-05-02 00:00:00,-0.1587903138807008,0.0,0.0,-0.0396975784701752,0.0,0.0,0.0,0.0396975784701752,0.0396975784701752,-0.0396975784701752,False,0.25,0.0,0.0009677385787769666,-3.841687816961446e-05,0.0,3.398765279980753e-08,-3.8450865822414266e-05,1.0599698518596405,1.059929095101091,-0.15268202210836757,0.999919001408893,0.000198487892350876,0.9997205135165421,False,False,False,-1.0
2024-05-02,2024-05-03 00:00:00,-0.15329623640051152,0.0,0.0,-0.03832405910012788,0.0,0.0,0.0,0.03832405910012788,0.03832405910012788,-0.03832405910012788,False,0.25,0.0,-0.0020256831257592367,7.763239982972877e-05,0.0,3.281169443504099e-08,7.759958813529372e-05,1.0583669423623048,1.058449071201128,-0.15386516809798512,0.9999607033551132,0.0001916202955006394,0.9997690830596125,False,False,False,-1.0
2024-05-03,2024-05-04 00:00:00,-0.15541740078969424,0.0,0.0,-0.03885435019742356,0.0,0.0,0.0,0.03885435019742356,0.03885435019742356,-0.03885435019742356,False,0.25,0.0,0.0010219823854500376,-3.970846149987407e-05,0.0,3.326571078546537e-08,-3.974172721065953e-05,1.0573148279806588,1.0572728084631895,-0.15480548435988029,0.9998287398015796,0.0001942717509871178,0.9996344680505925,False,False,False,-1.0
2024-05-04,2024-05-05 00:00:00,-0.15927742767456507,0.0,0.0,-0.03981935691864127,0.0,0.0,0.0,0.03981935691864127,0.03981935691864127,-0.03981935691864127,False,0.25,0.0,0.0009732297782700794,-3.875338390478639e-05,0.0,3.409191517006958e-08,-3.878747581995646e-05,1.0566056812628006,1.0565646981954875,-0.15537155482905285,0.9999397961804432,0.00019909678459320633,0.99974069939585,False,False,False,-1.0
2024-05-05,2024-05-06 00:00:00,-0.15914392062208113,0.0,0.0,-0.03978598015552028,0.0,0.0,0.0,0.03978598015552028,0.03978598015552028,-0.03978598015552028,False,0.25,0.0,0.0009185936015203566,-3.6547146801076816e-05,0.0,3.406333917424682e-08,-3.658121014025106e-05,1.0561447470841574,1.0561061120312258,-0.15573815322057472,0.9998625990745464,0.00019892990077760141,0.9996636691737688,False,False,False,-1.0
2024-05-06,2024-05-07 00:00:00,-0.15867248198853565,0.0,0.0,-0.03966812049713391,0.0,0.0,0.0,0.03966812049713391,0.03966812049713391,-0.03966812049713391,False,0.25,0.0,0.00028809208588387314,-1.1428071577112132e-05,0.0,3.396243193247766e-08,-1.1462034009044609e-05,1.0570305375973352,1.0570184218773646,-0.15500884355484923,0.9999297283392233,0.00019834060248566956,0.9997313877367376,False,False,False,-1.0
2024-05-07,2024-05-08 00:00:00,-0.15847504553357852,0.0,0.0,-0.03961876138339463,0.0,0.0,0.0,0.03961876138339463,0.03961876138339463,-0.03961876138339463,False,0.25,0.0,-0.0009498591475990414,3.763224291656105e-05,0.0,3.3920172417289925e-08,3.7598322744143756e-05,1.0572139192203136,1.057253668690458,-0.15482078488668272,0.9999476417968682,0.00019809380691697317,0.9997495479899513,False,False,False,-1.0
2024-05-08,2024-05-09 00:00:00,-0.15755226985191978,0.0,0.0,-0.039388067462979945,0.0,0.0,0.0,0.039388067462979945,0.039388067462979945,-0.039388067462979945,False,0.25,0.0,0.001161865509905935,-4.576363708708456e-05,0.0,3.3722660499126666e-08,-4.579735974758369e-05,1.058157537512461,1.058109076691046,-0.15413696312852876,0.9998142891709919,0.00019694033731489972,0.999617348833677,False,False,False,-1.0
2024-05-09,2024-05-10 00:00:00,-0.15837996687993477,0.0,0.0,-0.039594991719983694,0.0,0.0,0.0,0.039594991719983694,0.039594991719983694,-0.039594991719983694,False,0.25,0.0,-0.0004522133515990623,1.7905383912230947e-05,0.0,3.389982167806823e-08,1.787148409055288e-05,1.0580891869755447,1.0581080965996161,-0.15413774662347413,0.9999839039175511,0.00019797495859991848,0.9997859289589511,False,False,False,-1.0
2024-05-10,2024-05-11 00:00:00,-0.17237163343001638,0.0,0.0,-0.043092908357504095,0.0,0.0,0.0,0.043092908357504095,0.043092908357504095,-0.043092908357504095,False,0.25,0.0,-0.0014918478725770568,6.428806365630056e-05,0.0,3.6894613319780904e-08,6.425116904298078e-05,1.0593894312769805,1.0594574982864118,-0.15305902134467586,0.9999933278694588,0.00021546454178752048,0.9997778633276713,False,False,False,-1.0
2024-05-11,2024-05-12 00:00:00,-0.1737984754255459,0.0,0.0,-0.04344961885638648,0.0,0.0,0.0,0.04344961885638648,0.04344961885638648,-0.04344961885638648,False,0.25,0.0,-0.0012969283276451637,5.635104152023309e-05,0.0,3.7200016144166504e-08,5.6313841504088926e-05,1.0592602936295588,1.059319944645846,-0.1531689831082642,0.9999271513226511,0.0002172480942819324,0.9997099032283692,False,False,False,-1.0
2024-05-12,2024-05-13 00:00:00,-0.17223842982221543,0.0,0.0,-0.04305960745555386,0.0,0.0,0.0,0.04305960745555386,0.04305960745555386,-0.04305960745555386,False,0.25,0.0,0.00017362706948165219,-7.4763134555381184e-06,0.0,3.686610227359063e-08,-7.513179557811709e-06,1.0591398043809566,1.0591318468734294,-0.15331935035915534,0.9999562780082164,0.0002152980372777693,0.9997409799709386,False,False,False,-1.0
2024-05-13,2024-05-14 00:00:00,-0.172657961251431,0.0,0.0,-0.04316449031285775,0.0,0.0,0.0,0.04316449031285775,0.04316449031285775,-0.04316449031285775,False,0.25,0.0,-0.00080632101697653,3.4804435726337045e-05,0.0,3.6955899240460406e-08,3.476747982709658e-05,1.058707574988775,1.0587443835830312,-0.1536290924100574,0.9998457459000246,0.00021582245156428876,0.9996299234484604,False,False,False,-1.0
2024-05-14,2024-05-15 00:00:00,-0.17298086333662327,0.0,0.0,-0.04324521583415582,0.0,0.0,0.0,0.04324521583415582,0.04324521583415582,-0.04324521583415582,False,0.25,0.0,0.0005971241396924842,-2.582276230078609e-05,0.0,3.702501355664025e-08,-2.5859787314342733e-05,1.0597325409079301,1.059705136449812,-0.15286105690645935,0.9998814469445423,0.0002162260791707791,0.9996652208653715,False,False,False,-1.0
2024-05-15,2024-05-16 00:00:00,-0.1794565626464852,0.0,0.0,-0.0448641406616213,0.0,0.0,0.0,0.0448641406616213,0.0448641406616213,-0.0448641406616213,False,0.25,0.0,-0.00011420855153332354,5.123868520751053e-06,0.0,3.841107933357988e-08,5.085457441417473e-06,1.0597594052704034,1.059764794631757,-0.1528133655558549,0.9999047179152409,0.00022432070330810652,0.9996803972119328,False,False,False,-1.0
2024-05-16,2024-05-17 00:00:00,-0.19549568195606212,0.0,0.0,-0.04887392048901553,0.0,0.0,0.0,0.04887392048901553,0.04887392048901553,-0.04887392048901553,False,0.25,0.0,0.0005784492148650511,-2.8271080934247965e-05,0.0,4.1844110007718776e-08,-2.8312925044255686e-05,1.0601214995434136,1.0600914844028593,-0.15255220646745205,0.9998872044880704,0.00024436960244507763,0.9996428348856253,False,False,False,-1.0
2024-05-17,2024-05-18 00:00:00,-0.19799701687319038,0.0,0.0,-0.049499254218297595,0.0,0.0,0.0,0.049499254218297595,0.049499254218297595,-0.049499254218297595,False,0.25,0.0,0.003304980363580068,-0.00016359406320333138,0.0,4.2379498474569854e-08,-0.00016363644270180595,1.057577690869053,1.0574046326178386,-0.15470010280495294,0.9997840134570731,0.00024749627109148795,0.9995365171859817,False,False,False,-1.0
2024-05-18,2024-05-19 00:00:00,0.21002813062246609,0.0,0.0,0.05250703265561652,0.0,0.0,0.05250703265561652,0.0,0.05250703265561652,0.05250703265561652,False,0.25,0.0,-0.0006423845313804355,-3.3729705566655443e-05,0.0,4.4954651246247015e-08,-3.377466021790169e-05,1.0574854452187707,1.0574497290071732,-0.1546640522978031,0.9999441323826359,0.0002625351632780826,0.9996815972193578,False,False,False,1.0
2024-05-19,2024-05-20 00:00:00,0.19942137511566405,0.0,0.0,0.04985534377891601,0.0,0.0,0.04985534377891601,0.0,0.04985534377891601,0.04985534377891601,False,0.25,0.0,0.001721870687185989,8.584445505249583e-05,0.0,4.268436967372946e-08,8.58017706828221e-05,1.056789076318167,1.0568797506921535,-0.15511969869486564,0.999967988775658,0.0002492767188945801,0.9997187120567633,False,False,False,1.0
2024-05-20,2024-05-21 00:00:00,0.2073815854071834,0.0,0.0,0.05184539635179585,0.0,0.0,0.05184539635179585,0.0,0.05184539635179585,0.05184539635179585,False,0.25,0.0,0.0007991886149323335,4.143425050100958e-05,0.0,4.438818180804439e-08,4.138986231920154e-05,1.0575686753060267,1.0576124479278908,-0.15453397315618467,0.9998941235502976,0.0002592269817589793,0.9996348965685387,False,False,False,1.0
2024-05-21,2024-05-22 00:00:00,0.2067825979560403,0.0,0.0,0.10339129897802014,0.0,0.0,0.10339129897802014,0.0,0.10339129897802014,0.10339129897802014,False,0.5,0.0,-0.003415976217419736,-0.0003531822183970503,0.0,8.851994775515422e-08,-0.0003532707383448054,1.0727580987025336,1.0723791246569396,-0.14272934327663245,0.9993554562043209,0.0005169564948901007,0.9988384997094307,False,False,False,1.0
2024-05-22,2024-05-23 00:00:00,0.20631390843221079,0.0,0.0,0.10315695421610539,0.0,0.0,0.10315695421610539,0.0,0.10315695421610539,0.10315695421610539,False,0.5,0.0,-0.0014919112923349465,-0.0001539010248778867,0.0,8.831931011652858e-08,-0.00015398934418800323,1.0721135360877851,1.0719484420274679,-0.14307363530182893,0.9997110049524939,0.0005157847710805269,0.9991952201814134,False,False,False,1.0
2024-05-23,2024-05-24 00:00:00,0.12242381266249942,0.0,0.0,0.06121190633124971,0.0,0.0,0.06121190633124971,0.0,0.06121190633124971,0.06121190633124971,False,0.5,0.0,9.964939148310314e-05,6.099729217429743e-06,0.0,5.240745405072749e-08,6.047321763379015e-06,1.0730341497664897,1.0730406387492564,-0.1422005222586613,0.9998623826467739,0.00030605953165624856,0.9995563231151176,False,False,False,1.0
2024-05-24,2024-05-25 00:00:00,0.12231222406478576,0.0,0.0,0.06115611203239288,0.0,0.0,0.06115611203239288,0.0,0.06115611203239288,0.06115611203239288,False,0.5,0.0,-0.002457480191629391,-0.00015028993391667336,0.0,5.235968495924047e-08,-0.0001503422936016326,1.0712264350368061,1.071065384397596,-0.14377956045169338,0.9997281045290768,0.0003057805601619644,0.9994223239689148,False,False,False,1.0
2024-05-25,2024-05-26 00:00:00,0.12230001626845947,0.0,0.0,0.06115000813422974,0.0,0.0,0.06115000813422974,0.0,0.06115000813422974,0.06115000813422974,False,0.5,0.0,-0.0017648862288219824,-0.00010792280724845427,0.0,5.2354459019032305e-08,-0.0001079751617074733,1.0720792659869918,1.0719635080548835,-0.14306159136800012,0.9998377373838911,0.0003057500406711487,0.99953198734322,False,False,False,1.0
2024-05-26,2024-05-27 00:00:00,0.12125652392185281,0.0,0.0,0.060628261960926404,0.0,0.0,0.060628261960926404,0.0,0.060628261960926404,0.060628261960926404,False,0.5,0.0,-0.005725388869864845,-0.0003471203762303382,0.0,5.190775852819041e-08,-0.00034717228398886636,1.0738640637547285,1.0734912479150214,-0.14184030075995901,0.9995318782056708,0.000303141309804632,0.9992287368958662,False,False,False,1.0
2024-05-27,2024-05-28 00:00:00,0.12130162570553552,0.0,0.0,0.06065081285276776,0.0,0.0,0.06065081285276776,0.0,0.06065081285276776,0.06065081285276776,False,0.5,0.0,-0.0007938788162888955,-4.8149395514514595e-05,0.0,5.192706579860253e-08,-4.82013225803132e-05,1.0757682911761992,1.0757164377217745,-0.1400614616506285,0.9998492328222126,0.0003032540642638388,0.9995459787579488,False,False,False,1.0
2024-05-28,2024-05-29 00:00:00,0.12141026059933388,0.0,0.0,0.06070513029966694,0.0,0.0,0.06070513029966694,0.0,0.06070513029966694,0.06070513029966694,False,0.5,0.0,0.0032244486478623102,0.0001957405753130664,0.0,5.197357046204361e-08,0.00019568860174260438,1.073796165521191,1.0740062951913785,-0.14142856678762206,0.9999949007271467,0.0003035256514983347,0.9996913750756483,False,False,False,1.0
2024-05-29,2024-05-30 00:00:00,0.12065168128453067,0.0,0.0,0.06032584064226534,0.0,0.0,0.06032584064226534,0.0,0.06032584064226534,0.06032584064226534,False,0.5,0.0,-0.001958364844962701,-0.00011814000555663457,0.0,5.164883616632306e-08,-0.00011819165439280089,1.0724538885511286,1.0723271334517808,-0.1427709055688905,0.9997926430568604,0.0003016292032113267,0.9994910138536491,False,False,False,1.0
2024-05-30,2024-05-31 00:00:00,0.12197549143086611,0.0,0.0,0.060987745715433056,0.0,0.0,0.060987745715433056,0.0,0.060987745715433056,0.060987745715433056,False,0.5,0.0,-3.177284533772973e-05,-1.9377542121132435e-06,0.0,5.221553571526802e-08,-1.9899697478285114e-06,1.0726116927893743,1.0726095583245545,-0.14254513228536514,0.9999900975338861,0.0003049387285771653,0.999685158805309,False,False,False,1.0
2024-05-31,2024-06-01 00:00:00,0.12343464814094157,0.0,0.0,0.061717324070470786,0.0,0.0,0.061717324070470786,0.0,0.061717324070470786,0.061717324070470786,False,0.5,0.0,-0.004825013550423529,-0.00029778692493590177,0.0,5.2840174717868825e-08,-0.00029783976511061966,1.072394990191464,1.0720755883194795,-0.14297199327733734,0.9996703481955516,0.0003085866203523539,0.9993617615751992,False,False,False,1.0
2024-06-01,2024-06-02 00:00:00,0.12901847268264396,0.0,0.0,0.06450923634132198,0.0,0.0,0.06450923634132198,0.0,0.06450923634132198,0.06450923634132198,False,0.5,0.0,-0.0029213211825970253,-0.00018845219859706173,0.0,5.523051056620033e-08,-0.00018850742910762793,1.0732691562705967,1.0730668370612078,-0.14217957906462175,0.9997989629548131,0.00032254618170660993,0.9994764167731065,False,False,False,1.0
2024-06-02,2024-06-03 00:00:00,0.13138024311769844,0.0,0.0,0.06569012155884922,0.0,0.0,0.06569012155884922,0.0,0.06569012155884922,0.06569012155884922,False,0.5,0.0,0.0009878065163619887,6.488913013644242e-05,0.0,5.624154243052159e-08,6.48328885940119e-05,1.0730192641088625,1.0730888310472717,-0.14216199685097786,0.999987312007791,0.0003284506077942461,0.9996588613999967,False,False,False,1.0
2024-06-03,2024-06-04 00:00:00,0.1323727827644555,0.0,-0.1838157389191067,0.06618639138222775,0.0,-0.09190786945955336,0.06618639138222775,0.09190786945955336,0.1580942608417811,-0.02572147807732561,True,0.5,0.0,0.002505875207942765,-6.445481422561358e-05,0.0,1.3535467537823724e-07,-6.459016890099183e-05,1.0726642719903114,1.0725949884238095,-0.14255677961054414,0.9996665305146296,0.0007904713042089055,0.9988760592104207,False,False,False,1.0
2024-06-04,2024-06-05 00:00:00,0.1328994438872026,0.0,-0.1838157389191067,0.0664497219436013,0.0,-0.09190786945955336,0.0664497219436013,0.09190786945955336,0.15835759140315464,-0.02545814751595206,True,0.5,0.0,0.0021276875534224082,-5.416698360288279e-05,0.0,1.3558012962598855e-07,-5.430256373250878e-05,1.0725383678863143,1.0724801263032366,-0.14264860154485093,0.9995494453856084,0.0007917879570157732,0.9987576574285927,False,False,False,1.0
2024-06-05,2024-06-06 00:00:00,0.13294942042353533,0.0,-0.1838157389191067,0.06647471021176767,0.0,-0.09190786945955336,0.06647471021176767,0.09190786945955336,0.15838257967132102,-0.02543315924778569,True,0.5,0.0,-1.0486247286722872e-05,2.666983971548834e-07,0.0,1.356015236911995e-07,1.310968734636839e-07,1.0724318526185124,1.0724319932109752,-0.14268707962285931,0.9998369975098015,0.0007919128983566051,0.9990450846114449,False,False,False,1.0
2024-06-06,2024-06-07 00:00:00,0.1329644493631117,0.0,0.0,0.06648222468155585,0.0,0.0,0.06648222468155585,0.0,0.06648222468155585,0.06648222468155585,False,0.5,0.0,-0.00013262564980065505,-8.817248248584492e-06,0.0,5.6919712912290957e-08,-8.874167961496784e-06,1.0722503419103941,1.0722408265807633,-0.1428399001495343,0.9999064110939638,0.00033241112340777923,0.9995739999705561,False,False,False,1.0
2024-06-07,2024-06-08 00:00:00,0.13413376363484944,0.0,0.0,0.06706688181742472,0.0,0.0,0.06706688181742472,0.0,0.06706688181742472,0.06706688181742472,False,0.5,0.0,0.001428127256151157,9.57800419085327e-05,0.0,5.7420275528617055e-08,9.572262163300408e-05,1.0713103721067136,1.0714129207441143,-0.14350173640125752,0.9999365015556559,0.0003353344090871236,0.9996011671465688,False,False,False,1.0
2024-06-08,2024-06-09 00:00:00,0.13439779095670265,0.0,0.0,0.06719889547835133,0.0,0.0,0.06719889547835133,0.0,0.06719889547835133,0.06719889547835133,False,0.5,0.0,-0.0012431848282699054,-8.354064733518151e-05,0.0,5.7533300923245993e-08,-8.359818063610476e-05,1.0693692569249456,1.0692798596006385,-0.14520692693066428,0.9998992932772082,0.00033599447739175666,0.9995632987998164,False,False,False,1.0
2024-06-09,2024-06-10 00:00:00,-0.1350716081178727,0.0,0.0,-0.06753580405893635,0.0,0.0,0.0,0.06753580405893635,0.06753580405893635,-0.06753580405893635,False,0.5,0.0,1.6257783413742288e-05,-1.0979824750631245e-06,0.0,5.78217500504592e-08,-1.1558042251135837e-06,1.0690786837740098,1.0690774481283503,-0.14536873669717987,0.999930037294004,0.00033767902029468175,0.9995923582737093,False,False,False,-1.0
2024-06-10,2024-06-11 00:00:00,-0.13309580876859778,0.0,0.0,-0.06654790438429889,0.0,0.0,0.0,0.06654790438429889,0.06654790438429889,-0.06654790438429889,False,0.5,0.0,0.001739944581547359,-0.0001157896656467926,0.0,5.697594553450248e-08,-0.00011584664159232709,1.0689697651399228,1.0688459285826675,-0.1455538157502949,0.9996563556491648,0.00033273952192149444,0.9993236161272433,False,False,False,-1.0
2024-06-11,2024-06-12 00:00:00,-0.13503924871439757,0.0,0.0,-0.06751962435719878,0.0,0.0,0.0,0.06751962435719878,0.06751962435719878,-0.06751962435719878,False,0.5,0.0,0.0008275309380425533,-5.587457808059354e-05,0.0,5.780789756609485e-08,-5.593238597815964e-05,1.0740188532577002,1.073958780820652,-0.14146655025341304,0.9994702119816681,0.00033759812178599393,0.9991326138598821,False,False,False,-1.0
2024-06-12,2024-06-13 00:00:00,-0.13504408904790557,0.0,0.0,-0.06752204452395279,0.0,0.0,0.0,0.06752204452395279,0.06752204452395279,-0.06752204452395279,False,0.5,0.0,0.001899424634928426,-0.00012825303476952994,0.0,5.78099696266719e-08,-0.0001283108447391566,1.0705274133236595,1.0703900530469395,-0.14431942712493573,0.999842710699883,0.00033761022261976395,0.9995051004772632,False,False,False,-1.0
2024-06-13,2024-06-14 00:00:00,-0.12677107182860003,0.0,0.0,-0.06338553591430002,0.0,0.0,0.0,0.06338553591430002,0.06338553591430002,-0.06338553591430002,False,0.5,0.0,-0.0013284256995262922,8.420297488680292e-05,0.0,5.426843828279111e-08,8.414870644852013e-05,1.0736310225516985,1.0737213672134491,-0.14165634107858138,0.9999173974002862,0.0003169276795715001,0.9996004697207147,False,False,False,-1.0
2024-06-14,2024-06-15 00:00:00,-0.12459086658006732,0.0,0.0,-0.06229543329003366,0.0,0.0,0.0,0.06229543329003366,0.06229543329003366,-0.06229543329003366,False,0.5,0.0,-0.0031244420639171544,0.0001946384721613262,0.0,5.333513124146717e-08,0.00019458513703008473,1.0731259914788551,1.0733348058469576,-0.14196536212244226,0.9999572517742011,0.0003114771664501683,0.999645774607751,False,False,False,-1.0
2024-06-15,2024-06-16 00:00:00,-0.1219098921254639,0.0,0.0,-0.06095494606273195,0.0,0.0,0.0,0.06095494606273195,0.06095494606273195,-0.06095494606273195,False,0.5,0.0,-0.0009862706640515473,6.011807513051689e-05,0.0,5.2187453820832145e-08,6.006588767669606e-05,1.0713133598440676,1.0713777092320065,-0.1435298848381441,0.9999610076957003,0.00030477473031365976,0.9996562329653866,False,False,False,-1.0
2024-06-16,2024-06-17 00:00:00,-0.12240618657582547,0.0,0.0,-0.061203093287912735,0.0,0.0,0.0,0.061203093287912735,0.061203093287912735,-0.061203093287912735,False,0.5,0.0,-0.0001392059691519565,8.519835916241495e-06,0.0,5.2399908636911585e-08,8.467436007604584e-06,1.0708819230935862,1.0708909907177417,-0.14391897251317376,0.9999437166830442,0.0003060154664395637,0.9996377012166046,False,False,False,-1.0
2024-06-17,2024-06-18 00:00:00,-0.12193384873496649,0.0,0.0,-0.060966924367483244,0.0,0.0,0.0,0.060966924367483244,0.060966924367483244,-0.060966924367483244,False,0.5,0.0,-0.005548067134171553,0.00033824858935475654,0.0,5.2197709218735656e-08,0.0003381963916455378,1.0722332137313644,1.0725958391352508,-0.14255609954326276,0.9999746355039587,0.0003048346218374162,0.9996698008821213,False,False,False,-1.0
2024-06-18,2024-06-19 00:00:00,-0.12424425382123994,0.0,0.0,-0.06212212691061997,0.0,0.0,0.0,0.06212212691061997,0.06212212691061997,-0.06212212691061997,False,0.5,0.0,0.0005142349586275685,-3.194536936173922e-05,0.0,5.318675249196915e-08,-3.199855611423119e-05,1.0739824633883328,1.0739480975002125,-0.1414750906072102,0.9998707132735569,0.00031061063455309985,0.9995601026390039,False,False,False,-1.0
2024-06-19,2024-06-20 00:00:00,-0.12316490483657253,0.0,0.0,-0.06158245241828626,0.0,0.0,0.0,0.06158245241828626,0.06158245241828626,-0.06158245241828626,False,0.5,0.0,0.001953152723483953,-0.00012027993465959675,0.0,5.272470241291632e-08,-0.00012033265936200967,1.0720517663987015,1.071922763558677,-0.14309416292801813,0.999871450542776,0.0003079122620914313,0.9995635382806846,False,False,False,-1.0
2024-06-20,2024-06-21 00:00:00,-0.12270553362273603,0.0,0.0,-0.06135276681136802,0.0,0.0,0.0,0.06135276681136802,0.06135276681136802,-0.06135276681136802,False,0.5,0.0,-0.006707873252921881,0.0004115465834867288,0.0,5.2528053776856174e-08,0.00041149405543295194,1.0718814032605697,1.0723224760861405,-0.14277462871382052,0.9999858700761428,0.0003067638340568401,0.999679106242086,False,False,False,-1.0
2024-06-21,2024-06-22 00:00:00,-0.12201435816686229,0.0,0.0,-0.061007179083431146,0.0,0.0,0.0,0.061007179083431146,0.061007179083431146,-0.061007179083431146,False,0.5,0.0,0.0038050459967984285,-0.0002321351225473745,0.0,5.2232173872800635e-08,-0.0002321873547212473,1.0728002593401584,1.0725511686857978,-0.14259180954978767,0.9997481758373291,0.00030503589541715573,0.9994431399419119,False,False,False,-1.0
2024-06-22,2024-06-23 00:00:00,-0.20951362266731657,0.0,0.0,-0.10475681133365829,0.0,0.0,0.0,0.10475681133365829,0.10475681133365829,-0.10475681133365829,False,0.5,0.0,0.0008223120674295537,-8.614279010510824e-05,0.0,8.968905079936496e-08,-8.62324791559076e-05,1.0720744130177335,1.0719819653832594,-0.14304683639407867,0.999913767520844,0.0005237840566682915,0.9993899834641757,False,False,False,-1.0
2024-06-23,2024-06-24 00:00:00,-0.2095224520636387,0.0,0.0,-0.10476122603181935,0.0,0.0,0.0,0.10476122603181935,0.10476122603181935,-0.10476122603181935,False,0.5,0.0,-0.0013619202500877448,0.00014267643515675416,0.0,8.969283050669465e-08,0.00014258674232624748,1.072766780792683,1.072919743113232,-0.1422971674458965,0.9999809469835095,0.0005238061301590967,0.9994571408533504,False,False,False,-1.0
2024-06-24,2024-06-25 00:00:00,-0.21083488191314986,0.0,0.0,-0.10541744095657493,0.0,0.0,0.0,0.10541744095657493,0.10541744095657493,-0.10541744095657493,False,0.5,0.0,-0.00336533642733694,0.0003547651541278027,0.0,9.025465835323196e-08,0.00035467489946944947,1.0789741843932075,1.079356869453587,-0.13715126391390364,0.9999163414193243,0.0005270872047828747,0.9993892542145414,False,False,False,-1.0
2024-06-25,2024-06-26 00:00:00,-0.21575816278087026,0.0,0.0,-0.10787908139043513,0.0,0.0,0.0,0.10787908139043513,0.10787908139043513,-0.10787908139043513,False,0.5,0.0,0.0005443323588028015,-5.8722074838734966e-05,0.0,9.236222721783829e-08,-5.88144370659528e-05,1.0745896884370256,1.0745264870494233,-0.14101272018494693,0.9997713335400135,0.0005393954069521756,0.9992319381330613,False,False,False,-1.0
2024-06-26,2024-06-27 00:00:00,-0.20109273022761823,0.0,0.0,-0.10054636511380911,0.0,0.0,0.0,0.10054636511380911,0.10054636511380911,-0.10054636511380911,False,0.5,0.0,0.0019759429688617214,-0.0001986738831912346,0.0,8.608421670702835e-08,-0.00019875996740794164,1.076540050991956,1.0763260779265076,-0.13957410914006585,0.9997170358679212,0.0005027318255690456,0.9992143040423521,False,False,False,-1.0
2024-06-27,2024-06-28 00:00:00,-0.195005640658868,0.0,0.0,-0.097502820329434,0.0,0.0,0.0,0.097502820329434,0.097502820329434,-0.097502820329434,False,0.5,0.0,0.0010206271057682237,-9.951402131706935e-05,0.0,8.347844206287157e-08,-9.959749975913222e-05,1.0736112302902914,1.073504301296041,-0.1418298657558995,0.9998121968904371,0.00048751410164717,0.9993246827887899,False,False,False,-1.0
2024-06-28,2024-06-29 00:00:00,-0.2013323217328122,0.0,0.0,-0.1006661608664061,0.0,0.0,0.0,0.1006661608664061,0.1006661608664061,-0.1006661608664061,False,0.5,0.0,0.0007974458279218499,-8.027580999582535e-05,0.0,8.618678156370386e-08,-8.036199677738905e-05,1.0747787674551779,1.0746923960873311,-0.14088009083156505,0.9997180630832698,0.0005033308043320305,0.9992147322789378,False,False,False,-1.0
2024-06-29,2024-06-30 00:00:00,-0.19893477122965716,0.0,0.0,-0.09946738561482858,0.0,0.0,0.0,0.09946738561482858,0.09946738561482858,-0.09946738561482858,False,0.5,0.0,0.0010026097341611084,-9.972696904898374e-05,0.0,8.516043288940803e-08,-9.981212948187315e-05,1.0753799567813436,1.0752726208178551,-0.14041625334690433,0.9998638168582767,0.000497336928074143,0.9993664799302026,False,False,False,-1.0
2024-06-30,2024-07-01 00:00:00,-0.20116317176628573,0.0,0.0,-0.10058158588314287,0.0,0.0,0.0,0.10058158588314287,0.10058158588314287,-0.10058158588314287,False,0.5,0.0,0.000111779829035763,-1.1242992474163623e-05,0.0,8.611437147529354e-08,-1.1329106845638917e-05,1.075094263979392,1.0750820841216062,-0.14056857029803438,0.9999274261709925,0.0005029079294157143,0.9994245182415767,False,False,False,-1.0
2024-07-01,2024-07-02 00:00:00,-0.20142121880808092,0.0,0.0,-0.10071060940404046,0.0,0.0,0.0,0.10071060940404046,0.10071060940404046,-0.10071060940404046,False,0.5,0.0,0.0018888219230226433,-0.000190224406923322,0.0,8.62248368185278e-08,-0.00019031063176014055,1.0729044568248276,1.072700271699831,-0.14247261510090226,0.9997841325013556,0.0005035530470202023,0.9992805794543353,False,False,False,-1.0
2024-07-02,2024-07-03 00:00:00,-0.20141722686438446,0.0,0.0,-0.10070861343219223,0.0,0.0,0.0,0.10070861343219223,0.10070861343219223,-0.10070861343219223,False,0.5,0.0,-0.00019314001773373946,1.9450863384233917e-05,0.0,8.622312793852074e-08,1.9364640256295396e-05,1.0744662258606767,1.074487032512608,-0.1410442605384552,0.9998882186674383,0.0005035430671609611,0.9993846756002773,False,False,False,-1.0
2024-07-03,2024-07-04 00:00:00,-0.1998633548043785,0.0,0.0,-0.09993167740218925,0.0,0.0,0.0,0.09993167740218925,0.09993167740218925,-0.09993167740218925,False,0.5,0.0,-0.000592802291362382,5.923972734370416e-05,0.0,8.555794298132641e-08,5.915416940072283e-05,1.0779800563660542,1.0780438233809193,-0.1382009261491547,0.999987220214769,0.0004996583870109462,0.9994875618277581,False,False,False,-1.0
2024-07-04,2024-07-05 00:00:00,-0.19904483586282745,0.0,0.0,-0.09952241793141373,0.0,0.0,0.0,0.09952241793141373,0.09952241793141373,-0.09952241793141373,False,0.5,0.0,0.0027925731612630234,-0.00027792363325926785,0.0,8.520754959881311e-08,-0.00027800884080886665,1.0837996203700815,1.0834983144939534,-0.13384055109983772,0.9993734736511223,0.0004976120896570686,0.9988758615614652,False,False,False,-1.0
2024-07-05,2024-07-06 00:00:00,-0.19510866345990555,0.0,0.0,-0.09755433172995277,0.0,0.0,0.0,0.09755433172995277,0.09755433172995277,-0.09755433172995277,False,0.5,0.0,-0.0016118106005745814,0.0001572391060143071,0.0,8.352254428934312e-08,0.00015715558347001777,1.0881710430946223,1.088342055249815,-0.1299684160281077,0.9999921033541754,0.00048777165864976387,0.9995043316955257,False,False,False,-1.0
2024-07-06,2024-07-07 00:00:00,-0.1865227574010049,0.0,0.0,-0.09326137870050245,0.0,0.0,0.0,0.09326137870050245,0.09326137870050245,-0.09326137870050245,False,0.5,0.0,-0.0031589266911151714,0.00029460585842721714,0.0,7.98470708052247e-08,0.00029452601135641194,1.087032200990496,1.0873523602488697,-0.13075958816481603,0.9999540515292032,0.00046630689350251226,0.9994877446357008,False,False,False,-1.0
2024-07-07,2024-07-08 00:00:00,-0.18059331400906783,0.0,0.0,-0.09029665700453392,0.0,0.0,0.0,0.09029665700453392,0.09029665700453392,-0.09029665700453392,False,0.5,0.0,-0.00015479303162158065,1.397729328302584e-05,0.0,7.730878168196397e-08,1.3899984501343877e-05,1.088896403259458,1.088911538902587,-0.12951316506902066,0.9999443173722881,0.0004514832850226696,0.9994928340872654,False,False,False,-1.0
2024-07-08,2024-07-09 00:00:00,-0.18042299672602058,0.0,0.0,-0.09021149836301029,0.0,0.0,0.0,0.09021149836301029,0.09021149836301029,-0.09021149836301029,False,0.5,0.0,-0.0029517445179488844,0.0002662812957489704,0.0,7.723587188613895e-08,0.0002662040598770843,1.0885171247913503,1.0888068924692156,-0.12959682048024357,0.9995903524434766,0.00045105749181505145,0.9991392949516615,False,False,False,-1.0
2024-07-09,2024-07-10 00:00:00,-0.18022997132500826,0.0,0.0,-0.09011498566250413,0.0,0.0,0.0,0.09011498566250413,0.09011498566250413,-0.09011498566250413,False,0.5,0.0,0.00480512546716505,-0.0004330138125801119,0.0,7.715324114940421e-08,-0.0004330909658212613,1.0859993077613264,1.085528971272247,-0.13221722364979593,0.9995125978266023,0.00045057492831252063,0.9990620228982897,False,False,False,-1.0
2024-07-10,2024-07-11 00:00:00,-0.18187616689954,0.0,0.0,-0.09093808344977,0.0,0.0,0.0,0.09093808344977,0.09093808344977,-0.09093808344977,False,0.5,0.0,-0.000380923114350451,3.4640417960747596e-05,0.0,7.785794815904966e-08,3.456256001258855e-05,1.0836890440456974,1.0837264991133173,-0.13365813802035997,0.9998249734765525,0.00045469041724885,0.9993702830593036,False,False,False,-1.0
2024-07-11,2024-07-12 00:00:00,-0.17666784522152718,0.0,0.0,-0.08833392261076359,0.0,0.0,0.0,0.08833392261076359,0.08833392261076359,-0.08833392261076359,False,0.5,0.0,-0.0033205496963886194,0.00029331717990598683,0.0,7.562835839962635e-08,0.0002932415515475872,1.0834632535369269,1.0837809699824388,-0.13361459345979332,0.9999623775141561,0.00044166961305381795,0.9995207079011023,False,False,False,-1.0
2024-07-12,2024-07-13 00:00:00,-0.17507119799290197,0.0,0.0,-0.08753559899645098,0.0,0.0,0.0,0.08753559899645098,0.08753559899645098,-0.08753559899645098,False,0.5,0.0,0.0015385599590569399,-0.00013467876760800434,0.0,7.49448621544957e-08,-0.00013475371247015884,1.083501622565622,1.0833556166995137,-0.13395462515176537,0.9996812879708594,0.00043767799498225493,0.9992436099758771,False,False,False,-1.0
2024-07-13,2024-07-14 00:00:00,-0.19176235399159045,0.0,0.0,-0.09588117699579522,0.0,0.0,0.0,0.09588117699579522,0.09588117699579522,-0.09588117699579522,False,0.5,0.0,-0.00014894770034246108,1.4281280819652179e-05,0.0,8.209004879776989e-08,1.419919077085441e-05,1.0824881359299336,1.082503506385483,-0.13463581070612196,0.9999683167779247,0.00047940588497897614,0.9994889108929458,False,False,False,-1.0
2024-07-14,2024-07-15 00:00:00,-0.20453190264839563,0.0,0.0,-0.10226595132419782,0.0,0.0,0.0,0.10226595132419782,0.10226595132419782,-0.10226595132419782,False,0.5,0.0,0.0019437841300544711,-0.00019878293322889875,0.0,8.75564651748269e-08,-0.00019887048969407357,1.0814452854443948,1.0812302178909012,-0.13565369033362562,0.9997593818829719,0.0005113297566209891,0.9992480521263509,False,False,False,-1.0
2024-07-15,2024-07-16 00:00:00,-0.21558113920896083,0.0,0.0,-0.10779056960448041,0.0,0.0,0.0,0.10779056960448041,0.10779056960448041,-0.10779056960448041,False,0.5,0.0,0.0005971479500892496,-6.436691767826805e-05,0.0,9.228644657917843e-08,-6.445920412484723e-05,1.0749764656605159,1.0749071735330864,-0.1407083955815005,0.9998135318623657,0.0005389528480224021,0.9992745790143432,False,False,False,-1.0
2024-07-16,2024-07-17 00:00:00,0.21479177665599886,0.0,0.0,0.10739588832799943,0.0,0.0,0.10739588832799943,0.0,0.10739588832799943,0.10739588832799943,False,0.5,0.0,0.005113293116854267,0.0005491466565660091,0.0,9.194853452739677e-08,0.0005490547080314816,1.0777151864132568,1.078306911010274,-0.13799061125248524,0.9998906374900685,0.0005369794416399972,0.9993536580484285,False,False,False,1.0
2024-07-17,2024-07-18 00:00:00,0.20281151872400893,0.0,-0.2147891396000657,0.10140575936200447,0.0,-0.10739456980003285,0.10140575936200447,0.10739456980003285,0.20880032916203733,-0.0059888104380283885,True,0.5,0.0,-0.005344328703703605,3.2006171524994876e-05,0.0,1.78767405104484e-07,3.182740411989039e-05,1.078182760031513,1.0782170757899319,-0.13806242643106237,0.9992997224425552,0.0010440016458101867,0.998255720796745,False,False,True,1.0
2024-07-18,2024-07-19 00:00:00,0.19772601160951694,0.0,0.0,0.09886300580475847,0.0,0.0,0.09886300580475847,0.0,0.09886300580475847,0.09886300580475847,False,0.5,0.0,-0.00467487314414583,-0.0004621720107861987,0.0,8.464298442188225e-08,-0.00046225665377062057,1.0789395374252901,1.078440790445099,-0.13788358668591616,0.9993853310939287,0.0004943150290237923,0.9988910160649049,False,False,False,1.0
2024-07-19,2024-07-20 00:00:00,0.20036504163856309,0.0,0.0,0.10018252081928154,0.0,0.0,0.10018252081928154,0.0,0.10018252081928154,0.10018252081928154,False,0.5,0.0,0.00037819407996342314,3.788843628966467e-05,0.0,8.577270618089174e-08,3.780266358348378e-05,1.0808013496519242,1.0808422068217456,-0.13596387028437518,0.9999183528606245,0.0005009126040964077,0.999417440256528,False,False,False,1.0
2024-07-20,2024-07-21 00:00:00,0.2015833923925211,0.0,0.0,0.10079169619626055,0.0,0.0,0.10079169619626055,0.0,0.10079169619626055,0.10079169619626055,False,0.5,0.0,0.0013433330665721943,0.00013539681833633566,0.0,8.629426044200389e-08,0.00013531052407589366,1.08189704454931,1.0820434366054041,-0.13500359511504822,0.9999780197521363,0.0005039584809813027,0.999474061271155,False,False,False,1.0
2024-07-21,2024-07-22 00:00:00,0.20385414715392222,0.0,0.0,0.10192707357696111,0.0,0.0,0.10192707357696111,0.0,0.10192707357696111,0.10192707357696111,False,0.5,0.0,-0.0014522525607008063,-0.00014802385360688128,0.0,8.726633011726123e-08,-0.00014811111993699854,1.0820902286085488,1.0819299590129168,-0.1350943102436798,0.9997125894186136,0.0005096353678848056,0.9992029540507288,False,False,False,1.0
2024-07-22,2024-07-23 00:00:00,0.2033928551768803,0.0,0.0,0.10169642758844015,0.0,0.0,0.10169642758844015,0.0,0.10169642758844015,0.10169642758844015,False,0.5,0.0,-0.0005695468777555668,-5.792088281189117e-05,0.0,8.706885923667821e-08,-5.800795167112785e-05,1.0806678283319255,1.0806051410047672,-0.13615338308254044,0.9998925975898904,0.0005084821379422007,0.9993841154519482,False,False,False,1.0
2024-07-23,2024-07-24 00:00:00,0.2034686497378421,0.0,0.0,0.10173432486892105,0.0,0.0,0.10173432486892105,0.0,0.10173432486892105,0.10173432486892105,False,0.5,0.0,0.001202874144582422,0.00012237358900137364,0.0,8.71013055384598e-08,0.00012228648769583517,1.0804227184074748,1.0805548395069355,-0.1361935946057684,0.9996882288418886,0.0005086716243446052,0.9991795572175439,False,False,False,1.0
2024-07-24,2024-07-25 00:00:00,0.20279176150571673,0.0,0.0,0.10139588075285837,0.0,0.0,0.10139588075285837,0.0,0.10139588075285837,0.10139588075285837,False,0.5,0.0,0.0002518294236326657,2.5534466208718823e-05,0.0,8.681154174046093e-08,2.5447654666978362e-05,1.0793290614046447,1.0793565277978714,-0.13715153703691874,0.9998787729301657,0.0005069794037642918,0.9993717935264014,False,False,False,1.0
2024-07-25,2024-07-26 00:00:00,0.2031276850067861,0.0,0.0,0.10156384250339305,0.0,0.0,0.10156384250339305,0.0,0.10156384250339305,0.10156384250339305,False,0.5,0.0,0.0026390865633156846,0.00026803577206941504,0.0,8.69553446090694e-08,0.00026794881672480595,1.070036769188916,1.0703234842750722,-0.14437264287062102,0.9999830595257345,0.0005078192125169652,0.9994752403132176,False,False,False,1.0
2024-07-26,2024-07-27 00:00:00,-0.22195947037296476,0.0,0.0,-0.11097973518648238,0.0,0.0,0.0,0.11097973518648238,0.11097973518648238,-0.11097973518648238,False,0.5,0.0,0.002148796458487867,-0.00023847286193263468,0.0,9.501689656376916e-08,-0.00023856787882919845,1.066555095548175,1.0663006497613756,-0.14758853723685028,0.9997125759331245,0.0005548986759324119,0.9991576772571921,False,False,False,-1.0
2024-07-27,2024-07-28 00:00:00,-0.19416911677465482,0.0,0.0,-0.09708455838732741,0.0,0.0,0.0,0.09708455838732741,0.09708455838732741,-0.09708455838732741,False,0.5,0.0,-0.0007855316039458993,7.626298886837661e-05,0.0,8.312034108504058e-08,7.617986852729157e-05,1.0653572638292408,1.065438422605534,-0.1482778102962914,0.9999603074203243,0.00048542279193663704,0.9994748846283876,False,False,False,-1.0
2024-07-28,2024-07-29 00:00:00,-0.18912469723836228,0.0,0.0,-0.09456234861918114,0.0,0.0,0.0,0.09456234861918114,0.09456234861918114,-0.09456234861918114,False,0.5,0.0,-0.0002905189892385973,2.7472157940872373e-05,0.0,8.096091491368249e-08,2.739119702595869e-05,1.0657669655007471,1.0657961581336828,-0.14799183291749118,0.9999148999397734,0.00047281174309590573,0.9994420881966776,False,False,False,-1.0
2024-07-29,2024-07-30 00:00:00,-0.192024764933759,0.0,0.0,-0.04800619123343975,0.0,0.0,0.0,0.04800619123343975,0.04800619123343975,-0.04800619123343975,False,0.25,0.04800619123343975,-0.0011021662851862235,5.291080545769974e-05,2.4003095616719875e-05,4.110119112452033e-08,2.8866608649855343e-05,1.0632705313703972,1.063301224384715,-0.14998630804693114,0.9999746511531946,0.00024003095616719877,0.9997346201970274,False,False,False,-1.0
2024-07-30,2024-07-31 00:00:00,-0.1924101523687883,0.0,0.0,-0.04810253809219708,0.0,0.0,0.0,0.04810253809219708,0.04810253809219708,-0.04810253809219708,False,0.25,0.0,0.0010216536322951164,-4.9144132764507344e-05,0.0,4.1183679873456405e-08,-4.91853164443808e-05,1.0626543690536174,1.0626021020622045,-0.15054519346232964,0.9998861589808624,0.0002405126904609854,0.9996456462904014,False,False,False,-1.0
2024-07-31,2024-08-01 00:00:00,-0.19176744696068107,0.128866618329547,0.0,-0.04794186174017027,0.03221665458238675,0.0,0.03221665458238675,0.04794186174017027,0.08015851632255702,-0.01572520715778352,True,0.25,0.0,-0.0020665651511856398,3.249716510745041e-05,0.0,6.862886671451799e-08,3.242853624073589e-05,1.0624561070050456,1.0624905609014157,-0.15063436058798751,0.9998643187720667,0.00040079258161278514,0.999463526190454,False,False,False,-1.0
2024-08-01,2024-08-02 00:00:00,-0.1916889713915744,0.0,0.0,-0.0958444856957872,0.0,0.0,0.0,0.0958444856957872,0.0958444856957872,-0.0958444856957872,False,0.5,0.0,0.0004333409301742197,-4.153333858348212e-05,0.0,8.205863501351644e-08,-4.161539721849563e-05,1.0643428568831752,1.0642985638324094,-0.14918902486261465,0.9995639717134183,0.000479222428478936,0.9990847492849393,False,False,False,-1.0
2024-08-02,2024-08-03 00:00:00,-0.1938879074149834,0.0,0.0,-0.0969439537074917,0.0,0.0,0.0,0.0969439537074917,0.0969439537074917,-0.0969439537074917,False,0.5,0.0,0.0008695594890679725,-8.429853485411567e-05,0.0,8.299996036600316e-08,-8.438153481448167e-05,1.0658882840926516,1.065798342803299,-0.1479900864706296,0.9996563366079827,0.00048471976853745855,0.9991716168394452,False,False,False,-1.0
2024-08-03,2024-08-04 00:00:00,-0.18220358540823328,0.0,0.0,-0.09110179270411664,0.0,0.0,0.0,0.09110179270411664,0.09110179270411664,-0.09110179270411664,False,0.5,0.0,-0.008755057148728262,0.0007976014014761366,0.0,7.799811019188069e-08,0.0007975234033659448,1.0680077179061804,1.068859479056186,-0.14554298336549265,0.9999425339826223,0.00045550896352058323,0.9994870250191018,False,False,False,-1.0
2024-08-04,2024-08-05 00:00:00,-0.18377547428906624,0.0,0.0,-0.09188773714453312,0.0,0.0,0.0,0.09188773714453312,0.09188773714453312,-0.09188773714453312,False,0.5,0.0,-0.0062657258121195936,0.0005757433664437615,0.0,7.867100782922357e-08,0.0005756646954359323,1.0703114864962207,1.0709276270321162,-0.14388968507502664,0.999943412585791,0.0004594386857226656,0.9994839739000684,False,False,False,-1.0
2024-08-05,2024-08-06 00:00:00,-0.1898424419566115,0.0,0.0,-0.09492122097830576,0.0,0.0,0.0,0.09492122097830576,0.09492122097830576,-0.09492122097830576,False,0.5,0.0,0.006593812908261887,-0.0006258927721547315,0.0,8.126816864580972e-08,-0.0006259740403233773,1.0848156216718547,1.0841365552541509,-0.13333033501761293,0.9989037289607865,0.0004746061048915288,0.9984291228558949,False,False,False,-1.0
2024-08-06,2024-08-07 00:00:00,-0.19271385962577414,0.0,0.0,-0.09635692981288707,0.0,0.0,0.0,0.09635692981288707,0.09635692981288707,-0.09635692981288707,False,0.5,0.0,0.0053465937344605585,-0.0005151813572094378,0.0,8.249737141514303e-08,-0.0005152638545808529,1.0812046081154298,1.0806475024614617,-0.1361195189080472,0.9993808565711605,0.00048178464906443536,0.998899071922096,False,False,False,-1.0
2024-08-07,2024-08-08 00:00:00,-0.1412022779797484,0.0,0.0,-0.0706011389898742,0.0,0.0,0.0,0.0706011389898742,0.0706011389898742,-0.0706011389898742,False,0.5,0.0,0.0069122404257540015,-0.0004880120470300855,0.0,6.044618064201559e-08,-0.0004880724932107275,1.0844730182884441,1.0839437168385884,-0.13348449198630963,0.9992190024012653,0.00035300569494937104,0.9988659967063159,False,False,False,-1.0
2024-08-08,2024-08-09 00:00:00,-0.1390702309123713,0.0,0.0,-0.06953511545618565,0.0,0.0,0.0,0.06953511545618565,0.06953511545618565,-0.06953511545618565,False,0.5,0.0,0.007750099489088225,-0.0005389040627706751,0.0,5.953348926043292e-08,-0.0005389635962599356,1.081518035768147,1.0809351369181694,-0.13588958103073445,0.9993489510670331,0.0003476755772809283,0.9990012754897523,False,False,False,-1.0
2024-08-09,2024-08-10 00:00:00,-0.1365256169445239,0.0,0.0,-0.06826280847226195,0.0,0.0,0.0,0.06826280847226195,0.06826280847226195,-0.06826280847226195,False,0.5,0.0,-0.004823626433472672,0.000329274287369885,0.0,5.844418533584071e-08,0.00032921584318454914,1.0789324347715097,1.0792876364227622,-0.13720660949499308,0.9999117810208091,0.0003413140423613097,0.9995704669784479,False,False,False,-1.0
2024-08-10,2024-08-11 00:00:00,-0.1357683644979749,0.0,0.0,-0.06788418224898746,0.0,0.0,0.0,0.06788418224898746,0.06788418224898746,-0.06788418224898746,False,0.5,0.0,-0.005763236896953794,0.0003912326238569003,0.0,5.812001904879063e-08,0.00039117450383785153,1.0776488281679235,1.0780703769135935,-0.138179698988097,0.9999973457776329,0.0003394209112449373,0.9996579248663879,False,False,False,-1.0
2024-08-11,2024-08-12 00:00:00,-0.13557166613606764,0.0,0.0,-0.06778583306803382,0.0,0.0,0.0,0.06778583306803382,0.06778583306803382,-0.06778583306803382,False,0.5,0.0,-0.0022329522682595915,0.00015136252970513213,0.0,5.803581598290567e-08,0.00015130449388914922,1.0774723968192637,1.077635423234944,-0.13852740533295838,0.9999999419641841,0.0003389291653401691,0.9996610127988439,False,False,False,-1.0
2024-08-12,2024-08-13 00:00:00,-0.13485273023694797,0.06910793171778143,0.0,-0.06742636511847398,0.034553965858890714,0.0,0.034553965858890714,0.06742636511847398,0.1019803309773647,-0.03287239925958327,True,0.5,0.0,0.0036121963870572316,-0.0001187415618393695,0.0,8.731192720664786e-08,-0.00011882887376657615,1.0765014166428473,1.0763734971918995,-0.13953620170243575,0.9995318878678886,0.0005099016548868235,0.9990219862130018,False,False,False,-1.0
2024-08-13,2024-08-14 00:00:00,-0.13480535721553133,0.06910793171778143,0.0,-0.06740267860776566,0.034553965858890714,0.0,0.034553965858890714,0.06740267860776566,0.10195664446665638,-0.03284871274887495,True,0.5,0.0,0.0011551790527530859,-3.794614487740358e-05,0.0,8.729164765980854e-08,-3.8033436525063384e-05,1.0768736060015198,1.0768326487975803,-0.13916915129135687,0.9997928945550145,0.0005097832223332819,0.9992831113326812,False,False,False,-1.0
2024-08-14,2024-08-15 00:00:00,-0.13335479525739025,0.06910793171778143,0.0,-0.06667739762869512,0.034553965858890714,0.0,0.034553965858890714,0.06667739762869512,0.10123136348758584,-0.03212343176980441,True,0.5,0.0,0.0003890963237880296,-1.2499109209086493e-05,0.0,8.667068791745364e-08,-1.2585779897003947e-05,1.076519741538262,1.0765061926977402,-0.13943012358060292,0.9996538845803155,0.0005061568174379292,0.9991477277628775,False,False,False,-1.0
2024-08-15,2024-08-16 00:00:00,-0.1336731842860086,0.0,0.0,-0.0668365921430043,0.0,0.0,0.0,0.0668365921430043,0.0668365921430043,-0.0668365921430043,False,0.5,0.0,0.0004874006921089524,-3.257620126870407e-05,0.0,5.722310971147628e-08,-3.2633424378415544e-05,1.0759490628136104,1.075913950911234,-0.13990356762066614,0.999778424608263,0.0003341829607150215,0.9994442416475481,False,False,False,-1.0
2024-08-16,2024-08-17 00:00:00,-0.13906136804191788,0.0,0.0,-0.06953068402095894,0.0,0.0,0.0,0.06953068402095894,0.06953068402095894,-0.06953068402095894,False,0.5,0.0,-0.001737035381895069,0.00012077725827177178,0.0,5.952969522342375e-08,0.00012071772857654835,1.0785572834209896,1.0786874844063838,-0.13768637705236608,0.999958330408171,0.0003476534201047947,0.9996106769880662,False,False,False,-1.0
2024-08-17,2024-08-18 00:00:00,-0.14171135930252343,0.0,0.0,-0.07085567965126172,0.0,0.0,0.0,0.07085567965126172,0.07085567965126172,-0.07085567965126172,False,0.5,0.0,-0.0010002146054326477,7.087088566504882e-05,0.0,6.066410929046379e-08,7.081022155575835e-05,1.077471753603144,1.0775480496167367,-0.1385972526820337,0.999968441164484,0.0003542783982563086,0.9996141627662277,False,False,False,-1.0
2024-08-18,2024-08-19 00:00:00,-0.1403035489972686,0.0,0.0,-0.0701517744986343,0.0,0.0,0.0,0.0701517744986343,0.0701517744986343,-0.0701517744986343,False,0.5,0.0,0.0017167575023802062,-0.00012043358517581486,0.0,6.006145076937869e-08,-0.00012049364662658424,1.0757760753779593,1.0756464511956834,-0.14011740958341123,0.9998319114212406,0.0003507588724931715,0.9994811525487475,False,False,False,-1.0
2024-08-19,2024-08-20 00:00:00,-0.139391602943735,0.0,0.0,-0.0696958014718675,0.0,0.0,0.0,0.0696958014718675,0.0696958014718675,-0.0696958014718675,False,0.5,0.0,-0.0010475494686873477,7.300979980159367e-05,0.0,5.967106290399616e-08,7.295012873868967e-05,1.0780516364930592,1.0781302804987283,-0.13813181145971476,0.9998579618621642,0.00034847900735933754,0.9995094828548049,False,False,False,-1.0
2024-08-20,2024-08-21 00:00:00,-0.1390945842867866,0.0,0.0,-0.0695472921433933,0.0,0.0,0.0,0.0695472921433933,0.0695472921433933,-0.0695472921433933,False,0.5,0.0,-3.495145631071672e-05,2.430779142878463e-06,0.0,5.9543914506329865e-08,2.371235228372133e-06,1.078363633569923,1.0783661906237598,-0.13794322253331415,0.9999189144846563,0.0003477364607169665,0.9995711780239394,False,False,False,-1.0
2024-08-21,2024-08-22 00:00:00,-0.1388236434458312,0.0,0.0,-0.0694118217229156,0.0,0.0,0.0,0.0694118217229156,0.0694118217229156,-0.0694118217229156,False,0.5,0.0,-0.002327587859731084,0.00016156211356407668,0.0,5.942792955729076e-08,0.00016150268563451937,1.0756381765749825,1.0758118950292703,-0.13998515211904172,0.999942715111747,0.00034705910861457804,0.9995956560031325,False,False,False,-1.0
2024-08-22,2024-08-23 00:00:00,-0.1388914404614989,0.08309919825704766,0.0,-0.06944572023074945,0.04154959912852383,0.0,0.04154959912852383,0.06944572023074945,0.11099531935927329,-0.02789612110222562,True,0.5,0.0,0.001969634480552207,-5.494516199660362e-05,0.0,9.503023917746001e-08,-5.504019223578108e-05,1.0754694689892252,1.0754102749429084,-0.1403062112550063,0.9997753917327924,0.0005549765967963664,0.999220415135996,False,False,False,-1.0
2024-08-23,2024-08-24 00:00:00,-0.1382351718655093,0.08309919825704766,0.0,-0.06911758593275465,0.04154959912852383,0.0,0.04154959912852383,0.06911758593275465,0.11066718506127848,-0.027567986804230817,True,0.5,0.0,-0.0012379431443755307,3.4127600268532634e-05,0.0,9.474930227849185e-08,3.403285096625414e-05,1.0745557685115728,1.0745923387078975,-0.14096007770691987,0.9997690778578513,0.0005533359253063924,0.9992157419325449,False,False,False,-1.0
2024-08-24,2024-08-25 00:00:00,-0.13823913305412222,0.08309919825704766,0.0,-0.06911956652706111,0.04154959912852383,0.0,0.04154959912852383,0.06911956652706111,0.11066916565558493,-0.02756996739853728,True,0.5,0.0,-1.0863936438676447e-05,2.9951837343409083e-07,0.0,9.475099799279532e-08,2.0476737544129552e-07,1.0735827359305998,1.0735829557653191,-0.14176698858216308,0.9998586352502258,0.0005533458282779247,0.9993052894219479,False,False,False,-1.0
2024-08-25,2024-08-26 00:00:00,0.13622673332585647,0.0,0.0,0.06811336666292823,0.0,0.0,0.06811336666292823,0.0,0.06811336666292823,0.06811336666292823,False,0.5,0.0,-0.0001591717282070082,-1.0841722285735906e-05,0.0,5.831623858127417e-08,-1.090003852431718e-05,1.073417404302361,1.0734057040113014,-0.1419086854168723,0.999879204321943,0.0003405668333146412,0.9995386374886284,False,False,False,1.0
2024-08-26,2024-08-27 00:00:00,0.14356798549753716,0.0,0.0,0.07178399274876858,0.0,0.0,0.07178399274876858,0.0,0.07178399274876858,0.07178399274876858,False,0.5,0.0,-0.0019325265859919671,-0.00013872447443564987,0.0,6.145889790134296e-08,-0.00013878593333355123,1.0723785524511036,1.072229721392815,-0.1428487777484605,0.9998493685233086,0.0003589199637438429,0.9994904485595648,False,False,False,1.0
2024-08-27,2024-08-28 00:00:00,0.14652364980984492,0.0,0.0,0.07326182490492246,0.0,0.0,0.07326182490492246,0.0,0.07326182490492246,0.07326182490492246,False,0.5,0.0,-0.003550867431706628,-0.0002601430280422827,0.0,6.272416515832401e-08,-0.00026020575220744104,1.068302630176729,1.068024651687259,-0.14621035275972594,0.9996291131553393,0.0003663091245246123,0.9992628040308147,False,False,False,1.0
2024-08-28,2024-08-29 00:00:00,0.14672348554137765,0.0,0.0,0.07336174277068883,0.0,0.0,0.07336174277068883,0.0,0.07336174277068883,0.07336174277068883,False,0.5,0.0,0.0015447206663563584,0.0001133234001778022,0.0,6.280971127627467e-08,0.00011326059046652593,1.0640761310615579,1.0641966489524632,-0.1492704966425593,0.9997264892973922,0.0003668087138534441,0.9993596805835387,False,False,False,1.0
2024-08-29,2024-08-30 00:00:00,-0.1427019245956297,0.0,0.0,-0.03567548114890742,0.0,0.0,0.0,0.03567548114890742,0.03567548114890742,-0.03567548114890742,False,0.25,0.0,-0.0018405145691258173,6.566124281513756e-05,0.0,3.054407632611937e-08,6.563069873881145e-05,1.0617306370374398,1.0618003191610208,-0.15118614677673448,0.9999191024516144,0.0001783774057445371,0.9997407250458699,False,False,False,-1.0
2024-08-30,2024-08-31 00:00:00,-0.14242977466496426,0.0,0.0,-0.07121488733248213,0.0,0.0,0.0,0.07121488733248213,0.07121488733248213,-0.07121488733248213,False,0.5,0.0,0.0005597731488669044,-3.986418172830535e-05,0.0,6.097165011342649e-08,-3.992515337841877e-05,1.0636648253555785,1.063622358374283,-0.14972959030615907,0.999757262184836,0.00035607443666241066,0.9994011877481735,False,False,False,-1.0
2024-08-31,2024-09-01 00:00:00,-0.1399234366884361,0.0,0.0,-0.034980859172109025,0.0,0.0,0.0,0.034980859172109025,0.034980859172109025,-0.034980859172109025,False,0.25,0.0,-0.00048398870164068075,1.6930340612984546e-05,0.0,2.9949365729545394e-08,1.6900391247255e-05,1.062099865412474,1.0621178153157433,-0.15093233715772192,0.9999999700506342,0.00017490429586054513,0.9998250657547737,False,False,False,-1.0
2024-09-01,2024-09-02 00:00:00,-0.1371666225320204,0.0,0.0,-0.0342916556330051,0.0,0.0,0.0,0.0342916556330051,0.0342916556330051,-0.0342916556330051,False,0.25,0.0,0.003848036934680499,-0.0001319555574271482,0.0,2.9359294206339978e-08,-0.00013198491672135454,1.062808847289184,1.0626685725519838,-0.15049205628433393,0.999742303479673,0.00017145827816502548,0.999570845201508,False,False,False,-1.0
2024-09-02,2024-09-03 00:00:00,-0.13890135595565817,0.0,0.0,-0.03472533898891454,0.0,0.0,0.0,0.03472533898891454,0.03472533898891454,-0.03472533898891454,False,0.25,0.0,-0.0032041876511876843,0.0001112665023715862,0.0,2.9730598449413134e-08,0.00011123677177313679,1.0618055820312564,1.0619236938564522,-0.15108751980447832,0.9999761471197601,0.00017362669494457272,0.9998025204248155,False,False,False,-1.0
2024-09-03,2024-09-04 00:00:00,-0.13933910016121048,0.0,0.0,-0.03483477504030262,0.0,0.0,0.0,0.03483477504030262,0.03483477504030262,-0.03483477504030262,False,0.25,0.0,-0.0007032032543591304,2.4495927173209013e-05,0.0,2.982429369888923e-08,2.4466102879510123e-05,1.0629207437068973,1.0629467492351654,-0.15026967904629085,0.9999085377033504,0.0001741738752015131,0.999734363828149,False,False,False,-1.0
2024-09-04,2024-09-05 00:00:00,-0.13986397042860124,0.0,0.0,-0.03496599260715031,0.0,0.0,0.0,0.03496599260715031,0.03496599260715031,-0.03496599260715031,False,0.25,0.0,0.008957922419460917,-0.0003132226490942965,0.0,2.9936637506121845e-08,-0.0003132525857318026,1.062561661005688,1.0622288108178786,-0.15084360623707926,0.9996332984117622,0.00017482996303575156,0.9994584684487264,False,False,False,-1.0
2024-09-05,2024-09-06 00:00:00,-0.14101250128607343,0.0,0.0,-0.07050625064303671,0.0,0.0,0.0,0.07050625064303671,0.07050625064303671,-0.07050625064303671,False,0.5,0.0,0.0020412648234708897,-0.00014392192927245264,0.0,6.036494061903827e-08,-0.00014398229421307168,1.0633201482272585,1.0631670489528338,-0.15009356923652384,0.9996337283491881,0.0003525312532151836,0.9992811970959729,False,False,False,-1.0
2024-09-06,2024-09-07 00:00:00,-0.19537462921182447,0.0,0.0,-0.09768731460591223,0.0,0.0,0.0,0.09768731460591223,0.09768731460591223,-0.09768731460591223,False,0.5,0.0,-0.006179563177788228,0.0006036649322757094,0.0,8.363639949136322e-08,0.000603581295876218,1.0647642418528278,1.065406913633728,-0.1483029988852257,0.9998985990048829,0.0004884365730295612,0.9994101624318533,False,False,False,-1.0
2024-09-07,2024-09-08 00:00:00,-0.19477513659139056,0.0,0.0,-0.09738756829569528,0.0,0.0,0.0,0.09738756829569528,0.09738756829569528,-0.09738756829569528,False,0.5,0.0,-0.00072103690318992,7.022003065312496e-05,0.0,8.337976737645143e-08,7.013665088574852e-05,1.064771355092064,1.0648460345888693,-0.148751371234214,0.9998319807637911,0.0004869378414784764,0.9993450429223126,False,False,False,-1.0
2024-09-08,2024-09-09 00:00:00,-0.19901948372655526,0.0,0.0,-0.09950974186327763,0.0,0.0,0.0,0.09950974186327763,0.09950974186327763,-0.09950974186327763,False,0.5,0.0,-0.007404362163930367,0.0007368061675949306,0.0,8.519669680075139e-08,0.0007367209708981299,1.06659662416538,1.0673824082658918,-0.14672376860954284,0.999871028709509,0.0004975487093163882,0.9993734800001925,False,False,False,-1.0
2024-09-09,2024-09-10 00:00:00,-0.2072256149338714,0.0,0.0,-0.1036128074669357,0.0,0.0,0.0,0.1036128074669357,0.1036128074669357,-0.1036128074669357,False,0.5,0.0,0.001104789020231145,-0.00011447029204479416,0.0,8.870959543402028e-08,-0.00011455900164022818,1.0651398235541263,1.0650178021993326,-0.14861405847901388,0.9996641920939728,0.0005180640373346785,0.9991461280566382,False,False,False,-1.0
2024-09-10,2024-09-11 00:00:00,-0.20802131792420223,0.0,0.0,-0.052005329481050556,0.0,0.0,0.0,0.052005329481050556,0.052005329481050556,-0.052005329481050556,False,0.25,0.0,-0.0078524758771088,0.0004083705952310446,0.0,4.4525110857063834e-08,0.0004083260701201875,1.062677080301259,1.0631109990572654,-0.15013837608671177,0.9999999554748892,0.0002600266474052528,0.999739928827484,False,False,False,-1.0
2024-09-11,2024-09-12 00:00:00,-0.20686513539553836,0.0,0.0,-0.05171628384888459,0.0,0.0,0.0,0.05171628384888459,0.05171628384888459,-0.05171628384888459,False,0.25,0.0,-0.0035294974321193884,0.00018253249104339557,0.0,4.4277640281579274e-08,0.000182488213403114,1.061531634595987,1.0617253516074554,-0.1512460765929723,0.9999264110779101,0.00025858141924442295,0.9996678296586657,False,False,False,-1.0
2024-09-12,2024-09-13 00:00:00,-0.20561484631210922,0.08158514418184964,0.0,-0.051403711578027304,0.02039628604546241,0.0,0.02039628604546241,0.051403711578027304,0.07179999762348971,-0.031007425532564893,True,0.25,0.0,0.0013967383572803804,-4.330926060184841e-05,0.0,6.147260070504255e-08,-4.3370733202553453e-05,1.0614848226607176,1.0614387852856755,-0.1514751605924819,0.9998599040676662,0.0003589999881174485,0.9995009040795487,False,False,False,-1.0
2024-09-13,2024-09-14 00:00:00,-0.21142093034800521,0.08158514418184964,0.0,-0.052855232587001304,0.02039628604546241,0.0,0.02039628604546241,0.052855232587001304,0.07325151863246371,-0.03245894654153889,True,0.25,0.0,0.006680602006688963,-0.00021684530340041448,0.0,6.271534129491754e-08,-0.0002169080187417094,1.06041991946489,1.0601899058811246,-0.15247352734794262,0.9995996391774766,0.00036625759316231857,0.9992333815843143,False,False,False,-1.0
2024-09-14,2024-09-15 00:00:00,-0.21187494567256113,0.08158514418184964,0.0,-0.05296873641814028,0.02039628604546241,0.0,0.02039628604546241,0.05296873641814028,0.07336502246360269,-0.03257245037267787,True,0.25,0.0,0.000835750251345857,-2.7222433585915985e-05,0.0,6.281251923253655e-08,-2.7285246105148522e-05,1.0600501360726537,1.060021212343807,-0.15260838265815535,0.9999181972423161,0.00036682511231801344,0.9995513721299981,False,False,False,-1.0
2024-09-15,2024-09-16 00:00:00,-0.2039674604138859,0.0,0.0,-0.05099186510347147,0.0,0.0,0.0,0.05099186510347147,0.05099186510347147,-0.05099186510347147,False,0.25,0.0,-0.0013724189402107845,6.99822014646776e-05,0.0,4.365741875297215e-08,6.993854404592464e-05,1.0601189773156827,1.0601931204934716,-0.15247095755450446,0.9999914992789601,0.00025495932551735734,0.9997365399534428,False,False,False,-1.0
2024-09-16,2024-09-17 00:00:00,-0.2036533158509591,0.0,0.0,-0.05091332896273978,0.0,0.0,0.0,0.05091332896273978,0.05091332896273978,-0.05091332896273978,False,0.25,0.0,-0.000751255732692635,3.824893025372423e-05,0.0,4.3590178906455285e-08,3.820534007481777e-05,1.0624471879519228,1.0624877791080503,-0.15063658438157923,0.9999158977142635,0.00025456664481369887,0.9996613310694498,False,False,False,-1.0
2024-09-17,2024-09-18 00:00:00,-0.21038839303635373,0.0,0.0,-0.05259709825908843,0.0,0.0,0.0,0.05259709825908843,0.05259709825908843,-0.05259709825908843,False,0.25,0.0,0.0024767671670660185,-0.00013027076605105547,0.0,4.503176220812366e-08,-0.0001303157978132636,1.0602955544872197,1.0601573812261187,-0.15249952788424137,0.9998626066733011,0.0002629854912954422,0.9995996211820056,False,False,False,-1.0
2024-09-18,2024-09-19 00:00:00,-0.19990248756446743,0.0,0.0,-0.04997562189111686,0.0,0.0,0.0,0.04997562189111686,0.04997562189111686,-0.04997562189111686,False,0.25,0.0,0.0013605620167715937,-6.799493290959257e-05,0.0,4.278734750951786e-08,-6.803772025710209e-05,1.062199234156314,1.062126964541963,-0.15092502317427192,0.9998293160829467,0.0002498781094555843,0.9995794379734911,False,False,False,-1.0
2024-09-19,2024-09-20 00:00:00,-0.19425188887810615,0.0,0.0,-0.04856297221952654,0.0,0.0,0.0,0.04856297221952654,0.04856297221952654,-0.04856297221952654,False,0.25,0.0,0.0013910716996927697,-6.755457630754953e-05,0.0,4.157788717425218e-08,-6.759615419472378e-05,1.0590386782595942,1.0589670913178004,-0.15345105760720357,0.9999078928933397,0.0002428148610976327,0.999665078032242,False,False,False,-1.0
2024-09-20,2024-09-21 00:00:00,-0.19314593844108502,0.0,0.0,-0.048286484610271255,0.0,0.0,0.0,0.048286484610271255,0.048286484610271255,-0.048286484610271255,False,0.25,0.0,0.003448708301981407,-0.0001665260003489399,0.0,4.1341168330711686e-08,-0.00016656734151727063,1.0566558828964838,1.0564798785351712,-0.15543936051850593,0.9997933150311259,0.0002414324230513563,0.9995518826080746,False,False,False,-1.0
2024-09-21,2024-09-22 00:00:00,0.17749046807179253,0.0,0.0,0.04437261701794813,0.0,0.0,0.04437261701794813,0.0,0.04437261701794813,0.04437261701794813,False,0.25,0.0,0.00010158234030099855,4.5074742819630864e-06,0.0,3.799025429618847e-08,4.469484027666898e-06,1.0563978489134398,1.0564025704667526,-0.155501161365855,0.999945005496385,0.00022186308508974066,0.9997231424112952,False,False,False,1.0
2024-09-22,2024-09-23 00:00:00,0.17019132049897936,0.0,0.0,0.04254783012474484,0.0,0.0,0.04254783012474484,0.0,0.04254783012474484,0.04254783012474484,False,0.25,0.0,-0.0004665684280920068,-1.9851474220027935e-05,0.0,3.6427936750637706e-08,-1.9887902156778574e-05,1.056623023848615,1.0566020098333,-0.15534172753055786,0.999961418626286,0.0002127391506237242,0.9997486794756623,False,False,False,1.0
2024-09-23,2024-09-24 00:00:00,0.1701914547745845,0.0,0.0,0.042547863693646125,0.0,0.0,0.042547863693646125,0.0,0.042547863693646125,0.042547863693646125,False,0.25,0.0,-0.0006013318941205936,-2.5585387465685062e-05,0.0,3.642796549113538e-08,-2.5621815431176196e-05,1.0584519880792231,1.0584248686177418,-0.1538845158865395,0.9999252733104886,0.00021273931846823064,0.9997125339920204,False,False,False,1.0
2024-09-24,2024-09-25 00:00:00,0.17249271848942868,0.0,-0.11870920681098644,0.04312317962235717,0.0,-0.02967730170274661,0.04312317962235717,0.02967730170274661,0.07280048132510378,0.01344587791961056,True,0.25,0.0,0.0010650157645319958,1.432007195235792e-05,0.0,6.232917921669844e-08,1.4257742773141222e-05,1.0576620114447417,1.0576770913176416,-0.15448229658032608,0.9998829688022357,0.0003640024066255189,0.9995189663956102,False,False,False,1.0
2024-09-25,2024-09-26 00:00:00,0.1709324546339383,0.0,-0.11870920681098644,0.042733113658484576,0.0,-0.02967730170274661,0.042733113658484576,0.02967730170274661,0.07241041536123119,0.013055811955737965,True,0.25,0.0,-0.00466130884041327,-6.085717168805463e-05,0.0,6.199521863119108e-08,-6.0919166906685823e-05,1.0576737639411555,1.0576093313365973,-0.154536464590607,0.9996975013687073,0.00036205207680615597,0.9993354492919011,False,False,False,1.0
2024-09-26,2024-09-27 00:00:00,0.16946482974942673,0.0,-0.11870920681098644,0.04236620743735668,0.0,-0.02967730170274661,0.04236620743735668,0.02967730170274661,0.0720435091401033,0.012688905734610071,True,0.25,0.0,0.00033569577664538386,4.259612065359993e-06,0.0,6.168108659255418e-08,4.1979309787674385e-06,1.0578634010882968,1.0578678419258396,-0.1543298086258328,0.9997955971429567,0.0003602175457005165,0.9994353795972563,False,False,False,1.0
2024-09-27,2024-09-28 00:00:00,0.16999385428230895,0.0,0.0,0.04249846357057724,0.0,0.0,0.04249846357057724,0.0,0.04249846357057724,0.04249846357057724,False,0.25,0.0,-0.0035754861992916,-0.00015195266998769573,0.0,3.638567086522024e-08,-0.00015198905565856096,1.0588172193895162,1.0586562907602262,-0.15369951469852083,0.9997894705076171,0.0002124923178528862,0.9995769781897642,False,False,False,1.0
2024-09-28,2024-09-29 00:00:00,0.17793014021549997,0.0,0.0,0.04448253505387499,0.0,0.0,0.04448253505387499,0.0,0.04448253505387499,0.04448253505387499,False,0.25,0.0,0.0005170495206052728,2.2999673424913304e-05,0.0,3.8084362203660094e-08,2.2961589062709644e-05,1.0583933382034212,1.0584176405963197,-0.15389029403955345,0.9999717956489073,0.00022241267526937496,0.9997493829736379,False,False,False,1.0
2024-09-29,2024-09-30 00:00:00,0.181719070212473,0.0,0.0,0.04542976755311825,0.0,0.0,0.04542976755311825,0.0,0.04542976755311825,0.04542976755311825,False,0.25,0.0,0.0001462898639879029,6.645914516347713e-06,0.0,3.889534893246426e-08,6.607019167415249e-06,1.0583376086563463,1.0583446011132123,-0.15394868253687743,0.9999420223627137,0.00022714883776559123,0.999714873524948,False,False,False,1.0
2024-09-30,2024-10-01 00:00:00,0.18484626879614702,0.0,0.0,0.046211567199036754,0.0,0.0,0.046211567199036754,0.0,0.046211567199036754,0.046211567199036754,False,0.25,0.0,-0.0052107279693486275,-0.00024079590571145443,0.0,3.956469794438078e-08,-0.0002408354704093988,1.057307721977927,1.057053084775337,-0.15498113368561972,0.9996994967206018,0.00023105783599518378,0.9994684388846066,False,False,False,1.0
2024-10-01,2024-10-02 00:00:00,0.1964749771258824,0.0,0.0,0.0491187442814706,0.0,0.0,0.0491187442814706,0.0,0.0491187442814706,0.0491187442814706,False,0.25,0.0,-0.0024812425177498376,-0.00012187551672966655,0.0,4.20537194190673e-08,-0.00012191757044908561,1.055733791309925,1.0556050788110474,-0.15613868421546895,0.9998427618180147,0.000245593721407353,0.9995971680966074,False,False,False,1.0
2024-10-02,2024-10-03 00:00:00,-0.1959806852742848,0.0,0.0,-0.0489951713185712,0.0,0.0,0.0,0.0489951713185712,0.0489951713185712,-0.0489951713185712,False,0.25,0.0,0.0009805118190324702,-4.804034455337976e-05,0.0,4.1947920649461646e-08,-4.808229247402922e-05,1.0568038235613848,1.0567530100108526,-0.15522101647007602,0.9998871330105141,0.00024497585659285603,0.9996421571539212,False,False,False,-1.0
2024-10-03,2024-10-04 00:00:00,-0.1934416822245312,0.0,0.0,-0.0483604205561328,0.0,0.0,0.0,0.0483604205561328,0.0483604205561328,-0.0483604205561328,False,0.25,0.0,0.010177875422459515,-0.0004922063357980699,0.0,4.1404469654223286e-08,-0.0004922477402677242,1.059789855536609,1.0592681763750624,-0.15321036718454062,0.9993774991835923,0.000241802102780664,0.9991356970808116,False,False,False,-1.0
2024-10-04,2024-10-05 00:00:00,-0.191314453253029,0.0,0.0,-0.04782861331325725,0.0,0.0,0.0,0.04782861331325725,0.04782861331325725,-0.04782861331325725,False,0.25,0.0,0.010804075779051736,-0.0005167439626433941,0.0,4.0949155233953125e-08,-0.0005167849117986281,1.0581479115835468,1.0576010767083892,-0.15454306342340984,0.9994620173869474,0.00023914306656628627,0.9992228743203811,False,False,False,-1.0
2024-10-05,2024-10-06 00:00:00,-0.18458377865859749,0.0,0.0,-0.04614594466464937,0.0,0.0,0.0,0.04614594466464937,0.04614594466464937,-0.04614594466464937,False,0.25,0.0,0.0007997580006877669,-3.690558844484831e-05,0.0,3.950851426767925e-08,-3.694509695911599e-05,1.057675751539252,1.0576366756060602,-0.15451460530660832,0.9999177356053133,0.00023072972332324686,0.99968700588199,False,False,False,-1.0
2024-10-06,2024-10-07 00:00:00,-0.18056192842626603,0.0,0.0,-0.04514048210656651,0.0,0.0,0.0,0.04514048210656651,0.04514048210656651,-0.04514048210656651,False,0.25,0.0,-0.0005024612430809539,2.2681342752538962e-05,0.0,3.8647673036443925e-08,2.2642695079502518e-05,1.0569868813161516,1.0570108143478083,-0.15501492509048231,0.9999848404571586,0.00022570241053283254,0.9997591380466258,False,False,False,-1.0
2024-10-07,2024-10-08 00:00:00,-0.18511720415640612,0.0,0.0,-0.04627930103910153,0.0,0.0,0.0,0.04627930103910153,0.04627930103910153,-0.04627930103910153,False,0.25,0.0,-0.002575854687934531,0.00011920875453590309,0.0,3.96226892458061e-08,0.00011916913184665729,1.0563146244729198,1.0564405045696752,-0.15547083646249105,0.9999887670670257,0.00023139650519550764,0.9997573705618301,False,False,False,-1.0
2024-10-08,2024-10-09 00:00:00,-0.18980615775564402,0.0,0.0,-0.047451539438911006,0.0,0.0,0.0,0.047451539438911006,0.047451539438911006,-0.047451539438911006,False,0.25,0.0,0.0013202494816262345,-6.264787034658908e-05,0.0,4.0626318012766274e-08,-6.268849666460185e-05,1.0575989078495598,1.0575326085639527,-0.15459779754662817,0.9998789841757714,0.00023725769719455504,0.9996417264785769,False,False,False,-1.0
2024-10-09,2024-10-10 00:00:00,-0.18949706996810706,0.0,0.0,-0.047374267492026764,0.0,0.0,0.0,0.047374267492026764,0.047374267492026764,-0.047374267492026764,False,0.25,0.0,-0.000125932816873342,5.965974952582126e-06,0.0,4.056016052399552e-08,5.9254147920581305e-06,1.0566494438510143,1.0566557049372591,-0.15529880312446354,0.9999645484917338,0.00023687133746013383,0.9997276771542737,False,False,False,-1.0
2024-10-10,2024-10-11 00:00:00,-0.1898833375838802,0.0,0.0,-0.04747083439597005,0.0,0.0,0.0,0.04747083439597005,0.04747083439597005,-0.04747083439597005,False,0.25,0.0,0.006461467640350493,-0.00030673126030999765,0.0,4.064283766778258e-08,-0.00030677190314766544,1.0581085202285694,1.0577839222640821,-0.15439689484738695,0.9996755473441531,0.00023735417197985026,0.9994381931721732,False,True,False,-1.0
2024-10-11,2024-10-12 00:00:00,-0.19037997703865844,0.0,0.0,-0.04759499425966461,0.0,0.0,0.0,0.04759499425966461,0.04759499425966461,-0.04759499425966461,False,0.25,0.0,0.003243021346469588,-0.00015435158236918982,0.0,4.0749138920945725e-08,-0.00015439233150811075,1.0564360790221423,1.0562729733928127,-0.1556047625700666,0.9997656965328096,0.00023797497129832306,0.9995277215615113,False,False,False,-1.0
2024-10-12,2024-10-13 00:00:00,-0.18843432701497045,0.0,0.0,-0.047108581753742614,0.0,0.0,0.0,0.047108581753742614,0.047108581753742614,-0.047108581753742614,False,0.25,0.0,0.002330086071353321,-0.00010976705018560488,0.0,4.0332689857656347e-08,-0.00010980738287546254,1.0557810128963532,1.0556650803464374,-0.1560907183846676,0.9998720571914417,0.00023554290876871308,0.999636514282673,False,False,False,-1.0
2024-10-13,2024-10-14 00:00:00,-0.1875668188505383,0.0,0.0,-0.046891704712634576,0.0,0.0,0.0,0.046891704712634576,0.046891704712634576,-0.046891704712634576,False,0.25,0.0,0.0006929097700276721,-3.249172032863713e-05,0.0,4.0147007459447414e-08,-3.253186733609658e-05,1.0563491561399163,1.0563147911293083,-0.15557133305096837,0.9998796059066865,0.00023445852356317288,0.9996451473831233,False,False,False,-1.0
2024-10-14,2024-10-15 00:00:00,-0.18719839278463388,0.0,0.0,-0.04679959819615847,0.0,0.0,0.0,0.04679959819615847,0.04679959819615847,-0.04679959819615847,False,0.25,0.0,0.0004630648822221417,-2.1671250426747678e-05,0.0,4.006814914054663e-08,-2.1711318575888223e-05,1.0525138207506874,1.0524909692878197,-0.15862813468564652,0.999860695502879,0.00023399799098079236,0.9996266975118983,False,False,False,-1.0
2024-10-15,2024-10-16 00:00:00,0.1912772628179553,0.0,0.0,0.04781931570448882,0.0,0.0,0.04781931570448882,0.0,0.04781931570448882,0.04781931570448882,False,0.25,0.0,-0.003122312525664195,-0.000149306848392816,0.0,4.09411949524733e-08,-0.00014934778958776846,1.0518222503232098,1.0516651629950848,-0.15928829254085064,0.9997885953937725,0.00023909657852244412,0.9995494988152501,False,False,False,1.0
2024-10-16,2024-10-17 00:00:00,0.17095733598360138,0.0,0.0,0.042739333995900346,0.0,0.0,0.042739333995900346,0.0,0.042739333995900346,0.042739333995900346,False,0.25,0.0,-0.002081714965770365,-8.897111120632388e-05,0.0,3.659189554443523e-08,-8.900770310186831e-05,1.0524002413124722,1.0523065695842493,-0.15877554566311214,0.9998164604912414,0.00021369666997950174,0.9996027638212619,False,False,False,1.0
2024-10-17,2024-10-18 00:00:00,0.16899720630190973,0.0,0.0,0.04224930157547743,0.0,0.0,0.04224930157547743,0.0,0.04224930157547743,0.04224930157547743,False,0.25,0.0,0.0024997523111276454,0.00010561278925682858,0.0,3.617234723927862e-08,0.00010557661690958931,1.0525911982517433,1.0527023272694436,-0.15845917298959677,0.9999474794232355,0.00021124650787738718,0.9997362329153581,False,False,False,1.0
2024-10-18,2024-10-19 00:00:00,0.17818838127834613,0.0,0.0,0.04454709531958653,0.0,0.0,0.04454709531958653,0.0,0.04454709531958653,0.04454709531958653,False,0.25,0.0590498936608122,-0.0009714440628952881,-4.327501126744281e-05,2.9524946830406102e-05,3.813963640375559e-08,-7.283809773425267e-05,1.0523571285656765,1.0522804768742946,-0.15879640443785348,0.9999209557959987,0.00022273547659793267,0.9996982203194008,False,False,False,1.0
2024-10-19,2024-10-20 00:00:00,0.18310732001434626,0.0,-0.25,0.045776830003586566,0.0,-0.0625,0.045776830003586566,0.0625,0.10827683000358657,-0.016723169996413434,True,0.25,0.0,0.0009305457310269105,-1.5561674449399835e-05,0.0,9.27027654140296e-08,-1.5654377214813865e-05,1.052010208840251,1.0519937402756079,-0.15902562455843483,0.9999189746966229,0.0005413841500179329,0.999377590546605,False,False,False,1.0
2024-10-20,2024-10-21 00:00:00,0.1898280432716602,0.0,0.0,0.04745701081791505,0.0,0.0,0.04745701081791505,0.0,0.04745701081791505,0.04745701081791505,False,0.25,0.0,0.004233028006247697,0.00020088685588503431,0.0,4.06310024125985e-08,0.00020084622488262171,1.051746863039285,1.0519581024262585,-0.1590541138135998,0.9999900998914081,0.00023728505408957524,0.9997528148373185,False,False,False,1.0
2024-10-21,2024-10-22 00:00:00,0.20482303586119074,0.0,0.0,0.051205758965297686,0.0,0.0,0.051205758965297686,0.0,0.051205758965297686,0.051205758965297686,False,0.25,0.0,0.005006769452330584,0.0002563754297708554,0.0,4.384054705933021e-08,0.00025633158922379605,1.0511601220840974,1.05142956762872,-0.15947662984600763,0.9999997641179325,0.0002560287948264884,0.999743735323106,False,False,False,1.0
2024-10-22,2024-10-23 00:00:00,0.2141845962774948,0.0,0.0,0.0535461490693737,0.0,0.0,0.0535461490693737,0.0,0.0535461490693737,0.0535461490693737,False,0.25,0.0,-0.001970091126222817,-0.00010549079312497728,0.0,4.584430571008022e-08,-0.00010553663743068736,1.0503740166897582,1.050263163747992,-0.1604090648383022,0.999862693934524,0.0002677307453468685,0.9995949631891771,False,False,False,1.0
2024-10-23,2024-10-24 00:00:00,0.21338125746543238,0.0,0.0,0.053345314366358094,0.0,0.0,0.053345314366358094,0.0,0.053345314366358094,0.053345314366358094,False,0.25,0.0,0.002050950339392843,0.00010940859060470004,0.0,4.5672358190375084e-08,0.00010936291824650966,1.0483428695393626,1.0484575193748984,-0.16185251510877074,0.9999195810937744,0.0002667265718317905,0.9996528545219426,False,False,False,1.0
2024-10-24,2024-10-25 00:00:00,0.21061457586493107,0.0,0.0,0.05265364396623277,0.0,0.0,0.05265364396623277,0.0,0.05265364396623277,0.05265364396623277,False,0.25,0.0,-0.002759551839306318,-0.00014530046005319764,0.0,4.508017462862394e-08,-0.00014534554022782627,1.0483052994356477,1.0481529329355774,-0.16209600457146356,0.9997315959871663,0.00026326821983116384,0.9994683277673352,False,False,False,1.0
2024-10-25,2024-10-26 00:00:00,0.2143018050330367,0.0,0.0,0.053575451258259174,0.0,0.0,0.053575451258259174,0.0,0.053575451258259174,0.053575451258259174,False,0.25,0.0,-0.003528102480721773,-0.00018901968249005263,0.0,4.586939320056436e-08,-0.0001890655518832532,1.04834629343057,1.048148087260038,-0.1620998782532207,0.9994641869321395,0.0002678772562912959,0.9991963096758482,False,False,False,1.0
2024-10-26,2024-10-27 00:00:00,0.21722148965731944,0.0,-0.11516027516683801,0.05430537241432986,0.0,-0.028790068791709502,0.05430537241432986,0.028790068791709502,0.08309544120603936,0.025515303622620358,True,0.25,0.0,-0.0013976808249566153,-3.566225061628253e-05,0.0,7.114335719695151e-08,-3.573339397347948e-05,1.0472395153982912,1.0472020939761029,-0.162856114797861,0.9998657766648379,0.0004154772060301968,0.9994502994588077,False,False,False,1.0
2024-10-27,2024-10-28 00:00:00,0.21730181432929174,0.0,-0.11516027516683801,0.054325453582322936,0.0,-0.028790068791709502,0.054325453582322936,0.028790068791709502,0.08311552237403244,0.025535384790613434,True,0.25,0.0,0.0009681432852062244,2.4721911320189545e-05,0.0,7.11605499777675e-08,2.4650750770211776e-05,1.047649939491572,1.0476757648491248,-0.16247745753845555,0.9998867897362019,0.0004155776118701622,0.9994712121243318,False,False,False,1.0
2024-10-28,2024-10-29 00:00:00,0.2161661682278121,0.0,-0.11516027516683801,0.054041542056953024,0.0,-0.028790068791709502,0.054041542056953024,0.028790068791709502,0.08283161084866253,0.02525147326524352,True,0.25,0.0,-0.003498746747321091,-8.834850995183625e-05,0.0,7.091747504166313e-08,-8.841942742687792e-05,1.047755004256863,1.047662362359303,-0.1624881716236023,0.9997248444746291,0.00041415805424331267,0.9993106864203858,False,False,False,1.0
2024-10-29,2024-10-30 00:00:00,0.2149032091997787,0.0,0.0,0.053725802299944676,0.0,0.0,0.053725802299944676,0.0,0.053725802299944676,0.053725802299944676,False,0.25,0.0,0.0039045322901030133,0.00020977412989182473,0.0,4.599811840748688e-08,0.00020972813177341725,1.0505293302929315,1.050749655846747,-0.1600201581621079,0.9999245982464835,0.00026862901149972337,0.9996559692349838,False,False,False,1.0
2024-10-30,2024-10-31 00:00:00,0.2149301084671557,0.0,0.0,0.05373252711678893,0.0,0.0,0.05373252711678893,0.0,0.05373252711678893,0.05373252711678893,False,0.25,0.0,-0.00043586620025259926,-2.342019242436454e-05,0.0,4.60038759561549e-08,-2.3466196300320696e-05,1.0515379620200536,1.0515132864238195,-0.1594097041992799,0.9999350980786412,0.00026866263558394466,0.9996664354430573,False,False,False,1.0
2024-10-31,2024-11-01 00:00:00,0.1968091235566212,0.0,0.0,0.0492022808891553,0.0,0.0,0.0492022808891553,0.0,0.0492022808891553,0.0492022808891553,False,0.25,0.0,-0.003503219384739853,-0.00017236638418430405,0.0,4.2125240487290496e-08,-0.00017240850942479134,1.0493257777882057,1.0491448650949562,-0.16130304402780538,0.9997411213400188,0.0002460114044457765,0.999495109935573,False,False,False,1.0
2024-11-01,2024-11-02 00:00:00,0.19950638240507076,0.0,0.0,0.04987659560126769,0.0,0.0,0.04987659560126769,0.0,0.04987659560126769,0.04987659560126769,False,0.25,0.0,-0.004982945748775114,-0.0002485323700147124,0.0,4.270256472711275e-08,-0.0002485750725794395,1.0481293917440901,1.0478688529044646,-0.1623231010052103,0.9993827950463364,0.00024938297800633844,0.9991334120683301,False,False,False,1.0
2024-11-02,2024-11-03 00:00:00,0.19330698748730016,0.0,0.0,0.04832674687182504,0.0,0.0,0.04832674687182504,0.0,0.04832674687182504,0.04832674687182504,False,0.25,0.0,0.0023720445090591458,0.00011463319455800383,0.0,4.137563944505568e-08,0.00011459181891855878,1.047545372667162,1.0476654127968155,-0.16248573307317793,0.9999849726209973,0.0002416337343591252,0.9997433388866381,False,False,False,1.0
2024-11-03,2024-11-04 00:00:00,0.1935360961778652,0.0,0.0,0.0483840240444663,0.0,0.0,0.0483840240444663,0.0,0.0483840240444663,0.0483840240444663,False,0.25,0.0,0.005627714538605444,0.0002722914755512784,0.0,4.1424678120262246e-08,0.00027225005087315815,1.0464343564164205,1.0467192482231902,-0.16324210654851912,0.9998742702643688,0.00024192012022233154,0.9996323501441465,False,False,False,1.0
2024-11-04,2024-11-05 00:00:00,0.20611142192920767,0.0,0.0,0.05152785548230192,0.0,0.0,0.05152785548230192,0.0,0.05152785548230192,0.05152785548230192,False,0.25,0.0,0.00258186863255383,0.0001330381537725222,0.0,4.411631462525849e-08,0.00013299403745789694,1.0465647238939217,1.0467039107620135,-0.16325436746922628,0.9999045660468787,0.0002576392774115096,0.9996469267694672,False,False,False,1.0
2024-11-05,2024-11-06 00:00:00,0.20926021343488524,0.0,0.0,0.05231505335872131,0.0,0.0,0.05231505335872131,0.0,0.05231505335872131,0.05231505335872131,False,0.25,0.0,-0.0025863336983346086,-0.00013530418543183408,0.0,4.479028540986413e-08,-0.00013534897571724393,1.0468363185265377,1.0466946303030815,-0.1632617863614262,0.999772524477804,0.0002615752667936066,0.9995109492110104,False,False,False,1.0
2024-11-06,2024-11-07 00:00:00,0.20926917434192685,0.0,0.0,0.05231729358548171,0.0,0.0,0.05231729358548171,0.0,0.05231729358548171,0.05231729358548171,False,0.25,0.0,-0.0030047872239775675,-0.000157202335358739,0.0,4.4792203412227493e-08,-0.00015724712756215122,1.0510982705894458,1.05093298840561,-0.1598736002708533,0.9998148365887028,0.0002615864679274086,0.9995532501207754,False,False,False,1.0
2024-11-07,2024-11-08 00:00:00,0.21019122040285473,0.0,0.0,0.05254780510071368,0.0,0.0,0.05254780510071368,0.0,0.05254780510071368,0.05254780510071368,False,0.25,0.0,0.006959080043564825,0.0003656843818095105,0.0,4.4989559161569936e-08,0.00036563939225034897,1.054901817685291,1.0552875313447931,-0.15639253485343585,0.9998650531500781,0.00026273902550356845,0.9996023141245746,False,False,False,1.0
2024-11-08,2024-11-09 00:00:00,0.18445701500757902,0.0,0.0,0.046114253751894756,0.0,0.0,0.046114253751894756,0.0,0.046114253751894756,0.046114253751894756,False,0.25,0.0,0.0005996122961402506,2.765067357696778e-05,0.0,3.9481381636896197e-08,2.7611192195330886e-05,1.056759273924745,1.0567884523081614,-0.15519268354117888,0.999651027870809,0.0002305712687594738,0.9994204566020495,False,False,False,1.0
2024-11-09,2024-11-10 00:00:00,0.16849472984975788,0.0,0.0,0.04212368246243947,0.0,0.0,0.04212368246243947,0.0,0.04212368246243947,0.04212368246243947,False,0.25,0.0,-0.0005324078638614393,-2.2426979797804974e-05,0.0,3.606479662880092e-08,-2.2463044594433775e-05,1.0583678442689408,1.0583440701048576,-0.15394910703029618,0.9999300526710189,0.00021061841231219736,0.9997194342587067,False,False,False,1.0
2024-11-10,2024-11-11 00:00:00,0.16704718566870722,0.0,0.0,0.041761796417176804,0.0,0.0,0.041761796417176804,0.0,0.041761796417176804,0.041761796417176804,False,0.25,0.0,0.0016874715375641003,7.047184281153227e-05,0.0,3.575496268593904e-08,7.043608784884634e-05,1.0607018986379657,1.0607766103300795,-0.1520045099112045,0.9999387410174562,0.00020880898208588402,0.9997299320353703,False,False,False,1.0
2024-11-11,2024-11-12 00:00:00,0.16737917566990135,0.0,0.0,0.04184479391747534,0.0,0.0,0.04184479391747534,0.0,0.04184479391747534,0.04184479391747534,False,0.25,0.0,0.003602961677870997,0.00015076518890307303,0.0,3.582602218961929e-08,0.0001507293628808834,1.061036347799228,1.0611962771319252,-0.15166902404939386,0.999910516211516,0.0002092239695873767,0.9997012922419287,False,False,False,1.0
2024-11-12,2024-11-13 00:00:00,0.1617975786538031,0.0,0.0,0.04044939466345077,0.0,0.0,0.04044939466345077,0.0,0.04044939466345077,0.04044939466345077,False,0.25,0.0,-0.0014324279654013283,-5.7940844099482136e-05,0.0,3.4631331047474976e-08,-5.797547543052961e-05,1.0612095599908415,1.0611480358620697,-0.1517075886056588,0.9998541228166408,0.00020224697331725386,0.9996518758433235,False,False,False,1.0
2024-11-13,2024-11-14 00:00:00,0.1618202132987118,0.0,0.0,0.04045505332467795,0.0,0.0,0.04045505332467795,0.0,0.04045505332467795,0.04045505332467795,False,0.25,0.0,0.0016399345236473017,6.634363860313192e-05,0.0,3.4636175791676326e-08,6.630900242734025e-05,1.0608845695500326,1.06095491574753,-0.15186197076735086,0.9998163575079114,0.00020227526662338976,0.999614082241288,False,False,False,1.0
2024-11-14,2024-11-15 00:00:00,0.16314905458709628,0.0,0.0,0.04078726364677407,0.0,0.0,0.04078726364677407,0.0,0.04078726364677407,0.04078726364677407,False,0.25,0.0,-7.797676292475852e-05,-3.1804587877341234e-06,0.0,3.4920602437306565e-08,-3.21537939017143e-06,1.0578461136866735,1.0578427123100815,-0.1543498974933879,0.9996840395064831,0.00020393631823387035,0.9994801031882492,False,False,False,1.0
2024-11-15,2024-11-16 00:00:00,0.17694760597799766,0.0,0.0,0.044236901494499416,0.0,0.0,0.044236901494499416,0.0,0.044236901494499416,0.044236901494499416,False,0.25,0.0,0.0016795086691798744,7.429625955766792e-05,0.0,3.787405949871525e-08,7.42583854981692e-05,1.056962789782418,1.057041278132719,-0.1549905720344631,0.9999599564477172,0.00022118450747249708,0.9997387719402446,False,False,False,1.0
2024-11-16,2024-11-17 00:00:00,0.1611323601955806,0.0,0.0,0.04028309004889515,0.0,0.0,0.04028309004889515,0.0,0.04028309004889515,0.04028309004889515,False,0.25,0.0,-0.001039653067453461,-4.188043813583784e-05,0.0,3.44889469596705e-08,-4.1914927082797506e-05,1.0587637091143254,1.05871933111066,-0.15364911960841332,0.9996890000560261,0.00020141545024447577,0.9994875846057817,False,False,False,1.0
2024-11-17,2024-11-18 00:00:00,0.15994633209020873,0.0,0.0,0.03998658302255218,0.0,0.0,0.03998658302255218,0.0,0.03998658302255218,0.03998658302255218,False,0.25,0.0,-0.002672198472937093,-0.00010685208609083623,0.0,3.4235088204239877e-08,-0.00010688632117904047,1.0581017310764855,1.0579886344750176,-0.15423324584725928,0.9998366513310317,0.0001999329151127609,0.999636718415919,False,False,False,1.0
2024-11-18,2024-11-19 00:00:00,0.15734162539313162,0.0,0.0,0.039335406348282906,0.0,0.0,0.039335406348282906,0.0,0.039335406348282906,0.039335406348282906,False,0.25,0.0,0.0018417790693598945,7.244712809703377e-05,0.0,3.3677573928324405e-08,7.241345052310545e-05,1.0587019796697275,1.0587786439331508,-0.15360170434162967,0.9999297753332663,0.00019667703174141454,0.9997330983015249,False,False,False,1.0
2024-11-19,2024-11-20 00:00:00,0.15609319306210678,0.0,0.0,0.039023298265526696,0.0,0.0,0.039023298265526696,0.0,0.039023298265526696,0.039023298265526696,False,0.25,0.0,0.000767012036932524,2.993133949046706e-05,0.0,3.341035810404683e-08,2.9897929132363016e-05,1.0582640184765626,1.0582956583791905,-0.15398780785065125,0.9999311748135861,0.00019511649132763348,0.9997360583222584,False,False,False,1.0
2024-11-20,2024-11-21 00:00:00,0.15585120484927414,0.0,0.0,0.038962801212318536,0.0,0.0,0.038962801212318536,0.0,0.038962801212318536,0.038962801212318536,False,0.25,0.0,0.004621917518030205,0.00018008285347474357,0.0,3.3358562681779566e-08,0.0001800494949120618,1.0584453689012712,1.058635941455334,-0.15371578213749626,0.9999927133042835,0.00019481400606159268,0.9997978992982219,False,False,False,1.0
2024-11-21,2024-11-22 00:00:00,0.15585339934922704,0.0,0.0,0.03896334983730676,0.0,0.0,0.03896334983730676,0.0,0.03896334983730676,0.03896334983730676,False,0.25,0.0,-0.0007073106038665289,-2.7559190502088264e-05,0.0,3.335903239495442e-08,-2.759254953448322e-05,1.0606272291398589,1.0605979637305012,-0.15214732179948232,0.9997861453353479,0.0001948167491865338,0.9995913285861614,False,False,False,1.0
2024-11-22,2024-11-23 00:00:00,0.15635104352871954,0.0,0.0,0.039087760882179884,0.0,0.0,0.039087760882179884,0.0,0.039087760882179884,0.039087760882179884,False,0.25,0.0,-0.001112041998420743,-4.3467231725211464e-05,0.0,3.346554870049647e-08,-4.350069727391196e-05,1.0611382428611607,1.0610920826076922,-0.15175231819990698,0.999908202378587,0.00019543880441089942,0.9997127635741762,False,False,False,1.0
2024-11-23,2024-11-24 00:00:00,0.15442187467201435,0.0,0.0,0.03860546866800359,0.0,0.0,0.03860546866800359,0.0,0.03860546866800359,0.03860546866800359,False,0.25,0.0,0.0012379566773010886,4.7791897717893e-05,0.0,3.305262728424965e-08,4.775884509060875e-05,1.0628381711256338,1.0628889310492051,-0.1503158994856011,0.9998646310127136,0.00019302734334001795,0.9996716036693736,False,False,False,1.0
2024-11-24,2024-11-25 00:00:00,0.15820825045822112,0.0,0.0,0.03955206261455528,0.0,0.0,0.03955206261455528,0.0,0.03955206261455528,0.03955206261455528,False,0.25,0.0,-0.005548532309112675,-0.0002194558973089075,0.0,3.386306730698226e-08,-0.00021948976037621448,1.0610878665247077,1.060854968603146,-0.15194186951969846,0.9997448292644767,0.00019776031307277642,0.999547068951404,False,False,False,1.0
2024-11-25,2024-11-26 00:00:00,0.15608522736857205,0.0,0.0,0.039021306842143014,0.0,0.0,0.039021306842143014,0.0,0.039021306842143014,0.039021306842143014,False,0.25,0.0,0.014947631368680492,0.0005832761102005236,0.0,3.3408653118273126e-08,0.0005832427015474053,1.0627561701740627,1.063376014953841,-0.1499265197138342,0.9998575805860587,0.00019510653421071506,0.9996624740518479,False,False,False,1.0
2024-11-26,2024-11-27 00:00:00,0.14887941083626782,0.0,0.0,0.037219852709066956,0.0,0.0,0.037219852709066956,0.0,0.037219852709066956,0.037219852709066956,False,0.25,0.0,-0.0074118674172862775,-0.00027586861357052774,0.0,3.186631225091349e-08,-0.0002759004798827787,1.0609452995445128,1.060652584227239,-0.15210365762509437,0.9997177126350751,0.0001860992635453348,0.9995316133715298,False,False,False,1.0
2024-11-27,2024-11-28 00:00:00,0.14573403530296786,0.0,0.0,0.07286701765148393,0.0,0.0,0.07286701765148393,0.0,0.07286701765148393,0.07286701765148393,False,0.5,0.0,-0.004008633980881915,-0.00029209720304326076,0.0,6.238614524955815e-08,-0.0002921595891885103,1.064042826808437,1.0637319564932777,-0.14964197646765187,0.9996917035723217,0.00036433508825741963,0.9993273684840643,False,False,False,1.0
2024-11-28,2024-11-29 00:00:00,0.13611593618954074,0.0,0.0,0.06805796809477037,0.0,0.0,0.06805796809477037,0.0,0.06805796809477037,0.06805796809477037,False,0.5,0.0,-0.0027497811714575215,-0.00018714451923465628,0.0,5.826880830031709e-08,-0.0001872027880429566,1.0637757540657957,1.0635766122787822,-0.14976616019495192,0.9997126164713637,0.00034028984047385183,0.9993723266308898,False,False,False,1.0
2024-11-29,2024-11-30 00:00:00,0.13034705354644438,0.0,0.0,0.06517352677322219,0.0,0.0,0.06517352677322219,0.0,0.06517352677322219,0.06517352677322219,False,0.5,0.0,-0.0020710108189605503,-0.00013497507905715824,0.0,5.5799252374334065e-08,-0.00013503087830953257,1.0651201295125168,1.0649763054059236,-0.1486472314329812,0.9998638893210581,0.00032586763386611094,0.999538021687192,False,False,False,1.0
2024-11-30,2024-12-01 00:00:00,0.13311863810521699,0.0,0.0,0.06655931905260849,0.0,0.0,0.06655931905260849,0.0,0.06655931905260849,0.06655931905260849,False,0.5,0.0,-0.0006499704929714412,-4.326159341646738e-05,0.0,5.698571836695932e-08,-4.3318579134834335e-05,1.066227138213037,1.0661809507683746,-0.14768422581561846,0.9999367702272425,0.0003327965952630425,0.9996039736319794,False,False,False,1.0
2024-12-01,2024-12-02 00:00:00,0.1329926156138347,0.0,0.0,0.06649630780691736,0.0,0.0,0.06649630780691736,0.0,0.06649630780691736,0.06649630780691736,False,0.5,0.10994326922259764,-0.0014941759271656085,-9.935718237049043e-05,5.4971634611298827e-05,5.693177038263472e-08,-0.00015438574875217188,1.0660406540713665,1.0658760725867875,-0.14792794850001278,0.9997061936888891,0.0003324815390345868,0.9993737121498546,False,False,False,1.0
2024-12-02,2024-12-03 00:00:00,0.13781346709439019,0.0,-0.0715802359120632,0.06890673354719509,0.0,-0.0357901179560316,0.06890673354719509,0.0357901179560316,0.10469685150322669,0.033116615591163495,True,0.5,0.0,-6.807036842404468e-05,-2.254260224247961e-06,0.0,8.963771532810504e-08,-2.3438979395760662e-06,1.0641929010435331,1.0641904066839851,-0.14927548677475666,0.9996999553091231,0.0005234842575161335,0.999176471051607,False,False,False,1.0
2024-12-03,2024-12-04 00:00:00,0.14010279003468226,0.0,-0.0715802359120632,0.035025697508670565,0.0,-0.0178950589780158,0.035025697508670565,0.0178950589780158,0.052920756486686364,0.017130638530654767,True,0.25,0.0,-0.0007440372130492756,-1.274583255010291e-05,0.0,4.5308866855039694e-08,-1.2791141416957949e-05,1.0627902364114914,1.062776642111281,-0.15040566439182101,0.9998209587059517,0.0002646037824334318,0.9995563549235182,False,False,False,1.0
2024-12-04,2024-12-05 00:00:00,0.13928104219532517,0.0,0.0,0.06964052109766258,0.0,0.0,0.06964052109766258,0.0,0.06964052109766258,0.06964052109766258,False,0.5,0.0,-0.002603983207178473,-0.00018134274747747152,0.0,5.962373381649193e-08,-0.00018140237121128802,1.0646637424938128,1.0644706099663817,-0.14905148945292057,0.9996519730802548,0.0003482026054883129,0.9993037704747665,False,False,False,1.0
2024-12-05,2024-12-06 00:00:00,0.1382395591575277,0.0,0.0,0.06911977957876385,0.0,0.0,0.06911977957876385,0.0,0.06911977957876385,0.06911977957876385,False,0.5,0.0,0.0023970307747820385,0.00016568223879644803,0.0,5.917789347496905e-08,0.00016562306090297306,1.0654173638204267,1.065593821505362,-0.14815358285298652,0.9998957213493151,0.00034559889789381927,0.9995501224514213,False,False,False,1.0
2024-12-06,2024-12-07 00:00:00,0.13407911345227932,0.0,0.0,0.06703955672613966,0.0,0.0,0.06703955672613966,0.0,0.06703955672613966,0.06703955672613966,False,0.5,0.0,-0.006170075135592423,-0.00041363910205709215,0.0,5.739688075868121e-08,-0.00041369649893785085,1.0670604006532927,1.0666189615013872,-0.14733407563075562,0.9994275194586596,0.00033519778363069833,0.9990923216750289,False,False,False,1.0
2024-12-07,2024-12-08 00:00:00,0.13443968692139988,0.0,0.0,0.06721984346069994,0.0,0.0,0.06721984346069994,0.0,0.06721984346069994,0.06721984346069994,False,0.5,0.0,0.001257512575125741,8.452979844981399e-05,0.0,5.7551235839640364e-08,8.447224721397435e-05,1.0667254165249858,1.06681552521808,-0.14717694061887165,0.9999629711651479,0.0003360992173034997,0.9996268719478444,False,False,False,1.0
2024-12-08,2024-12-09 00:00:00,0.14016587939384723,0.0,0.0,0.07008293969692361,0.0,0.0,0.07008293969692361,0.0,0.07008293969692361,0.07008293969692361,False,0.5,0.0,0.0007044354363614502,4.936890620689559e-05,0.0,6.000251686380447e-08,4.9308903690031785e-05,1.066526635336436,1.0665792245955805,-0.14736584171287515,0.9999372186468929,0.0003504146984846181,0.9995868039484083,False,False,False,1.0
2024-12-09,2024-12-10 00:00:00,0.1476768481141341,0.0,0.0,0.03691921202853352,0.0,0.0,0.03691921202853352,0.0,0.03691921202853352,0.03691921202853352,False,0.25,0.03691921202853352,-0.00023261953115394363,-8.588129792650504e-06,1.845960601426676e-05,3.160891440799102e-08,-2.7079344721325256e-05,1.0632657207901504,1.0632369282511667,-0.15003770702268937,0.9997855257332862,0.00018459606014266763,0.9996009296731435,False,False,False,1.0
2024-12-10,2024-12-11 00:00:00,0.14808023831300737,0.0,0.0,0.03702005957825184,0.0,0.0,0.03702005957825184,0.0,0.03702005957825184,0.03702005957825184,False,0.25,0.0,-0.006326347063622562,-0.00023420174520800583,0.0,3.169525648822932e-08,-0.00023423344046449407,1.060600355306868,1.0603519272366866,-0.15234400584692476,0.9996327910968074,0.0001851002978912592,0.9994476907989162,False,False,False,1.0
2024-12-11,2024-12-12 00:00:00,0.14429861828618393,0.0,0.0,0.03607465457154598,0.0,0.0,0.03607465457154598,0.0,0.03607465457154598,0.03607465457154598,False,0.25,0.0,-0.001563241419307304,-5.6393394213444264e-05,0.0,3.08858343934469e-08,-5.642428004783771e-05,1.0627288009110043,1.062668837203527,-0.15049184471922894,0.9999037294599599,0.0001803732728577299,0.9997233561871022,False,False,False,1.0
2024-12-12,2024-12-13 00:00:00,0.13873391521834566,0.0,0.0,0.06936695760917283,0.0,0.0,0.06936695760917283,0.0,0.06936695760917283,0.06936695760917283,False,0.5,0.0,-0.002793816822354578,-0.00019379857308406395,0.0,5.9389518501004136e-08,-0.00019385796260256496,1.065234260002094,1.0650277558587558,-0.14860610142357122,0.9996630211795472,0.00034683478804586415,0.9993161863915013,False,False,False,1.0
2024-12-13,2024-12-14 00:00:00,0.13407186927785167,0.0,0.0,0.06703593463892583,0.0,0.0,0.06703593463892583,0.0,0.06703593463892583,0.06703593463892583,False,0.5,0.0,-0.010875679252726589,-0.0007290613235397014,0.0,5.739377965661458e-08,-0.000729118717319358,1.0635240664494663,1.0627486311462984,-0.15042805663892278,0.9991483757759403,0.0003351796731946292,0.9988131961027457,False,False,False,1.0
2024-12-14,2024-12-15 00:00:00,0.13197243344529383,0.0,0.0,0.03299310836132346,0.0,0.0,0.03299310836132346,0.0,0.03299310836132346,0.03299310836132346,False,0.25,0.0,0.0007257099476305484,2.3943426941065056e-05,0.0,2.8247524281955013e-08,2.39151794167831e-05,1.0627332179649007,1.0627586334204806,-0.15042006072035274,0.9999585377370599,0.0001649655418066173,0.9997935721952532,False,False,False,1.0
2024-12-15,2024-12-16 00:00:00,0.1312596889054206,0.0,0.0,0.03281492222635515,0.0,0.0,0.03281492222635515,0.0,0.03281492222635515,0.03281492222635515,False,0.25,0.0,-0.0004362632258329002,-1.4315943825925436e-05,0.0,2.8094967659550645e-08,-1.4344038793584986e-05,1.0628345262227024,1.062819280883027,-0.15037157852888672,0.9999550029991321,0.00016407461113177577,0.9997909283880003,False,False,False,1.0
2024-12-16,2024-12-17 00:00:00,0.14086566346210944,0.0,0.0,0.03521641586552736,0.0,0.0,0.03521641586552736,0.0,0.03521641586552736,0.03521641586552736,False,0.25,0.0,-8.878831850145374e-05,-3.126806348348092e-06,0.0,3.0151040980759726e-08,-3.1569573893288516e-06,1.0629598532431137,1.0629564975241506,-0.15026188616604164,0.999893569095791,0.0001760820793276368,0.9997174870164633,False,False,False,1.0
2024-12-17,2024-12-18 00:00:00,0.1419336978617899,0.0,0.0,0.03548342446544747,0.0,0.0,0.03548342446544747,0.0,0.03548342446544747,0.03548342446544747,False,0.25,0.0,-0.004360850934738925,-0.00015473792474788464,0.0,3.0379644234115986e-08,-0.00015476830439211875,1.062862676083704,1.062698178629525,-0.15046838888821135,0.999632635242476,0.00017741712232723737,0.9994552181201488,False,False,False,1.0
2024-12-18,2024-12-19 00:00:00,0.14353634188669107,0.0,0.0,0.035884085471672766,0.0,0.0,0.035884085471672766,0.0,0.035884085471672766,0.035884085471672766,False,0.25,0.0,-0.0006304192804952313,-2.262201934428133e-05,0.0,3.072267591752805e-08,-2.2652742020198858e-05,1.0620452472731867,1.0620211890361866,-0.1510095811773301,0.999912448022156,0.00017942042735836383,0.9997330275947975,False,False,False,1.0
2024-12-19,2024-12-20 00:00:00,0.14459650937071084,0.0,0.0,0.03614912734267771,0.0,0.0,0.03614912734267771,0.0,0.03614912734267771,0.03614912734267771,False,0.25,0.0,0.0042238530988354395,0.00015268860354656616,0.0,3.094959532763502e-08,0.0001526576539512385,1.059294413938148,1.0594561233382234,-0.15306012049208495,0.9998692796601323,0.00018074563671338853,0.9996885340234188,False,False,False,1.0
2024-12-20,2024-12-21 00:00:00,-0.1436254762268288,0.0,0.0,-0.0359063690567072,0.0,0.0,0.0,0.0359063690567072,0.0359063690567072,-0.0359063690567072,False,0.25,0.0,-0.004567341736298025,0.00016399665799161876,0.0,3.0741754329372606e-08,0.00016396591623728937,1.0599509638809583,1.0601247597119177,-0.1525256058507547,0.9999276115596615,0.000179531845283536,0.999748079714378,False,False,False,-1.0
2024-12-21,2024-12-22 00:00:00,-0.13518327505785457,0.0,0.0,-0.03379581876446364,0.0,0.0,0.0,0.03379581876446364,0.03379581876446364,-0.03379581876446364,False,0.25,0.0,0.0006788465511644581,-2.2942175012035224e-05,0.0,2.893477633943805e-08,-2.297110978837466e-05,1.059925425518228,1.059901077854911,-0.15270441937672163,0.999857829328736,0.00016897909382231822,0.9996888502349137,False,False,False,-1.0
2024-12-22,2024-12-23 00:00:00,-0.12793690519586304,0.0,0.0,-0.03198422629896576,0.0,0.0,0.0,0.03198422629896576,0.03198422629896576,-0.03198422629896576,False,0.25,0.0,0.0025988220292672004,-8.312131189481955e-05,0.0,2.7383755392950135e-08,-8.31486956502125e-05,1.060853186829459,1.0607649782706978,-0.1520138086964531,0.9998427606957333,0.0001599211314948288,0.9996828395642384,False,False,False,-1.0
2024-12-23,2024-12-24 00:00:00,-0.1305050748491979,0.0,0.0,-0.032626268712299476,0.0,0.0,0.0,0.032626268712299476,0.032626268712299476,-0.032626268712299476,False,0.25,0.0,-0.0035870513525919634,0.0001170321013144827,0.0,2.7933449239982427e-08,0.00011700416786524271,1.0608654337767196,1.0609895594540157,-0.1518342762399888,0.9999453240260218,0.00016313134356149737,0.9997821926824603,False,False,False,-1.0
2024-12-24,2024-12-25 00:00:00,-0.12969308550138864,0.0,0.0,-0.03242327137534716,0.0,0.0,0.0,0.03242327137534716,0.03242327137534716,-0.03242327137534716,False,0.25,0.0,-0.0020281947638295383,6.576070922970327e-05,0.0,2.775965015012599e-08,6.573294957955315e-05,1.05869480400215,1.0587643951343215,-0.1536130949747081,0.9998937362776928,0.0001621163568767358,0.9997316199208162,False,False,False,-1.0
2024-12-25,2024-12-26 00:00:00,-0.1323292111311891,0.0,0.0,-0.03308230278279727,0.0,0.0,0.0,0.03308230278279727,0.03308230278279727,-0.03308230278279727,False,0.25,0.0,-0.0007739025112992737,2.5602477203169758e-05,0.0,2.8323889368833278e-08,2.5574153313800924e-05,1.058927251313145,1.058954332481018,-0.15346125714963776,0.999973036727975,0.00016541151391398636,0.999807625214061,False,False,False,-1.0
2024-12-26,2024-12-27 00:00:00,-0.1300674693369424,0.0,0.0,-0.0325168673342356,0.0,0.0,0.0,0.0325168673342356,0.0325168673342356,-0.0325168673342356,False,0.25,0.0,0.0005714576358408774,-1.858201213177373e-05,0.0,2.7839783676571577e-08,-1.86098519154503e-05,1.0602650037865613,1.0602452724118496,-0.15242926678648283,0.9999104671803145,0.000162584336671178,0.9997478828436434,False,False,False,-1.0
2024-12-27,2024-12-28 00:00:00,-0.1359741874425709,0.0,0.0,-0.03399354686064272,0.0,0.0,0.0,0.03399354686064272,0.03399354686064272,-0.03399354686064272,False,0.25,0.0,0.0034483902986492954,-0.00011722301721092058,0.0,2.910406409301603e-08,-0.0001172521212750136,1.0605354369853122,1.0604110869556382,-0.15229671297265002,0.9998452118994606,0.00016996773430321362,0.9996752441651574,False,False,False,-1.0
2024-12-28,2024-12-29 00:00:00,-0.14046506538316356,0.0,0.0,-0.03511626634579089,0.0,0.0,0.0,0.03511626634579089,0.03511626634579089,-0.03511626634579089,False,0.25,0.0,-0.0026617005276028394,9.346898466003345e-05,0.0,3.006529652893056e-08,9.343891936350452e-05,1.059826809990009,1.059925839061847,-0.1526846250188839,0.9999886372102008,0.00017558133172895446,0.9998130558784719,False,False,False,-1.0
2024-12-29,2024-12-30 00:00:00,-0.1511819124061763,0.0,0.0,-0.03779547810154407,0.0,0.0,0.0,0.03779547810154407,0.03779547810154407,-0.03779547810154407,False,0.25,0.0,-0.0006635267632335573,2.5078311249582334e-05,0.0,3.2359142210226084e-08,2.5045952107372108e-05,1.0598304725979981,1.0598570170612567,-0.15273964201827006,0.9999091707193246,0.00018897739050772037,0.9997201933288169,False,False,False,-1.0
2024-12-30,2024-12-31 00:00:00,-0.15073437061734427,0.0,0.0,-0.037683592654336066,0.0,0.0,0.0,0.037683592654336066,0.037683592654336066,-0.037683592654336066,False,0.25,0.0,-0.0023560413702856664,8.878410327460882e-05,0.0,3.226334987528772e-08,8.875183992473353e-05,1.060335454577685,1.0604295613002162,-0.15228194439580567,0.9998512402260691,0.00018841796327168033,0.9996628222627975,False,False,False,-1.0
2024-12-31,2025-01-01 00:00:00,-0.15170226334391543,0.0,0.0,-0.03792556583597886,0.0,0.0,0.0,0.03792556583597886,0.03792556583597886,-0.03792556583597886,False,0.25,0.0,-0.001310665835798197,4.970774344453278e-05,0.0,3.2470518695187374e-08,4.967527292583759e-05,1.0592845736548817,1.059337193905184,-0.1531551938768806,0.999977221798664,0.00018962782917989428,0.9997875939694841,False,False,False,-1.0
2025-01-01,2025-01-02 00:00:00,-0.15220596490435995,0.0,0.0,-0.03805149122608999,0.0,0.0,0.0,0.03805149122608999,0.03805149122608999,-0.03805149122608999,False,0.25,0.0,0.0016247681569334649,-6.182485126798413e-05,0.0,3.257833152918663e-08,-6.185742959951331e-05,1.0601054346692997,1.0600398592720066,-0.1525934761162282,0.9999132535218203,0.00019025745613044994,0.9997229960656898,False,False,False,-1.0
2025-01-02,2025-01-03 00:00:00,-0.15100167573033643,0.0,0.0,-0.03775041893258411,0.0,0.0,0.0,0.03775041893258411,0.03775041893258411,-0.03775041893258411,False,0.25,0.0,0.0001963717432611478,-7.41311557463018e-06,0.0,3.232056415460968e-08,-7.44543613878479e-06,1.0587445998997091,1.0587367170844033,-0.15363522108615935,0.9999162430800047,0.00018875209466292055,0.9997274909853417,False,False,False,-1.0
2025-01-03,2025-01-04 00:00:00,-0.15085939985412208,0.0,0.0,-0.03771484996353052,0.0,0.0,0.0,0.03771484996353052,0.03771484996353052,-0.03771484996353052,False,0.25,0.0,0.0030668805042064484,-0.00011566693807222304,0.0,3.229011127014599e-08,-0.00011569922818349318,1.0576947333939255,1.0575723589296182,-0.15456602070456227,0.9997700133476847,0.00018857424981765262,0.999581439097867,False,False,False,-1.0
2025-01-04,2025-01-05 00:00:00,0.149788552646275,0.0,0.0,0.03744713816156875,0.0,0.0,0.03744713816156875,0.0,0.03744713816156875,0.03744713816156875,False,0.25,0.0,0.0012071094584658049,4.520279466730543e-05,0.0,3.2060905960247217e-08,4.517073376134518e-05,1.0574719027208443,1.0575196695026223,-0.15460814116237842,0.9998791154099032,0.00018723569080784374,0.9996918797190953,False,False,False,1.0
2025-01-05,2025-01-06 00:00:00,0.158405726648358,0.0,0.0,0.0396014316620895,0.0,0.0,0.0396014316620895,0.0,0.0396014316620895,0.0396014316620895,False,0.25,0.0,-0.00036630742832899355,-1.4506298590286385e-05,0.0,3.3905335327131426e-08,-1.4540203925613517e-05,1.057779366446651,1.0577639861189545,-0.1544128320022915,0.9999746618745673,0.0001980071583104475,0.9997766547162569,False,False,False,1.0
2025-01-06,2025-01-07 00:00:00,0.1588403330252326,0.0,0.0,0.03971008325630815,0.0,0.0,0.03971008325630815,0.0,0.03971008325630815,0.03971008325630815,False,0.25,0.0,0.006914403426031335,0.0002745715357154066,0.0,3.399835895231862e-08,0.00027453753735645425,1.0578333806832032,1.0581237956544696,-0.15412519664114532,0.9999540067520329,0.00019855041628154073,0.9997554563357514,False,False,False,1.0
2025-01-07,2025-01-08 00:00:00,0.1608267643680214,0.0,0.0,0.04020669109200535,0.0,0.0,0.04020669109200535,0.0,0.04020669109200535,0.04020669109200535,False,0.25,0.0,0.0029491688442617736,0.00011857632069939957,0.0,3.4423536893840195e-08,0.00011854189716250573,1.0550211471102395,1.0551462113185646,-0.15650550750359993,0.9997225109635889,0.00020103345546002675,0.9995214775081288,False,False,False,1.0
2025-01-08,2025-01-09 00:00:00,0.1592013068010483,0.0,0.0,0.039800326700262074,0.0,0.0,0.039800326700262074,0.0,0.039800326700262074,0.039800326700262074,False,0.25,0.0,0.0026386093540349265,0.00010501751432495754,0.0,3.4075622174881915e-08,0.00010498343870278266,1.0536436386665207,1.053754253798875,-0.15761825234317983,0.9999441790949748,0.00019900163350131038,0.9997451774614735,False,False,False,1.0
2025-01-09,2025-01-10 00:00:00,0.14924106310230942,0.0,0.0,0.037310265775577355,0.0,0.0,0.037310265775577355,0.0,0.037310265775577355,0.037310265775577355,False,0.25,0.0,0.005571891021079356,0.00020788873486902385,0.0,3.194372069826828e-08,0.0002078567911483256,1.0532389411302236,1.0534578639968395,-0.1578551893315966,0.9999761286415743,0.00018655132887788678,0.9997895773126964,False,False,False,1.0
2025-01-10,2025-01-11 00:00:00,0.15048811142856222,0.0,0.0,0.037622027857140555,0.0,0.0,0.037622027857140555,0.0,0.037622027857140555,0.037622027857140555,False,0.25,0.0,-0.005354477440394301,-0.00020144629942294505,0.0,3.221064028864773e-08,-0.0002014785100632337,1.0527894294474294,1.0525773150017739,-0.15855910905356851,0.9997755748307581,0.00018811013928570278,0.9995874646914724,False,False,False,1.0
2025-01-11,2025-01-12 00:00:00,-0.16035699152365915,0.10745878729018304,0.0,-0.04008924788091479,0.02686469682254576,0.0,0.02686469682254576,0.04008924788091479,0.06695394470346056,-0.013224551058369026,True,0.25,0.0,-0.0006536886059631541,8.644738345833804e-06,0.0,5.732358279405869e-08,8.587414763039746e-06,1.0523746403894267,1.05238367756695,-0.1587139047662982,0.9999471456667524,0.00033476972351730277,0.999612375943235,False,False,False,-1.0
2025-01-12,2025-01-13 00:00:00,-0.17033431515905398,0.10745878729018304,0.0,-0.042583578789763495,0.02686469682254576,0.0,0.02686469682254576,0.042583578789763495,0.06944827561230926,-0.015718881967217734,True,0.25,0.0,0.0005938115698855828,-9.334053977799741e-06,0.0,5.9459140079031895e-08,-9.393513117878773e-06,1.052309991451823,1.0523001065641142,-0.1587807122664041,0.9999231652151903,0.0003472413780615463,0.9995759238371288,False,False,False,-1.0
2025-01-13,2025-01-14 00:00:00,-0.1776912929382264,0.0,0.0,-0.0444228232345566,0.0,0.0,0.0,0.0444228232345566,0.0444228232345566,-0.0444228232345566,False,0.25,0.0,-0.006008698430500559,0.00026692334824788395,0.0,3.8033239070682015e-08,0.00026688531500881327,1.0553950162477121,1.055676685679082,-0.1560814409650414,0.9999805546261937,0.000222114116172783,0.9997584405100209,False,False,False,-1.0
2025-01-14,2025-01-15 00:00:00,-0.17785585579582913,0.0,0.0,-0.04446396394895728,0.0,0.0,0.0,0.04446396394895728,0.04446396394895728,-0.04446396394895728,False,0.25,0.0,-0.004177015830329811,0.00018572668129400858,0.0,3.806846228506617e-08,0.0001856886128317235,1.0531810000004809,1.0533765637194317,-0.15792018159095966,0.9999945645093541,0.0002223198197447864,0.9997722446896093,False,False,False,-1.0
2025-01-15,2025-01-16 00:00:00,-0.16401340804681555,0.0,0.0,-0.04100335201170389,0.0,0.0,0.0,0.04100335201170389,0.04100335201170389,-0.04100335201170389,False,0.25,0.0,-0.0013326944386211625,5.464493919082363e-05,0.0,3.510560959906155e-08,5.4609833581224566e-05,1.051517845313757,1.0515752685282973,-0.15936015508163193,0.9999030775752408,0.00020501676005851944,0.9996980608151822,False,False,False,-1.0
2025-01-16,2025-01-17 00:00:00,-0.15649634788594333,0.0,0.0,-0.03912408697148583,0.0,0.0,0.0,0.03912408697148583,0.03912408697148583,-0.03912408697148583,False,0.25,0.0,0.008502243563559553,-0.00033264251663345956,0.0,3.349664980435431e-08,-0.00033267601328326393,1.051898258715069,1.05154831739598,-0.1593817000878427,0.9996604580557684,0.00019562043485742917,0.999464837620911,False,False,False,-1.0
2025-01-17,2025-01-18 00:00:00,-0.15217904673889882,0.0,0.0,-0.038044761684724704,0.0,0.0,0.0,0.038044761684724704,0.038044761684724704,-0.038044761684724704,False,0.25,0.0,0.000508710944009616,-1.9353786631257175e-05,0.0,3.257256993555197e-08,-1.9386359201192726e-05,1.0504902155938574,1.0504698504132006,-0.16024383743957227,0.9999746072932235,0.00019022380842362353,0.9997843834847999,False,False,False,-1.0
2025-01-18,2025-01-19 00:00:00,-0.15217164157148275,0.0,0.0,-0.03804291039287069,0.0,0.0,0.0,0.03804291039287069,0.03804291039287069,-0.03804291039287069,False,0.25,0.0,-0.007292457558197185,0.0002774263094303081,0.0,3.2570984925402986e-08,0.00027739373844538266,1.0514989434191107,1.051790622641997,-0.1591879988374132,0.9999022403010841,0.00019021455196435345,0.9997120257491198,False,False,False,-1.0
2025-01-19,2025-01-20 00:00:00,-0.1504899273237148,0.0,0.0,-0.0376224818309287,0.0,0.0,0.0,0.0376224818309287,0.0376224818309287,-0.0376224818309287,False,0.25,0.0,0.0005054236987556138,-1.901529392335386e-05,0.0,3.221102896483621e-08,-1.9047504952318696e-05,1.0499786043641215,1.049958604891455,-0.16065253225104004,0.9998995536929898,0.0001881124091546435,0.9997114412838352,False,False,False,-1.0
2025-01-20,2025-01-21 00:00:00,-0.15766639106272085,0.0,0.0,-0.03941659776568021,0.0,0.0,0.0,0.03941659776568021,0.03941659776568021,-0.03941659776568021,False,0.25,0.0,-0.006509924209711193,0.00025659906405924975,0.0,3.3747087128150866e-08,0.0002565653169721216,1.050181940280017,1.0504513805424034,-0.16025860244003143,0.9999999662529129,0.00019708298882840106,0.9998028832640845,False,False,False,-1.0
2025-01-21,2025-01-22 00:00:00,-0.16796732133160058,0.0,0.0,-0.041991830332900146,0.0,0.0,0.0,0.041991830332900146,0.041991830332900146,-0.041991830332900146,False,0.25,0.0,0.0006893117207285027,-2.8945460823310732e-05,0.0,3.595190953159259e-08,-2.8981412732842324e-05,1.0509212149018299,1.050890757720351,-0.15990735990534588,0.9999382477351456,0.00020995915166450074,0.9997282885834811,False,False,False,-1.0
2025-01-22,2025-01-23 00:00:00,-0.16745124790036733,0.0,0.0,-0.04186281197509183,0.0,0.0,0.0,0.04186281197509183,0.04186281197509183,-0.04186281197509183,False,0.25,0.0,-0.0005638954507353189,2.3606249227742313e-05,0.0,3.58414486088115e-08,2.3570407779133502e-05,1.0510568733932544,1.0510816472323592,-0.15975476090974972,0.9998889509865074,0.00020931405987545916,0.999679636926632,False,False,False,-1.0
2025-01-23,2025-01-24 00:00:00,-0.1689965867597141,0.18600423749151496,0.0,-0.042249146689928525,0.04650105937287874,0.0,0.04650105937287874,0.042249146689928525,0.08875020606280726,0.004251912682950214,True,0.25,0.0,0.0008106664046330092,3.446882767500742e-06,0.0,7.598476546473223e-08,3.37089800203601e-06,1.0517517020426026,1.0517552473903138,-0.15921627816936312,0.9997649922717197,0.0004437510303140363,0.9993212412414056,False,False,False,-1.0
2025-01-24,2025-01-25 00:00:00,-0.1690852497666911,0.0,0.0,-0.04227131244167277,0.0,0.0,0.0,0.04227131244167277,0.04227131244167277,-0.04227131244167277,False,0.25,0.0,0.006190900981266845,-0.00026169750967458934,0.0,3.619119215896641e-08,-0.0002617337008667483,1.0514686173627876,1.05119341259022,-0.15966541455869787,0.9996950271332696,0.00021135656220836388,0.9994836705710612,False,False,False,-1.0
2025-01-25,2025-01-26 00:00:00,-0.1829325597834681,0.0,0.0,-0.04573313994586702,0.0,0.0,0.0,0.04573313994586702,0.04573313994586702,-0.04573313994586702,False,0.25,0.0,0.0002189568654975549,-1.001358497190806e-05,0.0,3.915508557009163e-08,-1.0052740057478152e-05,1.051895385995534,1.0518848115646509,-0.15911270326542482,0.9999149139588516,0.00022866569972933512,0.9996862482591222,False,False,False,-1.0
2025-01-26,2025-01-27 00:00:00,-0.17752934647795282,0.0,0.0,-0.044382336619488205,0.0,0.0,0.0,0.044382336619488205,0.044382336619488205,-0.044382336619488205,False,0.25,0.0,0.000534181585523319,-2.370822694462787e-05,0.0,3.799857587284949e-08,-2.3746225520500718e-05,1.0521697947947029,1.0521448097334698,-0.1589048581145771,0.9999546886640949,0.00022191168309744104,0.9997327769809974,False,False,False,-1.0
2025-01-27,2025-01-28 00:00:00,-0.1817359860706922,0.0,0.0,-0.04543399651767305,0.0,0.0,0.0,0.04543399651767305,0.04543399651767305,-0.04543399651767305,False,0.25,0.0,-0.0035616499343321673,0.00016181999071361813,0.0,3.8898969621295414e-08,0.00016178109174399684,1.0546229157260698,1.0547935337727543,-0.15678744148045265,0.9999076370170429,0.00022716998258836524,0.9996804670344546,False,False,False,-1.0
2025-01-28,2025-01-29 00:00:00,-0.18171980865401285,0.0,0.0,-0.045429952163503214,0.0,0.0,0.0,0.045429952163503214,0.045429952163503214,-0.045429952163503214,False,0.25,0.0,-0.0026738135540090857,0.00012147122185275928,0.0,3.8895506989300695e-08,0.00012143232634576999,1.0539030899305653,1.0540310678345186,-0.15739696441928241,0.9999088220869247,0.00022714976081751606,0.9996816723261072,False,False,False,-1.0
2025-01-29,2025-01-30 00:00:00,-0.17214224510830042,0.0,0.0,-0.043035561277075106,0.0,0.0,0.0,0.043035561277075106,0.043035561277075106,-0.043035561277075106,False,0.25,0.0,0.0007067479910931596,-3.0415296478139398e-05,0.0,3.684551479201636e-08,-3.0452141992931413e-05,1.0552128129788834,1.0551806794884697,-0.1564779533019457,0.9998395537141553,0.00021517780638537554,0.99962437590777,False,False,False,-1.0
2025-01-30,2025-01-31 00:00:00,-0.1712446590678003,0.0,0.0,-0.04281116476695007,0.0,0.0,0.0,0.04281116476695007,0.04281116476695007,-0.04281116476695007,False,0.25,0.0,-0.0030252368442003075,0.00012951391299610742,0.0,3.665339449225177e-08,0.00012947725960161515,1.0527926130560308,1.0529289257584982,-0.15827802787863943,0.9998444942162276,0.00021405582383475036,0.9996304383923929,False,False,False,-1.0
2025-01-31,2025-02-01 00:00:00,-0.17005020940051516,0.0,0.0,-0.04251255235012879,0.0,0.0,0.0,0.04251255235012879,0.04251255235012879,-0.04251255235012879,False,0.25,0.0,0.007764929333556658,-0.0003301069647878781,0.0,3.6397733176480126e-08,-0.0003301433625210546,1.0509538874567603,1.0506069220065009,-0.16013426102941586,0.9996598571837936,0.00021256276175064394,0.9994472944220429,False,False,False,-1.0
2025-02-01,2025-02-02 00:00:00,-0.16501616924169402,0.0,0.0,-0.041254042310423504,0.0,0.0,0.0,0.041254042310423504,0.041254042310423504,-0.041254042310423504,False,0.25,0.0,-0.0014035626535626733,5.790263309540481e-05,0.0,3.532024170412971e-08,5.786731285370068e-05,1.052816036266203,1.052876959901151,-0.15831956990760188,0.9999557458199108,0.00020627021155211753,0.9997494756083587,False,False,False,-1.0
2025-02-02,2025-02-03 00:00:00,-0.15886482060366547,0.0,0.0,-0.03971620515091637,0.0,0.0,0.0,0.03971620515091637,0.03971620515091637,-0.03971620515091637,False,0.25,0.0,0.0023717498243147617,-9.419690258913492e-05,0.0,3.400360030044209e-08,-9.423090618943536e-05,1.0551993766960834,1.0550999443026068,-0.1565424938214448,0.9998366396797019,0.00019858102575458185,0.9996380586539474,False,False,False,-1.0
2025-02-03,2025-02-04 00:00:00,-0.15503752021132333,0.0,0.0,-0.03875938005283083,0.0,0.0,0.0,0.03875938005283083,0.03875938005283083,-0.03875938005283083,False,0.25,0.0,-0.0014312659491845237,5.5474980881118615e-05,0.0,3.318440073016338e-08,5.544179648038845e-05,1.0594620191321784,1.0595207576098218,-0.1530084512053691,0.9996577994270638,0.00019379690026415417,0.9994640025267997,False,False,False,-1.0
2025-02-04,2025-02-05 00:00:00,-0.15176924174200646,0.0,0.0,-0.037942310435501614,0.0,0.0,0.0,0.037942310435501614,0.037942310435501614,-0.037942310435501614,False,0.25,0.0,-0.0001943746535452151,7.375023445605626e-06,0.0,3.248485482491577e-08,7.34253859078071e-06,1.058263793097312,1.058271563440052,-0.15400706958731136,0.9995648411318545,0.00018971155217750808,0.999375129579677,False,False,False,-1.0
2025-02-05,2025-02-06 00:00:00,-0.12711517097190048,0.04839253218138255,0.0,-0.03177879274297512,0.012098133045345637,0.0,0.012098133045345637,0.03177879274297512,0.04387692578832075,-0.01968065969762948,True,0.25,0.0,0.00013341795156573966,-2.6257533023201345e-06,0.0,3.756586112013763e-08,-2.663319163440272e-06,1.0581417480948516,1.0581389299256563,-0.15411309815255958,0.999906298201229,0.00021938462894160378,0.9996869135722874,False,False,False,-1.0
2025-02-06,2025-02-07 00:00:00,-0.12566274005926695,0.04839253218138255,0.0,-0.03141568501481674,0.012098133045345637,0.0,0.012098133045345637,0.03141568501481674,0.04351381806016237,-0.0193175519694711,True,0.25,0.0,-0.0028708416098824907,5.545763199502509e-05,0.0,3.725498121589244e-08,5.54203770138092e-05,1.058567576066733,1.0586262422808932,-0.15372353575508468,0.9998103026191214,0.00021756909030081186,0.9995927335288206,False,False,False,-1.0
2025-02-07,2025-02-08 00:00:00,-0.12688691298011537,0.04839253218138255,0.0,-0.03172172824502884,0.012098133045345637,0.0,0.012098133045345637,0.03172172824502884,0.043819861290374476,-0.019623595199683205,True,0.25,0.0,-0.005284102744006036,0.0001036930932419097,0.0,3.75170045294302e-08,0.00010365557623738028,1.0583724193562514,1.0584821255592536,-0.15383874411168563,0.9996953625102478,0.0002190993064518724,0.9994762632037959,False,False,False,-1.0
2025-02-08,2025-02-09 00:00:00,-0.13152253546979514,0.0,0.0,-0.032880633867448786,0.0,0.0,0.0,0.032880633867448786,0.032880633867448786,-0.032880633867448786,False,0.25,0.0,0.003786915686229131,-0.00012451618816579861,0.0,2.8151227626240397e-08,-0.00012454433939342486,1.0595741611070697,1.0594421971431363,-0.1530712532324876,0.9998646887470827,0.00016440316933724394,0.9997002855777455,False,False,False,-1.0
2025-02-09,2025-02-10 00:00:00,-0.13221003335931192,0.0,0.0,-0.03305250833982798,0.0,0.0,0.0,0.03305250833982798,0.03305250833982798,-0.03305250833982798,False,0.25,0.0,-0.0001545181483448843,5.1072123868240655e-06,0.0,2.8298380427934914e-08,5.07891400639613e-06,1.0587907890523272,1.0587961665596957,-0.15358769657775195,0.9999527611285803,0.0001652625416991399,0.9997874985868812,False,False,False,-1.0
2025-02-10,2025-02-11 00:00:00,-0.13040420031365318,0.0,0.0,-0.032601050078413296,0.0,0.0,0.0,0.032601050078413296,0.032601050078413296,-0.032601050078413296,False,0.25,0.0,0.0017897513187641323,-5.834777237093572e-05,0.0,2.7911857943847e-08,-5.8375684228879565e-05,1.0587365123988586,1.0586747079305292,-0.15368479182736672,0.9999074755142572,0.00016300525039206649,0.9997444702638651,False,False,False,-1.0
2025-02-11,2025-02-12 00:00:00,-0.1298635790231358,0.0,0.0,-0.03246589475578395,0.0,0.0,0.0,0.03246589475578395,0.03246589475578395,-0.03246589475578395,False,0.25,0.0,0.0031043381618853783,-0.00010078511605013449,0.0,2.779614277036297e-08,-0.00010081291219290485,1.058713330983559,1.058606599009485,-0.1537392387837926,0.999833750149595,0.00016232947377891975,0.999671420675816,False,False,False,-1.0
2025-02-12,2025-02-13 00:00:00,-0.1300529025936041,0.0,0.0,-0.03251322564840103,0.0,0.0,0.0,0.03251322564840103,0.03251322564840103,-0.03251322564840103,False,0.25,0.0,-0.0002300878168500775,7.480897108194538e-06,0.0,2.7836665794863892e-08,7.453060442399674e-06,1.0592893647817718,1.0592972597294334,-0.15318711765857718,0.9999211733804613,0.00016256612824200515,0.9997586072522192,False,False,False,-1.0
2025-02-13,2025-02-14 00:00:00,-0.13012928199227694,0.0,0.0,-0.032532320498069235,0.0,0.0,0.0,0.032532320498069235,0.032532320498069235,-0.032532320498069235,False,0.25,0.0,-0.00645045085612006,0.0002098481346083429,0.0,2.7853014125059275e-08,0.00020982028159421783,1.0584995061481262,1.0587216008125733,-0.15364730518587844,0.9999992396927638,0.00016266160249034617,0.9998365780902735,False,False,False,-1.0
2025-02-14,2025-02-15 00:00:00,-0.13662325619599522,0.0,0.0,-0.034155814048998805,0.0,0.0,0.0,0.034155814048998805,0.034155814048998805,-0.034155814048998805,False,0.25,0.0,0.008583738481855008,-0.0002931845754314749,0.0,2.9242991480307197e-08,-0.00029321381842295523,1.0578461117910636,1.0575359366933215,-0.15459513700654115,0.9995368222828848,0.00017077907024499404,0.9993660432126398,False,False,False,-1.0
2025-02-15,2025-02-16 00:00:00,-0.14061282619255852,0.0,0.0,-0.03515320654813963,0.0,0.0,0.0,0.03515320654813963,0.03515320654813963,-0.03515320654813963,False,0.25,0.0,-0.0011135898796951205,3.914625505084053e-05,0.0,3.009692341450311e-08,3.9116158127426026e-05,1.0580674595010322,1.0581088470350877,-0.1541371467178113,0.9999950113774368,0.00017576603274069814,0.9998192453446961,False,False,False,-1.0
2025-02-16,2025-02-17 00:00:00,-0.14198814081290975,0.0,0.0,-0.03549703520322744,0.0,0.0,0.0,0.03549703520322744,0.03549703520322744,-0.03549703520322744,False,0.25,0.0,-0.0018227960654280118,6.47038561028026e-05,0.0,3.039129726303719e-08,6.467346480553957e-05,1.0579860044439073,1.0580544280645305,-0.15418064979014368,0.9999999696087027,0.0001774851760161372,0.9998224844326866,False,False,False,-1.0
2025-02-17,2025-02-18 00:00:00,-0.14191705772623722,0.0,0.0,-0.035479264431559306,0.0,0.0,0.0,0.035479264431559306,0.035479264431559306,-0.035479264431559306,False,0.25,0.0,-0.007573084042147182,0.0002686874512937619,0.0,3.037608256126653e-08,0.0002686570752112006,1.0584267630239383,1.0587111168624177,-0.1536556861610655,0.9998609625164483,0.00017739632215779653,0.9996835661942906,False,False,False,-1.0
2025-02-18,2025-02-19 00:00:00,-0.14382137172387377,0.0,0.0,-0.03595534293096844,0.0,0.0,0.0,0.03595534293096844,0.03595534293096844,-0.03595534293096844,False,0.25,0.0,-0.0031392023741616537,0.00011287109789269257,0.0,3.07836840162401e-08,0.00011284031420867633,1.0597188819035228,1.0598384609151297,-0.15275447598809544,0.999973293030472,0.0001797767146548422,0.9997935163158171,False,False,False,-1.0
2025-02-19,2025-02-20 00:00:00,-0.14354118059139845,0.0,0.0,-0.03588529514784961,0.0,0.0,0.0,0.03588529514784961,0.03588529514784961,-0.03588529514784961,False,0.25,0.0,-0.0036792818751039125,0.00013203211602023744,0.0,3.072371159918631e-08,0.00013200139230863826,1.0593506391849077,1.0594904749442233,-0.15303265947278877,0.9999928109085524,0.00017942647573924807,0.9998133844328132,False,False,False,-1.0
2025-02-20,2025-02-21 00:00:00,-0.14419284944325894,0.0,0.0,-0.036048212360814735,0.0,0.0,0.0,0.036048212360814735,0.036048212360814735,-0.036048212360814735,False,0.25,0.0,-0.005878709469340215,0.0002119169673583086,0.0,3.0863195514396176e-08,0.0002118861041627942,1.0590373261638557,1.0592617214570597,-0.15321552731090649,0.9999999691368044,0.00018024106180407367,0.9998197280750004,False,False,False,-1.0
2025-02-21,2025-02-22 00:00:00,-0.14381040612557583,0.0,0.0,-0.03595260153139396,0.0,0.0,0.0,0.03595260153139396,0.03595260153139396,-0.03595260153139396,False,0.25,0.0,-0.00035231943628888374,1.2666800304659578e-05,0.0,3.078133692756332e-08,1.2636018967732015e-05,1.0590518394600164,1.0590652216591476,-0.1533726112254744,0.9997408275957635,0.00017976300765696978,0.9995610645881066,False,False,False,-1.0
2025-02-22,2025-02-23 00:00:00,-0.14358300530618584,0.0,0.0,-0.03589575132654646,0.0,0.0,0.0,0.03589575132654646,0.03589575132654646,-0.03589575132654646,False,0.25,0.0,0.009730138695397628,-0.0003492706389828004,0.0,3.073266380697471e-08,-0.0003493013716466074,1.0586847498903285,1.0583149498550504,-0.1539723860508424,0.9995115126466129,0.0001794787566327323,0.9993320338899802,False,False,False,-1.0
2025-02-23,2025-02-24 00:00:00,-0.14338765087576918,0.0,0.0,-0.035846912718942296,0.0,0.0,0.0,0.035846912718942296,0.035846912718942296,-0.035846912718942296,False,0.25,0.0,-0.00101945581161611,3.654434349982118e-05,0.0,3.069084993060128e-08,3.651365264989058e-05,1.0581688457511933,1.058207483360872,-0.1540582958470348,0.9999782228512223,0.0001792345635947115,0.9997989882876276,False,False,False,-1.0
2025-02-24,2025-02-25 00:00:00,-0.14230488303503244,0.0,0.0,-0.03557622075875811,0.0,0.0,0.0,0.03557622075875811,0.03557622075875811,-0.03557622075875811,False,0.25,0.0,0.003456264668372011,-0.00012296083484269855,0.0,3.0459093115375094e-08,-0.00012299129393581392,1.06002083064853,1.0598904573149697,-0.15271290954315708,0.9998541884637898,0.00017788110379379055,0.999676307359996,False,False,False,-1.0
2025-02-25,2025-02-26 00:00:00,-0.14561376435652443,0.0,0.0,-0.03640344108913111,0.0,0.0,0.0,0.03640344108913111,0.03640344108913111,-0.03640344108913111,False,0.25,0.03640344108913111,0.004664443518132666,-0.00016980179482592195,1.8201720544565553e-05,3.116732969959855e-08,-0.0001880346827001871,1.0632792879833044,1.0630793545997668,-0.15016367298427136,0.9995350320951754,0.00018201720544565553,0.9993530148897297,False,False,False,-1.0
2025-02-26,2025-02-27 00:00:00,-0.1430275919327385,0.0,0.0,-0.03575689798318463,0.0,0.0,0.0,0.03575689798318463,0.03575689798318463,-0.03575689798318463,False,0.25,0.0,-0.002763735519134669,9.882260901020217e-05,0.0,3.061378251984985e-08,9.879199522768233e-05,1.062046617468649,1.0621515391730136,-0.15090537796707315,0.9998714853106099,0.00017878448991592313,0.999692700820694,False,False,False,-1.0
2025-02-27,2025-02-28 00:00:00,-0.13065149477224003,0.0,0.0,-0.03266287369306001,0.0,0.0,0.0,0.03266287369306001,0.03266287369306001,-0.03266287369306001,False,0.25,0.0,-0.0003743255685876301,1.2226548766860634e-05,0.0,2.796478912077055e-08,1.2198583977739862e-05,1.0625972739989926,1.062610236181074,-0.1505386909659039,0.9998550804055714,0.00016331436846530003,0.9996917660371061,False,False,False,-1.0
2025-02-28,2025-03-01 00:00:00,-0.13331105149751027,0.0,0.0,-0.06665552574875513,0.0,0.0,0.0,0.06665552574875513,0.06665552574875513,-0.06665552574875513,False,0.5,0.0,0.004469208105128075,-0.00029789741592790956,0.0,5.706808711366022e-08,-0.0002979544840150232,1.0647776888294205,1.0644604335425545,-0.1490596245884681,0.9995701152144921,0.00033327762874377567,0.9992368375857483,False,False,False,-1.0
2025-03-01,2025-03-02 00:00:00,-0.1324646161035582,0.0,0.0,-0.0662323080517791,0.0,0.0,0.0,0.0662323080517791,0.0662323080517791,-0.0662323080517791,False,0.5,0.0,0.0003359921202943372,-2.2253533614304963e-05,0.0,5.6705743195016345e-08,-2.2310239357499978e-05,1.065549226870712,1.0655254542124133,-0.1482082363545112,0.9998072825648836,0.0003311615402588955,0.9994761210246247,False,False,False,-1.0
2025-03-02,2025-03-03 00:00:00,-0.13122291036868924,0.0,0.0,-0.03280572759217231,0.0,0.0,0.0,0.03280572759217231,0.03280572759217231,-0.03280572759217231,False,0.25,0.0,-0.008906666666666618,0.00029218968042094646,0.0,2.8087095541243418e-08,0.00029216159332540523,1.062698785004084,1.0630092647743359,-0.1502197034955851,0.9999221129860857,0.00016402863796086156,0.9997580843481249,False,False,False,-1.0
2025-03-03,2025-03-04 00:00:00,-0.1365099511996323,0.0,0.0,-0.034127487799908075,0.0,0.0,0.0,0.034127487799908075,0.034127487799908075,-0.034127487799908075,False,0.25,0.0,-0.006095150380349468,0.00020801217024398152,0.0,2.921873955471582e-08,0.00020798295150442682,1.0616277284896707,1.061848528958041,-0.15114760738017052,0.9999907785114421,0.00017063743899954037,0.9998201410724425,False,False,False,-1.0
2025-03-04,2025-03-05 00:00:00,-0.14087201888439124,0.0,0.0,-0.07043600944219562,0.0,0.0,0.0,0.07043600944219562,0.07043600944219562,-0.07043600944219562,False,0.5,0.0,0.0003760467840767667,-2.648723483393844e-05,0.0,6.030480260461954e-08,-2.654753963654306e-05,1.0673537801099218,1.0673254444931382,-0.14676930602234317,0.9996165539499727,0.00035218004721097813,0.9992643739027618,False,False,False,-1.0
2025-03-05,2025-03-06 00:00:00,-0.14102089735904302,0.027394069049738495,0.0,-0.035255224339760756,0.006848517262434624,0.0,0.006848517262434624,0.035255224339760756,0.04210374160219538,-0.02840670707732613,True,0.25,0.0,-0.001201236862898969,3.412318369485718e-05,0.0,3.604772397448234e-08,3.40871359708827e-05,1.0625790827501849,1.0626153030278584,-0.15053464047762932,0.9999117362462726,0.0002105187080109769,0.9997012175382616,False,False,False,-1.0
2025-03-06,2025-03-07 00:00:00,-0.13242038275088924,0.027394069049738495,0.0,-0.03310509568772231,0.006848517262434624,0.0,0.006848517262434624,0.03310509568772231,0.03995361295015693,-0.026256578425287686,True,0.25,0.0,-0.0039228318521590255,0.00010300014217543001,0.0,3.4206860402531614e-08,0.00010296593531502748,1.0616060168943995,1.0617153261508652,-0.15125409104379228,0.9999205184747595,0.00019976806475078467,0.9997207504100087,False,False,False,-1.0
2025-03-07,2025-03-08 00:00:00,-0.15123740505194894,0.027394069049738495,0.0,-0.037809351262987234,0.006848517262434624,0.0,0.006848517262434624,0.037809351262987234,0.044657868525421855,-0.03096083400055261,True,0.25,0.0,0.004678591239349217,-0.00014485308671793081,0.0,3.8234476477244736e-08,-0.00014489132119440806,1.0621640270070125,1.0620101286578143,-0.15101842295503054,0.9995414008680934,0.00022328934262710927,0.9993181115254662,False,False,False,-1.0
2025-03-08,2025-03-09 00:00:00,-0.1507071452973336,0.0,0.0,-0.0376767863243334,0.0,0.0,0.0,0.0376767863243334,0.0376767863243334,-0.0376767863243334,False,0.25,0.0,-0.0013914444474960597,5.2425155130489184e-05,0.0,3.2257522537956676e-08,5.2392897607951226e-05,1.0617726707195847,1.0618283000664046,-0.1511637785595782,0.9999446109174878,0.000188383931621667,0.9997562269858661,False,False,False,-1.0
2025-03-09,2025-03-10 00:00:00,-0.15036400110883616,0.0,0.0,-0.03759100027720904,0.0,0.0,0.0,0.03759100027720904,0.03759100027720904,-0.03759100027720904,False,0.25,0.0,-0.004807486960937468,0.00018071824368127922,0.0,3.2184075579802264e-08,0.00018068605960569942,1.0631973086930058,1.0633894136252968,-0.14991580868112742,0.9999826631074968,0.0001879550013860452,0.9997947081061108,False,False,False,-1.0
2025-03-10,2025-03-11 00:00:00,-0.1509378658080276,0.0,0.0,-0.0754689329040138,0.0,0.0,0.0,0.0754689329040138,0.0754689329040138,-0.0754689329040138,False,0.5,0.0,-0.004554111528859206,0.0003436939374088711,0.0,6.461381241782004e-08,0.0003436293235964533,1.0640464952885498,1.064412132866001,-0.14909823663504485,0.9995210725438173,0.000377344664520069,0.9991437278792972,False,False,False,-1.0
2025-03-11,2025-03-12 00:00:00,-0.1492727729838731,0.0,0.0,-0.07463638649193655,0.0,0.0,0.0,0.07463638649193655,0.07463638649193655,-0.07463638649193655,False,0.5,0.0,0.0021984924623115187,-0.00016408753311669176,0.0,6.390101583213745e-08,-0.0001641514341325239,1.068399229559839,1.0682238502940806,-0.1460511113901748,0.9993596040352264,0.00037318193245968275,0.9989864221027667,False,False,False,-1.0
2025-03-12,2025-03-13 00:00:00,-0.14994459506702762,0.0,0.0,-0.07497229753351381,0.0,0.0,0.0,0.07497229753351381,0.07497229753351381,-0.07497229753351381,False,0.5,0.0,0.007208546815147487,-0.0005404413166095008,0.0,6.418861090198099e-08,-0.0005405055052204028,1.0705913534083507,1.070012692887992,-0.14462109263095313,0.9994033499932783,0.0003748614876675691,0.9990284885056108,False,False,False,-1.0
2025-03-13,2025-03-14 00:00:00,-0.14783392633780099,0.0,0.0,-0.07391696316890049,0.0,0.0,0.0,0.07391696316890049,0.07391696316890049,-0.07391696316890049,False,0.5,0.0,-0.0019154030327214189,0.00014158077542326941,0.0,6.328507120625042e-08,0.00014151749035206317,1.0695282798664902,1.0696796368245176,-0.14488734099750145,0.9999409447251691,0.0003695848158445025,0.9995713599093247,False,False,False,-1.0
2025-03-14,2025-03-15 00:00:00,-0.1478840130643313,0.0,0.0,-0.07394200653216565,0.0,0.0,0.0,0.07394200653216565,0.07394200653216565,-0.07394200653216565,False,0.5,0.0,-0.005972881566291166,0.0004416468477905532,0.0,6.330651244192263e-08,0.0004415835412781113,1.067240716825229,1.0677119927603609,-0.1464602954501696,0.9999594046018289,0.00036971003266082823,0.999589694569168,False,False,False,-1.0
2025-03-15,2025-03-16 00:00:00,-0.14777704403785014,0.0,0.0,-0.07388852201892507,0.0,0.0,0.0,0.07388852201892507,0.07388852201892507,-0.07388852201892507,False,0.5,0.0,-0.00016514424317481957,1.2202264048121371e-05,0.0,6.326072090661392e-08,1.2139003327214757e-05,1.0670574969845028,1.067070449999009,-0.14697315118532417,0.999950746362335,0.00036944261009462536,0.9995813037522404,False,False,False,-1.0
2025-03-16,2025-03-17 00:00:00,-0.14558296370527,0.0,0.0,-0.072791481852635,0.0,0.0,0.0,0.072791481852635,0.072791481852635,-0.072791481852635,False,0.5,0.0,0.0008609033675581745,-6.266643185648322e-05,0.0,6.232147418889983e-08,-6.272875333067212e-05,1.068831318428558,1.0687642719724322,-0.14561909286570363,0.9998403881741059,0.000363957409263175,0.9994764307648427,False,False,False,-1.0
2025-03-17,2025-03-18 00:00:00,-0.14621387608284536,0.0,0.0,-0.07310693804142268,0.0,0.0,0.0,0.07310693804142268,0.07310693804142268,-0.07310693804142268,False,0.5,0.0,0.0037655131296121525,-0.00027528513506071923,0.0,6.259155654231393e-08,-0.00027534772661726154,1.0680319590339014,1.0677378788620266,-0.14643960184017213,0.9995828039607334,0.0003655346902071134,0.9992172692705263,False,False,False,-1.0
2025-03-18,2025-03-19 00:00:00,-0.14970375620799597,0.0,0.0,-0.07485187810399799,0.0,0.0,0.0,0.07485187810399799,0.07485187810399799,-0.07485187810399799,False,0.5,0.0,-0.005935172902209573,0.00044425883860234295,0.0,6.408551207534075e-08,0.00044419475309026763,1.0688499027663712,1.069324680285021,-0.14517109682482598,0.9999251675079911,0.00037425939051998993,0.9995509081174712,False,False,False,-1.0
2025-03-19,2025-03-20 00:00:00,-0.1485298931834915,0.0,0.0,-0.037132473295872874,0.0,0.0,0.0,0.037132473295872874,0.037132473295872874,-0.037132473295872874,False,0.25,0.0,0.000977092076271724,-3.628184542976877e-05,0.0,3.17915011094802e-08,-3.631363693087825e-05,1.0627114893048482,1.0626728983856633,-0.15048859816938742,0.9998058603354496,0.00018566236647936436,0.9996201979689703,False,False,False,-1.0
2025-03-20,2025-03-21 00:00:00,0.1487105261898922,0.0,0.0,0.03717763154747305,0.0,0.0,0.03717763154747305,0.0,0.03717763154747305,0.03717763154747305,False,0.25,0.0,-0.001296274729225555,-4.819242426744808e-05,0.0,3.183016399612418e-08,-4.8224254431444207e-05,1.0614709398828666,1.0614197512381902,-0.15149037660145914,0.999907913109419,0.00018588815773736524,0.9997220249516816,False,False,False,1.0
2025-03-21,2025-03-22 00:00:00,0.13462488934836433,0.0,0.0,0.033656222337091084,0.0,0.0,0.033656222337091084,0.0,0.033656222337091084,0.033656222337091084,False,0.25,0.0,-0.00022043030045171275,-7.418851201834633e-06,0.0,2.8815258850249217e-08,-7.447666460684882e-06,1.0610294365322306,1.0610215343388822,-0.15180871519546835,0.9999511447919477,0.00016828111168545542,0.9997828636802623,False,False,False,1.0
2025-03-22,2025-03-23 00:00:00,0.13406722860826303,0.0,0.0,0.03351680715206576,0.0,0.0,0.03351680715206576,0.0,0.03351680715206576,0.03351680715206576,False,0.25,0.0,0.001058334383268189,3.547198942640034e-05,0.0,2.8695896534302875e-08,3.544329352986604e-05,1.0616375961181024,1.0616752240510439,-0.15128614906567972,0.9999957484482194,0.0001675840357603288,0.999828164412459,False,False,False,1.0
2025-03-23,2025-03-24 00:00:00,0.13460725346264718,0.0,0.0,0.033651813365661795,0.0,0.0,0.033651813365661795,0.0,0.033651813365661795,0.033651813365661795,False,0.25,0.0,0.00021925453458249144,7.378312677345042e-06,0.0,2.8811484045943316e-08,7.3495011932990984e-06,1.0620419111572728,1.0620497166355662,-0.15098677592749576,0.9999832022960674,0.00016825906682830898,0.9998149432292391,False,False,False,1.0
2025-03-24,2025-03-25 00:00:00,0.13376928449137782,0.0,0.0,0.033442321122844454,0.0,0.0,0.033442321122844454,0.0,0.033442321122844454,0.033442321122844454,False,0.25,0.0,0.0014855992715772093,4.968188789994884e-05,0.0,2.863212424901066e-08,4.965325577569983e-05,1.062928789539291,1.0629815674143492,-0.1502418450436993,0.9999361862343784,0.00016721160561422227,0.9997689746287642,False,False,False,1.0
2025-03-25,2025-03-26 00:00:00,0.13344838576293028,0.0,0.0,0.03336209644073257,0.0,0.0,0.03336209644073257,0.0,0.03336209644073257,0.03336209644073257,False,0.25,0.0,-0.0029321129056369966,-9.782143353297807e-05,0.0,2.856343873350391e-08,-9.784999697171157e-05,1.0627104477912135,1.0626064615771154,-0.1505417084222681,0.9998617664835928,0.00016681048220366286,0.9996949560013891,False,False,False,1.0
2025-03-26,2025-03-27 00:00:00,0.13107347376782144,0.0,0.0,0.03276836844195536,0.0,0.0,0.03276836844195536,0.0,0.03276836844195536,0.03276836844195536,False,0.25,0.0,-0.002997052485572138,-9.820852008710593e-05,0.0,2.805510996742753e-08,-9.823657519707336e-05,1.061784050383056,1.0616797443543475,-0.1512825354897599,0.9998197877179533,0.0001638418422097768,0.9996559458757436,False,False,False,1.0
2025-03-27,2025-03-28 00:00:00,0.1312767540873157,0.0,0.0,0.032819188521828926,0.0,0.0,0.032819188521828926,0.0,0.032819188521828926,0.032819188521828926,False,0.25,0.0,0.0009032927766521315,2.9645335927352614e-05,0.0,2.809862030978504e-08,2.961723730704283e-05,1.0615326774588303,1.0615641171240477,-0.15137496906047676,0.9999382244337299,0.00016409594260914464,0.9997741284911208,False,False,False,1.0
2025-03-28,2025-03-29 00:00:00,0.13265072067150194,0.0,0.0,0.033162680167875484,0.0,0.0,0.033162680167875484,0.0,0.033162680167875484,0.033162680167875484,False,0.25,0.0,-0.004032022128248158,-0.0001337126602688903,0.0,2.8392705623181065e-08,-0.0001337410529745135,1.059313987924519,1.0591723141563434,-0.15328700040623122,0.9998502063717162,0.00016581340083937743,0.9996843929708767,False,False,False,1.0
2025-03-29,2025-03-30 00:00:00,0.14611756305505058,0.0,0.0,0.036529390763762645,0.0,0.0,0.036529390763762645,0.0,0.036529390763762645,0.036529390763762645,False,0.25,0.0,0.0031070120355833897,0.00011349725675553925,0.0,3.127516332513925e-08,0.00011346598159221411,1.058401213596876,1.0585213061294951,-0.15380742276981174,0.9999796586894173,0.00018264695381881322,0.9997970117355984,False,False,False,1.0
2025-03-30,2025-03-31 00:00:00,-0.13982945037076872,0.0,0.0,-0.03495736259269218,0.0,0.0,0.0,0.03495736259269218,0.03495736259269218,-0.03495736259269218,False,0.25,0.0,-0.0005620949609841386,1.9649357362647694e-05,0.0,2.9929248795113165e-08,1.9619428113852582e-05,1.0592343997500666,1.0592551813232283,-0.15322075555966264,0.9999310046792236,0.0001747868129634609,0.9997562178662601,False,False,False,-1.0
2025-03-31,2025-04-01 00:00:00,-0.1418940529709711,0.10183693489167273,0.0,-0.035473513242742775,0.02545923372291818,0.0,0.02545923372291818,0.035473513242742775,0.06093274696566096,-0.010014279519824594,True,0.25,0.0,0.0002280625543007453,-2.283882166772838e-06,0.0,5.216844774457273e-08,-2.3360506145174107e-06,1.0590104065096315,1.0590079326077206,-0.15341840866931733,0.9998594434448637,0.0003046637348283048,0.9995547797100354,False,False,False,-1.0
2025-04-01,2025-04-02 00:00:00,-0.14422116944556884,0.0,0.0,-0.03605529236139221,0.0,0.0,0.0,0.03605529236139221,0.03605529236139221,-0.03605529236139221,False,0.25,0.0,-0.0009841904642878818,3.5485274929193916e-05,0.0,3.08692571587262e-08,3.545440567203519e-05,1.0583781785777715,1.058415702747069,-0.15389184317573257,0.999839816011618,0.00018027646180696105,0.999659539549811,False,False,False,-1.0
2025-04-02,2025-04-03 00:00:00,-0.1438575562204559,0.0,0.0,-0.035964389055113975,0.0,0.0,0.0,0.035964389055113975,0.035964389055113975,-0.035964389055113975,False,0.25,0.0,-0.007242971132556342,0.00026048903172621576,0.0,3.079142898554279e-08,0.0002604582402972302,1.0584649758606404,1.0587406617856692,-0.1536320676522972,0.9999147045940046,0.00017982194527556988,0.999734882648729,False,False,False,-1.0
2025-04-03,2025-04-04 00:00:00,-0.1418208595017598,0.0,0.0,-0.03545521487543995,0.0,0.0,0.0,0.03545521487543995,0.03545521487543995,-0.03545521487543995,False,0.25,0.0,0.0016802472604664498,-5.957352766370729e-05,0.0,3.0355492187876666e-08,-5.960388315589517e-05,1.0611691417336364,1.061105891932104,-0.15174127888709754,0.9999250544391514,0.00017727607437719974,0.9997477783647741,False,False,False,-1.0
2025-04-04,2025-04-05 00:00:00,-0.14351874152255512,0.0,0.0,-0.03587968538063878,0.0,0.0,0.0,0.03587968538063878,0.03587968538063878,-0.03587968538063878,False,0.25,0.0,0.0015899404190746758,-5.704656201036034e-05,0.0,3.071890871630032e-08,-5.707728091907664e-05,1.0608553055187688,1.0607947547824812,-0.15199000505348337,0.9997565706165137,0.00017939842690319389,0.9995771721896105,False,False,False,-1.0
2025-04-05,2025-04-06 00:00:00,-0.15347312083748701,0.0,0.0,-0.038368280209371754,0.0,0.0,0.0,0.038368280209371754,0.038368280209371754,-0.038368280209371754,False,0.25,0.0,0.001567864950069886,-6.015628173473404e-05,0.0,3.2849554973777184e-08,-6.0189131289707814e-05,1.0611502534526456,1.0610863837407225,-0.15175687393147363,0.9999171714078424,0.00019184140104685878,0.9997253300067955,False,False,False,-1.0
2025-04-06,2025-04-07 00:00:00,-0.16110806818334686,0.0,0.0,-0.040277017045836715,0.0,0.0,0.0,0.040277017045836715,0.040277017045836715,-0.040277017045836715,False,0.25,0.0,-0.003002798835140652,0.00012094377986817867,0.0,3.4483747470750606e-08,0.00012090929612070793,1.0614916289781509,1.0616199731838487,-0.1513303171645506,0.9999823944387999,0.00020138508522918357,0.9997810093535707,False,False,False,-1.0
2025-04-07,2025-04-08 00:00:00,-0.16511580101857765,0.0,0.0,-0.08255790050928882,0.0,0.0,0.0,0.08255790050928882,0.08255790050928882,-0.08255790050928882,False,0.5,0.0,-0.006548755034435194,0.000540651466592605,0.0,7.06831339976788e-08,0.0005405807834586074,1.069335083864964,1.0699131458623796,-0.14470067152433086,0.9999308987689872,0.0004127895025464441,0.9995181092664408,False,False,False,-1.0
2025-04-08,2025-04-09 00:00:00,-0.16555831937076682,0.0,0.0,-0.08277915968538341,0.0,0.0,0.0,0.08277915968538341,0.08277915968538341,-0.08277915968538341,False,0.5,0.0,-0.002748147279855173,0.0002274893225180834,0.0,7.087256822378716e-08,0.00022741844994985964,1.0709873567555044,1.0712309190400935,-0.14364723039376748,0.9998759420559171,0.00041389579842691704,0.9994620462574902,False,False,False,-1.0
2025-04-09,2025-04-10 00:00:00,-0.13854799441635768,0.0,0.0,-0.06927399720817884,0.0,0.0,0.0,0.06927399720817884,0.06927399720817884,-0.06927399720817884,False,0.5,0.0,0.0032419289477241264,-0.0002245813768737553,0.0,5.930992911659147e-08,-0.0002246406868028719,1.0736118528475713,1.073370675943588,-0.14193668720646524,0.9992354282529632,0.0003463699860408942,0.9988890582669223,False,False,False,-1.0
2025-04-10,2025-04-11 00:00:00,-0.139856739438343,0.0,0.0,-0.0699283697191715,0.0,0.0,0.0,0.0699283697191715,0.0699283697191715,-0.0699283697191715,False,0.5,0.0,-0.0041339093735229815,0.0002890775430572637,0.0,5.987017955408519e-08,0.00028901767287770963,1.072284217469505,1.0725941265587018,-0.14255746859417873,0.9996964319847748,0.0003496418485958575,0.9993467901361789,False,False,False,-1.0
2025-04-11,2025-04-12 00:00:00,-0.14052003035132837,0.0,0.0,-0.07026001517566419,0.0,0.0,0.0,0.07026001517566419,0.07026001517566419,-0.07026001517566419,False,0.5,0.0,-0.001218485250586987,8.561079219756468e-05,0.0,6.015412258190427e-08,8.555063807498278e-05,1.0690116316800795,1.0691030863072795,-0.14534824127911128,0.9999663230426585,0.00035130007587832096,0.9996150229667802,False,False,False,-1.0
2025-04-12,2025-04-13 00:00:00,-0.14329264397867167,0.0,0.0,-0.07164632198933583,0.0,0.0,0.0,0.07164632198933583,0.07164632198933583,-0.07164632198933583,False,0.5,0.0,-0.0028905563116501387,0.0002070977282327928,0.0,6.134102910045876e-08,0.00020703638720369236,1.0645409194921307,1.064761318198133,-0.14881909436892626,0.9999391037013025,0.0003582316099466792,0.9995808720913558,False,False,False,-1.0
2025-04-13,2025-04-14 00:00:00,-0.13904603192347986,0.0,0.0,-0.06952301596173993,0.0,0.0,0.0,0.06952301596173993,0.06952301596173993,-0.06952301596173993,False,0.5,0.0,0.0027427040281096104,-0.00019068105592459286,0.0,5.952313010422939e-08,-0.0001907405790546971,1.0680761583999814,1.0678724329350537,-0.14633203796103977,0.9997068891766356,0.00034761507980869965,0.9993592740968269,False,False,False,-1.0
2025-04-14,2025-04-15 00:00:00,-0.13342935284835156,0.0,0.0,-0.06671467642417578,0.0,0.0,0.0,0.06671467642417578,0.06671467642417578,-0.06671467642417578,False,0.5,0.0,-0.005485677982150161,0.0003659752315463735,0.0,5.711872981521899e-08,0.00036591811281655825,1.0655365963257901,1.0659264954662546,-0.14788763994308474,0.9999326979890595,0.0003335733821208789,0.9995991246069386,False,False,False,-1.0
2025-04-15,2025-04-16 00:00:00,-0.13269325919929315,0.0,0.0,-0.06634662959964657,0.0,0.0,0.0,0.06634662959964657,0.06634662959964657,-0.06634662959964657,False,0.5,0.0,0.0029573168845471454,-0.0001962080079478302,0.0,5.680362123257412e-08,-0.00019626481156906277,1.066388330395534,1.0661790358908094,-0.1476857565880012,0.999793473263329,0.0003317331479982329,0.9994617401153307,False,False,False,-1.0
2025-04-16,2025-04-17 00:00:00,-0.13154966564057843,0.0,0.0,-0.06577483282028922,0.0,0.0,0.0,0.06577483282028922,0.06577483282028922,-0.06577483282028922,False,0.5,0.0,-0.0017632921480160713,0.00011598024624908575,0.0,5.63140691954531e-08,0.0001159239321798903,1.0673215835099923,1.0674453116248532,-0.14667348303179606,0.9999157445036005,0.0003288741641014461,0.9995868703394991,False,False,False,-1.0
2025-04-17,2025-04-18 00:00:00,-0.1319312607336855,0.0,0.0,-0.06596563036684275,0.0,0.0,0.0,0.06596563036684275,0.06596563036684275,-0.06596563036684275,False,0.5,0.0,0.00014530659691947,-9.58524126225357e-06,0.0,5.647742325928317e-08,-9.641718685512853e-06,1.0677080392478955,1.0676977447073428,-0.14647168548703904,0.9998240751828953,0.00032982815183421377,0.999494247031061,False,False,False,-1.0
2025-04-18,2025-04-19 00:00:00,-0.13216722668186728,0.0,0.0,-0.06608361334093364,0.0,0.0,0.0,0.06608361334093364,0.06608361334093364,-0.06608361334093364,False,0.5,0.0,0.001664219904829567,-0.00010997766470504248,0.0,5.657843607956647e-08,-0.00011003424314112205,1.0677953868718408,1.0676778928146167,-0.14648755528972657,0.9998673847914822,0.00033041806670466823,0.9995369667247775,False,False,False,-1.0
2025-04-19,2025-04-20 00:00:00,-0.13245004780633102,0.0,0.0,-0.06622502390316551,0.0,0.0,0.0,0.06622502390316551,0.06622502390316551,-0.06622502390316551,False,0.5,0.0,0.0008219382799072861,-5.443288223378676e-05,0.0,5.6699506766408824e-08,-5.448958174055317e-05,1.066644461755409,1.066586340744822,-0.14736015299160743,0.9999364382712205,0.00033112511951582756,0.9996053131517046,False,False,False,-1.0
2025-04-20,2025-04-21 00:00:00,-0.14648928928161795,0.0,0.0,-0.07324464464080897,0.0,0.0,0.0,0.07324464464080897,0.07324464464080897,-0.07324464464080897,False,0.5,0.0,-0.0015923970968887424,0.00011663455948867179,0.0,6.270945602808987e-08,0.0001165718500326437,1.0680912044981872,1.0682157138658992,-0.14605761573268772,0.999954863377116,0.00036622322320404487,0.999588640153912,False,False,False,-1.0
2025-04-21,2025-04-22 00:00:00,-0.1472493807991501,0.0,0.0,-0.07362469039957505,0.0,0.0,0.0,0.07362469039957505,0.07362469039957505,-0.07362469039957505,False,0.5,0.0,-0.0016234864371237334,0.00011952868630114403,0.0,6.303483767086903e-08,0.00011946565146347317,1.0656060024196823,1.0657333057349647,-0.14804207775710698,0.9999872596802516,0.00036812345199787526,0.9996191362282537,False,False,False,-1.0
2025-04-22,2025-04-23 00:00:00,-0.146899426087784,0.0,0.0,-0.073449713043892,0.0,0.0,0.0,0.073449713043892,0.073449713043892,-0.073449713043892,False,0.5,0.0,0.00862150639507342,-0.0006332471707242224,0.0,6.288502829100343e-08,-0.0006333100557525134,1.0657685266065957,1.065093564681591,-0.14855349318878464,0.9993414644388203,0.00036724856521946,0.9989742158736009,False,False,False,-1.0
2025-04-23,2025-04-24 00:00:00,0.14536057280329087,0.0,0.0,0.07268028640164544,0.0,0.0,0.07268028640164544,0.0,0.07268028640164544,0.07268028640164544,False,0.5,0.0,0.008438771153111535,0.0006133323042860901,0.0,6.222627260414848e-08,0.0006132700780134859,1.0690794807026993,1.0697351151592325,-0.1448429910588077,0.9999468530869383,0.00036340143200822716,0.9995834516549301,False,False,False,1.0
2025-04-24,2025-04-25 00:00:00,0.1406386702511239,0.0,0.0,0.07031933512556195,0.0,0.0,0.07031933512556195,0.0,0.07031933512556195,0.07031933512556195,False,0.5,0.0,-0.0032824858757062314,-0.00023082222433871017,0.0,6.020491021024139e-08,-0.00023088242924892041,1.068703390443874,1.0684566456089417,-0.1458650124743488,0.9997051547856934,0.00035159667562780975,0.9993535581100657,False,False,False,1.0
2025-04-25,2025-04-26 00:00:00,0.1385858287506999,0.0,0.0,0.06929291437534996,0.0,0.0,0.06929291437534996,0.0,0.06929291437534996,0.06929291437534996,False,0.5,0.0,-0.001051059357194295,-7.283096604147464e-05,0.0,5.932612532136126e-08,-7.289029216679601e-05,1.0703004264087395,1.0702224118979522,-0.14445344114533376,0.9998389459068356,0.0003464645718767498,0.9994924813349589,False,False,False,1.0
2025-04-26,2025-04-27 00:00:00,0.13840041583405735,0.0,0.0,0.06920020791702867,0.0,0.0,0.06920020791702867,0.0,0.06920020791702867,0.06920020791702867,False,0.5,0.0,8.335973058137824e-05,5.768510688138868e-06,0.0,5.924675335362043e-08,5.709263934785248e-06,1.0699865621926163,1.0699926710283065,-0.14463709830693727,0.9999134130929246,0.0003460010395851434,0.9995674120533394,False,False,False,1.0
2025-04-27,2025-04-28 00:00:00,0.13797383001369157,0.0,-0.09145121163986623,0.06898691500684578,0.0,-0.04572560581993312,0.06898691500684578,0.04572560581993312,0.11471252082677891,0.023261309186912667,True,0.5,0.0,0.0010775079975657853,2.5064246682748873e-05,0.0,9.821277468046139e-08,2.496603390806841e-05,1.0699098335839412,1.069936544989125,-0.14468196602709538,0.9998744730691466,0.0005735626041338945,0.9993009104650127,False,False,False,1.0
2025-04-28,2025-04-29 00:00:00,0.13797381423722063,0.0,-0.09145121163986623,0.06898690711861032,0.0,-0.04572560581993312,0.06898690711861032,0.04572560581993312,0.11471251293854343,0.0232613012986772,True,0.5,0.0,0.004067657564760685,9.461900819374185e-05,0.0,9.821276792683512e-08,9.452079542581501e-05,1.0694066263492408,1.0695077075141968,-0.1450247830171938,0.9996882904846988,0.0005735625646927172,0.999114727920006,False,False,False,1.0
2025-04-29,2025-04-30 00:00:00,0.14556063935115934,0.0,-0.09145121163986623,0.07278031967557967,0.0,-0.04572560581993312,0.07278031967557967,0.04572560581993312,0.11850592549551278,0.027054713855646555,True,0.5,0.0,-0.0029293601024451554,-7.925299935180116e-05,0.0,1.0146055265026779e-07,-7.935445990445142e-05,1.0704442001808894,1.070359255659526,-0.14434404686615065,0.9997409523819399,0.0005925296274775639,0.9991484227544624,False,False,False,1.0
2025-04-30,2025-05-01 00:00:00,0.14556338775856592,0.0,0.0,0.07278169387928296,0.0,0.0,0.07278169387928296,0.0,0.07278169387928296,0.07278169387928296,False,0.5,0.0,-0.003204512315048258,-0.00023322983434623468,0.0,6.231309407472856e-08,-0.0002332921474403094,1.0685850900132874,1.0683357975029155,-0.14596161966562549,0.9996955460159778,0.00036390846939641483,0.9993316375465814,False,False,False,1.0
2025-05-01,2025-05-02 00:00:00,0.1442925317126014,0.0,0.0,0.0721462658563007,0.0,0.0,0.0721462658563007,0.0,0.0721462658563007,0.0721462658563007,False,0.5,0.0,-0.0036365005675307316,-0.00026235993673166054,0.0,6.176906323313415e-08,-0.00026242170579489365,1.0724226847760363,1.0721412577857643,-0.14291949644557855,0.9996145485605602,0.00036073132928150347,0.9992538172312787,False,False,False,1.0
2025-05-02,2025-05-03 00:00:00,0.14340168764568184,0.0,0.0,0.07170084382284092,0.0,0.0,0.07170084382284092,0.0,0.07170084382284092,0.07170084382284092,False,0.5,0.0,1.6303284568586207e-05,1.168959260651532e-06,0.0,6.138770875243229e-08,1.1075715518990997e-06,1.073052218235736,1.0730534067178465,-0.1421903154161681,0.999871353093621,0.0003585042191142046,0.9995128488745068,False,False,False,1.0
2025-05-03,2025-05-04 00:00:00,0.1420520015357912,0.0,0.0,0.0710260007678956,0.0,0.0,0.0710260007678956,0.0,0.0710260007678956,0.0710260007678956,False,0.5,0.0,-0.0010569787841475664,-7.507297593451441e-05,0.0,6.080993216429418e-08,-7.51337858666787e-05,1.0728700117873364,1.072789403001608,-0.14240136264190517,0.9998602415389731,0.000355130003839478,0.9995051115351337,False,False,False,1.0
2025-05-04,2025-05-05 00:00:00,0.14211233788934138,0.0,0.0,0.07105616894467069,0.0,0.0,0.07105616894467069,0.0,0.07105616894467069,0.07105616894467069,False,0.5,0.0,0.002053646728951586,0.00014592426892505423,0.0,6.083576108276601e-08,0.00014586343316397147,1.072485050811543,1.0726414871630714,-0.1425196080507597,0.9999481846901935,0.00035528084472335347,0.9995929038454702,False,False,False,1.0
2025-05-05,2025-05-06 00:00:00,0.14992048385743909,0.0,0.0,0.07496024192871954,0.0,0.0,0.07496024192871954,0.0,0.07496024192871954,0.07496024192871954,False,0.5,0.0,0.0012067623178733111,9.045919529824575e-05,0.0,6.417828932253385e-08,9.039501700892322e-05,1.0712547262307783,1.071351562319977,-0.14355078694256918,0.999841528014276,0.00037480120964359775,0.9994667268046323,False,False,False,1.0
2025-05-06,2025-05-07 00:00:00,0.14998884224336465,0.0,0.0,0.07499442112168232,0.0,0.0,0.07499442112168232,0.0,0.07499442112168232,0.07499442112168232,False,0.5,0.0,-0.0013489411658464956,-0.0001011630618598652,0.0,6.420755233020746e-08,-0.00010122726941219542,1.070077388052683,1.0699690670406308,-0.14465596757206078,0.999783641547216,0.0003749721056084116,0.9994086694416076,False,False,False,1.0
2025-05-07,2025-05-08 00:00:00,0.1495443001876402,0.0,-0.25,0.0747721500938201,0.0,-0.125,0.0747721500938201,0.125,0.1997721500938201,-0.0502278499061799,True,0.5,0.0,-0.00202152262402433,0.000101536734941441,0.0,1.7103779973785968e-07,0.00010136569714170313,1.0732142508177898,1.0733230379285064,-0.14197476951479726,0.9996305051581169,0.0009988607504691006,0.9986316444076478,False,False,False,1.0
2025-05-08,2025-05-09 00:00:00,0.1492564581137787,0.0,0.0,0.07462822905688934,0.0,0.0,0.07462822905688934,0.0,0.07462822905688934,0.07462822905688934,False,0.5,0.0,-0.0033390361024164816,-0.00024918635108036024,0.0,6.389403172678882e-08,-0.00024925024511208705,1.0849176804300378,1.084647264432264,-0.13292206896463865,0.9990075433016656,0.00037314114528444676,0.9986344021563812,False,False,False,1.0
2025-05-09,2025-05-10 00:00:00,0.19448712965708229,0.0,0.0,0.09724356482854114,0.0,0.0,0.09724356482854114,0.0,0.09724356482854114,0.09724356482854114,False,0.5,0.0,0.0018158224761373187,0.00017657705067538145,0.0,8.325647673676467e-08,0.00017649379419864468,1.0968548951223949,1.0970484832045204,-0.12300840996417706,0.9995265039314007,0.00048621782414270574,0.999040286107258,False,False,False,1.0
2025-05-10,2025-05-11 00:00:00,0.15528558837707906,0.0,0.0,0.07764279418853953,0.0,0.0,0.07764279418853953,0.0,0.07764279418853953,0.07764279418853953,False,0.5,0.0,0.0008229775327133204,6.38982751942524e-05,0.0,6.647499502443453e-08,6.383180019922797e-05,1.1017767755342271,1.1018471039292272,-0.11917234429910573,0.999954565749617,0.00038821397094269765,0.9995663517786744,False,False,False,1.0
2025-05-11,2025-05-12 00:00:00,0.13848899611534674,0.0,0.0,0.06924449805767337,0.0,0.0,0.06924449805767337,0.0,0.06924449805767337,0.06924449805767337,False,0.5,0.0,-0.006948227233661286,-0.00048112650718553214,0.0,5.928467299458336e-08,-0.00048118579185852674,1.1033996626667335,1.1028687224263167,-0.11835565219853839,0.9986775413201417,0.00034622249028836685,0.9983313188298534,False,False,False,1.0
2025-05-12,2025-05-13 00:00:00,0.13605242132262702,0.0,0.0,0.06802621066131351,0.0,0.0,0.06802621066131351,0.0,0.06802621066131351,0.06802621066131351,False,0.5,0.0,-0.0024272136790541854,-0.0001651141490513618,0.0,5.8241618716878e-08,-0.0001651723906700787,1.1038866109962362,1.1037042794056693,-0.11768769954639346,0.9996650738891482,0.0003401310533065675,0.9993249428358416,False,False,False,1.0
2025-05-13,2025-05-14 00:00:00,0.1374151274939129,0.0,0.0,0.06870756374695645,0.0,0.0,0.06870756374695645,0.0,0.06870756374695645,0.06870756374695645,False,0.5,0.0,0.00010139219280103084,6.966410550320526e-06,0.0,5.882496896143532e-08,6.907585581359091e-06,1.1060825405996617,1.106090180959471,-0.11578038585026085,0.9997695137491355,0.00034353781873478227,0.9994259759304007,False,False,False,1.0
2025-05-14,2025-05-15 00:00:00,0.14021497937039282,0.0,0.0,0.07010748968519641,0.0,0.0,0.07010748968519641,0.0,0.07010748968519641,0.07010748968519641,False,0.5,0.0,0.0012921391653166747,9.058863320427706e-05,0.0,6.002353568938049e-08,9.052860966858768e-05,1.1069927462238311,1.10709296073806,-0.11497875361071608,0.9998430999547973,0.00035053744842598205,0.9994925625063713,False,False,False,1.0
2025-05-15,2025-05-16 00:00:00,0.1455938276343255,0.0,0.0,0.07279691381716275,0.0,0.0,0.07279691381716275,0.0,0.07279691381716275,0.07279691381716275,False,0.5,0.0,0.0072438419482514504,0.0005273293380120091,0.0,6.232612484346125e-08,0.0005272670118871656,1.1055191549420398,1.1061020587234502,-0.1157708906462861,0.9999524408371362,0.0003639845690858137,0.9995884562680504,False,False,False,1.0
2025-05-16,2025-05-17 00:00:00,0.14575331184955387,0.0,0.0,0.07287665592477693,0.0,0.0,0.07287665592477693,0.0,0.07287665592477693,0.07287665592477693,False,0.5,0.0,0.002527653456392276,0.00018420693123857306,0.0,6.239439719587067e-08,0.0001841445368413772,1.1069295676068887,1.1071334026394317,-0.11494642394805199,0.999941633576908,0.00036438327962388467,0.9995772502972842,False,False,False,1.0
2025-05-17,2025-05-18 00:00:00,0.14497662833945718,0.0,0.0,0.07248831416972859,0.0,0.0,0.07248831416972859,0.0,0.07248831416972859,0.07248831416972859,False,0.5,0.0,-0.0022345467379247808,-0.0001619785259656337,0.0,6.206191281654846e-08,-0.00016204058787845023,1.1035414491719906,1.1033626306668185,-0.1179608169840507,0.9997955643105602,0.00036244157084864295,0.9994331227397115,False,False,False,1.0
2025-05-18,2025-05-19 00:00:00,0.14722953122439605,0.0,0.0,0.07361476561219803,0.0,0.0,0.07361476561219803,0.0,0.07361476561219803,0.07361476561219803,False,0.5,0.0,0.004088785046729049,0.0003009949528536191,0.0,6.302634042140241e-08,0.0003009319265131977,1.1064243338698996,1.106757292276232,-0.11524709035477987,0.9999371580263502,0.0003680738280609901,0.9995690841982892,False,False,False,1.0
2025-05-19,2025-05-20 00:00:00,0.14077603446272766,0.0,0.0,0.07038801723136383,0.0,0.0,0.07038801723136383,0.0,0.07038801723136383,0.07038801723136383,False,0.5,0.0,1.6224218702509674e-05,1.1419905855976663e-06,0.0,6.026371338301698e-08,1.0817268722146494e-06,1.1033779625258215,1.103379156079414,-0.11794760640303259,0.9997872439897196,0.00035194008615681917,0.9994353039035628,False,False,False,1.0
2025-05-20,2025-05-21 00:00:00,0.1400586840829132,0.0,0.0,0.0700293420414566,0.0,0.0,0.0700293420414566,0.0,0.0700293420414566,0.0700293420414566,False,0.5,0.0,0.0003063540243228857,2.1453770755084078e-05,0.0,5.99566284601512e-08,2.1393814126623928e-05,1.1038950740935864,1.103918690619617,-0.11751629706571898,0.9998390367627085,0.000350146710207283,0.9994888900525012,False,False,False,1.0
2025-05-21,2025-05-22 00:00:00,0.13438662441394336,0.0,0.0,0.06719331220697168,0.0,0.0,0.06719331220697168,0.0,0.06719331220697168,0.06719331220697168,False,0.5,0.0,0.0025396676551834307,0.00017064868165668796,0.0,5.752852072514698e-08,0.0001705911531359628,1.106244397052197,1.1064331125595404,-0.11550624288044442,0.9997970018085245,0.0003359665610348584,0.9994610352474896,False,False,False,1.0
2025-05-22,2025-05-23 00:00:00,0.13621700362913589,0.0,0.0,0.06810850181456794,0.0,0.0,0.06810850181456794,0.0,0.06810850181456794,0.06810850181456794,False,0.5,0.0,-0.004551637543162013,-0.0003100052138677055,0.0,5.831207347137666e-08,-0.0003100635259411769,1.1097062317311932,1.1093621523042236,-0.1131647390524052,0.9995937279594101,0.0003405425090728397,0.9992531854503373,False,False,False,1.0
2025-05-23,2025-05-24 00:00:00,0.13609630119754104,0.0,0.0,0.06804815059877052,0.0,0.0,0.06804815059877052,0.0,0.06804815059877052,0.06804815059877052,False,0.5,0.0,-0.0032536613396698666,-0.00022140563683925251,0.0,5.826040290990626e-08,-0.0002214638972421624,1.1068777739562135,1.1066326404906224,-0.11534673824576769,0.9996945182119286,0.0003402407529938526,0.9993542774589347,False,False,False,1.0
2025-05-24,2025-05-25 00:00:00,0.1370034851685564,0.0,0.0,0.0685017425842782,0.0,0.0,0.0685017425842782,0.0,0.0685017425842782,0.0685017425842782,False,0.5,0.0,0.0017451117263664884,0.00011954319426036252,0.0,5.8648752212566946e-08,0.00011948454550814995,1.1061442291401948,1.10627639628068,-0.11563152344979599,0.9999580340741588,0.000342508712921391,0.9996155253612374,False,False,False,1.0
2025-05-25,2025-05-26 00:00:00,0.1354356542889586,0.0,0.0,0.0677178271444793,0.0,0.0,0.0677178271444793,0.0,0.0677178271444793,0.0677178271444793,False,0.5,0.0,0.002804354339358772,0.00018990478240456777,0.0,5.7977591733287067e-08,0.00018984680481283448,1.1047753844388213,1.1049851225155929,-0.11666378068341199,0.9998089551614715,0.0003385891357223965,0.9994703660257491,False,False,False,1.0
2025-05-26,2025-05-27 00:00:00,0.1363064045169398,0.0,0.0,0.0681532022584699,0.0,0.0,0.0681532022584699,0.0,0.0681532022584699,0.0681532022584699,False,0.5,0.0,0.001620675919489445,0.00011045425373639581,0.0,5.83503443993749e-08,0.00011039590339199644,1.1064934576308472,1.1066156099756996,-0.1153603526106658,0.9999879646823829,0.0003407660112923495,0.9996471986710905,False,False,False,1.0
2025-05-27,2025-05-28 00:00:00,0.13522373943964494,0.0,0.0,0.06761186971982247,0.0,0.0,0.06761186971982247,0.0,0.06761186971982247,0.06761186971982247,False,0.5,0.0,0.0014342300399858843,9.697097461178138e-05,0.0,5.7886874760121974e-08,9.691308773702126e-05,1.1094701174573707,1.1095776396322055,-0.11299247631534981,0.9999534874315704,0.00033805934859911234,0.9996154280829713,False,False,False,1.0
2025-05-28,2025-05-29 00:00:00,0.13540218861535994,0.0,0.0,0.06770109430767997,0.0,0.0,0.06770109430767997,0.0,0.06770109430767997,0.06770109430767997,False,0.5,0.0,-0.0036912267923125963,-0.0002499000931773901,0.0,5.7963265674383535e-08,-0.0002499580564430645,1.1087122909610883,1.1084351593916852,-0.11390578650907213,0.9996891721366885,0.00033850547153839986,0.9993506666651502,False,False,False,1.0
2025-05-29,2025-05-30 00:00:00,0.13472760904760828,0.0,0.0,0.06736380452380414,0.0,0.0,0.06736380452380414,0.0,0.06736380452380414,0.06736380452380414,False,0.5,0.0,-0.00243864689072526,-0.00016427653244939917,0.0,5.767449017448984e-08,-0.00016433420693957366,1.1091218324217045,1.108939565764974,-0.11350255898165906,0.999694784680093,0.00033681902261902067,0.9993579656574739,False,False,False,1.0
2025-05-30,2025-05-31 00:00:00,0.13488120114577712,0.0,0.0,0.06744060057288856,0.0,0.0,0.06744060057288856,0.0,0.06744060057288856,0.06744060057288856,False,0.5,0.0,-0.0019791250345865263,-0.00013347338094135417,0.0,5.774024021651418e-08,-0.00013353112118157068,1.1078327560730072,1.1076848259230072,-0.1145056106297262,0.999840292545857,0.0003372030028644428,0.9995030895429926,False,False,False,1.0
2025-05-31,2025-06-01 00:00:00,0.13519705542149096,0.0,0.0,0.06759852771074548,0.0,0.0,0.06759852771074548,0.0,0.06759852771074548,0.06759852771074548,False,0.5,0.0,-0.0002563162232394056,-1.7326599319362587e-05,0.0,5.78754518071451e-08,-1.738447477116973e-05,1.1059298552105052,1.1059106292008387,-0.11592392133178919,0.9998738577941164,0.00033799263855372743,0.9995358651555627,False,False,False,1.0
2025-06-01,2025-06-02 00:00:00,0.13637178006907263,0.0,0.0,0.06818589003453632,0.0,0.0,0.06818589003453632,0.0,0.06818589003453632,0.06818589003453632,False,0.5,0.0,0.0005832222433821421,3.976752775295032e-05,0.0,5.837833050902081e-08,3.9709149422441294e-05,1.1054742075921704,1.1055181050326623,-0.11623770909928233,0.9998990349015888,0.0003409294501726816,0.9995581054514161,False,False,False,1.0
2025-06-02,2025-06-03 00:00:00,0.13654419816378707,0.0,0.0,0.06827209908189354,0.0,0.0,0.06827209908189354,0.0,0.06827209908189354,0.06827209908189354,False,0.5,0.0,0.0014176912111021345,9.678875483189458e-05,0.0,5.845213962490885e-08,9.673030269226966e-05,1.1060535969512981,1.106160585850525,-0.11572410347231943,0.9999297697006073,0.0003413604954094677,0.9995884092051979,False,False,False,1.0
2025-06-03,2025-06-04 00:00:00,0.13660690521942864,0.0,0.0,0.06830345260971432,0.0,0.0,0.06830345260971432,0.0,0.06830345260971432,0.06830345260971432,False,0.5,0.0,-0.0036018237082067195,-0.00024601699496204314,0.0,5.847898339872801e-08,-0.00024607547394544187,1.1087808384654116,1.1085079946950847,-0.11384756123506024,0.9995592908275086,0.0003415172630485716,0.9992177735644601,False,False,False,1.0
2025-06-04,2025-06-05 00:00:00,0.13691763769455723,0.0,0.0,0.06845881884727861,0.0,0.0,0.06845881884727861,0.0,0.06845881884727861,0.06845881884727861,False,0.5,0.0,-0.00044228051829275916,-3.0278001881484494e-05,0.0,5.861200243773854e-08,-3.0336613883922234e-05,1.109829974586729,1.1097963061033131,-0.11281767213930816,0.9998277673264511,0.0003422940942363931,0.9994854732322147,False,False,False,1.0
2025-06-05,2025-06-06 00:00:00,0.1366167164064093,0.0,0.0,0.06830835820320465,0.0,0.0,0.06830835820320465,0.0,0.06830835820320465,0.06830835820320465,False,0.5,0.0,-0.0026971729774092346,-0.000184239457876874,0.0,5.8483183393154654e-08,-0.00018429794106026716,1.1077507066312469,1.1075465504568067,-0.11461614942798604,0.9997685893975683,0.00034154179101602325,0.9994270476065523,False,False,False,1.0
2025-06-06,2025-06-07 00:00:00,0.1378890803121798,0.0,0.0,0.0689445401560899,0.0,0.0,0.0689445401560899,0.0,0.0689445401560899,0.0689445401560899,False,0.5,0.0,0.003424315036983483,0.00023608782557441022,0.0,5.902785972267971e-08,0.00023602879771468754,1.1049536719792956,1.1052144728660234,-0.11648043570679645,0.9999999409721403,0.0003447227007804495,0.9996552182713598,False,False,False,1.0
2025-06-07,2025-06-08 00:00:00,0.13645488895762248,0.0,0.0,0.06822744447881124,0.0,0.0,0.06822744447881124,0.0,0.06822744447881124,0.06822744447881124,False,0.5,0.0,0.0017822546316739185,0.00012159867892963645,0.0,5.84139079441877e-08,0.00012154026502169226,1.1053817790051712,1.1055161273995415,-0.11623929003908728,0.9999774132594154,0.0003411372223940562,0.9996362760370213,False,False,False,1.0
2025-06-08,2025-06-09 00:00:00,0.1339855395017978,0.0,-0.22515424254883,0.0669927697508989,0.0,-0.112577121274415,0.0669927697508989,0.112577121274415,0.1795698910253139,-0.0455843515235161,True,0.5,0.0,-0.0005368561702668861,2.4472240383014352e-05,0.0,1.5374134505591943e-07,2.431849903795843e-05,1.1054292381691526,1.1054561205490177,-0.11628726011886015,0.9998413751167191,0.0008978494551265695,0.9989435256615925,False,False,False,1.0
2025-06-09,2025-06-10 00:00:00,0.1573502679156971,0.0,-0.22515424254883,0.07867513395784854,0.0,-0.112577121274415,0.07867513395784854,0.112577121274415,0.19125225523226355,-0.03390198731656646,True,0.5,0.0,-0.0014074623099729067,4.7715769381246816e-05,0.0,1.6374336920570508e-07,4.755202601204111e-05,1.1050523275374198,1.1051048750144437,-0.11656804933152942,0.9996987784240243,0.0009562612761613178,0.998742517147863,False,False,False,1.0
2025-06-10,2025-06-11 00:00:00,0.19732242296436495,0.0,0.0,0.09866121148218247,0.0,0.0,0.09866121148218247,0.0,0.09866121148218247,0.09866121148218247,False,0.5,0.0,0.005573553232218975,0.000549893514151158,0.0,8.447021531008772e-08,0.000549809043935848,1.111067002804625,1.1116778774911855,-0.11131352504965908,0.9999301800246876,0.0004933060574109124,0.9994368739672767,False,False,False,1.0
2025-06-11,2025-06-12 00:00:00,0.2120260008942184,0.0,0.0,0.1060130004471092,0.0,0.0,0.1060130004471092,0.0,0.1060130004471092,0.1060130004471092,False,0.5,0.0,-0.0004502869270186505,-4.7736268195355625e-05,0.0,9.076455517731952e-08,-4.7827032750532946e-05,1.1173162010607305,1.1172627631421896,-0.106848911295365,0.9998208057175646,0.0005300650022355461,0.9992907407153291,False,False,False,1.0
2025-06-12,2025-06-13 00:00:00,0.18687635692333074,0.0,0.0,0.09343817846166537,0.0,0.0,0.09343817846166537,0.0,0.09343817846166537,0.09343817846166537,False,0.5,0.0,-0.011801994017221262,-0.0011027568231846273,0.0,7.99984404637546e-08,-0.0011028368216250911,1.1130920243810754,1.1118644655107308,-0.11116436471039615,0.9986675778342194,0.00046719089230832687,0.9982003869419112,False,False,False,1.0
2025-06-13,2025-06-14 00:00:00,0.18004273338233862,0.0,0.0,0.09002136669116931,0.0,0.0,0.09002136669116931,0.0,0.09002136669116931,0.09002136669116931,False,0.5,0.0,-0.002206892234008939,-0.00019866745504561255,0.0,7.707308792052167e-08,-0.00019874452813353307,1.1058365495508213,1.1056167705875881,-0.11615883486243606,0.9995550346366238,0.0004501068334558465,0.999104927803168,False,False,False,1.0
2025-06-14,2025-06-15 00:00:00,0.17243621513732701,0.0,0.0,0.08621810756866351,0.0,0.0,0.08621810756866351,0.0,0.08621810756866351,0.08621810756866351,False,0.5,0.0,0.0029232313255700415,0.00025203547287608465,0.0,7.381687291837629e-08,0.00025196165600316627,1.1042050043740104,1.1044832216954796,-0.11706500524641916,0.9997327823167815,0.00043109053784331754,0.9993016917789382,False,False,False,1.0
2025-06-15,2025-06-16 00:00:00,0.16100949951090765,0.0,0.0,0.08050474975545382,0.0,0.0,0.08050474975545382,0.0,0.08050474975545382,0.08050474975545382,False,0.5,0.0,-0.0017211298156269983,-0.00013855912510370188,0.0,6.892529944816251e-08,-0.00013862805040315004,1.1054168585870134,1.1052636168030248,-0.11644114954933726,0.9997519165676656,0.00040252374877726915,0.9993493928188883,False,False,False,1.0
2025-06-16,2025-06-17 00:00:00,0.16103300481297217,0.0,0.0,0.08051650240648608,0.0,0.0,0.08051650240648608,0.0,0.08051650240648608,0.08051650240648608,False,0.5,0.0,-0.0032393112201404284,-0.0002608180096517942,0.0,6.893536164938877e-08,-0.0002608869450134436,1.1086997930421272,1.1084105477401833,-0.11392546131079195,0.9996061111225794,0.0004025825120324304,0.999203528610547,False,False,False,1.0
2025-06-17,2025-06-18 00:00:00,0.1612217420203753,0.0,0.0,0.08061087101018766,0.0,0.0,0.08061087101018766,0.0,0.08061087101018766,0.08061087101018766,False,0.5,0.0,-0.0007562147649932127,-6.095913087686724e-05,0.0,6.90161566868045e-08,-6.1028147033554046e-05,1.1039413162427323,1.1038739447497683,-0.11755206736406665,0.9997035212416431,0.00040305435505093827,0.9993004668865921,False,False,False,1.0
2025-06-18,2025-06-19 00:00:00,0.16420970162273898,0.0,0.0,0.08210485081136949,0.0,0.0,0.08210485081136949,0.0,0.08210485081136949,0.08210485081136949,False,0.5,0.0,-0.0023274781674590406,-0.00019109724770594418,0.0,7.02952489823369e-08,-0.00019116754295492652,1.1044958867659311,1.1042847430010543,-0.11722367111076082,0.9997239003469536,0.00041052425405684745,0.9993133760928967,False,False,False,1.0
2025-06-19,2025-06-20 00:00:00,0.16136810058453394,0.0,0.0,0.08068405029226697,0.0,0.0,0.08068405029226697,0.0,0.08068405029226697,0.08068405029226697,False,0.5,0.0,-0.0024259795993530897,-0.00019573786000221836,0.0,6.907881018173541e-08,-0.0001958069388124001,1.1039718570007147,1.1037556916508604,-0.11764660008055605,0.9996879131443546,0.00040342025146133486,0.9992844928928932,False,False,False,1.0
2025-06-20,2025-06-21 00:00:00,0.16664978198762512,0.0,0.0,0.08332489099381256,0.0,0.0,0.08332489099381256,0.0,0.08332489099381256,0.08332489099381256,False,0.5,0.0,-0.00497335701598578,-0.00041440443123032803,0.0,7.133980393305869e-08,-0.0004144757710342611,1.1042594615540668,1.1038017727623173,-0.11760976237663878,0.9993570363924847,0.0004166244549690628,0.9989404119375157,False,False,False,1.0
2025-06-21,2025-06-22 00:00:00,0.1666328010211494,0.0,0.0,0.0833164005105747,0.0,0.0,0.0833164005105747,0.0,0.0833164005105747,0.0833164005105747,False,0.5,0.0,0.0015795632631627754,0.00013160352546546012,0.0,7.133253468371123e-08,0.0001315321929307764,1.1010571632352668,1.1012019876984893,-0.1196880567016243,0.9998142367820573,0.0004165820025528735,0.9993976547795044,False,False,False,1.0
2025-06-22,2025-06-23 00:00:00,-0.16994939642189028,0.0,0.0,-0.08497469821094514,0.0,0.0,0.0,0.08497469821094514,0.08497469821094514,-0.08497469821094514,False,0.5,0.0,-0.002752546105147302,0.00023389677459660445,0.0,7.275231011211057e-08,0.00023382402228649233,1.1108077117074575,1.1110674452345959,-0.11180151073444111,0.9997769456559079,0.0004248734910547257,0.9993520721648532,False,False,False,-1.0
2025-06-23,2025-06-24 00:00:00,-0.17253967182669103,0.04548784638559286,0.0,-0.08626983591334551,0.02274392319279643,0.0,0.02274392319279643,0.08626983591334551,0.10901375910614194,-0.06352591272054908,True,0.5,0.0,-0.0052312458508519954,0.0003323196673409584,0.0,9.333369786484755e-08,0.00033222633364309354,1.1073361604941951,1.1077040467269066,-0.11449024532579344,0.9998688485207079,0.0005450687955307098,0.9993237797251772,False,False,False,-1.0
2025-06-24,2025-06-25 00:00:00,-0.14838151926938756,0.04548784638559286,0.0,-0.07419075963469378,0.02274392319279643,0.0,0.02274392319279643,0.07419075963469378,0.09693468282749021,-0.05144683644189735,True,0.5,0.0,0.0037064644858928464,-0.0001906858721834304,0.0,8.299202296874161e-08,-0.00019076886420639916,1.1033344101005658,1.103123928248311,-0.11815163809793694,0.9991836818748082,0.0004846734141374511,0.9986990084606707,False,False,False,-1.0
2025-06-25,2025-06-26 00:00:00,-0.14554637024718967,0.04548784638559286,0.0,-0.07277318512359483,0.02274392319279643,0.0,0.02274392319279643,0.07277318512359483,0.09551710831639126,-0.0500292619307984,True,0.5,0.0,-0.0007023493377552592,3.5138018985480656e-05,0.0,8.177834616129388e-08,3.505624063931936e-05,1.103792577359009,1.1038312721772168,-0.11758618024770473,0.9997388900125792,0.00047758554158195635,0.9992613044709973,False,False,False,-1.0
2025-06-26,2025-06-27 00:00:00,-0.13430729058312074,0.0,0.0,-0.06715364529156037,0.0,0.0,0.0,0.06715364529156037,0.06715364529156037,-0.06715364529156037,False,0.5,0.0,0.0032506507489284964,-0.00021829304736028932,0.0,5.7494559324966064e-08,-0.0002183505419196143,1.103999502218622,1.1037584433290335,-0.11764440036135204,0.9996669625017262,0.00033576822645780185,0.9993311942752684,False,False,False,-1.0
2025-06-27,2025-06-28 00:00:00,-0.1348848837416765,0.0,0.0,-0.06744244187083825,0.0,0.0,0.0,0.06744244187083825,0.06744244187083825,-0.06744244187083825,False,0.5,0.0,-9.847002203255961e-05,6.641058736951064e-06,0.0,5.774181667023823e-08,6.583316920280826e-06,1.1035651015343195,1.103572366653125,-0.11779315192736928,0.9998751456960846,0.0003372122093541913,0.9995379334867304,False,False,False,-1.0
2025-06-28,2025-06-29 00:00:00,-0.1372615375852175,0.0,0.0,-0.06863076879260875,0.0,0.0,0.0,0.06863076879260875,0.06863076879260875,-0.06863076879260875,False,0.5,0.0,0.0036191410516943634,-0.00024838443274667474,0.0,5.875921985668557e-08,-0.0002484431919665314,1.1038985902630556,1.1036243341736833,-0.11775160856881917,0.9995354227458257,0.0003431538439630438,0.9991922689018627,False,False,False,-1.0
2025-06-29,2025-06-30 00:00:00,-0.13747939593573555,0.0,0.0,-0.06873969796786777,0.0,0.0,0.0,0.06873969796786777,0.06873969796786777,-0.06873969796786777,False,0.5,0.0,-0.002563724526571054,0.00017622964962930906,0.0,5.8852481136873094e-08,0.0001761707971481722,1.10339515004229,1.1035895360454424,-0.1177794265424853,0.9999999411475189,0.0003436984898393389,0.9996562426576796,False,False,False,-1.0
2025-06-30,2025-07-01 00:00:00,-0.13759683920404175,0.0,0.0,-0.06879841960202088,0.0,0.0,0.0,0.06879841960202088,0.06879841960202088,-0.06879841960202088,False,0.5,0.0,0.004548777516042657,-0.00031294870422494096,0.0,5.8902756508579516e-08,-0.00031300760698144955,1.1027237997442065,1.1023786388064871,-0.11874742997279808,0.9992865857027021,0.00034399209801010437,0.9989425936046921,False,False,False,-1.0
2025-07-01,2025-07-02 00:00:00,-0.13793909134717605,0.0,0.0,-0.06896954567358803,0.0,0.0,0.0,0.06896954567358803,0.06896954567358803,-0.06896954567358803,False,0.5,0.0,0.0008552800112382464,-5.898827379880311e-05,0.0,5.9049268556154125e-08,-5.904732306735927e-05,1.1040041097437676,1.103938921256432,-0.11750012449119795,0.9998910833633345,0.00034484772836794014,0.9995462356349666,False,False,False,-1.0
2025-07-02,2025-07-03 00:00:00,-0.13829679656498164,0.0,0.0,-0.06914839828249082,0.0,0.0,0.0,0.06914839828249082,0.06914839828249082,-0.06914839828249082,False,0.5,0.0,0.0023276253004844705,-0.00016095156133030255,0.0,5.920239578980379e-08,-0.00016101076372609236,1.1017574858725385,1.1015800910582971,-0.11938579707336505,0.9997179980625843,0.00034574199141245413,0.9993722560711719,False,False,False,-1.0
2025-07-03,2025-07-04 00:00:00,-0.13769940143430653,0.0,0.0,-0.06884970071715327,0.0,0.0,0.0,0.06884970071715327,0.06884970071715327,-0.06884970071715327,False,0.5,0.0,-0.001957768144315475,0.00013479175080969696,0.0,5.894666157290519e-08,0.00013473280414812405,1.0992320432339708,1.0993801458495651,-0.12114445539716301,0.9999400336085341,0.00034424850358576636,0.9995957851049484,False,False,False,-1.0
2025-07-04,2025-07-05 00:00:00,0.13627441300382595,0.0,0.0,0.06813720650191298,0.0,0.0,0.06813720650191298,0.0,0.06813720650191298,0.06813720650191298,False,0.5,0.0,-0.0004638200378253021,-3.16034016970277e-05,0.0,5.833664940232274e-08,-3.1661738346430024e-05,1.0968964890290587,1.0968617593794299,-0.12315767886775864,0.9999190260572814,0.0003406860325095649,0.9995783400247719,False,False,False,1.0
2025-07-05,2025-07-06 00:00:00,0.13650785122247425,0.0,0.0,0.06825392561123712,0.0,0.0,0.06825392561123712,0.0,0.06825392561123712,0.06825392561123712,False,0.5,0.0,-0.0014658317798702525,-0.00010004877326185152,0.0,5.843658014660713e-08,-0.00010010720984199813,1.0971867010136154,1.0970768647143012,-0.12298572149983722,0.9998096313968892,0.0003412696280561856,0.999468361768833,False,False,False,1.0
2025-07-06,2025-07-07 00:00:00,0.13597502617057602,0.0,0.0,0.06798751308528801,0.0,0.0,0.06798751308528801,0.0,0.06798751308528801,0.06798751308528801,False,0.5,0.0,0.0025638713673588054,0.00017431123813730205,0.0,5.8208487230554805e-08,0.0001742530296500715,1.0983777929283698,1.0985691885864879,-0.1217927427887282,0.9999378400812895,0.00033993756542644005,0.9995979025158631,False,False,False,1.0
2025-07-07,2025-07-08 00:00:00,0.13718281356151274,0.0,0.0,0.06859140678075637,0.0,0.0,0.06859140678075637,0.0,0.06859140678075637,0.06859140678075637,False,0.5,0.0,-0.0010019526242085464,-6.872534002213472e-05,0.0,5.872551950407223e-08,-6.878406554163879e-05,1.097926461560614,1.097850941714922,-0.12236691656096921,0.9999011824197243,0.00034295703390378187,0.9995582253858205,False,False,False,1.0
2025-07-08,2025-07-09 00:00:00,0.13807890126226077,0.0,0.0,0.06903945063113039,0.0,0.0,0.06903945063113039,0.0,0.06903945063113039,0.06903945063113039,False,0.5,0.0,0.00010922652019917933,7.540938948901408e-06,0.0,5.910911869103628e-08,7.481829830210372e-06,1.0987821161945646,1.0987903370953782,-0.12161595444672235,0.9999064871117647,0.0003451972531556519,0.999561289858609,False,False,False,1.0
2025-07-09,2025-07-10 00:00:00,0.13793234858625472,0.0,0.0,0.06896617429312736,0.0,0.0,0.06896617429312736,0.0,0.06896617429312736,0.06896617429312736,False,0.5,0.0,0.002684862811440425,0.00018516471660693628,0.0,5.904638210028028e-08,0.000185105670224836,1.1012711962507233,1.1014750477936046,-0.1194697697155368,0.9999960345249975,0.0003448308714656368,0.9996512036535319,False,False,False,1.0
2025-07-10,2025-07-11 00:00:00,0.13771841254034736,0.0,0.0,0.06885920627017368,0.0,0.0,0.06885920627017368,0.0,0.06885920627017368,0.06885920627017368,False,0.5,0.0,0.0016352638129142338,0.00011260296819961193,0.0,5.8954799888847324e-08,0.00011254401339972309,1.1045557255785432,1.1046800367129235,-0.11690766934218744,0.9999605798306525,0.0003442960313508684,0.9996162837993016,False,False,False,1.0
2025-07-11,2025-07-12 00:00:00,0.1359876084128452,0.0,0.0,0.0679938042064226,0.0,0.0,0.0679938042064226,0.0,0.0679938042064226,0.0679938042064226,False,0.5,0.0,-0.011259216578283548,-0.000765556967541519,0.0,5.821387346440292e-08,-0.0007656151814149835,1.110426003272817,1.1095758442668735,-0.1129939115484514,0.9989359975447143,0.00033996902103211303,0.9985960285236822,False,False,False,1.0
2025-07-12,2025-07-13 00:00:00,0.14235152465922843,0.0,0.0,0.07117576232961421,0.0,0.0,0.07117576232961421,0.0,0.07117576232961421,0.07117576232961421,False,0.5,0.0,0.0025858007901822244,0.00018404634247373865,0.0,6.093815267946422e-08,0.0001839854043210592,1.108427964923508,1.1086318994907953,-0.11374851049530987,0.9998900496898119,0.0003558788116480711,0.9995341708781638,False,False,False,1.0
2025-07-13,2025-07-14 00:00:00,0.13922895833233354,0.0,0.0,0.06961447916616677,0.0,0.0,0.06961447916616677,0.0,0.06961447916616677,0.06961447916616677,False,0.5,0.0,0.0006724184650792608,4.681006122820604e-05,0.0,5.960143764226606e-08,4.6750459790563775e-05,1.1105652719388912,1.1106171913759817,-0.11216144819703389,0.9999179645699438,0.0003480723958308338,0.999569892174113,False,False,False,1.0
2025-07-14,2025-07-15 00:00:00,0.14384159823017842,0.0,0.0,0.07192079911508921,0.0,0.0,0.07192079911508921,0.0,0.07192079911508921,0.07192079911508921,False,0.5,0.0,-0.0045522267259976434,-0.00032739978388681676,0.0,6.157602663963117e-08,-0.0003274613599134564,1.111596910705582,1.111232905669527,-0.11166923999879019,0.9992375103350817,0.00035960399557544604,0.9988779063395062,False,False,False,1.0
2025-07-15,2025-07-16 00:00:00,0.15197662639650095,0.0,0.0,0.07598831319825047,0.0,0.0,0.07598831319825047,0.0,0.07598831319825047,0.07598831319825047,False,0.5,0.0,0.004776370024890175,0.00036294830140209006,0.0,6.505848732726924e-08,0.0003628832429147628,1.1116170711795939,1.1120204583872628,-0.11103966243614072,0.9999996837662175,0.00037994156599125236,0.9996197422002262,False,False,False,1.0
2025-07-16,2025-07-17 00:00:00,0.15268078373158914,0.0,0.0,0.07634039186579457,0.0,0.0,0.07634039186579457,0.0,0.07634039186579457,0.07634039186579457,False,0.5,0.0,0.003753105671737922,0.00028651355769420913,0.0,6.535992454263233e-08,0.0002864481977696665,1.1172777005155878,1.1175977426993087,-0.10658112526865338,0.9998192397747531,0.00038170195932897284,0.9994375378154241,False,False,False,1.0
2025-07-17,2025-07-18 00:00:00,0.1526812433380148,0.0,0.0,0.0763406216690074,0.0,0.0,0.0763406216690074,0.0,0.0763406216690074,0.0763406216690074,False,0.5,0.0,-0.0011621421959815414,-8.87186577090163e-05,0.0,6.53601212919584e-08,-8.878401783030826e-05,1.122286990140335,1.1221873489921916,-0.10291214784235359,0.9996903109826982,0.00038170310834503704,0.9993086078743532,False,False,False,1.0
2025-07-18,2025-07-19 00:00:00,0.14730609293869146,0.0,0.0,0.07365304646934573,0.0,0.0,0.07365304646934573,0.0,0.07365304646934573,0.07365304646934573,False,0.5,0.0,0.005020182203580914,0.0003697517131249275,0.0,6.30591151278645e-08,0.0003696886540097997,1.125056421319849,1.125472341913932,-0.1002860914649013,0.9999154400586604,0.00036826523234672866,0.9995471748263137,False,False,False,1.0
2025-07-19,2025-07-20 00:00:00,0.1508055231377516,0.0,0.0,0.0754027615688758,0.0,0.0,0.0754027615688758,0.0,0.0754027615688758,0.0754027615688758,False,0.5,0.0,-0.0027033172481746304,-0.00020383758590914112,0.0,6.455715887746216e-08,-0.0002039021430680186,1.124775562459188,1.124546218311532,-0.10102644398630134,0.9997548223333056,0.00037701380784437906,0.9993778085254612,False,False,False,1.0
2025-07-20,2025-07-21 00:00:00,0.1490204024580259,0.0,0.0,0.1490204024580259,0.0,0.0,0.1490204024580259,0.0,0.1490204024580259,0.1490204024580259,False,1.0,0.0,0.003996902201876651,0.0005956199747090284,0.0,1.2758596100858378e-07,0.0005954923887480198,1.1322899752592233,1.132964245321346,-0.09429698853804569,0.9999065968241044,0.0007451020122901295,0.9991614948118143,False,False,False,1.0
2025-07-21,2025-07-22 00:00:00,0.14920056841473953,0.0,0.0,0.14920056841473953,0.0,0.0,0.14920056841473953,0.0,0.14920056841473953,0.14920056841473953,False,1.0,0.0,-0.0017728035696984445,-0.00026450330028668725,0.0,1.2774021268385232e-07,-0.0002646310404993711,1.1345113831893001,1.1342111562615085,-0.09330019539281298,0.9996165964287959,0.0007460028420736976,0.9988705935867221,False,False,False,1.0
2025-07-22,2025-07-23 00:00:00,0.14456568906282094,0.0,0.0,0.14456568906282094,0.0,0.0,0.14456568906282094,0.0,0.14456568906282094,0.14456568906282094,False,1.0,0.0,0.002398404656677622,0.00034672702184407886,0.0,1.2377199406063436e-07,0.00034660324985001824,1.1298752988887117,1.130266917339232,-0.09645325965285778,0.9999998762280059,0.0007228284453141047,0.9992770477826918,False,False,False,1.0
2025-07-23,2025-07-24 00:00:00,0.14802490568795487,0.0,0.0,0.07401245284397744,0.0,0.0,0.07401245284397744,0.0,0.07401245284397744,0.07401245284397744,False,0.5,0.0,0.006096467140069839,0.00045121448671927694,0.0,6.336682606504917e-08,0.0004511511198932119,1.125693861086723,1.1262017191328093,-0.09970301998108633,0.9997934278753318,0.0003700622642198872,0.9994233656111119,False,False,False,1.0
2025-07-24,2025-07-25 00:00:00,0.1864536020096606,0.0,0.0,0.1864536020096606,0.0,0.0,0.1864536020096606,0.0,0.1864536020096606,0.1864536020096606,False,1.0,0.0,-0.0012745163665573989,-0.00023763816736489194,0.0,1.5963493322744916e-07,-0.0002377978022981194,1.1287060190225515,1.1284376152117872,-0.09791562217007077,0.9991930687716599,0.000932268010048303,0.9982608007616116,False,False,False,1.0
2025-07-25,2025-07-26 00:00:00,0.18221862748589746,0.0,0.0,0.09110931374294873,0.0,0.0,0.09110931374294873,0.0,0.09110931374294873,0.09110931374294873,False,0.5,0.0,0.006271398654862592,0.0005713828276529826,0.0,7.800454943745609e-08,0.0005713048231035451,1.1217732119016197,1.1224140863480074,-0.10273089171991079,0.9999951268215436,0.0004555465687147436,0.9995395802528289,False,False,False,1.0
2025-07-26,2025-07-27 00:00:00,0.2003090010521398,0.0,0.0,0.1001545005260699,0.0,0.0,0.1001545005260699,0.0,0.1001545005260699,0.1001545005260699,False,0.5,0.0,0.0015554852309360712,0.0001557888463800807,0.0,8.574871620382696e-08,0.0001557030976638769,1.1239580031997525,1.1241330069424946,-0.10135676931020532,0.9999934678162612,0.0005007725026303495,0.9994926953136308,False,False,False,1.0
2025-07-27,2025-07-28 00:00:00,0.19614966103171058,0.0,0.0,0.09807483051585529,0.0,0.0,0.09807483051585529,0.0,0.09807483051585529,0.09807483051585529,False,0.5,0.0,0.0008964871857379819,8.792282880088865e-05,0.0,8.396817681151993e-08,8.783886062407714e-05,1.1251144999274758,1.125213328703221,-0.10049314923033215,0.999905309011359,0.0004903741525792765,0.9994149348587797,False,False,False,1.0
2025-07-28,2025-07-29 00:00:00,0.1953348290511534,0.0,0.0,0.0976674145255767,0.0,0.0,0.0976674145255767,0.0,0.0976674145255767,0.0976674145255767,False,0.5,0.0,0.0002680267711445694,2.617748176132854e-05,0.0,8.361936175134991e-08,2.6093862399577192e-05,1.1229106760475658,1.1229399771242334,-0.10231048934472997,0.999552076128937,0.0004883370726278836,0.9990637390563092,False,False,False,1.0
2025-07-29,2025-07-30 00:00:00,0.19579321009947376,0.0,0.0,0.09789660504973688,0.0,0.0,0.09789660504973688,0.0,0.09789660504973688,0.09789660504973688,False,0.5,0.0,0.00044694877647777354,4.3754767848307725e-05,0.0,8.381558651518568e-08,4.367095226179254e-05,1.121603669810536,1.121652651310857,-0.10333959054604558,0.9998868830341388,0.0004894830252486844,0.9993974000088901,False,False,False,1.0
2025-07-30,2025-07-31 00:00:00,0.19546420290875702,0.0,0.0,0.09773210145437851,0.0,0.0,0.09773210145437851,0.0,0.09773210145437851,0.09773210145437851,False,0.5,0.0,0.001421934728183638,0.00013896866911634745,0.0,8.3674744395872e-08,0.0001388849943719516,1.122562456453596,1.1227183635340428,-0.10248764947740452,0.999885699033199,0.0004886605072718926,0.9993970385259271,False,False,False,1.0
2025-07-31,2025-08-01 00:00:00,0.19316359639463673,0.0,0.0,0.09658179819731837,0.0,0.0,0.09658179819731837,0.0,0.09658179819731837,0.09658179819731837,False,0.5,0.0,-0.0015796413502109363,-0.00015256460211021216,0.0,8.268989571688216e-08,-0.00015264729200592904,1.1226302420008476,1.1224588755344822,-0.10269508679381656,0.9995771172441561,0.0004829089909865918,0.9990942082531695,False,False,False,1.0
2025-08-01,2025-08-02 00:00:00,0.19305960194472999,0.0,0.0,0.09652980097236499,0.0,0.0,0.09652980097236499,0.0,0.09652980097236499,0.09652980097236499,False,0.5,0.0,0.001180075015097204,0.00011391240633979371,0.0,8.264537754483303e-08,0.00011382976096224887,1.117373459881126,1.1175006502349698,-0.10665874196106451,0.9998410817457825,0.00048264900486182495,0.9993584327409206,False,False,False,1.0
2025-08-02,2025-08-03 00:00:00,0.19740463494491833,0.0,0.0,0.09870231747245917,0.0,0.0,0.09870231747245917,0.0,0.09870231747245917,0.09870231747245917,False,0.5,0.0,-0.0026189713903335132,-0.0002584985456199862,0.0,8.450540879491367e-08,-0.00025858305102878114,1.112951916137325,1.112664125635202,-0.11052510836504337,0.9995031313953546,0.0004935115873622958,0.9990096198079923,False,False,False,1.0
2025-08-03,2025-08-04 00:00:00,-0.18350378295708106,0.08056030834516253,0.0,-0.09175189147854053,0.04028015417258127,0.0,0.04028015417258127,0.09175189147854053,0.1320320456511218,-0.05147173730595926,True,0.5,0.0,0.000466456857059816,-2.4009344811146236e-05,0.0,1.1304113497527552e-07,-2.412238594612151e-05,1.1118245394638995,1.1117977196032542,-0.11121772206006886,0.9998336699612074,0.0006601602282556091,0.9991735097329517,False,False,False,-1.0
2025-08-04,2025-08-05 00:00:00,-0.17392330536622105,0.08056030834516253,0.0,-0.08696165268311053,0.04028015417258127,0.0,0.04028015417258127,0.08696165268311053,0.1272418068556918,-0.04668149851052926,True,0.5,0.0,0.0018599820870262018,-8.682675102512474e-05,0.0,1.0893990312987313e-07,-8.693569092825461e-05,1.1093691469375966,1.109272703164313,-0.1132362455944027,0.9997074210889041,0.0006362090342784591,0.9990712120546257,False,False,False,-1.0
2025-08-05,2025-08-06 00:00:00,-0.1785922769486686,0.0,0.0,-0.0892961384743343,0.0,0.0,0.0,0.0892961384743343,0.0892961384743343,-0.0892961384743343,False,0.5,0.0,0.002454676945977452,-0.00021919317247775857,0.0,7.645217335131362e-08,-0.00021926962465110988,1.1123659278968472,1.1121220198373625,-0.1109584731915696,0.9996896924787706,0.0004464806923716715,0.999243211786399,False,False,False,-1.0
2025-08-06,2025-08-07 00:00:00,-0.17438685574297028,0.0,0.0,-0.08719342787148514,0.0,0.0,0.0,0.08719342787148514,0.08719342787148514,-0.08719342787148514,False,0.5,0.0,0.005131807878285599,-0.00044745992008561456,0.0,7.465190742421672e-08,-0.0004475345719930388,1.1100573976317105,1.1095606085693737,-0.11300609111825188,0.9994249273866136,0.0004359671393574257,0.9989889602472561,False,False,False,-1.0
2025-08-07,2025-08-08 00:00:00,-0.17113363451696006,0.0,0.0,-0.08556681725848003,0.0,0.0,0.0,0.08556681725848003,0.08556681725848003,-0.08556681725848003,False,0.5,0.0,0.0006575702778235382,-5.6266195797134636e-05,0.0,7.325926135143838e-08,-5.6339455058486075e-05,1.105224212042343,1.1051619443125191,-0.11652242756072562,0.9998724346859761,0.0004278340862924002,0.9994446005996837,False,False,False,-1.0
2025-08-08,2025-08-09 00:00:00,-0.17193891187506838,0.0,0.0,-0.08596945593753419,0.0,0.0,0.0,0.08596945593753419,0.08596945593753419,-0.08596945593753419,False,0.5,0.0,0.006356390629096875,-0.0005464554441098991,0.0,7.360398624788885e-08,-0.000546529048096147,1.1028013340471081,1.1021986210837722,-0.11889133795070006,0.9994156108029928,0.00042984727968767094,0.9989857635233051,False,False,False,-1.0
2025-08-09,2025-08-10 00:00:00,0.16865391327864596,0.0,0.0,0.08432695663932298,0.0,0.0,0.08432695663932298,0.0,0.08432695663932298,0.08432695663932298,False,0.5,0.0,0.0012965200924930365,0.0001093315936216713,0.0,7.219773684873542e-08,0.00010925939588482256,1.107803588236579,1.107924626187389,-0.1143139118868075,0.999941550749522,0.0004216347831966149,0.9995199159663254,False,False,False,1.0
2025-08-10,2025-08-11 00:00:00,0.16918523295777543,0.0,0.0,0.08459261647888772,0.0,0.0,0.08459261647888772,0.0,0.08459261647888772,0.08459261647888772,False,0.5,0.0,-0.0007510424564063367,-6.353264647414299e-05,0.0,7.242518534151345e-08,-6.360507165948451e-05,1.1082101903004804,1.1081397025119126,-0.11414197771004986,0.9998528204375529,0.0004229630823944386,0.9994298573551584,False,False,False,1.0
2025-08-11,2025-08-12 00:00:00,0.16462240254137792,0.0,-0.11478420499608488,0.08231120127068896,0.0,-0.05739210249804244,0.08231120127068896,0.05739210249804244,0.1397033037687314,0.024919098772646517,True,0.5,0.0,0.00402379489082394,0.00010026934232531215,0.0,1.19608992952681e-07,0.00010014973333235947,1.1091806581543797,1.1092917423015114,-0.11322102551665769,0.9996030085576881,0.0006985165188436571,0.9989044920388445,False,False,False,1.0
2025-08-12,2025-08-13 00:00:00,0.17181685887355125,0.0,0.0,0.08590842943677562,0.0,0.0,0.08590842943677562,0.0,0.08590842943677562,0.08590842943677562,False,0.5,0.0,0.006375520881406915,0.0005477109857630355,0.0,7.355173753148598e-08,0.000547637434025504,1.1114958661619578,1.1121045629060327,-0.11097242843803179,0.9999537036638002,0.00042954214718387814,0.9995241615166164,False,False,False,1.0
2025-08-13,2025-08-14 00:00:00,0.17315279854106083,0.0,0.0,0.08657639927053042,0.0,0.0,0.08657639927053042,0.0,0.08657639927053042,0.08657639927053042,False,0.5,0.0,-0.001040685224839355,-9.009877954063372e-05,0.0,7.412362951244041e-08,-9.017290317014616e-05,1.11637054554727,1.1162698791741645,-0.10764263272442698,0.9996317444439266,0.0004328819963526521,0.9991988624475739,False,False,False,1.0
2025-08-14,2025-08-15 00:00:00,0.17251823102848307,0.0,0.0,0.08625911551424154,0.0,0.0,0.08625911551424154,0.0,0.08625911551424154,0.08625911551424154,False,0.5,0.0,0.0021735405065954616,0.00018748768163330098,0.0,7.385198246082323e-08,0.00018741382965084015,1.115205391209886,1.1154143961231,-0.10832651447868658,0.9997548075223294,0.0004312955775712077,0.9993235119447582,False,False,False,1.0
2025-08-15,2025-08-16 00:00:00,0.17013627650451518,0.0,0.0,0.08506813825225759,0.0,0.0,0.08506813825225759,0.0,0.08506813825225759,0.08506813825225759,False,0.5,0.0,0.0034475104082196673,0.00029327329203252765,0.0,7.283231014748082e-08,0.00029320045972238014,1.1111479181924049,1.1114737072728387,-0.11147674077546077,0.9995802496183818,0.000425340691261288,0.9991549089271204,False,False,False,1.0
2025-08-16,2025-08-17 00:00:00,0.1685274747515194,0.0,0.0,0.0842637373757597,0.0,0.0,0.0842637373757597,0.0,0.0842637373757597,0.0842637373757597,False,0.5,0.0,0.0010445563593910467,8.801822274190684e-05,0.0,7.214361076691756e-08,8.794607913113992e-05,1.1107441896477281,1.1108418752441254,-0.11198183365328718,0.9998925417894274,0.00042131868687879853,0.9994712231025487,False,False,False,1.0
2025-08-17,2025-08-18 00:00:00,0.168132008054281,0.0,0.0,0.0840660040271405,0.0,0.0,0.0840660040271405,0.0,0.0840660040271405,0.0840660040271405,False,0.5,0.0,-0.0006838610972901282,-5.748946975879664e-05,0.0,7.197431851638741e-08,-5.756144407731303e-05,1.1142680070359414,1.1142038681603672,-0.10929422270587341,0.9998504922565328,0.0004203300201357025,0.999430162236397,False,False,False,1.0
2025-08-18,2025-08-19 00:00:00,0.17306022978699198,0.0,0.0,0.08653011489349599,0.0,0.0,0.08653011489349599,0.0,0.08653011489349599,0.08653011489349599,False,0.5,0.0,0.005760365996244632,0.0004984451314836355,0.0,7.408400247730821e-08,0.0004983710474811583,1.1090685409531753,1.1096212686036584,-0.11295759887681178,0.9999163842681564,0.00043265057446747996,0.9994837336936889,False,False,False,1.0
2025-08-19,2025-08-20 00:00:00,0.17414831404735728,0.0,0.0,0.08707415702367864,0.0,0.0,0.08707415702367864,0.0,0.08707415702367864,0.08707415702367864,False,0.5,0.0,-0.005975424613340996,-0.0005203050610652081,0.0,7.454979197232761e-08,-0.0005203796108571804,1.1067757872782795,1.1061998437247895,-0.11569272033283229,0.9994023698560589,0.00043537078511839323,0.9989669990709406,False,False,False,1.0
2025-08-20,2025-08-21 00:00:00,0.16526854444826772,0.0,0.0,0.08263427222413386,0.0,0.0,0.08263427222413386,0.0,0.08263427222413386,0.08263427222413386,False,0.5,0.0,-0.007670933740210106,-0.0006338820269018152,0.0,7.074852073984062e-08,-0.0006339527754225551,1.108318445122198,1.1076158235678606,-0.11456077180635849,0.9992613641526165,0.00041317136112066933,0.9988481927914958,False,False,False,1.0
2025-08-21,2025-08-22 00:00:00,0.17023180590361603,0.0,0.0,0.08511590295180801,0.0,0.0,0.08511590295180801,0.0,0.08511590295180801,0.08511590295180801,False,0.5,0.0,-0.004244141418172309,-0.0003612439290629031,0.0,7.28732045820274e-08,-0.0003613168022674851,1.1077886856648966,1.1073884229994042,-0.11474255810765588,0.9995146054986462,0.00042557951475904007,0.9990890259838872,False,False,False,1.0
2025-08-22,2025-08-23 00:00:00,0.16987813766171314,0.0,0.0,0.08493906883085657,0.0,0.0,0.08493906883085657,0.0,0.08493906883085657,0.08493906883085657,False,0.5,0.0,-0.006629144560549971,-0.0005630733661182524,0.0,7.272180550587035e-08,-0.0005631460879237583,1.1162227263099629,1.1155941298483898,-0.1081828335311823,0.9993767074388773,0.00042469534415428287,0.9989520120947231,False,False,False,1.0
2025-08-23,2025-08-24 00:00:00,0.17221926851815691,0.0,0.0,0.08610963425907846,0.0,0.0,0.08610963425907846,0.0,0.08610963425907846,0.08610963425907846,False,0.5,0.0,-0.0002168306931213948,-1.8671211680825786e-05,0.0,7.372400193414251e-08,-1.874493568275993e-05,1.1184105270627394,1.1183895625293427,-0.10594813653352009,0.9999306796462692,0.0004305481712953923,0.9995001314749739,False,False,False,1.0
2025-08-24,2025-08-25 00:00:00,0.15747183186853633,0.0,0.0,0.07873591593426817,0.0,0.0,0.07873591593426817,0.0,0.07873591593426817,0.07873591593426817,False,0.5,0.0,-0.0031730793207489505,-0.0002498353066512541,0.0,6.741088693002411e-08,-0.0002499027175381841,1.1195473250699146,1.119267547150967,-0.10524626679746607,0.9997057584690351,0.00039367957967134084,0.9993120788893638,False,False,False,1.0
2025-08-25,2025-08-26 00:00:00,0.1569937620979315,0.0,-0.061311885206886615,0.07849688104896575,0.0,-0.030655942603443308,0.07849688104896575,0.030655942603443308,0.10915282365240905,0.047840938445522445,True,0.5,0.0,-0.003521035430824271,-0.00016844963931056755,0.0,9.345275997637761e-08,-0.00016854309207054393,1.1169580268296355,1.1167697712700806,-0.10724301395574398,0.9996088202120179,0.0005457641182620452,0.9990630560937559,False,False,False,1.0
2025-08-26,2025-08-27 00:00:00,0.159971639242355,0.0,-0.061311885206886615,0.0799858196211775,0.0,-0.030655942603443308,0.0799858196211775,0.030655942603443308,0.1106417622246208,0.04932987701773419,True,0.5,0.0,0.002339228010368899,0.00011539383006793683,0.0,9.472753615121644e-08,0.00011529910253178561,1.1155409077400253,1.1156695286055252,-0.10812255900647427,0.9998488311015062,0.000553208811123104,0.9992956222903832,False,False,False,1.0
2025-08-27,2025-08-28 00:00:00,0.15541144231137044,0.0,-0.061311885206886615,0.07770572115568522,0.0,-0.030655942603443308,0.07770572115568522,0.030655942603443308,0.10836166375912853,0.04704977855224191,True,0.5,0.0,0.0033626559808932477,0.0001582122192483991,0.0,9.27753970540484e-08,0.00015811944385134505,1.1170845326927576,1.117261165477802,-0.10685018848434347,0.9998236317921493,0.0005418083187956427,0.9992818234733536,False,False,False,1.0
2025-08-28,2025-08-29 00:00:00,0.15434708779672135,0.0,0.0,0.07717354389836067,0.0,0.0,0.07717354389836067,0.0,0.07717354389836067,0.07717354389836067,False,0.5,0.0,-0.0032255850662276098,-0.00024892983070641306,0.0,6.607323963900742e-08,-0.0002489959039460521,1.115386137404635,1.115108410825103,-0.10857112220307275,0.9994222868728013,0.0003858677194918034,0.9990364191533095,False,False,False,1.0
2025-08-29,2025-08-30 00:00:00,0.15325434453488024,0.0,0.0,0.07662717226744012,0.0,0.0,0.07662717226744012,0.0,0.07662717226744012,0.07662717226744012,False,0.5,0.0,-0.0042285933233465745,-0.0003240251490370251,0.0,6.560545570842476e-08,-0.0003240907544927335,1.1118704816212628,1.111510134677976,-0.11144762034145861,0.9995308761547811,0.0003831358613372006,0.9991477402934439,False,False,False,1.0
2025-08-30,2025-08-31 00:00:00,0.15063583361710642,0.0,0.0,0.07531791680855321,0.0,0.0,0.07531791680855321,0.0,0.07531791680855321,0.07531791680855321,False,0.5,0.0,-0.0003382308242548815,-2.5474841083317546e-05,0.0,6.448451781554213e-08,-2.553932560113309e-05,1.1127345441183243,1.1127061256284945,-0.11049153314802873,0.9998760038561579,0.00037658958404276606,0.9994994142721152,False,False,False,1.0
2025-08-31,2025-09-01 00:00:00,0.14612119443360422,0.0,0.0,0.07306059721680211,0.0,0.0,0.07306059721680211,0.0,0.07306059721680211,0.07306059721680211,False,0.5,0.0,-0.0003122212310435746,-2.281106960380871e-05,0.0,6.255188117876893e-08,-2.287362148498748e-05,1.114726913104021,1.1147014152625514,-0.10889647854876228,0.999951056584682,0.00036530298608401053,0.9995857535985979,False,False,False,1.0
2025-09-01,2025-09-02 00:00:00,0.14605454057866388,0.0,0.0,0.07302727028933194,0.0,0.0,0.07302727028933194,0.0,0.07302727028933194,0.07302727028933194,False,0.5,0.0,-0.0013834870286638656,-0.00010103228118402084,0.0,6.252334785045542e-08,-0.00010109480453187129,1.1125754544739526,1.1124629788758555,-0.11068590710731441,0.9996188918863588,0.0003651363514466597,0.9992537555349121,False,False,False,1.0
2025-09-02,2025-09-03 00:00:00,0.15084541553798425,0.0,0.0,0.07542270776899213,0.0,0.0,0.07542270776899213,0.0,0.07542270776899213,0.07542270776899213,False,0.5,0.0,-0.003366065417740316,-0.00025387776833353824,0.0,6.457423610358914e-08,-0.0002539423425696418,1.1114953827588232,1.1112131270175702,-0.11168505125207007,0.9995504842317555,0.0003771135388449606,0.9991733706929106,False,False,False,1.0
2025-09-03,2025-09-04 00:00:00,0.15391181141114435,0.0,0.0,0.07695590570557218,0.0,0.0,0.07695590570557218,0.0,0.07695590570557218,0.07695590570557218,False,0.5,0.0,0.001812506293424665,0.00013948306340754466,0.0,6.588690556983919e-08,0.00013941717650197482,1.1146719520227724,1.1148273564390492,-0.10879579990573174,0.9998802542006645,0.0003847795285278609,0.9994954746721366,False,False,False,1.0
2025-09-04,2025-09-05 00:00:00,0.1527900374354676,0.0,-0.11608698617506881,0.0763950187177338,0.0,-0.058043493087534405,0.0763950187177338,0.058043493087534405,0.1344385118052682,0.018351525630199393,True,0.5,0.0,0.00013017171043294695,2.3888494803371198e-06,0.0,1.1510146558670223e-07,2.2737480147504177e-06,1.112516858912869,1.1125193884958684,-0.11064081268978798,0.99980366608975,0.000672192559026341,0.9991314735307237,False,False,False,1.0
2025-09-05,2025-09-06 00:00:00,0.1538573026422827,0.0,0.0,0.07692865132114135,0.0,0.0,0.07692865132114135,0.0,0.07692865132114135,0.07692865132114135,False,0.5,0.0,-0.004883774988377554,-0.000375702223211808,0.0,6.586357133659361e-08,-0.0003757680867831446,1.1105757909220981,1.1101584719819155,-0.11252815309380126,0.999524271159873,0.0003846432566057068,0.9991396279032673,False,False,False,1.0
2025-09-06,2025-09-07 00:00:00,0.15092773649675245,0.0,0.0,0.07546386824837623,0.0,0.0,0.07546386824837623,0.0,0.07546386824837623,0.07546386824837623,False,0.5,0.0,-0.0015183062346473264,-0.00011457726165211404,0.0,6.460947624004814e-08,-0.00011464187112835408,1.1100383163327139,1.1099110594631054,-0.11272593714946322,0.9997668968922483,0.00037731934124188114,0.9993895775510064,False,False,False,1.0
2025-09-07,2025-09-08 00:00:00,0.15153516074892343,0.0,0.0,0.07576758037446171,0.0,0.0,0.07576758037446171,0.0,0.07576758037446171,0.07576758037446171,False,0.5,0.0,-0.0011854041879633126,-8.981520708773381e-05,0.0,6.486950374525831e-08,-8.988007659147906e-05,1.1105839563045676,1.1104841369335137,-0.11226781325641622,0.9998710238920879,0.0003788379018723086,0.9994921859902156,False,False,False,1.0
2025-09-08,2025-09-09 00:00:00,0.15520219633403437,0.0,0.0,0.07760109816701719,0.0,0.0,0.07760109816701719,0.0,0.07760109816701719,0.07760109816701719,False,0.5,0.0,-2.2883295195397224e-06,-1.7757688368428526e-07,0.0,6.643929637587088e-08,-2.440161800601561e-07,1.1119417325995622,1.1119414612677883,-0.11110281352788998,0.9998223566770262,0.0003880054908350859,0.9994343511861912,False,False,False,1.0
2025-09-09,2025-09-10 00:00:00,0.15688823221779777,0.0,0.0,0.07844411610889888,0.0,0.0,0.07844411610889888,0.0,0.07844411610889888,0.07844411610889888,False,0.5,0.0,0.0013859738511377007,0.00010872149370254353,0.0,6.716105831241343e-08,0.00010865433264423112,1.110110544988542,1.1102311633089692,-0.11247004291592799,0.9999773818377184,0.0003922205805444944,0.999585161257174,False,False,False,1.0
2025-09-10,2025-09-11 00:00:00,0.16571268355534144,0.0,0.0,0.08285634177767072,0.0,0.0,0.08285634177767072,0.0,0.08285634177767072,0.08285634177767072,False,0.5,0.0,-0.0009664444146999518,-8.007604873350014e-05,0.0,7.093864878225234e-08,-8.01469873822824e-05,1.1128426432089664,1.1127534522236828,-0.11045369979189112,0.9997963554445006,0.00041428170888835363,0.9993820737356123,False,False,False,1.0
2025-09-11,2025-09-12 00:00:00,0.16454893209833654,0.0,0.0,0.08227446604916827,0.0,0.0,0.08227446604916827,0.0,0.08227446604916827,0.08227446604916827,False,0.5,0.0,0.00022676508271257667,1.8656976098772724e-05,0.0,7.044046750784955e-08,1.8586535631264875e-05,1.1129064525632446,1.1129271376386793,-0.11031485392446072,0.9997975013688608,0.0004113723302458414,0.999386129038615,False,False,False,1.0
2025-09-12,2025-09-13 00:00:00,0.16436123944240105,0.0,0.0,0.08218061972120053,0.0,0.0,0.08218061972120053,0.0,0.08218061972120053,0.08218061972120053,False,0.5,0.0,0.00022026431718069617,1.8101458088376688e-05,0.0,7.036011962431552e-08,1.8031097968752374e-05,1.115581753003037,1.1156018681669175,-0.10817664744153022,0.9999519607759462,0.00041090309860600266,0.9995410576773401,False,False,False,1.0
2025-09-13,2025-09-14 00:00:00,0.16719452297197868,0.0,0.0,0.08359726148598934,0.0,0.0,0.08359726148598934,0.0,0.08359726148598934,0.08359726148598934,False,0.5,0.0,-0.00032640089330782107,-2.7286220827114427e-05,0.0,7.157299784759361e-08,-2.735779382496202e-05,1.1179691845673312,1.1179385993968771,-0.10630864099676252,0.999887552280701,0.0004179863074299467,0.9994695659732711,False,False,False,1.0
2025-09-14,2025-09-15 00:00:00,0.17009053937183985,0.0,0.0,0.08504526968591992,0.0,0.0,0.08504526968591992,0.0,0.08504526968591992,0.08504526968591992,False,0.5,0.0,-0.0009219100756272525,-7.840409100788652e-05,0.0,7.281273089547939e-08,-7.8476903738782e-05,1.1165723243075227,1.1164846991687107,-0.10747090346043109,0.9998648052431918,0.00042522634842959964,0.9994395788947622,False,False,False,1.0
2025-09-15,2025-09-16 00:00:00,0.16847894064552257,0.0,0.0,0.08423947032276129,0.0,0.0,0.08423947032276129,0.0,0.08423947032276129,0.08423947032276129,False,0.5,0.0,0.004433975954722502,0.0003735157858496834,0.0,7.21228341804463e-08,0.00037344366301550296,1.1143240419211766,1.1147401791731777,-0.10886549028877512,0.999898555768116,0.00042119735161380643,0.9994773584165022,False,False,False,1.0
2025-09-16,2025-09-17 00:00:00,0.17321899344894265,0.0,0.0,0.08660949672447132,0.0,0.0,0.08660949672447132,0.0,0.08660949672447132,0.08660949672447132,False,0.5,0.0,0.0038287128735130516,0.00033160289507746984,0.0,7.41519663736912e-08,0.00033152874311109614,1.113650384022917,1.1140195911349975,-0.10944153561315173,0.9999031515445378,0.0004330474836223566,0.9994701040609154,False,False,False,1.0
2025-09-17,2025-09-18 00:00:00,0.17220392207342403,0.0,0.0,0.08610196103671201,0.0,0.0,0.08610196103671201,0.0,0.08610196103671201,0.08610196103671201,False,0.5,0.0,-0.0009350579958590233,-8.051032712651964e-05,0.0,7.371743239444521e-08,-8.058404455891408e-05,1.114599557833627,1.1145097388931933,-0.10904970656603707,0.9998851032207848,0.00043050980518356005,0.9994545934156013,False,False,False,1.0
2025-09-18,2025-09-19 00:00:00,0.17613485568762438,0.0,0.0,0.08806742784381219,0.0,0.0,0.08806742784381219,0.0,0.08806742784381219,0.08806742784381219,False,0.5,0.0,0.00034816820005745264,3.0662277836069674e-05,0.0,7.540019507175701e-08,3.0586877640997916e-05,1.1168952932193401,1.1169294555590115,-0.10711536072929384,0.999975394777536,0.000440337139219061,0.999535057638317,False,False,False,1.0
2025-09-19,2025-09-20 00:00:00,0.18444052124363255,0.0,0.0,0.09222026062181628,0.0,0.0,0.09222026062181628,0.0,0.09222026062181628,0.09222026062181628,False,0.5,0.0,-6.930409743721722e-05,-6.391241927819921e-06,0.0,7.895570258717147e-08,-6.470197630407093e-06,1.1141225126993088,1.114115304106467,-0.1093650217012132,0.9998203477630354,0.0004611013031090814,0.9993592464599264,False,False,False,1.0
2025-09-20,2025-09-21 00:00:00,0.18823978213424036,0.0,0.0,0.09411989106712018,0.0,0.0,0.09411989106712018,0.0,0.09411989106712018,0.09411989106712018,False,0.5,0.0,-0.00018458678136246132,-1.737328775426519e-05,0.0,8.058209851637001e-08,-1.745386985278156e-05,1.1146666735771857,1.114647218330136,-0.10893980412157134,0.9998845859052194,0.0004705994553356009,0.9994139864498839,False,False,False,1.0
2025-09-21,2025-09-22 00:00:00,0.1853418330016473,0.0,0.0,0.09267091650082365,0.0,0.0,0.09267091650082365,0.0,0.09267091650082365,0.09267091650082365,False,0.5,0.0,-0.00038376324485212,-3.5563691619775954e-05,0.0,7.934153810002025e-08,-3.564303315787597e-05,1.114326607234073,1.1142868892538627,-0.10922785480882446,0.999930240634765,0.00046335458250411826,0.9994668860522609,False,False,False,1.0
2025-09-22,2025-09-23 00:00:00,0.18537829325326738,0.0,0.0,0.09268914662663369,0.0,0.0,0.09268914662663369,0.0,0.09268914662663369,0.09268914662663369,False,0.5,0.0,-0.0008107129236755162,-7.514428905466681e-05,0.0,7.935714608444664e-08,-7.522364620075126e-05,1.106929500366822,1.1068462330937172,-0.11517599017084135,0.9997071246999989,0.0004634457331331685,0.9992436789668657,False,False,False,1.0
2025-09-23,2025-09-24 00:00:00,-0.22057552361349528,0.0,0.0,-0.11028776180674764,0.0,0.0,0.0,0.11028776180674764,0.11028776180674764,-0.11028776180674764,False,0.5,0.0,1.9143656390552266e-05,-2.1113110161114506e-06,0.0,9.442445360166749e-08,-2.205735469713118e-06,1.1068818080973912,1.1068793666089263,-0.11514950290557313,0.9997605356890953,0.0005514388090337382,0.9992090968800615,False,False,False,-1.0
2025-09-24,2025-09-25 00:00:00,-0.19865369470352534,0.09743213503694118,0.0,-0.09932684735176267,0.04871606751847059,0.0,0.04871606751847059,0.09932684735176267,0.14804291487023324,-0.05061077983329208,True,0.5,0.0,-0.006068360969600728,0.0003071244809814053,0.0,1.2674907095054215e-07,0.00030699773191045476,1.1065264256520468,1.106866126755021,-0.11516008697793279,0.9996531140377759,0.0007402145743511662,0.9989128994634248,False,False,False,-1.0
2025-09-25,2025-09-26 00:00:00,-0.1993824620684846,0.0,0.0,-0.0996912310342423,0.0,0.0,0.0,0.0996912310342423,0.0996912310342423,-0.0996912310342423,False,0.5,0.0,0.0008656427397342181,-8.629699035995842e-05,0.0,8.535208136493346e-08,-8.638234244132335e-05,1.1101683454254043,1.1100724464832223,-0.11259692274257938,0.9998684738562431,0.0004984561551712115,0.9993700177010719,False,False,False,-1.0
2025-09-26,2025-09-27 00:00:00,-0.20584314758656136,0.0,0.0,-0.10292157379328068,0.0,0.0,0.0,0.10292157379328068,0.10292157379328068,-0.10292157379328068,False,0.5,0.0,-0.0015468667719852336,0.0001592059626212521,0.0,8.811778578191838e-08,0.00015911784483547018,1.1113985662410344,1.1115754095856478,-0.1113954389238232,0.9999157489919905,0.0005146078689664034,0.9994011411230241,False,False,False,-1.0
2025-09-27,2025-09-28 00:00:00,-0.20059771537091223,0.0,0.0,-0.10029885768545611,0.0,0.0,0.0,0.10029885768545611,0.10029885768545611,-0.10029885768545611,False,0.5,0.0,0.0004732819863895177,-4.746964259797221e-05,0.0,8.587230966220558e-08,-4.7555514907634415e-05,1.109546548086515,1.1094937830291067,-0.11305951212717802,0.9998630016848288,0.0005014942884272805,0.9993615073964015,False,False,False,-1.0
2025-09-28,2025-09-29 00:00:00,-0.2064114065836241,0.0,0.0,-0.10320570329181206,0.0,0.0,0.0,0.10320570329181206,0.10320570329181206,-0.10320570329181206,False,0.5,0.0,-5.473453749327284e-05,5.648916436345279e-06,0.0,8.836104733888018e-08,5.560555389006399e-06,1.109379539347911,1.1093857081142868,-0.11314590830094973,0.999951125542457,0.0005160285164590603,0.999435097025998,False,False,False,-1.0
2025-09-29,2025-09-30 00:00:00,-0.20800232700740706,0.0,0.0,-0.10400116350370353,0.0,0.0,0.0,0.10400116350370353,0.10400116350370353,-0.10400116350370353,False,0.5,0.0,-0.0013911942203076455,0.0001446858175716228,0.0,8.904209204084206e-08,0.00014459677547958195,1.105128179268996,1.10528797724021,-0.11642167557086858,0.9999854423761508,0.0005200058175185177,0.9994654365586323,False,False,False,-1.0
2025-09-30,2025-10-01 00:00:00,-0.21709277234253366,0.0,0.0,-0.10854638617126683,0.0,0.0,0.0,0.10854638617126683,0.10854638617126683,-0.10854638617126683,False,0.5,0.0,0.0023489491799366657,-0.00025496994478208586,0.0,9.29335498041668e-08,-0.00025506287833189004,1.1068476788088502,1.1065653630540182,-0.11540052050517036,0.9996662002889789,0.0005427319308563341,0.9991234683581226,False,False,False,-1.0
2025-10-01,2025-10-02 00:00:00,-0.21035633284207966,0.0,0.0,-0.10517816642103983,0.0,0.0,0.0,0.10517816642103983,0.10517816642103983,-0.10517816642103983,False,0.5,0.0,-0.0018418799177385425,0.00019372555251547557,0.0,9.004980001801355e-08,0.00019363550271545756,1.1005867230512911,1.100799835714691,-0.12000954104174844,0.9999503861247448,0.0005258908321051992,0.9994244952926397,False,False,False,-1.0
2025-10-02,2025-10-03 00:00:00,-0.2140614980612146,0.0,0.0,-0.1070307490306073,0.0,0.0,0.0,0.1070307490306073,0.1070307490306073,-0.1070307490306073,False,0.5,0.0,0.006213702359346707,-0.0006650572177741298,0.0,9.163591526593091e-08,-0.0006651488536893957,1.0985064504027786,1.0977757800965229,-0.12242700151458674,0.9991879509576457,0.0005351537451530365,0.9986527972124927,False,False,False,-1.0
2025-10-03,2025-10-04 00:00:00,-0.20374175014582563,0.0,0.0,-0.10187087507291281,0.0,0.0,0.0,0.10187087507291281,0.10187087507291281,-0.10187087507291281,False,0.5,0.0,0.007404658356796823,-0.000754319026422849,0.0,8.721821495968563e-08,-0.0007544062446378087,1.0960896080668912,1.095262711221883,-0.12443597404586648,0.9990542973636073,0.000509354375364564,0.9985449429882427,False,False,False,-1.0
2025-10-04,2025-10-05 00:00:00,-0.2018598954105284,0.0,0.0,-0.1009299477052642,0.0,0.0,0.0,0.1009299477052642,0.1009299477052642,-0.1009299477052642,False,0.5,0.0,-0.0005655042412816558,5.7076313499662625e-05,0.0,8.641262645998647e-08,5.698990087320264e-05,1.0971122704071767,1.0971747947267139,-0.1229074352630729,0.999808300249196,0.000504649738526321,0.9993036505106696,False,False,False,-1.0
2025-10-05,2025-10-06 00:00:00,-0.20843422825721858,0.0,0.0,-0.10421711412860929,0.0,0.0,0.0,0.10421711412860929,0.10421711412860929,-0.10421711412860929,False,0.5,0.0,0.0009963547995139876,-0.00010383722185353687,0.0,8.922698127449424e-08,-0.00010392644883481137,1.0952826649449203,1.0951688361070822,-0.12451101875670134,0.9998127274883915,0.0005210855706430465,0.9992916419177484,False,False,False,-1.0
2025-10-06,2025-10-07 00:00:00,-0.21599814835667433,0.0,0.0,-0.10799907417833716,0.0,0.0,0.0,0.10799907417833716,0.10799907417833716,-0.10799907417833716,False,0.5,0.0,0.0005247724736490156,-5.667494130836952e-05,0.0,9.246496076912427e-08,-5.6767406269138645e-05,1.0915944952229104,1.091532528234719,-0.12741791983871031,0.9996501421829648,0.0005399953708916859,0.9991101468120731,False,False,False,-1.0
2025-10-07,2025-10-08 00:00:00,0.2147614704781787,0.0,0.0,0.10738073523908935,0.0,0.0,0.10738073523908935,0.0,0.10738073523908935,0.10738073523908935,False,0.5,0.0,0.00020844698128841266,2.2383190109118452e-05,0.0,9.193556099237102e-08,2.229125454812608e-05,1.0877920543978008,1.0878163026473808,-0.13038870794576973,0.9994424713831042,0.0005369036761954468,0.9989055677069087,False,False,False,1.0
2025-10-08,2025-10-09 00:00:00,0.21035501840527862,0.0,0.0,0.10517750920263931,0.0,0.0,0.10517750920263931,0.0,0.10517750920263931,0.10517750920263931,False,0.5,0.0,-0.0019422097182335563,-0.00020427678051296536,0.0,9.00492373310268e-08,-0.00020436682975029637,1.086370168367181,1.0861481503399364,-0.13172224567625757,0.9996293778483062,0.0005258875460131965,0.999103490302293,False,False,False,1.0
2025-10-09,2025-10-10 00:00:00,0.20299217994537483,0.0,0.0,0.10149608997268741,0.0,0.0,0.10149608997268741,0.0,0.10149608997268741,0.10149608997268741,False,0.5,0.0,0.0045494358047353245,0.00046174994576238205,0.0,8.689733730538306e-08,0.0004616630484250767,1.0823658996918506,1.0828655880326137,-0.1343463589961006,0.999976979285592,0.0005074804498634371,0.9994694988357286,False,False,False,1.0
2025-10-10,2025-10-11 00:00:00,0.20299184185426797,0.0,0.0,0.10149592092713398,0.0,0.0,0.10149592092713398,0.0,0.10149592092713398,0.10149592092713398,False,0.5,0.0,-0.00847906345879057,-0.0008605903543495589,0.0,8.689719257460102e-08,-0.0008606772515421335,1.0783439458231272,1.077415839719619,-0.13870294260336968,0.9988789616518041,0.0005074796046356699,0.9983714820471684,False,False,False,1.0
2025-10-11,2025-10-12 00:00:00,0.20031641085229823,0.0,0.0,0.10015820542614912,0.0,0.0,0.10015820542614912,0.0,0.10015820542614912,0.10015820542614912,False,0.5,0.0,0.001745310460856242,0.00017480716367084646,0.0,8.575188820731944e-08,0.00017472141178263912,1.0673971670175288,1.067583664157483,-0.14656288262585782,0.9999489944436791,0.0005007910271307456,0.9994482034165484,False,False,False,1.0
2025-10-12,2025-10-13 00:00:00,0.1929001025652975,0.0,0.0,0.09645005128264875,0.0,0.0,0.09645005128264875,0.0,0.09645005128264875,0.09645005128264875,False,0.5,0.0,0.0063146912665073,0.0006090522964887232,0.0,8.25770987008979e-08,0.0006089697193900224,1.0725680696217925,1.0732212310981768,-0.14205615491879187,0.9999996766907683,0.00048225025641324376,0.999517426434355,False,False,False,1.0
2025-10-13,2025-10-14 00:00:00,0.17606693071673635,0.0,0.0,0.08803346535836817,0.0,0.0,0.08803346535836817,0.0,0.08803346535836817,0.08803346535836817,False,0.5,0.0,0.003235429040220783,0.0002848260303317347,0.0,7.53711176013426e-08,0.0002847506592141334,1.0754408815640335,1.0757471140640047,-0.14003693867415046,0.9999973605535906,0.00044016732679184086,0.9995571932267987,False,False,False,1.0
2025-10-14,2025-10-15 00:00:00,0.1691719148270012,0.0,0.0,0.0845859574135006,0.0,0.0,0.0845859574135006,0.0,0.0845859574135006,0.0845859574135006,False,0.5,0.0,0.015600903419662249,0.0013196173522676867,0.0,7.241948408690119e-08,0.0013195449327836,1.0732976918140864,1.0747139563446881,-0.1408628553450112,0.9999999275805159,0.000422929787067503,0.9995769977934484,False,False,False,1.0
2025-10-15,2025-10-16 00:00:00,0.16917234570438497,0.0,-0.08068746211846281,0.08458617285219248,0.0,-0.040343731059231405,0.08458617285219248,0.040343731059231405,0.12492990391142389,0.04424244179296108,True,0.5,0.0,-0.0010694677013222131,-4.73158625251999e-05,0.0,1.0696053417073964e-07,-4.742282305937064e-05,1.0735069458385706,1.0734560371086252,-0.14186844863269255,0.9994343982391741,0.0006246495195571195,0.998809748719617,False,False,False,1.0
2025-10-16,2025-10-17 00:00:00,0.16935814478121008,0.0,-0.08068746211846281,0.08467907239060504,0.0,-0.040343731059231405,0.08467907239060504,0.040343731059231405,0.12502280344983646,0.04433534133137364,True,0.5,0.0,-0.01172460217840221,-0.0005198142395540289,0.0,1.0704007144677779e-07,-0.0005199212796254757,1.0731497553528375,1.0725918019588045,-0.1425593269027141,0.9986662360051215,0.0006251140172491823,0.9980411219878723,False,False,False,1.0
2025-10-17,2025-10-18 00:00:00,0.16860226421684377,0.0,0.0,0.08430113210842188,0.0,0.0,0.08430113210842188,0.0,0.08430113210842188,0.08430113210842188,False,0.5,0.0,0.007201976430377899,0.0006071347664990279,0.0,7.217562680515572e-08,0.0006070625908722228,1.0708331840841314,1.0714832468512536,-0.1434455170039698,0.9999907559284902,0.0004215056605421094,0.9995692502679481,False,False,False,1.0
2025-10-18,2025-10-19 00:00:00,0.1680278904734643,0.0,0.0,0.08401394523673215,0.0,0.0,0.08401394523673215,0.0,0.08401394523673215,0.08401394523673215,False,0.5,0.0,0.0010873860633784371,9.135559317986178e-05,0.0,7.192974763418849e-08,9.128366343222758e-05,1.0732939565115944,1.0733919307158843,-0.14191969592774112,0.9999929841771841,0.0004200697261836608,0.9995729144510004,False,False,False,1.0
2025-10-19,2025-10-20 00:00:00,0.16674642740268542,0.0,0.0,0.08337321370134271,0.0,0.0,0.08337321370134271,0.0,0.08337321370134271,0.08337321370134271,False,0.5,0.0,0.0009689166505180147,8.078169496242762e-05,0.0,7.138117611416327e-08,8.071031378631347e-05,1.0756362980180258,1.0757231129611589,-0.14005612539713452,0.9999778972474705,0.00041686606850671354,0.9995610311789639,False,False,False,1.0
2025-10-20,2025-10-21 00:00:00,0.1672547535571165,0.0,0.0,0.08362737677855825,0.0,0.0,0.08362737677855825,0.0,0.08362737677855825,0.08362737677855825,False,0.5,0.0,-0.006432392845173274,-0.0005379241400510076,0.0,7.159878148849165e-08,-0.0005379957388324961,1.0768861527345461,1.0763067925731673,-0.13958952604547092,0.9994368831415433,0.00041813688389279126,0.9990187462576505,False,False,False,1.0
2025-10-21,2025-10-22 00:00:00,0.16605183954639302,0.0,0.0,0.08302591977319651,0.0,0.0,0.08302591977319651,0.0,0.08302591977319651,0.08302591977319651,False,0.5,0.0,0.0018318031474602314,0.00015208714116132202,0.0,7.108383542225728e-08,0.00015201605732589977,1.0779171922706499,1.0780810529923426,-0.13817116442338018,0.9997495763567195,0.00041512959886598255,0.9993344467578534,False,False,False,1.0
2025-10-22,2025-10-23 00:00:00,0.16599411760041763,0.0,0.0,0.08299705880020881,0.0,0.0,0.08299705880020881,0.0,0.08299705880020881,0.08299705880020881,False,0.5,0.0,0.00033349313212593934,2.7678949096522394e-05,0.0,7.10591256851103e-08,2.7607889970837282e-05,1.0726893412846428,1.0727189559739498,-0.14245767870427173,0.9997590355870187,0.0004149852940010441,0.9993440502930176,False,False,False,1.0
2025-10-23,2025-10-24 00:00:00,0.16457179505703656,0.0,0.0,0.08228589752851828,0.0,0.0,0.08228589752851828,0.0,0.08228589752851828,0.08228589752851828,False,0.5,0.0,0.004190519629617251,0.0003448206688339295,0.0,7.045025473332044e-08,0.0003447502185791962,1.0731848293845057,1.0735548100890118,-0.14178948851885265,0.9999421395675226,0.0004114294876425914,0.99953071007988,False,False,False,1.0
2025-10-24,2025-10-25 00:00:00,0.16889371536595027,0.0,0.0,0.08444685768297513,0.0,0.0,0.08444685768297513,0.0,0.08444685768297513,0.08444685768297513,False,0.5,0.0,-0.003774909791700809,-0.0003187792699458275,0.0,7.230039185186227e-08,-0.00031885157033767936,1.074219657197619,1.0738771405730339,-0.14153181428838124,0.9991976773576603,0.0004222342884148757,0.9987754430692454,False,False,False,1.0
2025-10-25,2025-10-26 00:00:00,0.16858447910677493,0.0,0.0,0.08429223955338747,0.0,0.0,0.08429223955338747,0.0,0.08429223955338747,0.08429223955338747,False,0.5,0.0,0.0004071205382132348,3.431710193417402e-05,0.0,7.216801331625638e-08,3.424493392085777e-05,1.0748694195713073,1.074906228403554,-0.14070915112755344,0.999797456930575,0.00042146119776693736,0.999375995732808,False,False,False,1.0
2025-10-26,2025-10-27 00:00:00,0.16849776826123025,0.0,0.0,0.08424888413061513,0.0,0.0,0.08424888413061513,0.0,0.08424888413061513,0.08424888413061513,False,0.5,0.0,0.0015540894437491293,0.00013093030147503251,0.0,7.213089394744445e-08,0.00013085817058108506,1.0779804037370777,1.0781214662806329,-0.13813885763430123,0.9999856332634071,0.0004212444206530756,0.999564388842754,False,False,False,1.0
2025-10-27,2025-10-28 00:00:00,0.17247584706575778,0.0,0.0,0.08623792353287889,0.0,0.0,0.08623792353287889,0.0,0.08623792353287889,0.08623792353287889,False,0.5,0.0,0.0024901032816002644,0.0002147413363876144,0.0,7.383383864116342e-08,0.00021466750254897323,1.080129120685421,1.080360989306189,-0.1363485604057163,0.9999999261661614,0.00043118961766439447,0.999568736548497,False,False,False,1.0
2025-10-28,2025-10-29 00:00:00,0.1693793276816021,0.0,0.0,0.08468966384080105,0.0,0.0,0.08468966384080105,0.0,0.08468966384080105,0.08468966384080105,False,0.5,0.0,0.001864083370027858,0.00015786859397888686,0.0,7.250827383630227e-08,0.00015779608570505056,1.0785551060871141,1.078725297861072,-0.13765614859641417,0.9999951624291783,0.0004234483192040053,0.9995717141099743,False,False,False,1.0
2025-10-29,2025-10-30 00:00:00,0.16873967187662126,0.0,0.0,0.08436983593831063,0.0,0.0,0.08436983593831063,0.0,0.08436983593831063,0.08436983593831063,False,0.5,0.0,-0.0016628422978559598,-0.0001402937318613908,0.0,7.223444857732074e-08,-0.00014036596630996812,1.0756275965582625,1.075476615051282,-0.14025317830521744,0.999593545010342,0.00042184917969155316,0.9991716958306505,False,False,False,1.0
2025-10-30,2025-10-31 00:00:00,0.167674244623824,0.0,0.0,0.083837122311912,0.0,0.0,0.083837122311912,0.0,0.083837122311912,0.083837122311912,False,0.5,0.0,0.0003979096479826971,3.335959982701522e-05,0.0,7.177835814376027e-08,3.3287821468871463e-05,1.0713673441812464,1.071403007666127,-0.14350966101549234,0.9996841240099462,0.00041918561155955997,0.9992649383983867,False,False,False,1.0
2025-10-31,2025-11-01 00:00:00,0.16773977688596306,0.0,0.0,0.08386988844298153,0.0,0.0,0.08386988844298153,0.0,0.08386988844298153,0.08386988844298153,False,0.5,0.0,-0.002170235440798307,-0.00018201740431475887,0.0,7.180641133816911e-08,-0.00018208921072609702,1.073671301334637,1.073475797374798,-0.14185265207719333,0.9997430645383936,0.00041934944221490766,0.9993237150961787,False,False,False,1.0
2025-11-01,2025-11-02 00:00:00,0.16261240991651207,0.0,0.0,0.08130620495825604,0.0,0.0,0.08130620495825604,0.0,0.08130620495825604,0.08130620495825604,False,0.5,0.0,0.0025292004172408067,0.0002056396875046877,0.0,6.961147684782195e-08,0.0002055700760278399,1.0740450175085474,1.0742658090244541,-0.14122110881963823,0.9999653778952052,0.0004065310247912802,0.999558846870414,False,False,False,1.0
2025-11-02,2025-11-03 00:00:00,0.16829234191425804,0.0,0.0,0.08414617095712902,0.0,0.0,0.08414617095712902,0.0,0.08414617095712902,0.08414617095712902,False,0.5,0.0,-0.0014777405606080096,-0.00012434620984320526,0.0,7.204295458658306e-08,-0.00012441825279779184,1.073447260752915,1.0733137043202616,-0.14198223089509232,0.9998507125052335,0.0004207308547856451,0.9994299816504478,False,False,False,1.0
2025-11-03,2025-11-04 00:00:00,0.17033623324090455,0.0,0.0,0.08516811662045227,0.0,0.0,0.08516811662045227,0.0,0.08516811662045227,0.08516811662045227,False,0.5,0.0,-0.003909612426347686,-0.0003329743270679491,0.0,7.291790806545572e-08,-0.00033304724497601457,1.0672439226238217,1.0668884799756746,-0.14711861985197472,0.9994966817923188,0.0004258405831022614,0.9990708412092165,False,False,False,1.0
2025-11-04,2025-11-05 00:00:00,-0.17242061421148255,0.0,0.0,-0.08621030710574128,0.0,0.0,0.0,0.08621030710574128,0.08621030710574128,-0.08621030710574128,False,0.5,0.0,-0.011967223277334238,0.0010316979939419602,0.0,7.381019443984698e-08,0.0010316241837475203,1.068629916339199,1.0697323408043706,-0.14484520890598485,0.9999999261898056,0.0004310515355287064,0.9995688746542769,False,False,False,-1.0
2025-11-05,2025-11-06 00:00:00,-0.1609958156112127,0.0,0.0,-0.08049790780560635,0.0,0.0,0.0,0.08049790780560635,0.08049790780560635,-0.08049790780560635,False,0.5,0.0,0.004544042600399312,-0.0003657859223116915,0.0,6.891944161438899e-08,-0.00036585484175330593,1.0726888670632848,1.0722964186475747,-0.1427954592922588,0.9996058062749426,0.00040248953902803175,0.9992033167359146,False,False,False,-1.0
2025-11-06,2025-11-07 00:00:00,-0.16203802744305257,0.0,0.0,-0.08101901372152628,0.0,0.0,0.0,0.08101901372152628,0.08101901372152628,-0.08101901372152628,False,0.5,0.0,0.0001364384707975841,-1.1054110337693529e-05,0.0,6.936559393966292e-08,-1.1123475931633191e-05,1.0747553913392542,1.0747434363235262,-0.1408392887534602,0.999749370800085,0.0004050950686076314,0.9993442757314773,False,False,False,-1.0
2025-11-07,2025-11-08 00:00:00,-0.16495390963531922,0.0,0.0,-0.08247695481765961,0.0,0.0,0.0,0.08247695481765961,0.08247695481765961,-0.08247695481765961,False,0.5,0.0,0.0035447818010172494,-0.00029236280844096175,0.0,7.061383117950309e-08,-0.00029243342227214123,1.0750443231130935,1.0747299442225913,-0.14085007447463205,0.9992220534259096,0.0004123847740882981,0.9988096686518213,False,False,False,-1.0
2025-11-08,2025-11-09 00:00:00,-0.1656648714938255,0.07123424216969419,0.0,-0.08283243574691275,0.035617121084847096,0.0,0.035617121084847096,0.08283243574691275,0.11844955683175984,-0.047215314662065654,True,0.5,0.0,-0.00019842680124149137,9.368783858004175e-06,0.0,1.0141229180801356e-07,9.267371566196161e-06,1.0731009207476592,1.0731108655726198,-0.1421443822298225,0.9997270347947496,0.0005922477841587992,0.9991347870105908,False,False,False,-1.0
2025-11-09,2025-11-10 00:00:00,-0.16548488985641913,0.07123424216969419,0.0,-0.08274244492820956,0.035617121084847096,0.0,0.035617121084847096,0.08274244492820956,0.11835956601305667,-0.04712532384336247,True,0.5,0.0,-0.004900433390930048,0.00023093451052040538,0.0,1.0133524487419234e-07,0.00023083317527553118,1.0708075062228903,1.0710546841196606,-0.1437881143614831,0.9997710383309742,0.0005917978300652834,0.999179240500909,False,False,False,-1.0
2025-11-10,2025-11-11 00:00:00,-0.16371450424972453,0.0,0.0,-0.08185725212486226,0.0,0.0,0.0,0.08185725212486226,0.08185725212486226,-0.08185725212486226,False,0.5,0.0,-0.00948477059467745,0.0007763972579149918,0.0,7.008326380553276e-08,0.0007763271746511864,1.070821489225322,1.071652797046608,-0.1433099768727074,0.9999771150373852,0.00040928626062431133,0.9995678287767609,False,False,False,-1.0
2025-11-11,2025-11-12 00:00:00,-0.1630260520706719,0.0,0.0,-0.08151302603533594,0.0,0.0,0.0,0.08151302603533594,0.08151302603533594,-0.08151302603533594,False,0.5,0.0,0.0005031974604343681,-4.1017147693301576e-05,0.0,6.978854968778761e-08,-4.1086936242989365e-05,1.072602582234098,1.0725585122801877,-0.1425859390065809,0.9998302364118505,0.00040756513017667974,0.9994226712816738,False,False,False,-1.0
2025-11-12,2025-11-13 00:00:00,-0.17593189074739388,0.0,0.0,-0.08796594537369694,0.0,0.0,0.0,0.08796594537369694,0.08796594537369694,-0.08796594537369694,False,0.5,0.0,-0.00883071805625868,0.0007768024621473702,0.0,7.531330939528847e-08,0.000776727148837975,1.0731062898382622,1.0739398006271683,-0.14148172321095998,0.9998592198843429,0.0004398297268684847,0.9994193901574744,False,False,False,-1.0
2025-11-13,2025-11-14 00:00:00,-0.18764055749410585,0.0,0.0,-0.09382027874705293,0.0,0.0,0.0,0.09382027874705293,0.09382027874705293,-0.09382027874705293,False,0.5,0.0,-0.001533778522381457,0.00014389952850607125,0.0,8.032558111905216e-08,0.0001438192029249522,1.074827640680726,1.0749822215352904,-0.14064840145381186,0.9999661586311925,0.00046910139373526464,0.9994970572374573,False,False,False,-1.0
2025-11-14,2025-11-15 00:00:00,-0.1910790518220786,0.0,0.0,-0.0955395259110393,0.0,0.0,0.0,0.0955395259110393,0.0955395259110393,-0.0955395259110393,False,0.5,0.0,-0.0027835942692907567,0.00026594327681672475,0.0,8.179753930739666e-08,0.00026586147927741734,1.0804175767058206,1.080704818121001,-0.13607370019341158,0.9991415654065465,0.0004776976295551965,0.9986638677769913,False,False,False,-1.0
2025-11-15,2025-11-16 00:00:00,-0.191080767975713,0.0,0.0,-0.0955403839878565,0.0,0.0,0.0,0.0955403839878565,0.0955403839878565,-0.0955403839878565,False,0.5,0.0,0.0014466728097846104,-0.00013821567575161297,0.0,8.17982739622059e-08,-0.00013829747402557517,1.0811188849318412,1.0809693689209336,-0.13586221562346767,0.9997147732532733,0.0004777019199392825,0.9992370713333341,False,False,False,-1.0
2025-11-16,2025-11-17 00:00:00,-0.1822889914682481,0.0,0.0,-0.09114449573412405,0.0,0.0,0.0,0.09114449573412405,0.09114449573412405,-0.09114449573412405,False,0.5,0.0,-0.020682082785123956,0.0018850580061815308,0.0,7.803467100524318e-08,0.0018849799715105256,1.0813970949649954,1.0834355068302541,-0.13389076017782953,0.9999346423059234,0.0004557224786706202,0.9994789198272528,False,False,False,-1.0
2025-11-17,2025-11-18 00:00:00,-0.1827469371999442,0.06019240996506562,0.0,-0.0913734685999721,0.03009620498253281,0.0,0.03009620498253281,0.0913734685999721,0.1214696735825049,-0.06127726361743929,True,0.5,0.0,-0.002207004199704987,0.00013523917815011814,0.0,1.039980082041994e-07,0.00013513518014191393,1.0823388452873646,1.082485107342197,-0.13465051908635628,0.9995754114607729,0.0006073483679125245,0.9989680630928603,False,False,False,-1.0
2025-11-18,2025-11-19 00:00:00,-0.18318378205891928,0.0,0.0,-0.09159189102945964,0.0,0.0,0.0,0.09159189102945964,0.09159189102945964,-0.09159189102945964,False,0.5,0.0,-0.0010166459691275387,9.31165268198689e-05,0.0,7.841771492248256e-08,9.303810910494642e-05,1.0812695411098991,1.0813701403834368,-0.13554183488595006,0.9996678256147978,0.0004579594551472982,0.9992098661596506,False,False,False,-1.0
2025-11-19,2025-11-20 00:00:00,-0.1856060216208455,0.0,0.0,-0.09280301081042275,0.0,0.0,0.0,0.09280301081042275,0.09280301081042275,-0.09280301081042275,False,0.5,0.0,-0.010086340137504535,0.0009360427328184342,0.0,7.945463254317017e-08,0.000935963278185891,1.0846542231275553,1.085669419649932,-0.1321049478042433,0.9999999205453675,0.00046401505405211377,0.9995359054913153,False,False,False,-1.0
2025-11-20,2025-11-21 00:00:00,-0.19011631845914584,0.0,0.0,-0.09505815922957292,0.0,0.0,0.0,0.09505815922957292,0.09505815922957292,-0.09505815922957292,False,0.5,0.0,-0.010768277778707924,0.0010236126637166896,0.0,8.138541029929188e-08,0.0010235312783063904,1.0850371390315579,1.0861477084814808,-0.1317225989023505,0.9999664984250094,0.0004752907961478646,0.9994912076288616,False,False,False,-1.0
2025-11-21,2025-11-22 00:00:00,-0.18616266595765082,0.0,0.0,-0.09308133297882541,0.0,0.0,0.0,0.09308133297882541,0.09308133297882541,-0.09308133297882541,False,0.5,0.0,-0.002622580752249193,0.00024411331226396557,0.0,7.969292207091216e-08,0.00024403361934189466,1.0946369776008236,1.094904105824333,-0.12472264680701384,0.999643878809444,0.0004654066648941271,0.9991784721445499,False,False,False,-1.0
2025-11-22,2025-11-23 00:00:00,-0.18961684103915574,0.0,0.0,-0.09480842051957787,0.0,0.0,0.0,0.09480842051957787,0.09480842051957787,-0.09480842051957787,False,0.5,0.0,0.0033425693803050827,-0.0003169037234238291,0.0,8.117159291059749e-08,-0.0003169848950167397,1.093826894446334,1.0934801678430315,-0.12586095714922063,0.9995547941905717,0.00047404210259788937,0.9990807520879738,False,False,False,-1.0
2025-11-23,2025-11-24 00:00:00,-0.17648326017622998,0.0,0.0,-0.08824163008811499,0.0,0.0,0.0,0.08824163008811499,0.08824163008811499,-0.08824163008811499,False,0.5,0.0,0.0011548689912379562,-0.00010190752232505423,0.0,7.554934082886557e-08,-0.0001019830716658831,1.0901609684312008,1.0900497904670299,-0.12860323532148055,0.999772424477273,0.00044120815044057494,0.9993312163268324,False,False,False,-1.0
2025-11-24,2025-11-25 00:00:00,-0.17601206676326128,0.0,0.0,-0.08800603338163064,0.0,0.0,0.0,0.08800603338163064,0.08800603338163064,-0.08800603338163064,False,0.5,0.0,-7.381344881041141e-05,6.496028840022351e-06,0.0,7.534763131988925e-08,6.420681208702462e-06,1.089579949072891,1.0895869449183955,-0.12897323870770483,0.9995730427571674,0.0004400301669081532,0.9991330125902592,False,False,False,-1.0
2025-11-25,2025-11-26 00:00:00,-0.17000687140381837,0.0,0.0,-0.08500343570190919,0.0,0.0,0.0,0.08500343570190919,0.08500343570190919,-0.08500343570190919,False,0.5,0.0,-0.004166781359244753,0.00035419073135447513,0.0,7.277691412834691e-08,0.0003541179544403468,1.0875278695369668,1.0879129826815241,-0.13031142095420456,0.9997753041994027,0.00042501717850954593,0.9993502870208932,False,False,False,-1.0
2025-11-26,2025-11-27 00:00:00,-0.17085530571980773,0.0,0.0,-0.08542765285990386,0.0,0.0,0.0,0.08542765285990386,0.08542765285990386,-0.08542765285990386,False,0.5,0.0,0.0023907712121005176,-0.00020423797317477461,0.0,7.314011374991769e-08,-0.00020431111328852452,1.0870328658334882,1.0868107729384886,-0.13119253850725388,0.9997260490047407,0.0004271382642995193,0.9992989107404412,False,False,False,-1.0
2025-11-27,2025-11-28 00:00:00,-0.1751153672427789,0.0,0.0,-0.08755768362138945,0.0,0.0,0.0,0.08755768362138945,0.08755768362138945,-0.08755768362138945,False,0.5,0.0,0.0020544273408651392,-0.0001798808991346023,0.0,7.496377022379233e-08,-0.00017995586290482608,1.08430546545741,1.0841103383317212,-0.1333512930890559,0.9996882675302737,0.0004377884181069473,0.9992504791121668,False,False,False,-1.0
2025-11-28,2025-11-29 00:00:00,-0.17755862728944508,0.0,0.0,-0.08877931364472254,0.0,0.0,0.0,0.08877931364472254,0.08877931364472254,-0.08877931364472254,False,0.5,0.0,0.0010558044806516786,-9.373359713527877e-05,0.0,7.60096863396597e-08,-9.380960682161844e-05,1.0821829566834409,1.0820814375257655,-0.1349732167971519,0.9997707974195386,0.0004438965682236127,0.9993269008513149,False,False,False,-1.0
2025-11-29,2025-11-30 00:00:00,-0.17276503133210547,0.0,0.0,-0.08638251566605273,0.0,0.0,0.0,0.08638251566605273,0.08638251566605273,-0.08638251566605273,False,0.5,0.0,0.0023607003411012517,-0.0002039232341980349,0.0,7.395763327573008e-08,-0.00020399719183131063,1.0843116436167226,1.0840904470863548,-0.13336719435063982,0.9996862644575621,0.0004319125783302637,0.9992543518792318,False,False,False,-1.0
2025-11-30,2025-12-01 00:00:00,-0.1722004080141308,0.19874639230734195,0.0,-0.0861002040070654,0.09937319615367098,0.0,0.09937319615367098,0.0861002040070654,0.18547340016073638,0.013272992146605572,True,0.5,0.0,0.00022794771077716547,3.0255481749820357e-06,0.0,1.5879571931569895e-07,2.866752455666337e-06,1.0834424301696668,1.083445536130914,-0.13388274265402145,0.9998414584808761,0.0009273670008036819,0.9989140914800725,False,False,False,-1.0
2025-12-01,2025-12-02 00:00:00,-0.17636497819694064,0.0,0.0,-0.08818248909847032,0.0,0.0,0.0,0.08818248909847032,0.08818248909847032,-0.08818248909847032,False,0.5,0.0,0.007025743940066498,-0.0006195475884035579,0.0,7.549870641992323e-08,-0.0006196230871099778,1.0893212406560961,1.0886462720661063,-0.12972522204578196,0.9990070307421236,0.0004409124454923516,0.9985661182966312,False,False,False,-1.0
2025-12-02,2025-12-03 00:00:00,-0.17876390485641006,0.0,0.0,-0.08938195242820503,0.0,0.0,0.0,0.08938195242820503,0.08938195242820503,-0.08938195242820503,False,0.5,0.0,0.002729259463156719,-0.00024394653950010226,0.0,7.652564420223032e-08,-0.0002440230651443045,1.0800269635543145,1.0797634120642294,-0.13682626966252553,0.9991860724886642,0.00044690976214102515,0.9987391627265232,False,False,False,-1.0
2025-12-03,2025-12-04 00:00:00,-0.15746657571692577,0.0,0.0,-0.07873328785846288,0.0,0.0,0.0,0.07873328785846288,0.07873328785846288,-0.07873328785846288,False,0.5,0.0,0.0013667056226465135,-0.00010760522720560769,0.0,6.740863686512232e-08,-0.00010767263584247281,1.077543679384092,1.0774276574158974,-0.13869349541811904,0.9997553287851024,0.0003936664392923144,0.9993616623458101,False,False,False,-1.0
2025-12-04,2025-12-05 00:00:00,-0.13781856754106786,0.0,0.0,-0.06890928377053393,0.0,0.0,0.0,0.06890928377053393,0.06890928377053393,-0.06890928377053393,False,0.5,0.0,-0.0021506179525246916,0.00014819754277252864,0.0,5.899767446107356e-08,0.00014813854509806756,1.0743907411531233,1.0745498998343845,-0.14099400376919635,0.9999508277790334,0.00034454641885266966,0.9996062813601808,False,False,False,-1.0
2025-12-05,2025-12-06 00:00:00,0.14300399587187634,0.0,0.0,0.07150199793593817,0.0,0.0,0.07150199793593817,0.0,0.07150199793593817,0.07150199793593817,False,0.5,0.0,-0.008085202896745192,-0.000578108160834716,0.0,6.121746398624843e-08,-0.0005781693782987023,1.0732434457408095,1.0726229292450224,-0.14253444343707733,0.999137002144198,0.00035750998967969084,0.9987794921545183,False,False,False,1.0
2025-12-06,2025-12-07 00:00:00,0.14046753818427224,0.0,0.0,0.07023376909213612,0.0,0.0,0.07023376909213612,0.0,0.07023376909213612,0.07023376909213612,False,0.5,0.0,-0.0019238471690556924,-0.00013511903784001726,0.0,6.013165161997955e-08,-0.00013517916949163722,1.0711848567678242,1.0710400548885142,-0.14379980911598167,0.9998159381751806,0.0003511688454606806,0.9994647693297198,False,False,False,1.0
2025-12-07,2025-12-08 00:00:00,0.14047616083413564,0.0,0.0,0.07023808041706782,0.0,0.0,0.07023808041706782,0.0,0.07023808041706782,0.07023808041706782,False,0.5,0.0,0.018161256882833543,0.0012756118214114888,0.0,6.013534282283202e-08,0.001275551686068666,1.0693486059765926,1.0707126153939412,-0.14406156754086663,0.9998963968739644,0.0003511904020853391,0.999545206471879,False,False,False,1.0
2025-12-08,2025-12-09 00:00:00,0.1410661565708498,0.0,0.0,0.0705330782854249,0.0,0.0,0.0705330782854249,0.0,0.0705330782854249,0.0705330782854249,False,0.5,0.0,0.002859999158823845,0.00020172454456557164,0.0,6.038790949094597e-08,0.00020166415665608068,1.0723959357812582,1.072612199603249,-0.14254302082061465,0.9999517904278108,0.00035266539142712454,0.9995991250363837,False,False,False,1.0
2025-12-09,2025-12-10 00:00:00,0.1410636126617601,0.0,0.0,0.07053180633088005,0.0,0.0,0.07053180633088005,0.0,0.07053180633088005,0.07053180633088005,False,0.5,0.0,0.009975132197734826,0.0007035640922955586,0.0,6.038682048876716e-08,0.0007035037054750698,1.0753611011233746,1.0761176216427386,-0.13974075118966933,0.9997703208797812,0.00035265903165440025,0.9994176618481269,False,False,False,1.0
2025-12-10,2025-12-11 00:00:00,0.1410434310184453,0.0,0.0,0.07052171550922265,0.0,0.0,0.07052171550922265,0.0,0.07052171550922265,0.07052171550922265,False,0.5,0.0,0.0016197744960786409,0.00011422927620155239,0.0,6.037818108666322e-08,0.00011416889802046572,1.0779220024645784,1.0780450676317517,-0.1381999314825264,0.9998517388136615,0.0003526085775461132,0.9994991302361154,False,False,False,1.0
2025-12-11,2025-12-12 00:00:00,0.1401207352975803,0.0,0.0,0.07006036764879015,0.0,0.0,0.07006036764879015,0.0,0.07006036764879015,0.07006036764879015,False,0.5,0.0,0.0028717404956435377,0.00020119519491670508,0.0,5.998319148012855e-08,0.00020113521172522496,1.0744249928700096,1.0746410975684335,-0.14092109938345976,0.9999294111517772,0.0003503018382439507,0.9995791093135333,False,False,False,1.0
2025-12-12,2025-12-13 00:00:00,0.13892653787360046,0.0,0.0,0.06946326893680023,0.0,0.0,0.06946326893680023,0.0,0.06946326893680023,0.06946326893680023,False,0.5,0.0,-0.012218589504305544,-0.0008487431687659406,0.0,5.9471976829452246e-08,-0.00084880264074277,1.0730187208147435,1.0721079396909496,-0.1429461312656397,0.9988342319093467,0.00034731634468400114,0.9984869155646627,False,False,False,1.0
2025-12-13,2025-12-14 00:00:00,0.1360737589572679,0.0,0.0,0.06803687947863395,0.0,0.0,0.06803687947863395,0.0,0.06803687947863395,0.06803687947863395,False,0.5,0.0,-0.0011441132800699139,-7.784189734602129e-05,0.0,5.825075297828248e-08,-7.790014809899957e-05,1.0731119253977264,1.073028329819811,-0.14221036214064564,0.9998075235760321,0.00034018439739316974,0.999467339178639,False,False,False,1.0
2025-12-14,2025-12-15 00:00:00,0.13480533109473838,0.0,0.0,0.06740266554736919,0.0,0.0,0.06740266554736919,0.0,0.06740266554736919,0.06740266554736919,False,0.5,0.0,9.082151302153285e-05,6.121612066696415e-06,0.0,5.7707761598774985e-08,6.0639043050976395e-06,1.072448657739349,1.0724551609653818,-0.14266855908699805,0.999935009478531,0.00033701332773684596,0.9995979961507941,False,False,False,1.0
2025-12-15,2025-12-16 00:00:00,0.1345584087728611,0.0,0.0,0.06727920438643055,0.0,0.0,0.06727920438643055,0.0,0.06727920438643055,0.06727920438643055,False,0.5,0.0,-0.0006740737297196153,-4.5351144233329544e-05,0.0,5.760205855002615e-08,-4.540874629187957e-05,1.0707960952941704,1.0707474717859489,-0.1440337029905595,0.999604516164971,0.00033639602193215275,0.9992681201430389,False,False,False,1.0
2025-12-16,2025-12-17 00:00:00,0.1393300435203056,0.0,0.0,0.0696650217601528,0.0,0.0,0.0696650217601528,0.0,0.0696650217601528,0.0696650217601528,False,0.5,0.0,0.007861233907441756,0.000547653031223581,0.0,5.964471041108973e-08,0.0005475933865131699,1.0690086363141618,1.0695940183735329,-0.14495578524824793,0.9999527615876648,0.000348325108800764,0.999604436478864,False,False,False,1.0
2025-12-17,2025-12-18 00:00:00,0.13849845670074218,0.0,0.0,0.06924922835037109,0.0,0.0,0.06924922835037109,0.0,0.06924922835037109,0.06924922835037109,False,0.5,0.0,-0.016461755807689826,-0.0011399638869747603,0.0,5.928872290271497e-08,-0.001140023175697663,1.069394042632241,1.0681749086396872,-0.14609023584088288,0.998608710859505,0.00034624614175185546,0.9982624647177532,False,False,False,1.0
2025-12-18,2025-12-19 00:00:00,-0.13909083584483903,0.0,0.0,-0.06954541792241951,0.0,0.0,0.0,0.06954541792241951,0.06954541792241951,-0.06954541792241951,False,0.5,0.0,-0.0038044537651321653,0.0002645823270626389,0.0,5.95423098650852e-08,0.0002645227847527738,1.0648357266060415,1.0651173999177477,-0.14853443906129993,0.9999873190392613,0.00034772708961209757,0.9996395919496492,False,False,False,-1.0
2025-12-19,2025-12-20 00:00:00,-0.13864508153424207,0.0,0.0,-0.06932254076712104,0.0,0.0,0.0,0.06932254076712104,0.06932254076712104,-0.06932254076712104,False,0.5,0.0,-0.00178529923973203,0.00012376147932783384,0.0,5.93514903828091e-08,0.00012370212783745102,1.0648968876119054,1.0650286176228305,-0.14860541252070347,0.9999721526937171,0.0003466127038356052,0.9996255399898815,False,False,False,-1.0
2025-12-20,2025-12-21 00:00:00,-0.13782208426661394,0.0,0.0,-0.06891104213330697,0.0,0.0,0.0,0.06891104213330697,0.06891104213330697,-0.06891104213330697,False,0.5,0.0,0.00024872444692425333,-1.7139860841580693e-05,0.0,5.899917990865323e-08,-1.7198860021489347e-05,1.0647104720424008,1.0646921602360286,-0.1488743799393255,0.9999577862079395,0.00034455521066653486,0.999613230997273,False,False,False,-1.0
2025-12-21,2025-12-22 00:00:00,-0.14087184649219547,0.0,0.0,-0.07043592324609774,0.0,0.0,0.0,0.07043592324609774,0.07043592324609774,-0.07043592324609774,False,0.5,0.0,0.0016945840688882274,-0.00011935959341027119,0.0,6.030472880659053e-08,-0.00011941989813907779,1.0648727857230942,1.064745618723492,-0.1488316446868373,0.9997503049193913,0.00035217961623048867,0.9993981253031609,False,False,False,-1.0
2025-12-22,2025-12-23 00:00:00,-0.14090294093219477,0.0,0.0,-0.03522573523304869,0.0,0.0,0.0,0.03522573523304869,0.03522573523304869,-0.03522573523304869,False,0.25,0.0,0.005026367017019195,-0.00017705747372564692,0.0,3.015901989130881e-08,-0.00017708763274553824,1.0628184769072875,1.062630264899174,-0.15052267980723433,0.9997449421035955,0.00017612867616524346,0.9995688134274303,False,False,False,-1.0
2025-12-23,2025-12-24 00:00:00,-0.15720968353677822,0.0,0.0,-0.07860484176838911,0.0,0.0,0.0,0.07860484176838911,0.07860484176838911,-0.07860484176838911,False,0.5,0.0,0.0015878393407728897,-0.00012481186013507626,0.0,6.729866589759342e-08,-0.00012487915880097386,1.0640254975233057,1.063892622914232,-0.14951353811498524,0.9998527945817353,0.00039302420884194554,0.9994597703728934,False,False,False,-1.0
2025-12-24,2025-12-25 00:00:00,-0.1562141421204722,0.0,0.0,-0.03905353553011805,0.0,0.0,0.0,0.03905353553011805,0.03905353553011805,-0.03905353553011805,False,0.25,0.0,0.00021552166505878212,-8.416883003883349e-06,0.0,3.343624617304627e-08,-8.450319250056396e-06,1.063066558546912,1.0630575752951081,-0.15018108357944093,0.9999617565869425,0.00019526767765059024,0.999766488909292,False,False,False,-1.0
2025-12-25,2025-12-26 00:00:00,-0.1542277116699508,0.142627692755049,0.0,-0.0385569279174877,0.03565692318876225,0.0,0.03565692318876225,0.0385569279174877,0.07421385110624995,-0.0029000047287254527,True,0.25,0.0,-0.0018482729777768991,5.360000375528481e-06,0.0,6.35392560841181e-08,5.296461119444363e-06,1.0627376195984155,1.062743248346898,-0.15043235970289603,0.9998149495231651,0.00037106925553124977,0.9994438802676339,False,False,False,-1.0
2025-12-26,2025-12-27 00:00:00,-0.15423292774697686,0.142627692755049,0.0,-0.038558231936744215,0.03565692318876225,0.0,0.03565692318876225,0.038558231936744215,0.07421515512550647,-0.0029013087479819663,True,0.25,0.0,0.0022779121425755555,-6.608926426388804e-06,0.0,6.354037253896101e-08,-6.672466798927765e-06,1.0627823217365355,1.0627752303567792,-0.1504067929625671,0.9998395455644198,0.00037107577562753237,0.9994684697887922,False,False,False,-1.0
2025-12-27,2025-12-28 00:00:00,-0.15454737369762622,0.142627692755049,0.0,-0.038636843424406556,0.03565692318876225,0.0,0.03565692318876225,0.038636843424406556,0.0742937666131688,-0.0029799202356443066,True,0.25,0.0,-0.0006626543062282497,1.9746569763664003e-06,0.0,6.360767689483631e-08,1.911049299471564e-06,1.062761911329458,1.062763942319864,-0.15041581673279625,0.9999573162574912,0.000371468833065844,0.9995858474244254,False,False,False,-1.0
2025-12-28,2025-12-29 00:00:00,-0.15441477114949217,0.0,0.0,-0.038603692787373044,0.0,0.0,0.0,0.038603692787373044,0.038603692787373044,-0.038603692787373044,False,0.25,0.0,-0.0011148687572432037,4.303805100285701e-05,0.0,3.305110683850432e-08,4.3004999896018506e-05,1.0623376273626328,1.0623833131921872,-0.15072009548529064,0.9999777284422959,0.00019301846393686523,0.9997847099783591,False,False,False,-1.0
2025-12-29,2025-12-30 00:00:00,-0.15624896135378966,0.0,0.0,-0.039062240338447414,0.0,0.0,0.0,0.039062240338447414,0.039062240338447414,-0.039062240338447414,False,0.25,0.0,-0.0021325370047888814,8.330167301169606e-05,0.0,3.34436989199036e-08,8.326822931277615e-05,1.062465723947024,1.0625541935865628,-0.15058349197955334,0.9999582492910288,0.00019531120169223706,0.9997629380893366,False,False,False,-1.0
2025-12-30,2025-12-31 00:00:00,-0.1571783092350473,0.12175233182342247,0.0,-0.039294577308761826,0.03043808295585562,0.0,0.03043808295585562,0.039294577308761826,0.06973266026461744,-0.008856494352906207,True,0.25,0.0,0.0017097455496328795,-1.5142351805230116e-05,0.0,5.970262008956972e-08,-1.5202054425319687e-05,1.0617854363595345,1.061769295039543,-0.1512109477714405,0.9997727680298368,0.00034866330132308723,0.9994241047285137,False,False,False,-1.0
2025-12-31,2026-01-01 00:00:00,-0.1581542381106869,0.12175233182342247,0.0,-0.03953855952767173,0.03043808295585562,0.0,0.03043808295585562,0.03953855952767173,0.06997664248352735,-0.009100476571816108,True,0.25,0.0,0.001540361498345355,-1.401802372781946e-05,0.0,5.991150897562273e-08,-1.4077935236795083e-05,1.0617875283935978,1.0617725806175378,-0.15120832124734984,0.999863920609865,0.00034988321241763675,0.9995140373974473,False,False,False,-1.0
2026-01-01,2026-01-02 00:00:00,-0.15744409890614655,0.12175233182342247,0.0,-0.03936102472653664,0.03043808295585562,0.0,0.03043808295585562,0.03936102472653664,0.06979910768239225,-0.00892294177068102,True,0.25,0.0,0.0004385451015180841,-3.913112404663261e-06,0.0,5.975951000204816e-08,-3.972871914665309e-06,1.061757094061704,1.061752875836765,-0.1512240734472624,0.9998963308107496,0.0003489955384119613,0.9995473352723376,False,False,False,-1.0
2026-01-02,2026-01-03 00:00:00,-0.1877758329523141,0.0,0.0,-0.04694395823807852,0.0,0.0,0.0,0.04694395823807852,0.04694395823807852,-0.04694395823807852,False,0.25,0.0,-0.0028024151841125056,0.0001315564613687346,0.0,4.019174506684805e-08,0.00013151626962366775,1.0603920381761938,1.0605314969813933,-0.1522004559871477,0.9999659705956291,0.00023471979119039262,0.9997312508044387,False,False,False,-1.0
2026-01-03,2026-01-04 00:00:00,0.23159555081150165,0.0,0.0,0.057898887702875414,0.0,0.0,0.057898887702875414,0.0,0.057898887702875414,0.057898887702875414,False,0.25,0.0,-0.0012535245307339071,-7.257767603776209e-05,0.0,4.957096549903717e-08,-7.262724700326113e-05,1.0604195690605798,1.0603425537066105,-0.15235149914113333,0.999901998552634,0.00028949443851437705,0.9996125041141196,False,False,False,1.0
2026-01-04,2026-01-05 00:00:00,0.22910078965953232,0.0,-0.25,0.05727519741488308,0.0,-0.0625,0.05727519741488308,0.0625,0.11977519741488307,-0.005224802585116921,True,0.25,0.0,0.001373845809770291,-7.178073138439866e-06,0.0,1.0254725806068756e-07,-7.280620396500553e-06,1.0609637411639827,1.060956016689729,-0.15186109066308529,0.9996558427812098,0.0005988759870744154,0.9990569667941354,False,False,False,1.0
2026-01-05,2026-01-06 00:00:00,0.24101085468048347,0.0,0.0,0.06025271367012087,0.0,0.0,0.06025271367012087,0.0,0.06025271367012087,0.06025271367012087,False,0.25,0.0,0.0008993200263214263,5.418647204375046e-05,0.0,5.158622745729526e-08,5.413488581629317e-05,1.061393901198834,1.0614513596364816,-0.1514651085299924,0.9998692967111443,0.00030126356835060434,0.9995680331427937,False,False,False,1.0
2026-01-06,2026-01-07 00:00:00,0.24873083642182367,0.0,0.0,0.06218270910545592,0.0,0.0,0.06218270910545592,0.0,0.06218270910545592,0.06218270910545592,False,0.25,0.0,0.0004098285448639327,2.548424918838622e-05,0.0,5.323862080946568e-08,2.5431010567576752e-05,1.0626613758591863,1.0626884004118655,-0.15047620569374387,0.9998588324860226,0.0003109135455272796,0.9995479189404953,False,False,False,1.0
2026-01-07,2026-01-08 00:00:00,0.2503038549155537,0.0,0.0,0.06257596372888842,0.0,0.0,0.06257596372888842,0.0,0.06257596372888842,0.06257596372888842,False,0.25,0.0,0.0007403212488017452,4.632631561274339e-05,0.0,5.357531141171953e-08,4.627274030133167e-05,1.060432579810205,1.0604816489315776,-0.1522403050194715,0.9999447112022273,0.0003128798186444421,0.9996318313835828,False,False,False,1.0
2026-01-08,2026-01-09 00:00:00,0.24640685431146403,0.0,0.0,0.06160171357786601,0.0,0.0,0.06160171357786601,0.0,0.06160171357786601,0.06160171357786601,False,0.25,0.0,0.002530189392592863,0.00015586400226026034,0.0,5.2741193131734595e-08,0.0001558112610671286,1.0590670911053583,1.059232105684378,-0.15323920245742162,0.9997967069697804,0.00030800856788933004,0.999488698401891,False,False,False,1.0
2026-01-09,2026-01-10 00:00:00,0.24010032234126916,0.0,0.0,0.06002508058531729,0.0,0.0,0.06002508058531729,0.0,0.06002508058531729,0.06002508058531729,False,0.25,0.0,-4.4998280422814396e-05,-2.7010254085801395e-06,0.0,5.139133611756617e-08,-2.7524167446977056e-06,1.0594326580702513,1.0594297420700634,-0.15308120994315755,0.9996692659264989,0.00030012540292658645,0.9993691405235723,False,False,False,1.0
2026-01-10,2026-01-11 00:00:00,0.2566285009760789,0.0,0.0,0.06415712524401973,0.0,0.0,0.06415712524401973,0.0,0.06415712524401973,0.06415712524401973,False,0.25,0.0,-0.00017773985994085084,-1.1403278455079692e-05,0.0,5.492904558563333e-08,-1.1458207500665326e-05,1.0590243002514927,1.059012165731312,-0.1534150246677476,0.9999603445948649,0.00032078562622009864,0.9996395589686449,False,False,False,1.0
2026-01-11,2026-01-12 00:00:00,0.2640822378278744,0.0,0.0,0.0660205594569686,0.0,0.0,0.0660205594569686,0.0,0.0660205594569686,0.0660205594569686,False,0.25,0.0,0.000494328066920513,3.2635815533374076e-05,0.0,5.6524451589870375e-08,3.2579291081784206e-05,1.0594922111675311,1.0595267286726777,-0.15300367787767355,0.9998583803276504,0.000330102797284843,0.9995282775303655,False,False,False,1.0
2026-01-12,2026-01-13 00:00:00,0.28893447983381504,0.0,0.0,0.07223361995845376,0.0,0.0,0.07223361995845376,0.0,0.07223361995845376,0.07223361995845376,False,0.25,0.0,0.0007805826857802955,5.638431307080299e-05,0.0,6.184385270415562e-08,5.632246921809884e-05,1.0597629465776703,1.0598226350436073,-0.1527671273489447,0.9998642922882269,0.00036116809979226883,0.9995031241884347,False,False,False,1.0
2026-01-13,2026-01-14 00:00:00,0.30712064400811584,0.0,0.0,0.07678016100202896,0.0,0.0,0.07678016100202896,0.0,0.07678016100202896,0.07678016100202896,False,0.25,0.0,0.007126469517887424,0.0005471714769594481,0.0,6.573643921406589e-08,0.0005471057405202341,1.060646348377431,1.06122663408329,-0.15164475639718555,0.9997883062189642,0.0003839008050101448,0.999404405413954,False,False,False,1.0
2026-01-14,2026-01-15 00:00:00,0.3095284606907662,0.0,0.0,0.1547642303453831,0.0,0.0,0.1547642303453831,0.0,0.1547642303453831,0.1547642303453831,False,0.5,0.0,0.002939147647182283,0.00045487492348760965,0.0,1.3250362187104719e-07,0.0004547424198657386,1.0645189060029103,1.0650029879062188,-0.14862590117391028,0.9997538637112267,0.0007738211517269156,0.9989800425594998,False,False,False,1.0
2026-01-15,2026-01-16 00:00:00,0.3059904359534095,0.0,0.0,0.07649760898835238,0.0,0.0,0.07649760898835238,0.0,0.07649760898835238,0.07649760898835238,False,0.25,0.0,0.001359259504291277,0.0001039801020729758,0.0,6.549452824345238e-08,0.00010391460754473235,1.062612424267793,1.062722845220833,-0.1504486701670581,0.9990719350989178,0.0003824880449417619,0.998689447053976,False,False,False,1.0
2026-01-16,2026-01-17 00:00:00,0.28239570411570936,0.0,0.0,0.07059892602892734,0.0,0.0,0.07059892602892734,0.0,0.07059892602892734,0.07059892602892734,False,0.25,0.0,-0.001447213425734728,-0.00010217171359151659,0.0,6.044428598367066e-08,-0.00010223215787750026,1.0613057605762273,1.0611972609981557,-0.1516682375368349,0.9996467667190921,0.0003529946301446367,0.9992937720889475,False,False,False,1.0
2026-01-17,2026-01-18 00:00:00,0.2869850997785997,0.0,0.0,0.07174627494464993,0.0,0.0,0.07174627494464993,0.0,0.07174627494464993,0.07174627494464993,False,0.25,0.0,0.0002674994214197923,1.9192087036719197e-05,0.0,6.142660526083041e-08,1.9130660431458367e-05,1.0626589346373376,1.0626792640045706,-0.15048350942961652,0.9998487739328021,0.00035873137472324965,0.9994900425580789,False,False,False,1.0
2026-01-18,2026-01-19 00:00:00,0.2868867943269738,0.0,0.0,0.07172169858174345,0.0,0.0,0.07172169858174345,0.0,0.07172169858174345,0.07172169858174345,False,0.25,0.0,0.00022211616675504864,1.593054876213786e-05,0.0,6.14055638542324e-08,1.5869143198283628e-05,1.0627583520829063,1.0627752171473805,-0.1504068035222933,0.9999596816671588,0.0003586084929087172,0.9996010731742501,False,False,False,1.0
2026-01-19,2026-01-20 00:00:00,0.28748790616341025,0.0,0.0,0.07187197654085256,0.0,0.0,0.07187197654085256,0.0,0.07187197654085256,0.07187197654085256,False,0.25,0.0,0.0007067423846172094,5.0794972087634273e-05,0.0,6.153422649045595e-08,5.073343786114382e-05,1.059746482355955,1.0598002469382664,-0.15278502462550214,0.9999867362483587,0.00035935988270426283,0.9996273763656544,False,False,False,1.0
2026-01-20,2026-01-21 00:00:00,0.2876389812955411,0.0,0.0,0.07190974532388528,0.0,0.0,0.07190974532388528,0.0,0.07190974532388528,0.07190974532388528,False,0.25,0.0,0.0004390467733363934,3.1571741655893634e-05,0.0,6.156656277729904e-08,3.151017509311634e-05,1.0553107621246751,1.0553440151515674,-0.15634738113026625,0.9997414299622849,0.00035954872661942636,0.9993818812356654,False,False,False,1.0
2026-01-21,2026-01-22 00:00:00,-0.2675645030615842,0.0,0.0,-0.06689112576539605,0.0,0.0,0.0,0.06689112576539605,0.06689112576539605,-0.06689112576539605,False,0.25,0.0,0.003336687852517173,-0.00022319480678259547,0.0,5.726979945667469e-08,-0.00022325207658205215,1.0561352531192323,1.0558994687308219,-0.15590334595304378,0.9996195275334699,0.00033445562882698023,0.999285071904643,False,False,False,-1.0
2026-01-22,2026-01-23 00:00:00,-0.2331206514178405,0.0,0.0,-0.058280162854460124,0.0,0.0,0.0,0.058280162854460124,0.058280162854460124,-0.058280162854460124,False,0.25,0.0,-0.0012805532533525232,7.463085214919379e-05,0.0,4.9897399704161066e-08,7.458095474948963e-05,1.0570441436328584,1.0571229789943029,-0.1549252595440812,0.9995400894406837,0.0002914008142723006,0.9992486886264115,False,False,False,-1.0
2026-01-23,2026-01-24 00:00:00,-0.2376393847479655,0.0,0.0,-0.059409846186991376,0.0,0.0,0.0,0.059409846186991376,0.059409846186991376,-0.059409846186991376,False,0.25,0.0,0.005907357096839094,-0.0003509551764948425,0.0,5.086459433817754e-08,-0.0003510060410891807,1.0572395862050616,1.056868488723425,-0.15512870162592418,0.9993646655874171,0.0002970492309349569,0.9990676163564821,False,False,False,-1.0
2026-01-24,2026-01-25 00:00:00,-0.2490797411671727,0.0,0.0,-0.06226993529179318,0.0,0.0,0.0,0.06226993529179318,0.06226993529179318,-0.06226993529179318,False,0.25,0.0,-0.0008385347281862909,5.2215503264081715e-05,0.0,5.331330076352156e-08,5.2162189963318194e-05,1.0567041432686535,1.0567592632709097,-0.15521601755109993,0.9999483628225876,0.00031134967645896587,0.9996370131461286,False,False,False,-1.0
2026-01-25,2026-01-26 00:00:00,-0.24898656056837115,0.0,0.0,-0.06224664014209279,0.0,0.0,0.0,0.06224664014209279,0.06224664014209279,-0.06224664014209279,False,0.25,0.0,-0.0016038820771295814,9.983627048543736e-05,0.0,5.329335628603835e-08,9.978297712915133e-05,1.0573009502304376,1.0574064508669732,-0.15469864927830934,0.9999835905516918,0.00031123320071046393,0.9996723573509814,False,False,False,-1.0
2026-01-26,2026-01-27 00:00:00,-0.25033628542933883,0.0,0.0,-0.06258407135733471,0.0,0.0,0.0,0.06258407135733471,0.06258407135733471,-0.06258407135733471,False,0.25,0.0,0.002022723657914227,-0.00012659028174307306,0.0,5.3582252874430404e-08,-0.0001266438639959475,1.0581129739351731,1.0579789704196096,-0.15424097139033977,0.9996569624919989,0.00031292035678667356,0.9993440421352122,False,False,False,-1.0
2026-01-27,2026-01-28 00:00:00,-0.25097191115745043,0.0,0.0,-0.06274297778936261,0.0,0.0,0.0,0.06274297778936261,0.06274297778936261,-0.06274297778936261,False,0.25,0.0,0.00611047519825636,-0.00038338940964664987,0.0,5.3718302901851545e-08,-0.0003834431279495517,1.0574999625757895,1.057094471482333,-0.15494804873583812,0.999502593671202,0.00031371488894681306,0.9991888787822552,False,False,False,-1.0
2026-01-28,2026-01-29 00:00:00,-0.2501531228284364,0.0,0.0,-0.0625382807071091,0.0,0.0,0.0,0.0625382807071091,0.0625382807071091,-0.0625382807071091,False,0.25,0.0,-0.0009205196117201275,5.7567713874152404e-05,0.0,5.3543048550607104e-08,5.75141708256018e-05,1.0554181619348886,1.0554788634353467,-0.15623958205609978,0.9999203492208005,0.0003126914035355455,0.999607657817265,False,False,False,-1.0
2026-01-29,2026-01-30 00:00:00,-0.24907595674211586,0.0,0.0,-0.062268989185528964,0.0,0.0,0.0,0.062268989185528964,0.062268989185528964,-0.062268989185528964,False,0.25,0.0,0.007869545501612007,-0.0004900286437349062,0.0,5.331249074103507e-08,-0.0004900819562256472,1.0600930736223038,1.0595735411350016,-0.15296625552451837,0.9992697951149024,0.0003113449459276448,0.9989584501689748,False,False,False,-1.0
2026-01-30,2026-01-31 00:00:00,-0.24429421920273595,0.0,0.0,-0.061073554800683987,0.0,0.0,0.0,0.061073554800683987,0.061073554800683987,-0.061073554800683987,False,0.25,0.0,-0.0033216157157368587,0.0002028628794418682,0.0,5.2289002397845876e-08,0.00020281059043947036,1.0614972713454767,1.0617125542338282,-0.15125630694214776,0.9999916903660698,0.0003053677740034199,0.9996863225920664,False,False,False,-1.0
2026-01-31,2026-02-01 00:00:00,-0.21780783647322058,0.0,0.0,-0.10890391823661029,0.0,0.0,0.0,0.10890391823661029,0.10890391823661029,-0.10890391823661029,False,0.5,0.0,-0.003529300671235913,0.0003843546717326897,0.0,9.323965602449511e-08,0.0003842614320766652,1.0665973931122448,1.0670072453539712,-0.14702367761419022,0.9998229407855106,0.0005445195911830514,0.9992784211943275,False,False,False,-1.0
2026-02-01,2026-02-02 00:00:00,-0.21170909259821474,0.0,0.0,-0.10585454629910737,0.0,0.0,0.0,0.10585454629910737,0.10585454629910737,-0.10585454629910737,False,0.5,0.0,0.006146249440360796,-0.0006506084459505346,0.0,9.062889237937275e-08,-0.000650699074842914,1.0776374660976098,1.076936248395404,-0.13908633273099846,0.9983710876605949,0.0005292727314955369,0.9978418149290994,False,False,False,-1.0
2026-02-02,2026-02-03 00:00:00,-0.1882558257144842,0.0,0.0,-0.0941279128572421,0.0,0.0,0.0,0.0941279128572421,0.0941279128572421,-0.0941279128572421,False,0.5,0.0,-0.0020539152759947443,0.00019333075811499165,0.0,8.05889664873648e-08,0.0001932501691485043,1.073902456482994,1.074109988314358,-0.1413456734623133,0.9997023960517213,0.00047063956428621055,0.9992317564874351,False,False,False,-1.0
2026-02-03,2026-02-04 00:00:00,-0.17002371663919352,0.0,0.0,-0.08501185831959676,0.0,0.0,0.0,0.08501185831959676,0.08501185831959676,-0.08501185831959676,False,0.5,0.0,0.009511280668289102,-0.0008085716446105127,0.0,7.278412527362736e-08,-0.0008086444287357863,1.0775446691166166,1.0766733186232216,-0.13929652143505689,0.9989963887800557,0.0004250592915979838,0.9985713294884577,False,False,False,-1.0
2026-02-04,2026-02-05 00:00:00,-0.16734835216959418,0.0,0.0,-0.08367417608479709,0.0,0.0,0.0,0.08367417608479709,0.08367417608479709,-0.08367417608479709,False,0.5,0.0,-0.002106552584934862,0.00017626405192372411,0.0,7.163884938766875e-08,0.00017619241307433644,1.0824114815940182,1.0826021942848996,-0.13455691860686503,0.9997933810580153,0.00041837088042398545,0.9993750101775913,False,False,False,-1.0
2026-02-05,2026-02-06 00:00:00,-0.1674515659986708,0.0,0.0,-0.0837257829993354,0.0,0.0,0.0,0.0837257829993354,0.0837257829993354,-0.0837257829993354,False,0.5,0.0,-0.0020574978992131676,0.00017226562263111014,0.0,7.168303338984195e-08,0.0001721939395977203,1.0904892560678001,1.0906770317088914,-0.1281018123648311,0.9990980921984893,0.00041862891499667705,0.9986794632834927,False,False,False,-1.0
2026-02-06,2026-02-07 00:00:00,-0.16141923954432674,0.0,0.0,-0.08070961977216337,0.0,0.0,0.0,0.08070961977216337,0.08070961977216337,-0.08070961977216337,False,0.5,0.0,-0.003569163235101702,0.00028806580760984293,0.0,6.910070185972892e-08,0.0002879967069079832,1.0890897861686542,1.089403440440598,-0.12911993403268474,0.9995716920259261,0.0004035480988608169,0.9991681439270653,False,False,False,-1.0
2026-02-07,2026-02-08 00:00:00,-0.15087558528469674,0.0,0.0,-0.07543779264234837,0.0,0.0,0.0,0.07543779264234837,0.07543779264234837,-0.07543779264234837,False,0.5,0.0,0.0024677000058637155,-0.00018615784134586884,0.0,6.45871512348873e-08,-0.00018622242849710373,1.0864908732713001,1.0862885443023396,-0.13161001333082856,0.9997337849941326,0.00037718896321174185,0.9993565960309209,False,False,False,-1.0
2026-02-08,2026-02-09 00:00:00,-0.15003902536704014,0.0,0.0,-0.07501951268352007,0.0,0.0,0.0,0.07501951268352007,0.07501951268352007,-0.07501951268352007,False,0.5,0.0,-0.0017998560115192186,0.00013502432088467587,0.0,6.422903483178088e-08,0.0001349600918498441,1.0838877777173483,1.084034059311384,-0.13341227130501998,0.9999743522154291,0.00037509756341760035,0.9995992546520115,False,False,False,-1.0
2026-02-09,2026-02-10 00:00:00,-0.1450984768969949,0.0,0.0,-0.07254923844849745,0.0,0.0,0.0,0.07254923844849745,0.07254923844849745,-0.07254923844849745,False,0.5,0.0,4.368465503690189e-05,-3.16928845481255e-06,0.0,6.211407401412453e-08,-3.2314025288266745e-06,1.0857409493267631,1.0857374408607139,-0.13205057096428308,0.9997868912731306,0.00036274619224248723,0.9994241450808881,False,False,False,-1.0
2026-02-10,2026-02-11 00:00:00,-0.1426284977520601,0.0,0.0,-0.07131424887603005,0.0,0.0,0.0,0.07131424887603005,0.07131424887603005,-0.07131424887603005,False,0.5,0.0,-0.0012943065332838843,9.23024982364786e-05,0.0,6.105671992810793e-08,9.224144151655049e-05,1.0870236815378636,1.0871239501692112,-0.13094218147952064,0.999867826588934,0.00035657124438015026,0.9995112553445539,False,False,False,-1.0
2026-02-11,2026-02-12 00:00:00,-0.14257868222345688,0.0,0.0,-0.07128934111172844,0.0,0.0,0.0,0.07128934111172844,0.07128934111172844,-0.07128934111172844,False,0.5,0.0,-0.004240111141524672,0.00030227472951979256,0.0,6.103539478743873e-08,0.0003022136941250051,1.0883925620808894,1.0887214892177342,-0.12966509269834292,0.9999310895438742,0.0003564467055586422,0.9995746428383155,False,False,False,-1.0
2026-02-12,2026-02-13 00:00:00,-0.14334981085405468,0.0,0.0,-0.07167490542702734,0.0,0.0,0.0,0.07167490542702734,0.07167490542702734,-0.07167490542702734,False,0.5,0.0,-0.0037851662404092545,0.00027130143230690994,0.0,6.136550122176998e-08,0.00027124006680568816,1.0875768868958247,1.0878718813232826,-0.13034427779332214,0.999812227373227,0.0003583745271351367,0.9994538528460918,False,False,False,-1.0
2026-02-13,2026-02-14 00:00:00,-0.1421601567995343,0.0,0.0,-0.07108007839976715,0.0,0.0,0.0,0.07108007839976715,0.07108007839976715,-0.07108007839976715,False,0.5,0.0,0.0006839002981606779,-4.8611686810885114e-05,0.0,6.085623150664995e-08,-4.8672543042391766e-05,1.0845295413653693,1.0844767545545864,-0.13305837627560135,0.9998981693533946,0.00035540039199883575,0.9995427689613957,False,False,False,-1.0
2026-02-14,2026-02-15 00:00:00,-0.14290966266694774,0.0,0.0,-0.07145483133347387,0.0,0.0,0.0,0.07145483133347387,0.07145483133347387,-0.07145483133347387,False,0.5,0.0,-8.147342289022141e-05,5.82166969078156e-06,0.0,6.117708162112489e-08,5.760492609160436e-06,1.082471262945923,1.0824774985136327,-0.13465660166042948,0.9999359004563197,0.0003572741566673694,0.9995786262996523,False,False,False,-1.0
2026-02-15,2026-02-16 00:00:00,-0.14430705504818814,0.0,0.0,-0.07215352752409407,0.0,0.0,0.0,0.07215352752409407,0.07215352752409407,-0.07215352752409407,False,0.5,0.0,0.0007566329832247032,-5.459373878074103e-05,0.0,6.17752804144641e-08,-5.465551406115549e-05,1.0853692954085048,1.085309973991718,-0.13239229227821558,0.9998914690858263,0.0003607676376204704,0.9995307014482058,False,False,False,-1.0
2026-02-16,2026-02-17 00:00:00,-0.14148584719933618,0.0,0.0,-0.07074292359966809,0.0,0.0,0.0,0.07074292359966809,0.07074292359966809,-0.07074292359966809,False,0.5,0.0,0.0028972130348947633,-0.00020495732037952277,0.0,6.056757157505829e-08,-0.00020501788795109781,1.0875958170595839,1.0873728404622258,-0.13074321607629813,0.9996444382395577,0.00035371461799834047,0.9992907236215594,False,False,False,-1.0
2026-02-17,2026-02-18 00:00:00,-0.14074550824629173,0.0,0.0,-0.07037275412314586,0.0,0.0,0.0,0.07037275412314586,0.07037275412314586,-0.07037275412314586,False,0.5,0.0,0.007156202810268519,-0.000503601700822392,0.0,6.02506456533783e-08,-0.0005036619514680454,1.0874205905707524,1.086872898194039,-0.13114287495319898,0.9994361796193206,0.0003518637706157293,0.9990843158487049,False,False,False,-1.0
2026-02-18,2026-02-19 00:00:00,-0.14285712248001953,0.0,0.0,-0.07142856124000976,0.0,0.0,0.0,0.07142856124000976,0.07142856124000976,-0.07142856124000976,False,0.5,0.0,-0.008216343727041497,0.0005868816110759537,0.0,6.115459010274809e-08,0.0005868204564858509,1.0855272631231687,1.0861642727272425,-0.13170935727770894,0.9999674533061107,0.00035714280620004885,0.9996103104999107,False,False,False,-1.0
2026-02-19,2026-02-20 00:00:00,-0.14250519374829776,0.0,0.0,-0.07125259687414888,0.0,0.0,0.0,0.07125259687414888,0.07125259687414888,-0.07125259687414888,False,0.5,0.0,-0.0024610633866304354,0.00017535715736930602,0.0,6.100393567992199e-08,0.0001752961534336261,1.0882744715399302,1.088465241868671,-0.12986993940615743,0.9998415637949876,0.0003562629843707444,0.9994853008106168,False,False,False,-1.0
2026-02-20,2026-02-21 00:00:00,-0.14202745458791222,0.0,0.0,-0.07101372729395611,0.0,0.0,0.0,0.07101372729395611,0.07101372729395611,-0.07101372729395611,False,0.5,0.0,0.006852547136907194,-0.0004866249136493072,0.0,6.079942405304461e-08,-0.0004866857130733602,1.0874608430765502,1.0869315914206983,-0.1310959549975541,0.9993956647007675,0.0003550686364697805,0.9990405960642976,False,False,False,-1.0
2026-02-21,2026-02-22 00:00:00,-0.14499747454287729,0.0,0.0,-0.07249873727143864,0.0,0.0,0.0,0.07249873727143864,0.07249873727143864,-0.07249873727143864,False,0.5,0.0,-0.0011963285781786404,8.673231127968699e-05,0.0,6.207083670499884e-08,8.667024044298198e-05,1.0858522080348543,1.0859463191068102,-0.13188359159375174,0.9999573006164754,0.0003624936863571932,0.9995948069301182,False,False,False,-1.0
2026-02-22,2026-02-23 00:00:00,-0.1429382952285512,0.0,0.0,-0.0714691476142756,0.0,0.0,0.0,0.0714691476142756,0.0714691476142756,-0.0714691476142756,False,0.5,0.0,-0.0014317197510852475,0.00010232379023258547,0.0,6.118933871085239e-08,0.00010226260089387462,1.0871665861167275,1.0872777625994288,-0.13081922227597675,0.999975454189427,0.000357345738071378,0.9996181084513557,False,False,False,-1.0
2026-02-23,2026-02-24 00:00:00,-0.1418531375962826,0.0,0.0,-0.0709265687981413,0.0,0.0,0.0,0.0709265687981413,0.0709265687981413,-0.0709265687981413,False,0.5,0.0,-0.004868288379127783,0.0003452909906513985,0.0,6.072480205320316e-08,0.0003452302658493453,1.089168881159407,1.0895448952218043,-0.1290068536580362,0.9999187381576553,0.0003546328439907065,0.9995641053136646,False,False,False,-1.0
2026-02-24,2026-02-25 00:00:00,-0.14233323374954326,0.0,0.0,-0.07116661687477163,0.0,0.0,0.0,0.07116661687477163,0.07116661687477163,-0.07116661687477163,False,0.5,0.0,0.0024815512681977125,-0.00017660360835893027,0.0,6.093032266675654e-08,-0.000176664538681597,1.0917008662895262,1.0915080014596048,-0.12743752678939224,0.9997676879348333,0.00035583308437385817,0.9994118548504595,False,False,False,-1.0
2026-02-25,2026-02-26 00:00:00,-0.14232280620453816,0.0,0.0,-0.07116140310226908,0.0,0.0,0.0,0.07116140310226908,0.07116140310226908,-0.07116140310226908,False,0.5,0.0,-0.004529742506886092,0.00032234283248200405,0.0,6.092585882043586e-08,0.0003222819066231836,1.0843751837485183,1.0847246582502315,-0.1328601995682379,0.9997729618613127,0.0003558070155113454,0.9994171548458014,False,False,False,-1.0
2026-02-26,2026-02-27 00:00:00,0.14215737653996696,0.0,0.0,0.07107868826998348,0.0,0.0,0.07107868826998348,0.0,0.07107868826998348,0.07107868826998348,False,0.5,0.0,0.002223569840307249,0.0001580484275257359,0.0,6.085504132704065e-08,0.00015798757248440887,1.0848617222708985,1.0850331169408813,-0.1326136145888911,0.9997668965633519,0.0003553934413499174,0.999411503122002,False,False,False,1.0
2026-02-27,2026-02-28 00:00:00,0.12731072921649997,0.0,0.0,0.06365536460824998,0.0,0.0,0.06365536460824998,0.0,0.06365536460824998,0.06365536460824998,False,0.5,0.0,0.00013867132328382326,8.827173644340276e-06,0.0,5.4499456000214025e-08,8.772674188340062e-06,1.0820686887142756,1.0820781813503313,-0.13497581981653994,0.9999002311315986,0.00031827682304124994,0.9995819543085575,False,False,False,1.0
2026-02-28,2026-03-01 00:00:00,0.12750030199579085,0.0,0.0,0.06375015099789542,0.0,0.0,0.06375015099789542,0.0,0.06375015099789542,0.06375015099789542,False,0.5,0.0,0.0004955897781973029,3.159392319309156e-05,0.0,5.458060873107484e-08,3.153934258436049e-05,1.0803254317733693,1.0803595045272645,-0.13634974735292038,0.999844664647953,0.00031875075498947716,0.9995259138929635,False,False,False,1.0
2026-03-01,2026-03-02 00:00:00,0.1281408200850995,0.0,0.0,0.06407041004254975,0.0,0.0,0.06407041004254975,0.0,0.06407041004254975,0.06407041004254975,False,0.5,0.0,-0.010060812019316745,-0.0006446003514386368,0.0,5.4854803118621357e-08,-0.0006446552062417554,1.084507588827985,1.0838084553646383,-0.13359262136885397,0.9992843591748096,0.00032035205021274877,0.9989640071245969,False,False,False,1.0
2026-03-02,2026-03-03 00:00:00,0.13115809605343026,0.0,0.0,0.06557904802671513,0.0,0.0,0.06557904802671513,0.0,0.06557904802671513,0.06557904802671513,False,0.5,0.0,-0.0070645317806889985,-0.0004632852689320592,0.0,5.6146445228351994e-08,-0.00046334141537728756,1.0863025873230658,1.0857992583447276,-0.1320011534458897,0.999154830066272,0.00032789524013357565,0.9988269348261385,False,False,False,1.0
2026-03-03,2026-03-04 00:00:00,0.1270094403013533,0.0,-0.10673516932262173,0.06350472015067665,0.0,-0.05336758466131086,0.06350472015067665,0.05336758466131086,0.11687230481198752,0.01013713548936579,True,0.5,0.0,0.004645582867498943,4.709290295491323e-05,0.0,1.0006190480478383e-07,4.6992841050108444e-05,1.0842443796044463,1.0842953313282364,-0.1332034078272437,0.99969612549443,0.0005843615240599376,0.99911176397037,False,False,False,1.0
2026-03-04,2026-03-05 00:00:00,0.13094082903339632,0.0,0.0,0.06547041451669816,0.0,0.0,0.06547041451669816,0.0,0.06547041451669816,0.06547041451669816,False,0.5,0.0,0.010967253436672708,0.0007180306286086447,0.0,5.605343708621418e-08,0.0007179745751715584,1.087040538120759,1.0878210055893105,-0.13038494836669567,0.9999777749048563,0.0003273520725834908,0.9996504228322728,False,False,False,1.0
2026-03-05,2026-03-06 00:00:00,0.13987136823404586,0.0,0.0,0.06993568411702293,0.0,0.0,0.06993568411702293,0.0,0.06993568411702293,0.06993568411702293,False,0.5,0.0,0.0028699853375957485,0.00020071438799058367,0.0,5.987644188101278e-08,0.00020065451154870266,1.0854066125090018,1.0856244042426666,-0.13214093357351253,0.9999286646624961,0.00034967842058511466,0.999578986241911,False,False,False,1.0
2026-03-06,2026-03-07 00:00:00,0.12848421099786012,0.0,0.0,0.06424210549893006,0.0,0.0,0.06424210549893006,0.0,0.06424210549893006,0.06424210549893006,False,0.5,0.0,-0.00345370024906988,-0.00022187297576242823,0.0,5.5001802653193535e-08,-0.00022192797756508142,1.0820695094202082,1.0818293679223978,-0.13517472377304351,0.9993799962746801,0.0003212105274946503,0.9990587857471854,False,False,False,1.0
2026-03-07,2026-03-08 00:00:00,0.12844995192445274,0.0,0.0,0.06422497596222637,0.0,0.0,0.06422497596222637,0.0,0.06422497596222637,0.06422497596222637,False,0.5,0.0,0.001360207115551848,8.735926929996671e-05,0.0,5.4987136953960936e-08,8.730428216301275e-05,1.0818786527653674,1.0819731054045345,-0.13505981858431515,0.9999466850865983,0.0003211248798111319,0.9996255602067872,False,False,False,1.0
2026-03-08,2026-03-09 00:00:00,0.13061242705715093,0.0,0.0,0.06530621352857546,0.0,0.0,0.06530621352857546,0.0,0.06530621352857546,0.06530621352857546,False,0.5,0.0,0.0009225567707420446,6.0248689462313e-05,0.0,5.5912854048437896e-08,6.019277660826456e-05,1.080549940219343,1.0806149815205086,-0.13614551647529471,0.9998599247864961,0.0003265310676428773,0.9995333937188532,False,False,False,1.0
2026-03-09,2026-03-10 00:00:00,0.14379082845770536,0.0,0.0,0.07189541422885268,0.0,0.0,0.07189541422885268,0.0,0.07189541422885268,0.07189541422885268,False,0.5,0.0,0.0013720342760910054,9.864297261574685e-05,0.0,6.155429300415468e-08,9.85814183227427e-05,1.0836929602841432,1.0837997922731943,-0.1335995467312754,0.9999814206313532,0.0003594770711442634,0.999621943560209,False,False,False,1.0
2026-03-10,2026-03-11 00:00:00,0.14330326067788413,0.0,0.0,0.07165163033894206,0.0,0.0,0.07165163033894206,0.0,0.07165163033894206,0.07165163033894206,False,0.5,0.0,0.004324151958913225,0.00030983253768946257,0.0,6.13455739203271e-08,0.00030977119211554225,1.0856836290883238,1.086019942600367,-0.1318247362326015,0.9998701205520422,0.0003582581516947103,0.9995118624003475,False,False,False,1.0
2026-03-11,2026-03-12 00:00:00,0.14270155584827346,0.0,0.0,0.07135077792413673,0.0,0.0,0.07135077792413673,0.0,0.07135077792413673,0.07135077792413673,False,0.5,0.0,0.0049236684272213616,0.00035130757252275493,0.0,6.108799479806227e-08,0.00035124648452795686,1.0845560123414995,1.084936958828108,-0.13269048435126451,0.9998914674503697,0.00035675388962068367,0.9995347135607491,False,False,False,1.0
2026-03-12,2026-03-13 00:00:00,0.14261188276803874,0.0,0.0,0.07130594138401937,0.0,0.0,0.07130594138401937,0.0,0.07130594138401937,0.07130594138401937,False,0.5,0.0,-0.0007284094143299447,-5.193991900177891e-05,0.0,6.104960734933166e-08,-5.2000968609128245e-05,1.0858569928850386,1.0858005272696376,-0.13200013905455565,0.9997983707879089,0.00035652970692009686,0.9994418410809888,False,False,False,1.0
2026-03-13,2026-03-14 00:00:00,0.1431475637450375,0.0,0.0,0.07157378187251875,0.0,0.0,0.07157378187251875,0.0,0.07157378187251875,0.07157378187251875,False,0.5,0.0,-0.005795313274071456,-0.0004147924881613029,0.0,6.127892283606057e-08,-0.00041485376708413896,1.0883698825206993,1.0879183681749547,-0.13030711573659648,0.9994861312518709,0.00035786890936259375,0.9991282623425083,False,False,False,1.0
2026-03-14,2026-03-15 00:00:00,0.14361475104072244,0.0,0.0,0.07180737552036122,0.0,0.0,0.07180737552036122,0.0,0.07180737552036122,0.07180737552036122,False,0.5,0.0,0.0005356108859293496,3.846081201872216e-05,0.0,6.147891739756953e-08,3.839933310132459e-05,1.0858892598312744,1.0859309572546736,-0.13189587201283748,0.9999788023991624,0.0003590368776018061,0.9996197655215605,False,False,False,1.0
2026-03-15,2026-03-16 00:00:00,0.14705495352590106,0.0,0.0,0.07352747676295053,0.0,0.0,0.07352747676295053,0.0,0.07352747676295053,0.07352747676295053,False,0.5,0.0,-9.555753041068371e-06,-7.026104096796486e-07,0.0,6.295160681759463e-08,-7.655620164972432e-07,1.0866796960310996,1.0866788641104004,-0.13129798775098012,0.9999704274111865,0.00036763738381475264,0.9996027900273717,False,False,False,1.0
2026-03-16,2026-03-17 00:00:00,0.14563499264278323,0.0,0.0,0.07281749632139162,0.0,0.0,0.07281749632139162,0.0,0.07281749632139162,0.07281749632139162,False,0.5,0.0,-0.004442458335523813,-0.0003234886935049408,0.0,6.234374685050652e-08,-0.00032355103725179127,1.0936289147398586,1.093275069970126,-0.12602491445140573,0.9995545824135186,0.0003640874816069581,0.9991904949319116,False,False,False,1.0
2026-03-17,2026-03-18 00:00:00,0.14891424064255918,0.0,0.0,0.07445712032127959,0.0,0.0,0.07445712032127959,0.0,0.07445712032127959,0.07445712032127959,False,0.5,0.0,0.001223894926674296,9.112769181599171e-05,0.0,6.374753452164348e-08,9.106394428147007e-05,1.0947289734945673,1.094828663832813,-0.12478295589372368,0.9998019025759043,0.0003722856016063979,0.9994296169742979,False,False,False,1.0
2026-03-18,2026-03-19 00:00:00,0.1383143377606632,0.0,0.0,0.0691571688803316,0.0,0.0,0.0691571688803316,0.0,0.0691571688803316,0.0691571688803316,False,0.5,0.0,0.0018649535365382608,0.00012897490668034817,0.0,5.920990486329761e-08,0.00012891569677548487,1.0903872238753705,1.0905277919040914,-0.12822111616563114,0.9998028341759546,0.000345785844401658,0.9994570483315529,False,False,False,1.0
2026-03-19,2026-03-20 00:00:00,0.14070938502490296,0.0,0.0,0.07035469251245148,0.0,0.0,0.07035469251245148,0.0,0.07035469251245148,0.07035469251245148,False,0.5,0.0,0.006525045147799613,0.0004590675450033053,0.0,6.023518194559202e-08,0.0004590073098213597,1.0876365301055588,1.088135763223306,-0.13013332794869248,0.9997117269288437,0.0003517734625622574,0.9993599534662815,False,False,False,1.0
2026-03-20,2026-03-21 00:00:00,0.13624874620895863,0.0,0.0,0.06812437310447932,0.0,0.0,0.06812437310447932,0.0,0.06812437310447932,0.06812437310447932,False,0.5,0.0,0.0006802561516265904,4.63420238800271e-05,0.0,5.8325661904519965e-08,4.628369821812258e-05,1.088631445957098,1.0886818318464133,-0.1296967951997946,0.999892875619167,0.0003406218655223966,0.9995522537536445,False,False,False,1.0
2026-03-21,2026-03-22 00:00:00,0.1344236233524059,0.0,0.0,0.06721181167620295,0.0,0.0,0.06721181167620295,0.0,0.06721181167620295,0.06721181167620295,False,0.5,0.0,0.0005759592741056974,3.8711266264354683e-05,0.0,5.754435931181759e-08,3.865372190504287e-05,1.089370026944392,1.089412135150465,-0.12911298339417776,0.9999865183875006,0.00033605905838101475,0.9996504593291197,False,False,False,1.0
2026-03-22,2026-03-23 00:00:00,0.13444726825957862,0.0,0.0,0.06722363412978931,0.0,0.0,0.06722363412978931,0.0,0.06722363412978931,0.06722363412978931,False,0.5,0.0,0.0012022062889815999,8.081667571903083e-05,0.0,5.7554481275504545e-08,8.075912123775533e-05,1.0868715857765723,1.086959360570738,-0.13107375605974958,0.9999349658382406,0.0003361181706489466,0.9995988476675917,False,False,False,1.0
2026-03-23,2026-03-24 00:00:00,-0.1360498241801363,0.0,0.0,-0.06802491209006815,0.0,0.0,0.0,0.06802491209006815,0.06802491209006815,-0.06802491209006815,False,0.5,0.0,-0.009911586784551063,0.0006742348196921673,0.0,5.824050692642821e-08,0.000674176579185241,1.0842683211466566,1.0849993094543262,-0.13264064063363123,0.9997460749400596,0.0003401245604503408,0.9994059503796093,False,False,False,-1.0
2026-03-24,2026-03-25 00:00:00,-0.1344095559877852,0.0,0.0,-0.0672047779938926,0.0,0.0,0.0,0.0672047779938926,0.0672047779938926,-0.0672047779938926,False,0.5,0.0,-0.002043345100881333,0.00013732255386963806,0.0,5.753833732353818e-08,0.00013726501553231452,1.0845859328600536,1.0847348085649737,-0.1328520853045554,0.9999081845995804,0.000336023889969463,0.999572160709611,False,False,False,-1.0
2026-03-25,2026-03-26 00:00:00,-0.13399373637352258,0.0,0.0,-0.06699686818676129,0.0,0.0,0.0,0.06699686818676129,0.06699686818676129,-0.06699686818676129,False,0.5,0.0,7.402129962885695e-05,-4.959195254247291e-06,0.0,5.736033235167918e-08,-5.01655558659897e-06,1.0837810738992937,1.0837756370512928,-0.13361885665858253,0.9998927000422944,0.00033498434093380644,0.9995577157013605,False,False,False,-1.0
2026-03-26,2026-03-27 00:00:00,-0.13458007355411564,0.0,0.0,-0.06729003677705782,0.0,0.0,0.0,0.06729003677705782,0.06729003677705782,-0.06729003677705782,False,0.5,0.0,0.0027671163836551216,-0.00018619936322255236,0.0,5.761133285707005e-08,-0.00018625697455540942,1.0871367816880666,1.0869342948801815,-0.13109379382485564,0.9996366742789826,0.0003364501838852891,0.9993002240950973,False,False,False,-1.0
2026-03-27,2026-03-28 00:00:00,-0.1361824084015752,0.0,0.0,-0.0680912042007876,0.0,0.0,0.0,0.0680912042007876,0.0680912042007876,-0.0680912042007876,False,0.5,0.0,-0.00423325960989962,0.0002882477445326215,0.0,5.829726387053733e-08,0.00028818944726875095,1.0894632873005585,1.0897772591231454,-0.12882109961851662,0.9998851196106469,0.000340456021003938,0.9995446635896429,False,False,False,-1.0
2026-03-28,2026-03-29 00:00:00,-0.13411440930580942,0.0,0.0,-0.06705720465290471,0.0,0.0,0.0,0.06705720465290471,0.06705720465290471,-0.06705720465290471,False,0.5,0.0,-0.0006412469787401287,4.300022988643365e-05,0.0,5.741199028502115e-08,4.2942817896148625e-05,1.0884015555844648,1.0884482946142642,-0.1298834872117618,0.9999569423581233,0.00033528602326452357,0.9996216563348588,False,False,False,-1.0
2026-03-29,2026-03-30 00:00:00,-0.1430593018773575,0.0,0.0,-0.07152965093867875,0.0,0.0,0.0,0.07152965093867875,0.07152965093867875,-0.07152965093867875,False,0.5,0.0,0.0010150753768845,-7.260798738499606e-05,0.0,6.124113950229345e-08,-7.266922852449836e-05,1.089827162901542,1.0897479660023888,-0.12884451683383824,0.9998716167217494,0.0003576482546933937,0.999513968467056,False,False,False,-1.0
2026-03-30,2026-03-31 00:00:00,-0.14265076566037496,0.0,0.0,-0.07132538283018748,0.0,0.0,0.0,0.07132538283018748,0.07132538283018748,-0.07132538283018748,False,0.5,0.0,-0.0006458951914547484,4.6068721798687165e-05,0.0,6.106625242310572e-08,4.600765554626406e-05,1.0865449107945109,1.0865949001785022,-0.13136510936252999,0.9998692962898409,0.0003566269141509374,0.9995126693756899,False,False,False,-1.0
2026-03-31,2026-04-01 00:00:00,-0.14551613757302112,0.11836889392595466,0.0,-0.07275806878651056,0.05918444696297733,0.0,0.05918444696297733,0.07275806878651056,0.1319425157494879,-0.013573621823533229,True,0.5,0.0,-0.00213758258841823,2.901473767175833e-05,0.0,1.129644826622328e-07,2.89017731890961e-05,1.0870632959144957,1.0870947139713165,-0.13096555319013392,0.9996132057760078,0.0006597125787474395,0.9989534931972603,False,False,False,-1.0
2026-04-01,2026-04-02 00:00:00,-0.14424332591877825,0.11836889392595466,0.0,-0.07212166295938913,0.05918444696297733,0.0,0.05918444696297733,0.07212166295938913,0.13130610992236647,-0.012937215996411795,True,0.5,0.0,0.001309176907808629,-1.6937104433834726e-05,0.0,1.1241961465956032e-07,-1.7049524048494285e-05,1.086554325294862,1.0865358000607628,-0.13141235459099632,0.9998040013725524,0.0006565305496118323,0.9991474708229406,False,False,False,-1.0
2026-04-02,2026-04-03 00:00:00,-0.14816097211441964,0.0,0.0,-0.07408048605720982,0.0,0.0,0.0,0.07408048605720982,0.07408048605720982,-0.07408048605720982,False,0.5,0.0,-0.0025198193483358944,0.00018666944210108476,0.0,6.3425073679118e-08,0.00018660601702740563,1.0896523462234486,1.089855681907722,-0.12875840765586055,0.9999722951383075,0.0003704024302860491,0.9996018927080215,False,False,False,-1.0
2026-04-03,2026-04-04 00:00:00,-0.14676608361262822,0.0,0.0,-0.07338304180631411,0.0,0.0,0.0,0.07338304180631411,0.07338304180631411,-0.07338304180631411,False,0.5,0.0,0.0003366362718264515,-2.470339360896221e-05,0.0,6.282794675198125e-08,-2.476622155571419e-05,1.0901754908880779,1.0901484913603359,-0.1285243328347777,0.9999226048094513,0.00036691520903157053,0.9995556896004197,False,False,False,-1.0
2026-04-04,2026-04-05 00:00:00,-0.14723329476661512,0.0,0.0,-0.07361664738330756,0.0,0.0,0.0,0.07361664738330756,0.07361664738330756,-0.07361664738330756,False,0.5,0.0,0.0010325848716574715,-7.601543639014597e-05,0.0,6.302795152680441e-08,-7.607846434167278e-05,1.090032717699703,1.089949789684458,-0.1286831769527349,0.9999099375638696,0.0003680832369165378,0.9995418543269531,False,False,False,-1.0
2026-04-05,2026-04-06 00:00:00,-0.16517365671354511,0.0,0.0,-0.08258682835677256,0.0,0.0,0.0,0.08258682835677256,0.08258682835677256,-0.08258682835677256,False,0.5,0.0,-0.0027445303695644574,0.0002266620585511694,0.0,7.070790099038746e-08,0.000226591350650179,1.089755697501628,1.0900026267170038,-0.12864093849755776,0.9999858882796224,0.0004129341417838628,0.9995729541378385,False,False,False,-1.0
2026-04-06,2026-04-07 00:00:00,-0.1674903240351512,0.0,0.0,-0.0837451620175756,0.0,0.0,0.0,0.0837451620175756,0.0837451620175756,-0.0837451620175756,False,0.5,0.0,0.00017104764370334813,-1.4324412634661436e-05,0.0,7.16996250150476e-08,-1.4396112259676484e-05,1.08842961017643,1.088413941021575,-0.12991094981923745,0.9999004317045073,0.000418725810087878,0.9994817058944194,False,False,False,-1.0
2026-04-07,2026-04-08 00:00:00,-0.1766207413738271,0.0,0.0,-0.08831037068691355,0.0,0.0,0.0,0.08831037068691355,0.08831037068691355,-0.08831037068691355,False,0.5,0.0,0.0016715238806330746,-0.00014761289351073505,0.0,7.56081940812616e-08,-0.00014768850170481632,1.09234469969745,1.0921833729454065,-0.12689762803171123,0.9996919366831554,0.0004415518534345678,0.9992503848297208,False,False,False,-1.0
2026-04-08,2026-04-09 00:00:00,-0.16869971359359653,0.0,0.0,-0.08434985679679827,0.0,0.0,0.0,0.08434985679679827,0.08434985679679827,-0.08434985679679827,False,0.5,0.0,0.0017550208069474493,-0.0001480357537414187,0.0,7.221734314794372e-08,-0.00014810797108456665,1.0864549307975628,1.0862940181620877,-0.13160563747229748,0.9998015293498076,0.00042174928398399134,0.9993797800658236,False,False,False,-1.0
2026-04-09,2026-04-10 00:00:00,0.1650369182678258,0.0,0.0,0.0825184591339129,0.0,0.0,0.0825184591339129,0.0,0.0825184591339129,0.0825184591339129,False,0.5,0.0,0.00237807827765657,0.00019623535517204966,0.0,7.064936569684323e-08,0.00019616470580635282,1.0861049843556974,1.0863180398204284,-0.1315864343170441,0.9999253151471469,0.0004125922956695645,0.9995127228514773,False,False,False,1.0
2026-04-10,2026-04-11 00:00:00,0.15924370614500494,0.0,0.0,0.07962185307250247,0.0,0.0,0.07962185307250247,0.0,0.07962185307250247,0.07962185307250247,False,0.5,0.0,-0.0037369442191624858,-0.0002975424235582929,0.0,6.816939475385486e-08,-0.00029761059295304676,1.0868983508205061,1.0865748783578386,-0.13138111500731964,0.9995090225082837,0.00039810926536251235,0.9991109132429211,False,False,False,1.0
2026-04-11,2026-04-12 00:00:00,0.16082646829721342,0.0,0.0,0.08041323414860671,0.0,0.0,0.08041323414860671,0.0,0.08041323414860671,0.08041323414860671,False,0.5,0.0,0.0013718276485628067,0.00011031309791541353,0.0,6.884694704503999e-08,0.0001102442509683685,1.086279479542994,1.0863992356105585,-0.13152152558586172,0.9999576683428126,0.00040206617074303356,0.9995556021720696,False,False,False,1.0
2026-04-12,2026-04-13 00:00:00,0.1615409458953316,0.0,0.0,0.0807704729476658,0.0,0.0,0.0807704729476658,0.0,0.0807704729476658,0.0807704729476658,False,0.5,0.0,0.0016774832251675864,0.00013549111345856173,0.0,6.915280218122072e-08,0.0001354219606563805,1.0838119114002966,1.0839586833343213,-0.13347252761910888,0.9999688345260762,0.000403852364738329,0.9995649821613379,False,False,False,1.0
2026-04-13,2026-04-14 00:00:00,0.16152963752776706,0.0,0.0,0.08076481876388353,0.0,0.0,0.08076481876388353,0.0,0.08076481876388353,0.08076481876388353,False,0.5,0.0,0.0012921302467290285,0.00010435866519640209,0.0,6.914796127044822e-08,0.00010428951723513164,1.0847825969442486,1.084895728397589,-0.13272344437205863,0.9998168454745012,0.0004038240938194176,0.9994130213806818,False,False,False,1.0
2026-04-14,2026-04-15 00:00:00,0.16077801253614857,0.0,0.0,0.08038900626807428,0.0,0.0,0.08038900626807428,0.0,0.08038900626807428,0.08038900626807428,False,0.5,0.0,-0.0008371349689879626,-6.729644826919749e-05,0.0,6.882620399663894e-08,-6.736527447319414e-05,1.0909448149740704,1.0908713231771745,-0.12794649381117684,0.9998408668415234,0.00040194503134037145,0.999438921810183,False,False,False,1.0
2026-04-15,2026-04-16 00:00:00,0.16245628057186096,0.0,0.0,0.08122814028593048,0.0,0.0,0.08122814028593048,0.0,0.08122814028593048,0.08122814028593048,False,0.5,0.0,-0.0003431399882473096,-2.7872623103065e-05,0.0,6.95446406557624e-08,-2.7942167743720764e-05,1.0896875107664346,1.0896570625352204,-0.12891718597967117,0.9998445405815597,0.0004061407014296524,0.9994383998801301,False,False,False,1.0
2026-04-16,2026-04-17 00:00:00,0.15263086455524627,0.0,0.0,0.07631543227762314,0.0,0.0,0.07631543227762314,0.0,0.07631543227762314,0.07631543227762314,False,0.5,0.0,-8.55596671722747e-06,-6.529522985781705e-07,0.0,6.533855503221159e-08,-7.182908536103821e-07,1.0899461301167468,1.0899453472184106,-0.12868672830476924,0.999758995263268,0.0003815771613881157,0.9993774181018799,False,False,False,1.0
2026-04-17,2026-04-18 00:00:00,0.1678312783111882,0.0,0.0,0.0839156391555941,0.0,0.0,0.0839156391555941,0.0,0.0839156391555941,0.0839156391555941,False,0.5,0.0,0.0010541081506760808,8.84561592031046e-05,0.0,7.184558146883056e-08,8.838431362163578e-05,1.0938398525664443,1.0939365308510254,-0.1254961359711766,0.9998464205785252,0.0004195781957779705,0.9994268423827473,False,False,False,1.0
2026-04-18,2026-04-19 00:00:00,0.1687597591204786,0.0,0.0,0.0843798795602393,0.0,0.0,0.0843798795602393,0.0,0.0843798795602393,0.0843798795602393,False,0.5,0.0,0.0009576352341968963,8.080514572417567e-05,0.0,7.224304756869803e-08,8.073290267660698e-05,1.0908504881247105,1.090938555651003,-0.1278927474954692,0.9998776474036885,0.00042189939780119655,0.9994557480058872,False,False,False,1.0
2026-04-19,2026-04-20 00:00:00,0.17430810939312816,0.0,0.0,0.08715405469656408,0.0,0.0,0.08715405469656408,0.0,0.08715405469656408,0.08715405469656408,False,0.5,0.0,0.002513287285090149,0.00021904317751292586,0.0,7.461819751418158e-08,0.0002189685593154117,1.0893770685236008,1.0896156078508468,-0.12895032527125205,0.9999485402528311,0.0004357702734828204,0.9995127699793482,False,False,False,1.0
2026-04-20,2026-04-21 00:00:00,0.17411796598674248,0.0,0.0,0.08705898299337124,0.0,0.0,0.08705898299337124,0.0,0.08705898299337124,0.08705898299337124,False,0.5,0.0,0.002549118213189594,0.00022192363917016575,0.0,7.453680050802331e-08,0.00022184910236965774,1.088712382939505,1.0889539128043986,-0.1294792909457757,0.99989311527632,0.0004352949149668562,0.9994578203613531,False,False,False,1.0
2026-04-21,2026-04-22 00:00:00,0.17321585928111832,0.0,0.0,0.08660792964055916,0.0,0.0,0.08660792964055916,0.0,0.08660792964055916,0.08660792964055916,False,0.5,0.0,0.002692128996400367,0.00023315971870355214,0.0,7.415062469225955e-08,0.00023308556807885987,1.088579383007842,1.0888331151517292,-0.1295758578041315,0.9999401316634497,0.0004330396482027958,0.9995070920152469,False,False,False,1.0
2026-04-22,2026-04-23 00:00:00,0.17306829388087075,0.0,0.0,0.08653414694043537,0.0,0.0,0.08653414694043537,0.0,0.08653414694043537,0.08653414694043537,False,0.5,0.0,-0.0032605719690368407,-0.00028215081387849867,0.0,7.408745457229056e-08,-0.000282224901333071,1.0929243815551535,1.0926159310794046,-0.12655183670933512,0.9996811601075528,0.0004326707347021769,0.9992484893728506,False,False,False,1.0
2026-04-23,2026-04-24 00:00:00,0.17748565908970862,0.0,0.0,0.08874282954485431,0.0,0.0,0.08874282954485431,0.0,0.08874282954485431,0.08874282954485431,False,0.5,0.0,-0.0013147413770953076,-0.0001166738699231359,0.0,7.597844995278622e-08,-0.00011674984837308869,1.0898577227704798,1.089730482046598,-0.1288584936839262,0.9996768856194828,0.00044371414772427156,0.9992331714717585,False,False,False,1.0
2026-04-24,2026-04-25 00:00:00,0.17427392152882612,0.0,0.0,0.08713696076441306,0.0,0.0,0.08713696076441306,0.0,0.08713696076441306,0.08713696076441306,False,0.5,0.0,-0.0005636081245616875,-4.9111099036436195e-05,0.0,7.460356229829886e-08,-4.918570259873449e-05,1.089427035021374,1.0893734507872264,-0.12914390806318343,0.9997637422483998,0.0004356848038220653,0.9993280574445778,False,False,False,1.0
2026-04-25,2026-04-26 00:00:00,0.17079092365640736,0.0,0.0,0.08539546182820368,0.0,0.0,0.08539546182820368,0.0,0.08539546182820368,0.08539546182820368,False,0.5,0.0,-0.0037226576839197723,-0.00031789807214664,0.0,7.311255293510589e-08,-0.0003179711846995751,1.0890646988997248,1.0887184077072012,-0.1296675560888525,0.9994633355939746,0.0004269773091410184,0.9990363582848336,False,False,False,1.0
2026-04-26,2026-04-27 00:00:00,0.17096969368278334,0.0,0.0,0.08548484684139167,0.0,0.0,0.08548484684139167,0.0,0.08548484684139167,0.08548484684139167,False,0.5,0.0,0.0012752871528680654,0.00010901772694172101,0.0,7.318908119982163e-08,0.0001089445378605212,1.0902230462324247,1.0903418200783614,-0.1283697839133613,0.9999441418202094,0.00042742423420695833,0.9995167175860025,False,False,False,1.0
2026-04-27,2026-04-28 00:00:00,0.17768313545044748,0.0,0.0,0.08884156772522374,0.0,0.0,0.08884156772522374,0.0,0.08884156772522374,0.08884156772522374,False,0.5,0.0,-0.003309516503747889,-0.0002940226346054638,0.0,7.606298606611622e-08,-0.0002940986975915299,1.0875987809647747,1.0872789195797907,-0.13081829737424022,0.9996171103610971,0.0004442078386261187,0.999172902522471,False,False,False,1.0
2026-04-28,2026-04-29 00:00:00,0.18391791818467454,0.0,0.0,0.09195895909233727,0.0,0.0,0.09195895909233727,0.0,0.09195895909233727,0.09195895909233727,False,0.5,0.0,0.0026096446834540377,0.0002399802086912853,0.0,7.873198552426136e-08,0.00023990147670576104,1.0872162247552597,1.087477049533077,-0.13065991029707225,0.9999578336766083,0.00045979479546168634,0.9994980388811466,False,False,False,1.0
2026-04-29,2026-04-30 00:00:00,0.17966032662188897,0.0,0.0,0.08983016331094448,0.0,0.0,0.08983016331094448,0.0,0.08983016331094448,0.08983016331094448,False,0.5,0.0,-0.0005939470199257668,-5.335435779798043e-05,0.0,7.690938639635658e-08,-5.3431267184376786e-05,1.0872606425221012,1.0872025488082115,-0.13087934893706976,0.9995462134405981,0.00044915081655472243,0.9990970626240434,False,False,False,1.0
2026-04-30,2026-05-01 00:00:00,0.18123083751556088,0.0,0.0,0.09061541875778044,0.0,0.0,0.09061541875778044,0.0,0.09061541875778044,0.09061541875778044,False,0.5,0.0,0.0005655758711193837,5.1249894400779415e-05,0.0,7.75816941419353e-08,5.117231270663748e-05,1.0868669003866478,1.0869225178795447,-0.13110320847760104,0.9998177450593031,0.0004530770937889022,0.9993646679655142,False,False,False,1.0
2026-05-01,2026-05-02 00:00:00,0.1860040986841897,0.0,0.0,0.09300204934209486,0.0,0.0,0.09300204934209486,0.0,0.09300204934209486,0.09300204934209486,False,0.5,0.0,-0.002546740690776539,-0.0002368521033851204,0.0,7.962504224494423e-08,-0.00023693172842736537,1.0890603220270434,1.088802289082584,-0.12960050047381133,0.9993512914398811,0.0004650102467104743,0.9988862811931706,False,False,False,1.0
2026-05-02,2026-05-03 00:00:00,0.1864629894946153,0.0,0.0,0.09323149474730764,0.0,0.0,0.09323149474730764,0.0,0.09323149474730764,0.09323149474730764,False,0.5,0.0,0.0006417594616159317,5.983219387468071e-05,0.0,7.982148522885929e-08,5.9752372389451855e-05,1.0887680008891634,1.0888330573601983,-0.12957590400326247,0.9999756638837007,0.00046615747373653825,0.9995095064099642,False,False,False,1.0
2026-05-03,2026-05-04 00:00:00,0.19052261157762654,0.0,0.0,0.09526130578881327,0.0,0.0,0.09526130578881327,0.0,0.09526130578881327,0.09526130578881327,False,0.5,0.0,0.0005115419335424143,4.873015255498472e-05,0.0,8.155933714795657e-08,4.864859321783676e-05,1.0896647166929025,1.0897177273484489,-0.12886868991789546,0.999876250322414,0.00047630652894406635,0.99939994379347,False,False,False,1.0
2026-05-04,2026-05-05 00:00:00,0.19729662943729556,0.0,0.0,0.09864831471864778,0.0,0.0,0.09864831471864778,0.0,0.09864831471864778,0.09864831471864778,False,0.5,0.0,-0.0015302218821728886,-0.00015095380982195266,0.0,8.445917356048612e-08,-0.00015103826899551316,1.0909169836496968,1.0907522134368686,-0.12804171133541464,0.999251855549931,0.0004932415735932389,0.9987586139763378,False,False,False,1.0
2026-05-05,2026-05-06 00:00:00,0.19749434252524758,0.0,0.0,0.09874717126262379,0.0,0.0,0.09874717126262379,0.0,0.09874717126262379,0.09874717126262379,False,0.5,0.0,-0.0018032828134567636,-0.0001780690768153611,0.0,8.454381101252036e-08,-0.00017815362062637363,1.092377830749119,1.092183219683479,-0.12689775055083719,0.9997709103411218,0.000493735856313119,0.9992771744848087,False,False,False,1.0
2026-05-06,2026-05-07 00:00:00,0.19740271085150216,0.0,0.0,0.09870135542575108,0.0,0.0,0.09870135542575108,0.0,0.09870135542575108,0.09870135542575108,False,0.5,0.0,-0.00037307105307793353,-3.6822618608904364e-05,0.0,8.450458512478687e-08,-3.6907123194029153e-05,1.0912266423864154,1.0911863683502923,-0.12769464353150772,0.9998810788626317,0.0004935067771287554,0.9993875720855029,False,False,False,1.0
2026-05-07,2026-05-08 00:00:00,0.19721829786398754,0.0,0.0,0.09860914893199377,0.0,0.0,0.09860914893199377,0.0,0.09860914893199377,0.09860914893199377,False,0.5,0.0,-0.0006360768868829414,-6.272300047083892e-05,0.0,8.442564120889876e-08,-6.280742611204782e-05,1.0883040486359226,1.0882356950598004,-0.13005344143362574,0.9998426784635894,0.0004930457446599689,0.9993496327189295,False,False,False,1.0
2026-05-08,2026-05-09 00:00:00,0.20823916883718513,0.0,0.0,0.10411958441859256,0.0,0.0,0.10411958441859256,0.0,0.10411958441859256,0.10411958441859256,False,0.5,0.0,0.003633689113817784,0.00037833820043707154,0.0,8.914347981043883e-08,0.0003782490569572611,1.0877691636926707,1.0881806113530248,-0.1300974759027762,0.9999716494487767,0.0005205979220929628,0.9994510515266838,False,False,False,1.0
2026-05-09,2026-05-10 00:00:00,0.2132930766422508,0.0,0.0,0.1066465383211254,0.0,0.0,0.1066465383211254,0.0,0.1066465383211254,0.1066465383211254,False,0.5,0.0,0.0016388551364487913,0.00017477822711205922,0.0,9.130696774068956e-08,0.00017468692014431853,1.0891950099693666,1.0893852780910946,-0.1291344531975288,0.9999994475367602,0.0005332326916056271,0.9994662148451545,False,False,False,1.0
2026-05-10,2026-05-11 00:00:00,0.23910173816820057,0.0,0.0,0.11955086908410029,0.0,0.0,0.11955086908410029,0.0,0.11955086908410029,0.11955086908410029,False,0.5,0.0,0.002559008864680079,0.00030593173376642025,0.0,1.0235519613364751e-07,0.0003058293785702866,1.090715017286626,1.09104858998256,-0.12780478494425285,0.9999335017760399,0.0005977543454205015,0.9993357474306194,False,False,False,1.0
2026-05-11,2026-05-12 00:00:00,0.23842212445186858,0.0,0.0,0.11921106222593429,0.0,0.0,0.11921106222593429,0.0,0.11921106222593429,0.11921106222593429,False,0.5,0.0,0.0023938559130820547,0.00028537410621434556,0.0,1.020642656043958e-07,0.0002852720419487412,1.089957981616566,1.0902689161556203,-0.12842806404236506,0.9999399540031902,0.0005960553111296715,0.9993438986920605,False,False,False,1.0
2026-05-12,2026-05-13 00:00:00,0.2373695541665162,0.0,0.0,0.1186847770832581,0.0,0.0,0.1186847770832581,0.0,0.1186847770832581,0.1186847770832581,False,0.5,0.0,-0.000782161416905236,-9.283065340852324e-05,0.0,1.0161367900963877e-07,-9.293226708753289e-05,1.0863761927100335,1.086275233307535,-0.13162065427393854,0.99979902753742,0.0005934238854162906,0.9992056036520037,False,False,False,1.0
2026-05-13,2026-05-14 00:00:00,-0.23764117152553055,0.0,0.0,-0.11882058576276527,0.0,0.0,0.0,0.11882058576276527,0.11882058576276527,-0.11882058576276527,False,0.5,0.0,-0.007039438621424754,0.0008364302204387222,0.0,1.0172995356401135e-07,0.0008363284904851581,1.0873128200280662,1.0882221707175253,-0.13006425292884927,0.9999397386201221,0.0005941029288138264,0.9993456356913083,False,False,False,-1.0
2026-05-14,2026-05-15 00:00:00,-0.23630241846500574,0.0,0.0,-0.11815120923250287,0.0,0.0,0.0,0.11815120923250287,0.11815120923250287,-0.11815120923250287,False,0.5,0.0,0.0043850253352162305,-0.0005180960458709588,0.0,1.0115685721960863e-07,-0.0005181972027281784,1.0852594811952185,1.084697102767829,-0.13288222769798452,0.9994187841356604,0.0005907560461625144,0.9988280280894979,False,False,False,-1.0
2026-05-15,2026-05-16 00:00:00,-0.2358873680709519,0.0,0.0,-0.11794368403547595,0.0,0.0,0.0,0.11794368403547595,0.11794368403547595,-0.11794368403547595,False,0.5,0.0,0.0019076137690929862,-0.00022499099564362654,0.0,1.0097918153722255e-07,-0.00022509197482516378,1.089185750898942,1.0889405839273207,-0.12948994618415466,0.9997009748138403,0.0005897184201773798,0.9991112563936629,False,False,False,-1.0
2026-05-16,2026-05-17 00:00:00,-0.274555071091093,0.0,0.0,-0.1372775355455465,0.0,0.0,0.0,0.1372775355455465,0.1372775355455465,-0.1372775355455465,False,0.5,0.0,-0.000948971031169421,0.00013027240446305413,0.0,1.1753213659721448e-07,0.00013015487232645692,1.091646986757409,1.091789069931596,-0.12721283782629333,0.9999061115100615,0.0006863876777277325,0.9992197238323337,False,False,False,-1.0
2026-05-17,2026-05-18 00:00:00,-0.2641128880405516,0.0,0.0,-0.1320564440202758,0.0,0.0,0.0,0.1320564440202758,0.1320564440202758,-0.1320564440202758,False,0.5,0.0,0.00025631754081634206,-3.3848382980228035e-05,0.0,1.1306202398996216e-07,-3.3961445004218e-05,1.0914109097625826,1.0913738438709937,-0.12754477371489537,0.9998971329182147,0.0006602822201013791,0.9992368506981133,False,False,False,-1.0
2026-05-18,2026-05-19 00:00:00,-0.2610774321475412,0.0,0.0,-0.1305387160737706,0.0,0.0,0.0,0.1305387160737706,0.1305387160737706,-0.1305387160737706,False,0.5,0.0,0.00024214109704145947,-3.1608787916486416e-05,0.0,1.1176259937822825e-07,-3.1720550515864646e-05,1.0965457197195825,1.096510936685687,-0.12343813005721505,0.9997687102395014,0.000652693580368853,0.9991160166591325,False,False,False,-1.0
2026-05-19,2026-05-20 00:00:00,-0.28727293990934083,0.0,0.0,-0.14363646995467041,0.0,0.0,0.0,0.14363646995467041,0.14363646995467041,-0.14363646995467041,False,0.5,0.0,0.0001327643432906811,-1.9069801606123463e-05,0.0,1.2297642975571096e-07,-1.9192778035879174e-05,1.0962612804015652,1.0962402401021412,-0.12365452762838514,0.9998357405168891,0.000718182349773352,0.9991175581671157,False,False,False,-1.0
2026-05-20,2026-05-21 00:00:00,-0.28378255878824665,0.0,0.0,-0.14189127939412333,0.0,0.0,0.0,0.14189127939412333,0.14189127939412333,-0.14189127939412333,False,0.5,0.0,0.0004965313072358146,-7.045346244292626e-05,0.0,1.2148225975524257e-07,-7.05749447026815e-05,1.0943306498867733,1.0942534175616712,-0.12524281354788802,0.9996569163798105,0.0007094563969706167,0.9989474599828398,False,False,False,-1.0
2026-05-21,2026-05-22 00:00:00,-0.2849757734474407,0.0,0.0,-0.14248788672372034,0.0,0.0,0.0,0.14248788672372034,0.14248788672372034,-0.14248788672372034,False,0.5,0.0,0.0003473183736111274,-4.94886610761691e-05,0.0,1.2199305370181538e-07,-4.961065412987092e-05,1.094593415381344,1.0945391118860006,-0.12501442663190965,0.9995390984463856,0.0007124394336186017,0.9988266590127669,False,False,False,-1.0
2026-05-22,2026-05-23 00:00:00,-0.281901266263189,0.0,0.0,-0.1409506331315945,0.0,0.0,0.0,0.1409506331315945,0.1409506331315945,-0.1409506331315945,False,0.5,0.0,0.0006045035514581354,-8.52051583083216e-05,0.0,1.2067691192773503e-07,-8.532583522024934e-05,1.095515494899565,1.095422019124966,-0.1243086217060484,0.9998028423945,0.0007047531656579725,0.999098089228842,False,False,False,-1.0
2026-05-23,2026-05-24 00:00:00,-0.2819172415969231,0.0,0.0,-0.14095862079846155,0.0,0.0,0.0,0.14095862079846155,0.14095862079846155,-0.14095862079846155,False,0.5,0.0,0.0014734200851955759,-0.0002076912630659201,0.0,1.2068375068361432e-07,-0.0002078119468166037,1.0999751489897305,1.099746561012569,-0.12085153943097227,0.9997490047212588,0.0007047931039923078,0.9990442116172665,False,False,False,-1.0
2026-05-24,2026-05-25 00:00:00,-0.3112098646758279,0.0,0.0,-0.15560493233791395,0.0,0.0,0.0,0.15560493233791395,0.15560493233791395,-0.15560493233791395,False,0.5,0.0,7.637596066634167e-05,-1.1884476191729273e-05,0.0,1.3322340097424138e-07,-1.2017699592703515e-05,1.0966994968124222,1.096686317007326,-0.12329792926436967,0.9998542819432503,0.0007780246616895698,0.9990762572815608,False,False,False,-1.0
2026-05-25,2026-05-26 00:00:00,-0.3126139065048626,0.0,0.0,-0.1563069532524313,0.0,0.0,0.0,0.1563069532524313,0.1563069532524313,-0.1563069532524313,False,0.5,0.0,0.0006965885985390496,-0.00010888164150801986,0.0,1.338244462777665e-07,-0.00010901546595429762,1.0942181140102363,1.0940988273126817,-0.12536639454758025,0.999804909182313,0.0007815347662621566,0.9990233744160508,False,False,False,-1.0
2026-05-26,2026-05-27 00:00:00,-0.3047732002937354,0.0,0.0,-0.1523866001468677,0.0,0.0,0.0,0.1523866001468677,0.1523866001468677,-0.1523866001468677,False,0.5,0.0,-0.002295431612875598,0.00034979301935575337,0.0,1.3046797957779768e-07,0.00034966255137617555,1.0968033870672682,1.0971868981379482,-0.12289775967441319,0.9999998695320205,0.0007619330007343385,0.9992379365312861,False,False,False,-1.0
2026-05-27,2026-05-28 00:00:00,-0.29970667820202423,0.0,0.0,-0.14985333910101212,0.0,0.0,0.0,0.14985333910101212,0.14985333910101212,-0.14985333910101212,False,0.5,0.0,0.000749056430528805,-0.00011224860728982674,0.0,1.28299091696072e-07,-0.00011237690638152281,1.098493200033943,1.098369754766442,-0.12195217219009624,0.999537117765049,0.0007492666955050606,0.998787851069544,False,False,False,-1.0
2026-05-28,2026-05-29 00:00:00,-0.30285525913438643,0.0,0.0,-0.15142762956719322,0.0,0.0,0.0,0.15142762956719322,0.15142762956719322,-0.15142762956719322,False,0.5,0.0,-0.001069443537900061,0.00016194329990015902,0.0,1.2964694312259693e-07,0.0001618136529570364,1.1047881459010394,1.1049669157066713,-0.1166783353895623,0.9997558149574327,0.0007571381478359661,0.9989986768095968,False,False,False,-1.0
2026-05-29,2026-05-30 00:00:00,-0.3171991835074644,0.0,0.0,-0.1585995917537322,0.0,0.0,0.0,0.1585995917537322,0.1585995917537322,-0.1585995917537322,False,0.5,0.0,0.0003103066124860998,-4.921450205877901e-05,0.0,1.357873217069625e-07,-4.935028938048597e-05,1.101379598339939,1.1013252449380433,-0.11958952362477782,0.9997459798766607,0.000792997958768661,0.9989529819178921,False,False,False,-1.0
2026-05-30,2026-05-31 00:00:00,-0.2949723027765469,0.0,0.0,-0.14748615138827345,0.0,0.0,0.0,0.14748615138827345,0.14748615138827345,-0.14748615138827345,False,0.5,0.0,0.0008745404956718161,-0.00012898261193982916,0.0,1.2627238988722041e-07,-0.00012910888432971637,1.1018004670518438,1.1016582148227887,-0.11932334415037216,0.9997900037149623,0.0007374307569413673,0.999052572958021,False,False,False,-1.0
2026-05-31,2026-06-01 00:00:00,-0.28592524979007045,0.0,0.0,-0.14296262489503522,0.0,0.0,0.0,0.14296262489503522,0.14296262489503522,-0.14296262489503522,False,0.5,0.0,0.00042320139407503454,-6.050198215620514e-05,0.0,1.2239950761561235e-07,-6.0624381663820754e-05,1.1029744927407519,1.1029076255941386,-0.11832455261494856,0.999727974574802,0.0007148131244751762,0.9990131614503268,False,False,False,-1.0
2026-06-01,2026-06-02 00:00:00,-0.2859107160881549,0.0,0.0,-0.14295535804407744,0.0,0.0,0.0,0.14295535804407744,0.14295535804407744,-0.14295535804407744,False,0.5,0.0,-0.003090438386284533,0.0004417947260244663,0.0,1.2239328599664163e-07,0.0004416723327384697,1.1056732076049496,1.106161552869799,-0.11572333042738692,0.9999223824662474,0.0007147767902203873,0.9992076056760271,False,False,False,-1.0
2026-06-02,2026-06-03 00:00:00,-0.29330275952071855,0.0,0.0,-0.14665137976035927,0.0,0.0,0.0,0.14665137976035927,0.14665137976035927,-0.14665137976035927,False,0.5,0.0,0.0030761168609982903,-0.00045111678196950455,0.0,1.2555768815099251e-07,-0.00045124233965765554,1.1110499213343497,1.1105485685683703,-0.11221630595954957,0.9992367416237501,0.0007332568988017964,0.9985034847249483,False,False,False,-1.0
2026-06-03,2026-06-04 00:00:00,-0.2898738762696962,0.0,0.0,-0.1449369381348481,0.0,0.0,0.0,0.1449369381348481,0.1449369381348481,-0.1449369381348481,False,0.5,0.0,-0.00420806038783561,0.0006099033880994347,0.0,1.2408984429353433e-07,0.0006097792982551411,1.1163892008803349,1.1170699519038272,-0.1070030465383347,0.9998505438950283,0.0007246846906742405,0.999125859204354,False,False,False,-1.0
2026-06-04,2026-06-05 00:00:00,-0.28607592954804073,0.0,0.0,-0.14303796477402037,0.0,0.0,0.0,0.14303796477402037,0.14303796477402037,-0.14303796477402037,False,0.5,0.0,0.000980690541408924,-0.00014027597911626464,0.0,1.2246401093666128e-07,-0.0001403984431272013,1.121016931991034,1.120859542959063,-0.1039736093384317,0.999567763025608,0.0007151898238701019,0.9988525732017379,False,False,False,-1.0
2026-06-05,2026-06-06 00:00:00,-0.27417731415864827,0.0,0.0,-0.27417731415864827,0.0,0.0,0.0,0.27417731415864827,0.27417731415864827,-0.27417731415864827,False,1.0,0.0,-0.0011428138476206051,0.00031333363132392825,0.0,2.3474085116322625e-07,0.000313098890472765,1.1489166972907463,1.1492764218339135,-0.08125687058909747,0.9993038529951034,0.0013708865707932414,0.9979329664243102,False,False,False,-1.0
2026-06-06,2026-06-07 00:00:00,-0.27289384647760634,0.0,0.0,-0.27289384647760634,0.0,0.0,0.0,0.27289384647760634,0.27289384647760634,-0.27289384647760634,False,1.0,0.0,-0.0019198279834127252,0.0005239092429688448,0.0,2.3364199184726569e-07,0.0005236756009769976,1.1524839575720387,1.1530874853011366,-0.07821026812711285,0.999587624420206,0.0013644692323880317,0.998223155187818,False,False,False,-1.0
2026-06-07,2026-06-08 00:00:00,-0.1938208419338079,0.0,0.0,-0.1938208419338079,0.0,0.0,0.0,0.1938208419338079,0.1938208419338079,-0.1938208419338079,False,1.0,0.0,-0.0015199151789271337,0.00029459123964763136,0.0,1.6594250165565746e-07,0.0002944252971459757,1.142822386208632,1.1431588620292765,-0.08614730941868898,0.9999380649266045,0.0009691042096690395,0.9989689607169355,False,False,False,-1.0
2026-06-08,2026-06-09 00:00:00,-0.1947481623136224,0.0,0.0,-0.1947481623136224,0.0,0.0,0.0,0.1947481623136224,0.1947481623136224,-0.1947481623136224,False,1.0,0.0,-0.0015178091576454333,0.00029559054419423534,0.0,1.6673644033700548e-07,0.00029542380775389834,1.134147977137417,1.1344830314513794,-0.093082855631894,0.9992533808776373,0.000973740811568112,0.9982796400660692,False,False,False,-1.0
2026-06-09,2026-06-10 00:00:00,-0.18261815749706134,0.0,0.0,-0.18261815749706134,0.0,0.0,0.0,0.18261815749706134,0.18261815749706134,-0.18261815749706134,False,1.0,0.0,-0.0029989942397365965,0.0005476708024049975,0.0,1.563511622406347e-07,0.0005475144512427568,1.1405348818945504,1.1411593412245342,-0.08774574645835242,0.9996480876050167,0.0009130907874853068,0.9987349968175313,False,False,False,-1.0
2026-06-10,2026-06-11 00:00:00,-0.17613487938629635,0.0,0.0,-0.17613487938629635,0.0,0.0,0.0,0.17613487938629635,0.17613487938629635,-0.17613487938629635,False,1.0,0.0,0.0020014512032893172,-0.0003525253662889216,0.0,1.508004104334729e-07,-0.00035267616669935507,1.13881757554728,1.1384159417301662,-0.08993884760338233,0.998819794499142,0.0008806743969314817,0.9979391201022105,False,False,False,-1.0
2026-06-11,2026-06-12 00:00:00,-0.17651544295539875,0.0,0.0,-0.17651544295539875,0.0,0.0,0.0,0.17651544295539875,0.17651544295539875,-0.17651544295539875,False,1.0,0.0,0.0005048999628929352,-8.912264059821085e-05,0.0,1.5112623540701948e-07,-8.927376683361787e-05,1.1399125387405222,1.139810774454328,-0.08882380429643255,0.9998892508980824,0.0008825772147769938,0.9990066736833054,False,False,False,-1.0
2026-06-12,2026-06-13 00:00:00,-0.17459945393209692,0.0,0.0,-0.17459945393209692,0.0,0.0,0.0,0.17459945393209692,0.17459945393209692,-0.17459945393209692,False,1.0,0.0,-0.006811230749893649,0.001189237169536938,0.0,1.4948583384597338e-07,0.001189087683703092,1.1365474921902259,1.1378989468151328,-0.09035213853766377,0.9999099784609322,0.0008729972696604846,0.9990369811912717,False,False,False,-1.0
2026-06-13,2026-06-14 00:00:00,-0.17586781305866397,0.0,0.0,-0.17586781305866397,0.0,0.0,0.0,0.17586781305866397,0.17586781305866397,-0.17586781305866397,False,1.0,0.0,0.001375810745617878,-0.00024196082701442607,0.0,1.5057175775570546e-07,-0.00024211139877218177,1.13552367616608,1.1352487529405046,-0.0924707301729435,0.9996405742608572,0.0008793390652933199,0.9987612351955638,False,False,False,-1.0
2026-06-14,2026-06-15 00:00:00,-0.1746697216242988,0.0,0.0,-0.1746697216242988,0.0,0.0,0.0,0.1746697216242988,0.1746697216242988,-0.1746697216242988,False,1.0,0.0,6.016883374737603e-05,-1.0509673441112887e-05,0.0,1.495459945413517e-07,-1.0659219435654239e-05,1.1375070585059686,1.1374949335686224,-0.09067511078991808,0.9997886060178386,0.000873348608121494,0.9989152574097171,False,False,False,-1.0
2026-06-15,2026-06-16 00:00:00,-0.17749971597106304,0.0,0.0,-0.08874985798553152,0.0,0.0,0.0,0.08874985798553152,0.08874985798553152,-0.08874985798553152,False,0.5,0.0,0.008347272786906723,-0.0007408192744044635,0.0,7.598446745336602e-08,-0.0007408952588719169,1.1219042724784347,1.1210730589220472,-0.10380292253038059,0.9990631054046124,0.00044374928992765763,0.9986193561146848,False,False,False,-1.0
2026-06-16,2026-06-17 00:00:00,0.17939434413720376,0.0,0.0,0.08969717206860188,0.0,0.0,0.08969717206860188,0.0,0.08969717206860188,0.08969717206860188,False,0.5,0.0,0.0016811825629319266,0.00015079732162603813,0.0,7.679552403133722e-08,0.0001507205261020068,1.1175215662519242,1.11768999969032,-0.10650737410224853,0.9997603622420266,0.0004484858603430094,0.9993118763816836,False,False,False,1.0
2026-06-17,2026-06-18 00:00:00,0.14725314711844298,0.0,0.0,0.07362657355922149,0.0,0.0,0.07362657355922149,0.0,0.07362657355922149,0.07362657355922149,False,0.5,0.0,0.003033595943131351,0.0002233532748559163,0.0,6.303644996508689e-08,0.00022329023840595122,1.1169743583267882,1.1172237677975525,-0.10688008456602793,0.999932430936448,0.00036813286779610745,0.9995642980686519,False,False,False,1.0
2026-06-18,2026-06-19 00:00:00,0.14583784463606522,0.0,0.0,0.07291892231803261,0.0,0.0,0.07291892231803261,0.0,0.07291892231803261,0.07291892231803261,False,0.5,0.0,-0.009782096584216693,-0.0007132999409319891,0.0,6.243058417639779e-08,-0.0007133623715161655,1.1137944370908257,1.112999898049801,-0.11025668852008874,0.9990985428818684,0.00036459461159016305,0.9987339482702783,False,False,False,1.0
2026-06-19,2026-06-20 00:00:00,0.14760564383951758,0.0,0.0,0.07380282191975879,0.0,0.0,0.07380282191975879,0.0,0.07380282191975879,0.07380282191975879,False,0.5,0.0,-0.0007494320710086377,-5.531020167760651e-05,0.0,6.318734753404006e-08,-5.537338902514055e-05,1.1142954271832817,1.1142337248691032,-0.10927035495265336,0.9998957980735563,0.00036901410959879394,0.9995267839639576,False,False,False,1.0
2026-06-20,2026-06-21 00:00:00,0.14374942440515043,0.0,0.0,0.07187471220257521,0.0,0.0,0.07187471220257521,0.0,0.07187471220257521,0.07187471220257521,False,0.5,0.0,0.0009664559255828653,6.94637415077419e-05,0.0,6.153656866658837e-08,6.940220493907531e-05,1.1157184699722102,1.1157959032941176,-0.10802153380951562,0.9999250995514498,0.0003593735610128761,0.9995657259904369,False,False,False,1.0
2026-06-21,2026-06-22 00:00:00,0.14356475935321422,0.0,0.0,0.07178237967660711,0.0,0.0,0.07178237967660711,0.0,0.07178237967660711,0.07178237967660711,False,0.5,0.0,-0.00017919075144501306,-1.2862738554762462e-05,0.0,6.145751684641019e-08,-1.2924196071608873e-05,1.1153329941953003,1.1153185794129983,-0.10840311132033087,0.9999688190137216,0.00035891189838303556,0.9996099071153386,False,False,False,1.0
2026-06-22,2026-06-23 00:00:00,0.14236680494588722,0.0,0.0,0.07118340247294361,0.0,0.0,0.07118340247294361,0.0,0.07118340247294361,0.07118340247294361,False,0.5,0.0,-0.005383242377066333,-0.00038319750873611844,0.0,6.094469389806816e-08,-0.0003832584534300165,1.1164284292047304,1.116000548571588,-0.1078579383166729,0.9994986160433473,0.00035591701236471806,0.9991426990309826,False,False,False,1.0
2026-06-23,2026-06-24 00:00:00,0.1423667565471504,0.0,0.0,0.0711833782735752,0.0,0.0,0.0711833782735752,0.0,0.0711833782735752,0.0711833782735752,False,0.5,0.0,0.0024592145015105427,0.00017505519611688662,0.0,6.094467317943081e-08,0.00017499425144370718,1.1118700508417894,1.112064621709039,-0.11100435783258056,0.9997960664190629,0.000355916891367876,0.9994401495276951,False,False,False,1.0
2026-06-24,2026-06-25 00:00:00,-0.1428683434051414,0.0,0.0,-0.0714341717025707,0.0,0.0,0.0,0.0714341717025707,0.0714341717025707,-0.0714341717025707,False,0.5,0.0,-0.005557980682328156,0.0003970297463810006,0.0,6.115939358096806e-08,0.00039696858698741965,1.114303735449205,1.1147460790285408,-0.10886077388506543,0.9999828103449108,0.0003571708585128535,0.9996256394863979,False,False,False,-1.0
2026-06-25,2026-06-26 00:00:00,-0.14059480778879616,0.0,0.0,-0.07029740389439808,0.0,0.0,0.0,0.07029740389439808,0.07029740389439808,-0.07029740389439808,False,0.5,0.0,0.006645455944988887,-0.00046715830062731266,0.0,6.018613347123123e-08,-0.0004672184867607839,1.1174706849174203,1.1169485819550136,-0.10710007089598361,0.9993672920380169,0.0003514870194719904,0.9990158050185449,False,False,False,-1.0
2026-06-26,2026-06-27 00:00:00,-0.14101742419185895,0.08859481955266552,0.0,-0.07050871209592947,0.04429740977633276,0.0,0.04429740977633276,0.07050871209592947,0.11480612187226223,-0.026211302319596716,True,0.5,0.0,-0.0033510668509437735,8.783582632326619e-05,0.0,9.829291256186835e-08,8.773753341070432e-05,1.1168632393176492,1.116961230143424,-0.10708995980697067,0.999609479546626,0.0005740306093613112,0.9990354489372647,False,False,False,-1.0
2026-06-27,2026-06-28 00:00:00,-0.1404327260282358,0.08859481955266552,0.0,-0.0702163630141179,0.04429740977633276,0.0,0.04429740977633276,0.0702163630141179,0.11451377279045066,-0.025918953237785147,True,0.5,0.0,7.477380922726873e-05,-1.9380588647726457e-06,0.0,9.804261369045433e-08,-2.0361014784631e-06,1.1164800560139465,1.1164777827472538,-0.10747643251729933,0.9999241421016086,0.0005725688639522533,0.9993515732376563,False,False,False,-1.0
2026-06-28,2026-06-29 00:00:00,-0.14003121705970917,0.08859481955266552,0.0,-0.07001560852985458,0.04429740977633276,0.0,0.04429740977633276,0.07001560852985458,0.11431301830618734,-0.025718198753521826,True,0.5,0.0,-0.0004997216740044719,1.2851941333489648e-05,0.0,9.78707348511878e-08,1.275407059863846e-05,1.1168962599220815,1.1169105048958319,-0.10713051008001861,0.9998022505456733,0.0005715650915309367,0.9992306854541424,False,False,False,-1.0
2026-06-29,2026-06-30 00:00:00,-0.14075839672972074,0.0,0.0,-0.07037919836486037,0.0,0.0,0.0,0.07037919836486037,0.07037919836486037,-0.07037919836486037,False,0.5,0.0,0.0006589493559403525,-4.637632743412305e-05,0.0,6.025616298361332e-08,-4.643658359710667e-05,1.115259711857075,1.1152079230062328,-0.10849157116472485,0.9997025069515432,0.00035189599182430185,0.9993506109597189,False,False,False,-1.0
2026-06-30,2026-07-01 00:00:00,-0.14203038544647134,0.0,0.0,-0.07101519272323567,0.0,0.0,0.0,0.07101519272323567,0.07101519272323567,-0.07101519272323567,False,0.5,0.0,-0.0003897340225024193,2.7677036718811175e-05,0.0,6.08006787014004e-08,2.7616236040109775e-05,1.1158716947681073,1.1159025109442207,-0.10793631058191422,0.999494492987768,0.0003550759636161784,0.9991394170241519,False,False,False,-1.0
2026-07-01,2026-07-02 00:00:00,-0.14198169372541633,0.0,0.0,-0.07099084686270817,0.0,0.0,0.0,0.07099084686270817,0.07099084686270817,-0.07099084686270817,False,0.5,0.0,-0.001529212270695246,0.00010856007412950043,0.0,6.077983464272959e-08,0.00010849929429485771,1.1130246307799805,1.1131453931669528,-0.11014037826025347,0.9999736746861018,0.00035495423431354084,0.9996187204517882,False,False,False,-1.0
2026-07-02,2026-07-03 00:00:00,-0.1419797854070553,0.0,0.0,-0.07098989270352765,0.0,0.0,0.0,0.07098989270352765,0.07098989270352765,-0.07098989270352765,False,0.5,0.0,-0.0028805060284875506,0.00020448681389419578,0.0,6.077901772562298e-08,0.00020442603487647016,1.109208612762838,1.1094353638813959,-0.11310621298135526,0.9999390104968424,0.00035494946351763825,0.9995840610333248,False,False,False,-1.0
2026-07-03,2026-07-04 00:00:00,-0.13933149423992924,0.0,0.0,-0.06966574711996462,0.0,0.0,0.0,0.06966574711996462,0.06966574711996462,-0.06966574711996462,False,0.5,0.0,-0.0012697166800371695,8.845576114547048e-05,0.0,5.964533143832588e-08,8.839611581403215e-05,1.1077511888994478,1.1078491098018348,-0.11437428044485654,0.9999464648263398,0.0003483287355998231,0.9995981360907399,False,False,False,-1.0
2026-07-04,2026-07-05 00:00:00,-0.13589339181711435,0.0,0.0,-0.06794669590855718,0.0,0.0,0.0,0.06794669590855718,0.06794669590855718,-0.06794669590855718,False,0.5,0.0,0.00012288100092172627,-8.349358002567669e-06,0.0,5.8173541017600323e-08,-8.40753154358527e-06,1.1052728864131705,1.1052635937965136,-0.1164411679409737,0.9998234667595868,0.0003397334795427859,0.999483733280044,False,False,False,-1.0
2026-07-05,2026-07-06 00:00:00,0.13736970212615304,0.0,0.0,0.06868485106307652,0.0,0.0,0.06868485106307652,0.0,0.06868485106307652,0.06868485106307652,False,0.5,0.0,0.001852364305843457,0.00012722936646141695,0.0,5.880552317044222e-08,0.00012717056093824653,1.1048808619049024,1.105021370223881,-0.11663480390087844,0.999937102300066,0.0003434242553153826,0.9995936780447506,False,False,False,1.0
2026-07-06,2026-07-07 00:00:00,0.13710968442664623,0.0,0.0,0.06855484221332311,0.0,0.0,0.06855484221332311,0.0,0.06855484221332311,0.06855484221332311,False,0.5,0.0,0.006162660468362224,0.0004224802160228562,0.0,5.869421422373554e-08,0.00042242152180863246,1.1051614265608094,1.1056282705324616,-0.11614964169085396,0.999750311442985,0.0003427742110666156,0.9994075372319183,False,False,False,1.0
2026-07-07,2026-07-08 00:00:00,0.16554623310766609,0.0,-0.0925058894747074,0.08277311655383304,0.0,-0.0462529447373537,0.08277311655383304,0.0462529447373537,0.12902606129118674,0.03652017181647934,True,0.5,0.0,0.001147888108770756,4.1921070958401536e-05,0.0,1.1046751822875577e-07,4.181060344017278e-05,1.1054166683475013,1.1054628864854577,-0.11628185136122782,0.9997740732473127,0.0006451303064559337,0.9991289429408567,False,False,False,1.0
2026-07-08,2026-07-09 00:00:00,0.16645438310099311,0.0,-0.0925058894747074,0.08322719155049656,0.0,-0.0462529447373537,0.08322719155049656,0.0462529447373537,0.12948013628785027,0.036974246813142854,True,0.5,0.0,0.001925582910597079,7.119697779558639e-05,0.0,1.1085628106836495e-07,7.108612151451803e-05,1.1036611320966825,1.1037395870860296,-0.1176594742316388,0.9998070955528883,0.0006474006814392514,0.9991596948714491,False,False,False,1.0
2026-07-09,2026-07-10 00:00:00,0.1710610105710128,0.0,-0.0925058894747074,0.0855305052855064,0.0,-0.0462529447373537,0.0855305052855064,0.0462529447373537,0.1317834500228601,0.0392775605481527,True,0.5,0.0,-0.000994001516857801,-3.9041954763337904e-05,0.0,1.128282962524487e-07,-3.9154783059590354e-05,1.1041849090488973,1.104141674928326,-0.11733804116687618,0.9997481330801716,0.0006589172501143005,0.9990892158300573,False,False,False,1.0
2026-07-10,2026-07-11 00:00:00,0.1688961975786844,0.0,0.0,0.0844480987893422,0.0,0.0,0.0844480987893422,0.0,0.0844480987893422,0.0844480987893422,False,0.5,0.0,0.0017345083228423874,0.0001464759301983302,0.0,7.230145444292997e-08,0.00014640362874388728,1.1058973452762701,1.106059252660637,-0.11580511024338191,0.9999413373264662,0.000422240493946711,0.9995190968325195,False,False,False,1.0
2026-07-11,2026-07-12 00:00:00,0.17226959882578008,0.0,0.0,0.08613479941289004,0.0,0.0,0.08613479941289004,0.0,0.08613479941289004,0.08613479941289004,False,0.5,0.0,0.001440961966333365,0.000124116969931728,0.0,7.374554744254283e-08,0.00012404322438428546,1.1071667723252188,1.1073041088615891,-0.11480995967733765,0.9998158907473124,0.0004306739970644502,0.9993852167502479,False,False,False,1.0
2026-07-12,2026-07-13 00:00:00,0.17039866646770194,0.0,0.0,0.08519933323385097,0.0,0.0,0.08519933323385097,0.0,0.08519933323385097,0.08519933323385097,False,0.5,0.0,-0.000521734354834158,-4.445141915706367e-05,0.0,7.294463461802309e-08,-4.452436379168169e-05,1.107671991868405,1.1076226734776773,-0.11455529591956437,0.9999400346169222,0.00042599666616925484,0.9995140379507529,False,False,False,1.0
2026-07-13,2026-07-14 00:00:00,0.17041627286738922,0.0,0.0,0.08520813643369461,0.0,0.0,0.08520813643369461,0.0,0.08520813643369461,0.08520813643369461,False,0.5,0.0,-0.0006921388779472792,-5.8975863943196074e-05,0.0,7.295217160419059e-08,-5.9048816114800266e-05,1.1054124548468909,1.1053471815501135,-0.1163743470501385,0.9998584808700784,0.00042604068216847306,0.99943244018791,False,False,False,1.0
2026-07-14,2026-07-15 00:00:00,0.17051444185876508,0.0,0.0,0.08525722092938254,0.0,0.0,0.08525722092938254,0.0,0.08525722092938254,0.08525722092938254,False,0.5,0.0,-0.002888390055001744,-0.00024625610904951506,0.0,7.299419600118368e-08,-0.00024632910324551624,1.110767773119435,1.1104941586899684,-0.11225980176352168,0.9996289555560756,0.0004262861046469127,0.9992026694514287,False,False,False,1.0
2026-07-15,2026-07-16 00:00:00,0.1686986027563187,0.0,0.0,0.08434930137815935,0.0,0.0,0.08434930137815935,0.0,0.08434930137815935,0.08434930137815935,False,0.5,0.0,-0.001256976738171267,-0.00010602510971334391,0.0,7.221686761828712e-08,-0.0001060973265809622,1.11340828239078,1.1132901527486252,-0.11002465599487743,0.9998415445945482,0.0004217465068907968,0.9994197980876575,False,False,False,1.0
2026-07-16,2026-07-17 00:00:00,0.1620771610882458,0.0,0.0,0.0810385805441229,0.0,0.0,0.0810385805441229,0.0,0.0810385805441229,0.0810385805441229,False,0.5,0.0,-0.00013287977038378695,-1.0768387974931076e-05,0.0,6.938234635626959e-08,-1.0837770321287347e-05,1.1109510344278537,1.1109389941957044,-0.11190419578670985,0.9998108377248139,0.0004051929027206145,0.9994056448220934,False,False,False,1.0
2026-07-17,2026-07-18 00:00:00,0.19453388037707015,0.0,0.0,0.09726694018853507,0.0,0.0,0.09726694018853507,0.0,0.09726694018853507,0.09726694018853507,False,0.5,0.0,0.003872970941746212,0.0003767120329427632,0.0,8.327648988744441e-08,0.0003766287564528757,1.1075997355803586,1.1080168894914177,-0.11424015567371315,0.9999150764781306,0.00048633470094267537,0.9994287417771879,False,False,False,1.0
2026-07-18,2026-07-19 00:00:00,0.19710736149564956,0.0,0.0,0.09855368074782478,0.0,0.0,0.09855368074782478,0.0,0.09855368074782478,0.09855368074782478,False,0.5,0.0,0.00034193786500513745,3.3699235183309124e-05,0.0,8.437815132519245e-08,3.3614857031983935e-05,1.1087573430278563,1.1087946137474254,-0.11361843508220992,0.9999282378835223,0.0004927684037391239,0.9994354694797831,False,False,False,1.0
2026-07-19,2026-07-20 00:00:00,0.19348649715602162,0.0,0.0,0.09674324857801081,0.0,0.0,0.09674324857801081,0.0,0.09674324857801081,0.09674324857801081,False,0.5,0.0,-0.0005985112033815021,-5.790191812546104e-05,0.0,8.28281237825435e-08,-5.7984746249243585e-05,1.110426563386659,1.1103621755841526,-0.11236531038561015,0.9999032416478632,0.00048371624289005407,0.9994195254049731,False,False,False,1.0
2026-07-20,2026-07-21 00:00:00,0.2080471043195289,0.0,0.0,0.10402355215976446,0.0,0.0,0.10402355215976446,0.0,0.10402355215976446,0.10402355215976446,False,0.5,0.0,0.005845169139622852,0.0006080352568782033,0.0,8.906126041075724e-08,0.0006079461956177925,1.111633695739764,1.1123095092160096,-0.11080859229677609,0.9999993606805886,0.0005201177607988223,0.9994792429197897,False,False,False,1.0
2026-07-21,2026-07-22 00:00:00,0.20808925777769702,0.0,0.0,0.10404462888884851,0.0,0.0,0.10404462888884851,0.0,0.10404462888884851,0.10404462888884851,False,0.5,0.0,0.0022579456328217784,0.00023492711541813814,0.0,8.907930555552098e-08,0.00023483803611258261,1.1138323766501008,1.114093946857992,-0.10938209490042516,0.9999318630665733,0.0005202231444442426,0.9994116399221291,False,False,False,1.0
2026-07-22,2026-07-23 00:00:00,0.208536594698782,0.0,0.0,0.104268297349391,0.0,0.0,0.104268297349391,0.0,0.104268297349391,0.104268297349391,False,0.5,0.0,-0.0006586971176855139,-6.868122693001996e-05,0.0,8.927080252516353e-08,-6.877049773254511e-05,1.114847169055141,1.1147705004604291,-0.10884125114681764,0.9998325002385555,0.000521341486746955,0.9993111587518085,False,False,False,1.0
2026-07-23,2026-07-24 00:00:00,0.20821181324013524,0.0,-0.17220890275987646,0.10410590662006762,0.0,-0.08610445137993823,0.10410590662006762,0.08610445137993823,0.19021035800000585,0.018001455240129388,True,0.5,0.0,0.0024708994708995125,4.4479786228256964e-05,0.0,1.628513339041146e-07,4.431693489435285e-05,1.1133198940767515,1.1133692330020137,-0.10996143844504125,0.9996217570744782,0.0009510517900000293,0.9986707052844782,False,False,False,1.0
2026-07-24,2026-07-25 00:00:00,0.20830888364748917,0.0,0.0,0.10415444182374459,0.0,0.0,0.10415444182374459,0.0,0.10415444182374459,0.10415444182374459,False,0.5,0.0,-0.001341446401167623,-0.00013971760115008474,0.0,8.917332347923338e-08,-0.00013980677447356397,1.1130847514006035,1.1129291346117944,-0.11031325752406973,0.9997288586804454,0.000520772209118723,0.9992080864713266,False,False,False,1.0
2026-07-25,2026-07-26 00:00:00,0.22089425018125472,0.0,0.0,0.11044712509062736,0.0,0.0,0.11044712509062736,0.0,0.11044712509062736,0.11044712509062736,False,0.5,0.0,-0.001235717036846773,-0.0001364813941452349,0.0,9.456089476937274e-08,-0.00013657595504000427,1.1134588487704242,1.1133067770647556,-0.11001136634937891,0.9998374275889323,0.0005522356254531369,0.9992851919634792,False,False,False,1.0
2026-07-26,2026-07-27 00:00:00,0.22353426009240993,0.0,0.0,0.11176713004620496,0.0,0.0,0.11176713004620496,0.0,0.11176713004620496,0.11176713004620496,False,0.5,0.0,-7.31509783942208e-05,-8.175874915194005e-06,0.0,9.569103599846314e-08,-8.271565951192468e-06,1.1163876745084442,1.1163784402341674,-0.10755584792130701,0.9998165311144372,0.0005588356502310249,0.9992576954642062,False,False,False,1.0
2026-07-27,2026-07-28 00:00:00,0.23255898641045475,0.0,0.0,0.11627949320522737,0.0,0.0,0.11627949320522737,0.0,0.11627949320522737,0.11627949320522737,False,0.5,0.0,-0.0018649660938803159,-0.00021685731224133564,0.0,9.955436062091385e-08,-0.00021695686660195656,1.117546323774333,1.1173038644256446,-0.10681605451603249,0.9997812359891294,0.0005813974660261368,0.9991998385231032,False,False,False,1.0
2026-07-28,2026-07-29 00:00:00,0.22996152289214844,0.0,0.0,0.11498076144607422,0.0,0.0,0.11498076144607422,0.0,0.11498076144607422,0.11498076144607422,False,0.5,0.0,0.0018953139276858266,0.000217924638584666,0.0,9.844243274492656e-08,0.00021782619615192108,1.1165636547553897,1.1168068715690664,-0.10721335560363232,0.9997759734854128,0.0005749038072303711,0.9992010696781825,False,False,False,1.0
2026-07-29,2026-07-30 00:00:00,0.23068726911518272,0.0,0.0,0.11534363455759136,0.0,0.0,0.11534363455759136,0.0,0.11534363455759136,0.11534363455759136,False,0.5,0.0,0.00021155066638467446,2.440102275388882e-05,0.0,9.875311177875973e-08,2.430226964211006e-05,1.1149265829716901,1.1149536782181406,-0.10869481700516026,0.9997253897409071,0.0005767181727879568,0.9991486715681192,False,False,False,1.0
2026-07-30,2026-07-31 00:00:00,0.23351871418244846,0.0,-0.12767897631608466,0.11675935709122423,0.0,-0.06383948815804233,0.11675935709122423,0.06383948815804233,0.18059884524926656,0.0529198689331819,True,0.5,0.0,3.649425736806933e-05,1.9312713167320365e-06,0.0,1.54622299014783e-07,1.7766490177172536e-06,1.1159372599174144,1.115939242546251,-0.10790694696985659,0.9998036009109994,0.0009029942262463328,0.9989006066847531,False,False,False,1.0
2026-07-31,2026-08-01 00:00:00,0.23058473567808843,0.0,-0.12767897631608466,0.11529236783904422,0.0,-0.06383948815804233,0.11529236783904422,0.06383948815804233,0.17913185599708653,0.05145287968100189,True,0.5,0.0,-0.001110467361915779,-5.713674356233215e-05,0.0,1.5336631506599872e-07,-5.729010987739815e-05,1.1142970201423903,1.1142331819436702,-0.10927078897270448,0.9996128427322043,0.0008956592799854327,0.9987171834522188,False,False,False,1.0
2026-08-01,2026-08-02 00:00:00,0.23200819874904358,0.0,-0.12767897631608466,0.11600409937452179,0.0,-0.06383948815804233,0.11600409937452179,0.06383948815804233,0.17984358753256413,0.05216461121647946,True,0.5,0.0,-0.00046523815380661304,-2.426896741639464e-05,0.0,1.539756742573323e-07,-2.4422943090651974e-05,1.1144666807120818,1.1144394621557623,-0.1091058864966834,0.99993768323182,0.0008992179376628207,0.9990384652941572,False,False,False,1.0
2026-08-02,2026-08-03 00:00:00,0.22877265355000523,0.0,0.0,0.11438632677500261,0.0,0.0,0.11438632677500261,0.0,0.11438632677500261,0.11438632677500261,False,0.5,0.0,-0.0007691025165248444,-8.79748117786877e-05,0.0,9.793349895120087e-08,-8.80727452776389e-05,1.1146679682367864,1.1145697963687506,-0.10900169601610332,0.9998614801598562,0.000571931633875013,0.9992895485259812,False,False,False,1.0
2026-08-03,2026-08-04 00:00:00,0.24315253123881475,0.0,0.0,0.12157626561940738,0.0,0.0,0.12157626561940738,0.0,0.12157626561940738,0.12157626561940738,False,0.5,0.0,-9.66292496739074e-05,-1.1747823324959e-05,0.0,1.0408926850976659e-07,-1.1851912593468768e-05,1.1149414521004655,1.1149282379118284,-0.10871515424186884,0.9997564549051643,0.0006078813280970368,0.9991485735770672,False,False,False,1.0
2026-08-04,2026-08-05 00:00:00,0.24507936725000995,0.0,0.0,0.12253968362500497,0.0,0.0,0.12253968362500497,0.0,0.12253968362500497,0.12253968362500497,False,0.5,0.0,0.00041684257779728284,5.1079757604710564e-05,0.0,1.0491411269264124e-07,5.097484349201792e-05,1.1155634901933649,1.115620355867683,-0.1081618681876152,0.9998892222777437,0.0006126984181250249,0.9992765238596186,False,False,False,1.0
2026-08-05,2026-08-06 00:00:00,0.25498723174668586,0.0,0.0,0.12749361587334293,0.0,0.0,0.12749361587334293,0.0,0.12749361587334293,0.12749361587334293,False,0.5,0.0,-0.0021472376294070505,-0.00027375908951241,0.0,1.0915549304224565e-07,-0.00027386824500545226,1.1144679023894801,1.1141626850209378,-0.10932714492169504,0.999671787518863,0.0006374680793667147,0.9990343194394963,False,False,False,1.0
2026-08-06,2026-08-07 00:00:00,0.2560612400583391,0.0,0.0,0.12803062002916954,0.0,0.0,0.12803062002916954,0.0,0.12803062002916954,0.12803062002916954,False,0.5,0.0,-0.0014587472550454672,-0.00018676431552932027,0.0,1.0961525687428899e-07,-0.00018687393078619456,1.1171763123828553,1.116967541253979,-0.10708491464172476,0.9997609123896034,0.0006401531001458477,0.9991207592894575,False,False,False,1.0
2026-08-07,2026-08-08 00:00:00,0.2564231455591171,0.0,0.0,0.12821157277955855,0.0,0.0,0.12821157277955855,0.0,0.12821157277955855,0.12821157277955855,False,0.5,0.0,-0.00115143147419694,-0.00014762684025467537,0.0,1.0977018217427958e-07,-0.00014773661043684965,1.1176882624971696,1.117523139021743,-0.10664076419875756,0.9997914758671054,0.0006410578638977928,0.9991504180032076,False,False,False,1.0
2026-08-08,2026-08-09 00:00:00,0.25334490931887627,0.0,0.0,0.12667245465943813,0.0,0.0,0.12667245465943813,0.0,0.12667245465943813,0.12667245465943813,False,0.5,0.0,0.0003747930829853807,4.747595981113667e-05,0.0,1.0845244405773813e-07,4.7367507367078935e-05,1.1178096081173723,1.1178625559722197,-0.10636943087517092,0.999949778034422,0.0006333622732971907,0.9993164157611247,False,False,False,1.0
2026-08-09,2026-08-10 00:00:00,0.2762123835050873,0.0,0.0,0.13810619175254366,0.0,0.0,0.13810619175254366,0.0,0.13810619175254366,0.13810619175254366,False,0.5,0.0,0.00015582230024868693,2.1520024477467586e-05,0.0,1.1824160252786271e-07,2.1401782874939725e-05,1.1181280035295893,1.1181519334623473,-0.10613809959941334,0.9999991644242482,0.0006905309587627183,0.9993086334654855,False,False,False,1.0
2026-08-10,2026-08-11 00:00:00,0.2766680760422261,0.0,-0.22491226499051256,0.13833403802111305,0.0,-0.11245613249525628,0.13833403802111305,0.11245613249525628,0.2507901705163693,0.025877905525856768,True,0.5,0.0,-0.0008999797637685436,-2.3289591301985264e-05,0.0,2.1471761174346686e-07,-2.350430891372873e-05,1.11656610504708,1.1165398609324244,-0.10742680659177939,0.9997170746329033,0.0012539508525818467,0.9984631237803214,False,False,False,1.0
2026-08-11,2026-08-12 00:00:00,0.28608674843859616,0.0,0.0,0.14304337421929808,0.0,0.0,0.14304337421929808,0.0,0.14304337421929808,0.14304337421929808,False,0.5,0.11245613249525628,0.0017592089477562745,0.0002516431838438384,5.622806624762814e-05,1.2246864231104287e-07,0.0001952926489538992,1.1162034136208208,1.116421399942238,-0.10752150549864736,0.9997289447302709,0.0007152168710964904,0.9990137278591744,False,False,False,1.0
2026-08-12,2026-08-13 00:00:00,0.27732876729598843,0.0,0.0,0.13866438364799422,0.0,0.0,0.13866438364799422,0.0,0.13866438364799422,0.13866438364799422,False,0.5,0.0,-0.0009768770560620865,-0.00013545805487871632,0.0,1.1871950654794026e-07,-0.00013557677438526426,1.1190478432114233,1.118896126314458,-0.10554318434939691,0.9998541723457861,0.0006933219182399711,0.9991608504275461,False,False,False,1.0
2026-08-13,2026-08-14 00:00:00,0.2764748166284809,0.0,0.0,0.13823740831424045,0.0,0.0,0.13823740831424045,0.0,0.13823740831424045,0.13823740831424045,False,0.5,0.0,-0.005761356061327549,-0.0007964349302934606,0.0,1.1835394547452092e-07,-0.0007965532842389351,1.118753703916894,1.1178625569797846,-0.10636943006971333,0.9991434764087969,0.0006911870415712022,0.9984522893672256,False,False,False,1.0
2026-08-14,2026-08-15 00:00:00,0.28262422639505486,0.0,0.0,0.14131211319752743,0.0,0.0,0.14131211319752743,0.0,0.14131211319752743,0.14131211319752743,False,0.5,0.0,-0.001454900732229203,-0.00020559509696393865,0.0,1.209863982855543e-07,-0.0002057160833622242,1.1181936570888018,1.117963626669225,-0.1062886339435587,0.9997942839166378,0.0007065605659876371,0.9990877233506502,False,False,False,1.0
2026-08-15,2026-08-15 23:45:00,0.33004209413571695,0.0,0.0,0.16502104706785847,0.0,0.0,0.16502104706785847,0.0,0.16502104706785847,0.16502104706785847,False,0.5,0.0,0.0005840749315040306,9.638465676288284e-05,0.0,1.4128514303755006e-07,9.624337161984528e-05,1.118217094072468,1.1183247150558044,-0.10599997625601087,0.9999814580076568,0.0008251052353392923,0.9991563527723175,False,False,False,1.0
