timestamp,next_timestamp,raw_core_position,raw_swing_long_position,raw_swing_short_position,core_position,swing_long_position,swing_short_position,long_gross_exposure,short_gross_exposure,gross_exposure,net_exposure,hedged,risk_speed,turnover,price_return,gross_return,trading_cost,carry_cost,net_return,equity_before,equity,drawdown,intrabar_equity_ratio,maintenance_required,maintenance_headroom,liquidated,sweep_long_signal,sweep_short_signal,daily_core_regime
2022-01-01,2022-01-02 00:00:00,-0.1291174442533417,0.0,0.0,-0.1291174442533417,0.0,0.0,0.0,0.1291174442533417,0.1291174442533417,-0.1291174442533417,False,1.0,0.0,-0.0024715689241043837,0.0003191226627763395,0.0,1.105457570662172e-07,0.00031901211701927326,1.0016583491845594,1.001977890335063,-0.003472675138583403,0.9997212189599874,0.0006455872212667085,0.9990756317387207,False,False,False,-1.0
2022-01-02,2022-01-03 00:00:00,-0.12937167740402528,0.0,0.0,-0.12937167740402528,0.0,0.0,0.0,0.12937167740402528,0.12937167740402528,-0.12937167740402528,False,1.0,0.0,0.0024365385227889114,-0.0003152190757527273,0.0,1.1076342243495315e-07,-0.0003153298391751623,1.000477255224002,1.0001617748920137,-0.00527891126570601,0.9991541543960777,0.0006468583870201264,0.9985072960090575,False,False,False,-1.0
2022-01-03,2022-01-04 00:00:00,-0.1306676657565116,0.0,0.0,-0.1306676657565116,0.0,0.0,0.0,0.1306676657565116,0.1306676657565116,-0.1306676657565116,False,1.0,0.0,-0.005559934836302571,0.0007265037068179694,0.0,1.1187300150386265e-07,0.0007263918338164655,0.9991124177932144,0.999838164894564,-0.005600760887506717,0.9999027234062852,0.000653338328782558,0.9992493850775026,False,False,False,-1.0
2022-01-04,2022-01-05 00:00:00,-0.13027753090670016,0.0,0.0,-0.13027753090670016,0.0,0.0,0.0,0.13027753090670016,0.13027753090670016,-0.13027753090670016,False,1.0,0.0,-0.0014132937783954969,0.00018412042389516638,0.0,1.1153898194066795e-07,0.00018400888491322572,0.9973324110776773,0.9975159291025275,-0.007910364167037831,0.999703944440225,0.0006513876545335009,0.9990525567856915,False,False,False,-1.0
2022-01-05,2022-01-06 00:00:00,-0.14566859076374591,0.0,0.0,-0.14566859076374591,0.0,0.0,0.0,0.14566859076374591,0.14566859076374591,-0.14566859076374591,False,1.0,0.0,0.0014182984089365913,-0.00020660153051225627,0.0,1.247162592155359e-07,-0.0002067262467714718,0.9988137320809082,0.9986072510668513,-0.006824978782629332,0.9997000930259735,0.0007283429538187296,0.9989717500721548,False,False,False,-1.0
2022-01-06,2022-01-07 00:00:00,-0.1452387616235241,0.0,0.0,-0.1452387616235241,0.0,0.0,0.0,0.1452387616235241,0.1452387616235241,-0.1452387616235241,False,1.0,0.0,0.001853053998229548,-0.00026913526792437956,0.0,1.2434825481466103e-07,-0.0002692596161791942,1.0158595212970973,1.0155859913523009,-0.003836921357461609,0.9993218947698083,0.0007261938081176204,0.9985957009616906,False,False,False,-1.0
2022-01-07,2022-01-08 00:00:00,-0.14556893147261146,0.0,0.0,-0.14556893147261146,0.0,0.0,0.0,0.14556893147261146,0.14556893147261146,-0.14556893147261146,False,1.0,0.0,-0.00270073155429007,0.00039314260655237064,0.0,1.2463093447997556e-07,0.0003930179756178907,1.0269116846559432,1.0273152794073852,-0.0007636093043876802,0.9996832286706278,0.0007278446573630573,0.9989553840132647,False,False,False,-1.0
2022-01-08,2022-01-09 00:00:00,-0.1324214845517906,0.0,0.0,-0.1324214845517906,0.0,0.0,0.0,0.1324214845517906,0.1324214845517906,-0.1324214845517906,False,1.0,0.0,0.0006044571594943093,-8.00431144081949e-05,0.0,1.1337455869160152e-07,-8.015648896688651e-05,1.0260118864478884,1.0259296449374324,-0.0021113711982609917,0.9996709136159625,0.000662107422758953,0.9990088061932035,False,False,False,-1.0
2022-01-09,2022-01-10 00:00:00,-0.12609376167430128,0.0,0.0,-0.12609376167430128,0.0,0.0,0.0,0.12609376167430128,0.12609376167430128,-0.12609376167430128,False,1.0,0.0,0.002203170494985418,-0.0002778060553225437,0.0,1.0795698773484698e-07,-0.00027791401231027854,1.0286603024785492,1.028374423366583,-0.003772509357363174,0.9996107188025164,0.0006304688083715064,0.9989802499941449,False,False,False,-1.0
2022-01-10,2022-01-11 00:00:00,-0.12726844268331441,0.0,0.0,-0.12726844268331441,0.0,0.0,0.0,0.12726844268331441,0.12726844268331441,-0.12726844268331441,False,1.0,0.0,-0.00418057984841258,0.0005320558868207157,0.0,1.0896270777681028e-07,0.0005319469241129389,1.0316099366905973,1.0321586984233042,-0.002535602033927664,0.9999657416499448,0.0006363422134165721,0.9993293994365282,False,False,False,-1.0
2022-01-11,2022-01-12 00:00:00,-0.1286950931525053,0.0,0.0,-0.1286950931525053,0.0,0.0,0.0,0.1286950931525053,0.1286950931525053,-0.1286950931525053,False,1.0,0.0,0.006851075863132605,-0.0008816998464007313,0.0,1.1018415509632302e-07,-0.0008818100305558276,1.0274268224472205,1.0265208271695243,-0.007983965608785115,0.9989291952087476,0.0006434754657625265,0.9982857197429851,False,False,False,-1.0
2022-01-12,2022-01-13 00:00:00,-0.12861309087774767,0.0,0.0,-0.12861309087774767,0.0,0.0,0.0,0.12861309087774767,0.12861309087774767,-0.12861309087774767,False,1.0,0.0,0.000863611863048952,-0.00011107179102541583,0.0,1.101139476693045e-07,-0.00011118190497308514,1.0172876348937372,1.0171745309165843,-0.017016101635340286,0.9997697031743066,0.0006430654543887383,0.9991266377199178,False,False,False,-1.0
2022-01-13,2022-01-14 00:00:00,-0.12541040139894488,0.0,0.0,-0.12541040139894488,0.0,0.0,0.0,0.12541040139894488,0.12541040139894488,-0.12541040139894488,False,1.0,0.0,0.001115726283236862,-0.00013992368103208773,0.0,1.0737191900594595e-07,-0.0001400310529510937,1.0195164696104009,1.0193737056456602,-0.014890848512433053,0.9995736577192849,0.0006270520069947245,0.9989466057122901,False,False,False,-1.0
2022-01-14,2022-01-15 00:00:00,-0.12147736378780123,0.0,0.0,-0.12147736378780123,0.0,0.0,0.0,0.12147736378780123,0.12147736378780123,-0.12147736378780123,False,1.0,0.0,0.0018210261298916564,-0.00022121345364794053,0.0,1.040045922840764e-07,-0.0002213174582402246,1.0203887678223327,1.0201629379738213,-0.014128144918240548,0.9994535433045189,0.0006073868189390061,0.9988461564855798,False,False,False,-1.0
2022-01-15,2022-01-16 00:00:00,-0.12128700114520824,0.0,0.0,-0.12128700114520824,0.0,0.0,0.0,0.12128700114520824,0.12128700114520824,-0.12128700114520824,False,1.0,0.0,0.0013371850616474834,-0.00016218316610339367,0.0,1.038416105695276e-07,-0.0001622870077139632,1.0171751243697456,1.0170100500624906,-0.017175053738690438,0.9995342968240748,0.0006064350057260412,0.9989278618183488,False,False,False,-1.0
2022-01-16,2022-01-17 00:00:00,-0.12227239811821931,0.0,0.0,-0.12227239811821931,0.0,0.0,0.0,0.12227239811821931,0.12227239811821931,-0.12227239811821931,False,1.0,0.0,0.001334942033053954,-0.00016322656373031816,0.0,1.0468527236148913e-07,-0.00016333124900267965,1.0174611842408157,1.0172950010347819,-0.01689968092009131,0.999528838788526,0.0006113619905910966,0.998917476797935,False,False,False,-1.0
2022-01-17,2022-01-18 00:00:00,-0.13852986743605752,0.0,0.0,-0.13852986743605752,0.0,0.0,0.0,0.13852986743605752,0.13852986743605752,-0.13852986743605752,False,1.0,0.0,-0.003198330342273792,0.00044306427833190886,0.0,1.1860433855826843e-07,0.0004429456739933506,1.0216964820815013,1.0221490381183735,-0.01220880423156867,0.9999081982196832,0.0006926493371802876,0.999215548882503,False,False,False,-1.0
2022-01-18,2022-01-19 00:00:00,-0.14422502829272857,0.0,0.0,-0.14422502829272857,0.0,0.0,0.0,0.14422502829272857,0.14422502829272857,-0.14422502829272857,False,1.0,0.0,-0.005613497910885834,0.0008096068950186821,0.0,1.234803324424046e-07,0.0008094834146862397,1.026758798019167,1.027589942237047,-0.006950787068690567,0.9998857955480968,0.0007211251414636429,0.9991646704066331,False,False,False,-1.0
2022-01-19,2022-01-20 00:00:00,-0.14489733977059743,0.0,0.0,-0.14489733977059743,0.0,0.0,0.0,0.14489733977059743,0.14489733977059743,-0.14489733977059743,False,1.0,0.0,-0.0011350737797957144,0.00016446917113575592,0.0,1.240559415844156e-07,0.0001643451151941715,1.0270046698437851,1.0271734530445555,-0.007353276668673914,0.9998483789892375,0.0007244866988529872,0.9991238922903846,False,False,False,-1.0
2022-01-20,2022-01-21 00:00:00,-0.14318686601296624,0.0,0.0,-0.14318686601296624,0.0,0.0,0.0,0.14318686601296624,0.14318686601296624,-0.14318686601296624,False,1.0,0.0,0.0030198380604151698,-0.00043240114773752275,0.0,1.2259149487411493e-07,-0.00043252373923239685,1.0212026426570917,1.0207609482715756,-0.013550235743480687,0.99884798188663,0.0007159343300648311,0.9981320475565653,False,False,False,-1.0
2022-01-21,2022-01-22 00:00:00,-0.14420726277930251,0.0,0.0,-0.14420726277930251,0.0,0.0,0.0,0.14420726277930251,0.14420726277930251,-0.14420726277930251,False,1.0,0.0,-0.003157416761412568,0.00045532242861679654,0.0,1.2346512224255352e-07,0.00045519896349455397,1.040976087990551,1.041449939226827,-0.003802132196279895,0.9993516638912393,0.0007210363138965126,0.9986306275773428,False,False,False,-1.0
2022-01-22,2022-01-23 00:00:00,-0.14470374310697026,0.0,0.0,-0.14470374310697026,0.0,0.0,0.0,0.14470374310697026,0.14470374310697026,-0.14470374310697026,False,1.0,0.0,-0.007095649859209963,0.0010267670944041282,0.0,1.2389019101624166e-07,0.001026643204213112,1.0656878323679588,1.066781913538872,-0.0027995261548612316,0.999798856057329,0.0007235187155348513,0.9990753373417941,False,False,False,-1.0
2022-01-23,2022-01-24 00:00:00,-0.12066192769374577,0.0,0.0,-0.12066192769374577,0.0,0.0,0.0,0.12066192769374577,0.12066192769374577,-0.12066192769374577,False,1.0,0.0,0.0007611477284883428,-9.184155217911926e-05,0.0,1.0330644494327549e-07,-9.194485862406253e-05,1.063551584928844,1.0634537968287283,-0.005910564613844649,0.9997333079718244,0.0006033096384687288,0.9991299983333556,False,False,False,-1.0
2022-01-24,2022-01-25 00:00:00,-0.10073592732679162,0.0,0.0,-0.10073592732679162,0.0,0.0,0.0,0.10073592732679162,0.10073592732679162,-0.10073592732679162,False,1.0,0.0,0.001991645663323771,-0.0002006302728013031,0.0,8.62465131222531e-08,-0.00020071651931442535,1.070437470464383,1.0702226159811679,-0.004314639113679686,0.9992497695919068,0.0005036796366339582,0.9987460899552728,False,False,False,-1.0
2022-01-25,2022-01-26 00:00:00,-0.10170313254561797,0.0,0.0,-0.10170313254561797,0.0,0.0,0.0,0.10170313254561797,0.10170313254561797,-0.10170313254561797,False,1.0,0.0,-0.0062308494820632054,0.0006336969107460693,0.0,8.707459978220717e-08,0.000633609836146287,1.0625232112711653,1.0631964364289606,-0.010851469880125308,0.99971919814358,0.0005085156627280898,0.9992106824808519,False,False,False,-1.0
2022-01-26,2022-01-27 00:00:00,-0.10033509812645695,0.0,0.0,-0.10033509812645695,0.0,0.0,0.0,0.10033509812645695,0.10033509812645695,-0.10033509812645695,False,1.0,0.0,0.0012330882522415543,-0.00012372203078723766,0.0,8.590333743703506e-08,-0.0001238079341246747,1.0552691134533712,1.0551384627644889,-0.018348233914369128,0.9997262610067593,0.0005016754906322847,0.999224585516127,False,False,False,-1.0
2022-01-27,2022-01-28 00:00:00,-0.09667639830183002,0.0,0.0,-0.09667639830183002,0.0,0.0,0.0,0.09667639830183002,0.09667639830183002,-0.09667639830183002,False,1.0,0.0,-0.002100984081624513,0.00020311557390093597,0.0,8.277088895704625e-08,0.00020303280301197892,1.0597804235719872,1.0599955937619623,-0.013829385071263967,0.9999462200084246,0.0004833819915091501,0.9994628380169155,False,False,False,-1.0
2022-01-28,2022-01-29 00:00:00,-0.09277954147950923,0.0,0.0,-0.09277954147950923,0.0,0.0,0.0,0.09277954147950923,0.09277954147950923,-0.09277954147950923,False,1.0,0.0,0.007568883022603501,-0.0007022374963491947,0.0,7.943453893793598e-08,-0.0007023169308881327,1.0619843629223054,1.0612385133238866,-0.012673030501581639,0.9990439591126653,0.00046389770739754615,0.9985800614052678,False,False,False,-1.0
2022-01-29,2022-01-30 00:00:00,-0.0927345360438158,0.0,0.0,-0.0927345360438158,0.0,0.0,0.0,0.0927345360438158,0.0927345360438158,-0.0927345360438158,False,1.0,0.0,-3.537694130972824e-05,3.2806642390069497e-06,0.0,7.93960068868286e-08,3.2012682321201213e-06,1.057143619222669,1.057147003422954,-0.016479581074749228,0.9998063614138921,0.000463672680219079,0.999342688733673,False,False,False,-1.0
2022-01-30,2022-01-31 00:00:00,-0.09280782853980431,0.0,0.0,-0.09280782853980431,0.0,0.0,0.0,0.09280782853980431,0.09280782853980431,-0.09280782853980431,False,1.0,0.0,0.00031718007803394066,-2.9436794298415714e-05,0.0,7.945875731147629e-08,-2.951625305572719e-05,1.0543069031819818,1.0542757839926291,-0.01915083013263419,0.9998655043359523,0.00046403914269902156,0.9994014651932533,False,False,False,-1.0
2022-01-31,2022-02-01 00:00:00,-0.09144350410547966,0.0,0.0,-0.09144350410547966,0.0,0.0,0.0,0.09144350410547966,0.09144350410547966,-0.09144350410547966,False,1.0,0.0,-0.002694422773200311,0.00024638745992304055,0.0,7.829067132318465e-08,0.00024630916925171735,1.0538029458098879,1.0540625071380254,-0.01934925300164636,0.9998318353489575,0.0004572175205273983,0.9993746178284301,False,False,False,-1.0
2022-02-01,2022-02-02 00:00:00,-0.09116940639218268,0.0,0.0,-0.09116940639218268,0.0,0.0,0.0,0.09116940639218268,0.09116940639218268,-0.09116940639218268,False,1.0,0.0,0.008272440497439026,-0.0007541934895661684,0.0,7.805599862344408e-08,-0.0007542715455647918,1.0495179427258403,1.0487263212050824,-0.02431379228259578,0.9991832941188832,0.0004558470319609134,0.9987274470869223,False,False,False,-1.0
2022-02-02,2022-02-03 00:00:00,0.0910991392958374,0.0,0.0,0.0910991392958374,0.0,0.0,0.0910991392958374,0.0,0.0910991392958374,0.0910991392958374,False,1.0,0.0,-0.006073425777738062,-0.0005532838609290893,0.0,7.799583843821696e-08,-0.0005533618567675275,1.0444162461143476,1.0438383060011596,-0.028861374355390712,0.9992906447205258,0.00045549569647918703,0.9988351490240466,False,False,False,1.0
2022-02-03,2022-02-04 00:00:00,0.08943855147743773,0.0,0.0,0.08943855147743773,0.0,0.0,0.08943855147743773,0.0,0.08943855147743773,0.08943855147743773,False,1.0,0.0,0.0015481873306670835,0.00013846763227058485,0.0,7.657410229232683e-08,0.00013839105816829253,1.0428969906764283,1.0430413182945284,-0.029602854660935818,0.9996109922823142,0.0004471927573871887,0.9991637995249271,False,False,False,1.0
2022-02-04,2022-02-05 00:00:00,0.08919303339695803,0.0,0.0,0.08919303339695803,0.0,0.0,0.08919303339695803,0.0,0.08919303339695803,0.08919303339695803,False,1.0,0.0,-0.001681916272539996,-0.00015001521426754704,0.0,7.636389845629967e-08,-0.00015009157816600334,1.0512118820516971,1.051054104001333,-0.022148131401448223,0.9995898613871843,0.00044596516698479013,0.9991438962201995,False,False,False,1.0
2022-02-05,2022-02-06 00:00:00,0.08956696631859483,0.0,0.0,0.08956696631859483,0.0,0.0,0.08956696631859483,0.0,0.08956696631859483,0.08956696631859483,False,1.0,0.0,-0.0008909678137878352,-7.98012841684871e-05,0.0,7.668404650564625e-08,-7.987796821499274e-05,1.0568345487923685,1.0567501309958716,-0.01684881272794425,0.9995932888311831,0.00044783483159297415,0.9991454539995902,False,False,False,1.0
2022-02-06,2022-02-07 00:00:00,0.08580698728261452,0.0,0.0,0.08580698728261452,0.0,0.0,0.08580698728261452,0.0,0.08580698728261452,0.08580698728261452,False,1.0,0.0,0.005894854360443569,0.000505819693139446,0.0,7.346488637210147e-08,0.0005057462282530739,1.0544524389698662,1.0549857243137475,-0.018490334667218833,0.9999999265351136,0.0004290349364130726,0.9995708915987005,False,False,False,1.0
2022-02-07,2022-02-08 00:00:00,0.08905388713157456,0.0,0.0,0.08905388713157456,0.0,0.0,0.08905388713157456,0.0,0.08905388713157456,0.08905388713157456,False,1.0,0.0,0.002737164721416274,0.0002437551581615326,0.0,7.624476637977273e-08,0.00024367891339515283,1.058771105103146,1.0590291052955718,-0.014728561002589458,0.999982757899025,0.00044526943565787277,0.9995374884633671,False,False,False,1.0
2022-02-08,2022-02-09 00:00:00,0.09167404740858104,0.0,0.0,0.09167404740858104,0.0,0.0,0.09167404740858104,0.0,0.09167404740858104,0.09167404740858104,False,1.0,0.0,0.003064894244845906,0.0002809712603042908,0.0,7.848805428816869e-08,0.00028089277225000264,1.057377856213747,1.0576748660110946,-0.015988482266218296,0.9999996226063497,0.0004583702370429052,0.9995412523693068,False,False,False,1.0
2022-02-09,2022-02-10 00:00:00,0.0908514309268923,0.0,0.0,0.0908514309268923,0.0,0.0,0.0908514309268923,0.0,0.0908514309268923,0.0908514309268923,False,1.0,0.0,0.003966374241304527,0.00036035077541408304,0.0,7.778375935521601e-08,0.0003602729916547278,1.0605072342704138,1.0608893063843758,-0.012997916401392251,0.9999654937982075,0.0004542571546344615,0.9995112366435731,False,False,False,1.0
2022-02-10,2022-02-11 00:00:00,0.09094471882577683,0.0,0.0,0.09094471882577683,0.0,0.0,0.09094471882577683,0.0,0.09094471882577683,0.09094471882577683,False,1.0,0.0,-0.01225126636425744,-0.0011141879747570901,0.0,7.786362913165824e-08,-0.0011142658383862217,1.0631121530422847,1.0619275634877765,-0.012031970267143866,0.9981398635379696,0.00045472359412888414,0.9976851399438407,False,False,False,1.0
2022-02-11,2022-02-12 00:00:00,0.09091375522274812,0.0,0.0,0.09091375522274812,0.0,0.0,0.09091375522274812,0.0,0.09091375522274812,0.09091375522274812,False,1.0,0.0,-0.0034948524806065473,-0.0003177301629614777,0.0,7.783711919755832e-08,-0.00031780800008067526,1.0590615938495558,1.0587250156024524,-0.015011471914127217,0.9995300436406336,0.00045456877611374063,0.9990754748645199,False,False,False,1.0
2022-02-12,2022-02-13 00:00:00,0.09162949038978974,0.0,0.0,0.09162949038978974,0.0,0.0,0.09162949038978974,0.0,0.09162949038978974,0.09162949038978974,False,1.0,0.0,-0.0017977761612802956,-0.00016472931349302593,0.0,7.844990615564189e-08,-0.00016480776339918157,1.0518332060628135,1.0516598557846533,-0.02158456810725473,0.9997120419983826,0.0004581474519489487,0.9992538945464337,False,False,False,1.0
2022-02-13,2022-02-14 00:00:00,0.09353856306052324,0.0,0.0,0.09353856306052324,0.0,0.0,0.09353856306052324,0.0,0.09353856306052324,0.09353856306052324,False,1.0,0.0,-0.005224966683594623,-0.0004887358756225487,0.0,8.008438618195484e-08,-0.0004888159600087306,1.0534557153587678,1.0529407693919381,-0.020392865644338287,0.9994847228021069,0.00046769281530261624,0.9990170299868043,False,False,False,1.0
2022-02-14,2022-02-15 00:00:00,0.09127741479511185,0.0,0.0,0.09127741479511185,0.0,0.0,0.09127741479511185,0.0,0.09127741479511185,0.09127741479511185,False,1.0,0.0,0.0014493050156183518,0.00013228881507523237,0.0,7.814847157115741e-08,0.00013221066660366122,1.0534330086197878,1.0535722837000798,-0.019805334094904037,0.9999155682776805,0.0004563870739755593,0.9994591812037049,False,False,False,1.0
2022-02-15,2022-02-16 00:00:00,0.09114986615844292,0.0,0.0,0.09114986615844292,0.0,0.0,0.09114986615844292,0.0,0.09114986615844292,0.09114986615844292,False,1.0,0.0,0.0008814921899791273,8.034789513631019e-05,0.0,7.803926897126962e-08,8.026985586733891e-05,1.0594487276704667,1.0595337694671356,-0.014259044922209085,0.9999783010725852,0.0004557493307922146,0.999522551741793,False,False,False,1.0
2022-02-16,2022-02-17 00:00:00,0.09149591576034388,0.0,0.0,0.09149591576034388,0.0,0.0,0.09149591576034388,0.0,0.09149591576034388,0.09149591576034388,False,1.0,0.0,-0.0021645233003609876,-0.00019804504155113045,0.0,7.833554431536291e-08,-0.0001981233770954458,1.0579983205443866,1.0577887063441591,-0.0158825705134501,0.9997077680016563,0.00045747957880171945,0.9992502884228546,False,False,False,1.0
2022-02-17,2022-02-18 00:00:00,0.0896011485498593,0.0,0.0,0.0896011485498593,0.0,0.0,0.0896011485498593,0.0,0.0896011485498593,0.0896011485498593,False,1.0,0.0,0.002317570944166958,0.00020765701844314128,0.0,7.671331211460556e-08,0.0002075803051310267,1.05521655786267,1.0554356000377305,-0.018071791211026422,0.9996558317004108,0.00044800574274929655,0.9992078259576616,False,False,False,1.0
2022-02-18,2022-02-19 00:00:00,0.08995683568603545,0.0,0.0,0.08995683568603545,0.0,0.0,0.08995683568603545,0.0,0.08995683568603545,0.08995683568603545,False,1.0,0.0,-0.004404378072667026,-0.0003962039145820851,0.0,7.701783877229063e-08,-0.0003962809324208574,1.0498029398979276,1.0493869230100468,-0.023699199078568656,0.9988452076185165,0.00044978417843017727,0.9983954234400862,False,False,False,1.0
2022-02-19,2022-02-20 00:00:00,-0.09028867508413962,0.0,0.0,-0.09028867508413962,0.0,0.0,0.0,0.09028867508413962,0.09028867508413962,-0.09028867508413962,False,1.0,0.0,-0.00045148699426178496,4.0764162529617116e-05,0.0,7.730194784600995e-08,4.0686860581771104e-05,1.0507871529992772,1.0508299062296724,-0.022356714583911752,0.9998746715212474,0.00045144337542069816,0.9994232281458267,False,False,False,-1.0
2022-02-20,2022-02-21 00:00:00,-0.08860827700398,0.0,0.0,-0.08860827700398,0.0,0.0,0.0,0.08860827700398,0.08860827700398,-0.08860827700398,False,1.0,0.0,0.0030865481724684507,-0.0002734937154522127,0.0,7.586325085957192e-08,-0.00027356957870307226,1.0542558365756889,1.0539674242506316,-0.01943771369910796,0.999378865491243,0.0004430413850199,0.9989358241062231,False,False,False,-1.0
2022-02-21,2022-02-22 00:00:00,-0.08948772922361464,0.0,0.0,-0.08948772922361464,0.0,0.0,0.0,0.08948772922361464,0.08948772922361464,-0.08948772922361464,False,1.0,0.0,-0.002953869129322384,0.00026433504080679586,0.0,7.661620652706733e-08,0.0002642584246002688,1.0509962107247743,1.0512739453276811,-0.021943601253146316,0.9998400776589934,0.0004474386461180732,0.9993926390128753,False,False,False,-1.0
2022-02-22,2022-02-23 00:00:00,-0.09849687178226382,0.0,0.0,-0.09849687178226382,0.0,0.0,0.0,0.09849687178226382,0.09849687178226382,-0.09849687178226382,False,1.0,0.0,-0.002414255895917039,0.00023779665342971507,0.0,8.432951351221217e-08,0.00023771232391620286,1.0546897353180107,1.0549404480660036,-0.018532457582957296,0.9998306493911948,0.0004924843589113191,0.9993381650322835,False,False,False,-1.0
2022-02-23,2022-02-24 00:00:00,-0.121347639303437,0.0,0.0,-0.121347639303437,0.0,0.0,0.0,0.121347639303437,0.121347639303437,-0.121347639303437,False,1.0,0.0,-0.00033827361502991593,4.104870462251994e-05,0.0,1.0389352680088784e-07,4.094481109571906e-05,1.051351900081987,1.051394947486931,-0.021831026470291115,0.9996764684008212,0.000606738196517185,0.9990697302043041,False,False,False,-1.0
2022-02-24,2022-02-25 00:00:00,-0.11981722577751068,0.0,0.0,-0.11981722577751068,0.0,0.0,0.0,0.11981722577751068,0.11981722577751068,-0.11981722577751068,False,1.0,0.0,0.007965215820396443,-0.0009543700623190405,0.0,1.0258324124786873e-07,-0.0009544726455602884,1.063515779906595,1.0625006831865524,-0.011498766347150413,0.998476348920366,0.0005990861288875534,0.9978772627914784,False,False,False,-1.0
2022-02-25,2022-02-26 00:00:00,-0.12502923438417218,0.0,0.0,-0.12502923438417218,0.0,0.0,0.0,0.12502923438417218,0.12502923438417218,-0.12502923438417218,False,1.0,0.0,0.008415638846972495,-0.0010522008818906687,0.0,1.0704557738370905e-07,-0.0010523079274680524,1.0491125068188452,1.0480085174111138,-0.024981603557531318,0.9984670286271439,0.0006251461719208609,0.997841882455223,False,False,False,-1.0
2022-02-26,2022-02-27 00:00:00,-0.11905184185439148,0.0,0.0,-0.11905184185439148,0.0,0.0,0.0,0.11905184185439148,0.11905184185439148,-0.11905184185439148,False,1.0,0.0,-0.0031134364465312814,0.0003706603434561407,0.0,1.0192794679314339e-07,0.0003705584155093475,1.0450566010323128,1.045443855550509,-0.02736764570623562,0.9999304525134517,0.0005952592092719574,0.9993351933041797,False,False,False,-1.0
2022-02-27,2022-02-28 00:00:00,-0.11340900672032803,0.0,0.0,-0.11340900672032803,0.0,0.0,0.0,0.11340900672032803,0.11340900672032803,-0.11340900672032803,False,1.0,0.0,0.006466544142672559,-0.0007333643481336501,0.0,9.709675232904796e-08,-0.0007334614448859791,1.0450282962233208,1.044261808259226,-0.02846736754562751,0.9991730904664322,0.0005670450336016401,0.9986060454328306,False,False,False,-1.0
2022-02-28,2022-03-01 00:00:00,-0.11571626957644829,0.0,0.0,-0.11571626957644829,0.0,0.0,0.0,0.11571626957644829,0.11571626957644829,-0.11571626957644829,False,1.0,0.0,0.004409561184445243,-0.0005102579707331083,0.0,9.907214860997284e-08,-0.0005103570428817183,1.044234849759441,1.0437019171494437,-0.02898826420149725,0.9989678257443297,0.0005785813478822415,0.9983892443964475,False,False,False,-1.0
2022-03-01,2022-03-02 00:00:00,-0.116044030197045,0.0,0.0,-0.116044030197045,0.0,0.0,0.0,0.116044030197045,0.116044030197045,-0.116044030197045,False,1.0,0.0,0.004252247835575318,-0.0004934479762368215,0.0,9.935276557966181e-08,-0.0004935473290024012,1.0384075876814776,1.0378950843901615,-0.034390671406498874,0.9993018041107969,0.000580220150985225,0.9987215839598117,False,False,False,-1.0
2022-03-02,2022-03-03 00:00:00,0.1173365989328246,0.0,0.0,0.1173365989328246,0.0,0.0,0.1173365989328246,0.0,0.1173365989328246,0.1173365989328246,False,1.0,0.0,-0.0018458043447394656,-0.00021658040410715978,0.0,1.004594168945416e-07,-0.0002166808635240543,1.0383625234303535,1.0381375301421256,-0.034165111151618355,0.9997079523291859,0.000586682994664123,0.9991212693345217,False,False,False,1.0
2022-03-03,2022-03-04 00:00:00,0.11614761496220063,0.0,0.0,0.11614761496220063,0.0,0.0,0.11614761496220063,0.0,0.11614761496220063,0.11614761496220063,False,1.0,0.0,0.0009306407266780337,0.00010809170079034285,0.0,9.944145116626766e-08,0.00010799225933917658,1.032930467897532,1.0330420163925005,-0.03890574022349169,0.9995482169875655,0.0005807380748110032,0.9989674789127545,False,False,False,1.0
2022-03-04,2022-03-05 00:00:00,0.11614682229977469,0.0,0.0,0.11614682229977469,0.0,0.0,0.11614682229977469,0.0,0.11614682229977469,0.11614682229977469,False,1.0,0.0,-0.0007963777896591306,-9.249674961902639e-05,0.0,9.944077251693038e-08,-9.259619039154332e-05,1.0264265410892268,1.0263314979018052,-0.04514889461526905,0.999850950394348,0.0005807341114988735,0.9992702162828492,False,False,False,1.0
2022-03-05,2022-03-06 00:00:00,0.11681741625781487,0.0,0.0,0.11681741625781487,0.0,0.0,0.11681741625781487,0.0,0.11681741625781487,0.11681741625781487,False,1.0,0.0,0.0020284514005792786,0.00023695845162021717,0.0,1.0001491117963602e-07,0.00023685843670903753,1.0247892195248527,1.0250319494973454,-0.04635793402703425,0.9999990141591015,0.0005840870812890744,0.9994149270778124,False,False,False,1.0
2022-03-06,2022-03-07 00:00:00,0.11513208562764923,0.0,0.0,0.11513208562764923,0.0,0.0,0.11513208562764923,0.0,0.11513208562764923,0.11513208562764923,False,1.0,0.0,-0.0006542735091502605,-7.532787367939034e-05,0.0,9.85719911195627e-08,-7.54264456705099e-05,1.02442380271312,1.0243465340668212,-0.0469956126745491,0.9997896841061129,0.0005756604281382462,0.9992140236779746,False,False,False,1.0
2022-03-07,2022-03-08 00:00:00,0.11509648086533163,0.0,0.0,0.11509648086533163,0.0,0.0,0.11509648086533163,0.0,0.11509648086533163,0.11509648086533163,False,1.0,0.0,0.00040893386736784443,4.706684904068917e-05,0.0,9.854150759018117e-08,4.6968307533098984e-05,1.0239441873060766,1.0239922802315626,-0.047325193971503254,0.9997553297943184,0.0005754824043266582,0.9991798473899917,False,False,False,1.0
2022-03-08,2022-03-09 00:00:00,0.12266475162769631,0.0,0.0,0.12266475162769631,0.0,0.0,0.12266475162769631,0.0,0.12266475162769631,0.12266475162769631,False,1.0,0.0,0.006030016431205265,0.0007396704678447215,0.0,1.0502119146206876e-07,0.0007395654466532595,1.0204834737833488,1.0212381880994397,-0.049887473237086755,0.9997289074931967,0.0006133237581384816,0.9991155837350582,False,False,False,1.0
2022-03-09,2022-03-10 00:00:00,0.12752307064809187,0.0,0.0,0.12752307064809187,0.0,0.0,0.12752307064809187,0.0,0.12752307064809187,0.12752307064809187,False,1.0,0.0,-0.0005834326860009176,-7.440112763530102e-05,0.0,1.0918071117131153e-07,-7.451030834647233e-05,1.0311464639005545,1.031069632859579,-0.04074075415466594,0.9991750087520279,0.0006376153532404594,0.9985373933987874,False,False,False,1.0
2022-03-10,2022-03-11 00:00:00,0.1273996333759465,0.0,0.0,0.1273996333759465,0.0,0.0,0.1273996333759465,0.0,0.1273996333759465,0.1273996333759465,False,1.0,0.0,0.0013646824800213064,0.0001738600476292919,0.0,1.0907502857529666e-07,0.0001737509726007166,1.0231288309803692,1.023306600609848,-0.04796311841021783,0.9998977358687372,0.0006369981668797325,0.9992607377018574,False,False,False,1.0
2022-03-11,2022-03-12 00:00:00,0.12254892206681024,0.0,0.0,0.12254892206681024,0.0,0.0,0.12254892206681024,0.0,0.12254892206681024,0.12254892206681024,False,1.0,0.0,-0.0017442894824371002,-0.00021376079584514097,0.0,1.0492202231747452e-07,-0.00021386571786745844,1.0227959362374612,1.022577195250326,-0.0486417232423183,0.9991462738067646,0.0006127446103340512,0.9985335291964306,False,False,False,1.0
2022-03-12,2022-03-13 00:00:00,0.1193888659359087,0.0,0.0,0.1193888659359087,0.0,0.0,0.1193888659359087,0.0,0.1193888659359087,0.1193888659359087,False,1.0,0.0,-0.0001663436505082716,-1.9859579789821687e-05,0.0,1.02216494808141e-07,-1.9961796284629828e-05,1.0227663091588264,1.0227458929061162,-0.04848477478712965,0.9999740341447091,0.0005969443296795435,0.9993770898150296,False,False,False,1.0
2022-03-13,2022-03-14 00:00:00,0.1210084779249388,0.0,0.0,0.1210084779249388,0.0,0.0,0.1210084779249388,0.0,0.1210084779249388,0.1210084779249388,False,1.0,0.0,-0.0009453004234480922,-0.00011438936542325375,0.0,1.0360314890833801e-07,-0.00011449296857216209,1.0225915470518965,1.0224744675100377,-0.04873729635545809,0.9997819002701223,0.000605042389624694,0.9991768578804976,False,False,False,1.0
2022-03-14,2022-03-15 00:00:00,0.12123019492725294,0.0,0.0,0.12123019492725294,0.0,0.0,0.12123019492725294,0.0,0.12123019492725294,0.12123019492725294,False,1.0,0.0,0.0007232457402381876,8.767922206938083e-05,0.0,1.0379297510894942e-07,8.757542909427187e-05,1.0222141853259221,1.0223037061718283,-0.04889616476481662,0.9997368585408167,0.0006061509746362647,0.9991307075661805,False,False,False,1.0
2022-03-15,2022-03-16 00:00:00,0.12202611747607543,0.0,0.0,0.12202611747607543,0.0,0.0,0.12202611747607543,0.0,0.12202611747607543,0.12202611747607543,False,1.0,0.0,-0.005190063850934568,-0.000633323341182474,0.0,1.0447441564732485e-07,-0.0006334278155981213,1.022935134607158,1.0222871790393453,-0.04891154084043403,0.9992835133855582,0.0006101305873803772,0.9986733827981779,False,False,False,1.0
2022-03-16,2022-03-17 00:00:00,0.127593910397474,0.0,0.0,0.127593910397474,0.0,0.0,0.127593910397474,0.0,0.127593910397474,0.127593910397474,False,1.0,0.0,8.87912185485451e-05,1.1329218783565596e-05,0.0,1.0924136164167294e-07,1.1219977421923923e-05,1.0288738269331092,1.0288853708742174,-0.042772889946499415,0.9997733063829672,0.00063796955198737,0.9991353368309799,False,False,False,1.0
2022-03-17,2022-03-18 00:00:00,0.12792959232192788,0.0,0.0,0.12792959232192788,0.0,0.0,0.12792959232192788,0.0,0.12792959232192788,0.12792959232192788,False,1.0,0.0,-0.001734935981930974,-0.00022194965287307313,0.0,1.095287605495958e-07,-0.00022205918163362273,1.0339352068419378,1.0337056120360444,-0.038288361691251604,0.9996366586984677,0.0006396479616096394,0.9989970107368581,False,False,False,1.0
2022-03-18,2022-03-19 00:00:00,0.12459066792228651,0.0,0.0,0.12459066792228651,0.0,0.0,0.12459066792228651,0.0,0.12459066792228651,0.12459066792228651,False,1.0,0.0,0.0007811041910041894,9.731829287410922e-05,0.0,1.066700923992179e-07,9.721162278171e-05,1.0378744154978738,1.037975308954048,-0.03431603420237672,0.9994078019462709,0.0006229533396114326,0.9987848486066594,False,False,False,1.0
2022-03-19,2022-03-20 00:00:00,0.1278081198822824,0.0,0.0,0.1278081198822824,0.0,0.0,0.1278081198822824,0.0,0.1278081198822824,0.1278081198822824,False,1.0,0.0,-0.0018071985057799278,-0.00023097464327780266,0.0,1.0942476017318698e-07,-0.00023108406803797586,1.0414432968744407,1.041202635920768,-0.03131347925018968,0.9996381593368848,0.0006390405994114121,0.9989991187374734,False,False,False,1.0
2022-03-20,2022-03-21 00:00:00,0.12653094537342582,0.0,0.0,0.12653094537342582,0.0,0.0,0.12653094537342582,0.0,0.12653094537342582,0.12653094537342582,False,1.0,0.0,-2.8015716817098024e-05,-3.5448551341815973e-06,0.0,1.0833128884711116e-07,-3.6531864230287085e-06,1.036232476755938,1.036228691205523,-0.03594100614494422,0.9997114290821668,0.0006326547268671292,0.9990787743552997,False,False,False,1.0
2022-03-21,2022-03-22 00:00:00,0.1264866298897544,0.0,0.0,0.1264866298897544,0.0,0.0,0.1264866298897544,0.0,0.1264866298897544,0.1264866298897544,False,1.0,0.0,0.0025111218946076708,0.0003176233456912993,0.0,1.0829334750835137e-07,0.00031751505234379096,1.0404183173856127,1.0407486658621168,-0.03173583188498741,0.9996977203075084,0.000632433149448772,0.9990652871580596,False,False,False,1.0
2022-03-22,2022-03-23 00:00:00,0.13003736746106026,0.0,0.0,0.13003736746106026,0.0,0.0,0.13003736746106026,0.0,0.13003736746106026,0.13003736746106026,False,1.0,0.0,-0.0009484193011647379,-0.000123329949172721,0.0,1.1133336255227762e-07,-0.0001234412825352733,1.043110535327557,1.0429817724252501,-0.029658253369070242,0.9998579510409229,0.0006501868373053013,0.9992077642036176,False,False,False,1.0
2022-03-23,2022-03-24 00:00:00,0.12926214425255653,0.0,0.0,0.12926214425255653,0.0,0.0,0.12926214425255653,0.0,0.12926214425255653,0.12926214425255653,False,1.0,0.0,-0.00021111521612915407,-2.728920552119636e-05,0.0,1.1066964405184633e-07,-2.7399875165248207e-05,1.0443401544347526,1.044311539644891,-0.028421099776713254,0.9998071593163625,0.0006463107212627827,0.9991608485950998,False,False,False,1.0
2022-03-24,2022-03-25 00:00:00,0.130959976384912,0.0,0.0,0.130959976384912,0.0,0.0,0.130959976384912,0.0,0.130959976384912,0.130959976384912,False,1.0,0.0,-0.0028081432953577234,-0.00036775437964549644,0.0,1.121232674528356e-07,-0.0003678665029129493,1.0484869001890156,1.048101196979693,-0.024895378796150225,0.9991960279613615,0.00065479988192456,0.998541228079437,False,False,False,1.0
2022-03-25,2022-03-26 00:00:00,0.13164147693917091,0.0,0.0,0.13164147693917091,0.0,0.0,0.13164147693917091,0.0,0.13164147693917091,0.13164147693917091,False,1.0,0.0,-0.004545092097918868,-0.0005983226365945946,0.0,1.1270674395476961e-07,-0.0005984353433385493,1.0490473215798937,1.0484195345858256,-0.024599212288815453,0.9988137389084282,0.0006582073846958546,0.9981555315237323,False,False,False,1.0
2022-03-26,2022-03-27 00:00:00,0.13342371299721595,0.0,0.0,0.13342371299721595,0.0,0.0,0.13342371299721595,0.0,0.13342371299721595,0.13342371299721595,False,1.0,0.0,-0.002727290187517162,-0.00036388518323941305,0.0,1.1423263099076708e-07,-0.0003639994158704038,1.048564880249142,1.0481832032452292,-0.024819083979654932,0.9995928639602948,0.0006671185649860798,0.9989257453953088,False,False,False,1.0
2022-03-27,2022-03-28 00:00:00,0.13395050332831923,0.0,0.0,0.13395050332831923,0.0,0.0,0.13395050332831923,0.0,0.13395050332831923,0.13395050332831923,False,1.0,0.0,0.0005903392714519118,7.907624254545686e-05,0.0,1.1468365010986235e-07,7.8961558895347e-05,1.0505241828422762,1.0506071338694107,-0.02256397162988555,0.9999694388486319,0.0006697525166415962,0.9992996863319903,False,False,False,1.0
2022-03-28,2022-03-29 00:00:00,0.15040036069082746,0.0,0.0,0.15040036069082746,0.0,0.0,0.15040036069082746,0.0,0.15040036069082746,0.15040036069082746,False,1.0,0.0,-0.0056093588034947794,-0.0008436495872898832,0.0,1.2876743209831118e-07,-0.0008437783547219815,1.0607255041802734,1.0598304869595445,-0.013982992763435065,0.9991562216452781,0.0007520018034541373,0.9984042198418239,False,False,False,1.0
2022-03-29,2022-03-30 00:00:00,0.17690541689511688,0.0,0.0,0.17690541689511688,0.0,0.0,0.17690541689511688,0.0,0.17690541689511688,0.17690541689511688,False,1.0,0.0,-0.0057372715242621775,-0.001014954410840083,0.0,1.5146011720472335e-07,-0.0010151058709572877,1.0634583289439967,1.0623788061507673,-0.011612155074455788,0.9985037726644337,0.0008845270844755844,0.9976192455799581,False,False,False,1.0
2022-03-30,2022-03-31 00:00:00,0.16894306962275202,0.0,0.0,0.16894306962275202,0.0,0.0,0.16894306962275202,0.0,0.16894306962275202,0.16894306962275202,False,1.0,0.0,0.0033644460531547793,0.0005683998438001211,0.0,1.4464303906057537e-07,0.0005682552007610605,1.0605950675433575,1.0611977562063906,-0.01271094902865888,0.9998695344051196,0.0008447153481137602,0.9990248190570058,False,False,False,1.0
2022-03-31,2022-04-01 00:00:00,0.16880248184246732,0.0,0.0,0.16880248184246732,0.0,0.0,0.16880248184246732,0.0,0.16880248184246732,0.16880248184246732,False,1.0,0.0,-0.00458637928524952,-0.0007741922060210003,0.0,1.4452267281033162e-07,-0.0007743367286938106,1.0604135196661424,1.0595924025302614,-0.014204495446477172,0.9989223042786619,0.0008440124092123366,0.9980782918694495,False,False,False,1.0
2022-04-01,2022-04-02 00:00:00,0.168385325895805,0.0,0.0,0.168385325895805,0.0,0.0,0.168385325895805,0.0,0.168385325895805,0.168385325895805,False,1.0,0.0,-0.0024667755263325652,-0.00041536880091330486,0.0,1.441655187464084e-07,-0.0004155129664320513,1.0644356520426188,1.0639933652272626,-0.010110044380150618,0.9993398646537603,0.000841926629479025,0.9984979380242813,False,False,False,1.0
2022-04-02,2022-04-03 00:00:00,0.17295959791981497,0.0,0.0,0.17295959791981497,0.0,0.0,0.17295959791981497,0.0,0.17295959791981497,0.17295959791981497,False,1.0,0.0,0.0010617492535931472,0.0001836397239931344,0.0,1.4808184753408814e-07,0.0001834916421456003,1.0652952767877948,1.0654907495675026,-0.008716947612306236,0.9994209114258907,0.0008647979895990748,0.9985561134362917,False,False,False,1.0
2022-04-03,2022-04-04 00:00:00,0.1718115862453947,0.0,0.0,0.1718115862453947,0.0,0.0,0.1718115862453947,0.0,0.1718115862453947,0.1718115862453947,False,1.0,0.0,-0.0002485416035790111,-4.270232715888397e-05,0.0,1.4709896082653655e-07,-4.2849426119710504e-05,1.067650687325813,1.0676049391065647,-0.006750003966424334,0.9999497881036805,0.0008590579312269734,0.9990907301724535,False,False,False,1.0
2022-04-04,2022-04-05 00:00:00,0.17963931990744533,0.0,0.0,0.17963931990744533,0.0,0.0,0.17963931990744533,0.0,0.17963931990744533,0.17963931990744533,False,1.0,0.0,-0.0025478485966450304,-0.00045769378912845226,0.0,1.5380078759199086e-07,-0.00045784758991604423,1.0640072442110813,1.063520091058666,-0.01055035666127846,0.9993580287372004,0.0008981965995372267,0.9984598321376631,False,False,False,1.0
2022-04-05,2022-04-06 00:00:00,0.1963996513595939,0.0,0.0,0.1963996513595939,0.0,0.0,0.1963996513595939,0.0,0.1963996513595939,0.1963996513595939,False,1.0,0.0,-0.0015616821051475105,-0.0003067138209854877,0.0,1.6815038643800847e-07,-0.0003068819713719257,1.0654249738672599,1.0650980141509305,-0.009082330383276549,0.9996698304977756,0.0009819982567979694,0.9986878322409776,False,False,False,1.0
2022-04-06,2022-04-07 00:00:00,0.19406581979922893,0.0,0.0,0.19406581979922893,0.0,0.0,0.19406581979922893,0.0,0.19406581979922893,0.19406581979922893,False,1.0,0.0,0.00036846096923648375,7.150568005889669e-05,0.0,1.6615224297879188e-07,7.13395278159179e-05,1.0532639156567047,1.0533390550071133,-0.02002231922664932,0.999742413399545,0.0009703290989961446,0.9987720843005488,False,False,False,1.0
2022-04-07,2022-04-08 00:00:00,0.19507384399299701,0.0,0.0,0.19507384399299701,0.0,0.0,0.19507384399299701,0.0,0.19507384399299701,0.19507384399299701,False,1.0,0.0,0.00553470742423956,0.0010796766526229903,0.0,1.6701527739126455e-07,0.001079509637345599,1.0485834788348134,1.049715434805777,-0.02339356697829098,0.9999992198804338,0.000975369219964985,0.9990238506604688,False,False,False,1.0
2022-04-08,2022-04-09 00:00:00,-0.17834299312487245,0.0,0.0,-0.17834299312487245,0.0,0.0,0.0,0.17834299312487245,0.17834299312487245,-0.17834299312487245,False,1.0,0.0,0.0017979736928059875,-0.0003206560099347998,0.0,1.526909187712949e-07,-0.0003208087008535711,1.0469371320442986,1.046601265503092,-0.026290845301233268,0.9993835780336208,0.0008917149656243623,0.9984918630679964,False,False,False,-1.0
2022-04-09,2022-04-10 00:00:00,-0.1791963139909804,0.0,0.0,-0.1791963139909804,0.0,0.0,0.0,0.1791963139909804,0.1791963139909804,-0.1791963139909804,False,1.0,0.0,-0.0023875474478423087,0.00042783970213191425,0.0,1.534215017046065e-07,0.00042768628063020965,1.05027997906339,1.0507291694012562,-0.02245043544521519,0.9998711604180914,0.0008959815699549021,0.9989751788481366,False,False,False,-1.0
2022-04-10,2022-04-11 00:00:00,-0.196428717816987,0.0,0.0,-0.196428717816987,0.0,0.0,0.0,0.196428717816987,0.196428717816987,-0.196428717816987,False,1.0,0.0,-0.00045454545454548523,8.928578082590922e-05,0.0,1.6817527210358476e-07,8.911760555380563e-05,1.0477088213432695,1.0478021906447452,-0.025173560387600546,0.9997856666072062,0.0009821435890849351,0.9988035230181214,False,False,False,-1.0
2022-04-11,2022-04-12 00:00:00,-0.21527750786019803,0.0,0.0,-0.21527750786019803,0.0,0.0,0.0,0.21527750786019803,0.21527750786019803,-0.21527750786019803,False,1.0,0.0,-0.008746278705946797,0.0018828770828669442,0.0,1.8431293481181339e-07,0.0018826927699321324,1.0639157761100524,1.0659188026495514,-0.008318706927504804,0.9999550529488688,0.0010763875393009902,0.9988786654095678,False,False,False,-1.0
2022-04-12,2022-04-13 00:00:00,-0.2161592629089831,0.0,0.0,-0.2161592629089831,0.0,0.0,0.0,0.2161592629089831,0.2161592629089831,-0.2161592629089831,False,1.0,0.0,-0.0036628477905074064,0.0007917584785438783,0.0,1.8506786207960882e-07,0.0007915734106817986,1.061804156896144,1.0626446528340945,-0.011364823681083602,0.9999021717953739,0.0010807963145449155,0.9988213754808289,False,False,False,-1.0
2022-04-13,2022-04-14 00:00:00,-0.1810358306821722,0.0,0.0,-0.1810358306821722,0.0,0.0,0.0,0.1810358306821722,0.1810358306821722,-0.1810358306821722,False,1.0,0.0,-0.0006364118004315023,0.0001152133389470538,0.0,1.5499643037857208e-07,0.00011505834251667523,1.0592817760271538,1.0594036552325616,-0.014380097156271199,0.9995600458620052,0.0009051791534108609,0.9986548667085944,False,False,False,-1.0
2022-04-14,2022-04-15 00:00:00,-0.1810008568881611,0.0,0.0,-0.1810008568881611,0.0,0.0,0.0,0.1810008568881611,0.1810008568881611,-0.1810008568881611,False,1.0,0.0,-0.0011291839410838556,0.00020438326092052866,0.0,1.5496648706178177e-07,0.00020422829443346688,1.0639610088965459,1.0641782998387366,-0.009937989816346637,0.9997828751201604,0.0009050042844408055,0.9988778708357196,False,False,False,-1.0
2022-04-15,2022-04-16 00:00:00,-0.1808363735831388,0.0,0.0,-0.1808363735831388,0.0,0.0,0.0,0.1808363735831388,0.1808363735831388,-0.1808363735831388,False,1.0,0.0,-0.0021442617119180607,0.00038776051199643517,0.0,1.5482566231433118e-07,0.00038760568633412084,1.0628569984822303,1.063268967898602,-0.010783989973190855,0.9999480246450848,0.0009041818679156941,0.9990438427771691,False,False,False,-1.0
2022-04-16,2022-04-17 00:00:00,-0.17762004802915365,0.0,0.0,-0.17762004802915365,0.0,0.0,0.0,0.17762004802915365,0.17762004802915365,-0.17762004802915365,False,1.0,0.0,-0.0012674438998884208,0.00022512344637243913,0.0,1.5207195892906988e-07,0.00022497137441351007,1.0637248545243385,1.0639641621668587,-0.010137213549726187,0.9998076407035925,0.0008881002401457682,0.9989195404634468,False,False,False,-1.0
2022-04-17,2022-04-18 00:00:00,-0.1849789167418962,0.0,0.0,-0.1849789167418962,0.0,0.0,0.0,0.1849789167418962,0.1849789167418962,-0.1849789167418962,False,1.0,0.0,-0.0007936378864511484,0.00014680627652106145,0.0,1.5837236022422618e-07,0.00014664790416083723,1.0602785375449562,1.0604340251703137,-0.0134214888742209,0.999748947294405,0.000924894583709481,0.9988240527106955,False,False,False,-1.0
2022-04-18,2022-04-19 00:00:00,-0.18907159171503632,0.0,0.0,-0.18907159171503632,0.0,0.0,0.0,0.18907159171503632,0.18907159171503632,-0.18907159171503632,False,1.0,0.0,0.0004566554963467695,-8.634058155970366e-05,0.0,1.6187636276972288e-07,-8.650245792247338e-05,1.071055790223025,1.0709631412645986,-0.0036256888214060146,0.9997810653718656,0.0009453579585751817,0.9988357074132904,False,False,False,-1.0
2022-04-19,2022-04-20 00:00:00,-0.19199788818018917,0.0,0.0,-0.19199788818018917,0.0,0.0,0.0,0.19199788818018917,0.19199788818018917,-0.19199788818018917,False,1.0,0.0,-0.0005878819224702792,0.0001128720876136033,0.0,1.643817535789291e-07,0.00011270770586002438,1.0573043763169514,1.0574235426676017,-0.016222301819485252,0.9998394709036041,0.0009599894409009459,0.9988794814627032,False,False,False,-1.0
2022-04-20,2022-04-21 00:00:00,-0.182716685682549,0.0,0.0,-0.182716685682549,0.0,0.0,0.0,0.182716685682549,0.182716685682549,-0.182716685682549,False,1.0,0.0,-0.00029640631768901304,5.415837998350516e-05,0.0,1.564355185638262e-07,5.4001944464941334e-05,1.059852716784953,1.0599099508925058,-0.013909063214959327,0.999887360775285,0.0009135834284127451,0.9989737773468722,False,False,False,-1.0
2022-04-21,2022-04-22 00:00:00,-0.17370469037682065,0.0,0.0,-0.17370469037682065,0.0,0.0,0.0,0.17370469037682065,0.17370469037682065,-0.17370469037682065,False,1.0,0.0,-0.004723783641735979,0.0008205433748948386,0.0,1.4871976915823688e-07,0.0008203946551256803,1.0568167203166816,1.0576837271054769,-0.015980238316010142,0.9999642238881051,0.0008685234518841033,0.999095700436221,False,False,False,-1.0
2022-04-22,2022-04-23 00:00:00,-0.17623080657663076,0.0,0.0,-0.17623080657663076,0.0,0.0,0.0,0.17623080657663076,0.17623080657663076,-0.17623080657663076,False,1.0,0.0,-0.0010696997393452312,0.0001885140478596218,0.0,1.5088253987725237e-07,0.00018836316531974453,1.0669244613255617,1.067125430594254,-0.007196116391072205,0.99960194130125,0.0008811540328831539,0.9987207872683669,False,False,False,-1.0
2022-04-23,2022-04-24 00:00:00,-0.17659430628522368,0.0,0.0,-0.17659430628522368,0.0,0.0,0.0,0.17659430628522368,0.17659430628522368,-0.17659430628522368,False,1.0,0.0,0.0006613198729996661,-0.00011678532420500826,0.0,1.5119375538118466e-07,-0.00011693651796038944,1.066249829306375,1.06612514576406,-0.008126734887886289,0.9996965644694061,0.0008829715314261185,0.99881359293798,False,False,False,-1.0
2022-04-24,2022-04-25 00:00:00,-0.16867112982714738,0.0,0.0,-0.16867112982714738,0.0,0.0,0.0,0.16867112982714738,0.16867112982714738,-0.16867112982714738,False,1.0,0.0,0.0017861577874778156,-0.00030127325206344093,0.0,1.4441021389310562e-07,-0.00030141766227733405,1.0676645916969827,1.0673427787316572,-0.0069939057898413814,0.9996733327699306,0.000843355649135737,0.9988299771207949,False,False,False,-1.0
2022-04-25,2022-04-26 00:00:00,-0.17095833269439942,0.0,0.0,-0.17095833269439942,0.0,0.0,0.0,0.17095833269439942,0.17095833269439942,-0.17095833269439942,False,1.0,0.0,-0.0021462810549822686,0.0003669246306533453,0.0,1.463684355260269e-07,0.00036677826221781924,1.0716313069644001,1.0720243580329067,-0.0037541671789078634,0.9999421685599706,0.0008547916634719971,0.9990873768964986,False,False,False,-1.0
2022-04-26,2022-04-27 00:00:00,-0.17091704097042756,0.0,0.0,-0.17091704097042756,0.0,0.0,0.0,0.17091704097042756,0.17091704097042756,-0.17091704097042756,False,1.0,0.0,-0.010411332401422668,0.0017794741266106981,0.0,1.4633308302262632e-07,0.0017793277935276755,1.0705622994552169,1.0724671807093404,-0.0033426464492061214,0.999777493324077,0.0008545852048521378,0.9989229081192248,False,False,False,-1.0
2022-04-27,2022-04-28 00:00:00,-0.16922575069806742,0.0,0.0,-0.16922575069806742,0.0,0.0,0.0,0.16922575069806742,0.16922575069806742,-0.16922575069806742,False,1.0,0.0,0.0009148779406167318,-0.00015482090629796838,0.0,1.448850605291673e-07,-0.00015496579135849755,1.0720196453956272,1.0718535190229266,-0.004967714515621613,0.9994544364259584,0.0008461287534903371,0.9986083076724681,False,False,False,-1.0
2022-04-28,2022-04-29 00:00:00,-0.1704486121122941,0.0,0.0,-0.1704486121122941,0.0,0.0,0.0,0.1704486121122941,0.1704486121122941,-0.1704486121122941,False,1.0,0.0,0.000519165873496652,-8.849110259357117e-05,0.0,1.4593203091806e-07,-8.863703462448923e-05,1.0702706411494607,1.0701757755335837,-0.006525211793961705,0.9990789566603121,0.0008522430605614705,0.9982267135997507,False,False,False,-1.0
2022-04-29,2022-04-30 00:00:00,-0.18320749450415363,0.0,0.0,-0.18320749450415363,0.0,0.0,0.0,0.18320749450415363,0.18320749450415363,-0.18320749450415363,False,1.0,0.0,-0.0003919112321059126,7.180107490216006e-05,0.0,1.5685573159602192e-07,7.164421917056404e-05,1.0722842663036867,1.072361089272675,-0.004496522532120628,0.9996658399297681,0.0009160374725207681,0.9987498024572473,False,False,False,-1.0
2022-04-30,2022-05-01 00:00:00,-0.1838336869124526,0.0,0.0,-0.1838336869124526,0.0,0.0,0.0,0.1838336869124526,0.1838336869124526,-0.1838336869124526,False,1.0,0.0,0.00036952026321213083,-6.793027237514594e-05,0.0,1.5739185523326423e-07,-6.80876642303792e-05,1.0752176184658144,1.0751444094096336,-0.0022508689680069693,0.9993832447512011,0.0009191684345622631,0.9984640763166388,False,False,False,-1.0
2022-05-01,2022-05-02 00:00:00,-0.18368297637047165,0.0,0.0,-0.18368297637047165,0.0,0.0,0.0,0.18368297637047165,0.18368297637047165,-0.18368297637047165,False,1.0,0.0,0.005168356620188552,-0.0009493391269402646,0.0,1.5726282223499287e-07,-0.0009494963897624996,1.076685876115183,1.0756635667629033,-0.005402086663526262,0.9981570853604905,0.0009184148818523583,0.9972386704786381,False,False,False,-1.0
2022-05-02,2022-05-03 00:00:00,-0.1834364947731065,0.0,0.0,-0.1834364947731065,0.0,0.0,0.0,0.1834364947731065,0.1834364947731065,-0.1834364947731065,False,1.0,0.0,0.0034163473818644707,-0.0006266827886564981,0.0,1.5705179347012543e-07,-0.0006268398404499682,1.0746565698092507,1.0739829322564929,-0.006956062855345668,0.9993197977621774,0.0009171824738655325,0.9984026152883119,False,False,False,-1.0
2022-05-03,2022-05-04 00:00:00,-0.18698271260779334,0.0,0.0,-0.18698271260779334,0.0,0.0,0.0,0.18698271260779334,0.18698271260779334,-0.18698271260779334,False,1.0,0.0,0.0002976580688369701,-5.565691314073395e-05,0.0,1.6008793887653538e-07,-5.5817001079610486e-05,1.074346163774739,1.0742861969937556,-0.006675653176901553,0.9997646231958116,0.0009349135630389667,0.9988297096327726,False,False,False,-1.0
2022-05-04,2022-05-05 00:00:00,-0.18700464751569906,0.0,0.0,-0.18700464751569906,0.0,0.0,0.0,0.18700464751569906,0.18700464751569906,-0.18700464751569906,False,1.0,0.0,0.00015828183311450417,-2.9599438409716556e-05,0.0,1.60106718763441e-07,-2.9759545128479995e-05,1.0727655280540453,1.0727336030399008,-0.008111238386327102,0.9994769164813757,0.0009350232375784953,0.9985418932437972,False,False,False,-1.0
2022-05-05,2022-05-06 00:00:00,-0.18822148533159583,0.0,0.0,-0.18822148533159583,0.0,0.0,0.0,0.18822148533159583,0.18822148533159583,-0.18822148533159583,False,1.0,0.0,-0.00605386123970042,0.0011394667545277892,0.0,1.6114853196198273e-07,0.0011393056059958273,1.0786838808329349,1.0799128314254651,-0.0014730609930584393,0.9994805968154228,0.0009411074266579792,0.9985394893887648,False,False,False,-1.0
2022-05-06,2022-05-07 00:00:00,-0.18831649347998206,0.0,0.0,-0.18831649347998206,0.0,0.0,0.0,0.18831649347998206,0.18831649347998206,-0.18831649347998206,False,1.0,0.0,-0.004178752820102383,0.000786928078201267,0.0,1.6122987455477915e-07,0.0007867668483267122,1.082864105832879,1.0837160674125912,-0.0031707242315461848,0.9994780105764246,0.0009415824673999103,0.9985364281090247,False,False,False,-1.0
2022-05-07,2022-05-08 00:00:00,-0.18574231957092968,0.0,0.0,-0.18574231957092968,0.0,0.0,0.0,0.18574231957092968,0.18574231957092968,-0.18574231957092968,False,1.0,0.0,0.0020133978414589304,-0.00037397318529168466,0.0,1.5902595853675484e-07,-0.0003741322112502214,1.083729797429718,1.0833243392042078,-0.0035310456828957504,0.999297517949538,0.0009287115978546484,0.9983688063516833,False,False,False,-1.0
2022-05-08,2022-05-09 00:00:00,-0.19602375428793198,0.0,0.0,-0.19602375428793198,0.0,0.0,0.0,0.19602375428793198,0.19602375428793198,-0.19602375428793198,False,1.0,0.0,-0.0062177761284770705,0.0012188318200259582,0.0,1.6782855675336642e-07,0.001218663991469205,1.0961932219220931,1.0975291131293423,0.0,0.9998883961193266,0.0009801187714396599,0.9989082773478869,False,False,False,-1.0
2022-05-09,2022-05-10 00:00:00,-0.19643476064008816,0.0,0.0,-0.19643476064008816,0.0,0.0,0.0,0.19643476064008816,0.19643476064008816,-0.19643476064008816,False,1.0,0.0,0.0026852190894666172,-0.0005274703691055705,0.0,1.6818044575350012e-07,-0.000527638549551324,1.1097524361629165,1.1091668879971386,-0.0005284631634425718,0.998950678373794,0.0009821738032004409,0.9979685045705936,False,False,False,-1.0
2022-05-10,2022-05-11 00:00:00,-0.18569198352237157,0.0,0.0,-0.18569198352237157,0.0,0.0,0.0,0.18569198352237157,0.18569198352237157,-0.18569198352237157,False,1.0,0.0,-0.002844794111191651,0.0005282554612199397,0.0,1.5898286260477019e-07,0.0005280964783573349,1.1092842684491284,1.1098700775647936,-0.012965650038503473,0.9999543828320472,0.0009284599176118579,0.9990259229144354,False,False,False,-1.0
2022-05-11,2022-05-12 00:00:00,-0.17864304776680148,0.0,0.0,-0.17864304776680148,0.0,0.0,0.0,0.17864304776680148,0.17864304776680148,-0.17864304776680148,False,1.0,0.0,-0.014942898644005886,0.0026694449562356167,0.0,1.5294781486883689e-07,0.002669292008420748,1.1137760467962499,1.1167490402971336,-0.007627117142103512,0.9994171684383386,0.0008932152388340074,0.9985239531995046,False,False,False,-1.0
2022-05-12,2022-05-13 00:00:00,-0.18072728242425065,0.0,0.0,-0.18072728242425065,0.0,0.0,0.0,0.18072728242425065,0.18072728242425065,-0.18072728242425065,False,1.0,0.0,-0.01685253037548795,0.0030457120167340737,0.0,1.5473226234952966e-07,0.0030455572844717243,1.1391166208243777,1.1425858657467922,-0.01792301220780579,0.9995956749527208,0.0009036364121212532,0.9986920385405996,False,False,False,-1.0
2022-05-13,2022-05-14 00:00:00,-0.196703476391091,0.0,0.0,-0.196703476391091,0.0,0.0,0.0,0.196703476391091,0.196703476391091,-0.196703476391091,False,1.0,0.0,0.00193842045057524,-0.0003812940413357347,0.0,1.684105106088108e-07,-0.0003814624518463435,1.128933892354133,1.1285032464635831,-0.030027324662991628,0.999188287234844,0.000983517381955455,0.9982047698528885,False,False,False,-1.0
2022-05-14,2022-05-15 00:00:00,-0.14890318532985644,0.0,0.0,-0.14890318532985644,0.0,0.0,0.0,0.14890318532985644,0.14890318532985644,-0.14890318532985644,False,1.0,0.0,0.00044316532104016204,-6.598872793060858e-05,0.0,1.2748560387830175e-07,-6.611621353448687e-05,1.1387735284402016,1.1386982370464278,-0.021264512219459575,0.9995569136970228,0.0007445159266492822,0.9988123977703736,False,False,False,-1.0
2022-05-15,2022-05-16 00:00:00,-0.140248719332194,0.0,0.0,-0.140248719332194,0.0,0.0,0.0,0.140248719332194,0.140248719332194,-0.140248719332194,False,1.0,0.0,0.0035518274882253564,-0.0004981392565124896,0.0,1.2007595833235786e-07,-0.000498259332470822,1.1312410385333174,1.1306773871285942,-0.02815860426364114,0.9993495693604028,0.0007012435966609699,0.9986483257637417,False,False,False,-1.0
2022-05-16,2022-05-17 00:00:00,-0.13643689452888774,0.0,0.0,-0.13643689452888774,0.0,0.0,0.0,0.13643689452888774,0.13643689452888774,-0.13643689452888774,False,1.0,0.0,0.009167372170262533,-0.00125076778990117,0.0,1.1681240969939018e-07,-0.0012508846023108692,1.1355291810148198,1.1341087650468138,-0.02520926155695613,0.9983315093213887,0.0006821844726444387,0.9976493248487442,False,False,False,-1.0
2022-05-17,2022-05-18 00:00:00,-0.13120795732643586,0.0,0.0,-0.13120795732643586,0.0,0.0,0.0,0.13120795732643586,0.13120795732643586,-0.13120795732643586,False,1.0,0.0,0.0017252020430280623,-0.00022636023604110598,0.0,1.1233557990277043e-07,-0.00022647257162100874,1.1308469051228234,1.1305907993161106,-0.028233028340301503,0.9995815994535948,0.0006560397866321793,0.9989255596669626,False,False,False,-1.0
2022-05-18,2022-05-19 00:00:00,-0.131173985091926,0.0,0.0,-0.131173985091926,0.0,0.0,0.0,0.131173985091926,0.131173985091926,-0.131173985091926,False,1.0,0.0,-0.0015111832667085157,0.00019822793129839085,0.0,1.1230649408555307e-07,0.00019811562480430528,1.1380262641510712,1.1382517249354371,-0.021648298928292897,0.9999148371959555,0.0006558699254596299,0.9992589672704959,False,False,False,-1.0
2022-05-19,2022-05-20 00:00:00,-0.13067404828530024,0.0,0.0,-0.13067404828530024,0.0,0.0,0.0,0.13067404828530024,0.13067404828530024,-0.13067404828530024,False,1.0,0.0,-0.0006174547035229239,8.06853057421403e-05,0.0,1.1187846599768857e-07,8.057342727614261e-05,1.1329473921192639,1.1330386775735706,-0.026129024625887398,0.9989464607697646,0.0006533702414265012,0.998293090528338,False,False,False,-1.0
2022-05-20,2022-05-21 00:00:00,-0.13070859444099364,0.0,0.0,-0.13070859444099364,0.0,0.0,0.0,0.13070859444099364,0.13070859444099364,-0.13070859444099364,False,1.0,0.0,0.0010929743202108266,-0.00014286113715485766,0.0,1.1190804318578222e-07,-0.00014297304519804346,1.137787925349888,1.1376252523454111,-0.02218676551762444,0.9996801194718766,0.0006535429722049682,0.9990265764996716,False,False,False,-1.0
2022-05-21,2022-05-22 00:00:00,-0.13655112068900047,0.0,0.0,-0.13655112068900047,0.0,0.0,0.0,0.13655112068900047,0.13655112068900047,-0.13655112068900047,False,1.0,0.0,0.0018160571830374561,-0.00024798464357907385,0.0,1.1691020606934971e-07,-0.0002481015537851432,1.1361424930296395,1.1358606143117975,-0.023703509647364007,0.999388556043645,0.0006827556034450024,0.9987058004402,False,False,False,-1.0
2022-05-22,2022-05-23 00:00:00,-0.1361060650534128,0.0,0.0,-0.1361060650534128,0.0,0.0,0.0,0.1361060650534128,0.1361060650534128,-0.1361060650534128,False,1.0,0.0,0.003744718345114917,-0.0005096788786869192,0.0,1.1652916528545615e-07,-0.0005097954078522047,1.1344671000375013,1.1338887539195428,-0.025398365826165503,0.9988510618271634,0.000680530325267064,0.9981705315018964,False,False,False,-1.0
2022-05-23,2022-05-24 00:00:00,-0.13621793146944736,0.0,0.0,-0.13621793146944736,0.0,0.0,0.0,0.13621793146944736,0.13621793146944736,-0.13621793146944736,False,1.0,0.0,-0.0026414912111262234,0.0003598184687743394,0.0,1.1662494132658162e-07,0.00035970184383301283,1.1288276711482195,1.1292337125429013,-0.029399473445532176,0.9997499180768242,0.0006810896573472368,0.999068828419477,False,False,False,-1.0
2022-05-24,2022-05-25 00:00:00,-0.13729920942784216,0.0,0.0,-0.13729920942784216,0.0,0.0,0.0,0.13729920942784216,0.13729920942784216,-0.13729920942784216,False,1.0,0.0,0.006524415264669736,-0.0008957970578181003,0.0,1.1755069300328952e-07,-0.0008959146085111035,1.1381092783287932,1.1370896296002564,-0.022647144722307444,0.9982188519782206,0.0006864960471392108,0.9975323559310814,False,False,False,-1.0
2022-05-25,2022-05-26 00:00:00,-0.13504360653101505,0.0,0.0,-0.13504360653101505,0.0,0.0,0.0,0.13504360653101505,0.13504360653101505,-0.13504360653101505,False,1.0,0.0,0.0010396334782365457,-0.00014039585437144666,0.0,1.1561952613956768e-07,-0.00014051147389758622,1.136982793776668,1.1368230346485184,-0.022876288784922205,0.9996124193510075,0.0006752180326550753,0.9989372013183525,False,False,False,-1.0
2022-05-26,2022-05-27 00:00:00,-0.13293404590380548,0.0,0.0,-0.13293404590380548,0.0,0.0,0.0,0.13293404590380548,0.13293404590380548,-0.13293404590380548,False,1.0,0.0,0.0011672628493046844,-0.00015516897319127568,0.0,1.1381339546558687e-07,-0.00015528278658674127,1.144880701766958,1.1447029215012783,-0.01610335750991143,0.9994028074187947,0.0006646702295190274,0.9987381371892757,False,False,False,-1.0
2022-05-27,2022-05-28 00:00:00,-0.13289231322658787,0.0,0.0,-0.13289231322658787,0.0,0.0,0.0,0.13289231322658787,0.13289231322658787,-0.13289231322658787,False,1.0,0.0,-0.005107102593010171,0.0006786946774706268,0.0,1.1377766543372248e-07,0.000678580899805193,1.151711073046664,1.1524926021829276,-0.009407960368185808,0.9996500513278768,0.0006644615661329393,0.9989855897617438,False,False,False,-1.0
2022-05-28,2022-05-29 00:00:00,-0.13076751854820787,0.0,0.0,-0.13076751854820787,0.0,0.0,0.0,0.13076751854820787,0.13076751854820787,-0.13076751854820787,False,1.0,0.0,-0.0010851720971646328,0.00014190526234397375,0.0,1.119584919077122e-07,0.00014179330385206604,1.1496289068262346,1.1497919165071375,-0.011729257465380227,0.9997211715518787,0.0006538375927410393,0.9990673339591376,False,False,False,-1.0
2022-05-29,2022-05-30 00:00:00,-0.1292495549347646,0.0,0.0,-0.1292495549347646,0.0,0.0,0.0,0.1292495549347646,0.1292495549347646,-0.1292495549347646,False,1.0,0.0,0.0003617502031367792,-4.675605275298939e-05,0.0,1.1065886552633954e-07,-4.686671161851573e-05,1.1495767630763645,1.1495228861937261,-0.011960494773437746,0.9998430767334399,0.000646247774673823,0.999196828958766,False,False,False,-1.0
2022-05-30,2022-05-31 00:00:00,-0.1286151114326643,0.0,0.0,-0.1286151114326643,0.0,0.0,0.0,0.1286151114326643,0.1286151114326643,-0.1286151114326643,False,1.0,0.0,0.0008372930316287164,-0.00010768853656472066,0.0,1.1011567759645916e-07,-0.00010779865224231712,1.140397557731577,1.1402746244118331,-0.01990957356511247,0.999638460233477,0.0006430755571633215,0.9989953846763137,False,False,False,-1.0
2022-05-31,2022-06-01 00:00:00,-0.12826170352800598,0.0,0.0,-0.12826170352800598,0.0,0.0,0.0,0.12826170352800598,0.12826170352800598,-0.12826170352800598,False,1.0,0.0,0.012478853718688176,-0.0016005590360357379,0.0,1.0981310233562155e-07,-0.0016006688491380734,1.136395015484802,1.1345760233831996,-0.02480764302370153,0.9978150519437504,0.0006413085176400298,0.9971737434261104,False,False,False,-1.0
2022-06-01,2022-06-02 00:00:00,-0.12139032817507517,0.0,0.0,-0.12139032817507517,0.0,0.0,0.0,0.12139032817507517,0.12139032817507517,-0.12139032817507517,False,1.0,0.0,-0.0031472533062053554,0.00038204611169035844,0.0,1.0393007549235888e-07,0.0003819421816148661,1.1416487116305516,1.1420847554301097,-0.01835372724210871,0.9995914797720736,0.0006069516408753759,0.9989845281311982,False,False,False,-1.0
2022-06-02,2022-06-03 00:00:00,-0.11880336256337229,0.0,0.0,-0.11880336256337229,0.0,0.0,0.0,0.11880336256337229,0.11880336256337229,-0.11880336256337229,False,1.0,0.0,-0.002766722476875483,0.00032869593353246937,0.0,1.0171520767412011e-07,0.00032859421832479523,1.1462765948905145,1.1466532547521966,-0.014427004369483853,0.9997846807092651,0.0005940168128168615,0.9991906638964482,False,False,False,-1.0
2022-06-03,2022-06-04 00:00:00,-0.11745477369028634,0.0,0.0,-0.11745477369028634,0.0,0.0,0.0,0.11745477369028634,0.11745477369028634,-0.11745477369028634,False,1.0,0.0,-0.0005498367495011536,6.458095097926065e-05,0.0,1.0056059391291639e-07,6.448039038534774e-05,1.150504553912087,1.1505787388948634,-0.011052966795566777,0.9999086871684353,0.0005872738684514317,0.9993214132999838,False,False,False,-1.0
2022-06-04,2022-06-05 00:00:00,-0.11716302219898274,0.0,0.0,-0.11716302219898274,0.0,0.0,0.0,0.11716302219898274,0.11716302219898274,-0.11716302219898274,False,1.0,0.0,0.0008159774002398645,-9.560237825817147e-05,0.0,1.0031080667721125e-07,-9.570268906484868e-05,1.149474246318872,1.1493642385424885,-0.01209685582263198,0.9998278154083287,0.0005858151109949137,0.9992420002973338,False,False,False,-1.0
2022-06-05,2022-06-06 00:00:00,-0.11746536217883544,0.0,0.0,-0.11746536217883544,0.0,0.0,0.0,0.11746536217883544,0.11746536217883544,-0.11746536217883544,False,1.0,0.0,0.004808812273286778,-0.0005648688753316603,0.0,1.0056965939968788e-07,-0.00056496944499106,1.1474727089442913,1.1468244219247767,-0.014279882523943965,0.9992890898075184,0.0005873268108941772,0.9987017629966243,False,False,False,-1.0
2022-06-06,2022-06-07 00:00:00,-0.11735802395629033,0.0,0.0,-0.11735802395629033,0.0,0.0,0.0,0.11735802395629033,0.11735802395629033,-0.11735802395629033,False,1.0,0.0,0.0006629400596116497,-7.780133539748852e-05,0.0,1.0047776023654994e-07,-7.790181315772507e-05,1.1413829960769912,1.1412940802720895,-0.01903332945038838,0.9995380707953203,0.0005867901197814517,0.9989512806755388,False,False,False,-1.0
2022-06-07,2022-06-08 00:00:00,-0.11638642408572805,0.0,0.0,-0.11638642408572805,0.0,0.0,0.0,0.11638642408572805,0.11638642408572805,-0.11638642408572805,False,1.0,0.0,0.0013094595809730603,-0.00015240331811425034,0.0,9.96459110323014e-08,-0.00015250296402528264,1.1489137401245921,1.1487385273738138,-0.01263466795402779,0.9996780873390151,0.0005819321204286403,0.9990961552185864,False,False,False,-1.0
2022-06-08,2022-06-09 00:00:00,-0.1139329921395755,0.0,0.0,-0.1139329921395755,0.0,0.0,0.0,0.1139329921395755,0.1139329921395755,-0.1139329921395755,False,1.0,0.0,0.001959831730503847,-0.00022328949314638546,0.0,9.754536998251327e-08,-0.00022338703851636796,1.1464152329072386,1.1461591386034493,-0.014851707766863953,0.9996074161342826,0.0005696649606978775,0.9990377511735847,False,False,False,-1.0
2022-06-09,2022-06-10 00:00:00,-0.11486079799113558,0.0,0.0,-0.11486079799113558,0.0,0.0,0.0,0.11486079799113558,0.11486079799113558,-0.11486079799113558,False,1.0,0.0,0.00037248710193926726,-4.2784165770149705e-05,0.0,9.833972430747908e-08,-4.2882505494457186e-05,1.1472773548225026,1.1472281566950309,-0.013932863854341448,0.9997898122492552,0.0005743039899556779,0.9992155082592995,False,False,False,-1.0
2022-06-10,2022-06-11 00:00:00,-0.11595653439691651,0.0,0.0,-0.11595653439691651,0.0,0.0,0.0,0.11595653439691651,0.11595653439691651,-0.11595653439691651,False,1.0,0.0,-0.002379769647539831,0.0002759498409916903,0.0,9.927785479188056e-08,0.0002758505631368984,1.1522666496870027,1.1525845030912025,-0.009328969572062973,0.9997494025655168,0.0005797826719845826,0.9991696198935323,False,False,False,-1.0
2022-06-11,2022-06-12 00:00:00,-0.11595703031159774,0.0,0.0,-0.11595703031159774,0.0,0.0,0.0,0.11595703031159774,0.11595703031159774,-0.11595703031159774,False,1.0,0.0,0.009381237524950015,-0.001087820444040927,0.0,9.927827937636792e-08,-0.0010879197223203035,1.1710146176060856,1.1697406477084666,-0.001087919722320252,0.998466151046009,0.0005797851515579887,0.997886365894451,False,False,False,-1.0
2022-06-12,2022-06-13 00:00:00,-0.11601234455937118,0.0,0.0,-0.11601234455937118,0.0,0.0,0.0,0.11601234455937118,0.11601234455937118,-0.11601234455937118,False,1.0,0.0,-0.003915171288743857,0.00045420820055870967,0.0,9.932563746521504e-08,0.00045410887492124445,1.1680699591065407,1.1686003900414998,-0.0076416613309356896,0.9998530400228485,0.0005800617227968559,0.9992729783000516,False,False,False,-1.0
2022-06-13,2022-06-14 00:00:00,-0.11863959432112607,0.0,0.0,-0.11863959432112607,0.0,0.0,0.0,0.11863959432112607,0.11863959432112607,-0.11863959432112607,False,1.0,0.0,-0.010613814857731496,0.001259218688920805,0.0,1.015749951379504e-07,0.001259117113925667,1.1964323228092784,1.1979387712225813,-0.004518325796964873,0.9998299659559919,0.0005931979716056303,0.9992367679843863,False,False,False,-1.0
2022-06-14,2022-06-15 00:00:00,-0.1237886076956154,0.0,0.0,-0.1237886076956154,0.0,0.0,0.0,0.1237886076956154,0.1237886076956154,-0.1237886076956154,False,1.0,0.0,0.008689898900247961,-0.0010757104858773545,0.0,1.0598339699967072e-07,-0.0010758164692743542,1.1956265043923195,1.1943402297077934,-0.01706277034649273,0.9976966550375566,0.000618943038478077,0.9970777119990785,False,False,False,-1.0
2022-06-15,2022-06-16 00:00:00,-0.09429855755806217,0.0,0.0,-0.09429855755806217,0.0,0.0,0.0,0.09429855755806217,0.09429855755806217,-0.09429855755806217,False,1.0,0.0,0.009653344870477643,-0.0009102964968965601,0.0,8.073506640245049e-08,-0.0009103772319629626,1.207619200551199,1.2065198115261357,-0.009050526671446901,0.9986094009932971,0.00047149278779031085,0.9981379082055067,False,False,False,-1.0
2022-06-16,2022-06-17 00:00:00,-0.09594665873488069,0.0,0.0,-0.09594665873488069,0.0,0.0,0.0,0.09594665873488069,0.09594665873488069,-0.09594665873488069,False,1.0,0.0,-0.005167059327479073,0.0004957620779565167,0.0,8.214611193054854e-08,0.0004956799318445861,1.2053658459887275,1.205963321649115,-0.009507587836359521,0.9998346638279025,0.00047973329367440346,0.9993549305342281,False,False,False,-1.0
2022-06-17,2022-06-18 00:00:00,-0.09172049134812896,0.0,0.0,-0.09172049134812896,0.0,0.0,0.0,0.09172049134812896,0.09172049134812896,-0.09172049134812896,False,1.0,0.0,0.008433443671662877,-0.0007735195973216878,0.0,7.85278179350419e-08,-0.0007735981251396229,1.2096199425631513,1.208684182843453,-0.007272866166834091,0.9990703334224791,0.0004586024567406448,0.9986117309657384,False,False,False,-1.0
2022-06-18,2022-06-19 00:00:00,-0.09249419190696827,0.0,0.0,-0.09249419190696827,0.0,0.0,0.0,0.09249419190696827,0.09249419190696827,-0.09249419190696827,False,1.0,0.0,-0.002940228773964826,0.00027195408446949263,0.0,7.919023279706187e-08,0.00027187489423669556,1.218268121691852,1.2185993382085891,-0.0003047847231847367,0.9997987492952282,0.0004624709595348413,0.9993362783356933,False,False,False,-1.0
2022-06-19,2022-06-20 00:00:00,-0.09297793490785489,0.0,0.0,-0.09297793490785489,0.0,0.0,0.0,0.09297793490785489,0.09297793490785489,-0.09297793490785489,False,1.0,0.0,0.016762161341731696,-0.0015585111461464912,0.0,7.960439632521822e-08,-0.0015585907505428164,1.210720527702684,1.2088335098867145,-0.016860358007072973,0.9978090082920226,0.00046488967453927444,0.9973441186174833,False,False,False,-1.0
2022-06-20,2022-06-21 00:00:00,-0.09216504288364288,0.0,0.0,-0.09216504288364288,0.0,0.0,0.0,0.09216504288364288,0.09216504288364288,-0.09216504288364288,False,1.0,0.0,0.005300854519022735,-0.0004885534840656826,0.0,7.890842712640657e-08,-0.000488632392492809,1.2026355031661233,1.2020478565029145,-0.022379103792886212,0.9992262419119571,0.0004608252144182144,0.9987654166975388,False,False,False,-1.0
2022-06-21,2022-06-22 00:00:00,-0.08768257009695479,0.0,0.0,-0.08768257009695479,0.0,0.0,0.0,0.08768257009695479,0.08768257009695479,-0.08768257009695479,False,1.0,0.0,-0.000803803529894731,7.047955935417446e-05,0.0,7.507069357615993e-08,7.04044886605983e-05,1.1986388664730936,1.1987232560295764,-0.025082988564771314,0.9997195062569824,0.00043841285048477397,0.9992810934064976,False,False,False,-1.0
2022-06-22,2022-06-23 00:00:00,-0.08575040597555274,0.0,0.0,-0.08575040597555274,0.0,0.0,0.0,0.08575040597555274,0.08575040597555274,-0.08575040597555274,False,1.0,0.0,-0.013960228940416819,0.0011970952991524027,0.0,7.34164434722198e-08,0.0011970218827089304,1.2056883787648343,1.2071316141379436,-0.018244503270644197,0.9997914967187238,0.0004287520298777637,0.999362744688846,False,False,False,-1.0
2022-06-23,2022-06-24 00:00:00,-0.08522510000460953,0.0,0.0,-0.08522510000460953,0.0,0.0,0.0,0.08522510000460953,0.08522510000460953,-0.08522510000460953,False,1.0,0.0,0.0016850588396903898,-0.00014360930812626476,0.0,7.296669520942597e-08,-0.00014368227482147418,1.205365945521767,1.205192755800722,-0.01982136929556899,0.9995495869746697,0.00042612550002304767,0.9991234614746466,False,False,False,-1.0
2022-06-24,2022-06-25 00:00:00,-0.08463695108417124,0.0,0.0,-0.08463695108417124,0.0,0.0,0.0,0.08463695108417124,0.08463695108417124,-0.08463695108417124,False,1.0,0.0,0.0017140468227423433,-0.00014507169709242286,0.0,7.246314305151647e-08,-0.00014514416023547438,1.19596978383759,1.195796195807648,-0.027463555379922067,0.9994656390914678,0.0004231847554208562,0.999042454336047,False,False,False,-1.0
2022-06-25,2022-06-26 00:00:00,0.08445367996225432,0.0,0.0,0.08445367996225432,0.0,0.0,0.08445367996225432,0.0,0.08445367996225432,0.08445367996225432,False,1.0,0.0,-0.011371036417372027,-0.0009603258704318761,0.0,7.230623284439582e-08,-0.0009603981766647205,1.196635110881584,1.1954858647029605,-0.02771594647320863,0.9988520491937207,0.0004222683998112716,0.9984297807939094,False,False,False,1.0
2022-06-26,2022-06-27 00:00:00,0.0805173373745487,0.0,0.0,0.0805173373745487,0.0,0.0,0.0805173373745487,0.0,0.0805173373745487,0.0805173373745487,False,1.0,0.0,0.0007608482230512248,6.126147306624135e-05,0.0,6.893607651930539e-08,6.119253698972205e-05,1.1986149765154532,1.1986883228067402,-0.025111399620480812,0.9999505266501604,0.00040258668687274355,0.9995479399632876,False,False,False,1.0
2022-06-27,2022-06-28 00:00:00,0.08097727480270461,0.0,0.0,0.08097727480270461,0.0,0.0,0.08097727480270461,0.0,0.08097727480270461,0.08097727480270461,False,1.0,0.0,-0.0009338324990536551,-7.561921089556422e-05,0.0,6.932985856395942e-08,-7.568854075412817e-05,1.1959906941194984,1.195900171329105,-0.02737899248841935,0.9997744355457592,0.0004048863740135231,0.9993695491717457,False,False,False,1.0
2022-06-28,2022-06-29 00:00:00,0.08079250442055816,0.0,0.0,0.08079250442055816,0.0,0.0,0.08079250442055816,0.0,0.08079250442055816,0.08079250442055816,False,1.0,0.0,-0.0009447888987305086,-7.633186127717889e-05,0.0,6.917166474362856e-08,-7.640103294192252e-05,1.195813175299899,1.1957218139381005,-0.027524049868203115,0.9997852474684932,0.0004039625221027908,0.9993812849463903,False,False,False,1.0
2022-06-29,2022-06-30 00:00:00,0.08098985094022727,0.0,0.0,0.08098985094022727,0.0,0.0,0.08098985094022727,0.0,0.08098985094022727,0.08098985094022727,False,1.0,0.0,0.0026903489355574184,0.00021789095926799443,0.0,6.93406258049891e-08,0.00021782161864218944,1.1896657104970882,1.1899248454077918,-0.03223870206713675,0.9999613078471963,0.00040494925470113636,0.9995563585924951,False,False,False,1.0
2022-06-30,2022-07-01 00:00:00,0.08102414522016928,0.0,0.0,0.08102414522016928,0.0,0.0,0.08102414522016928,0.0,0.08102414522016928,0.08102414522016928,False,1.0,0.0,-0.0009586335115036038,-7.767246084898881e-05,0.0,6.936998734603534e-08,-7.774183083633484e-05,1.182744949014407,1.1826530002566582,-0.03815286574645382,0.9995550792633321,0.0004051207261008464,0.9991499585372312,False,False,False,1.0
2022-07-01,2022-07-02 00:00:00,-0.08237834024483565,0.0,0.0,-0.08237834024483565,0.0,0.0,0.0,0.08237834024483565,0.08237834024483565,-0.08237834024483565,False,1.0,0.0,-0.0016060462919226248,0.00013230342788495862,0.0,7.052940089455106e-08,0.00013223289848406406,1.1793212657650676,1.1794772108342837,-0.040735723063216045,0.9998901954510004,0.00041189170122417823,0.9994783037497763,False,False,False,-1.0
2022-07-02,2022-07-03 00:00:00,-0.0824116316617955,0.0,0.0,-0.0824116316617955,0.0,0.0,0.0,0.0824116316617955,0.0824116316617955,-0.0824116316617955,False,1.0,0.0,0.004072018462360161,-0.0003355816856400565,0.0,7.055790382003039e-08,-0.00033565224354387656,1.1801129900096505,1.1797168824369184,-0.040540799071050904,0.9994678713597113,0.00041205815830897756,0.9990558132014022,False,False,False,-1.0
2022-07-03,2022-07-04 00:00:00,-0.08212568557437573,0.0,0.0,-0.08212568557437573,0.0,0.0,0.0,0.08212568557437573,0.08212568557437573,-0.08212568557437573,False,1.0,0.0,-0.0026867683777804796,0.00022065269500477522,0.0,7.031308696436278e-08,0.00022058238191781086,1.1796328669774536,1.17989307320504,-0.040397503797320544,0.9999687420268416,0.0004106284278718787,0.9995581135989697,False,False,False,-1.0
2022-07-04,2022-07-05 00:00:00,-0.08214410052852977,0.0,0.0,-0.08214410052852977,0.0,0.0,0.0,0.08214410052852977,0.08214410052852977,-0.08214410052852977,False,1.0,0.0,0.001044301803221126,-8.578323230592108e-05,0.0,7.03288531922344e-08,-8.585356115911332e-05,1.1743932119529656,1.1742923861135184,-0.04495252105738068,0.999789908654122,0.00041072050264264886,0.9993791881514793,False,False,False,-1.0
2022-07-05,2022-07-06 00:00:00,-0.08211057727077745,0.0,0.0,-0.08211057727077745,0.0,0.0,0.0,0.08211057727077745,0.08211057727077745,-0.08211057727077745,False,1.0,0.0,0.004520895357812416,-0.0003712133276107554,0.0,7.03001517729259e-08,-0.0003712836277625283,1.1762570328148607,1.1758203078365361,-0.04370986819950151,0.9995079965909006,0.0004105528863538872,0.9990974437045468,False,False,False,-1.0
2022-07-06,2022-07-07 00:00:00,-0.08055385798364326,0.0,0.0,-0.08055385798364326,0.0,0.0,0.0,0.08055385798364326,0.08055385798364326,-0.08055385798364326,False,1.0,0.0,0.0032579057332058348,-0.00026243687575676,0.0,6.896734416407813e-08,-0.00026250584310092404,1.172569271828872,1.1722614655435764,-0.04660426094192105,0.9995620608106052,0.0004027692899182163,0.9991592915206869,False,False,False,-1.0
2022-07-07,2022-07-08 00:00:00,-0.08093745864227261,0.0,0.0,-0.08093745864227261,0.0,0.0,0.0,0.08093745864227261,0.08093745864227261,-0.08093745864227261,False,1.0,0.0,0.0023087667406129775,-0.00018686571258301742,0.0,6.929576938550736e-08,-0.00018693500835240294,1.1654184547090178,1.1652005972004527,-0.05234683799512374,0.9997552097710258,0.0004046872932113631,0.9993505224778144,False,False,False,-1.0
2022-07-08,2022-07-09 00:00:00,-0.08109972802683195,0.0,0.0,-0.08109972802683195,0.0,0.0,0.0,0.08109972802683195,0.08109972802683195,-0.08109972802683195,False,1.0,0.0,-0.0006711735023937626,5.443198850295039e-05,0.0,6.943469865310955e-08,5.436255380429728e-05,1.1637616019672232,1.1638248670199256,-0.05346571405712908,0.9998451600919677,0.0004054986401341598,0.9994396614518335,False,False,False,-1.0
2022-07-09,2022-07-10 00:00:00,-0.07921790208426321,0.0,0.0,-0.07921790208426321,0.0,0.0,0.0,0.07921790208426321,0.07921790208426321,-0.07921790208426321,False,1.0,0.0,0.0005269788467396896,-4.174615868150269e-05,0.0,6.782354630501987e-08,-4.181398222780771e-05,1.165367611549244,1.1653188828886458,-0.05225063670008023,0.9998733891329503,0.0003960895104213161,0.999477299622529,False,False,False,-1.0
2022-07-10,2022-07-11 00:00:00,-0.07931608513268079,0.0,0.0,-0.07931608513268079,0.0,0.0,0.0,0.07931608513268079,0.07931608513268079,-0.07931608513268079,False,1.0,0.0,0.0014201244545430924,-0.0001126387121355418,0.0,6.790760713414451e-08,-0.00011270661974267593,1.1694139510185395,1.1692821503250401,-0.049027326544735406,0.999834045989066,0.00039658042566340394,0.9994374655634026,False,False,False,-1.0
2022-07-11,2022-07-12 00:00:00,-0.07931677462901597,0.0,0.0,-0.07931677462901597,0.0,0.0,0.0,0.07931677462901597,0.07931677462901597,-0.07931677462901597,False,1.0,0.0,0.002252607590498723,-0.00017866956858319792,0.0,6.79081974563493e-08,-0.00017873747678065426,1.171041903939827,1.1708325948647125,-0.04776635596673895,0.9997844162697761,0.0003965838731450799,0.999387832396631,False,False,False,-1.0
2022-07-12,2022-07-13 00:00:00,-0.0792749347575529,0.0,0.0,-0.0792749347575529,0.0,0.0,0.0,0.0792749347575529,0.0792749347575529,-0.0792749347575529,False,1.0,0.0,6.505213463947612e-05,-5.157003729384017e-06,0.0,6.787237564858981e-08,-5.224876105032607e-06,1.1764210632552887,1.1764149166009858,-0.04322627517943223,0.9998083862748192,0.0003963746737877645,0.9994120116010314,False,False,False,-1.0
2022-07-13,2022-07-14 00:00:00,-0.08388480440856598,0.0,0.0,-0.08388480440856598,0.0,0.0,0.0,0.08388480440856598,0.08388480440856598,-0.08388480440856598,False,1.0,0.0,0.0016154325769457412,-0.00013551024575231922,0.0,7.181918185664895e-08,-0.00013558206493417588,1.1776820030903923,1.1775223305325775,-0.04232561969020365,0.9995204913464314,0.0004194240220428299,0.9991010673243885,False,False,False,-1.0
2022-07-14,2022-07-15 00:00:00,-0.08309352957051587,0.0,0.0,-0.08309352957051587,0.0,0.0,0.0,0.08309352957051587,0.08309352957051587,-0.08309352957051587,False,1.0,0.0,0.007629206438908964,-0.0006339376908310521,0.0,7.114172052270193e-08,-0.0006340088325515748,1.1709873634909116,1.170244947159652,-0.048244287583992906,0.9988024909978208,0.00041546764785257935,0.9983870233499682,False,False,False,-1.0
2022-07-15,2022-07-16 00:00:00,-0.10415552420802773,0.0,0.0,-0.10415552420802773,0.0,0.0,0.0,0.10415552420802773,0.10415552420802773,-0.10415552420802773,False,1.0,0.0,-0.004350092867151045,0.00045308620293171945,0.0,8.917425017810593e-08,0.00045299702868154137,1.1611130616799015,1.1616390424468057,-0.05524343677138266,0.9996825807884905,0.0005207776210401386,0.9991618031674503,False,False,False,-1.0
2022-07-16,2022-07-17 00:00:00,-0.10052661742211152,0.0,0.0,-0.10052661742211152,0.0,0.0,0.0,0.10052661742211152,0.10052661742211152,-0.10052661742211152,False,1.0,0.0,0.008483026034660224,-0.0008527699127681001,0.0,8.606730943673933e-08,-0.0008528559800775368,1.1576088785511827,1.1566216048965194,-0.05932409942390349,0.9988703119960015,0.0005026330871105576,0.998367678908891,False,False,False,-1.0
2022-07-17,2022-07-18 00:00:00,-0.10541387073428775,0.0,0.0,-0.10541387073428775,0.0,0.0,0.0,0.10541387073428775,0.10541387073428775,-0.10541387073428775,False,1.0,0.0,0.0010218588946151463,-0.00010771810142564321,0.0,9.025160165606827e-08,-0.00010780835302729927,1.1492564431566639,1.1491325437123212,-0.06541492406706362,0.9997875958093565,0.0005270693536714387,0.9992605264556851,False,False,False,-1.0
2022-07-18,2022-07-19 00:00:00,0.1044421340562656,0.0,0.0,0.1044421340562656,0.0,0.0,0.1044421340562656,0.0,0.1044421340562656,0.1044421340562656,False,1.0,0.0,0.02113673750293743,0.0022075659717938874,0.0,8.941963532214519e-08,0.0022074765521585653,1.1611696670685725,1.163732921881704,-0.05354049268423933,0.9995258589294965,0.000522210670281328,0.9990036482592152,False,False,False,1.0
2022-07-19,2022-07-20 00:00:00,0.10328802126467232,0.0,0.0,0.10328802126467232,0.0,0.0,0.10328802126467232,0.0,0.10328802126467232,0.10328802126467232,False,1.0,0.0,0.012388705498638686,0.0012796048769851554,0.0,8.843152505537014e-08,0.0012795164454601,1.1639893915198076,1.1654787350885984,-0.05212062952097085,0.9999992323726803,0.0005164401063233616,0.999482792266357,False,False,False,1.0
2022-07-20,2022-07-21 00:00:00,0.10255807150926216,0.0,0.0,0.10255807150926216,0.0,0.0,0.10255807150926216,0.0,0.10255807150926216,0.10255807150926216,False,1.0,0.0,0.00038845657431441083,3.9839357126780353e-05,0.0,8.780656807299842e-08,3.9751550558707354e-05,1.169978651807835,1.1700251602733651,-0.04842303941286907,0.9996342897062523,0.0005127903575463109,0.9991214993487061,False,False,False,1.0
2022-07-21,2022-07-22 00:00:00,0.10554466859365128,0.0,0.0,0.10554466859365128,0.0,0.0,0.10554466859365128,0.0,0.10554466859365128,0.10554466859365128,False,1.0,0.0,0.0005233035690628274,5.523190177061102e-05,0.0,9.036358612470143e-08,5.5141538184486315e-05,1.1633374102931484,1.1634015585073794,-0.0538099892414895,0.9997069708156304,0.0005277233429682563,0.9991792474726622,False,False,False,1.0
2022-07-22,2022-07-23 00:00:00,0.10656509054800878,0.0,0.0,0.10656509054800878,0.0,0.0,0.10656509054800878,0.0,0.10656509054800878,0.10656509054800878,False,1.0,0.0,0.0011442447666696332,0.00012193654716923464,0.0,9.123723505822669e-08,0.00012184530993417641,1.1685956049464865,1.168737992840159,-0.049469887733268325,0.9998583268829963,0.0005328254527400439,0.9993255014302562,False,False,False,1.0
2022-07-23,2022-07-24 00:00:00,0.10382145278038885,0.0,0.0,0.10382145278038885,0.0,0.0,0.10382145278038885,0.0,0.10382145278038885,0.10382145278038885,False,1.0,0.0,0.001636145005815326,0.00016986695146312488,0.0,8.888823012019593e-08,0.00016977806323300467,1.164711264434115,1.1649090068568164,-0.05258398729956182,0.9997017912009691,0.0005191072639019442,0.9991826839370672,False,False,False,1.0
2022-07-24,2022-07-25 00:00:00,0.10964071489572187,0.0,0.0,0.10964071489572187,0.0,0.0,0.10964071489572187,0.0,0.10964071489572187,0.10964071489572187,False,1.0,0.0,0.003934213966459543,0.00043135003183535786,0.0,9.387047508195366e-08,0.0004312561613602759,1.1717338369258579,1.1722391543625064,-0.04662240653963179,0.9999582726612624,0.0005482035744786094,0.9994100690867838,False,False,False,1.0
2022-07-25,2022-07-26 00:00:00,0.1081078744297065,0.0,0.0,0.1081078744297065,0.0,0.0,0.1081078744297065,0.0,0.1081078744297065,0.1081078744297065,False,1.0,0.0,-0.0010929963152280786,-0.00011816150839880902,0.0,9.255811166926926e-08,-0.00011825406651047829,1.1655938361458493,1.1654559999348255,-0.052139119934049405,0.9996355171614969,0.0005405393721485325,0.9990949777893484,False,False,False,1.0
2022-07-26,2022-07-27 00:00:00,0.11165950677147057,0.0,0.0,0.11165950677147057,0.0,0.0,0.11165950677147057,0.0,0.11165950677147057,0.11165950677147057,False,1.0,0.0,-0.005810111045747357,-0.000648754133655623,0.0,9.55988927837933e-08,-0.0006488497325484068,1.1523025471633788,1.151554875963837,-0.06344485056805349,0.9988718831512134,0.0005582975338573529,0.9983135856173561,False,False,False,1.0
2022-07-27,2022-07-28 00:00:00,0.10865349335954226,0.0,0.0,0.10865349335954226,0.0,0.0,0.10865349335954226,0.0,0.10865349335954226,0.10865349335954226,False,1.0,0.0,0.0021133396150223582,0.0002296217318272894,0.0,9.302525116399166e-08,0.0002295287065761254,1.1619650783538276,1.1622317826953488,-0.05476136340811033,0.9999662681223156,0.0005432674667977113,0.9994230006555179,False,False,False,1.0
2022-07-28,2022-07-29 00:00:00,0.10004160379043106,0.0,0.0,0.10004160379043106,0.0,0.0,0.10004160379043106,0.0,0.10004160379043106,0.10004160379043106,False,1.0,0.0,0.009974464902388291,0.00099786146578629,0.0,8.565205803975261e-08,0.0009977758137282504,1.1788488013019955,1.1800250281239772,-0.04029018536951223,0.9995825311689313,0.0005002080189521553,0.9990823231499791,False,False,False,1.0
2022-07-29,2022-07-30 00:00:00,0.09718751871163424,0.0,0.0,0.09718751871163424,0.0,0.0,0.09718751871163424,0.0,0.09718751871163424,0.09718751871163424,False,1.0,0.0,-0.0010847685730361878,-0.00010542596598974727,0.0,8.320849204763205e-08,-0.00010550917448179491,1.1798521137080513,1.1797276284855234,-0.04053205935107129,0.9996126032159199,0.0004859375935581712,0.9991266656223617,False,False,False,1.0
2022-07-30,2022-07-31 00:00:00,0.08798793105079987,0.0,0.0,0.08798793105079987,0.0,0.0,0.08798793105079987,0.0,0.08798793105079987,0.08798793105079987,False,1.0,0.0,0.001101143805922078,9.688736527248715e-05,0.0,7.533213274897249e-08,9.681203313973818e-05,1.1803323712755183,1.1804466416521622,-0.039947288709410556,0.9998954283472069,0.00043993965525399937,0.9994554886919529,False,False,False,1.0
2022-07-31,2022-08-01 00:00:00,0.09023893941719645,0.0,0.0,0.09023893941719645,0.0,0.0,0.09023893941719645,0.0,0.09023893941719645,0.09023893941719645,False,1.0,0.0,0.0007189829022358207,6.48802545568583e-05,0.0,7.725936593938052e-08,6.480299519091892e-05,1.178919295898684,1.1789956934001466,-0.041127339339517954,0.999865414895821,0.00045119469708598223,0.999414220198735,False,False,False,1.0
2022-08-01,2022-08-02 00:00:00,0.09435131780001868,0.0,0.0,0.09435131780001868,0.0,0.0,0.09435131780001868,0.0,0.09435131780001868,0.09435131780001868,False,1.0,0.0,0.00010760787689667595,1.0152944990863561e-05,0.0,8.078023784248175e-08,1.0072164753021079e-05,1.1765069841565419,1.1765188341287196,-0.04314175945400167,0.9998876727723632,0.0004717565890000934,0.9994159161833631,False,False,False,1.0
2022-08-02,2022-08-03 00:00:00,0.09389460267479767,0.0,0.0,0.09389460267479767,0.0,0.0,0.09389460267479767,0.0,0.09389460267479767,0.09389460267479767,False,1.0,0.0,0.0017030224036593822,0.00015990461193787658,0.0,8.038921461883362e-08,0.00015982422272325776,1.1735202729949636,1.173707829960445,-0.045427938327299966,0.9997967195263011,0.00046947301337398837,0.9993272465129271,False,False,False,1.0
2022-08-03,2022-08-04 00:00:00,0.09333441076416138,0.0,0.0,0.09333441076416138,0.0,0.0,0.09333441076416138,0.0,0.09333441076416138,0.09333441076416138,False,1.0,0.0,-0.002277410259190926,-0.00021256074460984114,0.0,7.990959825698748e-08,-0.00021264065420809812,1.1758449686285104,1.1755949361851339,-0.04389316209635552,0.9994499613384746,0.0004666720538208069,0.9989832892846539,False,False,False,1.0
2022-08-04,2022-08-05 00:00:00,0.092640024786072,0.0,0.0,0.092640024786072,0.0,0.0,0.092640024786072,0.0,0.092640024786072,0.092640024786072,False,1.0,0.0,0.004727455944464776,0.0004379516358702802,0.0,7.931508971410273e-08,0.00043787232078056613,1.172424945175985,1.1729383176076702,-0.046053779762723956,0.9999814806160315,0.00046320012393036,0.9995182804921012,False,False,False,1.0
2022-08-05,2022-08-06 00:00:00,0.09354142150674927,0.0,0.0,0.09354142150674927,0.0,0.0,0.09354142150674927,0.0,0.09354142150674927,0.09354142150674927,False,1.0,0.0,-0.0019238582319623942,-0.00017996043379522373,0.0,8.008683348180588e-08,-0.00018004052062870553,1.1769396776951913,1.1767277808628704,-0.04297182387914489,0.9998216361293756,0.0004677071075337463,0.9993539290218418,False,False,False,1.0
2022-08-06,2022-08-07 00:00:00,0.09327492481906174,0.0,0.0,0.09327492481906174,0.0,0.0,0.09327492481906174,0.0,0.09327492481906174,0.09327492481906174,False,1.0,0.0,0.00026823095851757905,2.5019222489872055e-05,0.0,7.985866850947068e-08,2.4939363821362583e-05,1.179649298041471,1.1796787177444965,-0.040571838268539606,0.9998982115629488,0.0004663746240953087,0.9994318369388535,False,False,False,1.0
2022-08-07,2022-08-08 00:00:00,0.09333048298664448,0.0,0.0,0.09333048298664448,0.0,0.0,0.09333048298664448,0.0,0.09333048298664448,0.09333048298664448,False,1.0,0.0,-0.0011875018371005908,-0.00011083012000412576,0.0,7.990623543377095e-08,-0.00011091002623955952,1.1787820139901313,1.178651275246029,-0.04140745329893891,0.9997425966963293,0.0004666524149332224,0.999275944281396,False,False,False,1.0
2022-08-08,2022-08-09 00:00:00,0.09514720351470711,0.0,0.0,0.09514720351470711,0.0,0.0,0.09514720351470711,0.0,0.09514720351470711,0.09514720351470711,False,1.0,0.0,8.451370812356807e-05,8.041242986615686e-06,0.0,8.146164684478348e-08,7.959781339770903e-06,1.1835877751547985,1.1835971962546852,-0.037384954774529855,0.9995388872737878,0.00047573601757353555,0.9990631512562143,False,False,False,1.0
2022-08-09,2022-08-10 00:00:00,0.09492809330887012,0.0,0.0,0.09492809330887012,0.0,0.0,0.09492809330887012,0.0,0.09492809330887012,0.09492809330887012,False,1.0,0.0,-0.002568837748893049,-0.00024385486952226723,0.0,8.1274052490471e-08,-0.0002439361435747577,1.1781144636024425,1.1778270789035017,-0.042077769012804356,0.9996481833611527,0.0004746404665443506,0.9991735428946084,False,False,False,1.0
2022-08-10,2022-08-11 00:00:00,0.09481373503085705,0.0,0.0,0.09481373503085705,0.0,0.0,0.09481373503085705,0.0,0.09481373503085705,0.09481373503085705,False,1.0,0.0,-0.0016410724571528368,-0.00015559620911892658,0.0,8.117614300587076e-08,-0.00015567738526193244,1.1878650192272422,1.1876800955070048,-0.034064348523636934,0.9997819810872434,0.00047406867515428525,0.999307912412089,False,False,False,1.0
2022-08-11,2022-08-12 00:00:00,0.09428315389345934,0.0,0.0,0.09428315389345934,0.0,0.0,0.09428315389345934,0.0,0.09428315389345934,0.09428315389345934,False,1.0,0.0,-0.0034685432645422676,-0.0003270251983969605,0.0,8.072187833344122e-08,-0.0003271059202752939,1.191359676843761,1.1909699760402883,-0.03138870134539562,0.9993508388691453,0.0004714157694672967,0.998879423099678,False,False,False,1.0
2022-08-12,2022-08-13 00:00:00,0.09218675162730154,0.0,0.0,0.09218675162730154,0.0,0.0,0.09218675162730154,0.0,0.09218675162730154,0.09218675162730154,False,1.0,0.0,0.0005326554721121202,4.9103777710523064e-05,0.0,7.892701337953898e-08,4.9024850697143524e-05,1.1913366062364819,1.1913950113357328,-0.031043021775148838,0.9999615131676487,0.00046093375813650774,0.9995005794095122,False,False,False,1.0
2022-08-13,2022-08-14 00:00:00,0.09516524336627674,0.0,0.0,0.09516524336627674,0.0,0.0,0.09516524336627674,0.0,0.09516524336627674,0.09516524336627674,False,1.0,0.0,0.0009769067305853696,9.296756676231044e-05,0.0,8.147709192318213e-08,9.288608967038726e-05,1.1966116407650322,1.196722789341197,-0.026709960424623702,0.9999160560271173,0.00047582621683138373,0.9994402298102859,False,False,False,1.0
2022-08-14,2022-08-15 00:00:00,0.09564590027957731,0.0,0.0,0.09564590027957731,0.0,0.0,0.09564590027957731,0.0,0.09564590027957731,0.09564590027957731,False,1.0,0.0,0.0012109469605230405,0.00011582211223004397,0.0,8.188861325306276e-08,0.00011574022361679091,1.1964027389621594,1.1965412108827025,-0.02685763748620229,0.9999603455563748,0.0004782295013978866,0.9994821160549769,False,False,False,1.0
2022-08-15,2022-08-16 00:00:00,0.0968429122439595,0.0,0.0,0.0968429122439595,0.0,0.0,0.0968429122439595,0.0,0.0968429122439595,0.0968429122439595,False,1.0,0.0,0.0038120172797486696,0.0003691668548951576,0.0,8.291345226366395e-08,0.0003690839414428939,1.1922237312747952,1.192663761908616,-0.03001115181638203,0.9998604653213058,0.0004842145612197975,0.999376250760086,False,False,False,1.0
2022-08-16,2022-08-17 00:00:00,0.09812405564586253,0.0,0.0,0.09812405564586253,0.0,0.0,0.09812405564586253,0.0,0.09812405564586253,0.09812405564586253,False,1.0,0.0,0.0008642309140169946,8.480184229787822e-05,0.0,8.401032161460832e-08,8.471783197626361e-05,1.1908373745726686,1.1909382597332787,-0.031414496095842015,0.9998974254195393,0.0004906202782293126,0.99940680514131,False,False,False,1.0
2022-08-17,2022-08-18 00:00:00,0.09715411724526493,0.0,0.0,0.09715411724526493,0.0,0.0,0.09715411724526493,0.0,0.09715411724526493,0.09715411724526493,False,1.0,0.0,0.0007596209546085753,7.38003032860016e-05,0.0,8.317989490176792e-08,7.371712339109983e-05,1.1874146605847842,1.187502193377835,-0.03420903564072242,0.9998480687140634,0.00048577058622632465,0.9993622981278371,False,False,False,1.0
2022-08-18,2022-08-19 00:00:00,0.09794641861545207,0.0,0.0,0.09794641861545207,0.0,0.0,0.09794641861545207,0.0,0.09794641861545207,0.09794641861545207,False,1.0,0.0,9.61353585848812e-05,9.416114075701369e-06,0.0,8.385823511596924e-08,9.3322558405854e-06,1.190121245066369,1.1901323515823092,-0.032069938093886585,0.9999397576351701,0.0004897320930772604,0.9994500255420928,False,False,False,1.0
2022-08-19,2022-08-20 00:00:00,0.10448482300443879,0.0,0.0,0.10448482300443879,0.0,0.0,0.10448482300443879,0.0,0.10448482300443879,0.10448482300443879,False,1.0,0.0,0.0006188556474997498,6.466102279430871e-05,0.0,8.94561840791428e-08,6.457156661022958e-05,1.178032091635675,1.178108159013349,-0.04184916764106328,0.9999604981108746,0.000522424115022194,0.9994380739958524,False,False,False,1.0
2022-08-20,2022-08-21 00:00:00,0.10433294462266571,0.0,0.0,0.10433294462266571,0.0,0.0,0.10433294462266571,0.0,0.10433294462266571,0.10433294462266571,False,1.0,0.0,0.0019247154302106662,0.00020081122839455963,0.0,8.93261512180357e-08,0.0002007219022433416,1.173326426602928,1.173561938915228,-0.04554659095298541,0.9999999106738487,0.0005216647231133286,0.9994782459507354,False,False,False,1.0
2022-08-21,2022-08-22 00:00:00,-0.098362030976509,0.0,0.0,-0.098362030976509,0.0,0.0,0.0,0.098362030976509,0.098362030976509,-0.098362030976509,False,1.0,0.0,0.0004258339247693588,-4.188588969901207e-05,0.0,8.421406761687414e-08,-4.197010376662894e-05,1.174420905260968,1.1743716146937084,-0.044888084757984115,0.9999301059697674,0.000491810154882545,0.9994382958148849,False,False,False,-1.0
2022-08-22,2022-08-23 00:00:00,-0.09936373481125298,0.0,0.0,-0.09936373481125298,0.0,0.0,0.0,0.09936373481125298,0.09936373481125298,-0.09936373481125298,False,1.0,0.0,0.00522431011909652,-0.000519106965245652,0.0,8.507169076305905e-08,-0.0005191920369364151,1.1771219707037064,1.1765108183500141,-0.043148278655978034,0.9990327168417317,0.0004968186740562649,0.9985358981676754,False,False,False,-1.0
2022-08-23,2022-08-24 00:00:00,-0.10026193148104462,0.0,0.0,-0.10026193148104462,0.0,0.0,0.0,0.10026193148104462,0.10026193148104462,-0.10026193148104462,False,1.0,0.0,-0.0002499268506779284,2.505814877794373e-05,0.0,8.584069476116833e-08,2.4972308083182562e-05,1.1726325483175768,1.1726618316588417,-0.04627864472098675,0.999635043066124,0.000501309657405223,0.9991337334087188,False,False,False,-1.0
2022-08-24,2022-08-25 00:00:00,-0.10069493782664077,0.0,0.0,-0.10069493782664077,0.0,0.0,0.0,0.10069493782664077,0.10069493782664077,-0.10069493782664077,False,1.0,0.0,0.007006186504564971,-0.0007054875144790194,0.0,8.621141937212394e-08,-0.0007055737258983914,1.170330335823332,1.1695045814877532,-0.04884642413601725,0.9990082549936767,0.0005034746891332038,0.9985047803045435,False,False,False,-1.0
2022-08-25,2022-08-26 00:00:00,-0.10204435491790642,0.0,0.0,-0.10204435491790642,0.0,0.0,0.0,0.10204435491790642,0.10204435491790642,-0.10204435491790642,False,1.0,0.0,-0.0012505871301080607,0.00012761535696051296,0.0,8.736674222423495e-08,0.00012752799021828874,1.1680202017232646,1.1681691569921246,-0.04993251973959112,0.999849530217309,0.0005102217745895321,0.9993393084427196,False,False,False,-1.0
2022-08-26,2022-08-27 00:00:00,-0.10382081004772734,0.0,0.0,-0.10382081004772734,0.0,0.0,0.0,0.10382081004772734,0.10382081004772734,-0.10382081004772734,False,1.0,0.0,0.0015334338863750574,-0.00015920234823809315,0.0,8.888767983538298e-08,-0.00015929123591792852,1.176152643024523,1.1759652922163875,-0.043591952961269054,0.9992463098327504,0.0005191040502386367,0.9987272057825118,False,False,False,-1.0
2022-08-27,2022-08-28 00:00:00,-0.11397548356167089,0.0,0.0,-0.11397548356167089,0.0,0.0,0.0,0.11397548356167089,0.11397548356167089,-0.11397548356167089,False,1.0,0.0,0.004346518684563039,-0.00049539656888291,0.0,9.758174962471823e-08,-0.0004954941506325347,1.1873180288829512,1.186729719744699,-0.03483728547406906,0.9987271382774412,0.0005698774178083545,0.9981572608596329,False,False,False,-1.0
2022-08-28,2022-08-29 00:00:00,-0.1152511970793,0.0,0.0,-0.1152511970793,0.0,0.0,0.0,0.1152511970793,0.1152511970793,-0.1152511970793,False,1.0,0.0,-0.0005444280145180391,6.274598039671052e-05,0.0,9.86739701021404e-08,6.264730642660838e-05,1.1849443344781458,1.1850185680489664,-0.03622895856368735,0.9999247610779005,0.0005762559853965,0.9993485050925041,False,False,False,-1.0
2022-08-29,2022-08-30 00:00:00,-0.13438944298230948,0.0,0.0,-0.13438944298230948,0.0,0.0,0.0,0.13438944298230948,0.13438944298230948,-0.13438944298230948,False,1.0,0.0,0.003773087071240022,-0.0005070630698277,0.0,1.1505945460814167e-07,-0.0005071781292823081,1.1818451222562463,1.1812457162580388,-0.03929740440729457,0.9994245633805485,0.0006719472149115474,0.9987526161656369,False,False,False,-1.0
2022-08-30,2022-08-31 00:00:00,-0.13397260925240467,0.0,0.0,-0.13397260925240467,0.0,0.0,0.0,0.13397260925240467,0.13397260925240467,-0.13397260925240467,False,1.0,0.0,0.001879847508873267,-0.0002518480757603845,0.0,1.1470257641473002e-07,-0.00025196277833679925,1.1810954075007876,1.1807978154204328,-0.03966168043499463,0.9986314520466135,0.0006698630462620233,0.9979615890003515,False,False,False,-1.0
2022-08-31,2022-09-01 00:00:00,-0.133108168424063,0.0,0.0,-0.133108168424063,0.0,0.0,0.0,0.133108168424063,0.133108168424063,-0.133108168424063,False,1.0,0.0,0.001142307075244542,-0.00015205040256364928,0.0,1.1396247296580735e-07,-0.0001521643650366151,1.1769883128523047,1.176809217173024,-0.04290559204146438,0.9995770492438808,0.000665540842120315,0.9989115084017605,False,False,False,-1.0
2022-09-01,2022-09-02 00:00:00,-0.1332046708117394,0.0,0.0,-0.1332046708117394,0.0,0.0,0.0,0.1332046708117394,0.1332046708117394,-0.1332046708117394,False,1.0,0.0,0.00024092306089507076,-3.209207701748454e-05,0.0,1.1404509487306454e-07,-3.220612211235761e-05,1.1790384075374587,1.1790004352825303,-0.04112348278482214,0.999718863442644,0.000666023354058697,0.9990528400885853,False,False,False,-1.0
2022-09-02,2022-09-03 00:00:00,-0.13278623967251682,0.0,0.0,-0.13278623967251682,0.0,0.0,0.0,0.13278623967251682,0.13278623967251682,-0.13278623967251682,False,1.0,0.0,0.0027275346151725,-0.0003621790651253815,0.0,1.1368684903468904e-07,-0.0003622927519744162,1.1694748389918799,1.1690511467340967,-0.049215200876346565,0.9994407469474406,0.0006639311983625842,0.998776815749078,False,False,False,-1.0
2022-09-03,2022-09-04 00:00:00,-0.1333784512064291,0.0,0.0,-0.1333784512064291,0.0,0.0,0.0,0.1333784512064291,0.1333784512064291,-0.1333784512064291,False,1.0,0.0,-0.0003034587844861214,4.047486267974443e-05,0.0,1.1419387945755916e-07,4.036066880028687e-05,1.1775030714498924,1.1775505962613704,-0.04230263128174305,0.9999223807499252,0.0006668922560321456,0.9992554884938931,False,False,False,-1.0
2022-09-04,2022-09-05 00:00:00,-0.12819497275539365,0.0,0.0,-0.12819497275539365,0.0,0.0,0.0,0.12819497275539365,0.12819497275539365,-0.12819497275539365,False,1.0,0.0,0.00437690282632075,-0.0005610969385731941,0.0,1.0975596982482333e-07,-0.0005612066945430189,1.1769796814353477,1.176319152558785,-0.04330415970645363,0.9993059453538242,0.0006409748637769682,0.9986649704900472,False,False,False,-1.0
2022-09-05,2022-09-06 00:00:00,-0.12527936100144596,0.0,0.0,-0.12527936100144596,0.0,0.0,0.0,0.12527936100144596,0.12527936100144596,-0.12527936100144596,False,1.0,0.0,0.0018534288433602608,-0.00023219638115782256,0.0,1.0725972688479961e-07,-0.00023230364088470737,1.1728551533346747,1.1725826948123248,-0.04634300641374001,0.9995708001034713,0.0006263968050072298,0.9989444032984641,False,False,False,-1.0
2022-09-06,2022-09-07 00:00:00,-0.12670081286608978,0.0,0.0,-0.12670081286608978,0.0,0.0,0.0,0.12670081286608978,0.12670081286608978,-0.12670081286608978,False,1.0,0.0,0.0021129973347420172,-0.0002677184798956948,0.0,1.0847672334425494e-07,-0.00026782695661903906,1.1664791558875491,1.166166741325268,-0.051561076696139185,0.9994332714450883,0.0006335040643304489,0.9987997673807578,False,False,False,-1.0
2022-09-07,2022-09-08 00:00:00,0.12680126915734577,0.0,0.0,0.12680126915734577,0.0,0.0,0.12680126915734577,0.0,0.12680126915734577,0.12680126915734577,False,1.0,0.0,0.0027929695111654773,0.0003541520787335541,0.0,1.0856273044293303e-07,0.0003540435160031112,1.1549479900129846,1.1553568918601698,-0.060352685669743944,0.9999784775906484,0.0006340063457867289,0.9993444712448617,False,False,False,1.0
2022-09-08,2022-09-09 00:00:00,0.12455216350941586,0.0,0.0,0.12455216350941586,0.0,0.0,0.12455216350941586,0.0,0.12455216350941586,0.12455216350941586,False,1.0,0.0,-0.0026500685468078267,-0.0003300717709531685,0.0,1.0663712629230809e-07,-0.00033017840807946083,1.1637284711080602,1.163344233094033,-0.05385661177957568,0.9994228394815537,0.0006227608175470794,0.9988000786640067,False,False,False,1.0
2022-09-09,2022-09-10 00:00:00,0.12055860704881034,0.0,0.0,0.12055860704881034,0.0,0.0,0.12055860704881034,0.0,0.12055860704881034,0.12055860704881034,False,1.0,0.0,-0.005225240864508374,-0.0006299477601196511,0.0,1.0321798548699516e-07,-0.0006300509781051381,1.1716418129448867,1.170903618874652,-0.047708592412755935,0.9992639113036909,0.0006027930352440517,0.9986611182684468,False,False,False,1.0
2022-09-10,2022-09-11 00:00:00,0.11967404281772835,0.0,0.0,0.11967404281772835,0.0,0.0,0.11967404281772835,0.0,0.11967404281772835,0.11967404281772835,False,1.0,0.0,0.0001748954999387653,2.0930451548299804e-05,0.0,1.0246065309737016e-07,2.0827990895202434e-05,1.170611658842748,1.1706360403317202,-0.04792621301207867,0.9998847800558313,0.0005983702140886418,0.9992864098417427,False,False,False,1.0
2022-09-11,2022-09-12 00:00:00,0.12493170806946799,0.0,0.0,0.12493170806946799,0.0,0.0,0.12493170806946799,0.0,0.12493170806946799,0.12493170806946799,False,1.0,0.0,-0.002577566709344059,-0.00032201981166135124,0.0,1.069620788265993e-07,-0.00032212677374017783,1.175498588663416,1.1751199290955137,-0.04427948353451383,0.9994467517859427,0.00062465854034734,0.9988220932455953,False,False,False,1.0
2022-09-12,2022-09-13 00:00:00,0.12610251363516517,0.0,0.0,0.12610251363516517,0.0,0.0,0.12610251363516517,0.0,0.12610251363516517,0.12610251363516517,False,1.0,0.0,-0.00800102338671227,-0.0010089491607181594,0.0,1.0796448085202497e-07,-0.0010090571251990114,1.1710717231417078,1.1698900448753526,-0.048532928246147744,0.9982056343347363,0.0006305125681758259,0.9975751217665605,False,False,False,1.0
2022-09-13,2022-09-14 00:00:00,0.12483421202321894,0.0,0.0,0.12483421202321894,0.0,0.0,0.12483421202321894,0.0,0.12483421202321894,0.12483421202321894,False,1.0,0.0,0.0013444575679137927,0.00016783430108917167,0.0,1.0687860618426278e-07,0.0001677274224829874,1.1600660406981995,1.1602606155851158,-0.05636450603380094,0.9995308982052661,0.0006241710601160947,0.9989067271451499,False,False,False,1.0
2022-09-14,2022-09-15 00:00:00,0.1266494644103389,0.0,0.0,0.1266494644103389,0.0,0.0,0.1266494644103389,0.0,0.1266494644103389,0.1266494644103389,False,1.0,0.0,-0.002514889144687449,-0.0003185093632260407,0.0,1.0843276062529014e-07,-0.000318617795986666,1.160795560670164,1.1604257105470324,-0.05623023493656054,0.9995657046740855,0.0006332473220516944,0.9989324573520337,False,False,False,1.0
2022-09-15,2022-09-16 00:00:00,0.12219850142157444,0.0,0.0,0.12219850142157444,0.0,0.0,0.12219850142157444,0.0,0.12219850142157444,0.12219850142157444,False,1.0,0.0,0.0009782900026800156,0.00011954557228320595,0.0,1.0462200464175894e-07,0.0001194409502785642,1.1513095896894854,1.1514471032009426,-0.06353250174140535,0.9995577405216053,0.0006109925071078723,0.9989467480144975,False,False,False,1.0
2022-09-16,2022-09-17 00:00:00,0.12300662089227932,0.0,0.0,0.12300662089227932,0.0,0.0,0.12300662089227932,0.0,0.12300662089227932,0.12300662089227932,False,1.0,0.0,0.006782858371420675,0.0008343364882593661,0.0,1.0531388775023914e-07,0.0008342311743716158,1.146561748499355,1.1475182460532953,-0.06672782614132311,0.9997584660294891,0.0006150331044613966,0.9991434329250277,False,False,False,1.0
2022-09-17,2022-09-18 00:00:00,-0.11942601066827302,0.0,0.0,-0.11942601066827302,0.0,0.0,0.0,0.11942601066827302,0.11942601066827302,-0.11942601066827302,False,1.0,0.0,-0.0009825289742260157,0.0001173395157578035,0.0,1.0224829680502827e-07,0.00011723726746099847,1.1457295589061374,1.1458638811088728,-0.06807331478461665,0.999662753227554,0.0005971300533413651,0.9990656231742127,False,False,False,-1.0
2022-09-18,2022-09-19 00:00:00,-0.11950353420388798,0.0,0.0,-0.11950353420388798,0.0,0.0,0.0,0.11950353420388798,0.11950353420388798,-0.11950353420388798,False,1.0,0.0,-0.003144012660453721,0.0003757206245059881,0.0,1.0231466969510957e-07,0.000375618309836293,1.1478882983991783,1.1483194662617038,-0.0660761968289243,0.9999998976853303,0.00059751767101944,0.9994023800143108,False,False,False,-1.0
2022-09-19,2022-09-20 00:00:00,-0.12047730134207685,0.0,0.0,-0.12047730134207685,0.0,0.0,0.0,0.12047730134207685,0.12047730134207685,-0.12047730134207685,False,1.0,0.0,-0.002883129235524806,0.0003473516297164737,0.0,1.0314837443670962e-07,0.000347248481342037,1.1552251427439058,1.1556262929203318,-0.06013358282417092,0.9995495930636169,0.0006023865067103843,0.9989472065569065,False,False,False,-1.0
2022-09-20,2022-09-21 00:00:00,-0.13013720790384017,0.0,0.0,-0.13013720790384017,0.0,0.0,0.0,0.13013720790384017,0.13013720790384017,-0.13013720790384017,False,1.0,0.0,0.01777610241400196,-0.0023133323355709282,0.0,1.114188423834248e-07,-0.002313443754413312,1.1542542319031455,1.151583929659344,-0.0634212213092965,0.9971767574356688,0.0006506860395192009,0.9965260713961496,False,False,False,-1.0
2022-09-21,2022-09-22 00:00:00,-0.12838600195265112,0.0,0.0,-0.12838600195265112,0.0,0.0,0.0,0.12838600195265112,0.12838600195265112,-0.12838600195265112,False,1.0,0.0,-0.0033244532832686913,0.00042681326571723165,0.0,1.0991952221973555e-07,0.0004267033461950119,1.154668959471094,1.1551616605798478,-0.06051146651877881,0.9998226863585504,0.0006419300097632556,0.9991807563487872,False,False,False,-1.0
2022-09-22,2022-09-23 00:00:00,-0.1271036412923652,0.0,0.0,-0.1271036412923652,0.0,0.0,0.0,0.1271036412923652,0.1271036412923652,-0.1271036412923652,False,1.0,0.0,0.0041459697225754155,-0.0005269678484272325,0.0,1.0882161069551815e-07,-0.000527076670037928,1.1630565350100976,1.1624435150445587,-0.054589162303245176,0.9992159637695861,0.000635518206461826,0.9985804455631243,False,False,False,-1.0
2022-09-23,2022-09-24 00:00:00,-0.12688706908062036,0.0,0.0,-0.12688706908062036,0.0,0.0,0.0,0.12688706908062036,0.12688706908062036,-0.12688706908062036,False,1.0,0.0,0.00048703934195581944,-6.179899462772795e-05,0.0,1.0863618928135305e-07,-6.190763081700931e-05,1.1596450379264593,1.1595732470495725,-0.05692354021876045,0.999641849569539,0.0006344353454031019,0.999007414224136,False,False,False,-1.0
2022-09-24,2022-09-25 00:00:00,-0.1259187586176156,0.0,0.0,-0.1259187586176156,0.0,0.0,0.0,0.1259187586176156,0.1259187586176156,-0.1259187586176156,False,1.0,0.0,0.003925769982843441,-0.0004943280828579442,0.0,1.0780715635069827e-07,-0.0004944358900142949,1.154915113963041,1.1543440824807776,-0.061176399640707646,0.999397076076534,0.000629593793088078,0.998767482283446,False,False,False,-1.0
2022-09-25,2022-09-26 00:00:00,-0.12652557853225477,0.0,0.0,-0.12652557853225477,0.0,0.0,0.0,0.12652557853225477,0.12652557853225477,-0.12652557853225477,False,1.0,0.0,-0.0008839981100731142,0.00011184837229842061,0.0,1.0832669394884825e-07,0.00011174004560447176,1.1573563876957764,1.1574857107513183,-0.058621325457279494,0.9998166917531621,0.0006326278926612739,0.9991840638605008,False,False,False,-1.0
2022-09-26,2022-09-27 00:00:00,-0.12471203674526128,0.0,0.0,-0.12471203674526128,0.0,0.0,0.0,0.12471203674526128,0.12471203674526128,-0.12471203674526128,False,1.0,0.0,0.006404412435044193,-0.0007987073189310397,0.0,1.0677400406272369e-07,-0.0007988140929351024,1.1567539765242125,1.1558299451457061,-0.05996795325292881,0.9990315908773038,0.0006235601837263064,0.9984080306935774,False,False,False,-1.0
2022-09-27,2022-09-28 00:00:00,-0.12860651384229072,0.0,0.0,-0.12860651384229072,0.0,0.0,0.0,0.12860651384229072,0.12860651384229072,-0.12860651384229072,False,1.0,0.0,-0.0050853878883254655,0.0006540140078533465,0.0,1.1010831664579685e-07,0.0006539038995367007,1.1504474027151093,1.1511996847579566,-0.0637337262090183,0.9995838695199256,0.0006430325692114536,0.9989408369507141,False,False,False,-1.0
2022-09-28,2022-09-29 00:00:00,-0.1364454945265323,0.0,0.0,-0.1364454945265323,0.0,0.0,0.0,0.1364454945265323,0.1364454945265323,-0.1364454945265323,False,1.0,0.0,0.005587393631881321,-0.0007623746872164441,0.0,1.1681977271107216e-07,-0.0007624915069891552,1.155681873291295,1.154800675678129,-0.06080505415027482,0.9991499384275873,0.0006822274726326615,0.9984677109549546,False,False,False,-1.0
2022-09-29,2022-09-30 00:00:00,-0.1350730562855019,0.0,0.0,-0.1350730562855019,0.0,0.0,0.0,0.1350730562855019,0.1350730562855019,-0.1350730562855019,False,1.0,0.0,-0.0012419835606540808,0.00016775851539389673,0.0,1.1564473997046395e-07,0.00016764287065392625,1.155021354711965,1.1552149858075353,-0.06046809731629632,0.9996684341975727,0.0006753652814275095,0.9989930689161451,False,False,False,-1.0
2022-09-30,2022-10-01 00:00:00,-0.1354544198996416,0.0,0.0,-0.1354544198996416,0.0,0.0,0.0,0.1354544198996416,0.1354544198996416,-0.1354544198996416,False,1.0,0.0,-0.0033847311019179482,0.0004584767879265704,0.0,1.1597124991407672e-07,0.0004583608166766563,1.151676776114087,1.1522046596217341,-0.06291638401945687,0.9997841302461964,0.000677272099498208,0.9991068581466982,False,False,False,-1.0
2022-10-01,2022-10-02 00:00:00,-0.13551231384845966,0.0,0.0,-0.13551231384845966,0.0,0.0,0.0,0.13551231384845966,0.13551231384845966,-0.13551231384845966,False,1.0,0.0,-0.00037779188200803837,5.119545208407353e-05,0.0,1.1602081665107846e-07,5.107943126742245e-05,1.155419927946649,1.1554789461394435,-0.060253419394076246,0.9999118278015988,0.0006775615692422983,0.9992342662323566,False,False,False,-1.0
2022-10-02,2022-10-03 00:00:00,-0.13588470051166043,0.0,0.0,-0.13588470051166043,0.0,0.0,0.0,0.13588470051166043,0.13588470051166043,-0.13588470051166043,False,1.0,0.0,0.002130577270226919,-0.00028951285428173586,0.0,1.1633964084902435e-07,-0.0002896291939225849,1.1593061212423654,1.1589703523449604,-0.05741387216207938,0.9995745629580689,0.0006794235025583022,0.9988951394555106,False,False,False,-1.0
2022-10-03,2022-10-04 00:00:00,-0.13564238363355874,0.0,0.0,-0.13564238363355874,0.0,0.0,0.0,0.13564238363355874,0.13564238363355874,-0.13564238363355874,False,1.0,0.0,-0.00015162657407341573,2.056698992950847e-05,0.0,1.1613217776845782e-07,2.045085775174001e-05,1.1558133242969264,1.155836961670809,-0.05996224674006223,0.9997972990170166,0.0006782119181677937,0.9991190870988489,False,False,False,-1.0
2022-10-04,2022-10-05 00:00:00,-0.14313539339059558,0.0,0.0,-0.14313539339059558,0.0,0.0,0.0,0.14313539339059558,0.14313539339059558,-0.14313539339059558,False,1.0,0.0,-6.647561083705789e-05,9.515012708042419e-06,0.0,1.2254742584811265e-07,9.392465282194306e-06,1.151454204214167,1.1514650192078042,-0.06351793072196565,0.999905784549128,0.0007156769669529779,0.9991901075821751,False,False,False,-1.0
2022-10-05,2022-10-06 00:00:00,-0.14622002165165138,0.0,0.0,-0.14622002165165138,0.0,0.0,0.0,0.14622002165165138,0.14622002165165138,-0.14622002165165138,False,1.0,0.0,0.0013702755609095174,-0.00020036172218491837,0.0,1.2518837470175632e-07,-0.00020048691055962013,1.154609302684007,1.1543778186320084,-0.06114896215872845,0.9997213500000166,0.0007311001082582569,0.9989902498917583,False,False,False,-1.0
2022-10-06,2022-10-07 00:00:00,-0.14470546263658485,0.0,0.0,-0.14470546263658485,0.0,0.0,0.0,0.14470546263658485,0.14470546263658485,-0.14470546263658485,False,1.0,0.0,-0.0017817208637311843,0.00025782474187547655,0.0,1.2389166321625413e-07,0.0002577008502122603,1.150078525891471,1.1503749021054042,-0.06440451876657105,0.999411017129979,0.0007235273131829242,0.9986874898167961,False,False,False,-1.0
2022-10-07,2022-10-08 00:00:00,-0.14616566340753104,0.0,0.0,-0.14616566340753104,0.0,0.0,0.0,0.14616566340753104,0.14616566340753104,-0.14616566340753104,False,1.0,0.0,-0.0006515975374107308,9.5241186330353e-05,0.0,1.2514183510918753e-07,9.511604449524381e-05,1.1535867591043216,1.1536964837138297,-0.06170308922590273,0.999986738142809,0.0007308283170376552,0.9992559098257714,False,False,False,-1.0
2022-10-08,2022-10-09 00:00:00,-0.14911332345804185,0.0,0.0,-0.14911332345804185,0.0,0.0,0.0,0.14911332345804185,0.14911332345804185,-0.14911332345804185,False,1.0,0.0,0.00040029002144947867,-5.9688575445422624e-05,0.0,1.276655166592824e-07,-5.98162409620819e-05,1.1549918529066223,1.1549227656356396,-0.060705758857634295,0.9998230590072205,0.0007455666172902092,0.9990774923899303,False,False,False,-1.0
2022-10-09,2022-10-10 00:00:00,-0.16045279807879453,0.0,0.0,-0.16045279807879453,0.0,0.0,0.0,0.16045279807879453,0.16045279807879453,-0.16045279807879453,False,1.0,0.0,0.001586114698751473,-0.0002544965414885781,0.0,1.3737397095787202e-07,-0.00025463391545953596,1.1549560533015226,1.1546619623194867,-0.06091786919108888,0.999699314329414,0.0008022639903939727,0.99889705033902,False,False,False,-1.0
2022-10-10,2022-10-11 00:00:00,-0.17033509619619963,0.0,0.0,-0.17033509619619963,0.0,0.0,0.0,0.17033509619619963,0.17033509619619963,-0.17033509619619963,False,1.0,0.0,0.0005353646598140749,-9.119139082947614e-05,0.0,1.4583484263373257e-07,-9.133722567210987e-05,1.157349040640974,1.1572433315904678,-0.05881845149612297,0.9995465026793194,0.0008516754809809982,0.9986948271983385,False,False,False,-1.0
2022-10-11,2022-10-12 00:00:00,-0.1825876639723592,0.0,0.0,-0.1825876639723592,0.0,0.0,0.0,0.1825876639723592,0.1825876639723592,-0.1825876639723592,False,1.0,0.0,0.0012463712018577766,-0.0002275720061896332,0.0,1.563250547708555e-07,-0.00022772833124440404,1.1597703743448506,1.1595062617728744,-0.05697801908653932,0.9991475087697752,0.0009129383198617961,0.9982345704499134,False,False,False,-1.0
2022-10-12,2022-10-13 00:00:00,-0.1826770009090591,0.0,0.0,-0.1826770009090591,0.0,0.0,0.0,0.1826770009090591,0.1826770009090591,-0.1826770009090591,False,1.0,0.0,0.0009475606092121946,-0.0001730975302704447,0.0,1.5640154187419444e-07,-0.0001732539318123189,1.1586829512313666,1.1584822048543417,-0.05781088063780537,0.999584690985208,0.0009133850045452956,0.9986713059806627,False,False,False,-1.0
2022-10-13,2022-10-14 00:00:00,-0.18891902518397197,0.0,0.0,-0.18891902518397197,0.0,0.0,0.0,0.18891902518397197,0.18891902518397197,-0.18891902518397197,False,1.0,0.0,-0.00035790126697032854,6.761435846814297e-05,0.0,1.6174574073970202e-07,6.745261272740327e-05,1.1653422513955363,1.1654208567751145,-0.05216770173061125,0.9996933198292036,0.0009445951259198598,0.9987487247032838,False,False,False,-1.0
2022-10-14,2022-10-15 00:00:00,-0.1909159402056728,0.0,0.0,-0.1909159402056728,0.0,0.0,0.0,0.1909159402056728,0.1909159402056728,-0.1909159402056728,False,1.0,0.0,-0.0013411669676671734,0.0002560501526049696,0.0,1.634554282582815e-07,0.0002558866971767113,1.1556633299710821,1.1559590488436366,-0.059862953712193745,0.9998339858775435,0.0009545797010283639,0.998879406176515,False,False,False,-1.0
2022-10-15,2022-10-16 00:00:00,-0.20467329127130815,0.0,0.0,-0.20467329127130815,0.0,0.0,0.0,0.20467329127130815,0.20467329127130815,-0.20467329127130815,False,1.0,0.0,-0.0004973461918045263,0.0001017934819778837,0.0,1.7523398225283233e-07,0.00010161824799563087,1.1600950601194817,1.1602129469469995,-0.05640327475375184,0.9999696048260556,0.0010233664563565408,0.998946238369699,False,False,False,-1.0
2022-10-16,2022-10-17 00:00:00,-0.19342539868462763,0.0,0.0,-0.19342539868462763,0.0,0.0,0.0,0.19342539868462763,0.19342539868462763,-0.19342539868462763,False,1.0,0.0,-0.0005594970742963667,0.00010822094465865747,0.0,1.6560393722998942e-07,0.00010805534072142748,1.1600478354399022,1.1601731848040138,-0.05643561315163714,0.9999848037093045,0.0009671269934231381,0.9990176767158814,False,False,False,-1.0
2022-10-17,2022-10-18 00:00:00,-0.2101117643282862,0.0,0.0,-0.2101117643282862,0.0,0.0,0.0,0.2101117643282862,0.2101117643282862,-0.2101117643282862,False,1.0,0.0,-0.0014726323302903799,0.0003094173771241872,0.0,1.7989020918517654e-07,0.00030923748691500205,1.1517303721396783,1.1520865303455623,-0.06301245810520528,0.9999998201097908,0.0010505588216414312,0.9989492612881494,False,False,False,-1.0
2022-10-18,2022-10-19 00:00:00,-0.21335793653673002,0.0,0.0,-0.21335793653673002,0.0,0.0,0.0,0.21335793653673002,0.21335793653673002,-0.21335793653673002,False,1.0,0.0,0.002890793933166602,-0.000616773828533324,0.0,1.8266946621295377e-07,-0.000616956497999537,1.1566518835842319,1.1559382796887312,-0.05987984518595846,0.9992865192158374,0.0010667896826836501,0.9982197295331537,False,False,False,-1.0
2022-10-19,2022-10-20 00:00:00,-0.20604635247518666,0.0,0.0,-0.20604635247518666,0.0,0.0,0.0,0.20604635247518666,0.20604635247518666,-0.20604635247518666,False,1.0,0.0,0.0036621863868222526,-0.0007545801470890081,0.0,1.7640954835204336e-07,-0.0007547565566373601,1.1573093191890516,1.156435832392336,-0.05947518748670222,0.9985857784408647,0.0010302317623759334,0.9975555466784888,False,False,False,-1.0
2022-10-20,2022-10-21 00:00:00,-0.20645070140529267,0.0,0.0,-0.20645070140529267,0.0,0.0,0.0,0.20645070140529267,0.20645070140529267,-0.20645070140529267,False,1.0,0.0,-0.0025477120471480985,0.000525976939112439,0.0,1.767557375045314e-07,0.0005258001833749345,1.1566268795185362,1.1572350341438835,-0.058825199777501336,0.9999618008149291,0.0010322535070264635,0.9989295473079026,False,False,False,-1.0
2022-10-21,2022-10-22 00:00:00,-0.22322886963898497,0.0,0.0,-0.22322886963898497,0.0,0.0,0.0,0.22322886963898497,0.22322886963898497,-0.22322886963898497,False,1.0,0.0,0.009295632219672445,-0.002075053472977209,0.0,1.911206075676241e-07,-0.0020752445935847763,1.1598580151295736,1.15745102605435,-0.058649534387856916,0.9978743984602091,0.0011161443481949248,0.9967582541120141,False,False,False,-1.0
2022-10-22,2022-10-23 00:00:00,-0.2284158514198512,0.0,0.0,-0.2284158514198512,0.0,0.0,0.0,0.2284158514198512,0.2284158514198512,-0.2284158514198512,False,1.0,0.0,0.0017965484953905708,-0.0004103601541916899,0.0,1.9556151662658495e-07,-0.00041055571570831645,1.154136131675766,1.1536622944902009,-0.06173089518991981,0.9992938458681366,0.001142079257099256,0.9981517666110373,False,False,False,-1.0
2022-10-23,2022-10-24 00:00:00,-0.2324979315217782,0.0,0.0,-0.2324979315217782,0.0,0.0,0.0,0.2324979315217782,0.2324979315217782,-0.2324979315217782,False,1.0,0.0,-0.0004108525952188913,9.552237854874664e-05,0.0,1.9905644822070049e-07,9.532332210052593e-05,1.1539511580849606,1.154061156542891,-0.06140650221729016,0.9999821116141909,0.001162489657608891,0.998819621956582,False,False,False,-1.0
2022-10-24,2022-10-25 00:00:00,-0.2573716635517115,0.0,0.0,-0.2573716635517115,0.0,0.0,0.0,0.2573716635517115,0.2573716635517115,-0.2573716635517115,False,1.0,0.0,0.003779940119760461,-0.0009728494767486054,0.0,2.2035245167098587e-07,-0.0009730698292002764,1.1488854483654256,1.147767502598414,-0.06652510675231871,0.9988439188830947,0.0012868583177585574,0.9975570605653361,False,False,False,-1.0
2022-10-25,2022-10-26 00:00:00,-0.2602842574893558,0.0,0.0,-0.2602842574893558,0.0,0.0,0.0,0.2602842574893558,0.2602842574893558,-0.2602842574893558,False,1.0,0.0,0.009841192419699496,-0.00256150746177136,0.0,2.228461108641745e-07,-0.0025617303078822244,1.1361240731192974,1.1332136296476731,-0.07836171561977368,0.9955451439149776,0.001301421287446779,0.9942437226275308,False,False,False,-1.0
2022-10-26,2022-10-27 00:00:00,0.2691462170629532,0.0,0.0,0.2691462170629532,0.0,0.0,0.2691462170629532,0.0,0.2691462170629532,0.2691462170629532,False,1.0,0.0,-0.006513914938916177,-0.0017531955640791468,0.0,2.3043340501965174e-07,-0.0017534259974841665,1.1686158297399474,1.1665667483630098,-0.051235752511573085,0.9969026847958092,0.001345731085314766,0.9955569537104945,False,False,False,1.0
2022-10-27,2022-10-28 00:00:00,0.25078735767391896,0.0,0.0,0.25078735767391896,0.0,0.0,0.25078735767391896,0.0,0.25078735767391896,0.25078735767391896,False,1.0,0.0,-0.001009231883964179,-0.0002531025974596476,0.0,2.147152034879443e-07,-0.0002533173126631356,1.1625146633198844,1.1622201782294408,-0.054770801275579206,0.9993946104844602,0.0012539367883695948,0.9981406736960906,False,False,False,1.0
2022-10-28,2022-10-29 00:00:00,0.18596053388764072,0.0,0.0,0.18596053388764072,0.0,0.0,0.18596053388764072,0.0,0.18596053388764072,0.18596053388764072,False,1.0,0.0,0.0005140083542622964,9.558526798132421e-05,0.0,1.592127858627061e-07,9.54260551954615e-05,1.1614777249454624,1.1615885601829514,-0.05528449380231937,0.9996900961213506,0.0009298026694382036,0.9987602934519124,False,False,False,1.0
2022-10-29,2022-10-30 00:00:00,0.1869427065591195,0.0,0.0,0.1869427065591195,0.0,0.0,0.1869427065591195,0.0,0.1869427065591195,0.1869427065591195,False,1.0,0.0,0.0006617809260029972,0.00012371511745620068,0.0,1.6005368712253379e-07,0.00012355506376907814,1.1746671498831214,1.1748122859577326,-0.04452968851465866,0.9993824098693787,0.0009347135327955975,0.998447696336583,False,False,False,1.0
2022-10-30,2022-10-31 00:00:00,0.19018515788814302,0.0,0.0,0.19018515788814302,0.0,0.0,0.19018515788814302,0.0,0.19018515788814302,0.19018515788814302,False,1.0,0.0,-0.003146095638795532,-0.0005983406957955264,0.0,1.6282975846587588e-07,-0.0005985035255539923,1.169230388225535,1.1685305997159972,-0.049638559763099166,0.9991100890297872,0.0009509257894407152,0.9981591632403465,False,False,False,1.0
2022-10-31,2022-11-01 00:00:00,0.17925587854607467,0.0,0.0,0.17925587854607467,0.0,0.0,0.17925587854607467,0.0,0.17925587854607467,0.17925587854607467,False,1.0,0.0,0.0008992346938776485,0.0001611931050701484,0.0,1.5347249875520088e-07,0.0001610396325713932,1.1661396509981763,1.1663274456991,-0.05143037644729298,0.9997231888578064,0.0008962793927303733,0.998826909465076,False,False,False,1.0
2022-11-01,2022-11-02 00:00:00,0.17573048750567966,0.0,0.0,0.17573048750567966,0.0,0.0,0.17573048750567966,0.0,0.17573048750567966,0.17573048750567966,False,1.0,0.0,0.0035507107796264314,0.0006239681362954246,0.0,1.5045418450828736e-07,0.0006238176821109163,1.1662777297995643,1.1670052744696655,-0.050879100916480846,0.9999247941326525,0.0008786524375283983,0.9990461416951241,False,False,False,1.0
2022-11-02,2022-11-03 00:00:00,0.177172700715057,0.0,0.0,0.177172700715057,0.0,0.0,0.177172700715057,0.0,0.177172700715057,0.177172700715057,False,1.0,0.0,-0.001467205709928976,-0.0002599487981326692,0.0,1.516889560916584e-07,-0.00026010048708876085,1.1652560447389684,1.1649529610741487,-0.052548239503741545,0.9997081153803885,0.0008858635035752851,0.9988222518768132,False,False,False,1.0
2022-11-03,2022-11-04 00:00:00,0.1799897877114793,0.0,0.0,0.1799897877114793,0.0,0.0,0.1799897877114793,0.0,0.1799897877114793,0.1799897877114793,False,1.0,0.0,0.00027875016206402314,5.0172182494443975e-05,0.0,1.5410084564338982e-07,5.001808164880058e-05,1.1630242417647128,1.1630824140061968,-0.054069548236231446,0.9998224930680112,0.0008999489385573965,0.9989225441294538,False,False,False,1.0
2022-11-04,2022-11-05 00:00:00,0.17970192988283903,0.0,0.0,0.17970192988283903,0.0,0.0,0.17970192988283903,0.0,0.17970192988283903,0.17970192988283903,False,1.0,0.0,-0.006253094456567632,-0.001123693141584886,0.0,1.5385439202297862e-07,-0.001123846995976909,1.1754605785273424,1.1741395406872752,-0.04507682965439419,0.998715782330835,0.0008985096494141952,0.9978172726814208,False,False,False,1.0
2022-11-05,2022-11-06 00:00:00,0.18050228038538915,0.0,0.0,0.18050228038538915,0.0,0.0,0.18050228038538915,0.0,0.18050228038538915,0.18050228038538915,False,1.0,0.0,-0.0009526659379178737,-0.00017195837423966177,0.0,1.545396236176277e-07,-0.0001721129138632794,1.1757049583231924,1.1755026043169718,-0.04396825524943826,0.999755135466266,0.0009025114019269458,0.9988526240643391,False,False,False,1.0
2022-11-06,2022-11-07 00:00:00,0.17490204442335935,0.0,0.0,0.17490204442335935,0.0,0.0,0.17490204442335935,0.0,0.17490204442335935,0.17490204442335935,False,1.0,0.0,-0.0038956816215850454,-0.0006813626800377322,0.0,1.497449010473967e-07,-0.0006815124249387796,1.174767265465972,1.1739666469781456,-0.045217443442733374,0.9992412307042537,0.0008745102221167967,0.9983667204821369,False,False,False,1.0
2022-11-07,2022-11-08 00:00:00,0.17584366261563183,0.0,0.0,0.17584366261563183,0.0,0.0,0.17584366261563183,0.0,0.17584366261563183,0.17584366261563183,False,1.0,0.0,0.00624450919295394,0.001098057367726004,0.0,1.5055108100653408e-07,0.0010979068166449976,1.168716884226569,1.1700000264604895,-0.04844348064616566,0.9998853758569394,0.0008792183130781592,0.9990061575438612,False,False,False,1.0
2022-11-08,2022-11-09 00:00:00,0.17754869832814985,0.0,0.0,0.17754869832814985,0.0,0.0,0.17754869832814985,0.0,0.17754869832814985,0.17754869832814985,False,1.0,0.0,0.013639482420453763,0.0024216723496212483,0.0,1.520108718562927e-07,0.002421520338749392,1.1499912557726508,1.1527759829878883,-0.06245172892421902,0.999523634981352,0.0008877434916407492,0.9986358914897112,False,False,False,1.0
2022-11-09,2022-11-10 00:00:00,-0.17590623697945035,0.0,0.0,-0.17590623697945035,0.0,0.0,0.0,0.17590623697945035,0.17590623697945035,-0.17590623697945035,False,1.0,0.0,-0.005190696083461788,0.000913075815345734,0.0,1.5060465494815953e-07,0.0009129252106907859,1.2210502982454714,1.222165025846261,-0.006017887376919773,0.9981210492415282,0.0008795311848972517,0.997241518056631,False,False,False,-1.0
2022-11-10,2022-11-11 00:00:00,-0.15419712134536054,0.0,0.0,-0.15419712134536054,0.0,0.0,0.0,0.15419712134536054,0.15419712134536054,-0.15419712134536054,False,1.0,0.0,0.005928432089734148,-0.0009141471623284658,0.0,1.320180833436306e-07,-0.0009142791804118095,1.19789068334875,1.196795476836555,-0.030270326913614642,0.9988624715125928,0.0007709856067268027,0.9980914859058659,False,False,False,-1.0
2022-11-11,2022-11-12 00:00:00,-0.0974134473056244,0.0,0.0,-0.0974134473056244,0.0,0.0,0.0,0.0974134473056244,0.0974134473056244,-0.0974134473056244,False,1.0,0.0,0.00042890161473518873,-4.1780784846303524e-05,0.0,8.340192406303459e-08,-4.186418677036656e-05,1.201120178057639,1.2010698941381712,-0.026806886941826424,0.9992447675978909,0.000487067236528122,0.9987577003613628,False,False,False,-1.0
2022-11-12,2022-11-13 00:00:00,-0.08939047410907888,0.0,0.0,-0.08939047410907888,0.0,0.0,0.0,0.08939047410907888,0.08939047410907888,-0.08939047410907888,False,1.0,0.0,0.0014776621498413522,-0.00013208892014735923,0.0,7.65329401618826e-08,-0.00013216545308752112,1.1999859585552062,1.1998273618672952,-0.027813675851173558,0.999761039249772,0.0004469523705453944,0.9993140868792266,False,False,False,-1.0
2022-11-13,2022-11-14 00:00:00,-0.08847488570979783,0.0,0.0,-0.08847488570979783,0.0,0.0,0.0,0.08847488570979783,0.08847488570979783,-0.08847488570979783,False,1.0,0.0,-0.0018631930267974939,0.00016484579010120055,0.0,7.574904598441595e-08,0.00016477004105521615,1.2031316893310733,1.2033299293889193,-0.024975644020801435,0.9997755906322511,0.0004423744285489892,0.9993332162037021,False,False,False,-1.0
2022-11-14,2022-11-15 00:00:00,-0.08887794175312014,0.0,0.0,-0.08887794175312014,0.0,0.0,0.0,0.08887794175312014,0.08887794175312014,-0.08887794175312014,False,1.0,0.0,0.0008034968181525048,-7.141314340257569e-05,0.0,7.609412821328779e-08,-7.148923753078898e-05,1.2020432160421963,1.2019572828892024,-0.02608786082575798,0.9997542626925668,0.0004443897087656007,0.9993098729838013,False,False,False,-1.0
2022-11-15,2022-11-16 00:00:00,-0.0891997400999254,0.0,0.0,-0.0891997400999254,0.0,0.0,0.0,0.0891997400999254,0.0891997400999254,-0.0891997400999254,False,1.0,0.0,-0.008338301277022953,0.0007437743067853235,0.0,7.636964049651148e-08,0.000743697937144827,1.1993842365030134,1.200276216085545,-0.02744998191787318,0.9999887285326092,0.000445998700499627,0.9995427298321096,False,False,False,-1.0
2022-11-16,2022-11-17 00:00:00,-0.08926074660162729,0.0,0.0,-0.08926074660162729,0.0,0.0,0.0,0.08926074660162729,0.08926074660162729,-0.08926074660162729,False,1.0,0.0,-0.00949874208092183,0.0008478648099193774,0.0,7.642187209043433e-08,0.0008477883880472869,1.2054275431125874,1.2064494905862706,-0.02244795142951872,0.9997434889415614,0.00044630373300813645,0.9992971852085533,False,False,False,-1.0
2022-11-17,2022-11-18 00:00:00,-0.08915478850414253,0.0,0.0,-0.08915478850414253,0.0,0.0,0.0,0.08915478850414253,0.08915478850414253,-0.08915478850414253,False,1.0,0.0,-0.014823072794087344,0.0013215479199383663,0.0,7.633115454121792e-08,0.0013214715887838251,1.204756940353118,1.206348992421185,-0.02252938226265644,0.9999564856035105,0.0004457739425207127,0.9995107116609897,False,False,False,-1.0
2022-11-18,2022-11-19 00:00:00,-0.08833635165638097,0.0,0.0,-0.08833635165638097,0.0,0.0,0.0,0.08833635165638097,0.08833635165638097,-0.08833635165638097,False,1.0,0.0,-0.0013848817080206466,0.00012233539756220134,0.0,7.563043806197e-08,0.00012225976712413938,1.2045168472832795,1.2046641112325256,-0.023894594043525452,0.9999431257921224,0.00044168175828190485,0.9995014440338406,False,False,False,-1.0
2022-11-19,2022-11-20 00:00:00,-0.08839857910142589,0.0,0.0,-0.08839857910142589,0.0,0.0,0.0,0.08839857910142589,0.08839857910142589,-0.08839857910142589,False,1.0,0.0,0.00013228606862347725,-1.1693900501229107e-05,0.0,7.56837149840975e-08,-1.1769584216213204e-05,1.2048134568608753,1.2047992767074298,-0.023785073265474188,0.9999531487142801,0.00044199289550712943,0.9995111558187729,False,False,False,-1.0
2022-11-20,2022-11-21 00:00:00,-0.08826128789922487,0.0,0.0,-0.08826128789922487,0.0,0.0,0.0,0.08826128789922487,0.08826128789922487,-0.08826128789922487,False,1.0,0.0,-0.0006960714406980539,6.143616182587917e-05,0.0,7.556617114659663e-08,6.136059565473256e-05,1.2075535958883816,1.2076276920963105,-0.021493287924120974,0.9999279991712035,0.00044130643949612437,0.9994866927317073,False,False,False,-1.0
2022-11-21,2022-11-22 00:00:00,-0.08826151838838106,0.0,0.0,-0.08826151838838106,0.0,0.0,0.0,0.08826151838838106,0.08826151838838106,-0.08826151838838106,False,1.0,0.0,-0.0004065795172309983,3.588532553642285e-05,0.0,7.556636848320296e-08,3.580975916793965e-05,1.2117542211047174,1.2117976137315458,-0.018114517848200284,0.9998267387321297,0.0004413075919419053,0.9993854311401877,False,False,False,-1.0
2022-11-22,2022-11-23 00:00:00,-0.0880148798842174,0.0,0.0,-0.0880148798842174,0.0,0.0,0.0,0.0880148798842174,0.0880148798842174,-0.0880148798842174,False,1.0,0.0,0.0041752914742672065,-0.00036748777758922516,0.0,7.535520538032312e-08,-0.0003675631327946055,1.211707221791691,1.2112618428892195,-0.018548637874415408,0.9990485050172225,0.000440074399421087,0.9986084306178015,False,False,False,-1.0
2022-11-23,2022-11-24 00:00:00,-0.08761904748148698,0.0,0.0,-0.08761904748148698,0.0,0.0,0.0,0.08761904748148698,0.08761904748148698,-0.08761904748148698,False,1.0,0.0,-0.002036309897153421,0.00017841953356570746,0.0,7.50163077752457e-08,0.00017834451725793222,1.20853802133581,1.2087535574658128,-0.02058103091961372,0.9999961608585115,0.0004380952374074349,0.999558065621104,False,False,False,-1.0
2022-11-24,2022-11-25 00:00:00,-0.08759233666748564,0.0,0.0,-0.08759233666748564,0.0,0.0,0.0,0.08759233666748564,0.08759233666748564,-0.08759233666748564,False,1.0,0.0,-0.0008440158440994328,7.392931996904959e-05,0.0,7.49934389276418e-08,7.385432653012195e-05,1.205531442240788,1.2056204759535656,-0.023119678641324137,0.9999523467313335,0.0004379616833374282,0.9995143850479961,False,False,False,-1.0
2022-11-25,2022-11-26 00:00:00,-0.08753975286645661,0.0,0.0,-0.08753975286645661,0.0,0.0,0.0,0.08753975286645661,0.08753975286645661,-0.08753975286645661,False,1.0,0.0,0.001287922152261034,-0.00011274438692016582,0.0,7.494841855004846e-08,-0.00011281933533871587,1.2062651278298822,1.206129037799918,-0.022707605298340594,0.9998297031340745,0.00043769876433228305,0.9993920043697422,False,False,False,-1.0
2022-11-26,2022-11-27 00:00:00,-0.08825338355563243,0.0,0.0,-0.08825338355563243,0.0,0.0,0.0,0.08825338355563243,0.08825338355563243,-0.08825338355563243,False,1.0,0.0,0.0005535040108388678,-4.884860176814353e-05,0.0,7.555940372913734e-08,-4.892416117187267e-05,1.2042343280425698,1.204175411888216,-0.024290573360432277,0.9998584822205512,0.00044126691777816217,0.999417215302773,False,False,False,-1.0
2022-11-27,2022-11-28 00:00:00,-0.09435650836445417,0.0,0.0,-0.09435650836445417,0.0,0.0,0.0,0.09435650836445417,0.09435650836445417,-0.09435650836445417,False,1.0,0.0,0.0017601289664588293,-0.00016607962354619059,0.0,8.078468181888199e-08,-0.00016616040822800947,1.2037168856368479,1.2035168755477395,-0.024824166812718484,0.9996801771363414,0.0004717825418222708,0.9992083945945192,False,False,False,-1.0
2022-11-28,2022-11-29 00:00:00,-0.09401646740301489,0.0,0.0,-0.09401646740301489,0.0,0.0,0.0,0.09401646740301489,0.09401646740301489,-0.09401646740301489,False,1.0,0.0,0.002170224859409098,-0.00020403687475184802,0.0,8.049355085874561e-08,-0.00020411736830270677,1.2088846388086647,1.2086378844576096,-0.020674757500805607,0.9996477129964609,0.00047008233701507446,0.9991776306594459,False,False,False,-1.0
2022-11-29,2022-11-30 00:00:00,-0.09393071457217109,0.0,0.0,-0.09393071457217109,0.0,0.0,0.0,0.09393071457217109,0.09393071457217109,-0.09393071457217109,False,1.0,0.0,-0.0009256274845247381,8.694485104904988e-05,0.0,8.042013233918757e-08,8.68644309167107e-05,1.2041712782051177,1.2042758778579252,-0.024209168614301335,0.9998469897972189,0.00046965357286085543,0.999377336224358,False,False,False,-1.0
2022-11-30,2022-12-01 00:00:00,-0.09577290956222388,0.0,0.0,-0.09577290956222388,0.0,0.0,0.0,0.09577290956222388,0.09577290956222388,-0.09577290956222388,False,1.0,0.0,0.0011775584234943182,-0.00011277819639755627,0.0,8.199735407724647e-08,-0.00011286019375163351,1.1988509601717348,1.1987156576200904,-0.02871445849706078,0.999850808575194,0.0004788645478111194,0.9993719440273829,False,False,False,-1.0
2022-12-01,2022-12-02 00:00:00,0.09471641963338001,0.0,0.0,0.09471641963338001,0.0,0.0,0.09471641963338001,0.0,0.09471641963338001,0.09471641963338001,False,1.0,0.0,0.0021832340237712966,0.00020678810995339487,0.0,8.109282502857877e-08,0.00020670701712836628,1.1981040885795382,1.1983517451018977,-0.02900932656276556,0.9999521411489186,0.00047358209816690007,0.9994785590507517,False,False,False,1.0
2022-12-02,2022-12-03 00:00:00,0.09319755850484682,0.0,0.0,0.09319755850484682,0.0,0.0,0.09319755850484682,0.0,0.09319755850484682,0.09319755850484682,False,1.0,0.0,-0.0018419799723703445,-0.0001716680362397413,0.0,7.97924302267524e-08,-0.00017174782866996805,1.1992082203606103,1.1990022589526401,-0.02848223350799728,0.9998231603227975,0.0004659877925242341,0.9993571725302732,False,False,False,1.0
2022-12-03,2022-12-04 00:00:00,0.09319211819525394,0.0,0.0,0.09319211819525394,0.0,0.0,0.09319211819525394,0.0,0.09319211819525394,0.09319211819525394,False,1.0,0.0,-0.0011863887426636355,-0.00011056207993182824,0.0,7.978777242744344e-08,-0.00011064186770425568,1.1984710441232314,1.19833844304852,-0.029020104842031325,0.9998864293354764,0.00046596059097626973,0.9994204687445002,False,False,False,1.0
2022-12-04,2022-12-05 00:00:00,0.09311895753355282,0.0,0.0,0.09311895753355282,0.0,0.0,0.09311895753355282,0.0,0.09311895753355282,0.09311895753355282,False,1.0,0.0,0.0012635292995755165,0.00011765853118957226,0.0,7.972513487461713e-08,0.00011757880605469764,1.1972192614950135,1.1973600291063657,-0.02981288610719479,0.9999999202748652,0.0004655947876677641,0.9995343254871975,False,False,False,1.0
2022-12-05,2022-12-06 00:00:00,0.09312469976118008,0.0,0.0,0.09312469976118008,0.0,0.0,0.09312469976118008,0.0,0.09312469976118008,0.09312469976118008,False,1.0,0.0,0.0004501445200826293,4.191957328183535e-05,0.0,7.97300511653939e-08,4.183984323066996e-05,1.1979365315737307,1.197986653050412,-0.029305150371081945,0.9999072559500627,0.0004656234988059004,0.9994416324512568,False,False,False,1.0
2022-12-06,2022-12-07 00:00:00,0.09492626789528709,0.0,0.0,0.09492626789528709,0.0,0.0,0.09492626789528709,0.0,0.09492626789528709,0.09492626789528709,False,1.0,0.0,-0.0010432345047821645,-9.90303580785589e-05,0.0,8.127248963637592e-08,-9.911163056819528e-05,1.1969848452608718,1.1968662101410925,-0.030213013708799696,0.9998525071257904,0.00047463133947643545,0.999377875786314,False,False,False,1.0
2022-12-07,2022-12-08 00:00:00,0.09493793899875098,0.0,0.0,0.09493793899875098,0.0,0.0,0.09493793899875098,0.0,0.09493793899875098,0.09493793899875098,False,1.0,0.0,0.003653168655975758,0.00034682430301317567,0.0,8.128248201947858e-08,0.0003467430205311562,1.194573770576965,1.1949879806944221,-0.03173489013844266,0.9999867872851099,0.0004746896949937549,0.9995120975901162,False,False,False,1.0
2022-12-08,2022-12-09 00:00:00,-0.09493757399337382,0.0,0.0,-0.09493757399337382,0.0,0.0,0.0,0.09493757399337382,0.09493757399337382,-0.09493757399337382,False,1.0,0.0,0.00022414704045847778,-2.127997623892249e-05,0.0,8.128216951487486e-08,-2.1361258408437363e-05,1.1929539574115926,1.1929284744138389,-0.03340365008184454,0.9998707188620941,0.0004746878699668691,0.9993960309921273,False,False,False,-1.0
2022-12-09,2022-12-10 00:00:00,-0.09496687424869431,0.0,0.0,-0.09496687424869431,0.0,0.0,0.0,0.09496687424869431,0.09496687424869431,-0.09496687424869431,False,1.0,0.0,0.0012538398846468901,-0.0001190732546532586,0.0,8.130725534990951e-08,-0.0001191545619086085,1.1904937466112222,1.1903518938503899,-0.03549138075582614,0.999863728657735,0.00047483437124347155,0.9993888942864915,False,False,False,-1.0
2022-12-10,2022-12-11 00:00:00,-0.09807927007486705,0.0,0.0,-0.09807927007486705,0.0,0.0,0.0,0.09807927007486705,0.09807927007486705,-0.09807927007486705,False,1.0,0.0,0.0013631876655020303,-0.00013370045120750116,0.0,8.397197780382453e-08,-0.000133784423185305,1.19043725507645,1.1902779931149412,-0.03555126044071344,0.999763250861517,0.0004903963503743353,0.9992728545111427,False,False,False,-1.0
2022-12-11,2022-12-12 00:00:00,-0.1552374657970434,0.0,0.0,-0.1552374657970434,0.0,0.0,0.0,0.1552374657970434,0.1552374657970434,-0.1552374657970434,False,1.0,0.0,0.0007386975347933866,-0.00011467353329184863,0.0,1.3290878920979743e-07,-0.00011480644208105843,1.190960353459737,1.1908236235388967,-0.03510915147315041,0.9997863791302951,0.000776187328985217,0.9990101918013099,False,False,False,-1.0
2022-12-12,2022-12-13 00:00:00,-0.2111573808029785,0.0,0.0,-0.2111573808029785,0.0,0.0,0.0,0.2111573808029785,0.2111573808029785,-0.2111573808029785,False,1.0,0.0,-0.001662603413132957,0.0003510709820312476,0.0,1.8078542876967335e-07,0.0003508901966024779,1.195064203605519,1.1954835399188748,-0.0313333524538304,0.9999255541991415,0.0010557869040148924,0.9988697672951267,False,False,False,-1.0
2022-12-13,2022-12-14 00:00:00,-0.2245626168514451,0.0,0.0,-0.2245626168514451,0.0,0.0,0.0,0.2245626168514451,0.2245626168514451,-0.2245626168514451,False,1.0,0.0,-0.0013648325629445068,0.00030649037189888314,0.0,1.922625144276071e-07,0.00030629810938445553,1.1792848208483597,1.1796460335594114,-0.04416603787227924,0.9997576634105158,0.0011228130842572256,0.9986348503262585,False,False,False,-1.0
2022-12-14,2022-12-15 00:00:00,0.22293564381245873,0.0,0.0,0.22293564381245873,0.0,0.0,0.22293564381245873,0.0,0.22293564381245873,0.22293564381245873,False,1.0,0.0,-0.0008735319809765052,-0.00019474141456976964,0.0,1.9086955805861193e-07,-0.00019493228412782826,1.1808934831820204,1.180663288918032,-0.043341784501128466,0.99970686478032,0.0011146782190622937,0.9985921865612577,False,False,False,1.0
2022-12-15,2022-12-16 00:00:00,0.20969422188017234,0.0,0.0,0.20969422188017234,0.0,0.0,0.20969422188017234,0.0,0.20969422188017234,0.20969422188017234,False,1.0,0.0,0.0010003465767667308,0.00020976689702559368,0.0,1.795327242124763e-07,0.0002095873643013812,1.1677211049289853,1.1679658445176064,-0.05363016613840199,0.9993490475741412,0.0010484711094008617,0.9983005764647404,False,False,False,1.0
2022-12-16,2022-12-17 00:00:00,0.20973580586527873,0.0,0.0,0.20973580586527873,0.0,0.0,0.20973580586527873,0.0,0.20973580586527873,0.20973580586527873,False,1.0,0.0,-0.0015675801207618578,-0.0003287776798863792,0.0,1.7956832693945097e-07,-0.00032895724821331866,1.155276521424012,1.1548964848385987,-0.06421990025276592,0.9995771062718192,0.0010486790293263938,0.9985284272424928,False,False,False,1.0
2022-12-17,2022-12-18 00:00:00,-0.1964406068102356,0.0,0.0,-0.1964406068102356,0.0,0.0,0.0,0.1964406068102356,0.1964406068102356,-0.1964406068102356,False,1.0,0.0,-0.00011015175522599563,2.163827763780712e-05,0.0,1.681854510361606e-07,2.1470092186770962e-05,1.1570646291762587,1.1570894714605133,-0.06244298494759348,0.9999016273237313,0.000982203034051178,0.9989194242896802,False,False,False,-1.0
2022-12-18,2022-12-19 00:00:00,-0.19851402676361818,0.0,0.0,-0.19851402676361818,0.0,0.0,0.0,0.19851402676361818,0.19851402676361818,-0.19851402676361818,False,1.0,0.0,0.0,-0.0,0.0,1.6996063935241283e-07,-1.6996063935241283e-07,1.1558299912099166,1.1558297947643124,-0.0634636655019939,0.9999998300393607,0.0009925701338180909,0.9990072599055426,False,False,False,-1.0
2022-12-19,2022-12-20 00:00:00,-0.1966641947108576,0.0,0.0,-0.1966641947108576,0.0,0.0,0.0,0.1966641947108576,0.1966641947108576,-0.1966641947108576,False,1.0,0.0,-0.002940455770644501,0.000578282366216695,0.0,1.683768790332685e-07,0.0005781139893376618,1.1563123468161922,1.1569808271599307,-0.06253101636492908,0.9999150833453134,0.0009833209735542882,0.9989317623717592,False,False,False,-1.0
2022-12-20,2022-12-21 00:00:00,-0.19768156539323467,0.0,0.0,-0.19768156539323467,0.0,0.0,0.0,0.19768156539323467,0.19768156539323467,-0.19768156539323467,False,1.0,0.0,-0.003927601217556309,0.0007764143569269056,0.0,1.6924791557639956e-07,0.0007762451090113292,1.1488808896526856,1.1497727028241151,-0.06837155653325644,0.9998170498722245,0.0009884078269661734,0.9988286420452583,False,False,False,-1.0
2022-12-21,2022-12-22 00:00:00,-0.19758619225874677,0.0,0.0,-0.19758619225874677,0.0,0.0,0.0,0.19758619225874677,0.19758619225874677,-0.19758619225874677,False,1.0,0.0,-4.9366869893763266e-05,9.754211846041647e-06,0.0,1.6916626049550237e-07,9.585045585546145e-06,1.1500892129743898,1.1501002366319235,-0.06810616511215051,0.9999022887152794,0.0009879309612937338,0.9989143577539857,False,False,False,-1.0
2022-12-22,2022-12-23 00:00:00,-0.19659110758354126,0.0,0.0,-0.19659110758354126,0.0,0.0,0.0,0.19659110758354126,0.19659110758354126,-0.19659110758354126,False,1.0,0.0,-0.0002022108385009158,3.9752852706291625e-05,0.0,1.6831430443796339e-07,3.9584538401853664e-05,1.1554117728379658,1.1554575092796575,-0.06376531794664009,0.9997845037335366,0.0009829555379177062,0.9988015481956188,False,False,False,-1.0
2022-12-23,2022-12-24 00:00:00,-0.2051850300953168,0.0,0.0,-0.2051850300953168,0.0,0.0,0.0,0.2051850300953168,0.2051850300953168,-0.2051850300953168,False,1.0,0.0,-0.002968353912830235,0.0006090617869376232,0.0,1.7567211480763422e-07,0.0006088861148228155,1.1482377390152114,1.1489368850310133,-0.06904879615435422,0.999984723622424,0.0010259251504765841,0.9989587984719474,False,False,False,-1.0
2022-12-24,2022-12-25 00:00:00,-0.2017896938108012,0.0,0.0,-0.2017896938108012,0.0,0.0,0.0,0.2017896938108012,0.2017896938108012,-0.2017896938108012,False,1.0,0.0,0.00017231334772005447,-3.477105767594391e-05,0.0,1.7276514881061745e-07,-3.4943822824754526e-05,1.1490179522933712,1.1489778012136238,-0.06901564292378581,0.9999220062962431,0.001008948469054006,0.9989130578271891,False,False,False,-1.0
2022-12-25,2022-12-26 00:00:00,-0.20081478486217838,0.0,0.0,-0.20081478486217838,0.0,0.0,0.0,0.20081478486217838,0.20081478486217838,-0.20081478486217838,False,1.0,0.0,0.0002807968022200402,-5.638814942780503e-05,0.0,1.7193046649159108e-07,-5.656007989429662e-05,1.1504838770465562,1.1504188055865534,-0.06784803765912462,0.9997162288474114,0.001004073924310892,0.9987121549231005,False,False,False,-1.0
2022-12-26,2022-12-27 00:00:00,-0.20474714848801598,0.0,0.0,-0.20474714848801598,0.0,0.0,0.0,0.20474714848801598,0.20474714848801598,-0.20474714848801598,False,1.0,0.0,0.0005185185185185848,-0.00010616518810491074,0.0,1.7529721617124656e-07,-0.00010634048532108199,1.149641539715999,1.1495192862767203,-0.06857689282539337,0.999787494326574,0.00102373574244008,0.9987637585841339,False,False,False,-1.0
2022-12-27,2022-12-28 00:00:00,-0.20466850259463784,0.0,0.0,-0.20466850259463784,0.0,0.0,0.0,0.20466850259463784,0.20466850259463784,-0.20466850259463784,False,1.0,0.0,-0.0006928235032126473,0.00014179914896490377,0.0,1.752298823584228e-07,0.00014162391908254535,1.1501011847290656,1.1502640665661885,-0.06797341832987114,0.9997854379615636,0.0010233425129731893,0.9987620954485904,False,False,False,-1.0
2022-12-28,2022-12-29 00:00:00,-0.2062618405673112,0.0,0.0,-0.2062618405673112,0.0,0.0,0.0,0.2062618405673112,0.2062618405673112,-0.2062618405673112,False,1.0,0.0,-0.002833930023728004,0.0005845316227331021,0.0,1.7659404158160203e-07,0.0005843550286915205,1.1539211246161614,1.154595424228044,-0.06446384118762316,0.9997853798520563,0.001031309202836556,0.9987540706492197,False,False,False,-1.0
2022-12-29,2022-12-30 00:00:00,-0.2063781914286426,0.0,0.0,-0.2063781914286426,0.0,0.0,0.0,0.2063781914286426,0.2063781914286426,-0.2063781914286426,False,1.0,0.0,-0.001977483278633896,0.00040810942262484596,0.0,1.7669365704507074e-07,0.0004079327289678009,1.1517215467773267,1.1521913716909147,-0.06641177726027203,0.9999741021242448,0.0010318909571432131,0.9989422111671016,False,False,False,-1.0
2022-12-30,2022-12-31 00:00:00,-0.2164619962264594,0.0,0.0,-0.2164619962264594,0.0,0.0,0.0,0.2164619962264594,0.2164619962264594,-0.2164619962264594,False,1.0,0.0,-0.001178358321215378,0.0002550697944803402,0.0,1.8532705156374948e-07,0.00025488446742877644,1.1530832215225595,1.1533771245253783,-0.06545099512933927,0.9998098690813141,0.001082309981132297,0.9987275591001817,False,False,False,-1.0
2022-12-31,2023-01-01 00:00:00,-0.2252640578737919,0.0,0.0,-0.2252640578737919,0.0,0.0,0.0,0.2252640578737919,0.2252640578737919,-0.2252640578737919,False,1.0,0.0,-0.00032410331416399263,7.300882771892539e-05,0.0,1.928630632481095e-07,7.281596465567728e-05,1.151565241394603,1.151649093728519,-0.0668511698226385,0.999874381714958,0.0011263202893689594,0.998748061425589,False,False,False,-1.0
2023-01-01,2023-01-02 00:00:00,-0.2430426743814498,0.0,0.0,-0.2430426743814498,0.0,0.0,0.0,0.2430426743814498,0.2430426743814498,-0.2430426743814498,False,1.0,0.0,0.0005185160405445366,-0.00012602152520362444,0.0,2.080844814909673e-07,-0.0001262296096851154,1.1532783926946852,1.153132814813317,-0.06564895240925417,0.9998412487063912,0.001215213371907249,0.998626035334484,False,False,False,-1.0
2023-01-02,2023-01-03 00:00:00,-0.24270461630374632,0.0,0.0,-0.24270461630374632,0.0,0.0,0.0,0.24270461630374632,0.24270461630374632,-0.24270461630374632,False,1.0,0.0,-0.001188320043271296,0.0002884107601482111,0.0,2.0779504820526224e-07,0.0002882029651000058,1.1475719100152573,1.147902643642389,-0.06988681282729003,0.9999997922049518,0.0012135230815187316,0.998786269123433,False,False,False,-1.0
2023-01-03,2023-01-04 00:00:00,-0.2431298517420524,0.0,0.0,-0.2431298517420524,0.0,0.0,0.0,0.2431298517420524,0.2431298517420524,-0.2431298517420524,False,1.0,0.0,0.0019263521669394823,-0.0004683537167509777,0.0,2.0815911964216814e-07,-0.0004685618758706199,1.1499837748602748,1.1494449363055055,-0.06863713651337144,0.9994570643579501,0.001215649258710262,0.9982414150992398,False,False,False,-1.0
2023-01-04,2023-01-05 00:00:00,-0.23972174903626087,0.0,0.0,-0.23972174903626087,0.0,0.0,0.0,0.23972174903626087,0.23972174903626087,-0.23972174903626087,False,1.0,0.0,0.0019868342309994347,-0.00047628737690029883,0.0,2.0524122348994937e-07,-0.00047649261812378877,1.1401519521646302,1.1396086781758843,-0.07660717948649798,0.9990912144213161,0.0011986087451813043,0.9978926056761348,False,False,False,-1.0
2023-01-05,2023-01-06 00:00:00,0.24004669584571242,0.0,0.0,0.24004669584571242,0.0,0.0,0.24004669584571242,0.0,0.24004669584571242,0.24004669584571242,False,1.0,0.0,-0.0016062909064754605,-0.00038558482466644853,0.0,2.055194313747538e-07,-0.00038579034409782326,1.138090455168128,1.1376513908598143,-0.07819311428144371,0.9993801730956569,0.0012002334792285622,0.9981799396164283,False,False,False,1.0
2023-01-06,2023-01-07 00:00:00,0.22992275337123624,0.0,0.0,0.22992275337123624,0.0,0.0,0.22992275337123624,0.0,0.22992275337123624,0.22992275337123624,False,1.0,0.0,0.00361708216738732,0.0008316494910956914,0.0,1.9685167240688032e-07,0.0008314526394232845,1.1394462648437784,1.1403936604481637,-0.07597113045639292,0.9999998031483276,0.0011496137668561813,0.9988501893814714,False,False,False,1.0
2023-01-07,2023-01-08 00:00:00,0.23043865988497245,0.0,0.0,0.23043865988497245,0.0,0.0,0.23043865988497245,0.0,0.23043865988497245,0.23043865988497245,False,1.0,0.0,0.001028985736674537,0.00023711809420003143,0.0,1.9729337318918875e-07,0.00023692080082684223,1.1405713975610217,1.140841622649932,-0.07560815929892817,0.9999979787212868,0.0011521932994248622,0.998845785421862,False,False,False,1.0
2023-01-08,2023-01-09 00:00:00,0.23185309240854673,0.0,0.0,0.23185309240854673,0.0,0.0,0.23185309240854673,0.0,0.23185309240854673,0.23185309240854673,False,1.0,0.0,0.005507424766052704,0.0012769134632167364,0.0,1.9850435993882426e-07,0.0012767149588567975,1.141390338926666,1.1428475690462683,-0.07398279742148384,0.9999869957732296,0.0011592654620427338,0.9988277303111869,False,False,False,1.0
2023-01-09,2023-01-10 00:00:00,0.23298177850760243,0.0,0.0,0.23298177850760243,0.0,0.0,0.23298177850760243,0.0,0.23298177850760243,0.23298177850760243,False,1.0,0.0,0.002823267932632101,0.0006577699841481087,0.0,1.9947070077705688e-07,0.0006575705134473316,1.1546767104592515,1.1554359918166137,-0.0637827529410121,0.9998213629272166,0.0011649088925380121,0.9986564540346785,False,False,False,1.0
2023-01-10,2023-01-11 00:00:00,0.23641236414770747,0.0,0.0,0.23641236414770747,0.0,0.0,0.23641236414770747,0.0,0.23641236414770747,0.23641236414770747,False,1.0,0.0,0.00363551514421645,0.0008594807301390046,0.0,2.0240784601687284e-07,0.0008592783222929878,1.1540005448369945,1.1549921524890872,-0.0641423834495789,0.9999303985269875,0.0011820618207385373,0.998748336706249,False,False,False,1.0
2023-01-11,2023-01-12 00:00:00,0.2209170130117495,0.0,0.0,0.2209170130117495,0.0,0.0,0.2209170130117495,0.0,0.2209170130117495,0.2209170130117495,False,1.0,0.0,-0.0015019094627843899,-0.0003317973523324088,0.0,1.8914127826348417e-07,-0.0003319864936106723,1.1533519385306397,1.1529690412646678,-0.0657816535038569,0.9993478874177067,0.0011045850650587476,0.998243302352648,False,False,False,1.0
2023-01-12,2023-01-13 00:00:00,0.221030064001891,0.0,0.0,0.221030064001891,0.0,0.0,0.221030064001891,0.0,0.221030064001891,0.221030064001891,False,1.0,0.0,0.0006718391053703865,0.00014849664045898974,0.0,1.892380684947697e-07,0.00014830740239049498,1.164732989394706,1.1649057279188417,-0.05610969244541164,0.9998688782402364,0.0011051503200094552,0.9987637279202269,False,False,False,1.0
2023-01-13,2023-01-14 00:00:00,0.22340587568420017,0.0,0.0,0.22340587568420017,0.0,0.0,0.22340587568420017,0.0,0.22340587568420017,0.22340587568420017,False,1.0,0.0,0.002129144605579558,0.0004756634150677922,0.0,1.9127215383921247e-07,0.000475472142913953,1.1711422775542915,1.1716991230826572,-0.05060519564637067,0.9999352319065952,0.001117029378421001,0.9988182025281742,False,False,False,1.0
2023-01-14,2023-01-15 00:00:00,0.23264840182106583,0.0,0.0,0.23264840182106583,0.0,0.0,0.23264840182106583,0.0,0.23264840182106583,0.23264840182106583,False,1.0,0.0,0.0012345435800451554,0.00028721459087596246,0.0,1.9918527553173445e-07,0.00028701540560043074,1.1912405878579628,1.1915824922584546,-0.034494261519457114,0.9996209219927179,0.0011632420091053292,0.9984576799836126,False,False,False,1.0
2023-01-15,2023-01-16 00:00:00,0.2288418014108264,0.0,0.0,0.2288418014108264,0.0,0.0,0.2288418014108264,0.0,0.2288418014108264,0.2288418014108264,False,1.0,0.0,0.0033912510879725577,0.0007760600080080651,0.0,1.959261998380363e-07,0.0007758640818082271,1.1963109956216553,1.1972391703538305,-0.029910814550988207,0.9997740679878206,0.001144209007054132,0.9986298589807665,False,False,False,1.0
2023-01-16,2023-01-17 00:00:00,0.22014353797765682,0.0,0.0,0.22014353797765682,0.0,0.0,0.22014353797765682,0.0,0.22014353797765682,0.22014353797765682,False,1.0,0.0,0.0009883274012156829,0.00021757389078388354,0.0,1.8847905648771987e-07,0.00021738541172739584,1.1959559955595669,1.1962159789460693,-0.030739877735598276,0.999563241687802,0.001100717689888284,0.9984625239979137,False,False,False,1.0
2023-01-17,2023-01-18 00:00:00,0.24814671348797118,0.0,0.0,0.24814671348797118,0.0,0.0,0.24814671348797118,0.0,0.24814671348797118,0.24814671348797118,False,1.0,0.0,0.0016894799589424192,0.0004192388993153538,0.0,2.124543779862767e-07,0.0004190264449373675,1.199729271986902,1.2002319902786298,-0.02748581684381657,0.9991312511089272,0.001240733567439856,0.9978905175414874,False,False,False,1.0
2023-01-18,2023-01-19 00:00:00,0.25444536008014573,0.0,0.0,0.25444536008014573,0.0,0.0,0.25444536008014573,0.0,0.25444536008014573,0.25444536008014573,False,1.0,0.0,-0.01790284570357048,-0.0045552960215042805,0.0,2.1784705486313847e-07,-0.004555513868559144,1.201717456954327,1.196243016413082,-0.0307179700374538,0.9922093555174426,0.0012722268004007288,0.9909371287170419,False,False,False,1.0
2023-01-19,2023-01-20 00:00:00,0.25439533471534065,0.0,0.0,0.25439533471534065,0.0,0.0,0.25439533471534065,0.0,0.25439533471534065,0.25439533471534065,False,1.0,0.0,-0.0018033854166666918,-0.00045877283669368713,0.0,2.1780422492751765e-07,-0.00045899064091861467,1.1935927083586424,1.1930448604764372,-0.0333093457327559,0.999276014218753,0.0012719766735767033,0.9980040375451763,False,False,False,1.0
2023-01-20,2023-01-21 00:00:00,0.25148855197422404,0.0,0.0,0.25148855197422404,0.0,0.0,0.25148855197422404,0.0,0.25148855197422404,0.25148855197422404,False,1.0,0.0,0.0008709406799742858,0.00021903161046217922,0.0,2.1531554107382194e-07,0.0002188162949211054,1.1985719610220793,1.1988342280977864,-0.02861838417793161,0.9997855846536393,0.0012574427598711201,0.9985281418937682,False,False,False,1.0
2023-01-21,2023-01-22 00:00:00,0.2527929678373389,0.0,0.0,0.2527929678373389,0.0,0.0,0.2527929678373389,0.0,0.2527929678373389,0.2527929678373389,False,1.0,0.0,-0.009246225109787565,-0.0023373806867953233,0.0,2.1643233547717372e-07,-0.0023375971191308006,1.2178223463783637,1.2149755683698564,-0.015539510696069181,0.9970784378947082,0.0012639648391866945,0.9958144730555215,False,False,False,1.0
2023-01-22,2023-01-23 00:00:00,0.2524930143870232,0.0,0.0,0.2524930143870232,0.0,0.0,0.2524930143870232,0.0,0.2524930143870232,0.2524930143870232,False,1.0,0.0,-6.115235497761162e-06,-1.5440542445162441e-06,0.0,2.1617552601628698e-07,-1.7602297705325312e-06,1.212857998232357,1.2128558633236013,-0.017257048004096,0.9997064135180179,0.001262465071935116,0.9984439484460828,False,False,False,1.0
2023-01-23,2023-01-24 00:00:00,0.24592343202452394,0.0,0.0,0.24592343202452394,0.0,0.0,0.24592343202452394,0.0,0.24592343202452394,0.24592343202452394,False,1.0,0.0,-0.0007706107552601926,-0.00018951124168859704,0.0,2.1055088358264034e-07,-0.0001897217925721797,1.2104994494878711,1.2102697913624068,-0.019352469290392804,0.999581348627468,0.0012296171601226197,0.9983517314673453,False,False,False,1.0
2023-01-24,2023-01-25 00:00:00,0.24570820413415356,0.0,0.0,0.24570820413415356,0.0,0.0,0.24570820413415356,0.0,0.24570820413415356,0.24570820413415356,False,1.0,0.0,0.0012416298089990008,0.0003050786305685766,0.0,2.1036661312855612e-07,0.000304868263955448,1.2099286914080472,1.2102975602677066,-0.019329968928401442,0.9998404201995078,0.001228541020670768,0.9986118791788371,False,False,False,1.0
2023-01-25,2023-01-26 00:00:00,0.24354063823727917,0.0,0.0,0.24354063823727917,0.0,0.0,0.24354063823727917,0.0,0.24354063823727917,0.24354063823727917,False,1.0,0.0,0.001699466808505079,0.00041388923120639883,0.0,2.085108204086294e-07,0.0004136807203859902,1.195788981680409,1.1962836565277803,-0.03068504049694043,0.9999571387821469,0.0012177031911863958,0.9987394355909605,False,False,False,1.0
2023-01-26,2023-01-27 00:00:00,0.24494271424220926,0.0,0.0,0.24494271424220926,0.0,0.0,0.24494271424220926,0.0,0.24494271424220926,0.24494271424220926,False,1.0,0.0,-0.009214723620595056,-0.0022570794146203506,0.0,2.0971122794709697e-07,-0.0022572891258482975,1.207767176623461,1.2050408969091124,-0.02358929522008235,0.9965294734606134,0.0012247135712110462,0.9953047598894024,False,False,False,1.0
2023-01-27,2023-01-28 00:00:00,0.22038464773887906,0.0,0.0,0.22038464773887906,0.0,0.0,0.22038464773887906,0.0,0.22038464773887906,0.22038464773887906,False,1.0,0.0,-0.010450180977277235,-0.0023030594534847785,0.0,1.886854860778074e-07,-0.0023032481389708565,1.205183040224305,1.202407204629789,-0.025723301909169605,0.9975956554448508,0.0011019232386943953,0.9964937322061564,False,False,False,1.0
2023-01-28,2023-01-29 00:00:00,0.21846503603055192,0.0,0.0,0.21846503603055192,0.0,0.0,0.21846503603055192,0.0,0.21846503603055192,0.21846503603055192,False,1.0,0.0,-0.0011643064150751448,-0.00025436024291999426,0.0,1.870419829028698e-07,-0.0002545472849028971,1.2033696600232455,1.203063345543552,-0.025191649403694005,0.9996970689732373,0.0010923251801527596,0.9986047437930845,False,False,False,1.0
2023-01-29,2023-01-30 00:00:00,0.2210959655358771,0.0,0.0,0.2210959655358771,0.0,0.0,0.2210959655358771,0.0,0.2210959655358771,0.2210959655358771,False,1.0,0.0,-0.0013013410009171666,-0.00028772124508920566,0.0,1.8929449104099066e-07,-0.00028791053958024664,1.2089958261953284,1.2086477435546583,-0.020666768952099512,0.9996312534915613,0.0011054798276793855,0.998525773663882,False,False,False,1.0
2023-01-30,2023-01-31 00:00:00,0.22079355492776026,0.0,0.0,0.22079355492776026,0.0,0.0,0.22079355492776026,0.0,0.22079355492776026,0.22079355492776026,False,1.0,0.0,0.003882990853117718,0.0008573393542118376,0.0,1.8903557784910982e-07,0.0008571503186339885,1.2032250579589474,1.2042564027007654,-0.024224948785727007,0.9996557563459293,0.0011039677746388014,0.9985517885712905,False,False,False,1.0
2023-01-31,2023-02-01 00:00:00,0.22135666525027956,0.0,0.0,0.22135666525027956,0.0,0.0,0.22135666525027956,0.0,0.22135666525027956,0.22135666525027956,False,1.0,0.0,-0.0014642300537931474,-0.00032411708186688855,0.0,1.8951769285126675e-07,-0.0003243065995597398,1.205402940675486,1.2050120205466963,-0.023612692923388967,0.999483727060107,0.0011067833262513977,0.9983769437338557,False,False,False,1.0
2023-02-01,2023-02-02 00:00:00,0.2169701828843991,0.0,0.0,0.2169701828843991,0.0,0.0,0.2169701828843991,0.0,0.2169701828843991,0.2169701828843991,False,1.0,0.0,-0.0027591793340000503,-0.0005986596447088454,0.0,1.8576214288047868e-07,-0.0005988454068517259,1.2035739087364437,1.2028531540293903,-0.02536196166862026,0.9988821331580567,0.0010848509144219954,0.9977972822436347,False,False,False,1.0
2023-02-02,2023-02-03 00:00:00,0.21806252450409652,0.0,0.0,0.21806252450409652,0.0,0.0,0.21806252450409652,0.0,0.21806252450409652,0.21806252450409652,False,1.0,0.0,0.0026771841759292148,0.0005837935399655438,0.0,1.8669736686994566e-07,0.0005836068425986739,1.2189161654260874,1.2196275332407842,-0.011770154560617918,0.9995893334698448,0.0010903126225204826,0.9984990208473243,False,False,False,1.0
2023-02-03,2023-02-04 00:00:00,0.21678250857542636,0.0,0.0,0.21678250857542636,0.0,0.0,0.21678250857542636,0.0,0.21678250857542636,0.21678250857542636,False,1.0,0.0,-0.002716348460136242,-0.000588856833353331,0.0,1.8560146282142667e-07,-0.0005890424348161524,1.2180958293468034,1.2173783192136456,-0.013592629348878171,0.999261468523604,0.0010839125428771317,0.9981775559807269,False,False,False,1.0
2023-02-04,2023-02-05 00:00:00,0.20244003246867145,0.0,0.0,0.20244003246867145,0.0,0.0,0.20244003246867145,0.0,0.20244003246867145,0.20244003246867145,False,1.0,0.0,0.0015077473182358858,0.00030522841605822503,0.0,1.7332194560673924e-07,0.0003050550941126183,1.219608609896827,1.2199806577160996,-0.01148402774226498,0.9997778423754666,0.0010122001623433573,0.9987656422131233,False,False,False,1.0
2023-02-05,2023-02-06 00:00:00,0.20392196667410298,0.0,0.0,0.20392196667410298,0.0,0.0,0.20392196667410298,0.0,0.20392196667410298,0.20392196667410298,False,1.0,0.0,-0.0005467933607135045,-0.00011150317748104003,0.0,1.7459072489221144e-07,-0.00011167776820593224,1.2148328160967419,1.2146971462790968,-0.01576510827583788,0.9993853190089351,0.0010196098333705148,0.9983657091755647,False,False,False,1.0
2023-02-06,2023-02-07 00:00:00,0.20505050283611076,0.0,0.0,0.20505050283611076,0.0,0.0,0.20505050283611076,0.0,0.20505050283611076,0.20505050283611076,False,1.0,0.0,0.0130910163668434,0.0026843194886569948,0.0,1.7555693735968388e-07,0.002684143931719635,1.2119909012074799,1.2152440592302554,-0.01532196011259812,0.9999645376141038,0.0010252525141805538,0.9989392850999232,False,True,False,1.0
2023-02-07,2023-02-08 00:00:00,0.20028770930812398,0.0,0.0,0.20028770930812398,0.0,0.0,0.20028770930812398,0.0,0.20028770930812398,0.20028770930812398,False,1.0,0.0,-0.0017989023024724826,-0.0003602980214313235,0.0,1.7147920317476367e-07,-0.0003604695006344983,1.2131931828864086,1.2127558637456004,-0.017338074846159235,0.999493695585929,0.00100143854654062,0.9984922570393884,False,False,False,1.0
2023-02-08,2023-02-09 00:00:00,0.20030639623725985,0.0,0.0,0.20030639623725985,0.0,0.0,0.20030639623725985,0.0,0.20030639623725985,0.20030639623725985,False,1.0,0.0,-0.0024489254284111306,-0.0004905354272188213,0.0,1.7149520225792794e-07,-0.0004907069224210792,1.2167786000129213,1.216181518330841,-0.01456236340226813,0.9992906061014051,0.0010015319811862993,0.9982890741202187,False,False,False,1.0
2023-02-09,2023-02-10 00:00:00,0.19858863980634744,0.0,0.0,0.19858863980634744,0.0,0.0,0.19858863980634744,0.0,0.19858863980634744,0.19858863980634744,False,1.0,0.0,0.0018101602145192963,0.00035947725483295316,0.0,1.7002452038214677e-07,0.000359307230312571,1.2126545890486062,1.213090304610323,-0.017067086831338618,0.9999547429977548,0.0009929431990317373,0.998961799798723,False,False,False,1.0
2023-02-10,2023-02-11 00:00:00,0.2061590138352604,0.0,0.0,0.2061590138352604,0.0,0.0,0.2061590138352604,0.0,0.2061590138352604,0.2061590138352604,False,1.0,0.0,-0.0022477358812043047,-0.00046339101263120946,0.0,1.765060049959421e-07,-0.0004635675186362054,1.1964004693013253,1.195845856904476,-0.031039777203254126,0.9970303382293788,0.001030795069176302,0.9959995431602026,False,False,False,1.0
2023-02-11,2023-02-12 00:00:00,-0.2044747931720529,0.0,0.0,-0.2044747931720529,0.0,0.0,0.0,0.2044747931720529,0.2044747931720529,-0.2044747931720529,False,1.0,0.0,0.0012030846301009923,-0.0002460004809083762,0.0,1.7506403525004527e-07,-0.0002461755449436262,1.1971557867985534,1.1968610763203558,-0.030217173499174188,0.9997457588655184,0.0010223739658602644,0.9987233848996582,False,False,False,-1.0
2023-02-12,2023-02-13 00:00:00,-0.18067164129410562,0.0,0.0,-0.18067164129410562,0.0,0.0,0.0,0.18067164129410562,0.18067164129410562,-0.18067164129410562,False,1.0,0.0,0.001774078881286778,-0.000320525743267293,0.0,1.5468462439563837e-07,-0.0003206804278916886,1.1953945576147273,1.195011217976492,-0.031716061623144,0.9994389252646578,0.0009033582064705281,0.9985355670581872,False,False,False,-1.0
2023-02-13,2023-02-14 00:00:00,-0.18730166211172602,0.0,0.0,-0.18730166211172602,0.0,0.0,0.0,0.18730166211172602,0.18730166211172602,-0.18730166211172602,False,1.0,0.0,-0.004619326994402928,0.0008652076238892322,0.0,1.6036101208195722e-07,0.0008650472628771503,1.202791332777135,1.2038318041273661,-0.02456898905304472,0.9998482704202044,0.0009365083105586301,0.9989117621096458,False,False,False,-1.0
2023-02-14,2023-02-15 00:00:00,-0.18933118413158262,0.0,0.0,-0.18933118413158262,0.0,0.0,0.0,0.18933118413158262,0.18933118413158262,-0.18933118413158262,False,1.0,0.0,0.002778463016579913,-0.000526049692994884,0.0,1.620986165510125e-07,-0.000526211791611435,1.1939441925886396,1.1933159250759735,-0.03308970972093839,0.9990558982653552,0.0009466559206579131,0.9981092423446973,False,False,False,-1.0
2023-02-15,2023-02-16 00:00:00,-0.20394927167488405,0.0,0.0,-0.20394927167488405,0.0,0.0,0.0,0.20394927167488405,0.20394927167488405,-0.20394927167488405,False,1.0,0.0,0.002863455702149853,-0.0005839997049267563,0.0,1.7461410246137332e-07,-0.0005841743190292177,1.1885096617250335,1.1878153649027356,-0.03754665873338392,0.9989664955310604,0.0010197463583744202,0.997946749172686,False,False,False,-1.0
2023-02-16,2023-02-17 00:00:00,-0.19579094201564926,0.0,0.0,-0.19579094201564926,0.0,0.0,0.0,0.19579094201564926,0.19579094201564926,-0.19579094201564926,False,1.0,0.0,0.0072203431415502894,-0.0014136777853603635,0.0,1.6762923117778188e-07,-0.0014138454145915412,1.169071882710325,1.167418995789627,-0.05407326226340814,0.9979216345261088,0.0009789547100782464,0.9969426798160306,False,False,False,-1.0
2023-02-17,2023-02-18 00:00:00,0.19368413610785057,0.0,0.0,0.19368413610785057,0.0,0.0,0.19368413610785057,0.0,0.19368413610785057,0.19368413610785057,False,1.0,0.0,-0.0012777034772640805,-0.00024747089419589014,0.0,1.658254589964474e-07,-0.0002476367196548866,1.1670192730576734,1.1667302762331193,-0.0546313123256843,0.9994921719196251,0.0009684206805392529,0.9985237512390859,False,False,False,1.0
2023-02-18,2023-02-19 00:00:00,0.16796322627065985,0.0,0.0,0.16796322627065985,0.0,0.0,0.16796322627065985,0.0,0.16796322627065985,0.16796322627065985,False,1.0,0.0,-0.00040095285266161795,-6.734533471546987e-05,0.0,1.438041320810444e-07,-6.748913884755092e-05,1.1696363676381916,1.1695574298869749,-0.0523405493326915,0.9999107226646269,0.0008398161313532993,0.9990709065332736,False,False,False,1.0
2023-02-19,2023-02-20 00:00:00,0.16558979112820618,0.0,0.0,0.16558979112820618,0.0,0.0,0.16558979112820618,0.0,0.16558979112820618,0.16558979112820618,False,1.0,0.0,0.0004617965639996946,7.646879657643273e-05,0.0,1.41772081445382e-07,7.632702449498735e-05,1.1713226566325103,1.1714120602056146,-0.0508377946119396,0.9996097705694337,0.0008279489556410309,0.9987818216137927,False,False,False,1.0
2023-02-20,2023-02-21 00:00:00,0.1658393216590689,0.0,0.0,0.1658393216590689,0.0,0.0,0.1658393216590689,0.0,0.1658393216590689,0.1658393216590689,False,1.0,0.0,-0.0018356454281320822,-0.0003044221926079956,0.0,1.4198572059851788e-07,-0.00030456417832859414,1.1713496639222567,1.1709929127743288,-0.051177417972307016,0.999556797689369,0.0008291966082953445,0.9987276010810736,False,False,False,1.0
2023-02-21,2023-02-22 00:00:00,0.16644019349130026,0.0,0.0,0.16644019349130026,0.0,0.0,0.16644019349130026,0.0,0.16644019349130026,0.16644019349130026,False,1.0,0.0,-0.0007169272498073198,-0.00011932551017711608,0.0,1.425001656603598e-07,-0.00011946801034277643,1.1671541786064845,1.167014741019003,-0.05440081852021905,0.9997204369301695,0.0008322009674565014,0.998888235962713,False,False,False,1.0
2023-02-22,2023-02-23 00:00:00,0.1739343126539867,0.0,0.0,0.1739343126539867,0.0,0.0,0.1739343126539867,0.0,0.1739343126539867,0.1739343126539867,False,1.0,0.0,-0.0017749027514085691,-0.0003087164900939193,0.0,1.4891636357361876e-07,-0.0003088654064574929,1.1602297896689335,1.1598714348233634,-0.06018883837484257,0.999570659865701,0.0008696715632699335,0.9987009883024311,False,False,False,1.0
2023-02-23,2023-02-24 00:00:00,0.17266518468696054,0.0,0.0,0.17266518468696054,0.0,0.0,0.17266518468696054,0.0,0.17266518468696054,0.17266518468696054,False,1.0,0.0,-0.0016157134158473196,-0.0002789774553484773,0.0,1.4782978141006897e-07,-0.0002791252851298874,1.1653839505180514,1.1650586623905774,-0.055985773949603135,0.9993804805809188,0.0008633259234348028,0.9985171546574839,False,False,False,1.0
2023-02-24,2023-02-25 00:00:00,0.1690119918962362,0.0,0.0,0.1690119918962362,0.0,0.0,0.1690119918962362,0.0,0.1690119918962362,0.1690119918962362,False,1.0,0.0,-0.002736471568682397,-0.00046249651059043003,0.0,1.4470204785636662e-07,-0.0004626412126382864,1.1592842425636338,1.1587479098958617,-0.06109919898510363,0.9991684127073225,0.000845059959481181,0.9983233527478413,False,False,False,1.0
2023-02-25,2023-02-26 00:00:00,0.16715008232092343,0.0,0.0,0.16715008232092343,0.0,0.0,0.16715008232092343,0.0,0.16715008232092343,0.16715008232092343,False,1.0,0.0,0.0009839127137816206,0.00016446109110520107,0.0,1.431079471925714e-07,0.0001643179831580085,1.1577966384037548,1.1579868852122845,-0.061715835855729706,0.9998710115786392,0.0008357504116046172,0.9990352611670346,False,False,False,1.0
2023-02-26,2023-02-27 00:00:00,0.17100066628394486,0.0,0.0,0.17100066628394486,0.0,0.0,0.17100066628394486,0.0,0.17100066628394486,0.17100066628394486,False,1.0,0.0,0.0011727278398103724,0.00020053724197730504,0.0,1.46404680037624e-07,0.0002003908372972674,1.158713188607988,1.1589453841140405,-0.06093919118699298,0.9999571860970269,0.0008550033314197244,0.9991021827656071,False,False,False,1.0
2023-02-27,2023-02-28 00:00:00,0.17349782254818566,0.0,0.0,0.17349782254818566,0.0,0.0,0.17349782254818566,0.0,0.17349782254818566,0.17349782254818566,False,1.0,0.0,0.00015206997652028598,2.6383809801223336e-05,0.0,1.4854265629125482e-07,2.6235267144932083e-05,1.1638059787378081,1.1638365114985652,-0.0569760484015972,0.9994901162519837,0.0008674891127409283,0.9986226271392428,False,False,False,1.0
2023-02-28,2023-03-01 00:00:00,0.1737696222672554,0.0,0.0,0.1737696222672554,0.0,0.0,0.1737696222672554,0.0,0.1737696222672554,0.1737696222672554,False,1.0,0.0,-0.00016450675391621594,-2.8586276488433182e-05,0.0,1.487753615301844e-07,-2.8735051849963368e-05,1.1634824487189006,1.16344901599041,-0.05729002509997094,0.9995699983263311,0.000868848111336277,0.9987011502149948,False,False,False,1.0
2023-03-01,2023-03-02 00:00:00,0.17208788808429565,0.0,0.0,0.17208788808429565,0.0,0.0,0.17208788808429565,0.0,0.17208788808429565,0.17208788808429565,False,1.0,0.0,-0.0010006088041519812,-0.00017219265590506704,0.0,1.4733552062011613e-07,-0.00017233999142568716,1.1656631649011318,1.1654622745212875,-0.05565873840581781,0.9996067140103346,0.0008604394404214782,0.9987462745699132,False,False,False,1.0
2023-03-02,2023-03-03 00:00:00,0.1732828180118423,0.0,0.0,0.1732828180118423,0.0,0.0,0.1732828180118423,0.0,0.1732828180118423,0.1732828180118423,False,1.0,0.0,0.0009836105885678847,0.00017044281461332987,0.0,1.4835857706493348e-07,0.00017029445603626494,1.161725441996568,1.1619232773987762,-0.05852628811593019,0.9998762806008282,0.0008664140900592115,0.9990098665107691,False,False,False,1.0
2023-03-03,2023-03-04 00:00:00,0.17404564579861165,0.0,0.0,0.17404564579861165,0.0,0.0,0.17404564579861165,0.0,0.17404564579861165,0.17404564579861165,False,1.0,0.0,-0.0002551622512966256,-4.440987881034884e-05,0.0,1.4901168304675656e-07,-4.45588904933956e-05,1.1544025204927246,1.1543510815972287,-0.06466182514067753,0.9997444941851575,0.0008702282289930583,0.9988742659561645,False,False,False,1.0
2023-03-04,2023-03-05 00:00:00,0.1729246343586156,0.0,0.0,0.1729246343586156,0.0,0.0,0.1729246343586156,0.0,0.1729246343586156,0.1729246343586156,False,1.0,0.0,-0.002680794025659017,-0.00046357532667784664,0.0,1.4805191297826679e-07,-0.0004637233785908249,1.1542749656896132,1.1537397014027009,-0.06515720929581992,0.9994512878115183,0.000864623171793078,0.9985866646397252,False,False,False,1.0
2023-03-05,2023-03-06 00:00:00,0.16864796577250601,0.0,0.0,0.16864796577250601,0.0,0.0,0.16864796577250601,0.0,0.16864796577250601,0.16864796577250601,False,1.0,0.0,-0.00047770396366897394,-8.056380171423557e-05,0.0,1.4439038165454282e-07,-8.070819209589011e-05,1.154679316147865,1.1545861240678081,-0.06447137684556947,0.9998956597594012,0.0008432398288625301,0.9990524199305386,False,False,False,1.0
2023-03-06,2023-03-07 00:00:00,0.1819971623771183,0.0,0.0,0.1819971623771183,0.0,0.0,0.1819971623771183,0.0,0.1819971623771183,0.1819971623771183,False,1.0,0.0,0.0033973355727756616,0.0006183054338880123,0.0,1.5581948833657389e-07,0.0006181496143996757,1.1549212043843067,1.155635118481459,-0.06362140621190038,0.9999836339256907,0.0009099858118855915,0.9990736481138051,False,False,False,1.0
2023-03-07,2023-03-08 00:00:00,0.18200480429951243,0.0,0.0,0.18200480429951243,0.0,0.0,0.18200480429951243,0.0,0.18200480429951243,0.18200480429951243,False,1.0,0.0,0.00017940552697170986,3.265266782673695e-05,0.0,1.558260310783497e-07,3.24968417956586e-05,1.1534476364979545,1.1534851199033174,-0.06536348951574822,0.9999193786711101,0.0009100240214975621,0.9990093546496126,False,False,False,1.0
2023-03-08,2023-03-09 00:00:00,0.18239230989302732,0.0,0.0,0.18239230989302732,0.0,0.0,0.18239230989302732,0.0,0.18239230989302732,0.18239230989302732,False,1.0,0.0,0.000667008722421647,0.00012165726160128128,0.0,1.5615779956594805e-07,0.00012150110380171533,1.1532525886744258,1.1533927101369121,-0.0654383665472047,0.9997097380645358,0.0009119615494651367,0.9987977765150706,False,False,False,1.0
2023-03-09,2023-03-10 00:00:00,0.18353382780074512,0.0,0.0,0.18353382780074512,0.0,0.0,0.18353382780074512,0.0,0.18353382780074512,0.18353382780074512,False,1.0,0.0,-0.0025623849690757927,-0.00047028432167357413,0.0,1.571351265417338e-07,-0.00047044145680011584,1.1503098145286001,1.149768661103682,-0.06837483142550849,0.9993278376031927,0.0009176691390037256,0.998410168464189,False,False,False,1.0
2023-03-10,2023-03-11 00:00:00,0.18358233358048096,0.0,0.0,0.18358233358048096,0.0,0.0,0.18358233358048096,0.0,0.18358233358048096,0.18358233358048096,False,1.0,0.0,0.008014234875444837,0.0014712719402962383,0.0,1.5717665546274056e-07,0.0014711147636407755,1.131658034065211,1.133322832906517,-0.08170042289868684,0.9998247536226343,0.0009179116679024048,0.9989068419547319,False,False,False,1.0
2023-03-11,2023-03-12 00:00:00,-0.18298494203519092,0.0,0.0,-0.18298494203519092,0.0,0.0,0.0,0.18298494203519092,0.18298494203519092,-0.18298494203519092,False,1.0,0.0,-0.0024558367984818252,0.0004493811542180856,0.0,1.5666519009862236e-07,0.000449224489027987,1.1292297156489488,1.1297369932909564,-0.08460592776183118,0.999937287435501,0.0009149247101759546,0.9990223627253251,False,False,False,-1.0
2023-03-12,2023-03-13 00:00:00,-0.16547818985072743,0.0,0.0,-0.16547818985072743,0.0,0.0,0.0,0.16547818985072743,0.16547818985072743,-0.16547818985072743,False,1.0,0.0,0.002314194873062503,-0.0003829487785562169,0.0,1.416765324064447e-07,-0.00038309045508862335,1.1262731553490346,1.1258416908533977,-0.08776218163515881,0.9995135020112359,0.0008273909492536372,0.9986861110619822,False,False,False,-1.0
2023-03-13,2023-03-14 00:00:00,-0.16510351090909758,0.0,0.0,-0.08255175545454879,0.0,0.0,0.0,0.08255175545454879,0.08255175545454879,-0.08255175545454879,False,0.5,0.0,-0.0029772224547139903,0.0002457749400153408,0.0,7.067787282067534e-08,0.0002457042621425201,1.1049591571860162,1.1052306503604301,-0.10446272733913076,0.9999999293221272,0.000412758777272744,0.9995871705448545,False,False,False,-1.0
2023-03-14,2023-03-15 00:00:00,-0.17701356682116948,0.0,0.0,-0.08850678341058474,0.0,0.0,0.0,0.08850678341058474,0.08850678341058474,-0.08850678341058474,False,0.5,0.0,0.003224526804941563,-0.00028539249552658773,0.0,7.57763556597472e-08,-0.0002854682718822475,1.099614636404951,1.09930073131496,-0.10926757375498808,0.999590142731825,0.0004425339170529237,0.999147608814772,False,False,False,-1.0
2023-03-15,2023-03-16 00:00:00,0.1369860649841825,0.0,0.0,0.06849303249209125,0.0,0.0,0.06849303249209125,0.0,0.06849303249209125,0.06849303249209125,False,0.5,0.0,0.0014092360102690993,9.652284784038646e-05,0.0,5.8641294941858944e-08,9.64642065454446e-05,1.092881126524209,1.0929865504349279,-0.11438377671456701,0.999734713359422,0.00034246516246045624,0.9993922481969615,False,False,False,1.0
2023-03-16,2023-03-17 00:00:00,0.1324019455677311,0.0,0.0,0.06620097278386555,0.0,0.0,0.06620097278386555,0.0,0.06620097278386555,0.06620097278386555,False,0.5,0.0,0.000246708546946639,1.6332345801961466e-05,0.0,5.6678915054679415e-08,1.6275666886906787e-05,1.0942280831834956,1.0942458924752758,-0.11336336732238039,0.9998653010556932,0.00033100486391932776,0.9995342961917738,False,False,False,1.0
2023-03-17,2023-03-18 00:00:00,0.12570817529128595,0.0,0.0,0.06285408764564297,0.0,0.0,0.06285408764564297,0.0,0.06285408764564297,0.06285408764564297,False,0.5,0.0,0.0034713293905888065,0.00021818724176296526,0.0,5.3813431203461445e-08,0.0002181334283317618,1.0962708120889417,1.0965099453995628,-0.11152886899362457,0.9999757031597063,0.00031427043822821485,0.9996614327214781,False,False,False,1.0
2023-03-18,2023-03-19 00:00:00,0.12770429616145684,0.0,0.0,0.06385214808072842,0.0,0.0,0.06385214808072842,0.0,0.06385214808072842,0.06385214808072842,False,0.5,0.0,0.0032291578917811314,0.0002061886678820616,0.0,5.466793500062365e-08,0.000206133999947061,1.0990997430737626,1.0993263049001432,-0.10924685219906705,0.9998690603515834,0.0003192607404036421,0.9995497996111797,False,False,False,1.0
2023-03-19,2023-03-20 00:00:00,0.12707310735499733,0.0,0.0,0.06353655367749866,0.0,0.0,0.06353655367749866,0.0,0.06353655367749866,0.06353655367749866,False,0.5,0.0,0.001916211822412528,0.00012174949531217112,0.0,5.4397734312926935e-08,0.0001216950975778582,1.0994870612117447,1.0996208633969442,-0.10900817974388477,0.999955931207459,0.00031768276838749335,0.9996382484390715,False,False,False,1.0
2023-03-20,2023-03-21 00:00:00,0.1351973898291801,0.0,0.0,0.06759869491459004,0.0,0.0,0.06759869491459004,0.0,0.06759869491459004,0.06759869491459004,False,0.5,0.0,-0.004264404367201879,-0.00028826816981092525,0.0,5.787559496112161e-08,-0.00028832604540588634,1.098693645057104,1.0983768630633122,-0.11001615818314248,0.9996024756809968,0.00033799347457295025,0.9992644822064238,False,False,False,1.0
2023-03-21,2023-03-22 00:00:00,0.13676714660336287,0.0,0.0,0.06838357330168143,0.0,0.0,0.06838357330168143,0.0,0.06838357330168143,0.06838357330168143,False,0.5,0.0,-0.00020406137283668357,-1.3954445847419096e-05,0.0,5.854757988157657e-08,-1.4012993427300672e-05,1.1005242464866387,1.100508824847606,-0.10828868958543292,0.9999282834872577,0.0003419178665084072,0.9995863656207493,False,False,False,1.0
2023-03-22,2023-03-23 00:00:00,0.13641708676556846,0.0,0.0,0.06820854338278423,0.0,0.0,0.06820854338278423,0.0,0.06820854338278423,0.06820854338278423,False,0.5,0.0,-0.002082504750541281,-0.0001420446156221492,0.0,5.83977254989591e-08,-0.00014210301334764816,1.1004154380808828,1.1002590657311972,-0.10849106236423522,0.9995500708567762,0.00034104271691392114,0.9992090281398622,False,False,False,1.0
2023-03-23,2023-03-24 00:00:00,0.13545610902021268,0.0,0.0,0.06772805451010634,0.0,0.0,0.06772805451010634,0.0,0.06772805451010634,0.06772805451010634,False,0.5,0.0,0.0009041049633184972,6.123327023849288e-05,0.0,5.7986348039474606e-08,6.11752838904534e-05,1.1015277155091363,1.1015951017798458,-0.10740850997682794,0.999977071756093,0.0003386402725505317,0.9996384314835425,False,False,False,1.0
2023-03-24,2023-03-25 00:00:00,0.13544039841620445,0.0,0.0,0.06772019920810222,0.0,0.0,0.06772019920810222,0.0,0.06772019920810222,0.06772019920810222,False,0.5,0.0,0.002974298428843891,0.00020142008210565377,0.0,5.797962260967656e-08,0.0002013621024830441,1.0984861885990531,1.098707382087538,-0.10974834792523736,0.9999780318206063,0.00033860099604051113,0.9996394308245657,False,False,False,1.0
2023-03-25,2023-03-26 00:00:00,0.1359284273196714,0.0,0.0,0.0679642136598357,0.0,0.0,0.0679642136598357,0.0,0.0679642136598357,0.0679642136598357,False,0.5,0.0,0.0010554962829414372,7.173597489099423e-05,0.0,5.818853909232508e-08,7.16777863519019e-05,1.0981119261019656,1.0981906363339953,-0.11016705245775793,0.999955736940447,0.00033982106829917846,0.9996159158721478,False,False,False,1.0
2023-03-26,2023-03-27 00:00:00,0.13547936195916266,0.0,0.0,0.06773968097958133,0.0,0.0,0.06773968097958133,0.0,0.06773968097958133,0.06773968097958133,False,0.5,0.0,0.00025524963414214064,1.7290528786943457e-05,0.0,5.7996302208545655e-08,1.723253248473491e-05,1.0985643329874273,1.098583264032982,-0.10984891728967605,0.9999046519783831,0.00033869840489790667,0.9995659535734852,False,False,False,1.0
2023-03-27,2023-03-28 00:00:00,0.13616437830716027,0.0,0.0,0.06808218915358014,0.0,0.0,0.06808218915358014,0.0,0.06808218915358014,0.06808218915358014,False,0.5,0.0,-0.0009571388551685711,-6.51641085838278e-05,0.0,5.828954550820217e-08,-6.522239812933601e-05,1.0964498498052788,1.096378336716646,-0.1116355078032879,0.9998465676500071,0.0003404109457679007,0.9995061567042393,False,False,False,1.0
2023-03-28,2023-03-29 00:00:00,0.13805798872290992,0.0,0.0,0.06902899436145496,0.0,0.0,0.06902899436145496,0.0,0.06902899436145496,0.06902899436145496,False,0.5,0.0,0.00047619320822267497,3.287113828536618e-05,0.0,5.9100166405355266e-08,3.2812038118960825e-05,1.0977501162177787,1.0977861356364371,-0.11049480798223832,0.9998122189775774,0.0003451449718072748,0.9994670740057702,False,False,False,1.0
2023-03-29,2023-03-30 00:00:00,0.13646952344563013,0.0,0.0,0.06823476172281506,0.0,0.0,0.06823476172281506,0.0,0.06823476172281506,0.06823476172281506,False,0.5,0.0,6.0846429144501e-05,4.1518415943591755e-06,0.0,5.842017270788961e-08,4.093421421651286e-06,1.1005061048891112,1.1005106097243755,-0.1082872433500488,0.9999233212304043,0.00034117380861407534,0.9995821474217902,False,False,False,1.0
2023-03-30,2023-03-31 00:00:00,0.13608316999357448,0.0,0.0,0.06804158499678724,0.0,0.0,0.06804158499678724,0.0,0.06804158499678724,0.06804158499678724,False,0.5,0.0,-0.0007147643511279389,-4.8633699349945135e-05,0.0,5.8254781675331535e-08,-4.8691954131620465e-05,1.099822544982118,1.0997689924732048,-0.10888815492470971,0.9997419551681979,0.0003402079249839362,0.999401747243214,False,False,False,1.0
2023-03-31,2023-04-01 00:00:00,0.1350990830734258,0.0,0.0,0.0675495415367129,0.0,0.0,0.0675495415367129,0.0,0.0675495415367129,0.0675495415367129,False,0.5,0.0,0.0015262999534997324,0.00010310086210641314,0.0,5.783351158965145e-08,0.00010304302859482349,1.1013574149843222,1.1014709021879276,-0.10750914540869527,0.9999352731669593,0.00033774770768356453,0.9995975254592757,False,False,False,1.0
2023-04-01,2023-04-02 00:00:00,0.13487464775350033,0.0,0.0,0.06743732387675017,0.0,0.0,0.06743732387675017,0.0,0.06743732387675017,0.06743732387675017,False,0.5,0.0,0.0009123987292374292,6.15297286083198e-05,0.0,5.773743482598473e-08,6.147199117349381e-05,1.1010081689442548,1.1010758501086981,-0.1078292449838173,0.999980667889748,0.00033718661938375084,0.9996434812703643,False,False,False,1.0
2023-04-02,2023-04-03 00:00:00,0.1343713125133793,0.0,0.0,0.06718565625668965,0.0,0.0,0.06718565625668965,0.0,0.06718565625668965,0.06718565625668965,False,0.5,0.0,0.0013363028953230494,8.978038697999353e-05,0.0,5.7521965973193194e-08,8.972286501402034e-05,1.1000528544298898,1.1001515543236562,-0.10857817583024143,0.9999457001609003,0.0003359282812834483,0.9996097718796169,False,False,False,1.0
2023-04-03,2023-04-04 00:00:00,0.13492364310743676,0.0,0.0,0.06746182155371838,0.0,0.0,0.06746182155371838,0.0,0.06746182155371838,0.06746182155371838,False,0.5,0.0,0.0007127424994988196,4.8082907314940584e-05,0.0,5.7758408864484914e-08,4.80251489060761e-05,1.1000559752424215,1.1001088055944375,-0.10861281392172195,0.9999041520746746,0.0003373091077685919,0.999566842966906,False,False,False,1.0
2023-04-04,2023-04-05 00:00:00,0.13724925876502828,0.0,0.0,0.06862462938251414,0.0,0.0,0.06862462938251414,0.0,0.06862462938251414,0.06862462938251414,False,0.5,0.0,-0.00029513562823635375,-2.025357310529525e-05,0.0,5.875396351242648e-08,-2.0312327068807677e-05,1.1028814792817287,1.1028590771924034,-0.1063843462936157,0.9999649578015819,0.0003431231469125707,0.9996218346546694,False,False,False,1.0
2023-04-05,2023-04-06 00:00:00,0.13729669255672686,0.0,0.0,0.06864834627836343,0.0,0.0,0.06864834627836343,0.0,0.06864834627836343,0.06864834627836343,False,0.5,0.0,-0.0024289454591337467,-0.0001667430889698719,0.0,5.877426907394129e-08,-0.00016680186323894585,1.1044455485707885,1.104261324995441,-0.10524814438615193,0.9998104604428105,0.00034324173139181716,0.9994672187114187,False,False,False,1.0
2023-04-06,2023-04-07 00:00:00,0.1358296285035043,0.0,0.0,0.06791481425175215,0.0,0.0,0.06791481425175215,0.0,0.06791481425175215,0.06791481425175215,False,0.5,0.0,0.0001706876043461314,1.1592216944244077e-05,0.0,5.814624507855492e-08,1.1534070699165523e-05,1.1033634346972943,1.103376160969157,-0.10596536787040589,0.9999427052825928,0.00033957407125876076,0.999603131211334,False,False,False,1.0
2023-04-07,2023-04-08 00:00:00,0.13559787255558095,0.0,0.0,0.06779893627779048,0.0,0.0,0.06779893627779048,0.0,0.06779893627779048,0.06779893627779048,False,0.5,0.0,0.0005538140582741491,3.754800404667357e-05,0.0,5.8047034484409654e-08,3.748995701218916e-05,1.102768578358917,1.102809921105514,-0.10642417608658539,0.9999656748424763,0.0003389946813889524,0.9996266801610874,False,False,False,1.0
2023-04-08,2023-04-09 00:00:00,0.1355179589777906,0.0,0.0,0.0677589794888953,0.0,0.0,0.0677589794888953,0.0,0.0677589794888953,0.0677589794888953,False,0.5,0.0,0.0009323160015430876,6.317278082572695e-05,0.0,5.8012824904876114e-08,6.311476800082207e-05,1.103028535259708,1.1030981526498091,-0.10619063018285146,0.9999894131903708,0.0003387948974444765,0.9996506182929263,False,False,False,1.0
2023-04-09,2023-04-10 00:00:00,0.13530187873027444,0.0,0.0,0.06765093936513722,0.0,0.0,0.06765093936513722,0.0,0.06765093936513722,0.06765093936513722,False,0.5,0.0,-0.00040807443277657285,-2.7606618708230695e-05,0.0,5.7920324798918845e-08,-2.7664539033029615e-05,1.1018837757571924,1.101853292650468,-0.10719930518502496,0.9999609247252342,0.0003382546968256861,0.9996226700284085,False,False,False,1.0
2023-04-10,2023-04-11 00:00:00,0.1361219364626185,0.0,0.0,0.06806096823130925,0.0,0.0,0.06806096823130925,0.0,0.06806096823130925,0.06806096823130925,False,0.5,0.0,-0.0011378090734907031,-7.744038720414616e-05,0.0,5.827137691036751e-08,-7.749865858105653e-05,1.102911883850566,1.1028264096590346,-0.10641081587598578,0.9998837811478168,0.00034030484115654626,0.9995434763066603,False,False,False,1.0
2023-04-11,2023-04-12 00:00:00,0.14834443636919536,0.0,0.0,0.07417221818459768,0.0,0.0,0.07417221818459768,0.0,0.07417221818459768,0.07417221818459768,False,0.5,0.0,0.0008313942848179323,6.166635829094322e-05,0.0,6.350361145941582e-08,6.16028546794838e-05,1.1050720065848878,1.1051400821751196,-0.10453611218928516,0.9999654188492948,0.00037086109092298843,0.9995945577583718,False,False,False,1.0
2023-04-12,2023-04-13 00:00:00,0.14830987477381505,0.0,0.0,0.07415493738690752,0.0,0.0,0.07415493738690752,0.0,0.07415493738690752,0.07415493738690752,False,0.5,0.0,-0.00198350558513416,-0.000147086732472205,0.0,6.348881625591397e-08,-0.00014715022128846092,1.105232651916421,1.1050700166871164,-0.10459288428116809,0.9997533726991186,0.0003707746869345376,0.999382598012184,False,False,False,1.0
2023-04-13,2023-04-14 00:00:00,0.14785800322586715,0.0,0.0,0.07392900161293357,0.0,0.0,0.07392900161293357,0.0,0.07392900161293357,0.07392900161293357,False,0.5,0.0,0.0010225051375871708,7.559278396591481e-05,0.0,6.329537809326504e-08,7.552948858782154e-05,1.1085683340997656,1.1086520636991049,-0.10169045245789843,0.9999969722817214,0.0003696450080646679,0.9996273272736567,False,False,False,1.0
2023-04-14,2023-04-15 00:00:00,0.19489514633355068,0.0,0.0,0.09744757316677534,0.0,0.0,0.09744757316677534,0.0,0.09744757316677534,0.09744757316677534,False,0.5,0.0,-0.002465619383934081,-0.00024026862531733591,0.0,8.34311414099104e-08,-0.00024035205645874582,1.1100010962459481,1.1097343051997939,-0.10081354264584119,0.9995566705194028,0.0004872378658338767,0.999069432653569,False,False,False,1.0
2023-04-15,2023-04-16 00:00:00,0.2021199571759533,0.0,0.0,0.10105997858797665,0.0,0.0,0.10105997858797665,0.0,0.10105997858797665,0.10105997858797665,False,0.5,0.0,-0.0028985920445527835,-0.00029293164995778374,0.0,8.652395427052794e-08,-0.0002930181739120543,1.11061472179744,1.110289291499739,-0.10036385287542537,0.9996940159989587,0.0005052998929398832,0.9991887161060188,False,False,False,1.0
2023-04-16,2023-04-17 00:00:00,0.24782886983006402,0.0,0.0,0.12391443491503201,0.0,0.0,0.12391443491503201,0.0,0.12391443491503201,0.12391443491503201,False,0.5,0.0,-0.0006824244680190272,-8.456224232676909e-05,0.0,1.0609112578341782e-07,-8.466833345255251e-05,1.1095198937887087,1.1094259525883692,-0.10106339208366044,0.9999058701569165,0.0006195721745751601,0.9992862979823413,False,False,False,1.0
2023-04-17,2023-04-18 00:00:00,0.2474803015443287,0.0,0.0,0.12374015077216435,0.0,0.0,0.12374015077216435,0.0,0.12374015077216435,0.12374015077216435,False,0.5,0.0,0.0012516128408712746,0.00015487476163778848,0.0,1.0594190990767496e-07,0.0001547688197278808,1.1065096290726744,1.1066808822619834,-0.10328764526787326,0.9998013673366085,0.0006187007538608218,0.9991826665827477,False,False,False,1.0
2023-04-18,2023-04-19 00:00:00,0.25273095077252083,0.0,0.0,0.12636547538626042,0.0,0.0,0.12636547538626042,0.0,0.12636547538626042,0.12636547538626042,False,0.5,0.0,0.0004630381027848074,5.85120299803543e-05,0.0,1.0818961933755173e-07,5.8403840361016746e-05,1.1082173587137674,1.108282082863471,-0.10199023751034175,0.9997851466281846,0.0006318273769313021,0.9991533192512533,False,False,False,1.0
2023-04-19,2023-04-20 00:00:00,0.2617667787380194,0.0,0.0,0.1308833893690097,0.0,0.0,0.1308833893690097,0.0,0.1308833893690097,0.1308833893690097,False,0.5,0.0,-0.0006601990676577962,-8.640909163331253e-05,0.0,1.120576963775768e-07,-8.65211493296901e-05,1.1004250111250198,1.100329801088306,-0.10843374749627954,0.9992578251324756,0.0006544169468450486,0.9986034081856305,False,False,False,1.0
2023-04-20,2023-04-21 00:00:00,0.2613332554682894,0.0,0.0,0.1306666277341447,0.0,0.0,0.1306666277341447,0.0,0.1306666277341447,0.1306666277341447,False,0.5,0.0,-0.0038892783853353707,-0.0005081988909310723,0.0,1.1187211278608279e-07,-0.0005083107630438583,1.0982578931544542,1.097699636846766,-0.11056489551570048,0.9991158895307676,0.0006533331386707235,0.9984625563920968,False,False,False,1.0
2023-04-21,2023-04-22 00:00:00,0.23287591893756826,0.0,0.0,0.11643795946878413,0.0,0.0,0.11643795946878413,0.0,0.11643795946878413,0.11643795946878413,False,0.5,0.0,-0.002707061398456334,-0.0003152047053929687,0.0,9.969003379176724e-08,-0.0003153043954267605,1.0952694496762576,1.094924106404598,-0.11281382967397391,0.9993426649668063,0.0005821897973439207,0.9987604751694624,False,False,False,1.0
2023-04-22,2023-04-23 00:00:00,0.23397830460294555,0.0,0.0,0.11698915230147278,0.0,0.0,0.11698915230147278,0.0,0.11698915230147278,0.11698915230147278,False,0.5,0.0,0.0015721667462587074,0.00018392645492137084,0.0,1.001619454635897e-07,0.00018382629297590726,1.0921737635729596,1.0923745338272026,-0.11487967653740194,0.9999333598919055,0.0005849457615073639,0.9993484141303981,False,False,False,1.0
2023-04-23,2023-04-24 00:00:00,0.22991396435095035,0.0,0.0,0.11495698217547518,0.0,0.0,0.11495698217547518,0.0,0.11495698217547518,0.11495698217547518,False,0.5,0.0,0.0012436605614238871,0.00014296746499194724,0.0,9.842207378037257e-08,0.00014286904291816685,1.0917814192911146,1.0919374010575646,-0.11523387291096854,0.9998903550787765,0.0005747849108773759,0.9993155701678992,False,False,False,1.0
2023-04-24,2023-04-25 00:00:00,0.22844844693544672,0.0,0.0,0.11422422346772336,0.0,0.0,0.11422422346772336,0.0,0.11422422346772336,0.11422422346772336,False,0.5,0.0,-0.0026529669194597094,-0.0003030330862608435,0.0,9.779471187305082e-08,-0.0003031308809727165,1.0906021102403127,1.090271515061845,-0.11658369342190367,0.9995124411956268,0.0005711211173386169,0.9989413200782882,False,False,False,1.0
2023-04-25,2023-04-26 00:00:00,0.24106192926700723,0.0,0.0,0.12053096463350362,0.0,0.0,0.12053096463350362,0.0,0.12053096463350362,0.12053096463350362,False,0.5,0.0,-0.0001652528368404349,-1.9918083832800603e-05,0.0,1.0319431903553392e-07,-2.002127815183614e-05,1.0889024283996804,1.0888806271812812,-0.11771069070408269,0.999643363105074,0.0006026548231675181,0.9990407082819064,False,False,False,1.0
2023-04-26,2023-04-27 00:00:00,-0.23973107651753067,0.0,0.0,-0.11986553825876534,0.0,0.0,0.0,0.11986553825876534,0.11986553825876534,-0.11986553825876534,False,0.5,0.0,0.0015069040809423395,-0.00018062586876648362,0.0,1.0262460467360045e-07,-0.00018072849337115722,1.0794979106743476,1.079302814643354,-0.1254713224920947,0.9997664353681461,0.0005993276912938267,0.9991671076768524,False,False,False,-1.0
2023-04-27,2023-04-28 00:00:00,-0.23866815644432343,0.0,0.0,-0.11933407822216172,0.0,0.0,0.0,0.11933407822216172,0.11933407822216172,-0.11933407822216172,False,0.5,0.0,0.004748759928504098,-0.0005666888887663751,0.0,1.0216958751897406e-07,-0.0005667910583538941,1.0832540784324378,1.082640099706857,-0.1227672143831795,0.9993088907778521,0.0005966703911108086,0.9987122203867413,False,False,False,-1.0
2023-04-28,2023-04-29 00:00:00,-0.21118547396247042,0.0,0.0,-0.10559273698123521,0.0,0.0,0.0,0.10559273698123521,0.10559273698123521,-0.10559273698123521,False,0.5,0.0,0.0024330512481340882,-0.0002569125405060888,0.0,9.040474056612603e-08,-0.0002570029452466549,1.083683781299588,1.083405271376078,-0.1221472173268654,0.9996981215018265,0.000527963684906176,0.9991701578169203,False,False,False,-1.0
2023-04-29,2023-04-30 00:00:00,-0.20684941581770766,0.0,0.0,-0.10342470790885383,0.0,0.0,0.0,0.10342470790885383,0.10342470790885383,-0.10342470790885383,False,0.5,0.0,-0.0031383379362289743,0.0003245816843737568,0.0,8.85485512918269e-08,0.00032449313582246495,1.0819117579093442,1.0822628308483513,-0.12307290471532506,0.9999750268556468,0.0005171235395442692,0.9994579033161025,False,False,False,-1.0
2023-04-30,2023-05-01 00:00:00,-0.21287574862895636,0.0,0.0,-0.10643787431447818,0.0,0.0,0.0,0.10643787431447818,0.10643787431447818,-0.10643787431447818,False,0.5,0.0,-0.006982626191572194,0.0007432158889635447,0.0,9.112831705006693e-08,0.0007431247606464946,1.080590153105813,1.0813931664046967,-0.12377756932424311,0.9999305420553797,0.0005321893715723909,0.9993983526838073,False,False,False,-1.0
2023-05-01,2023-05-02 00:00:00,-0.21332568263767301,0.0,0.0,-0.10666284131883651,0.0,0.0,0.0,0.10666284131883651,0.10666284131883651,-0.10666284131883651,False,0.5,0.0,0.0001635965055786226,-1.7449668114848773e-05,0.0,9.13209257866751e-08,-1.7540989040635447e-05,1.0866247064223944,1.0866056459503277,-0.11955404393198887,0.9997998191513572,0.0005333142065941825,0.999266504944763,False,False,False,-1.0
2023-05-02,2023-05-03 00:00:00,-0.2157665692594666,0.0,0.0,-0.1078832846297333,0.0,0.0,0.0,0.1078832846297333,0.1078832846297333,-0.1078832846297333,False,0.5,0.0,-0.0020616564120735648,0.00022241826551244712,0.0,9.236582588162098e-08,0.0002223258996865655,1.084752972334637,1.084994141015149,-0.12085980100093996,0.9996929240906283,0.0005394164231486665,0.9991535076674796,False,False,False,-1.0
2023-05-03,2023-05-04 00:00:00,-0.2037969567726923,0.0,0.0,-0.10189847838634615,0.0,0.0,0.0,0.10189847838634615,0.10189847838634615,-0.10189847838634615,False,0.5,0.0,0.0006208933305258402,-6.32680856208138e-05,0.0,8.724184793351554e-08,-6.335532746874731e-05,1.0853726292976666,1.0853038651593119,-0.12060884024876539,0.9998568718689224,0.0005094923919317307,0.9993473794769906,False,False,False,-1.0
2023-05-04,2023-05-05 00:00:00,-0.20386053430468948,0.0,0.0,-0.10193026715234474,0.0,0.0,0.0,0.10193026715234474,0.10193026715234474,-0.10193026715234474,False,0.5,0.0,-0.0003021019938731495,3.0793336942746146e-05,0.0,8.72690643427609e-08,3.0706067878403385e-05,1.083282166872326,1.0833154302080734,-0.12222001309536978,0.999902130380293,0.0005096513357617237,0.9993924790445312,False,False,False,-1.0
2023-05-05,2023-05-06 00:00:00,-0.20379374007882528,0.0,0.0,-0.10189687003941264,0.0,0.0,0.0,0.10189687003941264,0.10189687003941264,-0.10189687003941264,False,0.5,0.0,0.0025716045580534974,-0.00026203845544473843,0.0,8.724047092415465e-08,-0.0002621256959156626,1.079715123326435,1.0794321022483424,-0.12536656438651528,0.9996327451033968,0.0005094843501970632,0.9991232607531998,False,False,False,-1.0
2023-05-06,2023-05-07 00:00:00,0.2089046853989995,0.0,0.0,0.10445234269949975,0.0,0.0,0.10445234269949975,0.0,0.10445234269949975,0.10445234269949975,False,0.5,0.0,-0.0030851741716227954,-0.0003222536698619895,0.0,8.942837559888678e-08,-0.00032234309823758837,1.0704898245568455,1.0701447595501659,-0.13289183664301618,0.9996277380888751,0.0005222617134974988,0.9991054763753776,False,False,False,1.0
2023-05-07,2023-05-08 00:00:00,0.2043107949599649,0.0,0.0,0.10215539747998245,0.0,0.0,0.10215539747998245,0.0,0.10215539747998245,0.10215539747998245,False,0.5,0.0,-0.0009327774882751383,-9.528825507512643e-05,0.0,8.746181291094387e-08,-9.537571688803736e-05,1.0725579134643854,1.0724556174844848,-0.131019413532662,0.9998753457689827,0.0005107769873999123,0.9993645687815829,False,False,False,1.0
2023-05-08,2023-05-09 00:00:00,0.19715544555397632,0.0,0.0,0.09857772277698816,0.0,0.0,0.09857772277698816,0.0,0.09857772277698816,0.09857772277698816,False,0.5,0.0,0.0005364749305265537,5.2884476978250595e-05,0.0,8.439873525427068e-08,5.280007824299633e-05,1.0695303389521367,1.0695868102377166,-0.13334392725902555,0.9999687137598476,0.0004928886138849408,0.9994758251459627,False,False,False,1.0
2023-05-09,2023-05-10 00:00:00,0.19553243638469409,0.0,0.0,0.09776621819234704,0.0,0.0,0.09776621819234704,0.0,0.09776621819234704,0.09776621819234704,False,0.5,0.0,-0.0022508596656796165,-0.0002200580371951867,0.0,8.370395393180397e-08,-0.0002201417411491185,1.068398686189056,1.068163487042037,-0.13449720596366355,0.9995778290728958,0.0004888310909617352,0.9990889979819341,False,False,False,1.0
2023-05-10,2023-05-11 00:00:00,0.1920946260944577,0.0,0.0,0.09604731304722885,0.0,0.0,0.09604731304722885,0.0,0.09604731304722885,0.09604731304722885,False,0.5,0.0,-0.001679534209179323,-0.0001613147479625764,0.0,8.223228856783292e-08,-0.0001613969802511442,1.0701563808920456,1.069983660883773,-0.1330223703558514,0.9997894404298936,0.0004802365652361443,0.9993092038646575,False,False,False,1.0
2023-05-11,2023-05-12 00:00:00,0.1924839770660787,0.0,0.0,0.09624198853303935,0.0,0.0,0.09624198853303935,0.0,0.09624198853303935,0.09624198853303935,False,0.5,0.0,0.00017707145940071278,1.704170936517194e-05,0.0,8.239896278513643e-08,1.6959310402386806e-05,1.066382449954739,1.0664005350657155,-0.13592567630529961,0.999797014748908,0.00048120994266519674,0.9993158048062428,False,False,False,1.0
2023-05-12,2023-05-13 00:00:00,0.19186699524102677,0.0,0.0,0.09593349762051338,0.0,0.0,0.09593349762051338,0.0,0.09593349762051338,0.09593349762051338,False,0.5,0.0,-5.663893246932172e-05,-5.433570893274094e-06,0.0,8.213484385317927e-08,-5.515705737127273e-06,1.0640217149589677,1.06401584612829,-0.13785792259838792,0.9999151541592209,0.0004796674881025669,0.9994354866711184,False,False,False,1.0
2023-05-13,2023-05-14 00:00:00,-0.19038735845893545,0.0,0.0,-0.09519367922946773,0.0,0.0,0.0,0.09519367922946773,0.09519367922946773,-0.09519367922946773,False,0.5,0.0,-0.0003283999131687976,3.126159599317557e-05,0.0,8.150143769646209e-08,3.118009455547911e-05,1.062491741673338,1.0625248702663077,-0.13906601835343002,0.9999713061903651,0.00047596839614733863,0.9994953377942177,False,False,False,-1.0
2023-05-14,2023-05-15 00:00:00,-0.18851981716481145,0.0,0.0,-0.09425990858240572,0.0,0.0,0.0,0.09425990858240572,0.09425990858240572,-0.09425990858240572,False,0.5,0.0,0.0004896108968681645,-4.6150678379742866e-05,0.0,8.07019765260323e-08,-4.62313803562689e-05,1.0613006542998595,1.0612515889056382,-0.1400977223843416,0.9996250098545566,0.00047129954291202865,0.9991537103116446,False,False,False,-1.0
2023-05-15,2023-05-16 00:00:00,-0.19615676184352757,0.0,0.0,-0.09807838092176378,0.0,0.0,0.0,0.09807838092176378,0.09807838092176378,-0.09807838092176378,False,0.5,0.0,-0.00025163425508056836,2.4679880322756256e-05,0.0,8.397121654260598e-08,2.459590910621365e-05,1.060684631216436,1.0607107197192158,-0.14053597345520819,0.9999199746773032,0.0004903919046088189,0.9994295827726943,False,False,False,-1.0
2023-05-16,2023-05-17 00:00:00,-0.20052985530258444,0.0,0.0,-0.10026492765129222,0.0,0.0,0.0,0.10026492765129222,0.10026492765129222,-0.10026492765129222,False,0.5,0.0,0.0011772083658807553,-0.00011803271163552987,0.0,8.584325997542142e-08,-0.00011811855489550529,1.0612602539516784,1.0611348994241137,-0.1401922725852418,0.9997715704996507,0.0005013246382564611,0.9992702458613942,False,False,False,-1.0
2023-05-17,2023-05-18 00:00:00,-0.20277855487559074,0.0,0.0,-0.10138927743779537,0.0,0.0,0.0,0.10138927743779537,0.10138927743779537,-0.10138927743779537,False,0.5,0.0,0.001314711961093451,-0.00013329769577409193,0.0,8.680588821729056e-08,-0.00013338450166230922,1.0625987507233634,1.0624570165185312,-0.13912099833448988,0.9998474115930143,0.0005069463871889768,0.9993404652058253,False,False,False,-1.0
2023-05-18,2023-05-19 00:00:00,-0.2028108993446062,0.0,0.0,-0.1014054496723031,0.0,0.0,0.0,0.1014054496723031,0.1014054496723031,-0.1014054496723031,False,0.5,0.0,-0.0013087848733184249,0.00013271791860316312,0.0,8.681973430847867e-08,0.00013263109886885464,1.0616367670278204,1.061777573078831,-0.13967153222053252,0.999849275542695,0.0005070272483615154,0.9993422482943335,False,False,False,-1.0
2023-05-19,2023-05-20 00:00:00,-0.2026823399568258,0.0,0.0,-0.1013411699784129,0.0,0.0,0.0,0.1013411699784129,0.1013411699784129,-0.1013411699784129,False,0.5,0.0,-0.0015288669885720196,0.0001549371693632613,0.0,8.676470032398365e-08,0.00015485040466293732,1.0611608557267245,1.0613251769146461,-0.14003809609288287,0.9998583519366728,0.0005067058498920645,0.9993516460867807,False,False,False,-1.0
2023-05-20,2023-05-21 00:00:00,-0.20342651809855947,0.0,0.0,-0.10171325904927973,0.0,0.0,0.0,0.10171325904927973,0.10171325904927973,-0.10171325904927973,False,0.5,0.0,-0.0004126002618636271,4.196691731873575e-05,0.0,8.708326973397238e-08,4.187983404900178e-05,1.061183390826734,1.0612278330110374,-0.14011697111677002,0.999950671733743,0.0005085662952463986,0.9994421054384965,False,False,False,-1.0
2023-05-21,2023-05-22 00:00:00,-0.21812096154274013,0.0,0.0,-0.10906048077137007,0.0,0.0,0.0,0.10906048077137007,0.10906048077137007,-0.10906048077137007,False,0.5,0.0,0.002167742221630853,-0.00023641500887945866,0.0,9.337369929055657e-08,-0.00023650838257874922,1.0620536035680872,1.0618024189880955,-0.13965140027991707,0.9996443771500318,0.0005453024038568503,0.999099074746175,False,False,False,-1.0
2023-05-22,2023-05-23 00:00:00,-0.21966615694020583,0.0,0.0,-0.10983307847010292,0.0,0.0,0.0,0.10983307847010292,0.10983307847010292,-0.10983307847010292,False,0.5,0.0,-0.0003466776723071163,3.807667598634013e-05,0.0,9.403516992303331e-08,3.79826408164171e-05,1.0611634168724526,1.061203722661363,-0.14013650705416292,0.9999497414551973,0.0005491653923505146,0.9994005760628468,False,False,False,-1.0
2023-05-23,2023-05-24 00:00:00,-0.22214777568934155,0.0,0.0,-0.11107388784467077,0.0,0.0,0.0,0.11107388784467077,0.11107388784467077,-0.11107388784467077,False,0.5,0.0,0.0003123502199915418,-3.4693953303598755e-05,0.0,9.509750671632772e-08,-3.4789050810315084e-05,1.0585950268359394,1.0585581993197632,-0.1422801001198496,0.9999335078539294,0.0005553694392233539,0.999378138414706,False,False,False,-1.0
2023-05-24,2023-05-25 00:00:00,0.22428921131228852,0.0,0.0,0.11214460565614426,0.0,0.0,0.11214460565614426,0.0,0.11214460565614426,0.11214460565614426,False,0.5,0.0,0.0011444905342257172,0.00012834843963793294,0.0,9.601421717135637e-08,0.00012825242542076158,1.0542984081092563,1.0544336244372134,-0.1456221269990351,0.9999535733295233,0.0005607230282807214,0.9993928503012426,False,False,False,1.0
2023-05-25,2023-05-26 00:00:00,0.220898489078223,0.0,0.0,0.1104492445391115,0.0,0.0,0.1104492445391115,0.0,0.1104492445391115,0.1104492445391115,False,0.5,0.0,0.0003629378985336995,4.0086216707659815e-05,0.0,9.456270936567765e-08,3.9991653998294136e-05,1.0542944025663297,1.0543365655432895,-0.1457007710876005,0.9998562117681693,0.0005522462226955575,0.9993039655454737,False,False,False,1.0
2023-05-26,2023-05-27 00:00:00,0.2144060855040465,0.0,0.0,0.10720304275202325,0.0,0.0,0.10720304275202325,0.0,0.10720304275202325,0.10720304275202325,False,0.5,0.0,-0.0012276365541060708,-0.00013160637399377962,0.0,9.178342701371853e-08,-0.00013169815742079333,1.056913023342131,1.056773829844403,-0.1437259244578395,0.999808055369151,0.0005360152137601162,0.9992720401553908,False,False,False,1.0
2023-05-27,2023-05-28 00:00:00,0.21501753556552186,0.0,0.0,0.10750876778276093,0.0,0.0,0.10750876778276093,0.0,0.10750876778276093,0.10750876778276093,False,0.5,0.0,0.0005212019465521411,5.603377903979711e-05,0.0,9.204517789619943e-08,5.5941733861900914e-05,1.0562825638365958,1.0563416541146649,-0.1440761042815656,0.9999910605160263,0.0005375438389138047,0.9994535166771125,False,False,False,1.0
2023-05-28,2023-05-29 00:00:00,0.254741305915737,0.0,0.0,0.1273706529578685,0.0,0.0,0.1273706529578685,0.0,0.1273706529578685,0.1273706529578685,False,0.5,0.0,0.0014116625040720976,0.00017980437489980279,0.0,1.0905021657351755e-07,0.00017969532468322926,1.057681381980812,1.0578714423801585,-0.14283655992891664,0.9999743034041246,0.0006368532647893425,0.9993374501393353,False,False,False,1.0
2023-05-29,2023-05-30 00:00:00,0.26193149009584865,0.0,0.0,0.13096574504792433,0.0,0.0,0.13096574504792433,0.0,0.13096574504792433,0.13096574504792433,False,0.5,0.0,-0.0014529201052442264,-0.00019028276407841873,0.0,1.1212820637664754e-07,-0.00019039489228479537,1.0614834624259413,1.0612813613964507,-0.14007359857343038,0.9996027158478626,0.0006548287252396216,0.9989478871226231,False,False,False,1.0
2023-05-30,2023-05-31 00:00:00,0.2606371217107901,0.0,0.0,0.13031856085539506,0.0,0.0,0.13031856085539506,0.0,0.13031856085539506,0.13031856085539506,False,0.5,0.0,-9.995843833354723e-05,-1.3026439828980628e-05,0.0,1.1157411032139988e-07,-1.3138013939302027e-05,1.0620705228356886,1.062056569338355,-0.13944546940798275,0.99994846826867,0.0006515928042769753,0.999296875464393,False,False,False,1.0
2023-05-31,2023-06-01 00:00:00,0.2552846148961721,0.0,0.0,0.12764230744808605,0.0,0.0,0.12764230744808605,0.0,0.12764230744808605,0.12764230744808605,False,0.5,0.0,-0.000473326950591213,-6.041654415082864e-05,0.0,1.092827974726764e-07,-6.052582694830132e-05,1.0590745443556722,1.0590104429930751,-0.14191365980655957,0.9998605207346728,0.0006382115372404303,0.9992223091974324,False,False,False,1.0
2023-06-01,2023-06-02 00:00:00,0.25552367798336506,0.0,0.0,0.12776183899168253,0.0,0.0,0.12776183899168253,0.0,0.12776183899168253,0.12776183899168253,False,0.5,0.0,0.0004616681250368959,5.898356865855585e-05,0.0,1.0938513612301587e-07,5.887418352243284e-05,1.0593448291860528,1.0594071972479397,-0.14159218100645377,0.9998887820320419,0.0006388091949584126,0.9992499728370835,False,False,False,1.0
2023-06-02,2023-06-03 00:00:00,0.27333414385022603,0.0,0.0,0.13666707192511302,0.0,0.0,0.13666707192511302,0.0,0.13666707192511302,0.13666707192511302,False,0.5,0.0,0.002256846031182702,0.0003084365388675522,0.0,1.1700947938793923e-07,0.00030831952938816426,1.0612502238835821,1.0615774280531731,-0.13983370409873364,0.9998999669286339,0.0006833353596255651,0.9992166315690083,False,False,False,1.0
2023-06-03,2023-06-04 00:00:00,0.27540931226481535,0.0,0.0,0.13770465613240768,0.0,0.0,0.13770465613240768,0.0,0.13770465613240768,0.13770465613240768,False,0.5,0.0,0.0012836025040769972,0.0001767580414346203,0.0,1.1789782203117095e-07,0.00017664014361258912,1.0622717495719274,1.0624593894063272,-0.13911907565032933,0.999849203116037,0.0006885232806620384,0.9991606798353749,False,False,False,1.0
2023-06-04,2023-06-05 00:00:00,0.27286920161456,0.0,0.0,0.13643460080728,0.0,0.0,0.13643460080728,0.0,0.13643460080728,0.13643460080728,False,0.5,0.0,-0.001134721966851382,-0.0001548153385746199,0.0,1.1681044589664384e-07,-0.00015493214902051656,1.06246703933107,1.062302429029403,-0.13924625622374243,0.9997963296888357,0.0006821730040364,0.9991141566847993,False,False,False,1.0
2023-06-05,2023-06-06 00:00:00,0.276181897255853,0.0,0.0,0.1380909486279265,0.0,0.0,0.1380909486279265,0.0,0.1380909486279265,0.1380909486279265,False,0.5,0.0,-0.018659492565316294,-0.002576707029260269,0.0,1.1822855190747132e-07,-0.002576825257812176,1.0586741761636538,1.0559461578067217,-0.1443965638027047,0.9974075402875173,0.0006904547431396326,0.9967170855443777,False,False,False,1.0
2023-06-06,2023-06-07 00:00:00,-0.2935192581784634,0.0,0.0,-0.1467596290892317,0.0,0.0,0.0,0.1467596290892317,0.1467596290892317,-0.1467596290892317,False,0.5,0.0,0.0004562688075089305,-6.69618409549967e-05,0.0,1.2565036737091755e-07,-6.708749132236763e-05,1.0530266788738027,1.0529560339556217,-0.14681937695727942,0.9995821600084372,0.0007337981454461585,0.9988483618629911,False,False,False,-1.0
2023-06-07,2023-06-08 00:00:00,-0.28842799421579074,0.0,0.0,-0.14421399710789537,0.0,0.0,0.0,0.14421399710789537,0.14421399710789537,-0.14421399710789537,False,0.5,0.0,-0.00022824846475721916,3.291662343637916e-05,0.0,1.234708879348419e-07,3.279315254844432e-05,1.0515659089803013,1.0516003931415692,-0.14791781453402264,0.9997263550629382,0.0007210699855394768,0.9990052850773987,False,False,False,-1.0
2023-06-08,2023-06-09 00:00:00,-0.29320537375470906,0.0,0.0,-0.14660268687735453,0.0,0.0,0.0,0.14660268687735453,0.14660268687735453,-0.14660268687735453,False,0.5,0.0,-0.001162484056208224,0.00017042328609221126,0.0,1.2551599903883092e-07,0.00017029777009317242,1.0500204948812917,1.0501993110301222,-0.14905307191441652,0.999717413667237,0.0007330134343867727,0.9989844002328502,False,False,False,-1.0
2023-06-09,2023-06-10 00:00:00,-0.30479056368951746,0.0,0.0,-0.15239528184475873,0.0,0.0,0.0,0.15239528184475873,0.15239528184475873,-0.15239528184475873,False,0.5,0.0,-0.0033276159660637905,0.0005071129730194105,0.0,1.3047541253832083e-07,0.0005069824976068722,1.0508352608622682,1.0513680159473935,-0.14810610323071494,0.9999842026197299,0.0007619764092237937,0.999222226210506,False,False,False,-1.0
2023-06-10,2023-06-11 00:00:00,-0.30665718735779607,0.0,0.0,-0.15332859367889803,0.0,0.0,0.0,0.15332859367889803,0.15332859367889803,-0.15332859367889803,False,0.5,0.0,-0.0008222360219876101,0.00012607229292349175,0.0,1.3127448088946748e-07,0.00012594101844260228,1.060586784594572,1.0607203559743708,-0.14052816546901337,0.9998940737943945,0.0007666429683944901,0.9991274308260001,False,False,False,-1.0
2023-06-11,2023-06-12 00:00:00,-0.3113529096756781,0.0,0.0,-0.15567645483783904,0.0,0.0,0.0,0.15567645483783904,0.15567645483783904,-0.15567645483783904,False,0.5,0.0,-0.0005853322621369728,9.11224514716966e-05,0.0,1.3328463599130054e-07,9.09891668357053e-05,1.0601833952849948,1.0602798604888248,-0.14088508655658594,0.9997890343766648,0.0007783822741891952,0.9990106521024755,False,False,False,-1.0
2023-06-12,2023-06-13 00:00:00,-0.27858449616939074,0.0,0.0,-0.13929224808469537,0.0,0.0,0.0,0.13929224808469537,0.13929224808469537,-0.13929224808469537,False,0.5,0.0,-0.0015215787532275593,0.00021194412517497468,0.0,1.1925706171634876e-07,0.00021182486811325833,1.0607459632989429,1.0609706556727205,-0.140325354671887,0.9998762466699196,0.0006964612404234768,0.9991797854294961,False,False,False,-1.0
2023-06-13,2023-06-14 00:00:00,-0.28547405016923816,0.0,0.0,-0.14273702508461908,0.0,0.0,0.0,0.14273702508461908,0.14273702508461908,-0.14273702508461908,False,0.5,0.0,-0.0026218739195575935,0.0003742384834246008,0.0,1.2220635709299577e-07,0.0003741162770675078,1.060665449519153,1.0610622617283412,-0.14025112886464675,0.9999784927374472,0.0007136851254230954,0.9992648076120241,False,False,False,-1.0
2023-06-14,2023-06-15 00:00:00,-0.28989501842610055,0.0,0.0,-0.14494750921305027,0.0,0.0,0.0,0.14494750921305027,0.14494750921305027,-0.14494750921305027,False,0.5,0.0,0.00024700293531387807,-3.58024602420588e-05,0.0,1.2409889487418688e-07,-3.592655913693298e-05,1.0601564730303803,1.0601183852561575,-0.14101592539046914,0.9999024599046326,0.0007247375460652514,0.9991777223585673,False,False,False,-1.0
2023-06-15,2023-06-16 00:00:00,-0.2928227916200802,0.0,0.0,-0.1464113958100401,0.0,0.0,0.0,0.1464113958100401,0.1464113958100401,-0.1464113958100401,False,0.5,0.0,-0.0018171983541895864,0.00026605854750060497,0.0,1.2535222244010282e-07,0.0002659331952781649,1.0688234272934893,1.0691076629226977,-0.13373216683558353,0.9999651713589731,0.0007320569790502004,0.9992331143799229,False,False,False,-1.0
2023-06-16,2023-06-17 00:00:00,-0.29258027817262416,0.0,0.0,-0.14629013908631208,0.0,0.0,0.0,0.14629013908631208,0.14629013908631208,-0.14629013908631208,False,0.5,0.0,0.008469852002373823,-0.0012390558274677456,0.0,1.2524840675197952e-07,-0.0012391810758744974,1.066622814892797,1.0653010760854857,-0.136816536956184,0.9981329604864277,0.0007314506954315605,0.9974015097909962,False,False,False,-1.0
2023-06-17,2023-06-18 00:00:00,-0.2540987666325184,0.0,0.0,-0.1270493833162592,0.0,0.0,0.0,0.1270493833162592,0.1270493833162592,-0.1270493833162592,False,0.5,0.0,-2.314560320337833e-05,2.94063461347205e-06,0.0,1.0877515694885205e-07,2.831859456523198e-06,1.0616186029174381,1.061621609272118,-0.13979790530116698,0.9998102202922743,0.000635246916581296,0.9991749733756929,False,False,False,-1.0
2023-06-18,2023-06-19 00:00:00,-0.24804418095563915,0.0,0.0,-0.12402209047781958,0.0,0.0,0.0,0.12402209047781958,0.12402209047781958,-0.12402209047781958,False,0.5,0.0,0.0005065185483639212,-6.281948923388406e-05,0.0,1.061832966419688e-07,-6.292567253052603e-05,1.0608990238692868,1.060832266084723,-0.14043748785798682,0.9999120893033424,0.0006201104523890979,0.9992919788509533,False,False,False,-1.0
2023-06-19,2023-06-20 00:00:00,-0.2412840476111853,0.0,0.0,-0.12064202380559265,0.0,0.0,0.0,0.12064202380559265,0.12064202380559265,-0.12064202380559265,False,0.5,0.0,0.0008719561464187731,-0.00010519455417368646,0.0,1.0328940394314438e-07,-0.0001052978435776296,1.062135515400705,1.062023674821346,-0.13947212290880462,0.9998736632455877,0.0006032101190279632,0.9992704531265597,False,False,False,-1.0
2023-06-20,2023-06-21 00:00:00,-0.24107613916789244,0.0,0.0,-0.12053806958394622,0.0,0.0,0.0,0.12053806958394622,0.12053806958394622,-0.12053806958394622,False,0.5,0.0,0.004878784538719927,-0.0005880792702133035,0.0,1.0320040204104984e-07,-0.0005881824706153446,1.0618241474146917,1.0611996010643063,-0.1401398466681938,0.9991097363822596,0.0006026903479197311,0.9985070460343399,False,False,False,-1.0
2023-06-21,2023-06-22 00:00:00,-0.24059619445900052,0.0,0.0,-0.12029809722950026,0.0,0.0,0.0,0.12029809722950026,0.12029809722950026,-0.12029809722950026,False,0.5,0.0,0.001765291977126937,-0.000212361265902873,0.0,1.0299494625813377e-07,-0.00021246426084913116,1.0529941442892454,1.0527704206667006,-0.14696977417841672,0.9996259848374824,0.0006014904861475013,0.9990244943513349,False,False,False,-1.0
2023-06-22,2023-06-23 00:00:00,0.24020858530000247,0.0,0.0,0.12010429265000123,0.0,0.0,0.12010429265000123,0.0,0.12010429265000123,0.12010429265000123,False,0.5,0.0,0.0002610312331861042,3.1350971621374574e-05,0.0,1.0282901767979557e-07,3.124814260369478e-05,1.0524146727895256,1.052447558793299,-0.14723138006263448,0.9998828108892127,0.0006005214632500062,0.9992822894259628,False,False,False,1.0
2023-06-23,2023-06-24 00:00:00,0.21029710169173027,0.0,0.0,0.10514855084586514,0.0,0.0,0.10514855084586514,0.0,0.10514855084586514,0.10514855084586514,False,0.5,0.0,0.009154859178272412,0.0009626201757933118,0.0,9.002444421735029e-08,0.0009625301513490945,1.053840242996515,1.0548545960051043,-0.1452810255921443,0.9996602267640976,0.0005257427542293256,0.9991344840098683,False,False,False,1.0
2023-06-24,2023-06-25 00:00:00,0.21180790060195134,0.0,0.0,0.10590395030097567,0.0,0.0,0.10590395030097567,0.0,0.10590395030097567,0.10590395030097567,False,0.5,0.0,-0.00035739814152968563,-3.7849875018220895e-05,0.0,9.06711903261778e-08,-3.7940546208547073e-05,1.0523143297184343,1.0522744043379817,-0.1473716822417438,0.9996434425954291,0.0005295197515048784,0.9991139228439243,False,False,False,1.0
2023-06-25,2023-06-26 00:00:00,0.21740819807873882,0.0,0.0,0.10870409903936941,0.0,0.0,0.10870409903936941,0.0,0.10870409903936941,0.10870409903936941,False,0.5,0.0,-0.0009160661050245933,-9.958014060720277e-05,0.0,9.306857794466559e-08,-9.967320918514743e-05,1.0531632269781825,1.053058254819554,-0.1467365502697775,0.9997604541077654,0.0005435204951968471,0.9992169336125686,False,False,False,1.0
2023-06-26,2023-06-27 00:00:00,0.21361612855340362,0.0,0.0,0.10680806427670181,0.0,0.0,0.10680806427670181,0.0,0.10680806427670181,0.10680806427670181,False,0.5,0.0,-0.0007511558278054942,-8.022949993806838e-05,0.0,9.144526051087483e-08,-8.032094519857925e-05,1.0532966816748133,1.0532120798897666,-0.1466119101471024,0.9998445345231693,0.0005340403213835091,0.9993104942017859,False,False,False,1.0
2023-06-27,2023-06-28 00:00:00,0.21590948029616785,0.0,0.0,0.10795474014808393,0.0,0.0,0.10795474014808393,0.0,0.10795474014808393,0.10795474014808393,False,0.5,0.0,0.0009734702610184609,0.00010509072907013538,0.0,9.242700355144171e-08,0.00010499830206658394,1.0520537376483219,1.0521642015044579,-0.14746097649443335,0.9999999075729964,0.0005397737007404197,0.999460133872256,False,False,False,1.0
2023-06-28,2023-06-29 00:00:00,0.21605366559788275,0.0,0.0,0.10802683279894137,0.0,0.0,0.10802683279894137,0.0,0.10802683279894137,0.10802683279894137,False,0.5,0.0,-0.0005589354429562654,-6.0380025641638716e-05,0.0,9.24887267114224e-08,-6.047251436835014e-05,1.051525557399174,1.0514619690047955,-0.14802997571402277,0.9998088976224646,0.0005401341639947069,0.9992687634584699,False,False,False,1.0
2023-06-29,2023-06-30 00:00:00,0.21608972208243185,0.0,0.0,0.10804486104121593,0.0,0.0,0.10804486104121593,0.0,0.10804486104121593,0.10804486104121593,False,0.5,0.0,-0.0004533164958634428,-4.897851780325661e-05,0.0,9.25041618503561e-08,-4.9071021965106964e-05,1.0510662776982311,1.0510147008018316,-0.14839238454379933,0.9998710473478081,0.0005402243052060797,0.999330823042602,False,False,False,1.0
2023-06-30,2023-07-01 00:00:00,0.21959874744472113,0.0,0.0,0.10979937372236057,0.0,0.0,0.10979937372236057,0.0,0.10979937372236057,0.10979937372236057,False,0.5,0.0,0.003151652993258036,0.00034604952484993545,0.0,9.400631311845938e-08,0.000345955518536817,1.0507114404524802,1.0510749398736945,-0.14834357452020275,0.9999113125586309,0.0005489968686118029,0.9993623156900191,False,False,False,1.0
2023-07-01,2023-07-02 00:00:00,0.2197833158429132,0.0,0.0,0.1098916579214566,0.0,0.0,0.1098916579214566,0.0,0.1098916579214566,0.1098916579214566,False,0.5,0.0,-8.840859331527007e-05,-9.715366893918832e-06,0.0,9.408532356289092e-08,-9.809452217481723e-06,1.0554224774195946,1.055412124303233,-0.1448292761121831,0.9999713313061649,0.000549458289607283,0.9994218730165576,False,False,False,1.0
2023-07-02,2023-07-03 00:00:00,0.22296925683588792,0.0,0.0,0.11148462841794396,0.0,0.0,0.11148462841794396,0.0,0.11148462841794396,0.11148462841794396,False,0.5,0.0,0.0,0.0,0.0,9.544916816604792e-08,-9.544916816604792e-08,1.0551433363122156,1.055143235599662,-0.1450471490567733,0.9998319535009101,0.0005574231420897198,0.9992745303588204,False,False,False,1.0
2023-07-03,2023-07-04 00:00:00,0.21441906828286614,0.0,0.0,0.10720953414143307,0.0,0.0,0.10720953414143307,0.0,0.10720953414143307,0.10720953414143307,False,0.5,0.0,-0.0008426139305400815,-9.033624695428398e-05,0.0,9.178898471013105e-08,-9.042803593899411e-05,1.0581719170265567,1.0580762286184142,-0.14267062740684422,0.9998605944807725,0.0005360476707071654,0.9993245468100653,False,False,False,1.0
2023-07-04,2023-07-05 00:00:00,0.215592601528574,0.0,0.0,0.107796300764287,0.0,0.0,0.107796300764287,0.0,0.107796300764287,0.107796300764287,False,0.5,0.0,0.0010037178528632396,0.00010819707154973014,0.0,9.229135339408134e-08,0.00010810478019633605,1.0571669956928578,1.0572812804985579,-0.14331475148260242,0.9999082714133545,0.000538981503821435,0.999369289909533,False,False,False,1.0
2023-07-05,2023-07-06 00:00:00,0.21205473073382242,0.0,0.0,0.10602736536691121,0.0,0.0,0.10602736536691121,0.0,0.10602736536691121,0.10602736536691121,False,0.5,0.0,0.0005416064151440025,5.742510126353615e-05,0.0,9.077685391002672e-08,5.7334324409626126e-05,1.0542093093509766,1.0542697517295145,-0.1457549084394234,0.999885616545874,0.0005301368268345561,0.9993554797190395,False,False,False,1.0
2023-07-06,2023-07-07 00:00:00,0.21170824410226383,0.0,0.0,0.10585412205113191,0.0,0.0,0.10585412205113191,0.0,0.10585412205113191,0.10585412205113191,False,0.5,0.0,-0.0012482017432513537,-0.0001321272996745644,0.0,9.062852915336636e-08,-0.00013221792820371778,1.0535781865746099,1.0534388846495804,-0.14642813663705379,0.9997177392060642,0.0005292706102556596,0.9991884685958086,False,False,False,1.0
2023-07-07,2023-07-08 00:00:00,0.2191955584695762,0.0,0.0,0.1095977792347881,0.0,0.0,0.1095977792347881,0.0,0.1095977792347881,0.1095977792347881,False,0.5,0.0,0.0018781201675861503,0.00020583779950351014,0.0,9.383371509827748e-08,0.00020574396578841185,1.0522494795408424,1.0524659735217619,-0.14721645912672043,0.9999782081646278,0.0005479888961739405,0.9994302192684539,False,False,False,1.0
2023-07-08,2023-07-09 00:00:00,0.21944795167276623,0.0,0.0,0.10972397583638312,0.0,0.0,0.10972397583638312,0.0,0.10972397583638312,0.10972397583638312,False,0.5,0.0,-0.0013051184274128769,-0.00014320278279306883,0.0,9.394176013388965e-08,-0.0001432967245532027,1.0518103936248258,1.0516596726405683,-0.1478697820252961,0.9998160407568759,0.0005486198791819156,0.999267420877694,False,False,False,1.0
2023-07-09,2023-07-10 00:00:00,0.21892816479847282,0.0,0.0,0.10946408239923641,0.0,0.0,0.10946408239923641,0.0,0.10946408239923641,0.10946408239923641,False,0.5,0.0,-0.0003481875498845266,-3.8114030650948056e-05,0.0,9.371924862948322e-08,-3.8207749899577536e-05,1.0521110062342718,1.0520708074400789,-0.14753665107482017,0.9998832187099893,0.0005473204119961821,0.9993358982979931,False,False,False,1.0
2023-07-10,2023-07-11 00:00:00,0.21905058543950984,0.0,0.0,0.10952529271975492,0.0,0.0,0.10952529271975492,0.0,0.10952529271975492,0.10952529271975492,False,0.5,0.0,-0.0006464020513916591,-7.079737389332152e-05,0.0,9.377165472581757e-08,-7.089114554804734e-05,1.0524247949762768,1.0523501873769578,-0.14731027737931401,0.9998091628904178,0.0005476264635987746,0.999261536426819,False,False,False,1.0
2023-07-11,2023-07-12 00:00:00,0.2193660359698029,0.0,0.0,0.10968301798490145,0.0,0.0,0.10968301798490145,0.0,0.10968301798490145,0.10968301798490145,False,0.5,0.0,-0.0006460258730692781,-7.085806745456928e-05,0.0,9.390669348022384e-08,-7.09519741480495e-05,1.0524966890087104,1.052422012290841,-0.14725207967418608,0.9998634603931666,0.0005484150899245072,0.9993150453032421,False,False,False,1.0
2023-07-12,2023-07-13 00:00:00,0.24662729711956552,0.0,0.0,0.12331364855978276,0.0,0.0,0.12331364855978276,0.0,0.12331364855978276,0.12331364855978276,False,0.5,0.0,-0.0011929441331007817,-0.0001471062935806445,0.0,1.055767539039236e-07,-0.00014721187033454842,1.0534211172011612,1.0532660411082482,-0.14656818689131623,0.9996095723909455,0.0006165682427989139,0.9989930041481466,False,False,False,1.0
2023-07-13,2023-07-14 00:00:00,0.24659657719275038,0.0,0.0,0.12329828859637519,0.0,0.0,0.12329828859637519,0.0,0.12329828859637519,0.12329828859637519,False,0.5,0.0,-0.0006825973864793555,-8.416308955326303e-05,0.0,1.0556360325032122e-07,-8.426865315651335e-05,1.0566895036150052,1.0566004578137311,-0.1438664029321316,0.9989931253575739,0.0006164914429818759,0.998376633914592,False,False,False,1.0
2023-07-14,2023-07-15 00:00:00,0.24701810313403313,0.0,0.0,0.12350905156701657,0.0,0.0,0.12350905156701657,0.0,0.12350905156701657,0.12350905156701657,False,0.5,0.0,-0.0007349963250183889,-9.077869900826386e-05,0.0,1.0574405099915802e-07,-9.088444305926302e-05,1.0611280152585107,1.0610315752298294,-0.1402759932702582,0.999716442399862,0.0006175452578350829,0.9990988971420269,False,False,False,1.0
2023-07-15,2023-07-16 00:00:00,0.24275263766025137,0.0,0.0,0.12137631883012569,0.0,0.0,0.12137631883012569,0.0,0.12137631883012569,0.12137631883012569,False,0.5,0.0,-0.0005836354809053423,-7.083952621094056e-05,0.0,1.039180811901761e-07,-7.094344429213074e-05,1.0569750568206895,1.0569000713696277,-0.14362363450491478,0.9999190261803153,0.0006068815941506284,0.9993121445861646,False,False,False,1.0
2023-07-16,2023-07-17 00:00:00,0.2355585976725181,0.0,0.0,0.11777929883625905,0.0,0.0,0.11777929883625905,0.0,0.11777929883625905,0.11777929883625905,False,0.5,0.0,-0.0004335170619930162,-5.1059335595092494e-05,0.0,1.0083844078446837e-07,-5.116017403587696e-05,1.0570610661251234,1.057006986697014,-0.14353700402587222,0.9998521917978734,0.0005888964941812953,0.9992632953036922,False,False,False,1.0
2023-07-17,2023-07-18 00:00:00,0.25984883284922206,0.0,0.0,0.12992441642461103,0.0,0.0,0.12992441642461103,0.0,0.12992441642461103,0.12992441642461103,False,0.5,0.0,0.0007498689040377204,9.742627975206347e-05,0.0,1.1123665789778341e-07,9.731504309416569e-05,1.0548793596784631,1.0549820153088092,-0.14517778131848336,0.999899055970312,0.0006496220821230552,0.999249433888189,False,False,False,1.0
2023-07-18,2023-07-19 00:00:00,0.26358974632948573,0.0,0.0,0.13179487316474287,0.0,0.0,0.13179487316474287,0.0,0.13179487316474287,0.13179487316474287,False,0.5,0.0,0.001726468290004446,0.00022753966930408646,0.0,1.128380763396771e-07,0.0002274268312277468,1.05393218022865,1.0541718726847285,-0.14583421707313693,0.9999998871619237,0.0006589743658237143,0.9993409127960999,False,False,False,1.0
2023-07-19,2023-07-20 00:00:00,0.2654962514232976,0.0,0.0,0.1327481257116488,0.0,0.0,0.1327481257116488,0.0,0.1327481257116488,0.1327481257116488,False,0.5,0.0,0.0031308044852063066,0.00041560842738076065,0.0,1.1365421721887739e-07,0.0004154947731635418,1.0544025851087822,1.054840683871705,-0.14529229820207168,0.9999991878442241,0.000663740628558244,0.9993354472156659,False,False,False,1.0
2023-07-20,2023-07-21 00:00:00,0.26467021591232454,0.0,0.0,0.13233510795616227,0.0,0.0,0.13233510795616227,0.0,0.13233510795616227,0.13233510795616227,False,0.5,0.0,-0.000851703141779403,-0.00011271022721397987,0.0,1.1330060612685126e-07,-0.00011282352782010673,1.0536643391822407,1.0535454610543558,-0.14634178077745885,0.9996274529051216,0.0006616755397808113,0.9989657773653408,False,False,False,1.0
2023-07-21,2023-07-22 00:00:00,0.26646754292829644,0.0,0.0,0.13323377146414822,0.0,0.0,0.13323377146414822,0.0,0.13323377146414822,0.13323377146414822,False,0.5,0.0,-0.00010045415853787709,-1.338388640125883e-05,0.0,1.140700098151954e-07,-1.3497956411074025e-05,1.0537406098845659,1.053726386539745,-0.1461951819515146,0.9999703004968927,0.0006661688573207412,0.999304131639572,False,False,False,1.0
2023-07-22,2023-07-23 00:00:00,0.2647745704209372,0.0,0.0,0.1323872852104686,0.0,0.0,0.1323872852104686,0.0,0.1323872852104686,0.1323872852104686,False,0.5,0.0,-5.2938062466867386e-05,-7.008326374290776e-06,0.0,1.1334527843362038e-07,-7.121671652724396e-06,1.0535559095820815,1.0535484065028256,-0.1463393941635076,0.9999781608429613,0.000661936426052343,0.9993162244169089,False,False,False,1.0
2023-07-23,2023-07-24 00:00:00,0.32791797918140875,0.0,0.0,0.16395898959070437,0.0,0.0,0.16395898959070437,0.0,0.16395898959070437,0.16395898959070437,False,0.5,0.0,0.0,0.0,0.0,1.4037584725231538e-07,-1.4037584725231538e-07,1.0522197441454613,1.0522195964392231,-0.14741609153871593,0.999876513125381,0.0008197949479535219,0.9990567181774275,False,False,False,1.0
2023-07-24,2023-07-25 00:00:00,0.3324422841757894,0.0,0.0,0.08311057104394735,0.0,0.0,0.08311057104394735,0.0,0.08311057104394735,0.08311057104394735,False,0.25,0.08311057104394735,0.0020761885092204224,0.00017255321259619107,4.1555285521973677e-05,7.11563108252974e-08,0.00013092677076339212,1.048617702222476,1.0487549943519934,-0.15022336104670608,0.9999141059800666,0.0004155528552197368,0.9994985531248468,False,False,False,1.0
2023-07-25,2023-07-26 00:00:00,-0.34199232258604134,0.0,0.0,-0.08549808064651034,0.0,0.0,0.0,0.08549808064651034,0.08549808064651034,-0.08549808064651034,False,0.25,0.0,-0.0004304755140147609,3.680483021358202e-05,0.0,7.320041151242322e-08,3.67316298020696e-05,1.0478144962138407,1.0478529841480169,-0.15095423451435552,0.9999433393731351,0.00042749040323255167,0.9995158489699025,False,False,False,-1.0
2023-07-26,2023-07-27 00:00:00,-0.3485416604356321,0.0,0.0,-0.08713541510890803,0.0,0.0,0.0,0.08713541510890803,0.08713541510890803,-0.08713541510890803,False,0.25,0.0,-3.7629957746920795e-05,3.278901988808613e-06,0.0,7.460223896310618e-08,3.204299749845507e-06,1.0477161888747615,1.0477195460714832,-0.1510623556301507,0.999972757352711,0.00043567707554454017,0.9995370802771664,False,False,False,-1.0
2023-07-27,2023-07-28 00:00:00,-0.3482658912778998,0.0,0.0,-0.08706647281947495,0.0,0.0,0.0,0.08706647281947495,0.08706647281947495,-0.08706647281947495,False,0.25,0.0,-0.0011810539704255607,0.00010283020341439006,0.0,7.454321303037239e-08,0.00010275566020135969,1.0471601737964171,1.0472677754314121,-0.1514284126579264,0.9999040746789437,0.0004353323640973748,0.9994687423148463,False,False,False,-1.0
2023-07-28,2023-07-29 00:00:00,-0.3482483316253882,0.0,0.0,-0.08706208290634705,0.0,0.0,0.0,0.08706208290634705,0.08706208290634705,-0.08706208290634705,False,0.25,0.0,-0.0004371002132196322,3.8054855001709594e-05,0.0,7.453945454310536e-08,3.7980315547166486e-05,1.0469159711303075,1.0469557333292425,-0.15168125158620005,0.9999581579367631,0.0004353104145317353,0.9995228475222314,False,False,False,-1.0
2023-07-29,2023-07-30 00:00:00,-0.3497286008452274,0.0,0.0,-0.08743215021130685,0.0,0.0,0.0,0.08743215021130685,0.08743215021130685,-0.08743215021130685,False,0.25,0.0,0.0001495550736558826,-1.3075921664744188e-05,0.0,7.485629298913256e-08,-1.3150777957733321e-05,1.0470898962399344,1.0470761261932071,-0.151583700638796,0.9999550934122851,0.00043716075105653426,0.9995179326612286,False,False,False,-1.0
2023-07-30,2023-07-31 00:00:00,-0.3505441776084059,0.0,0.0,-0.08763604440210147,0.0,0.0,0.0,0.08763604440210147,0.08763604440210147,-0.08763604440210147,False,0.25,0.0,-0.0022071650427605283,0.00019342721369012785,0.0,7.503085993330606e-08,0.00019335218283019455,1.046687846350908,1.0468902257307418,-0.15173433054856944,0.99999386580341,0.0004381802220105074,0.9995556855813995,False,False,False,-1.0
2023-07-31,2023-08-01 00:00:00,-0.3509564738715648,0.0,0.0,-0.0877391184678912,0.0,0.0,0.0,0.0877391184678912,0.0877391184678912,-0.0877391184678912,False,0.25,0.0,-0.00016146307070463717,1.4166627488743653e-05,0.0,7.511910827730412e-08,1.4091508380466348e-05,1.0477633560613753,1.0477781206274879,-0.1510148943168813,0.9998870640818981,0.00043869559233945604,0.9994483684895586,False,False,False,-1.0
2023-08-01,2023-08-02 00:00:00,-0.35089650277182727,0.0,0.0,-0.08772412569295682,0.0,0.0,0.0,0.08772412569295682,0.08772412569295682,-0.08772412569295682,False,0.25,0.0,0.0007362806374555664,-6.458957518544248e-05,0.0,7.510627199739453e-08,-6.466468145743986e-05,1.0485119710051205,1.048444169312511,-0.1504752138233567,0.9998372548525203,0.0004386206284647841,0.9993986342240555,False,False,False,-1.0
2023-08-02,2023-08-03 00:00:00,-0.3918446948163933,0.0,0.0,-0.09796117370409832,0.0,0.0,0.0,0.09796117370409832,0.09796117370409832,-0.09796117370409832,False,0.25,0.0,-0.0006831897369719009,6.692606849636162e-05,0.0,8.387086789734445e-08,6.684219762846427e-05,1.0479194896860298,1.047989534927658,-0.15084359126288605,0.9999643284577888,0.0004898058685204916,0.9994745225892683,False,False,False,-1.0
2023-08-03,2023-08-04 00:00:00,-0.3874782518563201,0.0,0.0,-0.09686956296408003,0.0,0.0,0.0,0.09686956296408003,0.09686956296408003,-0.09686956296408003,False,0.25,0.0,-0.0006083220630809238,5.892789239205662e-05,0.0,8.293626966102743e-08,5.884495612239559e-05,1.0480758149558715,1.0481374889312154,-0.15072370830019244,0.9999220480630695,0.00048434781482040016,0.9994377002482491,False,False,False,-1.0
2023-08-04,2023-08-05 00:00:00,-0.41585146454343014,0.0,0.0,-0.10396286613585753,0.0,0.0,0.0,0.10396286613585753,0.10396286613585753,-0.10396286613585753,False,0.25,0.0,-0.0003679892633721149,3.8257218527388e-05,0.0,8.900930319850815e-08,3.816820922418949e-05,1.04766238181185,1.0477023692088352,-0.15107627355825348,0.9999093313997717,0.0005198143306792877,0.9993895170690924,False,False,False,-1.0
2023-08-05,2023-08-06 00:00:00,-0.4168854363954792,0.0,0.0,-0.1042213590988698,0.0,0.0,0.0,0.1042213590988698,0.1042213590988698,-0.1042213590988698,False,0.25,0.0,0.0002672615508805265,-2.7854362067640214e-05,0.0,8.923061566684058e-08,-2.7943592683307055e-05,1.0479186458951928,1.0478893632833866,-0.1509247575254029,0.9999550027162548,0.000521106795494349,0.9994338959207605,False,False,False,-1.0
2023-08-06,2023-08-07 00:00:00,-0.4470521698399768,0.0,0.0,-0.1117630424599942,0.0,0.0,0.0,0.1117630424599942,0.1117630424599942,-0.1117630424599942,False,0.25,0.0,0.0001968181072660169,-2.199699047926754e-05,0.0,9.568753635273476e-08,-2.2092678015620276e-05,1.048182718909027,1.0481595617457165,-0.15070582332017324,0.9999614095791249,0.0005588152122999711,0.999402594366825,False,False,False,-1.0
2023-08-07,2023-08-08 00:00:00,-0.44732263708531816,0.0,0.0,-0.11183065927132954,0.0,0.0,0.0,0.11183065927132954,0.11183065927132954,-0.11183065927132954,False,0.25,0.0,-0.0013069741900055831,0.00014615978531893627,0.0,9.574542745833007e-08,0.00014606403989147795,1.0486873102487473,1.0488404857538651,-0.1501540897712096,0.9999992901378275,0.0005591532963566477,0.9994401368414708,False,False,False,-1.0
2023-08-08,2023-08-09 00:00:00,-0.45038243834337344,0.0,0.0,-0.11259560958584336,0.0,0.0,0.0,0.11259560958584336,0.11259560958584336,-0.11259560958584336,False,0.25,0.0,-0.000834878400503114,9.4003642434702e-05,0.0,9.64003506728111e-08,9.390724208402918e-05,1.0464978924152961,1.0465961661462195,-0.15197259874918156,0.9999516809519068,0.0005629780479292168,0.9993887029039775,False,False,False,-1.0
2023-08-09,2023-08-10 00:00:00,-0.45100920302681485,0.0,0.0,-0.11275230075670371,0.0,0.0,0.0,0.11275230075670371,0.11275230075670371,-0.11275230075670371,False,0.25,0.0,-0.0009593928875569757,0.00010817375540166655,0.0,9.65345040725203e-08,0.00010807722089759403,1.04579164130267,1.0459046675569,-0.15253290058348756,0.9999597940955155,0.0005637615037835186,0.9993960325917319,False,False,False,-1.0
2023-08-10,2023-08-11 00:00:00,-0.4414897076600156,0.0,0.0,-0.1103724269150039,0.0,0.0,0.0,0.1103724269150039,0.1103724269150039,-0.1103724269150039,False,0.25,0.0,-0.00046906085390630015,5.177138481646244e-05,0.0,9.44969408518869e-08,5.167688787561055e-05,1.045812217786503,1.0458662621072206,-0.15256401943786424,0.9999993104296705,0.0005518621345750195,0.9994474482950955,False,False,False,-1.0
2023-08-11,2023-08-12 00:00:00,-0.4399826706502618,0.0,0.0,-0.10999566766256545,0.0,0.0,0.0,0.10999566766256545,0.10999566766256545,-0.10999566766256545,False,0.25,0.0,0.0003304925422460414,-3.635274784185194e-05,0.0,9.41743729987718e-08,-3.644692221485071e-05,1.0463621728455508,1.0463240361648285,-0.15219309800991487,0.9999504422506946,0.0005499783383128273,0.9994004639123818,False,False,False,-1.0
2023-08-12,2023-08-13 00:00:00,-0.44001174105612745,0.0,0.0,-0.11000293526403186,0.0,0.0,0.0,0.11000293526403186,0.11000293526403186,-0.11000293526403186,False,0.25,0.0,-0.0002916806205235378,3.2085724417223374e-05,0.0,9.418059526030125e-08,3.1991543821963074e-05,1.0460012275311241,1.0460346907252327,-0.15242754647164358,0.999984457137278,0.0005500146763201593,0.9994344424609578,False,False,False,-1.0
2023-08-13,2023-08-14 00:00:00,-0.44184045654594567,0.0,0.0,-0.11046011413648642,0.0,0.0,0.0,0.11046011413648642,0.11046011413648642,-0.11046011413648642,False,0.25,0.0,-0.00040011030067743647,4.419622948001353e-05,0.0,9.457201552781371e-08,4.4101657464485716e-05,1.0461065285135906,1.0461526635453824,-0.15233195641759423,0.9999993081816401,0.0005523005706824321,0.9994470076109576,False,False,False,-1.0
2023-08-14,2023-08-15 00:00:00,-0.48337435597122863,0.0,0.0,-0.12084358899280716,0.0,0.0,0.0,0.12084358899280716,0.12084358899280716,-0.12084358899280716,False,0.25,0.0,-0.0013578903126381103,0.00016409233883775423,0.0,1.0346197687740339e-07,0.00016398887686087683,1.0456397382723919,1.0458112115586724,-0.15260862534712782,0.9999556176529399,0.0006042179449640358,0.9993513997079759,False,False,False,-1.0
2023-08-15,2023-08-16 00:00:00,-0.6,0.0,0.0,-0.15,0.0,0.0,0.0,0.15,0.15,-0.15,False,0.25,0.0,0.0002608794899805478,-3.9131923497082166e-05,0.0,1.2842465753424656e-07,-3.926034815461641e-05,1.0469288277428614,1.0468877249525912,-0.1517363568586828,0.9998604640978841,0.00075,0.9991104640978841,False,False,False,-1.0
2023-08-16,2023-08-17 00:00:00,-0.6,0.0,0.0,-0.15,0.0,0.0,0.0,0.15,0.15,-0.15,False,0.25,0.0,-0.0007189901207463878,0.00010784851811195816,0.0,1.2842465753424656e-07,0.00010772009345442392,1.0484387594520015,1.048551697373151,-0.15038808686381333,0.9999702338146399,0.00075,0.9992202338146399,False,False,False,-1.0
2023-08-17,2023-08-18 00:00:00,-0.6,0.0,0.0,-0.3,0.0,0.0,0.0,0.3,0.3,-0.3,False,0.5,0.0,-0.0006550180704547603,0.0001965054211364281,0.0,2.568493150684931e-07,0.0001962485718213596,1.0575061746728351,1.057713708749307,-0.14296436704821214,0.9990568618755831,0.0015,0.9975568618755831,False,False,False,-1.0
2023-08-18,2023-08-19 00:00:00,-0.6,0.0,0.0,-0.3,0.0,0.0,0.0,0.3,0.3,-0.3,False,0.5,0.0,-0.0025586661301075786,0.0007675998390322736,0.0,2.568493150684931e-07,0.0007673429897172051,1.0646322055489497,1.065449143608505,-0.13669656201186708,0.9998231591501564,0.0015,0.9983231591501565,False,False,False,-1.0
2023-08-19,2023-08-20 00:00:00,-0.5097304362275743,0.0,0.0,-0.25486521811378715,0.0,0.0,0.0,0.25486521811378715,0.25486521811378715,-0.25486521811378715,False,0.5,0.0,0.008295698216275182,-0.0021142849352971294,0.0,2.1820652235769447e-07,-0.002114503141819487,1.063774283332997,1.0615249292687026,-0.13987624238542284,0.9976397207754492,0.0012743260905689357,0.9963653946848802,False,False,False,-1.0
2023-08-20,2023-08-21 00:00:00,-0.40951171649860696,0.0,0.0,-0.20475585824930348,0.0,0.0,0.0,0.20475585824930348,0.20475585824930348,-0.20475585824930348,False,0.5,0.0,0.0011201025462865832,-0.00022934755819213954,0.0,1.7530467315865022e-07,-0.0002295228628652982,1.063360871010506,1.063116805379133,-0.13858639000041717,0.9997704771371347,0.0010237792912465174,0.9987466978458882,False,False,False,-1.0
2023-08-21,2023-08-22 00:00:00,-0.39789248382475645,0.0,0.0,-0.19894624191237822,0.0,0.0,0.0,0.19894624191237822,0.19894624191237822,-0.19894624191237822,False,0.5,0.0,-0.0002955207497783441,5.8792742575529836e-05,0.0,1.7033068656881697e-07,5.862241188896102e-05,1.0647467970808717,1.0648092151061677,-0.13721507805690636,0.9996746698073141,0.000994731209561891,0.9986799385977523,False,False,False,-1.0
2023-08-22,2023-08-23 00:00:00,-0.39858002767923495,0.0,0.0,-0.19929001383961747,0.0,0.0,0.0,0.19929001383961747,0.19929001383961747,-0.19929001383961747,False,0.5,0.0,-0.0033997584541063386,0.0006775379093702088,0.0,1.7062501184898755e-07,0.0006773672843583598,1.0649844377776803,1.0657058233941816,-0.13648858160964328,0.9999998293749881,0.0009964500691980874,0.99900337930579,False,False,False,-1.0
2023-08-23,2023-08-24 00:00:00,-0.3983040697318715,0.0,0.0,-0.19915203486593575,0.0,0.0,0.0,0.19915203486593575,0.19915203486593575,-0.19915203486593575,False,0.5,0.0,0.000984573009410905,-0.00019607971829825987,0.0,1.7050687916604087e-07,-0.0001962502251774259,1.064913670860995,1.0647046813132939,-0.13729977884559752,0.9995174493272461,0.0009957601743296788,0.9985216891529164,False,False,False,-1.0
2023-08-24,2023-08-25 00:00:00,-0.3987697160246715,0.0,0.0,-0.19938485801233574,0.0,0.0,0.0,0.19938485801233574,0.19938485801233574,-0.19938485801233574,False,0.5,0.0,-0.0023793482285389134,0.0004744060087091338,0.0,1.707062140516573e-07,0.00047423530249508214,1.065876005713324,1.066381481743316,-0.13594111467589787,0.9999405285426973,0.0009969242900616788,0.9989436042526356,False,False,False,-1.0
2023-08-25,2023-08-26 00:00:00,-0.4024023712685234,0.0,0.0,-0.2012011856342617,0.0,0.0,0.0,0.2012011856342617,0.2012011856342617,-0.2012011856342617,False,0.5,0.0,-0.0028831535400400954,0.000580093910621686,0.0,1.7226128907042954e-07,0.0005799216493326155,1.0653681796960361,1.0659860097679519,-0.1362615544810334,0.9999986090540247,0.0010060059281713086,0.9989926031258534,False,False,False,-1.0
2023-08-26,2023-08-27 00:00:00,-0.4067810898846663,0.0,0.0,-0.20339054494233316,0.0,0.0,0.0,0.20339054494233316,0.20339054494233316,-0.20339054494233316,False,0.5,0.0,4.8443158009447984e-05,-9.852880306269177e-06,0.0,1.7413574053281949e-07,-1.0027016046801997e-05,1.0652714686972953,1.0652607872031845,-0.13684918190297657,0.9999616459530727,0.001016952724711666,0.998944693228361,False,False,False,-1.0
2023-08-27,2023-08-28 00:00:00,-0.4066092347500366,0.0,0.0,-0.2033046173750183,0.0,0.0,0.0,0.2033046173750183,0.2033046173750183,-0.2033046173750183,False,0.5,0.0,-0.0013212908830929626,0.00026862453742831476,0.0,1.740621724101184e-07,0.00026845047525590466,1.0644558995330842,1.0647416532252028,-0.1372698215465078,0.9999507620953749,0.0010165230868750914,0.9989342390084999,False,False,False,-1.0
2023-08-28,2023-08-29 00:00:00,-0.40772273123791797,0.0,0.0,-0.20386136561895898,0.0,0.0,0.0,0.20386136561895898,0.20386136561895898,-0.20386136561895898,False,0.5,0.0,-0.0008545454545455522,0.00017420880334713032,0.0,1.745388404271909e-07,0.00017403426450670313,1.0653961303230068,1.0655815457549558,-0.13658928028104622,0.9999429913834719,0.001019306828094795,0.9989236845553771,False,False,False,-1.0
2023-08-29,2023-08-30 00:00:00,-0.40830113121912404,0.0,0.0,-0.20415056560956202,0.0,0.0,0.0,0.20415056560956202,0.20415056560956202,-0.20415056560956202,False,0.5,0.0,-0.00204697576776125,0.0004178912607775266,0.0,1.747864431588716e-07,0.00041771647433436773,1.0562777071109135,1.056718931710646,-0.14377040686968967,0.9997291456469167,0.0010207528280478102,0.9987083928188689,False,False,False,-1.0
2023-08-30,2023-08-31 00:00:00,0.4086172649225292,0.0,0.0,0.2043086324612646,0.0,0.0,0.2043086324612646,0.0,0.2043086324612646,0.2043086324612646,False,0.5,0.0,-0.001330434120067281,-0.00027181917565075205,0.0,1.7492177436752104e-07,-0.0002719940974251196,1.0532945887067218,1.0530080987957438,-0.1467771902834758,0.9996070643310299,0.001021543162306323,0.9985855211687236,False,False,False,1.0
2023-08-31,2023-09-01 00:00:00,0.3475527036480584,0.0,0.0,0.1737763518240292,0.0,0.0,0.1737763518240292,0.0,0.1737763518240292,0.1737763518240292,False,0.5,0.0,0.00198718709218193,0.00034532612327117665,0.0,1.487811231370113e-07,0.0003451773421480396,1.0509821368336993,1.0513449120543368,-0.14812482366465252,0.9996339086106344,0.000868881759120146,0.9987650268515142,False,False,False,1.0
2023-09-01,2023-09-02 00:00:00,0.34833008159557355,0.0,0.0,0.08708252039889339,0.0,0.0,0.08708252039889339,0.0,0.08708252039889339,0.08708252039889339,False,0.25,0.0,-0.0012221278467940966,-0.00010642597314850256,0.0,7.455695239631283e-08,-0.00010650053010089887,1.0472118770394296,1.047100348419397,-0.1515640740510129,0.9998519933403712,0.00043541260199446696,0.9994165807383768,False,False,False,1.0
2023-09-02,2023-09-03 00:00:00,0.34979032036397345,0.0,0.0,0.08744758009099336,0.0,0.0,0.08744758009099336,0.0,0.08744758009099336,0.08744758009099336,False,0.25,0.0,-0.0017785357534412238,-0.00015552864774374665,0.0,7.486950350256281e-08,-0.00015560351724724922,1.0475133489623234,1.0473503522008614,-0.1513615030270058,0.9998198953944095,0.0004372379004549668,0.9993826574939546,False,False,False,1.0
2023-09-03,2023-09-04 00:00:00,0.33043437275570325,0.0,0.0,0.08260859318892581,0.0,0.0,0.08260859318892581,0.0,0.08260859318892581,0.08260859318892581,False,0.25,0.0,0.0008335938314056879,6.886201370339048e-05,0.0,7.072653526449128e-08,6.879128716812599e-05,1.0469580092043553,1.0470300307934195,-0.15162105044319618,0.999975118694998,0.0004130429659446291,0.9995620757290534,False,False,False,1.0
2023-09-04,2023-09-05 00:00:00,0.32959296726764165,0.0,0.0,0.08239824181691041,0.0,0.0,0.08239824181691041,0.0,0.08239824181691041,0.08239824181691041,False,0.25,0.0,0.00068295924394568,5.627464093373044e-05,0.0,7.054643991173837e-08,5.620409449381871e-05,1.0466260767465463,1.0466849014174635,-0.15190069905768033,0.9999360501314191,0.0004119912090845521,0.9995240589223345,False,False,False,1.0
2023-09-05,2023-09-06 00:00:00,0.33095167770459893,0.0,0.0,0.08273791942614973,0.0,0.0,0.08273791942614973,0.0,0.08273791942614973,0.08273791942614973,False,0.25,0.0,-0.000909584826415788,-7.525715607923786e-05,0.0,7.083725978266244e-08,-7.532799333902053e-05,1.047307823703717,1.0472289321069492,-0.15145988630990959,0.9998428487899842,0.00041368959713074867,0.9994291591928535,False,False,False,1.0
2023-09-06,2023-09-07 00:00:00,0.33117240995943453,0.0,0.0,0.08279310248985863,0.0,0.0,0.08279310248985863,0.0,0.08279310248985863,0.08279310248985863,False,0.25,0.0,-0.0023413303180767064,-0.00019384600098713807,0.0,7.088450555638581e-08,-0.00019391688549269445,1.0467302498160462,1.046527271146051,-0.15202842242773307,0.9998055743323524,0.00041396551244929315,0.9993916088199031,False,False,False,1.0
2023-09-07,2023-09-08 00:00:00,0.32897582641120576,0.0,0.0,0.08224395660280144,0.0,0.0,0.08224395660280144,0.0,0.08224395660280144,0.08224395660280144,False,0.25,0.0,0.00011651580935545525,9.582721168170348e-06,0.0,7.041434640650809e-08,9.51230682176384e-06,1.046914711053693,1.0469246696276406,-0.1517064216288534,0.9999520159798128,0.0004112197830140072,0.9995407961967987,False,False,False,1.0
2023-09-08,2023-09-09 00:00:00,0.32867549447026945,0.0,0.0,0.08216887361756736,0.0,0.0,0.08216887361756736,0.0,0.08216887361756736,0.08216887361756736,False,0.25,0.0,-0.0009815770261896173,-8.065507861088227e-05,0.0,7.035006302873917e-08,-8.072542867391101e-05,1.0468846665327383,1.0468001563192604,-0.15180731125633562,0.99983660311575,0.0004108443680878368,0.9994257587476622,False,False,False,1.0
2023-09-09,2023-09-10 00:00:00,0.33367168766360067,0.0,0.0,0.08341792191590017,0.0,0.0,0.08341792191590017,0.0,0.08341792191590017,0.08341792191590017,False,0.25,0.0,-0.0003056589701737611,-2.5497436106849262e-05,0.0,7.141945369512001e-08,-2.556885556054438e-05,1.0471871697494677,1.0471603943719794,-0.1515154205065311,0.9999739211957174,0.00041708960957950085,0.9995568315861378,False,False,False,1.0
2023-09-10,2023-09-11 00:00:00,0.33573496999459645,0.0,0.0,0.08393374249864911,0.0,0.0,0.08393374249864911,0.0,0.08393374249864911,0.08393374249864911,False,0.25,0.0,-0.0006416148953366507,-5.385313940848415e-05,0.0,7.186108090637766e-08,-5.392500048939053e-05,1.0463789686645566,1.0463225426781593,-0.15219430814010626,0.999911381150084,0.0004196687124932456,0.9994917124375908,False,False,False,1.0
2023-09-11,2023-09-12 00:00:00,0.3345452666649486,0.0,0.0,0.08363631666623715,0.0,0.0,0.08363631666623715,0.0,0.08363631666623715,0.08363631666623715,False,0.25,0.0,0.00011522949875164556,9.637370846884406e-06,0.0,7.160643550191537e-08,9.56576441138249e-06,1.0431589134615011,1.043168892073911,-0.15474962241783896,0.999835557679676,0.00041818158333118576,0.9994173760963448,False,False,False,1.0
2023-09-12,2023-09-13 00:00:00,-0.3339270059418612,0.0,0.0,-0.0834817514854653,0.0,0.0,0.0,0.0834817514854653,0.0834817514854653,-0.0834817514854653,False,0.25,0.0,-0.0006479266347687584,5.4090050304579335e-05,0.0,7.147410229919975e-08,5.4018576202280134e-05,1.0407053503807613,1.040761567802035,-0.15670020948502095,0.9999749638872956,0.0004174087574273265,0.9995575551298682,False,False,False,-1.0
2023-09-13,2023-09-14 00:00:00,-0.3149075480045212,0.0,0.0,-0.0787268870011303,0.0,0.0,0.0,0.0787268870011303,0.0787268870011303,-0.0787268870011303,False,0.25,0.0,-0.002159478746509458,0.0001700090392577926,0.0,6.740315667904991e-08,0.00016994163610111355,1.0403641728804536,1.040540974070134,-0.15687895037405464,0.9997380795938485,0.00039363443500565153,0.9993444451588429,False,False,False,-1.0
2023-09-14,2023-09-15 00:00:00,-0.2977753809095366,0.0,0.0,-0.07444384522738415,0.0,0.0,0.0,0.07444384522738415,0.07444384522738415,-0.07444384522738415,False,0.25,0.0,0.0018634644501247521,-0.00013872345911181955,0.0,6.373616885906176e-08,-0.00013878719528067862,1.0393943928517364,1.0392501382191621,-0.15792487831412327,0.9998023466000304,0.00037221922613692073,0.9994301273738935,False,False,False,-1.0
2023-09-15,2023-09-16 00:00:00,-0.2977779411949653,0.0,0.0,-0.07444448529874133,0.0,0.0,0.0,0.07444448529874133,0.07444448529874133,-0.07444448529874133,False,0.25,0.0,0.0004014823965410308,-2.9888150367002204e-05,0.0,6.373671686536073e-08,-2.9951887083867566e-05,1.039971161974906,1.039940012876092,-0.15736589230650266,0.9999328028793818,0.00037222242649370663,0.9995605804528881,False,False,False,-1.0
2023-09-16,2023-09-17 00:00:00,-0.2912770346640543,0.0,0.0,-0.07281925866601358,0.0,0.0,0.0,0.07281925866601358,0.07281925866601358,-0.07281925866601358,False,0.25,0.0,-0.0012649564292785964,9.211318942487503e-05,0.0,6.23452557072034e-08,9.205084416916782e-05,1.0391434754402245,1.0392391294743515,-0.15793379839003674,0.9999999376547443,0.00036409629333006787,0.9996358413614141,False,False,False,-1.0
2023-09-17,2023-09-18 00:00:00,-0.2915817740807622,0.0,0.0,-0.07289544352019055,0.0,0.0,0.0,0.07289544352019055,0.07289544352019055,-0.07289544352019055,False,0.25,0.0,5.5229293617342634e-05,-4.02596385354302e-06,0.0,6.241048246591656e-08,-4.088374336008937e-06,1.0394521968200945,1.0394479471504094,-0.15776459930743858,0.9999672825493722,0.00036447721760095276,0.9996028053317713,False,False,False,-1.0
2023-09-18,2023-09-19 00:00:00,-0.3207614240982716,0.0,0.0,-0.0801903560245679,0.0,0.0,0.0,0.0801903560245679,0.0801903560245679,-0.0801903560245679,False,0.25,0.0,-0.0026325935564712744,0.00021110861456141489,0.0,6.865612673336292e-08,0.00021103995843468152,1.0378816175817231,1.0381006520751577,-0.15885627456704798,0.9998955847517788,0.00040095178012283946,0.9994946329716559,False,False,False,-1.0
2023-09-19,2023-09-20 00:00:00,-0.3710679731594079,0.0,0.0,-0.09276699328985198,0.0,0.0,0.0,0.09276699328985198,0.09276699328985198,-0.09276699328985198,False,0.25,0.0,0.003987419630466782,-0.00036990093010333603,0.0,7.942379562487327e-08,-0.0003699803538989609,1.0383815788047317,1.0379973980207233,-0.15893993841971898,0.9994574366893507,0.0004638349664492599,0.9989936017229014,False,False,False,-1.0
2023-09-20,2023-09-21 00:00:00,-0.3690104001047863,0.0,0.0,-0.09225260002619658,0.0,0.0,0.0,0.09225260002619658,0.09225260002619658,-0.09225260002619658,False,0.25,0.0,0.00017192891967243717,-1.5860889859477426e-05,0.0,7.898339043338748e-08,-1.5939873249910812e-05,1.0396256806973985,1.0396091091958208,-0.1576340142403695,0.9998747332787903,0.0004612630001309829,0.9994134702786593,False,False,False,-1.0
2023-09-21,2023-09-22 00:00:00,-0.37036156843805695,0.0,0.0,-0.09259039210951424,0.0,0.0,0.0,0.09259039210951424,0.09259039210951424,-0.09259039210951424,False,0.25,0.0,-0.0005175950765345938,4.7924331090292075e-05,0.0,7.927259598417315e-08,4.78450584943079e-05,1.0422591321485346,1.0423089990976784,-0.15544636948186985,0.9997854301236219,0.0004629519605475712,0.9993224781630743,False,False,False,-1.0
2023-09-22,2023-09-23 00:00:00,-0.36383779783252285,0.0,0.0,-0.09095944945813071,0.0,0.0,0.0,0.09095944945813071,0.09095944945813071,-0.09095944945813071,False,0.25,0.0,-0.0015977343500354069,0.0001453290368595649,0.0,7.787624097442697e-08,0.00014525116061859047,1.0415416266287325,1.041692911758833,-0.15594556770349954,0.9999560384538053,0.00045479724729065356,0.9995012412065146,False,False,False,-1.0
2023-09-23,2023-09-24 00:00:00,-0.34405859945107237,0.0,0.0,-0.08601464986276809,0.0,0.0,0.0,0.08601464986276809,0.08601464986276809,-0.08601464986276809,False,0.25,0.0,0.0008619279503729871,-7.413843085826584e-05,0.0,7.364267967702747e-08,-7.421207353794287e-05,1.0419066652282605,1.041829343174201,-0.1558350211695394,0.9998922362278254,0.00043007324931384046,0.9994621629785115,False,False,False,-1.0
2023-09-24,2023-09-25 00:00:00,-0.3433396476423781,0.0,0.0,-0.08583491191059453,0.0,0.0,0.0,0.08583491191059453,0.08583491191059453,-0.08583491191059453,False,0.25,0.0,-5.0284737325156925e-05,4.316185998752229e-06,0.0,7.348879444400216e-08,4.242697204308227e-06,1.0418145614507375,1.0418189815544647,-0.15584341689822812,0.9999966893717065,0.00042917455955297264,0.9995675148121536,False,False,False,-1.0
2023-09-25,2023-09-26 00:00:00,-0.34455220386649116,0.0,0.0,-0.08613805096662279,0.0,0.0,0.0,0.08613805096662279,0.08613805096662279,-0.08613805096662279,False,0.25,0.0,-0.0015812916191544346,0.00013620937808381817,0.0,7.374833130704006e-08,0.00013613562975251114,1.0419998758053672,1.042141729114662,-0.15558190363878066,0.9998810822126234,0.00043069025483311393,0.9994503919577903,False,False,False,-1.0
2023-09-26,2023-09-27 00:00:00,-0.3447246466104047,0.0,0.0,-0.08618116165260117,0.0,0.0,0.0,0.08618116165260117,0.08618116165260117,-0.08618116165260117,False,0.25,0.0,-0.0003725358960434688,3.210557627831881e-05,0.0,7.378524114092566e-08,3.2031791037177885e-05,1.0421870691134782,1.0422204522318976,-0.15551811651372982,0.9999683648007903,0.0004309058082630059,0.9995374589925273,False,False,False,-1.0
2023-09-27,2023-09-28 00:00:00,-0.34502353503203365,0.0,0.0,-0.08625588375800841,0.0,0.0,0.0,0.08625588375800841,0.08625588375800841,-0.08625588375800841,False,0.25,0.0,0.0012062500000000753,-0.00010404615978310415,0.0,7.384921554624007e-08,-0.00010412000899865039,1.0412483691149947,1.0411399543254327,-0.15639361354048686,0.9998921062960869,0.00043127941879004205,0.9994608268772969,False,False,False,-1.0
2023-09-28,2023-09-29 00:00:00,-0.3453662013407613,0.0,0.0,-0.08634155033519032,0.0,0.0,0.0,0.08634155033519032,0.08634155033519032,-0.08634155033519032,False,0.25,0.0,0.005646348735047546,-0.00048751450351714593,0.0,7.392256021848485e-08,-0.0004875884260773644,1.038812022275782,1.0383055095568503,-0.1586902843184248,0.9993978876927085,0.0004317077516759516,0.9989661799410325,False,False,False,-1.0
2023-09-29,2023-09-30 00:00:00,-0.3413921480874917,0.0,0.0,-0.08534803702187292,0.0,0.0,0.0,0.08534803702187292,0.08534803702187292,-0.08534803702187292,False,0.25,0.0,0.0003948454718403216,-3.369928594854665e-05,0.0,7.307194950502818e-08,-3.377235789805168e-05,1.037277380939082,1.0372423496361334,-0.1595517328635685,0.9999264012132537,0.00042674018510936463,0.9994996610281444,False,False,False,-1.0
2023-09-30,2023-10-01 00:00:00,0.35832847808360657,0.0,0.0,0.08958211952090164,0.0,0.0,0.08958211952090164,0.0,0.08958211952090164,0.08958211952090164,False,0.25,0.0,-0.0005342831700801964,-4.7862218800130375e-05,0.0,7.669702013775826e-08,-4.793891582026813e-05,1.0382694293483228,1.0382196558375505,-0.15875984916953034,0.9997957111694327,0.00044791059760450824,0.9993478005718281,False,False,False,1.0
2023-10-01,2023-10-02 00:00:00,0.3550065940710528,0.0,0.0,0.0887516485177632,0.0,0.0,0.0887516485177632,0.0,0.0887516485177632,0.0887516485177632,False,0.25,0.0,0.0005526306406951065,4.9046880383118374e-05,0.0,7.598600044329041e-08,4.8970894382675085e-05,1.0381772410622483,1.038228081530271,-0.1587530220679867,0.9999593153065855,0.000443758242588816,0.9995155570639968,False,False,False,1.0
2023-10-02,2023-10-03 00:00:00,0.3555064112100135,0.0,0.0,0.08887660280250337,0.0,0.0,0.08887660280250337,0.0,0.08887660280250337,0.08887660280250337,False,0.25,0.0,-0.007583844592771616,-0.0006740263435876758,0.0,7.609298185145837e-08,-0.0006741024365695273,1.0394185588174656,1.0387178842343512,-0.15835614872972836,0.9990944453619202,0.00044438301401251686,0.9986500623479077,False,False,False,1.0
2023-10-03,2023-10-04 00:00:00,0.39042000417373557,0.0,0.0,0.09760500104343389,0.0,0.0,0.09760500104343389,0.0,0.09760500104343389,0.09760500104343389,False,0.25,0.0,0.0011843663639952151,0.00011560008019356097,0.0,8.356592555088518e-08,0.00011551651426801009,1.0359725953338406,1.0360922672769308,-0.16048361221287877,0.999825034261474,0.0004880250052171695,0.9993370092562568,False,False,False,1.0
2023-10-04,2023-10-05 00:00:00,0.3899852705297168,0.0,0.0,0.0974963176324292,0.0,0.0,0.0974963176324292,0.0,0.0974963176324292,0.0974963176324292,False,0.25,0.0,-0.001766989697655097,-0.0001722749888158114,0.0,8.347287468529897e-08,-0.00017235846169049668,1.0353048891707666,1.0351264456126885,-0.16126619030984912,0.9997501475987037,0.00048748158816214605,0.9992626660105416,False,False,False,1.0
2023-10-05,2023-10-06 00:00:00,0.3669779124079727,0.0,0.0,0.09174447810199317,0.0,0.0,0.09174447810199317,0.0,0.09174447810199317,0.09174447810199317,False,0.25,0.0,-0.0015916886706316413,-0.00014602864638795524,0.0,7.854835453937771e-08,-0.00014610719474249462,1.0344394565244606,1.0342883174773367,-0.16194530193621282,0.9998001225672465,0.00045872239050996584,0.9993414001767366,False,False,False,1.0
2023-10-06,2023-10-07 00:00:00,0.3646217069998453,0.0,0.0,0.09115542674996133,0.0,0.0,0.09115542674996133,0.0,0.09115542674996133,0.09115542674996133,False,0.25,0.0,-0.001974591563329686,-0.00017999473661219084,0.0,7.804402975167921e-08,-0.0001800727806419425,1.0358847195058942,1.0356981848640283,-0.16080292609468183,0.9997567906040541,0.0004557771337498066,0.9993010134703043,False,False,False,1.0
2023-10-07,2023-10-08 00:00:00,0.36360411947372867,0.0,0.0,0.09090102986843217,0.0,0.0,0.09090102986843217,0.0,0.09090102986843217,0.09090102986843217,False,0.25,0.0,0.0007085094427208283,6.440423801483224e-05,0.0,7.78262242024248e-08,6.432641179062981e-05,1.0353850226397383,1.0354516252430663,-0.16100270641242154,0.9999993669648274,0.00045450514934216083,0.9995448618154852,False,False,False,1.0
2023-10-08,2023-10-09 00:00:00,0.3590925647099769,0.0,0.0,0.08977314117749423,0.0,0.0,0.08977314117749423,0.0,0.08977314117749423,0.08977314117749423,False,0.25,0.0,0.00041088917644316325,3.688681204513643e-05,0.0,7.686056607662177e-08,3.6809951479059806e-05,1.0350061341514112,1.03504423267699,-0.16133280513652704,0.9999878110518968,0.00044886570588747115,0.9995389453460094,False,False,False,1.0
2023-10-09,2023-10-10 00:00:00,0.35937676271693064,0.0,0.0,0.08984419067923266,0.0,0.0,0.08984419067923266,0.0,0.08984419067923266,0.08984419067923266,False,0.25,0.0,-0.002659791869714212,-0.0002389668479096764,0.0,7.692139612948001e-08,-0.0002390437693058059,1.0326882959360721,1.0324414382332936,-0.16344177617948952,0.9997038979525881,0.0004492209533961633,0.9992546769991919,False,False,False,1.0
2023-10-10,2023-10-11 00:00:00,-0.35888480027432457,0.0,0.0,-0.08972120006858114,0.0,0.0,0.0,0.08972120006858114,0.08972120006858114,-0.08972120006858114,False,0.25,0.0,6.3788528270602995e-06,-5.723183307047115e-07,0.0,7.681609594912769e-08,-6.491344266538392e-07,1.0325281753107376,1.0325275050611524,-0.1633720386525198,0.9998305169580142,0.0004486060003429057,0.9993819109576713,False,False,False,-1.0
2023-10-11,2023-10-12 00:00:00,-0.3397487713273155,0.0,0.0,-0.08493719283182888,0.0,0.0,0.0,0.08493719283182888,0.08493719283182888,-0.08493719283182888,False,0.25,0.0,0.0017535520670075577,-0.00014894179005607304,0.0,7.272019934231925e-08,-0.00014901451025541536,1.0331057801981167,1.0329518324462386,-0.16302821812145563,0.9996818574497542,0.0004246859641591444,0.9992571714855951,False,False,False,-1.0
2023-10-12,2023-10-13 00:00:00,-0.33875771305291136,0.0,0.0,-0.08468942826322784,0.0,0.0,0.0,0.08468942826322784,0.08468942826322784,-0.08468942826322784,False,0.25,0.0,-0.0004992187550650895,4.227855094474281e-05,0.0,7.250807214317452e-08,4.220604287259963e-05,1.0339024157715777,1.0339460527012638,-0.1622226294460789,0.999825322567247,0.0004234471413161392,0.9994018754259308,False,False,False,-1.0
2023-10-13,2023-10-14 00:00:00,-0.3727538774328673,0.0,0.0,-0.09318846935821683,0.0,0.0,0.0,0.09318846935821683,0.09318846935821683,-0.09318846935821683,False,0.25,0.0,-0.0007140631491482363,6.654245189423223e-05,0.0,7.978464842313085e-08,6.646266724580909e-05,1.0340067080552122,1.0340754308989795,-0.16211779793576364,0.999968463783547,0.00046594234679108414,0.9995025214367559,False,False,False,-1.0
2023-10-14,2023-10-15 00:00:00,-0.3938019632646379,0.0,0.0,-0.09845049081615947,0.0,0.0,0.0,0.09845049081615947,0.09845049081615947,-0.09845049081615947,False,0.25,0.0,0.001486763939216429,-0.00014637263954362411,0.0,8.428980378095846e-08,-0.00014645692934740507,1.0331203911738729,1.0329690835337353,-0.16301424005104814,0.9997002003054164,0.0004922524540807974,0.9992079478513356,False,False,False,-1.0
2023-10-15,2023-10-16 00:00:00,-0.39434953614356066,0.0,0.0,-0.09858738403589017,0.0,0.0,0.0,0.09858738403589017,0.09858738403589017,-0.09858738403589017,False,0.25,0.0,-0.000868072300777456,8.558097728766581e-05,0.0,8.440700688004295e-08,8.549657028078577e-05,1.0330124397109575,1.0331007587316101,-0.1629075473461874,0.9999992816598281,0.0004929369201794509,0.9995063447396486,False,False,False,-1.0
2023-10-16,2023-10-17 00:00:00,-0.4007234275756779,0.0,0.0,-0.10018085689391948,0.0,0.0,0.0,0.10018085689391948,0.10018085689391948,-0.10018085689391948,False,0.25,0.0,-0.00018375480772270247,1.8408714096037748e-05,0.0,8.577128158725983e-08,1.832294281445049e-05,1.0313907818895938,1.0314096800039096,-0.1642777808184186,0.9998304271023858,0.0005009042844695974,0.9993295228179162,False,False,False,-1.0
2023-10-17,2023-10-18 00:00:00,-0.40297992042588443,0.0,0.0,-0.10074498010647111,0.0,0.0,0.0,0.10074498010647111,0.10074498010647111,-0.10074498010647111,False,0.25,0.0,-0.0009765129609902168,9.837877882867058e-05,0.0,8.62542637897869e-08,9.829252456488079e-05,1.0314434975732496,1.031544880758572,-0.1641682314541727,0.9998874808556463,0.0005037249005323556,0.9993837559551139,False,False,False,-1.0
2023-10-18,2023-10-19 00:00:00,-0.39633427504262886,0.0,0.0,-0.09908356876065721,0.0,0.0,0.0,0.09908356876065721,0.09908356876065721,-0.09908356876065721,False,0.25,0.0,0.00031856873439006783,-3.156492709893383e-05,0.0,8.483182256905584e-08,-3.1649758921502886e-05,1.0319054935245944,1.0318728339644947,-0.16390250020658503,0.9998496661151864,0.0004954178438032861,0.9993542482713832,False,False,False,-1.0
2023-10-19,2023-10-20 00:00:00,-0.3964410715224563,0.0,0.0,-0.09911026788061407,0.0,0.0,0.0,0.09911026788061407,0.09911026788061407,-0.09911026788061407,False,0.25,0.0,-0.0005762249582237366,5.710980996905019e-05,0.0,8.485468140463534e-08,5.702495528764555e-05,1.0323764555433403,1.0324353267645576,-0.1634467281305071,0.9998114527724208,0.0004955513394030703,0.9993159014330177,False,False,False,-1.0
2023-10-20,2023-10-21 00:00:00,-0.4080118684066027,0.0,0.0,-0.10200296710165067,0.0,0.0,0.0,0.10200296710165067,0.10200296710165067,-0.10200296710165067,False,0.25,0.0,0.002453474506963982,-0.0002502616794185856,0.0,8.733130745004338e-08,-0.00025034901072603564,1.0296931042350832,1.0294353215850864,-0.16587754784720243,0.9997451934021088,0.0005100148355082533,0.9992351785666005,False,False,False,-1.0
2023-10-21,2023-10-22 00:00:00,-0.40769192390188375,0.0,0.0,-0.10192298097547094,0.0,0.0,0.0,0.10192298097547094,0.10192298097547094,-0.10192298097547094,False,0.25,0.0,0.0042240406494538085,-0.00043052681475389643,0.0,8.726282617762922e-08,-0.00043061407758007405,1.028380668740868,1.027937833547797,-0.16709092023451277,0.9994820235468713,0.0005096149048773547,0.998972408641994,False,False,False,-1.0
2023-10-22,2023-10-23 00:00:00,-0.3843659500536697,0.0,0.0,-0.09609148751341742,0.0,0.0,0.0,0.09609148751341742,0.09609148751341742,-0.09609148751341742,False,0.25,0.0,0.0004737820110507496,-4.5526418198964896e-05,0.0,8.227010917244643e-08,-4.560868830813734e-05,1.0281004652533616,1.0280535749396924,-0.1669971382439408,0.9999538000595075,0.0004804574375670871,0.9994733426219404,False,False,False,-1.0
2023-10-23,2023-10-24 00:00:00,-0.40780726545076357,0.0,0.0,-0.10195181636269089,0.0,0.0,0.0,0.10195181636269089,0.10195181636269089,-0.10195181636269089,False,0.25,0.0,-0.0011199675924270514,0.00011418273031528778,0.0,8.728751400915315e-08,0.00011409544280127862,1.0246827600699773,1.0247996717032184,-0.1696336844064491,0.9996124202553522,0.0005097590818134545,0.9991026611735387,False,False,False,-1.0
2023-10-24,2023-10-25 00:00:00,0.40883422349111326,0.0,0.0,0.10220855587277831,0.0,0.0,0.10220855587277831,0.0,0.10220855587277831,0.10220855587277831,False,0.25,0.0,0.005974202308214549,0.000610614590414428,0.0,8.750732523354307e-08,0.0006105270830891944,1.0303451269948016,1.030974180599761,-0.16463065372192476,0.9999496061769871,0.0005110427793638915,0.9994385633976233,False,False,False,1.0
2023-10-25,2023-10-26 00:00:00,0.3770595789369699,0.0,0.0,0.09426489473424247,0.0,0.0,0.09426489473424247,0.0,0.09426489473424247,0.09426489473424247,False,0.25,0.0,-0.0003486788944111474,-3.2868179277718855e-05,0.0,8.070624549164595e-08,-3.29488855232105e-05,1.032586592278082,1.0325525697006601,-0.16335172948094767,0.99994200869217,0.0004713244736712124,0.9994706842184987,False,False,False,1.0
2023-10-26,2023-10-27 00:00:00,0.3037356207742184,0.0,0.0,0.0759339051935546,0.0,0.0,0.0759339051935546,0.0,0.0759339051935546,0.0759339051935546,False,0.25,0.0,0.004446227203904973,0.0003376193949703236,0.0,6.501190513146797e-08,0.00033755438306519214,1.0310800280928012,1.031428073675575,-0.16426287694423447,0.9999527454919745,0.000379669525967773,0.9995730759660068,False,False,False,1.0
2023-10-27,2023-10-28 00:00:00,0.30250560130427406,0.0,0.0,0.07562640032606852,0.0,0.0,0.07562640032606852,0.0,0.07562640032606852,0.07562640032606852,False,0.25,0.0,-0.0026287823703786684,-0.0001988053479123685,0.0,6.474863041615454e-08,-0.00019887009654278464,1.031875834463634,1.0316706252168142,-0.1640663442606266,0.9996776167936904,0.0003781320016303426,0.99929948479206,False,False,False,1.0
2023-10-28,2023-10-29 00:00:00,0.29647486885271707,0.0,0.0,0.07411871721317927,0.0,0.0,0.07411871721317927,0.0,0.07411871721317927,0.07411871721317927,False,0.25,0.0,-0.0003070053028187969,-2.2754839222572873e-05,0.0,6.345780583320143e-08,-2.2818297028406076e-05,1.0320276469198217,1.0320040978064329,-0.163796140811856,0.9999229838131869,0.00037059358606589634,0.999552390227121,False,False,False,1.0
2023-10-29,2023-10-30 00:00:00,0.29750417965531656,0.0,0.0,0.07437604491382914,0.0,0.0,0.07437604491382914,0.0,0.07437604491382914,0.07437604491382914,False,0.25,0.0,-0.0001785116590427016,-1.3276991170602128e-05,0.0,6.367812064540166e-08,-1.334066929124753e-05,1.0320746835492116,1.0320609149821744,-0.16375010345432595,0.999896624734333,0.0003718802245691457,0.9995247445097639,False,False,False,1.0
2023-10-30,2023-10-31 00:00:00,0.3110506624857895,0.0,0.0,0.07776266562144737,0.0,0.0,0.07776266562144737,0.0,0.07776266562144737,0.07776266562144737,False,0.25,0.0,0.00047827162529889833,3.71916764743444e-05,0.0,6.657762467589672e-08,3.71250988496685e-05,1.033262222831152,1.0333005827933122,-0.1627456355360415,0.9999191377114138,0.00038881332810723686,0.9995303243833066,False,False,False,1.0
2023-10-31,2023-11-01 00:00:00,0.31253837294102066,0.0,0.0,0.07813459323525516,0.0,0.0,0.07813459323525516,0.0,0.07813459323525516,0.07813459323525516,False,0.25,0.0,0.002428189376391776,0.00018972558922253932,0.0,6.689605585210202e-08,0.0001896586931666872,1.0318538072263674,1.032049507270985,-0.16375934680146131,0.999980261095845,0.0003906729661762758,0.9995895881296688,False,False,False,1.0
2023-11-01,2023-11-02 00:00:00,0.30985743160516405,0.0,0.0,0.07746435790129101,0.0,0.0,0.07746435790129101,0.0,0.07746435790129101,0.07746435790129101,False,0.25,0.0,0.0014582879364388734,0.00011296533863143602,0.0,6.632222423055736e-08,0.00011289901640720546,1.0319706387481373,1.0320871472182132,-0.16372884821216427,0.9998796104435246,0.00038732178950645505,0.9994922886540182,False,False,False,1.0
2023-11-02,2023-11-03 00:00:00,0.30425356659011743,0.0,0.0,0.07606339164752936,0.0,0.0,0.07606339164752936,0.0,0.07606339164752936,0.07606339164752936,False,0.25,0.0,-0.0033718237144230168,-0.00025647234775658513,0.0,6.512276682151485e-08,-0.00025653747052340663,1.0328447082641985,1.032579744895297,-0.16332971018598774,0.9997262242241356,0.0003803169582376468,0.999345907265898,False,False,False,1.0
2023-11-03,2023-11-04 00:00:00,0.3043519151295582,0.0,0.0,0.07608797878238956,0.0,0.0,0.07608797878238956,0.0,0.07608797878238956,0.07608797878238956,False,0.25,0.0,0.0018573695004449053,0.00014132349114090944,0.0,6.514381745067599e-08,0.00014125834732345877,1.0328478779038277,1.032993776288097,-0.1629942322075375,0.9998855301252589,0.00038043989391194777,0.999505090231347,False,False,False,1.0
2023-11-04,2023-11-05 00:00:00,0.3191528041874115,0.0,0.0,0.07978820104685287,0.0,0.0,0.07978820104685287,0.0,0.07978820104685287,0.07978820104685287,False,0.25,0.0,-0.0005018437302263257,-4.004120844140067e-05,0.0,6.83118159647713e-08,-4.010952025736544e-05,1.0339344328120672,1.0338929621979895,-0.162265647185852,0.9998828546765456,0.00039894100523426434,0.9994839136713113,False,False,False,1.0
2023-11-05,2023-11-06 00:00:00,0.3223872144819779,0.0,0.0,0.08059680362049447,0.0,0.0,0.08059680362049447,0.0,0.08059680362049447,0.08059680362049447,False,0.25,0.0,0.0005817180428655533,4.6884614863333385e-05,0.0,6.90041126887795e-08,4.68156107506446e-05,1.0357682056271156,1.0358166957482582,-0.16070690006246025,0.9997723900668717,0.0004029840181024724,0.9993694060487692,False,False,False,1.0
2023-11-06,2023-11-07 00:00:00,0.3246197321205812,0.0,0.0,0.0811549330301453,0.0,0.0,0.0811549330301453,0.0,0.0811549330301453,0.0811549330301453,False,0.25,0.0,-0.002716621739267233,-0.00022046725531846915,0.0,6.948196321074083e-08,-0.0002205367372816799,1.0372490817168467,1.0370203301886165,-0.15973162896981752,0.9997313690545118,0.0004057746651507265,0.9993255943893611,False,False,False,1.0
2023-11-07,2023-11-08 00:00:00,0.319827953709479,0.0,0.0,0.07995698842736974,0.0,0.0,0.07995698842736974,0.0,0.07995698842736974,0.07995698842736974,False,0.25,0.0,0.0005369444638341214,4.2932462280925096e-05,0.0,6.84563257083645e-08,4.286400595521673e-05,1.035295980156712,1.035340357089771,-0.16109286386372235,0.999914925268358,0.0003997849421368487,0.9995151403262211,False,False,False,1.0
2023-11-08,2023-11-09 00:00:00,0.31909745863677863,0.0,0.0,0.07977436465919466,0.0,0.0,0.07977436465919466,0.0,0.07977436465919466,0.07977436465919466,False,0.25,0.0,0.001872291674401616,0.00014936087878208868,0.0,6.829996974246117e-08,0.0001492925788123462,1.036315834072297,1.0364705483356298,-0.16017710172342026,0.9999834300731959,0.0003988718232959733,0.9995845582498999,False,False,False,1.0
2023-11-09,2023-11-10 00:00:00,0.30888769969609253,0.0,0.0,0.07722192492402313,0.0,0.0,0.07722192492402313,0.0,0.07722192492402313,0.07722192492402313,False,0.25,0.0,-0.002442653926358118,-0.00018862643811659694,0.0,6.61146617500198e-08,-0.00018869255277834696,1.042817043437331,1.042620271627324,-0.15519415411654114,0.999710757081412,0.00038610962462011565,0.9993246474567918,False,False,False,1.0
2023-11-10,2023-11-11 00:00:00,0.32919989269999084,0.0,0.0,0.08229997317499771,0.0,0.0,0.08229997317499771,0.0,0.08229997317499771,0.08229997317499771,False,0.25,0.0,0.0026436621678027628,0.00021757332549392366,0.0,7.046230580051173e-08,0.00021750286318812314,1.0446957480399583,1.0449229723563176,-0.15332834055995503,0.999860145586288,0.00041149986587498853,0.999448645720413,False,False,False,1.0
2023-11-11,2023-11-12 00:00:00,0.2624331209076295,0.0,0.0,0.06560828022690737,0.0,0.0,0.06560828022690737,0.0,0.06560828022690737,0.06560828022690737,False,0.25,0.0,-0.002089556560387229,-0.00013709221236385803,0.0,5.617147279700974e-08,-0.00013714838383665506,1.044423564673762,1.0442803236698261,-0.15384906069361393,0.9998033289004026,0.0003280414011345369,0.9994752874992681,False,False,False,1.0
2023-11-12,2023-11-13 00:00:00,0.261958333890426,0.0,0.0,0.0654895834726065,0.0,0.0,0.0654895834726065,0.0,0.0654895834726065,0.0654895834726065,False,0.25,0.0,0.0004472728510240831,2.9291712712172382e-05,0.0,5.606984886353296e-08,2.9235642863308848e-05,1.0439229567067854,1.0439534764655245,-0.15411389577923307,0.9999426340574534,0.0003274479173630325,0.9996151861400904,False,False,False,1.0
2023-11-13,2023-11-14 00:00:00,0.2624395029624514,0.0,0.0,0.06560987574061285,0.0,0.0,0.06560987574061285,0.0,0.06560987574061285,0.06560987574061285,False,0.25,0.0,0.008827800382442241,0.00057919088615497,0.0,5.6172838819017846e-08,0.000579134713316151,1.0449231175542908,1.045528268804413,-0.15283788589322833,0.9999889385714524,0.00032804937870306426,0.9996608891927494,False,False,False,1.0
2023-11-14,2023-11-15 00:00:00,0.2614771057845967,0.0,0.0,0.06536927644614918,0.0,0.0,0.06536927644614918,0.0,0.06536927644614918,0.06536927644614918,False,0.25,0.0,-0.0017142073505210798,-0.00011205649418223341,0.0,5.596684627238799e-08,-0.0001121124610285058,1.043464647539907,1.043347662150275,-0.15460477005913154,0.9997908786311509,0.0003268463822307459,0.9994640322489201,False,False,False,1.0
2023-11-15,2023-11-16 00:00:00,0.25972294161029125,0.0,0.0,0.06493073540257281,0.0,0.0,0.06493073540257281,0.0,0.06493073540257281,0.06493073540257281,False,0.25,0.0,0.0033957374558777342,0.00022048773024420292,0.0,5.5591383050147955e-08,0.00022043213886115278,1.0425708043578603,1.0428006204701792,-0.15504802252780414,0.999999944408617,0.00032465367701286406,0.9996752907316041,False,False,False,1.0
2023-11-16,2023-11-17 00:00:00,0.24395647113617255,0.0,0.0,0.06098911778404314,0.0,0.0,0.06098911778404314,0.0,0.06098911778404314,0.06098911778404314,False,0.25,0.0,-0.004038558499193878,-0.0002463081199850839,0.0,5.221671043154378e-08,-0.0002463603366955155,1.0422460901080226,1.041989322010344,-0.15570539482362122,0.999233622025561,0.0003049455889202157,0.9989286764366407,False,False,False,1.0
2023-11-17,2023-11-18 00:00:00,0.24181803638721078,0.0,0.0,0.060454509096802694,0.0,0.0,0.060454509096802694,0.0,0.060454509096802694,0.060454509096802694,False,0.25,0.0,-0.00015109360509335534,-9.134289723584964e-06,0.0,5.1758997514385867e-08,-9.186048721099351e-06,1.0395722138643992,1.0395626643033935,-0.15767164722881388,0.9998011986956374,0.0003022725454840135,0.9994989261501535,False,False,False,1.0
2023-11-18,2023-11-19 00:00:00,0.2388460997578267,0.0,0.0,0.059711524939456674,0.0,0.0,0.059711524939456674,0.0,0.059711524939456674,0.059711524939456674,False,0.25,0.0,0.0011127577418710288,6.644446165530543e-05,0.0,5.1122880941315644e-08,6.639333877436411e-05,1.0405687411408286,1.0406378279737771,-0.15680047238334127,0.9999350353938429,0.0002985576246972834,0.9996364777691455,False,False,False,1.0
2023-11-19,2023-11-20 00:00:00,0.2237318102154851,0.0,0.0,0.055932952553871276,0.0,0.0,0.055932952553871276,0.0,0.055932952553871276,0.055932952553871276,False,0.25,0.0,0.00042717873870379286,2.389336812394182e-05,0.0,4.7887801844067867e-08,2.3845480322097752e-05,1.0410729295776668,1.041097754461723,-0.15642780690170155,0.9999157564340471,0.0002796647627693564,0.9996360916712778,False,False,False,1.0
2023-11-20,2023-11-21 00:00:00,0.2241636386533965,0.0,0.0,0.056040909663349125,0.0,0.0,0.056040909663349125,0.0,0.056040909663349125,0.056040909663349125,False,0.25,0.0,0.003292108275966932,0.00018449274249542684,0.0,4.798023087615507e-08,0.00018444476226455069,1.0430914039256314,1.0432837966716486,-0.15465651845800887,0.9999911404260977,0.0002802045483167456,0.9997109358777809,False,False,False,1.0
2023-11-21,2023-11-22 00:00:00,0.22729393124086875,0.0,0.0,0.05682348281021719,0.0,0.0,0.05682348281021719,0.0,0.05682348281021719,0.05682348281021719,False,0.25,0.0,0.01162826202011158,0.0006607583470125117,0.0,4.865024213203526e-08,0.0006607096967703797,1.0410315344290357,1.0417193540584766,-0.15592414225271423,0.9999762392340226,0.0002841174140510859,0.9996921218199715,False,False,False,1.0
2023-11-22,2023-11-23 00:00:00,0.2213611942584111,0.0,0.0,0.05534029856460278,0.0,0.0,0.05534029856460278,0.0,0.05534029856460278,0.05534029856460278,False,0.25,0.0,0.0009842519685039353,5.4468797799805786e-05,0.0,4.738039260668046e-08,5.44214174071991e-05,1.0430222541786782,1.0430790169281379,-0.1548224457175723,0.9998940108078868,0.0002767014928230139,0.9996173093150638,False,False,False,1.0
2023-11-23,2023-11-24 00:00:00,0.21456607101315436,0.0,0.0,0.05364151775328859,0.0,0.0,0.05364151775328859,0.0,0.05364151775328859,0.05364151775328859,False,0.25,0.0,-0.0035435030895833997,-0.00019007888388872091,0.0,4.59259569805553e-08,-0.00019012480984570147,1.0435077974148832,1.0433094006933272,-0.1546357722402527,0.9997470391954804,0.00026820758876644295,0.9994788316067139,False,False,False,1.0
2023-11-24,2023-11-25 00:00:00,0.21650620509636878,0.0,0.0,0.054126551274092195,0.0,0.0,0.054126551274092195,0.0,0.054126551274092195,0.054126551274092195,False,0.25,0.0,-0.004478967202856787,-0.0002424310479604052,0.0,4.6341225405900855e-08,-0.00024247738918581108,1.045591338198594,1.0453378059407523,-0.15299221258821294,0.9997149953156362,0.000270632756370461,0.9994443625592657,False,False,False,1.0
2023-11-25,2023-11-26 00:00:00,0.23640545682271263,0.0,0.0,0.05910136420567816,0.0,0.0,0.05910136420567816,0.0,0.05910136420567816,0.05910136420567816,False,0.25,0.0,0.0011563200115629613,6.834009014169656e-05,0.0,5.060048305280664e-08,6.828948965864375e-05,1.044130902898945,1.0442022060654408,-0.15391235718865348,0.999999949399517,0.0002955068210283908,0.9997044425784886,False,False,False,1.0
2023-11-26,2023-11-27 00:00:00,0.22994493609397587,0.0,0.0,0.05748623402349397,0.0,0.0,0.05748623402349397,0.0,0.05748623402349397,0.05748623402349397,False,0.25,0.0,-0.0016147903189936974,-9.282821417654416e-05,0.0,4.921766611600511e-08,-9.287743184266017e-05,1.0439304663949982,1.0438335088142572,-0.15421110218876255,0.9998234660038844,0.00028743117011746985,0.999536034833767,False,False,False,1.0
2023-11-27,2023-11-28 00:00:00,0.22917546526522176,0.0,0.0,0.05729386631630544,0.0,0.0,0.05729386631630544,0.0,0.05729386631630544,0.05729386631630544,False,0.25,0.0,-0.007029023223535713,-0.00040271991690346147,0.0,4.905296773656288e-08,-0.000402768969871198,1.0424460731258909,1.0420262081948717,-0.15567550698701438,0.999507201260271,0.0002864693315815272,0.9992207319286895,False,False,False,1.0
2023-11-28,2023-11-29 00:00:00,0.22828120152164366,0.0,0.0,0.057070300380410915,0.0,0.0,0.057070300380410915,0.0,0.057070300380410915,0.057070300380410915,False,0.25,0.0,0.0005945420061124196,3.3930690877607885e-05,0.0,4.8861558544872355e-08,3.388182931906301e-05,1.0429771866597872,1.0430125246348094,-0.1548763225504315,0.9999116191745865,0.00028535150190205457,0.9996262676726845,False,False,False,1.0
2023-11-29,2023-11-30 00:00:00,0.22002268168106015,0.0,0.0,0.05500567042026504,0.0,0.0,0.05500567042026504,0.0,0.05500567042026504,0.05500567042026504,False,0.25,0.0,0.00018709995076315877,1.0291558227326128e-05,0.0,4.709389590776116e-08,1.0244464331418368e-05,1.0428678138248626,1.0428784974469838,-0.15498492100651728,0.9999474117930488,0.00027502835210132517,0.9996723834409474,False,False,False,1.0
2023-11-30,2023-12-01 00:00:00,0.21910524566870532,0.0,0.0,0.05477631141717633,0.0,0.0,0.05477631141717633,0.0,0.05477631141717633,0.05477631141717633,False,0.25,0.0,0.0015119949961337475,8.282150876943447e-05,0.0,4.6897526898267405e-08,8.27746112425362e-05,1.0428527821077382,1.0429391038413605,-0.1549358133518316,0.9998715392973453,0.00027388155708588167,0.9995976577402594,False,False,False,1.0
2023-12-01,2023-12-02 00:00:00,0.21967438464207453,0.0,0.0,0.05491859616051863,0.0,0.0,0.05491859616051863,0.0,0.05491859616051863,0.05491859616051863,False,0.25,0.0,0.0008516002386405042,4.676868959609915e-05,0.0,4.7019346027841295e-08,4.672167025007131e-05,1.0441966446375397,1.0442454312488465,-0.15387733303976214,0.9999996887507692,0.00027459298080259316,0.9997250957699666,False,False,False,1.0
2023-12-02,2023-12-03 00:00:00,0.22213694830225655,0.0,0.0,0.05553423707556414,0.0,0.0,0.05553423707556414,0.0,0.05553423707556414,0.05553423707556414,False,0.25,0.0,0.0019854401058900795,0.00011025990153983283,0.0,4.754643585236655e-08,0.00011021235510398046,1.0448017046761038,1.0449168547325929,-0.1533332974981867,0.9999970439189911,0.0002776711853778207,0.9997193727336133,False,False,False,1.0
2023-12-03,2023-12-04 00:00:00,0.2201050934231146,0.0,0.0,0.05502627335577865,0.0,0.0,0.05502627335577865,0.0,0.05502627335577865,0.05502627335577865,False,0.25,0.0,0.00043059741919337924,2.3694171294827695e-05,0.0,4.7111535407344735e-08,2.364705975942035e-05,1.0464186585447093,1.0464434032692613,-0.15209637820657396,0.9999800803577011,0.00027513136677889325,0.9997049489909222,False,False,False,1.0
2023-12-04,2023-12-05 00:00:00,0.2198333785509329,0.0,0.0,0.05495834463773323,0.0,0.0,0.05495834463773323,0.0,0.05495834463773323,0.05495834463773323,False,0.25,0.0,-0.0026602460051221577,-0.00014620271677065656,0.0,4.7053377258333246e-08,-0.00014624977014791489,1.047741484981921,1.047588253030568,-0.1511687386839886,0.9998036943844492,0.00027479172318866616,0.9995289026612605,False,False,False,1.0
2023-12-05,2023-12-06 00:00:00,0.2170706286292765,0.0,0.0,0.05426765715731913,0.0,0.0,0.05426765715731913,0.0,0.05426765715731913,0.05426765715731913,False,0.25,0.0,-0.0008562411461975339,-4.646620096583773e-05,0.0,4.646203523743076e-08,-4.651266300107516e-05,1.0480817615993112,1.0480330125255364,-0.15080836258965558,0.9998024113642252,0.00027133828578659565,0.9995310730784386,False,False,False,1.0
2023-12-06,2023-12-07 00:00:00,0.21538428527808284,0.0,0.0,0.05384607131952071,0.0,0.0,0.05384607131952071,0.0,0.05384607131952071,0.05384607131952071,False,0.25,0.0,5.7716726307388555e-05,3.1078189610769015e-06,0.0,4.610108845849376e-08,3.0617178726184076e-06,1.0475203883718678,1.0475235955837627,-0.15122112879237937,0.9999241709288608,0.0002692303565976036,0.9996549405722631,False,False,False,1.0
2023-12-07,2023-12-08 00:00:00,0.21713136374323908,0.0,0.0,0.10856568187161954,0.0,0.0,0.10856568187161954,0.0,0.10856568187161954,0.10856568187161954,False,0.5,0.0,-0.0005595489174881063,-6.074780976762284e-05,0.0,9.295007009556466e-08,-6.084075983771841e-05,1.0494070484179645,1.0493432016957598,-0.14974675319998743,0.999571401345646,0.0005428284093580977,0.999028572936288,False,False,False,1.0
2023-12-08,2023-12-09 00:00:00,0.21742842378247354,0.0,0.0,0.10871421189123677,0.0,0.0,0.10871421189123677,0.0,0.10871421189123677,0.10871421189123677,False,0.5,0.0,-0.005728498006465688,-0.0006227691460934381,0.0,9.307723620825065e-08,-0.0006228622233296464,1.0512244954168641,1.0505697273904302,-0.14875293396859401,0.9992159179533473,0.0005435710594561839,0.9986723468938911,False,False,False,1.0
2023-12-09,2023-12-10 00:00:00,0.21834964990318248,0.0,0.0,0.10917482495159124,0.0,0.0,0.10917482495159124,0.0,0.10917482495159124,0.10917482495159124,False,0.5,0.0,0.0018777870089354831,0.00020500706799690346,0.0,9.347159670512947e-08,0.00020491359640019833,1.0512046457019157,1.0514200518264192,-0.14806394002327217,0.9999503901485486,0.0005458741247579563,0.9994045160237907,False,False,False,1.0
2023-12-10,2023-12-11 00:00:00,0.21853548690595226,0.0,0.0,0.10926774345297613,0.0,0.0,0.10926774345297613,0.0,0.10926774345297613,0.10926774345297613,False,0.5,0.0,-0.0006967604885820267,-7.613344631455119e-05,0.0,9.355115021658915e-08,-7.622699746476778e-05,1.0509454108810707,1.0508653004678998,-0.14851343942726658,0.9998662086894681,0.0005463387172648807,0.9993198699722032,False,False,False,1.0
2023-12-11,2023-12-12 00:00:00,0.25812139894696645,0.0,0.0,0.06453034973674161,0.0,0.0,0.06453034973674161,0.0,0.06453034973674161,0.06453034973674161,False,0.25,0.0,0.0003560338727921497,2.2974990329403993e-05,0.0,5.524858710337467e-08,2.291974174230062e-05,1.0426752635981418,1.0426991614459045,-0.15513023191808495,0.9994796630083835,0.00032265174868370804,0.9991570112596998,False,False,False,1.0
2023-12-12,2023-12-13 00:00:00,0.2617661725712146,0.0,0.0,0.06544154314280365,0.0,0.0,0.06544154314280365,0.0,0.06544154314280365,0.06544154314280365,False,0.25,0.0,-0.0021149822614391356,-0.00013840770290823363,0.0,5.60287184441812e-08,-0.0001384637316266778,1.0420724576329234,1.0419281683918142,-0.15575494587862826,0.9997740268820184,0.00032720771571401826,0.9994468191663044,False,False,False,1.0
2023-12-13,2023-12-14 00:00:00,0.2299670631630787,0.0,0.0,0.05749176579076967,0.0,0.0,0.05749176579076967,0.0,0.05749176579076967,0.05749176579076967,False,0.25,0.0,-0.0019442294190715748,-0.00011177718240478715,0.0,4.922240221812472e-08,-0.00011182640480700528,1.042692256221286,1.0425756556949526,-0.1552303051501559,0.9998353899257241,0.00028745882895384837,0.9995479310967702,False,False,False,1.0
2023-12-14,2023-12-15 00:00:00,0.22891873379909314,0.0,0.0,0.057229683449773285,0.0,0.0,0.057229683449773285,0.0,0.057229683449773285,0.057229683449773285,False,0.25,0.0,-0.00047446666432360285,-2.715357700670963e-05,0.0,4.899801665220315e-08,-2.7202575023361834e-05,1.044150849953036,1.0441224463612047,-0.1539769842309605,0.9998832911896582,0.00028614841724886644,0.9995971427724094,False,False,False,1.0
2023-12-15,2023-12-16 00:00:00,0.23153449783872154,0.0,0.0,0.057883624459680386,0.0,0.0,0.057883624459680386,0.0,0.057883624459680386,0.057883624459680386,False,0.25,0.0,0.001170818361661885,6.77712103569348e-05,0.0,4.9557897653835945e-08,6.772165245928096e-05,1.0428955128146422,1.0429661394221126,-0.15491390718207088,0.9998612921036709,0.00028941812229840193,0.9995718739813725,False,False,False,1.0
2023-12-16,2023-12-17 00:00:00,0.23696972208925196,0.0,0.0,0.05924243052231299,0.0,0.0,0.05924243052231299,0.0,0.05924243052231299,0.05924243052231299,False,0.25,0.0,0.0018777717109030867,0.00011124376011994091,0.0,5.072125900882961e-08,0.00011119303886093208,1.043545324607884,1.0436613595837163,-0.1543505898625427,0.9999996862911285,0.00029621215261156495,0.9997034741385169,False,False,False,1.0
2023-12-17,2023-12-18 00:00:00,0.23399083962061687,0.0,0.0,0.05849770990515422,0.0,0.0,0.05849770990515422,0.0,0.05849770990515422,0.05849770990515422,False,0.25,0.0,0.0028703081068153224,0.00016790645097089515,0.0,5.0083655740714225e-08,0.00016785636731515445,1.042542920022348,1.042717917489673,-0.15511503442399,0.9999999499163442,0.0002924885495257711,0.9997074613668184,False,False,False,1.0
2023-12-18,2023-12-19 00:00:00,0.2357519081826821,0.0,0.0,0.058937977045670525,0.0,0.0,0.058937977045670525,0.0,0.058937977045670525,0.058937977045670525,False,0.25,0.0,-0.002485121664522638,-0.00014646804361933378,0.0,5.0460596785676813e-08,-0.00014651850421611945,1.0410197906217002,1.040867261959119,-0.15661456848588617,0.9997902029369018,0.00029468988522835264,0.9994955130516734,False,False,False,1.0
2023-12-19,2023-12-20 00:00:00,0.2485042179037692,0.0,0.0,0.0621260544759423,0.0,0.0,0.0621260544759423,0.0,0.0621260544759423,0.0621260544759423,False,0.25,0.0,-0.002861432080793369,-0.00017776948533057777,0.0,5.319011513351224e-08,-0.00017782267544571128,1.0421483359580805,1.041963018352769,-0.15572670793664245,0.9997625439995865,0.0003106302723797115,0.9994519137272068,False,False,False,1.0
2023-12-20,2023-12-21 00:00:00,0.2394409234135915,0.0,0.0,0.059860230853397874,0.0,0.0,0.059860230853397874,0.0,0.059860230853397874,0.059860230853397874,False,0.25,0.0,0.0014745911462161754,8.826936642687684e-05,0.0,5.125019764845708e-08,8.821811622922839e-05,1.043483946360936,1.0435760005489993,-0.154419753884661,0.9999268798482889,0.0002993011542669894,0.9996275786940219,False,False,False,1.0
2023-12-21,2023-12-22 00:00:00,0.2381071126414553,0.0,0.0,0.05952677816036382,0.0,0.0,0.05952677816036382,0.0,0.05952677816036382,0.05952677816036382,False,0.25,0.0,0.0007887283547842738,4.69504578040322e-05,0.0,5.096470732907861e-08,4.6899493096703124e-05,1.0431384060044309,1.0431873286669022,-0.1547346837657132,0.9998020101734143,0.00029763389080181914,0.9995043762826125,False,False,False,1.0
2023-12-22,2023-12-23 00:00:00,0.2438530253727989,0.0,0.0,0.060963256343199726,0.0,0.0,0.060963256343199726,0.0,0.060963256343199726,0.060963256343199726,False,0.25,0.0,-0.0016305283083806188,-9.940231523865147e-05,0.0,5.219456878698607e-08,-9.945450980743847e-05,1.0457671027572362,1.0456630965026588,-0.15272863880609155,0.9997948485692396,0.00030481628171599864,0.9994900322875236,False,False,False,1.0
2023-12-23,2023-12-24 00:00:00,0.2514353671007459,0.0,0.0,0.06285884177518647,0.0,0.0,0.06285884177518647,0.0,0.06285884177518647,0.06285884177518647,False,0.25,0.0,-0.0010489235422148635,-6.593411897435223e-05,0.0,5.3817501519851426e-08,-6.598793647587209e-05,1.0447362120515329,1.044667272064738,-0.15353552730569442,0.9999153307298146,0.00031429420887593235,0.9996010365209387,False,False,False,1.0
2023-12-24,2023-12-25 00:00:00,0.24377136214585882,0.0,0.0,0.060942840536464704,0.0,0.0,0.060942840536464704,0.0,0.060942840536464704,0.060942840536464704,False,0.25,0.0,-0.0016197434535367705,-9.871176699887404e-05,0.0,5.2177089500397866e-08,-9.876394408837444e-05,1.0449790763088949,1.0448758700538288,-0.1533665062292595,0.9998892951163553,0.00030471420268232354,0.999584580913673,False,False,False,1.0
2023-12-25,2023-12-26 00:00:00,0.24053521046226667,0.0,0.0,0.06013380261556667,0.0,0.0,0.06013380261556667,0.0,0.06013380261556667,0.06013380261556667,False,0.25,0.0,-0.002402766451973126,-0.00014448748355425743,0.0,5.1484420047574196e-08,-0.000144538967974305,1.0448877246271464,1.0447366976337797,-0.153479273722126,0.9998179624655135,0.00030066901307783335,0.9995172934524357,False,False,False,1.0
2023-12-26,2023-12-27 00:00:00,0.25005791420807144,0.0,0.0,0.06251447855201786,0.0,0.0,0.06251447855201786,0.0,0.06251447855201786,0.06251447855201786,False,0.25,0.0,-0.00483471351085929,-0.00030223959407976405,0.0,5.3522669993165976e-08,-0.00030229311674975724,1.0433701209908601,1.0430547173850622,-0.15484213495305077,0.9995679364204183,0.0003125723927600893,0.9992553640276582,False,False,False,1.0
2023-12-27,2023-12-28 00:00:00,0.25412310883732103,0.0,0.0,0.06353077720933026,0.0,0.0,0.06353077720933026,0.0,0.06353077720933026,0.06353077720933026,False,0.25,0.0,-0.004317892052698613,-0.0002743190380139333,0.0,5.439278870661837e-08,-0.0002743734308026399,1.0466535868510074,1.0463664129155212,-0.152158761322159,0.9996967366705088,0.0003176538860466513,0.9993790827844622,False,False,False,1.0
2023-12-28,2023-12-29 00:00:00,0.24700256179361324,0.0,0.0,0.06175064044840331,0.0,0.0,0.06175064044840331,0.0,0.06175064044840331,0.06175064044840331,False,0.25,0.0,-0.00010594656902629396,-6.542268490684621e-06,0.0,5.286869901404393e-08,-6.595137189698665e-06,1.0464242329239868,1.046417331612612,-0.15211750333577834,0.9998659614726118,0.0003087532022420166,0.9995572082703698,False,False,False,1.0
2023-12-29,2023-12-30 00:00:00,0.23896227507195097,0.0,0.0,0.059740568767987744,0.0,0.0,0.059740568767987744,0.0,0.059740568767987744,0.059740568767987744,False,0.25,0.0,-0.0066074218249801975,-0.00039473113791433257,0.0,5.1147747232866216e-08,-0.0003947822856615654,1.046002412032959,1.045589468809929,-0.1527882972521526,0.9993448685594221,0.0002987028438399387,0.9990461657155821,False,False,False,1.0
2023-12-30,2023-12-31 00:00:00,0.23999502320741073,0.0,0.0,0.05999875580185268,0.0,0.0,0.05999875580185268,0.0,0.05999875580185268,0.05999875580185268,False,0.25,0.0,0.0026007464142208114,0.00015604154900937848,0.0,5.1368797775558805e-08,0.0001559901802116029,1.0450501386760478,1.04521315623551,-0.1530932127342316,0.9999138657099987,0.0002999937790092634,0.9996138719309895,False,False,False,1.0
2023-12-31,2024-01-01 00:00:00,0.23761302659020028,0.0,0.0,0.05940325664755007,0.0,0.0,0.05940325664755007,0.0,0.05940325664755007,0.05940325664755007,False,0.25,0.0,-0.0008254588899750948,-4.903494629319235e-05,0.0,5.085895260920383e-08,-4.908580524580155e-05,1.0449153262806095,1.0448640357704053,-0.15337609521586382,0.999836327267627,0.00029701628323775036,0.9995393109843892,False,False,False,1.0
2024-01-01,2024-01-02 00:00:00,0.23678701100596883,0.0,0.0,0.05919675275149221,0.0,0.0,0.05919675275149221,0.0,0.05919675275149221,0.05919675275149221,False,0.25,0.0,-0.001177399112422206,-6.96982041478837e-05,0.0,5.0682151328332366e-08,-6.974888629921204e-05,1.0453739916383005,1.0453010779666176,-0.15302197223139347,0.9998424262703789,0.000295983763757461,0.9995464425066214,False,False,False,1.0
2024-01-02,2024-01-03 00:00:00,0.23895046321072264,0.0,0.0,0.05973761580268066,0.0,0.0,0.05973761580268066,0.0,0.05973761580268066,0.05973761580268066,False,0.25,0.0,-0.004824352215698657,-0.00028819529915821755,0.0,5.1145219009144395e-08,-0.0002882464443772267,1.0467367077628746,1.0464349896286629,-0.15210319554262253,0.9996835139462564,0.0002986880790134033,0.999384825867243,False,False,False,1.0
2024-01-03,2024-01-04 00:00:00,0.23941297006609336,0.0,0.0,0.05985324251652334,0.0,0.0,0.05985324251652334,0.0,0.05985324251652334,0.05985324251652334,False,0.25,0.0,0.010917050275295326,0.000653420857692329,0.0,5.1244214483324776e-08,0.0006533696134778457,1.0426769815355263,1.0433582349919344,-0.1545962031832665,0.9999091883555438,0.0002992662125826167,0.9996099221429612,False,False,False,1.0
2024-01-04,2024-01-05 00:00:00,-0.24215992583591583,0.0,0.0,-0.06053998145897896,0.0,0.0,0.0,0.06053998145897896,0.06053998145897896,-0.06053998145897896,False,0.25,0.0,0.0011999736269532324,-7.264638112701242e-05,0.0,5.183217590666006e-08,-7.269821330291908e-05,1.0420080712824429,1.0419323191574135,-0.15575158263014888,0.9998841929451492,0.0003026999072948948,0.9995814930378543,False,False,False,-1.0
2024-01-05,2024-01-06 00:00:00,-0.22423250591647514,0.0,0.0,-0.056058126479118786,0.0,0.0,0.0,0.056058126479118786,0.056058126479118786,-0.056058126479118786,False,0.25,0.0,-0.0007497564413955216,4.2029941420284156e-05,0.0,4.7994971300615396e-08,4.198194644898354e-05,1.0432275324434273,1.0432713291658284,-0.15466662052688962,0.9999176538562596,0.00028029063239559394,0.9996373632238641,False,False,False,-1.0
2024-01-06,2024-01-07 00:00:00,-0.22280294645825843,0.0,0.0,-0.05570073661456461,0.0,0.0,0.0,0.05570073661456461,0.05570073661456461,-0.05570073661456461,False,0.25,0.0,0.0021011777301926937,-0.00011703714732985193,0.0,4.768898682753819e-08,-0.00011708483631667946,1.0428379724801575,1.0427158719668448,-0.15511669185353583,0.9998314784556211,0.00027850368307282306,0.9995529747725483,False,False,False,-1.0
2024-01-07,2024-01-08 00:00:00,-0.2199435071101389,0.0,0.0,-0.05498587677753473,0.0,0.0,0.0,0.05498587677753473,0.05498587677753473,-0.05498587677753473,False,0.25,0.0,0.0018458056200514328,-0.00010149324037942917,0.0,4.707694929583453e-08,-0.000101540317328725,1.043207192261856,1.0431012646725142,-0.1548044189968013,0.9998354894240417,0.00027492938388767364,0.999560560040154,False,False,False,-1.0
2024-01-08,2024-01-09 00:00:00,-0.22580203234451718,0.0,0.0,-0.056450508086129295,0.0,0.0,0.0,0.056450508086129295,0.056450508086129295,-0.056450508086129295,False,0.25,0.0,-0.0013812276210335428,7.797100098993913e-05,0.0,4.833091445730248e-08,7.792267007548183e-05,1.04195630012282,1.0420374921398277,-0.15566636392417277,0.9999463155664937,0.0002822525404306465,0.999664063026063,False,False,False,-1.0
2024-01-09,2024-01-10 00:00:00,-0.22658933220580982,0.0,0.0,-0.056647333051452455,0.0,0.0,0.0,0.056647333051452455,0.056647333051452455,-0.056647333051452455,False,0.25,0.0,-0.004121036701052794,0.00023344573852179652,0.0,4.8499428982407924e-08,0.0002333972390928141,1.0421031045876987,1.0423463285751595,-0.15541612245746605,0.999999951500571,0.0002832366652572623,0.9997167148353137,False,False,False,-1.0
2024-01-10,2024-01-11 00:00:00,-0.2245908599114114,0.0,0.0,-0.05614771497785285,0.0,0.0,0.0,0.05614771497785285,0.05614771497785285,-0.05614771497785285,False,0.25,0.0,0.0036097680898139473,-0.00020268022984302184,0.0,4.807167378240826e-08,-0.00020272830151680426,1.0376860298594168,1.0374756615330758,-0.1593626868035457,0.9996737310816549,0.0002807385748892642,0.9993929925067656,False,False,False,-1.0
2024-01-11,2024-01-12 00:00:00,0.22454258406681835,0.0,0.0,0.056135646016704586,0.0,0.0,0.056135646016704586,0.0,0.056135646016704586,0.056135646016704586,False,0.25,0.0,-0.00164954122134775,-9.259806209153985e-05,0.0,4.806134076772653e-08,-9.264612343230757e-05,1.0418331591611838,1.0417366373577244,-0.1559101380820319,0.9995238864388784,0.00028067823008352295,0.9992432082087949,False,False,False,1.0
2024-01-12,2024-01-13 00:00:00,0.2059942899383834,0.0,0.0,0.05149857248459585,0.0,0.0,0.05149857248459585,0.0,0.05149857248459585,0.05149857248459585,False,0.25,0.0,-0.0019377287858283188,-9.979026633246757e-05,0.0,4.409124356557864e-08,-9.983435757603315e-05,1.042494340938565,1.0423902641857608,-0.15538052266942393,0.9997075743112921,0.00025749286242297923,0.9994500814488692,False,False,False,1.0
2024-01-13,2024-01-14 00:00:00,0.18994631694504477,0.0,0.0,0.04748657923626119,0.0,0.0,0.04748657923626119,0.0,0.04748657923626119,0.04748657923626119,False,0.25,0.0,0.0014686295264840776,6.97401923780989e-05,0.0,4.065631783926472e-08,6.969953606025964e-05,1.0408013765606634,1.0408739199337407,-0.15660917371653904,0.9998311732397883,0.00023743289618130596,0.999593740343607,False,False,False,1.0
2024-01-14,2024-01-15 00:00:00,0.1898628842969764,0.0,0.0,0.0474657210742441,0.0,0.0,0.0474657210742441,0.0,0.0474657210742441,0.0474657210742441,False,0.25,0.0,-0.0011453987247106445,-5.436717638591036e-05,0.0,4.063845982383913e-08,-5.44078148457342e-05,1.0404245310463796,1.0403679238211334,-0.15701916811771988,0.9999454053563694,0.0002373286053712205,0.9997080767509983,False,False,False,1.0
2024-01-15,2024-01-16 00:00:00,0.18605456162110603,0.0,0.0,0.04651364040527651,0.0,0.0,0.04651364040527651,0.0,0.04651364040527651,0.04651364040527651,False,0.25,0.0,-0.0016474856986330444,-7.663055735905317e-05,0.0,3.9823322264791534e-08,-7.667038068131797e-05,1.0400239663821884,1.0399442273487682,-0.15736247743797283,0.9997999821197624,0.00023256820202638255,0.9995674139177361,False,False,False,1.0
2024-01-16,2024-01-17 00:00:00,0.18739579958767194,0.0,0.0,0.046848949896917985,0.0,0.0,0.046848949896917985,0.0,0.046848949896917985,0.046848949896917985,False,0.25,0.0,-0.0005700119077830523,-2.6704459308374853e-05,0.0,4.011040230900512e-08,-2.6744569710683858e-05,1.0408531149359264,1.0408252777672353,-0.15664858709429352,0.9998115654163948,0.00023424474948458994,0.9995773206669102,False,False,False,1.0
2024-01-17,2024-01-18 00:00:00,0.18693818156088332,0.0,0.0,0.04673454539022083,0.0,0.0,0.04673454539022083,0.0,0.04673454539022083,0.04673454539022083,False,0.25,0.0,-0.0019647909462433555,-9.182361165950503e-05,0.0,4.001245324505208e-08,-9.186362411275009e-05,1.0405415039865018,1.0404459160729058,-0.15695597319237276,0.9998411051393759,0.00023367272695110417,0.9996074324124248,False,False,False,1.0
2024-01-18,2024-01-19 00:00:00,0.1877552949895937,0.0,0.0,0.046938823747398425,0.0,0.0,0.046938823747398425,0.0,0.046938823747398425,0.046938823747398425,False,0.25,0.0,-0.0009532549106471278,-4.4744664237207566e-05,0.0,4.0187349098800024e-08,-4.4784851586306365e-05,1.0402247654287575,1.0401781791170215,-0.15717291290824564,0.9999409191353587,0.00023469411873699213,0.9997062250166217,False,False,False,1.0
2024-01-19,2024-01-20 00:00:00,0.19234543825734346,0.0,0.0,0.048086359564335865,0.0,0.0,0.048086359564335865,0.0,0.048086359564335865,0.048086359564335865,False,0.25,0.0,-0.0012609215674348473,-6.0633127874098036e-05,0.0,4.116982839412317e-08,-6.0674297702492156e-05,1.0390057293327217,1.0389426883897857,-0.15817399625307116,0.9999186597487455,0.00024043179782167934,0.9996782279509239,False,False,False,1.0
2024-01-20,2024-01-21 00:00:00,0.19244918264863303,0.0,0.0,0.04811229566215826,0.0,0.0,0.04811229566215826,0.0,0.04811229566215826,0.04811229566215826,False,0.25,0.0,-0.0014184742080861623,-6.824605048858724e-05,0.0,4.1192033957327274e-08,-6.828724252254456e-05,1.0390337799473681,1.0389628271956477,-0.15815767834579053,0.9999153337053601,0.00024056147831079129,0.9996747722270494,False,False,False,1.0
2024-01-21,2024-01-22 00:00:00,0.1908286108722085,0.0,0.0,0.04770715271805213,0.0,0.0,0.04770715271805213,0.0,0.04770715271805213,0.04770715271805213,False,0.25,0.0,0.0010422961337708259,4.972498083124008e-05,0.0,4.08451649983323e-08,4.968413566624175e-05,1.038996435944244,1.0390480575841243,-0.158088618562098,0.9999587474002939,0.00023853576359026063,0.9997202116367037,False,False,False,1.0
2024-01-22,2024-01-23 00:00:00,0.1911973302773548,0.0,0.0,0.0477993325693387,0.0,0.0,0.0477993325693387,0.0,0.0477993325693387,0.0477993325693387,False,0.25,0.0,0.004715467747382407,0.00022539621107712208,0.0,4.0924086103885875e-08,0.0002253552869910182,1.0370175234407468,1.0372512208223565,-0.15954454479118474,0.9999779642800254,0.00023899666284669352,0.9997389676171787,False,False,False,1.0
2024-01-23,2024-01-24 00:00:00,0.19690140550865737,0.0,0.0,0.04922535137716434,0.0,0.0,0.04922535137716434,0.0,0.04922535137716434,0.04922535137716434,False,0.25,0.0,-0.0028667457493081194,-0.00014111656681868446,0.0,4.2144992617435226e-08,-0.00014115871181130188,1.0338686017659235,1.0337226622059161,-0.16240363647377654,0.9997316594293788,0.0002461267568858217,0.999485532672493,False,False,False,1.0
2024-01-24,2024-01-25 00:00:00,0.19170186235742984,0.0,0.0,0.04792546558935746,0.0,0.0,0.04792546558935746,0.0,0.04792546558935746,0.04792546558935746,False,0.25,0.0,-0.0011086325821749732,-5.3131732668267185e-05,0.0,4.1032076703217e-08,-5.3172764744970405e-05,1.0341207432155104,1.0340657561565136,-0.16212563710714267,0.9999039790637483,0.0002396273279467873,0.9996643517358015,False,False,False,1.0
2024-01-25,2024-01-26 00:00:00,0.17358066421850196,0.0,0.0,0.04339516605462549,0.0,0.0,0.04339516605462549,0.0,0.04339516605462549,0.04339516605462549,False,0.25,0.0,-0.001610364727082092,-6.988204474023904e-05,0.0,3.7153395594713603e-08,-6.991919813583376e-05,1.033197266830064,1.033125026505651,-0.16288788385226316,0.9998043723077847,0.00021697583027312746,0.9995873964775116,False,False,False,1.0
2024-01-26,2024-01-27 00:00:00,0.17338747861972317,0.0,0.0,0.04334686965493079,0.0,0.0,0.04334686965493079,0.0,0.04334686965493079,0.04334686965493079,False,0.25,0.0,0.0003146354217444802,1.3638460615182163e-05,0.0,3.7112045937440744e-08,1.3601348569244722e-05,1.034506537212098,1.0345206078961078,-0.16175708355118734,0.999913521940393,0.00021673434827465396,0.9996967875921183,False,False,False,1.0
2024-01-27,2024-01-28 00:00:00,0.17412249434334914,0.0,0.0,0.043530623585837286,0.0,0.0,0.043530623585837286,0.0,0.043530623585837286,0.043530623585837286,False,0.25,0.0,-0.001003401884459243,-4.36787097377151e-05,0.0,3.726936950842233e-08,-4.3715979107223524e-05,1.034818313298788,1.034773075203024,-0.16155251640187962,0.9999277396009326,0.00021765311792918643,0.9997100864830034,False,False,False,1.0
2024-01-28,2024-01-29 00:00:00,0.17931539531152232,0.0,0.0,0.04482884882788058,0.0,0.0,0.04482884882788058,0.0,0.04482884882788058,0.04482884882788058,False,0.25,0.0,0.002030277618396248,9.101500843371481e-05,0.0,3.83808637225005e-08,9.09766275699923e-05,1.0346868448540023,1.0347809771737382,-0.16154611365752958,0.9999338768086649,0.0002241442441394029,0.9997097325645254,False,False,False,1.0
2024-01-29,2024-01-30 00:00:00,0.1793937419929596,0.0,0.0,0.0448484354982399,0.0,0.0,0.0448484354982399,0.0,0.0448484354982399,0.0448484354982399,False,0.25,0.0,0.009375263318949889,0.0004204658922389386,0.0,3.83976331320547e-08,0.0004204274946058066,1.034466615171911,1.0349015333791811,-0.16144843035912537,0.9999812653895614,0.0002242421774911995,0.9997570232120703,False,False,False,1.0
2024-01-30,2024-01-31 00:00:00,0.17994899008374193,0.0,0.0,0.04498724752093548,0.0,0.0,0.04498724752093548,0.0,0.04498724752093548,0.04498724752093548,False,0.25,0.0,0.0036744844145262245,0.00016530493986811095,0.0,3.851647904189682e-08,0.00016526642338906904,1.0360452042602695,1.036216427745647,-0.16038300848144038,0.9999845304506279,0.00022493623760467743,0.9997595942130232,False,False,False,1.0
2024-01-31,2024-02-01 00:00:00,0.18002079266209503,0.0,0.0,0.04500519816552376,0.0,0.0,0.04500519816552376,0.0,0.04500519816552376,0.04500519816552376,False,0.25,0.0,0.0020780092413330564,9.352121769598388e-05,0.0,3.853184774445527e-08,9.348268584823943e-05,1.0358927280812096,1.0359895661156813,-0.1605668280717717,0.9998487397890207,0.0002250259908276188,0.999623713798193,False,False,False,1.0
2024-02-01,2024-02-02 00:00:00,0.17739986743980263,0.0,0.0,0.04434996685995066,0.0,0.0,0.04434996685995066,0.0,0.04434996685995066,0.04434996685995066,False,0.25,0.0,-0.003344612691237314,-0.00014833346201574527,0.0,3.797086203762899e-08,-0.00014837143287778291,1.0353484071824042,1.0351947910557027,-0.16121081192198428,0.9998243954705803,0.0002217498342997533,0.9996026456362805,False,False,False,1.0
2024-02-02,2024-02-03 00:00:00,0.17744778622093443,0.0,0.0,0.04436194655523361,0.0,0.0,0.04436194655523361,0.0,0.04436194655523361,0.04436194655523361,False,0.25,0.0,-0.001260190495919522,-5.5904503429395175e-05,0.0,3.7981118626056165e-08,-5.594248454802123e-05,1.0357676907485551,1.0357097473305201,-0.16079355735368295,0.9998619238443177,0.00022180973277616804,0.9996401141115415,False,False,False,1.0
2024-02-03,2024-02-04 00:00:00,0.17757559708280335,0.0,0.0,0.04439389927070084,0.0,0.0,0.04439389927070084,0.0,0.04439389927070084,0.04439389927070084,False,0.25,0.0,-0.002208939708939872,-9.806344693372791e-05,0.0,3.8008475402997294e-08,-9.810145540913091e-05,1.0356026178079272,1.0355010236838946,-0.16096268024687976,0.999898052919221,0.0002219694963535042,0.9996760834228674,False,False,False,1.0
2024-02-04,2024-02-05 00:00:00,0.18678255819116946,0.0,0.0,0.046695639547792364,0.0,0.0,0.046695639547792364,0.0,0.046695639547792364,0.046695639547792364,False,0.25,0.0,-0.00019546181110563499,-9.12721427674741e-06,0.0,3.997914344845236e-08,-9.167193420195862e-06,1.0354615797814866,1.0354520875049056,-0.1610023318546705,0.9999691303192996,0.00023347819773896183,0.9997356521215606,False,False,False,1.0
2024-02-05,2024-02-06 00:00:00,0.1876927085084777,0.0,0.0,0.04692317712711942,0.0,0.0,0.04692317712711942,0.0,0.04692317712711942,0.04692317712711942,False,0.25,0.0,-0.0026041666666666297,-0.00012219577376853844,0.0,4.017395301979402e-08,-0.00012223594772155824,1.0355040248512672,1.0353774490354202,-0.1610628093046731,0.9997793964543947,0.00023461588563559712,0.9995447805687592,False,False,False,1.0
2024-02-06,2024-02-07 00:00:00,0.19001700255021955,0.0,0.0,0.04750425063755489,0.0,0.0,0.04750425063755489,0.0,0.04750425063755489,0.04750425063755489,False,0.25,0.0,-6.825996808845769e-05,-3.2426386325855925e-06,0.0,4.0671447463660006e-08,-3.2833100800492525e-06,1.0363555369850437,1.0363521343084625,-0.16027304927509156,0.9998901149448737,0.00023752125318777446,0.9996525936916859,False,False,False,1.0
2024-02-07,2024-02-08 00:00:00,0.19027487934614895,0.0,0.0,0.04756871983653724,0.0,0.0,0.04756871983653724,0.0,0.04756871983653724,0.04756871983653724,False,0.25,0.0,0.0003968052952401102,1.8875519918931246e-05,0.0,4.072664369566544e-08,1.883479327523558e-05,1.0368816184384368,1.036901147889371,-0.1598281990307192,0.9999614050199048,0.0002378435991826862,0.9997235614207222,False,False,False,1.0
2024-02-08,2024-02-09 00:00:00,0.189122688481124,0.0,0.0,0.047280672120281,0.0,0.0,0.047280672120281,0.0,0.047280672120281,0.047280672120281,False,0.25,0.0,-0.0015990234971009487,-7.560290567905505e-05,0.0,4.048002750024059e-08,-7.56433857065553e-05,1.0386947506991226,1.0386161803114642,-0.15843855655445838,0.9998508698204781,0.000236403360601405,0.9996144664598767,False,False,False,1.0
2024-02-09,2024-02-10 00:00:00,0.18980466724915077,0.0,0.0,0.04745116681228769,0.0,0.0,0.04745116681228769,0.0,0.04745116681228769,0.04745116681228769,False,0.25,0.0,-0.0018244159668404647,-8.657066637754802e-05,0.0,4.0625998983123026e-08,-8.661129237653115e-05,1.0395344137962006,1.0394443783771519,-0.15776749098391252,0.9998668759592407,0.00023725583406143845,0.9996296201251793,False,False,False,1.0
2024-02-10,2024-02-11 00:00:00,0.18572342906538214,0.0,0.0,0.046430857266345535,0.0,0.0,0.046430857266345535,0.0,0.046430857266345535,0.046430857266345535,False,0.25,0.0,-0.0009988527233780742,-4.637758822926788e-05,0.0,3.97524462896794e-08,-4.641734067555756e-05,1.0394103435563804,1.0393620968923618,-0.15783416135398898,0.9999096263909625,0.00023215428633172768,0.9996774721046308,False,False,False,1.0
2024-02-11,2024-02-12 00:00:00,0.21592271703590948,0.0,0.0,0.05398067925897737,0.0,0.0,0.05398067925897737,0.0,0.05398067925897737,0.05398067925897737,False,0.25,0.0,-0.0007048703755325736,-3.804938166077879e-05,0.0,4.621633498200117e-08,-3.8095597995760786e-05,1.0398203906297694,1.0397807780501802,-0.1574949158018819,0.9999619044020043,0.0002699033962948869,0.9996920010057094,False,False,False,1.0
2024-02-12,2024-02-13 00:00:00,0.24844473201547046,0.0,0.0,0.062111183003867615,0.0,0.0,0.062111183003867615,0.0,0.062111183003867615,0.062111183003867615,False,0.25,0.0,0.0029474938463227573,0.00018307232969172642,0.0,5.317738270879076e-08,0.00018301915230901762,1.0408689344883288,1.0410594334383838,-0.1564588573477922,0.9999291036737605,0.0003105559150193381,0.9996185477587411,False,False,False,1.0
2024-02-13,2024-02-14 00:00:00,0.24952776012681172,0.0,0.0,0.06238194003170293,0.0,0.0,0.06238194003170293,0.0,0.06238194003170293,0.06238194003170293,False,0.25,0.0,-0.0032150444388062693,-0.0002005607093808727,0.0,5.3409195232622364e-08,-0.00020061411857610532,1.0431364487479517,1.0429271808487317,-0.15494547421700688,0.9997785974922302,0.00031190970015851463,0.9994666877920717,False,False,False,1.0
2024-02-14,2024-02-15 00:00:00,0.25491029498189416,0.0,0.0,0.06372757374547354,0.0,0.0,0.06372757374547354,0.0,0.06372757374547354,0.06372757374547354,False,0.25,0.0,-7.63580830485111e-05,-4.866115368536985e-06,0.0,5.456127889167255e-08,-4.920676647428657e-06,1.04587072424111,1.045865577849461,-0.1525645738726581,0.9998066911426563,0.0003186378687273677,0.999488053273929,False,False,False,1.0
2024-02-15,2024-02-16 00:00:00,0.24860398513204152,0.0,0.0,0.06215099628301038,0.0,0.0,0.06215099628301038,0.0,0.06215099628301038,0.06215099628301038,False,0.25,0.0,-0.0005055540235736622,-3.142068623998762e-05,0.0,5.3211469420385595e-08,-3.1473897709408005e-05,1.0477096302324738,1.0476766547267427,-0.15109710927897257,0.99970156013179,0.00031075498141505193,0.9993908051503749,False,False,False,1.0
2024-02-16,2024-02-17 00:00:00,0.23476711413113227,0.0,0.0,0.05869177853278307,0.0,0.0,0.05869177853278307,0.0,0.05869177853278307,0.05869177853278307,False,0.25,0.0,-0.0005507579220946912,-3.232496198875741e-05,0.0,5.0249810387656734e-08,-3.2375211799145063e-05,1.0465920311436254,1.04655814750495,-0.15200340418359637,0.9998271274043935,0.00029345889266391536,0.9995336685117295,False,False,False,1.0
2024-02-17,2024-02-18 00:00:00,0.2317549570376978,0.0,0.0,0.05793873925942445,0.0,0.0,0.05793873925942445,0.0,0.05793873925942445,0.05793873925942445,False,0.25,0.0,-0.00019958920911855582,-1.1563947146114747e-05,0.0,4.960508498238395e-08,-1.1613552231097131e-05,1.046114897574632,1.0461027484646293,-0.15237240120191842,0.9998855724449607,0.0002896936962971223,0.9995958787486635,False,False,False,1.0
2024-02-18,2024-02-19 00:00:00,0.22929911220157068,0.0,0.0,0.05732477805039267,0.0,0.0,0.05732477805039267,0.0,0.05732477805039267,0.05732477805039267,False,0.25,0.0,0.0011340820176672928,6.501099995371906e-05,0.0,4.9079433262322485e-08,6.496192052045674e-05,1.0471597933970964,1.0472278189083672,-0.15146078830337284,0.9999339177350791,0.00028662389025196336,0.9996472938448272,False,False,False,1.0
2024-02-19,2024-02-20 00:00:00,0.2289938620530204,0.0,0.0,0.0572484655132551,0.0,0.0,0.0572484655132551,0.0,0.0572484655132551,0.0572484655132551,False,0.25,0.0,0.0014112917105544298,8.079428482081808e-05,0.0,4.901409718600608e-08,8.074527072363207e-05,1.0487391102091055,1.0488237909324778,-0.15016761711485316,0.9998702860117269,0.0002862423275662755,0.9995840436841607,False,False,False,1.0
2024-02-20,2024-02-21 00:00:00,0.2334468379498329,0.0,0.0,0.058361709487458224,0.0,0.0,0.058361709487458224,0.0,0.058361709487458224,0.058361709487458224,False,0.25,0.0,-0.0009356134072717737,-5.4603997867766185e-05,0.0,4.996721702693341e-08,-5.465396508479312e-05,1.047565022583541,1.0475077690013725,-0.15123395262641315,0.9997877118658882,0.00029180854743729115,0.999495903318451,False,False,False,1.0
2024-02-21,2024-02-22 00:00:00,0.22660927921179788,0.0,0.0,0.05665231980294947,0.0,0.0,0.05665231980294947,0.0,0.05665231980294947,0.05665231980294947,False,0.25,0.0,0.0013017345011161474,7.374627925576487e-05,0.0,4.850369846142934e-08,7.369777555730345e-05,1.0469431061410446,1.0470202635191022,-0.15162896459052877,0.9999254268921987,0.00028326159901474735,0.999642165293184,False,False,False,1.0
2024-02-22,2024-02-23 00:00:00,0.22671409731213663,0.0,0.0,0.056678524328034156,0.0,0.0,0.056678524328034156,0.0,0.056678524328034156,0.056678524328034156,False,0.25,0.0,0.0012035267692513951,6.821412127045555e-05,0.0,4.8526133842494995e-08,6.816559513661305e-05,1.0482183362332271,1.0482897886599496,-0.1506003041187638,0.9998794841956337,0.0002833926216401708,0.9995960915739935,False,False,False,1.0
2024-02-23,2024-02-24 00:00:00,0.2400066558533944,0.0,0.0,0.0600016639633486,0.0,0.0,0.0600016639633486,0.0,0.0600016639633486,0.0600016639633486,False,0.25,0.0,-0.004366603506256284,-0.0002620034762435693,0.0,5.137128763985325e-08,-0.0002620548475312091,1.0467373908612478,1.0464630882538806,-0.1520804280178667,0.999672188220589,0.000300008319816743,0.9993721799007723,False,False,False,1.0
2024-02-24,2024-02-25 00:00:00,0.31322788675602836,0.0,0.0,0.07830697168900709,0.0,0.0,0.07830697168900709,0.0,0.07830697168900709,0.07830697168900709,False,0.25,0.0,-0.0010005746543623184,-7.835197113188812e-05,0.0,6.704364014469785e-08,-7.841901477203281e-05,1.047672198377795,1.0475900409561942,-0.15116728997820172,0.9998802873788206,0.00039153485844503546,0.9994887525203756,False,False,False,1.0
2024-02-25,2024-02-26 00:00:00,0.29455751592012863,0.0,0.0,0.14727875796006432,0.0,0.0,0.14727875796006432,0.0,0.14727875796006432,0.14727875796006432,False,0.5,0.0,-0.002059158171546116,-0.000303270257948629,0.0,1.2609482702060302e-07,-0.0003033963527756496,1.0498610275544218,1.0495425035477404,-0.1495852645216733,0.9992856434728385,0.0007363937898003216,0.9985492496830383,False,False,False,1.0
2024-02-26,2024-02-27 00:00:00,0.30962939134812256,0.0,0.0,0.15481469567406128,0.0,0.0,0.15481469567406128,0.0,0.15481469567406128,0.15481469567406128,False,0.5,0.0,0.011836316247858747,0.0018324356978141989,0.0,1.3254682848806614e-07,0.0018323031509857109,1.0531616086662214,1.0550913200002778,-0.14508921480500958,0.9999993699142907,0.0007740734783703064,0.9992252964359204,False,False,False,1.0
2024-02-27,2024-02-28 00:00:00,0.31075585627326685,0.0,0.0,0.15537792813663343,0.0,0.0,0.15537792813663343,0.0,0.15537792813663343,0.15537792813663343,False,0.5,0.0,-0.004615806518209031,-0.000717194453478887,0.0,1.3302904806218615e-07,-0.0007173274825269492,1.0601132534758324,1.0593528051045231,-0.14163625342857988,0.9988015106845316,0.0007768896406831671,0.9980246210438485,False,False,False,1.0
2024-02-28,2024-02-29 00:00:00,0.30155855259081654,0.0,0.0,0.15077927629540827,0.0,0.0,0.15077927629540827,0.0,0.15077927629540827,0.15077927629540827,False,0.5,0.0,-0.00039395341202452805,-5.940001035916513e-05,0.0,1.29091846143329e-07,-5.952910220530846e-05,1.0652369036988156,1.0651734911023025,-0.1369199154752606,0.9998005208733879,0.0007538963814770414,0.9990466244919108,False,False,False,1.0
2024-02-29,2024-03-01 00:00:00,0.3002138351295163,0.0,0.0,0.15010691756475816,0.0,0.0,0.15010691756475816,0.0,0.15010691756475816,0.15010691756475816,False,0.5,0.0,-0.0005561046168209849,-8.3475149874529e-05,0.0,1.2851619654516966e-07,-8.360366607107417e-05,1.0710797423538971,1.070990196160782,-0.1322068031649527,0.9996473727939188,0.0007505345878237908,0.998896838206095,False,False,False,1.0
2024-03-01,2024-03-02 00:00:00,0.2927256836994968,0.0,0.0,0.1463628418497484,0.0,0.0,0.1463628418497484,0.0,0.1463628418497484,0.1463628418497484,False,0.5,0.0,-0.003746044617594979,-0.0005482817359271551,0.0,1.253106522686202e-07,-0.0005484070465794237,1.0681013344143326,1.067515580116079,-0.1350221867006901,0.9989471737563675,0.000731814209248742,0.9982153595471188,False,False,False,1.0
2024-03-02,2024-03-03 00:00:00,0.28889256752187653,0.0,0.0,0.14444628376093827,0.0,0.0,0.14444628376093827,0.0,0.14444628376093827,0.14444628376093827,False,0.5,0.0,-0.0006137910070849184,-8.865982997930019e-05,0.0,1.23669763493954e-07,-8.878349974279415e-05,1.0689179551302141,1.0688230528532197,-0.13396277836025394,0.9997140539259699,0.0007222314188046914,0.9989918225071652,False,False,False,1.0
2024-03-03,2024-03-04 00:00:00,0.27598868721004266,0.0,0.0,0.13799434360502133,0.0,0.0,0.13799434360502133,0.0,0.13799434360502133,0.13799434360502133,False,0.5,0.0,-0.0021899002151992697,-0.00030219384275691815,0.0,1.1814584212758676e-07,-0.0003023119885990457,1.0692818963041941,1.0689586395677495,-0.1338529162635962,0.9996968832341899,0.0006899717180251067,0.9990069115161648,False,False,False,1.0
2024-03-04,2024-03-05 00:00:00,0.2885073144142446,0.0,0.0,0.1442536572071223,0.0,0.0,0.1442536572071223,0.0,0.1442536572071223,0.1442536572071223,False,0.5,0.0,-0.0009146717843394603,-0.0001319447500351314,0.0,1.2350484349924853e-07,-0.00013206825487863065,1.0752906580878954,1.0751486463271944,-0.1288373280971823,0.9996238744314061,0.0007212682860356115,0.9989026061453705,False,False,False,1.0
2024-03-05,2024-03-06 00:00:00,0.2863245647376288,0.0,0.0,0.1431622823688144,0.0,0.0,0.1431622823688144,0.0,0.1431622823688144,0.1431622823688144,False,0.5,0.0,-0.003124259108031935,-0.0004472760646174081,0.0,1.2257044723357397e-07,-0.00044739863506464166,1.0851316461486604,1.0846461597313082,-0.12114176043607339,0.9994877350216688,0.000715811411844072,0.9987719236098247,False,False,False,1.0
2024-03-06,2024-03-07 00:00:00,0.2815573750344269,0.0,0.0,0.14077868751721345,0.0,0.0,0.14077868751721345,0.0,0.14077868751721345,0.14077868751721345,False,0.5,0.0,-0.0009355153240044878,-0.00013170061946559249,0.0,1.2052969821679234e-07,-0.00013182114916380927,1.0854736653858776,1.0853305769999195,-0.12058719639652715,0.9991948362470895,0.0007038934375860672,0.9984909428095035,False,False,False,1.0
2024-03-07,2024-03-08 00:00:00,0.26006679632037044,0.0,0.0,0.13003339816018522,0.0,0.0,0.13003339816018522,0.0,0.13003339816018522,0.13003339816018522,False,0.5,0.0,0.0010199051044814667,0.00013262172653664387,0.0,1.1132996417824077e-07,0.0001325103965724656,1.0869777402493996,1.0871217761008254,-0.11913583820528018,0.9999629173958863,0.0006501669908009261,0.9993127504050854,False,False,False,1.0
2024-03-08,2024-03-09 00:00:00,0.26130646886838427,0.0,0.0,0.13065323443419213,0.0,0.0,0.13065323443419213,0.0,0.13065323443419213,0.13065323443419213,False,0.5,0.0,-0.010083406897811287,-0.001317429725315088,0.0,1.1186064591968505e-07,-0.0013175415859610078,1.0910053553285606,1.089567910402409,-0.11715380446391765,0.9986400355197395,0.0006532661721709607,0.9979867693475685,False,False,False,1.0
2024-03-09,2024-03-10 00:00:00,0.2612075431000463,0.0,0.0,0.13060377155002315,0.0,0.0,0.13060377155002315,0.0,0.13060377155002315,0.13060377155002315,False,0.5,0.0,-0.00030877350570213125,-4.032698439942092e-05,0.0,1.1181829755995132e-07,-4.043880269698087e-05,1.0902047268206434,1.0901606402467963,-0.1166735321622997,0.9998189166731993,0.0006530188577501157,0.9991658978154492,False,False,False,1.0
2024-03-10,2024-03-11 00:00:00,0.2615334320245529,0.0,0.0,0.13076671601227646,0.0,0.0,0.13076671601227646,0.0,0.13076671601227646,0.13076671601227646,False,0.5,0.0,-0.0034231460097511324,-0.0004476335621256837,0.0,1.1195780480503121e-07,-0.00044774551993048873,1.0894293466973612,1.0889415595880967,-0.11766131889069842,0.9993935358332289,0.0006538335800613823,0.9987397022531674,False,False,False,1.0
2024-03-11,2024-03-12 00:00:00,0.26377908413086437,0.0,0.0,0.13188954206543219,0.0,0.0,0.13188954206543219,0.0,0.13188954206543219,0.13188954206543219,False,0.5,0.0,-0.0034073916094841117,-0.0004493993190124554,0.0,1.1291912848067824e-07,-0.00044951223814093606,1.0944120165662976,1.0939200649712826,-0.11362737617355445,0.9994909603411456,0.000659447710327161,0.9988315126308185,False,False,False,1.0
2024-03-12,2024-03-13 00:00:00,0.2576659541854961,0.0,0.0,0.12883297709274805,0.0,0.0,0.12883297709274805,0.0,0.12883297709274805,0.12883297709274805,False,0.5,0.0,-0.0015537002334303773,-0.0002001678265825331,0.0,1.10302206415024e-07,-0.00020027812878894812,1.0931971254063038,1.09297818193163,-0.114390557477132,0.9995873054497653,0.0006441648854637402,0.9989431405643016,False,False,False,1.0
2024-03-13,2024-03-14 00:00:00,0.2570368747870678,0.0,0.0,0.1285184373935339,0.0,0.0,0.1285184373935339,0.0,0.1285184373935339,0.1285184373935339,False,0.5,0.0,-0.0010939016244689848,-0.00014058652743900228,0.0,1.1003290872734068e-07,-0.0001406965603477296,1.0922075017264805,1.0920538318878015,-0.11513953228792306,0.9994368959931536,0.0006425921869676695,0.9987943038061858,False,False,False,1.0
2024-03-14,2024-03-15 00:00:00,0.25252412408190467,0.0,0.0,0.12626206204095233,0.0,0.0,0.12626206204095233,0.0,0.12626206204095233,0.12626206204095233,False,0.5,0.0,-0.002880738464729804,-0.0003637279787574723,0.0,1.0810108051451397e-07,-0.00036383607983798684,1.0883506574626929,1.0879546762259926,-0.11846096268834805,0.9995130660623647,0.0006313103102047617,0.9988817557521599,False,False,False,1.0
2024-03-15,2024-03-16 00:00:00,0.24811551219922132,0.0,0.0,0.12405775609961066,0.0,0.0,0.12405775609961066,0.0,0.12405775609961066,0.12405775609961066,False,0.5,0.0,-0.0037497570351813225,-0.0004651864437033237,0.0,1.0621383227706392e-07,-0.00046529265753560075,1.0831244761768615,1.0826205063108993,-0.12278309036017343,0.9993642394520073,0.0006202887804980533,0.9987439506715092,False,False,False,1.0
2024-03-16,2024-03-17 00:00:00,-0.23371386667100852,0.0,0.0,-0.11685693333550426,0.0,0.0,0.0,0.11685693333550426,0.11685693333550426,-0.11685693333550426,False,0.5,0.0,0.0023891835639426873,-0.00027919266445793306,0.0,1.0004874429409611e-07,-0.00027929271320222714,1.0815388652527331,1.081236799328623,-0.12390426916268449,0.9995965509137777,0.0005842846666775213,0.9990122662471003,False,False,False,-1.0
2024-03-17,2024-03-18 00:00:00,-0.22161444755572715,0.0,0.0,-0.11080722377786358,0.0,0.0,0.0,0.11080722377786358,0.11080722377786358,-0.11080722377786358,False,0.5,0.0,0.0012860210068494915,-0.00014250041748900503,0.0,9.48691984399517e-08,-0.000142595286687445,1.0829130746433837,1.0827586563430474,-0.12267115127943262,0.9992008630902462,0.0005540361188893179,0.998646826971357,False,False,False,-1.0
2024-03-18,2024-03-19 00:00:00,-0.2228692608087331,0.0,0.0,-0.11143463040436655,0.0,0.0,0.0,0.11143463040436655,0.11143463040436655,-0.11143463040436655,False,0.5,0.0,0.0006526674233826579,-7.27297531016167e-05,0.0,9.540636164757409e-08,-7.282515946326427e-05,1.0861742024818566,1.086095101672356,-0.11996772358348817,0.9998383180552256,0.0005571731520218327,0.9992811449032037,False,False,False,-1.0
2024-03-19,2024-03-20 00:00:00,-0.2242785289467536,0.0,0.0,-0.1121392644733768,0.0,0.0,0.0,0.1121392644733768,0.1121392644733768,-0.1121392644733768,False,0.5,0.0,-0.002813686835447693,0.00031552477218552746,0.0,9.600964424090479e-08,0.00031542876254128655,1.0934842170393004,1.0938291334127397,-0.11370105545480647,0.999511043721004,0.000560696322366884,0.9989503473986371,False,False,False,-1.0
2024-03-20,2024-03-21 00:00:00,-0.21699108860562907,0.0,0.0,-0.10849554430281454,0.0,0.0,0.0,0.10849554430281454,0.10849554430281454,-0.10849554430281454,False,0.5,0.0,-0.0004672769586945291,5.0697467973726725e-05,0.0,9.289002080720421e-08,5.060457795291952e-05,1.0938216252906214,1.093876977672325,-0.1136622885985602,0.9992983726667843,0.0005424777215140727,0.9987558949452703,False,False,False,-1.0
2024-03-21,2024-03-22 00:00:00,-0.19096750150932532,0.0,0.0,-0.09548375075466266,0.0,0.0,0.0,0.09548375075466266,0.09548375075466266,-0.09548375075466266,False,0.5,0.0,-0.00041137097949128787,3.927924407344758e-05,0.0,8.17497866050194e-08,3.919749428684256e-05,1.0873030182738759,1.0873456378277226,-0.1189544493519279,0.9999827335809313,0.0004774187537733133,0.999505314827158,False,False,False,-1.0
2024-03-22,2024-03-23 00:00:00,-0.19490346033136974,0.0,0.0,-0.09745173016568487,0.0,0.0,0.0,0.09745173016568487,0.09745173016568487,-0.09745173016568487,False,0.5,0.0,0.0015850325081194772,-0.000154464160285098,0.0,8.343470048431923e-08,-0.00015454759498558234,1.0920491587240153,1.0918803851529284,-0.11528007129292583,0.9994499658663222,0.00048725865082842437,0.9989627072154937,False,False,False,-1.0
2024-03-23,2024-03-24 00:00:00,-0.1824420677167556,0.0,0.0,-0.0912210338583778,0.0,0.0,0.0,0.0912210338583778,0.0912210338583778,-0.0912210338583778,False,0.5,0.0,0.004634327653749937,-0.00042274815981353954,0.0,7.810020022121387e-08,-0.00042282626001376075,1.0906298959108232,1.090168748950876,-0.1166669619077253,0.9994727649010253,0.00045610516929188904,0.9990166597317335,False,False,False,-1.0
2024-03-24,2024-03-25 00:00:00,-0.17439515393092997,0.0,0.0,-0.08719757696546498,0.0,0.0,0.0,0.08719757696546498,0.08719757696546498,-0.08719757696546498,False,0.5,0.0,0.0005801574376478325,-5.0588322821383826e-05,0.0,7.465545973070633e-08,-5.0662978281114534e-05,1.0904085527564897,1.0903533094116638,-0.11651741776357671,0.9997962880856704,0.00043598788482732495,0.9993603002008431,False,False,False,-1.0
2024-03-25,2024-03-26 00:00:00,-0.17515987435392327,0.0,0.0,-0.08757993717696164,0.0,0.0,0.0,0.08757993717696164,0.08757993717696164,-0.08757993717696164,False,0.5,0.0,0.0012772998384509293,-0.00011186583960767563,0.0,7.498282292548084e-08,-0.00011194082243060112,1.085370976720423,1.0852494794006466,-0.12065290749750723,0.9997047166964619,0.0004378996858848082,0.9992668170105771,False,False,False,-1.0
2024-03-26,2024-03-27 00:00:00,-0.17771214529013693,0.0,0.0,-0.08885607264506847,0.0,0.0,0.0,0.08885607264506847,0.08885607264506847,-0.08885607264506847,False,0.5,0.0,0.0001029702749861805,-9.149534234454731e-06,0.0,7.607540466187368e-08,-9.225609639116604e-06,1.0848994815622472,1.0848894727031326,-0.12094461078670415,0.9998592189251518,0.00044428036322534235,0.9994149385619265,False,False,False,-1.0
2024-03-27,2024-03-28 00:00:00,0.17073086480668542,0.0,0.0,0.08536543240334271,0.0,0.0,0.08536543240334271,0.0,0.08536543240334271,0.08536543240334271,False,0.5,0.0,-0.0049542650560114865,-0.0004229229787471914,0.0,7.308684281108109e-08,-0.0004229960655900025,1.0840635780431118,1.08360502341475,-0.12198536387495251,0.999523594803951,0.0004268271620167136,0.9990967676419343,False,False,False,1.0
2024-03-28,2024-03-29 00:00:00,0.17239094109506792,0.0,0.0,0.08619547054753396,0.0,0.0,0.08619547054753396,0.0,0.08619547054753396,0.08619547054753396,False,0.5,0.0,0.00010618885408253398,9.15299824454744e-06,0.0,7.379749190713525e-08,9.079200752640305e-06,1.0853190291077484,1.0853288829370942,-0.1205885690479297,0.9999064692730638,0.0004309773527376698,0.9994754919203261,False,False,False,1.0
2024-03-29,2024-03-30 00:00:00,0.172830287531826,0.0,0.0,0.086415143765913,0.0,0.0,0.086415143765913,0.0,0.086415143765913,0.086415143765913,False,0.5,0.0,-0.0016056555711383425,-0.00013875295701845902,0.0,7.398556829273373e-08,-0.00013882694258675175,1.083094399837084,1.082944037153022,-0.12252094242943912,0.9997496265625553,0.000432075718829565,0.9993175508437258,False,False,False,1.0
2024-03-30,2024-03-31 00:00:00,0.17371570510394732,0.0,0.0,0.08685785255197366,0.0,0.0,0.08685785255197366,0.0,0.08685785255197366,0.08685785255197366,False,0.5,0.0,-0.00020065623065856908,-1.742856929617681e-05,0.0,7.436459978764868e-08,-1.7502933895964457e-05,1.0842890093889874,1.0842700311501319,-0.12144652683360913,0.9999262837933036,0.0004342892627598683,0.9994919945305437,False,False,False,1.0
2024-03-31,2024-04-01 00:00:00,0.174858495395843,0.0,0.0,0.0874292476979215,0.0,0.0,0.0874292476979215,0.0,0.0874292476979215,0.0874292476979215,False,0.5,0.0,-0.0004060268751121532,-3.549862423619348e-05,0.0,7.485380796054922e-08,-3.557347804415403e-05,1.0864746115774369,1.0864359618966963,-0.11969153414233868,0.9999313427701167,0.00043714623848960753,0.9994941965316272,False,False,False,1.0
2024-04-01,2024-04-02 00:00:00,0.1781529194915724,0.0,0.0,0.0890764597457862,0.0,0.0,0.0890764597457862,0.0,0.0890764597457862,0.0890764597457862,False,0.5,0.0,-0.01040232874232394,-0.0009266026174780533,0.0,7.626409224810461e-08,-0.0009266788815703014,1.082675812818736,1.0816725200074098,-0.12355121696657001,0.9988739223783701,0.000445382298728931,0.9984285400796412,False,False,False,1.0
2024-04-02,2024-04-03 00:00:00,-0.17859051382628077,0.0,0.0,-0.08929525691314039,0.0,0.0,0.0,0.08929525691314039,0.08929525691314039,-0.08929525691314039,False,0.5,0.0,-0.010364862718263868,0.0009255330792968027,0.0,7.645141859001746e-08,0.0009254566278782127,1.0872188905072937,1.088225064435468,-0.11824187473634973,0.9998995415346759,0.00044647628456570196,0.9994530652501101,False,False,False,-1.0
2024-04-03,2024-04-04 00:00:00,-0.1704135737365345,0.0,0.0,-0.08520678686826726,0.0,0.0,0.0,0.08520678686826726,0.08520678686826726,-0.08520678686826726,False,0.5,0.0,0.0011217134247745175,-9.557759671203645e-05,0.0,7.295101615433841e-08,-9.56505477281908e-05,1.0857278694778765,1.085624019012477,-0.12034942859708708,0.9997098631361742,0.00042603393434133627,0.9992838292018328,False,False,False,-1.0
2024-04-04,2024-04-05 00:00:00,-0.16044090560761443,0.0,0.0,-0.08022045280380721,0.0,0.0,0.0,0.08022045280380721,0.08022045280380721,-0.08022045280380721,False,0.5,0.0,-0.001807121661721145,0.00014496811797483879,0.0,6.868189452380755e-08,0.000144899436080315,1.0844844962274027,1.084641637419344,-0.12114542473810963,0.9999523227407738,0.0004011022640190361,0.9995512204767548,False,False,False,-1.0
2024-04-05,2024-04-06 00:00:00,-0.1627467760907296,0.0,0.0,-0.0813733880453648,0.0,0.0,0.0,0.0813733880453648,0.0813733880453648,-0.0813733880453648,False,0.5,0.0,0.0008091588357739266,-6.584399593376734e-05,0.0,6.966899661418219e-08,-6.591366493038152e-05,1.0856073557238948,1.0855357993644037,-0.12042091049365322,0.999871179617765,0.000406866940226824,0.9994643126775381,False,False,False,-1.0
2024-04-06,2024-04-07 00:00:00,-0.17406813598009832,0.0,0.0,-0.08703406799004916,0.0,0.0,0.0,0.08703406799004916,0.08703406799004916,-0.08703406799004916,False,0.5,0.0,-0.00025174724576515484,2.19105869042321e-05,0.0,7.451546916956264e-08,2.183607143506254e-05,1.085218648442266,1.085242345354196,-0.12065868801445134,0.9998911550709706,0.0004351703399502458,0.9994559847310204,False,False,False,-1.0
2024-04-07,2024-04-08 00:00:00,-0.1740316875665079,0.0,0.0,-0.08701584378325394,0.0,0.0,0.0,0.08701584378325394,0.08701584378325394,-0.08701584378325394,False,0.5,0.0,-0.001652235377275213,0.00014377065548214557,0.0,7.449986625278591e-08,0.0001436961556158928,1.0835455612435827,1.083701262575168,-0.1219073839933632,0.9998156632874926,0.0004350792189162697,0.9993805840685763,False,False,False,-1.0
2024-04-08,2024-04-09 00:00:00,-0.17476544592732204,0.0,0.0,-0.08738272296366102,0.0,0.0,0.0,0.08738272296366102,0.08738272296366102,-0.08738272296366102,False,0.5,0.0,-0.0007735506248967017,6.759495995371534e-05,0.0,7.481397514012073e-08,6.752014597857522e-05,1.0771090422727998,1.0771817688325689,-0.12718994618386426,0.9998700273982135,0.00043691361481830514,0.9994331137833952,False,False,False,-1.0
2024-04-09,2024-04-10 00:00:00,0.1748747233358774,0.0,0.0,0.0874373616679387,0.0,0.0,0.0874373616679387,0.0,0.0874373616679387,0.0874373616679387,False,0.5,0.0,0.0028548378849768685,0.0002496194926520556,0.0,7.486075485268723e-08,0.00024954463189720295,1.073542449142272,1.0738103458975694,-0.12992171524872975,0.9998978419437426,0.00043718680833969346,0.9994606551354029,False,False,False,1.0
2024-04-10,2024-04-11 00:00:00,0.16021579272282435,0.0,0.0,0.08010789636141218,0.0,0.0,0.08010789636141218,0.0,0.08010789636141218,0.08010789636141218,False,0.5,0.0,0.002287696571912523,0.0001832625598891263,0.0,6.85855277066885e-08,0.00018319397436141962,1.072377054275464,1.0725735072900509,-0.13092389074299204,0.999982851528538,0.0004005394818070609,0.999582312046731,False,False,False,1.0
2024-04-11,2024-04-12 00:00:00,0.15876921546071834,0.0,0.0,0.07938460773035917,0.0,0.0,0.07938460773035917,0.0,0.07938460773035917,0.07938460773035917,False,0.5,0.0,0.001733092356406063,0.00013758085687377915,0.0,6.796627374174586e-08,0.0001375128906000374,1.073183037282764,1.0733306137843637,-0.13031042867079057,0.9997186505784045,0.0003969230386517959,0.9993217275397527,False,False,False,1.0
2024-04-12,2024-04-13 00:00:00,0.16213776537784383,0.0,0.0,0.08106888268892191,0.0,0.0,0.08106888268892191,0.0,0.08106888268892191,0.08106888268892191,False,0.5,0.0,-0.0013643040017647934,-0.00011060260107109675,0.0,6.940828997339205e-08,-0.00011067200936107015,1.0717507741680716,1.0716321613563602,-0.13168663684473358,0.9998888573412726,0.0004053444134446096,0.999483512927828,False,False,False,1.0
2024-04-13,2024-04-14 00:00:00,0.16171053926762957,0.0,0.0,0.08085526963381479,0.0,0.0,0.08085526963381479,0.0,0.08085526963381479,0.08085526963381479,False,0.5,0.0,-0.0032593829104765604,-0.0002635382840664303,0.0,6.922540208374554e-08,-0.000263607509468514,1.0676752441260873,1.067393796914062,-0.1351208641998659,0.9996593013850055,0.00040427634816907394,0.9992550250368364,False,False,False,1.0
2024-04-14,2024-04-15 00:00:00,0.1611396046951895,0.0,0.0,0.08056980234759475,0.0,0.0,0.08056980234759475,0.0,0.08056980234759475,0.08056980234759475,False,0.5,0.0,0.00018004157323603387,1.4505913969977254e-05,0.0,6.898099516061195e-08,1.4436932974816642e-05,1.06182086245514,1.0618361918917625,-0.13962403504712162,0.9996842295822401,0.00040284901173797376,0.9992813805705022,False,False,False,1.0
2024-04-15,2024-04-16 00:00:00,-0.15768265260894854,0.0,0.0,-0.07884132630447427,0.0,0.0,0.0,0.07884132630447427,0.07884132630447427,-0.07884132630447427,False,0.5,0.0,0.0070770935207824515,-0.0005579674395592899,0.0,6.750113553465263e-08,-0.0005580349406948246,1.060116445649478,1.0595248636316004,-0.14149683924926215,0.9993930205470631,0.00039420663152237137,0.9989988139155408,False,False,False,-1.0
2024-04-16,2024-04-17 00:00:00,-0.1516206647255522,0.0,0.0,-0.0758103323627761,0.0,0.0,0.0,0.0758103323627761,0.0758103323627761,-0.0758103323627761,False,0.5,0.0,-0.0044137255615588344,0.0003346060017798558,0.0,6.490610647497952e-08,0.00033454109567338083,1.0630711460181617,1.0634267870041294,-0.1383352206187738,0.999775693890302,0.0003790516618138805,0.9993966422284881,False,False,False,-1.0
2024-04-17,2024-04-18 00:00:00,-0.14827336705536667,0.0,0.0,-0.07413668352768334,0.0,0.0,0.0,0.07413668352768334,0.07413668352768334,-0.07413668352768334,False,0.5,0.0,-0.0007765449514405276,5.757046730996662e-05,0.0,6.347318795178368e-08,5.750699412201484e-05,1.0649562017069936,1.0650174441370253,-0.1370463559369378,0.9996706032858687,0.0003706834176384167,0.9992999198682302,False,False,False,-1.0
2024-04-18,2024-04-19 00:00:00,-0.14466554413682722,0.0,0.0,-0.07233277206841361,0.0,0.0,0.0,0.07233277206841361,0.07233277206841361,-0.07233277206841361,False,0.5,0.0,0.0008055310961092577,-5.826629716889031e-05,0.0,6.192874320925822e-08,-5.832822591209957e-05,1.0618524027619647,1.061790466795131,-0.13966108480530215,0.9998244314919302,0.00036166386034206806,0.9994627676315881,False,False,False,-1.0
2024-04-19,2024-04-20 00:00:00,-0.14518793438993255,0.0,0.0,-0.07259396719496627,0.0,0.0,0.0,0.07259396719496627,0.07259396719496627,-0.07259396719496627,False,0.5,0.0,-0.0025513012283803205,0.00018520907767751815,0.0,6.215236917377249e-08,0.00018514692530834437,1.0611614950300925,1.061357965818153,-0.1400115281677078,0.999911563973003,0.0003629698359748314,0.9995485941370281,False,False,False,-1.0
2024-04-20,2024-04-21 00:00:00,-0.1485410433945191,0.0,0.0,-0.07427052169725955,0.0,0.0,0.0,0.07427052169725955,0.07427052169725955,-0.07427052169725955,False,0.5,0.0,0.005426223729865898,-0.0004030084672631898,0.0,6.358777542573592e-08,-0.0004030720550386155,1.061017461058256,1.0605897945697953,-0.140633955698528,0.9994485017037406,0.00037135260848629773,0.9990771490952542,False,False,False,-1.0
2024-04-21,2024-04-22 00:00:00,-0.14846379290111386,0.0,0.0,-0.07423189645055693,0.0,0.0,0.0,0.07423189645055693,0.07423189645055693,-0.07423189645055693,False,0.5,0.0,-0.0007938340285968959,5.8927805409733224e-05,0.0,6.355470586520284e-08,5.886425070386802e-05,1.0592333714801982,1.0592957224589308,-0.14168250588885445,0.9999271570840311,0.00037115948225278466,0.9995559976017784,False,False,False,-1.0
2024-04-22,2024-04-23 00:00:00,-0.15683093946676135,0.0,0.0,-0.07841546973338068,0.0,0.0,0.0,0.07841546973338068,0.07841546973338068,-0.07841546973338068,False,0.5,0.0,0.0013681826759766036,-0.00010728668721777915,0.0,6.713653230597661e-08,-0.00010735382375008513,1.058707840452167,1.0585941841172604,-0.14225094265177063,0.9998041038297873,0.0003920773486669034,0.9994120264811205,False,False,False,-1.0
2024-04-23,2024-04-24 00:00:00,-0.1599991359107213,0.0,0.0,-0.07999956795536065,0.0,0.0,0.0,0.07999956795536065,0.07999956795536065,-0.07999956795536065,False,0.5,0.0,-0.00035326819563630263,2.826130302327403e-05,0.0,6.849278078369918e-08,2.8192810242490333e-05,1.0574266754325452,1.057456487262151,-0.14317278637589026,0.9998206953485717,0.00039999783977680324,0.9994206975087948,False,False,False,-1.0
2024-04-24,2024-04-25 00:00:00,-0.16064870031052833,0.0,0.0,-0.08032435015526417,0.0,0.0,0.0,0.08032435015526417,0.08032435015526417,-0.08032435015526417,False,0.5,0.0,0.0011758401109640548,-9.444859279968141e-05,0.0,6.877084773567137e-08,-9.451736364741709e-05,1.058851036318228,1.05875095650978,-0.14212391439682703,0.9997545674585816,0.00040162175077632084,0.9993529457078053,False,False,False,-1.0
2024-04-25,2024-04-26 00:00:00,-0.16007519976215506,0.0,0.0,-0.08003759988107753,0.0,0.0,0.0,0.08003759988107753,0.08003759988107753,-0.08003759988107753,False,0.5,0.0,0.0022044526772204698,-0.0001764391013361421,0.0,6.852534236393624e-08,-0.00017650762667850605,1.059322483234379,1.0591355047369762,-0.1418123257972188,0.999607195805928,0.00040018799940538764,0.9992070078065227,False,False,False,-1.0
2024-04-26,2024-04-27 00:00:00,-0.1680038083408217,0.0,0.0,-0.08400190417041085,0.0,0.0,0.0,0.08400190417041085,0.08400190417041085,-0.08400190417041085,False,0.5,0.0,-0.0016460747202633463,0.00013827341090889747,0.0,7.191943850206409e-08,0.0001382014914703954,1.060144995894072,1.0602915095136796,-0.140875647679783,0.9999431660383401,0.0004200095208520543,0.999523156517488,False,False,False,-1.0
2024-04-27,2024-04-28 00:00:00,-0.16815425798552736,0.0,0.0,-0.08407712899276368,0.0,0.0,0.0,0.08407712899276368,0.08407712899276368,-0.08407712899276368,False,0.5,0.0,6.358653491522759e-06,-5.346173298270462e-07,0.0,7.198384331572232e-08,-6.066011731427684e-07,1.0594650757182835,1.0594644330455256,-0.1415458044514315,0.9999641086550581,0.0004203856449638184,0.9995437230100943,False,False,False,-1.0
2024-04-28,2024-04-29 00:00:00,-0.16884677342457577,0.0,0.0,-0.08442338671228788,0.0,0.0,0.0,0.08442338671228788,0.08442338671228788,-0.08442338671228788,False,0.5,0.0,-0.0010227778646805241,8.634637119069194e-05,0.0,7.228029684271223e-08,8.627409089384923e-05,1.0544838398290546,1.054574814463698,-0.14550772469648976,0.9999671668906337,0.0004221169335614394,0.9995450499570723,False,False,False,-1.0
2024-04-29,2024-04-30 00:00:00,0.1698013717388335,0.0,0.0,0.08490068586941675,0.0,0.0,0.08490068586941675,0.0,0.08490068586941675,0.08490068586941675,False,0.5,0.0,0.0012900586819375448,0.00010952686690829331,0.0,7.268894338134996e-08,0.00010945417796491196,1.0501448361838264,1.050259778923615,-0.14900407648309688,0.9999165800367263,0.0004245034293470838,0.9994920766073793,False,False,False,1.0
2024-04-30,2024-05-01 00:00:00,0.16211655114589243,0.0,0.0,0.04052913778647311,0.0,0.0,0.04052913778647311,0.0,0.04052913778647311,0.04052913778647311,False,0.25,0.0,0.0007988662116360512,3.2377358764355306e-05,0.0,3.469960426924068e-08,3.234265916008607e-05,1.0464980796947625,1.0465319262254658,-0.15202465054797043,0.9999506541765872,0.00020264568893236555,0.9997480084876549,False,False,False,1.0
2024-05-01,2024-05-02 00:00:00,-0.1587903138807008,0.0,0.0,-0.0396975784701752,0.0,0.0,0.0,0.0396975784701752,0.0396975784701752,-0.0396975784701752,False,0.25,0.0,0.0009677385787769666,-3.841687816961446e-05,0.0,3.398765279980753e-08,-3.8450865822414266e-05,1.0480076905702551,1.047967393767164,-0.15086153162173865,0.999919001408893,0.000198487892350876,0.9997205135165421,False,False,False,-1.0
2024-05-02,2024-05-03 00:00:00,-0.15329623640051152,0.0,0.0,-0.03832405910012788,0.0,0.0,0.0,0.03832405910012788,0.03832405910012788,-0.03832405910012788,False,0.25,0.0,-0.0020256831257592367,7.763239982972877e-05,0.0,3.281169443504099e-08,7.759958813529372e-05,1.0464228705137697,1.046504072497537,-0.1520472196393493,0.9999607033551132,0.0001916202955006394,0.9997690830596125,False,False,False,-1.0
2024-05-03,2024-05-04 00:00:00,-0.15541740078969424,0.0,0.0,-0.03885435019742356,0.0,0.0,0.0,0.03885435019742356,0.03885435019742356,-0.03885435019742356,False,0.25,0.0,0.0010219823854500376,-3.970846149987407e-05,0.0,3.326571078546537e-08,-3.974172721065953e-05,1.0453826296414555,1.0453410843301574,-0.1529895562015976,0.9998287398015796,0.0001942717509871178,0.9996344680505925,False,False,False,-1.0
2024-05-04,2024-05-05 00:00:00,-0.15927742767456507,0.0,0.0,-0.03981935691864127,0.0,0.0,0.0,0.03981935691864127,0.03981935691864127,-0.03981935691864127,False,0.25,0.0,0.0009732297782700794,-3.875338390478639e-05,0.0,3.409191517006958e-08,-3.878747581995646e-05,1.0446814859129303,1.044640965355056,-0.1535568428917522,0.9999397961804432,0.00019909678459320633,0.99974069939585,False,False,False,-1.0
2024-05-05,2024-05-06 00:00:00,-0.15914392062208113,0.0,0.0,-0.03978598015552028,0.0,0.0,0.0,0.03978598015552028,0.03978598015552028,-0.03978598015552028,False,0.25,0.0,0.0009185936015203566,-3.6547146801076816e-05,0.0,3.406333917424682e-08,-3.658121014025106e-05,1.0442257535510917,1.044187554509367,-0.1539242289319518,0.9998625990745464,0.00019892990077760141,0.9996636691737688,False,False,False,-1.0
2024-05-06,2024-05-07 00:00:00,-0.15867248198853565,0.0,0.0,-0.03966812049713391,0.0,0.0,0.0,0.03966812049713391,0.03966812049713391,-0.03966812049713391,False,0.25,0.0,0.00028809208588387314,-1.1428071577112132e-05,0.0,3.396243193247766e-08,-1.1462034009044609e-05,1.0451015475827938,1.0450895685933126,-0.1531933523204727,0.9999297283392233,0.00019834060248566956,0.9997313877367376,False,False,False,-1.0
2024-05-07,2024-05-08 00:00:00,-0.15847504553357852,0.0,0.0,-0.03961876138339463,0.0,0.0,0.0,0.03961876138339463,0.03961876138339463,-0.03961876138339463,False,0.25,0.0,-0.0009498591475990414,3.763224291656105e-05,0.0,3.3920172417289925e-08,3.7598322744143756e-05,1.0452828596746935,1.0453221605570104,-0.15300488960208458,0.9999476417968682,0.00019809380691697317,0.9997495479899513,False,False,False,-1.0
2024-05-08,2024-05-09 00:00:00,-0.15755226985191978,0.0,0.0,-0.039388067462979945,0.0,0.0,0.0,0.039388067462979945,0.039388067462979945,-0.039388067462979945,False,0.25,0.0,0.001161865509905935,-4.576363708708456e-05,0.0,3.3722660499126666e-08,-4.579735974758369e-05,1.0462158288769774,1.0461679149542886,-0.15231959863043765,0.9998142891709919,0.00019694033731489972,0.999617348833677,False,False,False,-1.0
2024-05-09,2024-05-10 00:00:00,-0.15837996687993477,0.0,0.0,-0.039594991719983694,0.0,0.0,0.0,0.039594991719983694,0.039594991719983694,-0.039594991719983694,False,0.25,0.0,-0.0004522133515990623,1.7905383912230947e-05,0.0,3.389982167806823e-08,1.787148409055288e-05,1.0461482497017613,1.0461669459235623,-0.15232038380874724,0.9999839039175511,0.00019797495859991848,0.9997859289589511,False,False,False,-1.0
2024-05-10,2024-05-11 00:00:00,-0.17237163343001638,0.0,0.0,-0.043092908357504095,0.0,0.0,0.0,0.043092908357504095,0.043092908357504095,-0.043092908357504095,False,0.25,0.0,-0.0014918478725770568,6.428806365630056e-05,0.0,3.6894613319780904e-08,6.425116904298078e-05,1.0474338202537306,1.047501119101177,-0.15123934085328028,0.9999933278694588,0.00021546454178752048,0.9997778633276713,False,False,False,-1.0
2024-05-11,2024-05-12 00:00:00,-0.1737984754255459,0.0,0.0,-0.04344961885638648,0.0,0.0,0.0,0.04344961885638648,0.04344961885638648,-0.04344961885638648,False,0.25,0.0,-0.0012969283276451637,5.635104152023309e-05,0.0,3.7200016144166504e-08,5.6313841504088926e-05,1.0473061399735772,1.04736511780555,-0.15134953887332636,0.9999271513226511,0.0002172480942819324,0.9997099032283692,False,False,False,-1.0
2024-05-12,2024-05-13 00:00:00,-0.17223842982221543,0.0,0.0,-0.04305960745555386,0.0,0.0,0.0,0.04305960745555386,0.04305960745555386,-0.04305960745555386,False,0.25,0.0,0.00017362706948165219,-7.4763134555381184e-06,0.0,3.686610227359063e-08,-7.513179557811709e-06,1.0471870104917849,1.0471791427877444,-0.15150022919319261,0.9999562780082164,0.0002152980372777693,0.9997409799709386,False,False,False,-1.0
2024-05-13,2024-05-14 00:00:00,-0.172657961251431,0.0,0.0,-0.04316449031285775,0.0,0.0,0.0,0.04316449031285775,0.04316449031285775,-0.04316449031285775,False,0.25,0.0,-0.00080632101697653,3.4804435726337045e-05,0.0,3.6955899240460406e-08,3.476747982709658e-05,1.046759658972021,1.046796052167348,-0.15181063673505713,0.9998457459000246,0.00021582245156428876,0.9996299234484604,False,False,False,-1.0
2024-05-14,2024-05-15 00:00:00,-0.17298086333662327,0.0,0.0,-0.04324521583415582,0.0,0.0,0.0,0.04324521583415582,0.04324521583415582,-0.04324521583415582,False,0.25,0.0,0.0005971241396924842,-2.582276230078609e-05,0.0,3.702501355664025e-08,-2.5859787314342733e-05,1.047773057762526,1.0477459625740984,-0.15104095108197113,0.9998814469445423,0.0002162260791707791,0.9996652208653715,False,False,False,-1.0
2024-05-15,2024-05-16 00:00:00,-0.1794565626464852,0.0,0.0,-0.0448641406616213,0.0,0.0,0.0,0.0448641406616213,0.0448641406616213,-0.0448641406616213,False,0.25,0.0,-0.00011420855153332354,5.123868520751053e-06,0.0,3.841107933357988e-08,5.085457441417473e-06,1.0464718379607414,1.046477159748737,-0.15206902628183816,0.9999047179152409,0.00022432070330810652,0.9996803972119328,False,False,False,-1.0
2024-05-16,2024-05-17 00:00:00,-0.19549568195606212,0.0,0.0,-0.04887392048901553,0.0,0.0,0.0,0.04887392048901553,0.04887392048901553,-0.04887392048901553,False,0.25,0.0,0.0005784492148650511,-2.8271080934247965e-05,0.0,4.1844110007718776e-08,-2.8312925044255686e-05,1.0468293921919278,1.0467997533898126,-0.15180763773872064,0.9998872044880704,0.00024436960244507763,0.9996428348856253,False,False,False,-1.0
2024-05-17,2024-05-18 00:00:00,-0.19799701687319038,0.0,0.0,-0.049499254218297595,0.0,0.0,0.0,0.049499254218297595,0.049499254218297595,-0.049499254218297595,False,0.25,0.0,0.003304980363580068,-0.00016359406320333138,0.0,4.2379498474569854e-08,-0.00016363644270180595,1.0443174785201643,1.0441465901229279,-0.1539574212207252,0.9997840134570731,0.00024749627109148795,0.9995365171859817,False,False,False,-1.0
2024-05-18,2024-05-19 00:00:00,0.21002813062246609,0.0,0.0,0.05250703265561652,0.0,0.0,0.05250703265561652,0.0,0.05250703265561652,0.05250703265561652,False,0.25,0.0,-0.0006423845313804355,-3.3729705566655443e-05,0.0,4.4954651246247015e-08,-3.377466021790169e-05,1.0442263894722976,1.0441911210808026,-0.1539213390395523,0.9999441323826359,0.0002625351632780826,0.9996815972193578,False,False,False,1.0
2024-05-19,2024-05-20 00:00:00,0.19942137511566405,0.0,0.0,0.04985534377891601,0.0,0.0,0.04985534377891601,0.0,0.04985534377891601,0.04985534377891601,False,0.25,0.0,0.001721870687185989,8.584445505249583e-05,0.0,4.268436967372946e-08,8.58017706828221e-05,1.0435387518446548,1.0436282893173392,-0.15437738576812843,0.999967988775658,0.0002492767188945801,0.9997187120567633,False,False,False,1.0
2024-05-20,2024-05-21 00:00:00,0.2073815854071834,0.0,0.0,0.05184539635179585,0.0,0.0,0.05184539635179585,0.0,0.05184539635179585,0.05184539635179585,False,0.25,0.0,0.0007991886149323335,4.143425050100958e-05,0.0,4.438818180804439e-08,4.138986231920154e-05,1.044308575996855,1.0443517997850342,-0.15379114561023022,0.9998941235502976,0.0002592269817589793,0.9996348965685387,False,False,False,1.0
2024-05-21,2024-05-22 00:00:00,0.2067825979560403,0.0,0.0,0.10339129897802014,0.0,0.0,0.10339129897802014,0.0,0.10339129897802014,0.10339129897802014,False,0.5,0.0,-0.003415976217419736,-0.0003531822183970503,0.0,8.851994775515422e-08,-0.0003532707383448054,1.061098205421233,1.0607233504747475,-0.14052573910968325,0.9993554562043209,0.0005169564948901007,0.9988384997094307,False,False,False,1.0
2024-05-22,2024-05-23 00:00:00,0.20631390843221079,0.0,0.0,0.10315695421610539,0.0,0.0,0.10315695421610539,0.0,0.10315695421610539,0.10315695421610539,False,0.5,0.0,-0.0014919112923349465,-0.0001539010248778867,0.0,8.831931011652858e-08,-0.00015398934418800323,1.0604606486089205,1.060297348969104,-0.14087091613349179,0.9997110049524939,0.0005157847710805269,0.9991952201814134,False,False,False,1.0
2024-05-23,2024-05-24 00:00:00,0.12242381266249942,0.0,0.0,0.06121190633124971,0.0,0.0,0.06121190633124971,0.0,0.06121190633124971,0.06121190633124971,False,0.5,0.0,9.964939148310314e-05,6.099729217429743e-06,0.0,5.240745405072749e-08,6.047321763379015e-06,1.0613712560641715,1.0613776745176673,-0.1399955587634888,0.9998623826467739,0.00030605953165624856,0.9995563231151176,False,False,False,1.0
2024-05-24,2024-05-25 00:00:00,0.12231222406478576,0.0,0.0,0.06115611203239288,0.0,0.0,0.06115611203239288,0.0,0.06115611203239288,0.06115611203239288,False,0.5,0.0,-0.002457480191629391,-0.00015028993391667336,0.0,5.235968495924047e-08,-0.0001503422936016326,1.0595831895299725,1.0594238893629968,-0.14157865585567342,0.9997281045290768,0.0003057805601619644,0.9994223239689148,False,False,False,1.0
2024-05-25,2024-05-26 00:00:00,0.12230001626845947,0.0,0.0,0.06115000813422974,0.0,0.0,0.06115000813422974,0.0,0.06115000813422974,0.06115000813422974,False,0.5,0.0,-0.0017648862288219824,-0.00010792280724845427,0.0,5.2354459019032305e-08,-0.0001079751617074733,1.060426750992585,1.0603122512426677,-0.14085884124087156,0.9998377373838911,0.0003057500406711487,0.99953198734322,False,False,False,1.0
2024-05-26,2024-05-27 00:00:00,0.12125652392185281,0.0,0.0,0.060628261960926404,0.0,0.0,0.060628261960926404,0.0,0.060628261960926404,0.060628261960926404,False,0.5,0.0,-0.005725388869864845,-0.0003471203762303382,0.0,5.190775852819041e-08,-0.00034717228398886636,1.062192149651123,1.0618233859764936,-0.13963441131964904,0.9995318782056708,0.000303141309804632,0.9992287368958662,False,False,False,1.0
2024-05-27,2024-05-28 00:00:00,0.12130162570553552,0.0,0.0,0.06065081285276776,0.0,0.0,0.06065081285276776,0.0,0.06065081285276776,0.06065081285276776,False,0.5,0.0,-0.0007938788162888955,-4.8149395514514595e-05,0.0,5.192706579860253e-08,-4.82013225803132e-05,1.0640756798729682,1.0640243900178727,-0.13785099972525527,0.9998492328222126,0.0003032540642638388,0.9995459787579488,False,False,False,1.0
2024-05-28,2024-05-29 00:00:00,0.12141026059933388,0.0,0.0,0.06070513029966694,0.0,0.0,0.06070513029966694,0.0,0.06070513029966694,0.06070513029966694,False,0.5,0.0,0.0032244486478623102,0.0001957405753130664,0.0,5.197357046204361e-08,0.00019568860174260438,1.062124989408898,1.0623328351629513,-0.13922161898996577,0.9999949007271467,0.0003035256514983347,0.9996913750756483,False,False,False,1.0
2024-05-29,2024-05-30 00:00:00,0.12065168128453067,0.0,0.0,0.06032584064226534,0.0,0.0,0.06032584064226534,0.0,0.06032584064226534,0.06032584064226534,False,0.5,0.0,-0.001958364844962701,-0.00011814000555663457,0.0,5.164883616632306e-08,-0.00011819165439280089,1.0607973017542132,1.0606719243661435,-0.1405674082373244,0.9997926430568604,0.0003016292032113267,0.9994910138536491,False,False,False,1.0
2024-05-30,2024-05-31 00:00:00,0.12197549143086611,0.0,0.0,0.060987745715433056,0.0,0.0,0.060987745715433056,0.0,0.060987745715433056,0.060987745715433056,False,0.5,0.0,-3.177284533772973e-05,-1.9377542121132435e-06,0.0,5.221553571526802e-08,-1.9899697478285114e-06,1.0609533908056157,1.060951279540464,-0.14034105460622204,0.9999900975338861,0.0003049387285771653,0.999685158805309,False,False,False,1.0
2024-05-31,2024-06-01 00:00:00,0.12343464814094157,0.0,0.0,0.061717324070470786,0.0,0.0,0.061717324070470786,0.0,0.061717324070470786,0.061717324070470786,False,0.5,0.0,-0.004825013550423529,-0.00029778692493590177,0.0,5.2840174717868825e-08,-0.00029783976511061966,1.0607390435655144,1.0604231132979351,-0.14076901283936694,0.9996703481955516,0.0003085866203523539,0.9993617615751992,False,False,False,1.0
2024-06-01,2024-06-02 00:00:00,0.12901847268264396,0.0,0.0,0.06450923634132198,0.0,0.0,0.06450923634132198,0.0,0.06450923634132198,0.06450923634132198,False,0.5,0.0,-0.0029213211825970253,-0.00018845219859706173,0.0,5.523051056620033e-08,-0.00018850742910762793,1.0616037082638563,1.0614035880780803,-0.13997456173521272,0.9997989629548131,0.00032254618170660993,0.9994764167731065,False,False,False,1.0
2024-06-02,2024-06-03 00:00:00,0.13138024311769844,0.0,0.0,0.06569012155884922,0.0,0.0,0.06569012155884922,0.0,0.06569012155884922,0.06569012155884922,False,0.5,0.0,0.0009878065163619887,6.488913013644242e-05,0.0,5.624154243052159e-08,6.48328885940119e-05,1.0613565321999472,1.0614253430097578,-0.13995693432669398,0.999987312007791,0.0003284506077942461,0.9996588613999967,False,False,False,1.0
2024-06-03,2024-06-04 00:00:00,0.1323727827644555,0.0,0.0,0.06618639138222775,0.0,0.0,0.06618639138222775,0.0,0.06618639138222775,0.06618639138222775,False,0.5,0.0,0.002505875207942765,0.00016585483726792117,0.0,5.6666430977934713e-08,0.00016579817083694324,1.061192294190679,1.0613682379319622,-0.1400032049631511,0.9999034713945049,0.0003309319569111387,0.9995725394375937,False,False,False,1.0
2024-06-04,2024-06-05 00:00:00,0.1328994438872026,0.0,0.0,0.0664497219436013,0.0,0.0,0.0664497219436013,0.0,0.0664497219436013,0.0664497219436013,False,0.5,0.0,0.0021276875534224082,0.00014138424630778036,0.0,5.6891885225686037e-08,0.00014132735442255468,1.0614750964393507,1.0616251119065159,-0.13979506721514867,0.9999490867228545,0.0003322486097180065,0.9996168381131365,False,False,False,1.0
2024-06-05,2024-06-06 00:00:00,0.13294942042353533,0.0,0.0,0.06647471021176767,0.0,0.0,0.06647471021176767,0.0,0.06647471021176767,0.06647471021176767,False,0.5,0.0,-1.0486247286722872e-05,-6.970702495938379e-07,0.0,5.6913279290896976e-08,-7.539835288847349e-07,1.0617075275089511,1.061706726998963,-0.13972893680402199,0.9999149005162705,0.00033237355105883833,0.9995825269652117,False,False,False,1.0
2024-06-06,2024-06-07 00:00:00,0.1329644493631117,0.0,0.0,0.06648222468155585,0.0,0.0,0.06648222468155585,0.0,0.06648222468155585,0.06648222468155585,False,0.5,0.0,-0.00013262564980065505,-8.817248248584492e-06,0.0,5.6919712912290957e-08,-8.874167961496784e-06,1.0622801059957883,1.0622706791437055,-0.1392719822620454,0.9999064110939638,0.00033241112340777923,0.9995739999705561,False,False,False,1.0
2024-06-07,2024-06-08 00:00:00,0.13413376363484944,0.0,0.0,0.06706688181742472,0.0,0.0,0.06706688181742472,0.0,0.06706688181742472,0.06706688181742472,False,0.5,0.0,0.001428127256151157,9.57800419085327e-05,0.0,5.7420275528617055e-08,9.572262163300408e-05,1.0613488764277867,1.0614504715247055,-0.1399365733986515,0.9999365015556559,0.0003353344090871236,0.9996011671465688,False,False,False,1.0
2024-06-08,2024-06-09 00:00:00,0.13439779095670265,0.0,0.0,0.06719889547835133,0.0,0.0,0.06719889547835133,0.0,0.06719889547835133,0.06719889547835133,False,0.5,0.0,-0.0012431848282699054,-8.354064733518151e-05,0.0,5.7533300923245993e-08,-8.359818063610476e-05,1.05942581055367,1.0593372444833888,-0.14164886176169755,0.9998992932772082,0.00033599447739175666,0.9995632987998164,False,False,False,1.0
2024-06-09,2024-06-10 00:00:00,-0.1350716081178727,0.0,0.0,-0.06753580405893635,0.0,0.0,0.0,0.06753580405893635,0.06753580405893635,-0.06753580405893635,False,0.5,0.0,1.6257783413742288e-05,-1.0979824750631245e-06,0.0,5.78217500504592e-08,-1.1558042251135837e-06,1.0591379392744442,1.059136715118339,-0.14181134505928483,0.999930037294004,0.00033767902029468175,0.9995923582737093,False,False,False,-1.0
2024-06-10,2024-06-11 00:00:00,-0.13309580876859778,0.0,0.0,-0.06654790438429889,0.0,0.0,0.0,0.06654790438429889,0.06654790438429889,-0.06654790438429889,False,0.5,0.0,0.001739944581547359,-0.0001157896656467926,0.0,5.697594553450248e-08,-0.00011584664159232709,1.0590300334117544,1.058907348339038,-0.14199719450157744,0.9996563556491648,0.00033273952192149444,0.9993236161272433,False,False,False,-1.0
2024-06-11,2024-06-12 00:00:00,-0.13503924871439757,0.0,0.0,-0.06751962435719878,0.0,0.0,0.0,0.06751962435719878,0.06751962435719878,-0.06751962435719878,False,0.5,0.0,0.0008275309380425533,-5.587457808059354e-05,0.0,5.780789756609485e-08,-5.593238597815964e-05,1.0640321729786943,1.063972659120502,-0.13789291581465113,0.9994702119816681,0.00033759812178599393,0.9991326138598821,False,False,False,-1.0
2024-06-12,2024-06-13 00:00:00,-0.13504408904790557,0.0,0.0,-0.06752204452395279,0.0,0.0,0.0,0.06752204452395279,0.06752204452395279,-0.06752204452395279,False,0.5,0.0,0.001899424634928426,-0.00012825303476952994,0.0,5.78099696266719e-08,-0.0001283108447391566,1.0605731979257198,1.0604371148827862,-0.1407576677494472,0.999842710699883,0.00033761022261976395,0.9995051004772632,False,False,False,-1.0
2024-06-13,2024-06-14 00:00:00,-0.12677107182860003,0.0,0.0,-0.06338553591430002,0.0,0.0,0.0,0.06338553591430002,0.06338553591430002,-0.06338553591430002,False,0.5,0.0,-0.0013284256995262922,8.420297488680292e-05,0.0,5.426843828279111e-08,8.414870644852013e-05,1.0636479484861698,1.0637374530851516,-0.13808349664168706,0.9999173974002862,0.0003169276795715001,0.9996004697207147,False,False,False,-1.0
2024-06-14,2024-06-15 00:00:00,-0.12459086658006732,0.0,0.0,-0.06229543329003366,0.0,0.0,0.0,0.06229543329003366,0.06229543329003366,-0.06229543329003366,False,0.5,0.0,-0.0031244420639171544,0.0001946384721613262,0.0,5.333513124146717e-08,0.00019458513703008473,1.0631476134052464,1.0633544861292843,-0.13839380398166612,0.9999572517742011,0.0003114771664501683,0.999645774607751,False,False,False,-1.0
2024-06-15,2024-06-16 00:00:00,-0.1219098921254639,0.0,0.0,-0.06095494606273195,0.0,0.0,0.0,0.06095494606273195,0.06095494606273195,-0.06095494606273195,False,0.5,0.0,-0.0009862706640515473,6.011807513051689e-05,0.0,5.2187453820832145e-08,6.006588767669606e-05,1.0613518363838992,1.0614155874240887,-0.13996483900304402,0.9999610076957003,0.00030477473031365976,0.9996562329653866,False,False,False,-1.0
2024-06-16,2024-06-17 00:00:00,-0.12240618657582547,0.0,0.0,-0.061203093287912735,0.0,0.0,0.0,0.061203093287912735,0.061203093287912735,-0.061203093287912735,False,0.5,0.0,-0.0001392059691519565,8.519835916241495e-06,0.0,5.2399908636911585e-08,8.467436007604584e-06,1.0609244113142886,1.0609333946238504,-0.14035554625051438,0.9999437166830442,0.0003060154664395637,0.9996377012166046,False,False,False,-1.0
2024-06-17,2024-06-18 00:00:00,-0.12193384873496649,0.0,0.0,-0.060966924367483244,0.0,0.0,0.0,0.060966924367483244,0.060966924367483244,-0.060966924367483244,False,0.5,0.0,-0.005548067134171553,0.00033824858935475654,0.0,5.2197709218735656e-08,0.0003381963916455378,1.062263137081793,1.0626223906417323,-0.13898700033940004,0.9999746355039587,0.0003048346218374162,0.9996698008821213,False,False,False,-1.0
2024-06-18,2024-06-19 00:00:00,-0.12424425382123994,0.0,0.0,-0.06212212691061997,0.0,0.0,0.0,0.06212212691061997,0.06212212691061997,-0.06212212691061997,False,0.5,0.0,0.0005142349586275685,-3.194536936173922e-05,0.0,5.318675249196915e-08,-3.199855611423119e-05,1.0639961214776832,1.0639620751380847,-0.13790149171755872,0.9998707132735569,0.00031061063455309985,0.9995601026390039,False,False,False,-1.0
2024-06-19,2024-06-20 00:00:00,-0.12316490483657253,0.0,0.0,-0.06158245241828626,0.0,0.0,0.0,0.06158245241828626,0.06158245241828626,-0.06158245241828626,False,0.5,0.0,0.001953152723483953,-0.00012027993465959675,0.0,5.272470241291632e-08,-0.00012033265936200967,1.062083376922959,1.0619555736057498,-0.1395273034060701,0.999871450542776,0.0003079122620914313,0.9995635382806846,False,False,False,-1.0
2024-06-20,2024-06-21 00:00:00,-0.12270553362273603,0.0,0.0,-0.06135276681136802,0.0,0.0,0.0,0.06135276681136802,0.06135276681136802,-0.06135276681136802,False,0.5,0.0,-0.006707873252921881,0.0004115465834867288,0.0,5.2528053776856174e-08,0.00041149405543295194,1.0619145978931372,1.0623515694375478,-0.1392064391348179,0.9999858700761428,0.0003067638340568401,0.999679106242086,False,False,False,-1.0
2024-06-21,2024-06-22 00:00:00,-0.12201435816686229,0.0,0.0,-0.061007179083431146,0.0,0.0,0.0,0.061007179083431146,0.061007179083431146,-0.061007179083431146,False,0.5,0.0,0.0038050459967984285,-0.0002321351225473745,0.0,5.2232173872800635e-08,-0.0002321873547212473,1.0628249100613605,1.0625781355569615,-0.13902285898836542,0.9997481758373291,0.00030503589541715573,0.9994431399419119,False,False,False,-1.0
2024-06-22,2024-06-23 00:00:00,-0.20951362266731657,0.0,0.0,-0.10475681133365829,0.0,0.0,0.0,0.10475681133365829,0.10475681133365829,-0.10475681133365829,False,0.5,0.0,0.0008223120674295537,-8.614279010510824e-05,0.0,8.968905079936496e-08,-8.62324791559076e-05,1.0621058129641765,1.0620142249467985,-0.13947977987604177,0.999913767520844,0.0005237840566682915,0.9993899834641757,False,False,False,-1.0
2024-06-23,2024-06-24 00:00:00,-0.2095224520636387,0.0,0.0,-0.10476122603181935,0.0,0.0,0.0,0.10476122603181935,0.10476122603181935,-0.10476122603181935,False,0.5,0.0,-0.0013619202500877448,0.00014267643515675416,0.0,8.969283050669465e-08,0.00014258674232624748,1.0627917428115392,1.0629432828239178,-0.13872699044050796,0.9999809469835095,0.0005238061301590967,0.9994571408533504,False,False,False,-1.0
2024-06-24,2024-06-25 00:00:00,-0.21083488191314986,0.0,0.0,-0.10541744095657493,0.0,0.0,0.0,0.10541744095657493,0.10541744095657493,-0.10541744095657493,False,0.5,0.0,-0.00336533642733694,0.0003547651541278027,0.0,9.025465835323196e-08,0.00035467489946944947,1.068941427355334,1.06932055404862,-0.13355966715126877,0.9999163414193243,0.0005270872047828747,0.9993892542145414,False,False,False,-1.0
2024-06-25,2024-06-26 00:00:00,-0.21575816278087026,0.0,0.0,-0.10787908139043513,0.0,0.0,0.0,0.10787908139043513,0.10787908139043513,-0.10787908139043513,False,0.5,0.0,0.0005443323588028015,-5.8722074838734966e-05,0.0,9.236222721783829e-08,-5.88144370659528e-05,1.0645977002917713,1.0645350865773269,-0.13743719668435905,0.9997713335400135,0.0005393954069521756,0.9992319381330613,False,False,False,-1.0
2024-06-26,2024-06-27 00:00:00,-0.20109273022761823,0.0,0.0,-0.10054636511380911,0.0,0.0,0.0,0.10054636511380911,0.10054636511380911,-0.10054636511380911,False,0.5,0.0,0.0019759429688617214,-0.0001986738831912346,0.0,8.608421670702835e-08,-0.00019875996740794164,1.0665299275530742,1.0663179440994341,-0.13599259743951342,0.9997170358679212,0.0005027318255690456,0.9992143040423521,False,False,False,-1.0
2024-06-27,2024-06-28 00:00:00,-0.195005640658868,0.0,0.0,-0.097502820329434,0.0,0.0,0.0,0.097502820329434,0.097502820329434,-0.097502820329434,False,0.5,0.0,0.0010206271057682237,-9.951402131706935e-05,0.0,8.347844206287157e-08,-9.959749975913222e-05,1.0636283402615603,1.0635224055381973,-0.13825774361323917,0.9998121968904371,0.00048751410164717,0.9993246827887899,False,False,False,-1.0
2024-06-28,2024-06-29 00:00:00,-0.2013323217328122,0.0,0.0,-0.1006661608664061,0.0,0.0,0.0,0.1006661608664061,0.1006661608664061,-0.1006661608664061,False,0.5,0.0,0.0007974458279218499,-8.027580999582535e-05,0.0,8.618678156370386e-08,-8.036199677738905e-05,1.0647850211734637,1.0646994529230236,-0.13730401526300184,0.9997180630832698,0.0005033308043320305,0.9992147322789378,False,False,False,-1.0
2024-06-29,2024-06-30 00:00:00,-0.19893477122965716,0.0,0.0,-0.09946738561482858,0.0,0.0,0.0,0.09946738561482858,0.09946738561482858,-0.09946738561482858,False,0.5,0.0,0.0010026097341611084,-9.972696904898374e-05,0.0,8.516043288940803e-08,-9.981212948187315e-05,1.0653806203877139,1.0652742824792842,-0.1368382470607803,0.9998638168582767,0.000497336928074143,0.9993664799302026,False,False,False,-1.0
2024-06-30,2024-07-01 00:00:00,-0.20116317176628573,0.0,0.0,-0.10058158588314287,0.0,0.0,0.0,0.10058158588314287,0.10058158588314287,-0.10058158588314287,False,0.5,0.0,0.000111779829035763,-1.1242992474163623e-05,0.0,8.611437147529354e-08,-1.1329106845638917e-05,1.065097584077929,1.065085517473598,-0.13699119802925996,0.9999274261709925,0.0005029079294157143,0.9994245182415767,False,False,False,-1.0
2024-07-01,2024-07-02 00:00:00,-0.20142121880808092,0.0,0.0,-0.10071060940404046,0.0,0.0,0.0,0.10071060940404046,0.10071060940404046,-0.10071060940404046,False,0.5,0.0,0.0018888219230226433,-0.000190224406923322,0.0,8.62248368185278e-08,-0.00019031063176014055,1.0629281386738687,1.062725852148282,-0.13890316839412165,0.9997841325013556,0.0005035530470202023,0.9992805794543353,False,False,False,-1.0
2024-07-02,2024-07-03 00:00:00,-0.20141722686438446,0.0,0.0,-0.10070861343219223,0.0,0.0,0.0,0.10070861343219223,0.10070861343219223,-0.10070861343219223,False,0.5,0.0,-0.00019314001773373946,1.9450863384233917e-05,0.0,8.622312793852074e-08,1.9364640256295396e-05,1.064475385722526,1.0644959989054321,-0.13746886832418537,0.9998882186674383,0.0005035430671609611,0.9993846756002773,False,False,False,-1.0
2024-07-03,2024-07-04 00:00:00,-0.1998633548043785,0.0,0.0,-0.09993167740218925,0.0,0.0,0.0,0.09993167740218925,0.09993167740218925,-0.09993167740218925,False,0.5,0.0,-0.000592802291362382,5.923972734370416e-05,0.0,8.555794298132641e-08,5.915416940072283e-05,1.0679565431498603,1.0680197172321266,-0.13461369859207195,0.999987220214769,0.0004996583870109462,0.9994875618277581,False,False,False,-1.0
2024-07-04,2024-07-05 00:00:00,-0.19904483586282745,0.0,0.0,-0.09952241793141373,0.0,0.0,0.0,0.09952241793141373,0.09952241793141373,-0.09952241793141373,False,0.5,0.0,0.0027925731612630234,-0.00027792363325926785,0.0,8.520754959881311e-08,-0.00027800884080886665,1.0737219943933016,1.0734234901862894,-0.1302351735377122,0.9993734736511223,0.0004976120896570686,0.9988758615614652,False,False,False,-1.0
2024-07-05,2024-07-06 00:00:00,-0.19510866345990555,0.0,0.0,-0.09755433172995277,0.0,0.0,0.0,0.09755433172995277,0.09755433172995277,-0.09755433172995277,False,0.5,0.0,-0.0016118106005745814,0.0001572391060143071,0.0,8.352254428934312e-08,0.00015715558347001777,1.0780527697856452,1.0782221917976924,-0.12634692075356468,0.9999921033541754,0.00048777165864976387,0.9995043316955257,False,False,False,-1.0
2024-07-06,2024-07-07 00:00:00,-0.1865227574010049,0.0,0.0,-0.09326137870050245,0.0,0.0,0.0,0.09326137870050245,0.09326137870050245,-0.09326137870050245,False,0.5,0.0,-0.0031589266911151714,0.00029460585842721714,0.0,7.98470708052247e-08,0.00029452601135641194,1.076924517115724,1.077241699398282,-0.1271413861341133,0.9999540515292032,0.00046630689350251226,0.9994877446357008,False,False,False,-1.0
2024-07-07,2024-07-08 00:00:00,-0.18059331400906783,0.0,0.0,-0.09029665700453392,0.0,0.0,0.0,0.09029665700453392,0.09029665700453392,-0.09029665700453392,False,0.5,0.0,-0.00015479303162158065,1.397729328302584e-05,0.0,7.730878168196397e-08,1.3899984501343877e-05,1.078771385245738,1.0787863801512734,-0.12588977481821784,0.9999443173722881,0.0004514832850226696,0.9994928340872654,False,False,False,-1.0
2024-07-08,2024-07-09 00:00:00,-0.18042299672602058,0.0,0.0,-0.09021149836301029,0.0,0.0,0.0,0.09021149836301029,0.09021149836301029,-0.09021149836301029,False,0.5,0.0,-0.0029517445179488844,0.0002662812957489704,0.0,7.723587188613895e-08,0.0002662040598770843,1.0783956334687907,1.078682706764574,-0.12597377844401503,0.9995903524434766,0.00045105749181505145,0.9991392949516615,False,False,False,-1.0
2024-07-09,2024-07-10 00:00:00,-0.18022997132500826,0.0,0.0,-0.09011498566250413,0.0,0.0,0.0,0.09011498566250413,0.09011498566250413,-0.09011498566250413,False,0.5,0.0,0.00480512546716505,-0.0004330138125801119,0.0,7.715324114940421e-08,-0.0004330909658212613,1.075901228163434,1.0754352650614003,-0.1286050890080469,0.9995125978266023,0.00045057492831252063,0.9990620228982897,False,False,False,-1.0
2024-07-10,2024-07-11 00:00:00,-0.18187616689954,0.0,0.0,-0.09093808344977,0.0,0.0,0.0,0.09093808344977,0.09093808344977,-0.09093808344977,False,0.5,0.0,-0.000380923114350451,3.4640417960747596e-05,0.0,7.785794815904966e-08,3.456256001258855e-05,1.0736124462542165,1.0736495530488206,-0.1300520011661398,0.9998249734765525,0.00045469041724885,0.9993702830593036,False,False,False,-1.0
2024-07-11,2024-07-12 00:00:00,-0.17666784522152718,0.0,0.0,-0.08833392261076359,0.0,0.0,0.0,0.08833392261076359,0.08833392261076359,-0.08833392261076359,False,0.5,0.0,-0.0033205496963886194,0.00029331717990598683,0.0,7.562835839962635e-08,0.0002932415515475872,1.0733887552408259,1.0737035174248264,-0.13000827535190063,0.9999623775141561,0.00044166961305381795,0.9995207079011023,False,False,False,-1.0
2024-07-12,2024-07-13 00:00:00,-0.17507119799290197,0.0,0.0,-0.08753559899645098,0.0,0.0,0.0,0.08753559899645098,0.08753559899645098,-0.08753559899645098,False,0.5,0.0,0.0015385599590569399,-0.00013467876760800434,0.0,7.49448621544957e-08,-0.00013475371247015884,1.0734267674981104,1.073282119256125,-0.13034972242141496,0.9996812879708594,0.00043767799498225493,0.9992436099758771,False,False,False,-1.0
2024-07-13,2024-07-14 00:00:00,-0.19176235399159045,0.0,0.0,-0.09588117699579522,0.0,0.0,0.0,0.09588117699579522,0.09588117699579522,-0.09588117699579522,False,0.5,0.0,-0.00014894770034246108,1.4281280819652179e-05,0.0,8.209004879776989e-08,1.419919077085441e-05,1.0724227046886126,1.0724379322231836,-0.1310337434018769,0.9999683167779247,0.00047940588497897614,0.9994889108929458,False,False,False,-1.0
2024-07-14,2024-07-15 00:00:00,-0.20453190264839563,0.0,0.0,-0.10226595132419782,0.0,0.0,0.0,0.10226595132419782,0.10226595132419782,-0.10226595132419782,False,0.5,0.0,0.0019437841300544711,-0.00019878293322889875,0.0,8.75564651748269e-08,-0.00019887048969407357,1.0713895510667237,1.07117648330205,-0.13205585994023428,0.9997593818829719,0.0005113297566209891,0.9992480521263509,False,False,False,-1.0
2024-07-15,2024-07-16 00:00:00,-0.21558113920896083,0.0,0.0,-0.10779056960448041,0.0,0.0,0.0,0.10779056960448041,0.10779056960448041,-0.10779056960448041,False,0.5,0.0,0.0005971479500892496,-6.436691767826805e-05,0.0,9.228644657917843e-08,-6.445920412484723e-05,1.0649808810975028,1.064912233277499,-0.1371316053336713,0.9998135318623657,0.0005389528480224021,0.9992745790143432,False,False,False,-1.0
2024-07-16,2024-07-17 00:00:00,0.21479177665599886,0.0,0.0,0.10739588832799943,0.0,0.0,0.10739588832799943,0.0,0.10739588832799943,0.10739588832799943,False,0.5,0.0,0.005113293116854267,0.0005491466565660091,0.0,9.194853452739677e-08,0.0005490547080314816,1.0676941360695944,1.068280358561741,-0.13440250826235256,0.9998906374900685,0.0005369794416399972,0.9993536580484285,False,False,False,1.0
2024-07-17,2024-07-18 00:00:00,0.20281151872400893,0.0,0.0,0.10140575936200447,0.0,0.0,0.10140575936200447,0.0,0.10140575936200447,0.10140575936200447,False,0.5,0.0,-0.005344328703703605,-0.000541945710479221,0.0,8.681999945377094e-08,-0.0005420325304786748,1.0676289081938448,1.0670502185951243,-0.13539925603652614,0.9992998143899608,0.0005070287968100223,0.9987927855931509,False,False,True,1.0
2024-07-18,2024-07-19 00:00:00,0.19772601160951694,0.0,0.0,0.09886300580475847,0.0,0.0,0.09886300580475847,0.0,0.09886300580475847,0.09886300580475847,False,0.5,0.0,-0.00467487314414583,-0.0004621720107861987,0.0,8.464298442188225e-08,-0.00046225665377062057,1.06606048067432,1.0655676871238062,-0.13660050953960723,0.9993853310939287,0.0004943150290237923,0.9988910160649049,False,False,False,1.0
2024-07-19,2024-07-20 00:00:00,0.20036504163856309,0.0,0.0,0.10018252081928154,0.0,0.0,0.10018252081928154,0.0,0.10018252081928154,0.10018252081928154,False,0.5,0.0,0.00037819407996342314,3.788843628966467e-05,0.0,8.577270618089174e-08,3.780266358348378e-05,1.0679000688703244,1.0679404383373687,-0.13467793604799838,0.9999183528606245,0.0005009126040964077,0.999417440256528,False,False,False,1.0
2024-07-20,2024-07-21 00:00:00,0.2015833923925211,0.0,0.0,0.10079169619626055,0.0,0.0,0.10079169619626055,0.0,0.10079169619626055,0.10079169619626055,False,0.5,0.0,0.0013433330665721943,0.00013539681833633566,0.0,8.629426044200389e-08,0.00013531052407589366,1.0689826847060246,1.0691273293133203,-0.13371623171306812,0.9999780197521363,0.0005039584809813027,0.999474061271155,False,False,False,1.0
2024-07-21,2024-07-22 00:00:00,0.20385414715392222,0.0,0.0,0.10192707357696111,0.0,0.0,0.10192707357696111,0.0,0.10192707357696111,0.10192707357696111,False,0.5,0.0,-0.0014522525607008063,-0.00014802385360688128,0.0,8.726633011726123e-08,-0.00014811111993699854,1.069173562770927,1.0690152062771379,-0.13380708185189882,0.9997125894186136,0.0005096353678848056,0.9992029540507288,False,False,False,1.0
2024-07-22,2024-07-23 00:00:00,0.2033928551768803,0.0,0.0,0.10169642758844015,0.0,0.0,0.10169642758844015,0.0,0.10169642758844015,0.10169642758844015,False,0.5,0.0,-0.0005695468777555668,-5.792088281189117e-05,0.0,8.706885923667821e-08,-5.800795167112785e-05,1.0677681413640627,1.0677062023213226,-0.1348677308957078,0.9998925975898904,0.0005084821379422007,0.9993841154519482,False,False,False,1.0
2024-07-23,2024-07-24 00:00:00,0.2034686497378421,0.0,0.0,0.10173432486892105,0.0,0.0,0.10173432486892105,0.0,0.10173432486892105,0.10173432486892105,False,0.5,0.0,0.001202874144582422,0.00012237358900137364,0.0,8.71013055384598e-08,0.00012228648769583517,1.0675259572612348,1.0676565012610724,-0.13490800226524524,0.9996882288418886,0.0005086716243446052,0.9991795572175439,False,False,False,1.0
2024-07-24,2024-07-25 00:00:00,0.20279176150571673,0.0,0.0,0.10139588075285837,0.0,0.0,0.10139588075285837,0.0,0.10139588075285837,0.10139588075285837,False,0.5,0.0,0.0002518294236326657,2.5534466208718823e-05,0.0,8.681154174046093e-08,2.5447654666978362e-05,1.0664453549942046,1.0664724935273198,-0.1358673703902139,0.9998787729301657,0.0005069794037642918,0.9993717935264014,False,False,False,1.0
2024-07-25,2024-07-26 00:00:00,0.2031276850067861,0.0,0.0,0.10156384250339305,0.0,0.0,0.10156384250339305,0.0,0.10156384250339305,0.10156384250339305,False,0.5,0.0,0.0026390865633156846,0.00026803577206941504,0.0,8.69553446090694e-08,0.00026794881672480595,1.0572639827648533,1.0575472753980009,-0.14309922330600766,0.9999830595257345,0.0005078192125169652,0.9994752403132176,False,False,False,1.0
2024-07-26,2024-07-27 00:00:00,-0.22195947037296476,0.0,0.0,-0.11097973518648238,0.0,0.0,0.0,0.11097973518648238,0.11097973518648238,-0.11097973518648238,False,0.5,0.0,0.002148796458487867,-0.00023847286193263468,0.0,9.501689656376916e-08,-0.00023856787882919845,1.0538238690733512,1.0535724605482468,-0.14631990384786542,0.9997125759331245,0.0005548986759324119,0.9991576772571921,False,False,False,-1.0
2024-07-27,2024-07-28 00:00:00,-0.19416911677465482,0.0,0.0,-0.09708455838732741,0.0,0.0,0.0,0.09708455838732741,0.09708455838732741,-0.09708455838732741,False,0.5,0.0,-0.0007855316039458993,7.626298886837661e-05,0.0,8.312034108504058e-08,7.617986852729157e-05,1.0526403356001952,1.0527205256025678,-0.14701020274383714,0.9999603074203243,0.00048542279193663704,0.9994748846283876,False,False,False,-1.0
2024-07-28,2024-07-29 00:00:00,-0.18912469723836228,0.0,0.0,-0.09456234861918114,0.0,0.0,0.0,0.09456234861918114,0.09456234861918114,-0.09456234861918114,False,0.5,0.0,-0.0002905189892385973,2.7472157940872373e-05,0.0,8.096091491368249e-08,2.739119702595869e-05,1.0530451467556934,1.0530739909227853,-0.14672379974845817,0.9999148999397734,0.00047281174309590573,0.9994420881966776,False,False,False,-1.0
2024-07-29,2024-07-30 00:00:00,-0.192024764933759,0.0,0.0,-0.0960123824668795,0.0,0.0,0.0,0.0960123824668795,0.0960123824668795,-0.0960123824668795,False,0.5,0.0,-0.0011021662851862235,0.00010582161091539947,0.0,8.220238224904066e-08,0.00010573940853315044,1.0517294520024674,1.051840661252659,-0.14772313204956333,0.9999973084976226,0.00048006191233439753,0.9995172465852882,False,False,False,-1.0
2024-07-30,2024-07-31 00:00:00,-0.1924101523687883,0.0,0.0,-0.09620507618439415,0.0,0.0,0.0,0.09620507618439415,0.09620507618439415,-0.09620507618439415,False,0.5,0.0,0.0010216536322951164,-9.828826552901469e-05,0.0,8.236735974691281e-08,-9.83706328887616e-05,1.0514833615823298,1.051379926498579,-0.14809645244649072,0.999772317961725,0.0004810253809219708,0.9992912925808031,False,False,False,-1.0
2024-07-31,2024-08-01 00:00:00,-0.19176744696068107,0.0,0.0,-0.09588372348034054,0.0,0.0,0.0,0.09588372348034054,0.09588372348034054,-0.09588372348034054,False,0.5,0.0,-0.0020665651511856398,0.000198149961510392,0.0,8.209222900714086e-08,0.00019806786928138487,1.0516964646243496,1.0519047719022285,-0.14767118499557486,0.9999083749430966,0.0004794186174017027,0.9994289563256948,False,False,False,-1.0
2024-08-01,2024-08-02 00:00:00,-0.1916889713915744,0.0,0.0,-0.0958444856957872,0.0,0.0,0.0,0.0958444856957872,0.0958444856957872,-0.0958444856957872,False,0.5,0.0,0.0004333409301742197,-4.153333858348212e-05,0.0,8.205863501351644e-08,-4.161539721849563e-05,1.0577567167015158,1.0577126977355897,-0.142965186244157,0.9995639717134183,0.000479222428478936,0.9990847492849393,False,False,False,-1.0
2024-08-02,2024-08-03 00:00:00,-0.1938879074149834,0.0,0.0,-0.0969439537074917,0.0,0.0,0.0,0.0969439537074917,0.0969439537074917,-0.0969439537074917,False,0.5,0.0,0.0008695594890679725,-8.429853485411567e-05,0.0,8.299996036600316e-08,-8.438153481448167e-05,1.0602860377436678,1.0601965691804607,-0.14095257515826787,0.9996563366079827,0.00048471976853745855,0.9991716168394452,False,False,False,-1.0
2024-08-03,2024-08-04 00:00:00,-0.18220358540823328,0.0,0.0,-0.09110179270411664,0.0,0.0,0.0,0.09110179270411664,0.09110179270411664,-0.09110179270411664,False,0.5,0.0,-0.008755057148728262,0.0007976014014761366,0.0,7.799811019188069e-08,0.0007975234033659448,1.0623943319372926,1.063241616280616,-0.13848525924162391,0.9999425339826223,0.00045550896352058323,0.9994870250191018,False,False,False,-1.0
2024-08-04,2024-08-05 00:00:00,-0.18377547428906624,0.0,0.0,-0.09188773714453312,0.0,0.0,0.0,0.09188773714453312,0.09188773714453312,-0.09188773714453312,False,0.5,0.0,-0.0062657258121195936,0.0005757433664437615,0.0,7.867100782922357e-08,0.0005756646954359323,1.0664617795672569,1.0670757039627856,-0.13537860596077878,0.999943412585791,0.0004594386857226656,0.9994839739000684,False,False,False,-1.0
2024-08-05,2024-08-06 00:00:00,-0.1898424419566115,0.0,0.0,-0.09492122097830576,0.0,0.0,0.0,0.09492122097830576,0.09492122097830576,-0.09492122097830576,False,0.5,0.0,0.006593812908261887,-0.0006258927721547315,0.0,8.126816864580972e-08,-0.0006259740403233773,1.0809137461261953,1.0802371221812916,-0.12471427940423041,0.9989037289607865,0.0004746061048915288,0.9984291228558949,False,False,False,-1.0
2024-08-06,2024-08-07 00:00:00,-0.19271385962577414,0.0,0.0,-0.09635692981288707,0.0,0.0,0.0,0.09635692981288707,0.09635692981288707,-0.09635692981288707,False,0.5,0.0,0.0053465937344605585,-0.0005151813572094378,0.0,8.249737141514303e-08,-0.0005152638545808529,1.0773157206990052,1.076760618848157,-0.12753119215663777,0.9993808565711605,0.00048178464906443536,0.998899071922096,False,False,False,-1.0
2024-08-07,2024-08-08 00:00:00,-0.1412022779797484,0.0,0.0,-0.0706011389898742,0.0,0.0,0.0,0.0706011389898742,0.0706011389898742,-0.0706011389898742,False,0.5,0.0,0.0069122404257540015,-0.0004880120470300855,0.0,6.044618064201559e-08,-0.0004880724932107275,1.0805723750220182,1.0800449773688465,-0.12486996893495139,0.9992190024012653,0.00035300569494937104,0.9988659967063159,False,False,False,-1.0
2024-08-08,2024-08-09 00:00:00,-0.1390702309123713,0.0,0.0,-0.06953511545618565,0.0,0.0,0.0,0.06953511545618565,0.06953511545618565,-0.06953511545618565,False,0.5,0.0,0.007750099489088225,-0.0005389040627706751,0.0,5.953348926043292e-08,-0.0005389635962599356,1.0776280210120455,1.0770472187384104,-0.12729896833622645,0.9993489510670331,0.0003476755772809283,0.9990012754897523,False,False,False,-1.0
2024-08-09,2024-08-10 00:00:00,-0.1365256169445239,0.0,0.0,-0.06826280847226195,0.0,0.0,0.0,0.06826280847226195,0.06826280847226195,-0.06826280847226195,False,0.5,0.0,-0.004823626433472672,0.000329274287369885,0.0,5.844418533584071e-08,0.00032921584318454914,1.0750517199306189,1.0754056439890627,-0.12862909012883184,0.9999117810208091,0.0003413140423613097,0.9995704669784479,False,False,False,-1.0
2024-08-10,2024-08-11 00:00:00,-0.1357683644979749,0.0,0.0,-0.06788418224898746,0.0,0.0,0.0,0.06788418224898746,0.06788418224898746,-0.06788418224898746,False,0.5,0.0,-0.005763236896953794,0.0003912326238569003,0.0,5.812001904879063e-08,0.00039117450383785153,1.0737727302159468,1.0741927627309236,-0.12961185365753158,0.9999973457776329,0.0003394209112449373,0.9996579248663879,False,False,False,-1.0
2024-08-11,2024-08-12 00:00:00,-0.13557166613606764,0.0,0.0,-0.06778583306803382,0.0,0.0,0.0,0.06778583306803382,0.06778583306803382,-0.06778583306803382,False,0.5,0.0,-0.0022329522682595915,0.00015136252970513213,0.0,5.803581598290567e-08,0.00015130449388914922,1.073596933457305,1.0737593734979627,-0.12996301674874688,0.9999999419641841,0.0003389291653401691,0.9996610127988439,False,False,False,-1.0
2024-08-12,2024-08-13 00:00:00,-0.13485273023694797,0.0,0.0,-0.06742636511847398,0.0,0.0,0.0,0.06742636511847398,0.06742636511847398,-0.06742636511847398,False,0.5,0.0,0.0036121963870572316,-0.00024355727247335346,0.0,5.7728052327460604e-08,-0.00024361500052568093,1.0718543681900354,1.0715932483875654,-0.13171816692755778,0.999672850893626,0.0003371318255923699,0.9993357190680336,False,False,False,-1.0
2024-08-13,2024-08-14 00:00:00,-0.13480535721553133,0.0,0.0,-0.06740267860776566,0.0,0.0,0.0,0.06740267860776566,0.06740267860776566,-0.06740267860776566,False,0.5,0.0,0.0011551790527530859,-7.786216242713943e-05,0.0,5.770777278062129e-08,-7.791987019992005e-05,1.0726254904744053,1.0725419116354145,-0.13094949181220938,0.9998350577129698,0.0003370133930388283,0.999498044319931,False,False,False,-1.0
2024-08-14,2024-08-15 00:00:00,-0.13335479525739025,0.0,0.0,-0.06667739762869512,0.0,0.0,0.0,0.06667739762869512,0.06667739762869512,-0.06667739762869512,False,0.5,0.0,0.0003890963237880296,-2.5943930297077954e-05,0.0,5.7086813038266365e-08,-2.600101711011622e-05,1.0719096760130078,1.0718818052711812,-0.13148435741053388,0.9996724007931864,0.0003333869881434756,0.999339013805043,False,False,False,-1.0
2024-08-15,2024-08-16 00:00:00,-0.1336731842860086,0.0,0.0,-0.0668365921430043,0.0,0.0,0.0,0.0668365921430043,0.0668365921430043,-0.0668365921430043,False,0.5,0.0,0.0004874006921089524,-3.257620126870407e-05,0.0,5.722310971147628e-08,-3.2633424378415544e-05,1.072026551241826,1.0719915673444345,-0.13139542029347973,0.999778424608263,0.0003341829607150215,0.9994442416475481,False,False,False,-1.0
2024-08-16,2024-08-17 00:00:00,-0.13906136804191788,0.0,0.0,-0.06953068402095894,0.0,0.0,0.0,0.06953068402095894,0.06953068402095894,-0.06953068402095894,False,0.5,0.0,-0.001737035381895069,0.00012077725827177178,0.0,5.952969522342375e-08,0.00012071772857654835,1.0746252632433912,1.074754989564241,-0.12915629708681797,0.999958330408171,0.0003476534201047947,0.9996106769880662,False,False,False,-1.0
2024-08-17,2024-08-18 00:00:00,-0.14171135930252343,0.0,0.0,-0.07085567965126172,0.0,0.0,0.0,0.07085567965126172,0.07085567965126172,-0.07085567965126172,False,0.5,0.0,-0.0010002146054326477,7.087088566504882e-05,0.0,6.066410929046379e-08,7.081022155575835e-05,1.073543690865,1.0736197087316,-0.1300761831759668,0.999968441164484,0.0003542783982563086,0.9996141627662277,False,False,False,-1.0
2024-08-18,2024-08-19 00:00:00,-0.1403035489972686,0.0,0.0,-0.0701517744986343,0.0,0.0,0.0,0.0701517744986343,0.0701517744986343,-0.0701517744986343,False,0.5,0.0,0.0017167575023802062,-0.00012043358517581486,0.0,6.006145076937869e-08,-0.00012049364662658424,1.071854194454262,1.0717250428337204,-0.13161137759917363,0.9998319114212406,0.0003507588724931715,0.9994811525487475,False,False,False,-1.0
2024-08-19,2024-08-20 00:00:00,-0.139391602943735,0.0,0.0,-0.0696958014718675,0.0,0.0,0.0,0.0696958014718675,0.0696958014718675,-0.0696958014718675,False,0.5,0.0,-0.0010475494686873477,7.300979980159367e-05,0.0,5.967106290399616e-08,7.295012873868967e-05,1.0741214597167843,1.0741998170155516,-0.12960613776934637,0.9998579618621642,0.00034847900735933754,0.9995094828548049,False,False,False,-1.0
2024-08-20,2024-08-21 00:00:00,-0.1390945842867866,0.0,0.0,-0.0695472921433933,0.0,0.0,0.0,0.0695472921433933,0.0695472921433933,-0.0695472921433933,False,0.5,0.0,-3.495145631071672e-05,2.430779142878463e-06,0.0,5.9543914506329865e-08,2.371235228372133e-06,1.0744323193679208,1.074434867099687,-0.12941568330518838,0.9999189144846563,0.0003477364607169665,0.9995711780239394,False,False,False,-1.0
2024-08-21,2024-08-22 00:00:00,-0.1388236434458312,0.0,0.0,-0.0694118217229156,0.0,0.0,0.0,0.0694118217229156,0.0694118217229156,-0.0694118217229156,False,0.5,0.0,-0.002327587859731084,0.00016156211356407668,0.0,5.942792955729076e-08,0.00016150268563451937,1.0734488888321838,1.0736222537106217,-0.13007412105113214,0.999942715111747,0.00034705910861457804,0.9995956560031325,False,False,False,-1.0
2024-08-22,2024-08-23 00:00:00,-0.1388914404614989,0.0,0.0,-0.06944572023074945,0.0,0.0,0.0,0.06944572023074945,0.06944572023074945,-0.06944572023074945,False,0.5,0.0,0.001969634480552207,-0.00013678268509326609,0.0,5.945695225235398e-08,-0.00013684214204551844,1.073813606601537,1.073666663647452,-0.13003813692990374,0.9998369255621832,0.00034722860115374727,0.9994896969610294,False,False,False,-1.0
2024-08-23,2024-08-24 00:00:00,-0.1382351718655093,0.0,0.0,-0.06911758593275465,0.0,0.0,0.0,0.06911758593275465,0.06911758593275465,-0.06911758593275465,False,0.5,0.0,-0.0012379431443755307,8.556364166124024e-05,0.0,5.917601535338583e-08,8.550446564588685e-05,1.0715467320642862,1.0716383540950258,-0.1316816190429806,0.999843548065057,0.0003455879296637732,0.9994979601353933,False,False,False,-1.0
2024-08-24,2024-08-25 00:00:00,-0.13823913305412222,0.0,0.0,-0.06911956652706111,0.0,0.0,0.0,0.06911956652706111,0.06911956652706111,-0.06911956652706111,False,0.5,0.0,-1.0863936438676447e-05,7.5091057741886e-07,0.0,5.917771106768931e-08,6.917328663511707e-07,1.0691332507271243,1.0691339902817323,-0.13371083451793697,0.9999381158514145,0.00034559783263530554,0.9995925180187791,False,False,False,-1.0
2024-08-25,2024-08-26 00:00:00,0.13622673332585647,0.0,0.0,0.06811336666292823,0.0,0.0,0.06811336666292823,0.0,0.06811336666292823,0.06811336666292823,False,0.5,0.0,-0.0001591717282070082,-1.0841722285735906e-05,0.0,5.831623858127417e-08,-1.090003852431718e-05,1.0689173549849824,1.0689057037446337,-0.13389580867039264,0.999879204321943,0.0003405668333146412,0.9995386374886284,False,False,False,1.0
2024-08-26,2024-08-27 00:00:00,0.14356798549753716,0.0,0.0,0.07178399274876858,0.0,0.0,0.07178399274876858,0.0,0.07178399274876858,0.07178399274876858,False,0.5,0.0,-0.0019325265859919671,-0.00013872447443564987,0.0,6.145889790134296e-08,-0.00013878593333355123,1.0678828582751139,1.0677346511559374,-0.13484467960613944,0.9998493685233086,0.0003589199637438429,0.9994904485595648,False,False,False,1.0
2024-08-27,2024-08-28 00:00:00,0.14652364980984492,0.0,0.0,0.07326182490492246,0.0,0.0,0.07326182490492246,0.0,0.07326182490492246,0.07326182490492246,False,0.5,0.0,-0.003550867431706628,-0.0002601430280422827,0.0,6.272416515832401e-08,-0.00026020575220744104,1.063824023343626,1.0635472102134156,-0.1382376450834102,0.9996291131553393,0.0003663091245246123,0.9992628040308147,False,False,False,1.0
2024-08-28,2024-08-29 00:00:00,0.14672348554137765,0.0,0.0,0.07336174277068883,0.0,0.0,0.07336174277068883,0.0,0.07336174277068883,0.07336174277068883,False,0.5,0.0,0.0015447206663563584,0.0001133234001778022,0.0,6.280971127627467e-08,0.00011326059046652593,1.0609964646381358,1.0611166337242037,-0.1402070727675162,0.9997264892973922,0.0003668087138534441,0.9993596805835387,False,False,False,1.0
2024-08-29,2024-08-30 00:00:00,-0.1427019245956297,0.0,0.0,-0.07135096229781485,0.0,0.0,0.0,0.07135096229781485,0.07135096229781485,-0.07135096229781485,False,0.5,0.0,-0.0018405145691258173,0.00013132248563027513,0.0,6.108815265223874e-08,0.0001312613974776229,1.0572199253166363,1.0573586974814746,-0.14325202268140946,0.999838204903229,0.0003567548114890742,0.9994814500917399,False,False,False,-1.0
2024-08-30,2024-08-31 00:00:00,-0.14242977466496426,0.0,0.0,-0.07121488733248213,0.0,0.0,0.0,0.07121488733248213,0.07121488733248213,-0.07121488733248213,False,0.5,0.0,0.0005597731488669044,-3.986418172830535e-05,0.0,6.097165011342649e-08,-3.992515337841877e-05,1.061187534265444,1.061145166190375,-0.14018395371365266,0.999757262184836,0.00035607443666241066,0.9994011877481735,False,False,False,-1.0
2024-08-31,2024-09-01 00:00:00,-0.1399234366884361,0.0,0.0,-0.06996171834421805,0.0,0.0,0.0,0.06996171834421805,0.06996171834421805,-0.06996171834421805,False,0.5,0.0,-0.00048398870164068075,3.386068122596909e-05,0.0,5.989873145909079e-08,3.380078249451e-05,1.0589562876281484,1.0589920811792977,-0.14192853786719428,0.9999999401012686,0.00034980859172109027,0.9996501315095475,False,False,False,-1.0
2024-09-01,2024-09-02 00:00:00,-0.1371666225320204,0.0,0.0,-0.0685833112660102,0.0,0.0,0.0,0.0685833112660102,0.0685833112660102,-0.0685833112660102,False,0.5,0.0,0.003848036934680499,-0.0002639111148542964,0.0,5.8718588412679957e-08,-0.0002639698334427091,1.0603699174029548,1.0600900117324703,-0.14103891565771365,0.9994846069593459,0.00034291655633005095,0.9991416904030159,False,False,False,-1.0
2024-09-02,2024-09-03 00:00:00,-0.13890135595565817,0.0,0.0,-0.06945067797782908,0.0,0.0,0.0,0.06945067797782908,0.06945067797782908,-0.06945067797782908,False,0.5,0.0,-0.0032041876511876843,0.0002225330047431724,0.0,5.946119689882627e-08,0.00022247354354627358,1.0588382622390498,1.0590738257392924,-0.1418623025521596,0.9999522942395203,0.00034725338988914544,0.9996050408496311,False,False,False,-1.0
2024-09-03,2024-09-04 00:00:00,-0.13933910016121048,0.0,0.0,-0.06966955008060524,0.0,0.0,0.0,0.06966955008060524,0.06966955008060524,-0.06966955008060524,False,0.5,0.0,-0.0007032032543591304,4.8991854346418025e-05,0.0,5.964858739777846e-08,4.8932205759020247e-05,1.0610628219569465,1.0611147421012737,-0.14020860549630831,0.999817075406701,0.0003483477504030262,0.9994687276562979,False,False,False,-1.0
2024-09-04,2024-09-05 00:00:00,-0.13986397042860124,0.0,0.0,-0.06993198521430062,0.0,0.0,0.0,0.06993198521430062,0.06993198521430062,-0.06993198521430062,False,0.5,0.0,0.008957922419460917,-0.000626445298188593,0.0,5.987327501224369e-08,-0.0006265051714636052,1.061362414757057,1.0606974657154147,-0.14054671280125508,0.9992665968235244,0.0003496599260715031,0.9989169368974529,False,False,False,-1.0
2024-09-05,2024-09-06 00:00:00,-0.14101250128607343,0.0,0.0,-0.07050625064303671,0.0,0.0,0.0,0.07050625064303671,0.07050625064303671,-0.07050625064303671,False,0.5,0.0,0.0020412648234708897,-0.00014392192927245264,0.0,6.036494061903827e-08,-0.00014398229421307168,1.0634338268140762,1.0632807111719478,-0.138453581752091,0.9996337283491881,0.0003525312532151836,0.9992811970959729,False,False,False,-1.0
2024-09-06,2024-09-07 00:00:00,-0.19537462921182447,0.0,0.0,-0.09768731460591223,0.0,0.0,0.0,0.09768731460591223,0.09768731460591223,-0.09768731460591223,False,0.5,0.0,-0.006179563177788228,0.0006036649322757094,0.0,8.363639949136322e-08,0.000603581295876218,1.0661929578349396,1.0668364919620836,-0.13557243270873098,0.9998985990048829,0.0004884365730295612,0.9994101624318533,False,False,False,-1.0
2024-09-07,2024-09-08 00:00:00,-0.19477513659139056,0.0,0.0,-0.09738756829569528,0.0,0.0,0.0,0.09738756829569528,0.09738756829569528,-0.09738756829569528,False,0.5,0.0,-0.00072103690318992,7.022003065312496e-05,0.0,8.337976737645143e-08,7.013665088574852e-05,1.066200080618822,1.0662748603216508,-0.13602750701141098,0.9998319807637911,0.0004869378414784764,0.9993450429223126,False,False,False,-1.0
2024-09-08,2024-09-09 00:00:00,-0.19901948372655526,0.0,0.0,-0.09950974186327763,0.0,0.0,0.0,0.09950974186327763,0.09950974186327763,-0.09950974186327763,False,0.5,0.0,-0.007404362163930367,0.0007368061675949306,0.0,8.519669680075139e-08,0.0007367209708981299,1.0680277988644484,1.068814637341374,-0.13396959721252144,0.999871028709509,0.0004975487093163882,0.9993734800001925,False,False,False,-1.0
2024-09-09,2024-09-10 00:00:00,-0.2072256149338714,0.0,0.0,-0.1036128074669357,0.0,0.0,0.0,0.1036128074669357,0.1036128074669357,-0.1036128074669357,False,0.5,0.0,0.001104789020231145,-0.00011447029204479416,0.0,8.870959543402028e-08,-0.00011455900164022818,1.0665690434971709,1.0664468584123674,-0.13588814180197428,0.9996641920939728,0.0005180640373346785,0.9991461280566382,False,False,False,-1.0
2024-09-10,2024-09-11 00:00:00,-0.20802131792420223,0.0,0.0,-0.10401065896210111,0.0,0.0,0.0,0.10401065896210111,0.10401065896210111,-0.10401065896210111,False,0.5,0.0,-0.0078524758771088,0.0008167411904620892,0.0,8.905022171412767e-08,0.000816652140240375,1.0639702768474575,1.064839170451197,-0.1371908060843725,0.9999999109497782,0.0005200532948105056,0.9994798576549677,False,False,False,-1.0
2024-09-11,2024-09-12 00:00:00,-0.20686513539553836,0.0,0.0,-0.10343256769776918,0.0,0.0,0.0,0.10343256769776918,0.10343256769776918,-0.10343256769776918,False,0.5,0.0,-0.0035294974321193884,0.00036506498208679114,0.0,8.855528056315855e-08,0.000364976426806228,1.064284967794516,1.0646734067191654,-0.13732511976852635,0.9998528221558204,0.0005171628384888459,0.9993356593173316,False,False,False,-1.0
2024-09-12,2024-09-13 00:00:00,-0.20561484631210922,0.0,0.0,-0.10280742315605461,0.0,0.0,0.0,0.10280742315605461,0.10280742315605461,-0.10280742315605461,False,0.5,0.0,0.0013967383572803804,-0.00014359507133521665,0.0,8.802005407196457e-08,-0.0001436830913892886,1.0649430425304542,1.06479002822195,-0.1372306246488848,0.9998111110528201,0.000514037115780273,0.9992970739370398,False,False,False,-1.0
2024-09-13,2024-09-14 00:00:00,-0.21142093034800521,0.0,0.0,-0.10571046517400261,0.0,0.0,0.0,0.10571046517400261,0.10571046517400261,-0.10571046517400261,False,0.5,0.0,0.006680602006688963,-0.0007062095457694655,0.0,9.050553525171456e-08,-0.0007063000513047172,1.06146897912903,1.0607192635346128,-0.14052905064218613,0.9992044294053627,0.000528552325870013,0.9986758770794927,False,False,False,-1.0
2024-09-14,2024-09-15 00:00:00,-0.21187494567256113,0.0,0.0,-0.10593747283628056,0.0,0.0,0.0,0.10593747283628056,0.10593747283628056,-0.10593747283628056,False,0.5,0.0,0.000835750251345857,-8.853726954986638e-05,0.0,9.069989112695253e-08,-8.862796944099333e-05,1.0602752223048744,1.0601812522648728,-0.14096498602364393,0.9998592139361212,0.0005296873641814028,0.9993295265719399,False,False,False,-1.0
2024-09-15,2024-09-16 00:00:00,-0.2039674604138859,0.0,0.0,-0.10198373020694294,0.0,0.0,0.0,0.10198373020694294,0.10198373020694294,-0.10198373020694294,False,0.5,0.0,-0.0013724189402107845,0.0001399644029293552,0.0,8.73148375059443e-08,0.00013987708809184927,1.060481459484541,1.060629796543069,-0.1406015432260409,0.9999829985579203,0.0005099186510347147,0.9994730799068856,False,False,False,-1.0
2024-09-16,2024-09-17 00:00:00,-0.2036533158509591,0.0,0.0,-0.10182665792547956,0.0,0.0,0.0,0.10182665792547956,0.10182665792547956,-0.10182665792547956,False,0.5,0.0,-0.000751255732692635,7.649786050744846e-05,0.0,8.718035781291057e-08,7.641068014963554e-05,1.066041789347655,1.066123246325847,-0.13615035556275634,0.999831795428527,0.0005091332896273977,0.9993226621388995,False,False,False,-1.0
2024-09-17,2024-09-18 00:00:00,-0.21038839303635373,0.0,0.0,-0.10519419651817687,0.0,0.0,0.0,0.10519419651817687,0.10519419651817687,-0.10519419651817687,False,0.5,0.0,0.0024767671670660185,-0.00026054153210211095,0.0,9.006352441624732e-08,-0.0002606315956265272,1.0617257008475003,1.0614489815839707,-0.13993778065567208,0.9997252133466022,0.0005259709825908844,0.9991992423640114,False,False,False,-1.0
2024-09-18,2024-09-19 00:00:00,-0.19990248756446743,0.0,0.0,-0.09995124378223372,0.0,0.0,0.0,0.09995124378223372,0.09995124378223372,-0.09995124378223372,False,0.5,0.0,0.0013605620167715937,-0.00013598986581918513,0.0,8.557469501903572e-08,-0.00013607544051420418,1.0655402388983326,1.065395245040939,-0.1367402345033807,0.9996586321658935,0.0004997562189111686,0.9991588759469823,False,False,False,-1.0
2024-09-19,2024-09-20 00:00:00,-0.19425188887810615,0.0,0.0,-0.09712594443905308,0.0,0.0,0.0,0.09712594443905308,0.09712594443905308,-0.09712594443905308,False,0.5,0.0,0.0013910716996927697,-0.00013510915261509906,0.0,8.315577434850436e-08,-0.00013519230838944757,1.0592068450176013,1.0590636483991616,-0.14187054896427342,0.9998157857866794,0.0004856297221952654,0.9993301560644842,False,False,False,-1.0
2024-09-20,2024-09-21 00:00:00,-0.19314593844108502,0.0,0.0,-0.09657296922054251,0.0,0.0,0.0,0.09657296922054251,0.09657296922054251,-0.09657296922054251,False,0.5,0.0,0.003448708301981407,-0.0003330520006978798,0.0,8.268233666142337e-08,-0.00033313468303454127,1.0544431872964206,1.0540919156994426,-0.14589900396672306,0.9995866300622519,0.0004828648461027126,0.9991037652161492,False,False,False,-1.0
2024-09-21,2024-09-22 00:00:00,0.17749046807179253,0.0,0.0,0.08874523403589626,0.0,0.0,0.08874523403589626,0.0,0.08874523403589626,0.08874523403589626,False,0.5,0.0,0.00010158234030099855,9.014948563926173e-06,0.0,7.598050859237694e-08,8.938968055333796e-06,1.0539275483322477,1.053936969356935,-0.14602455262476377,0.9998900109927699,0.0004437261701794813,0.9994462848225903,False,False,False,1.0
2024-09-22,2024-09-23 00:00:00,0.17019132049897936,0.0,0.0,0.08509566024948968,0.0,0.0,0.08509566024948968,0.0,0.08509566024948968,0.08509566024948968,False,0.5,0.0,-0.0004665684280920068,-3.970294844005587e-05,0.0,7.285587350127541e-08,-3.977580431355715e-05,1.0543761582521376,1.0543342195923942,-0.14570267194554887,0.999922837252572,0.0004254783012474484,0.9994973589513246,False,False,False,1.0
2024-09-23,2024-09-24 00:00:00,0.1701914547745845,0.0,0.0,0.08509572738729225,0.0,0.0,0.08509572738729225,0.0,0.08509572738729225,0.08509572738729225,False,0.5,0.0,-0.0006013318941205936,-5.1170774931370124e-05,0.0,7.285593098227076e-08,-5.124363086235239e-05,1.0580272268313509,1.0579730096746967,-0.14275426281029024,0.9998505466209774,0.0004254786369364613,0.999425067984041,False,False,False,1.0
2024-09-24,2024-09-25 00:00:00,0.17249271848942868,0.0,0.0,0.08624635924471434,0.0,0.0,0.08624635924471434,0.0,0.08624635924471434,0.08624635924471434,False,0.5,0.0,0.0010650157645319958,9.18537322291106e-05,0.0,7.384106099718693e-08,9.177989116811341e-05,1.0557220987051046,1.0558189927644275,-0.1444996020555046,0.9999774583395448,0.0004312317962235717,0.9995462265433211,False,False,False,1.0
2024-09-25,2024-09-26 00:00:00,0.1709324546339383,0.0,0.0,0.08546622731696915,0.0,0.0,0.08546622731696915,0.0,0.08546622731696915,0.08546622731696915,False,0.5,0.0,-0.00466130884041327,-0.0003983844809493584,0.0,7.317313982617222e-08,-0.00039845765408918457,1.0558282063632114,1.0554075035329826,-0.14483302019219602,0.9994111812885114,0.0004273311365848458,0.9989838501519265,False,False,False,1.0
2024-09-26,2024-09-27 00:00:00,0.16946482974942673,0.0,0.0,0.08473241487471336,0.0,0.0,0.08473241487471336,0.0,0.08473241487471336,0.08473241487471336,False,0.5,0.0,0.00033569577664538386,2.844431381840578e-05,0.0,7.254487574889843e-08,2.837176894265688e-05,1.0571364603439817,1.0571664531753755,-0.14340779282903648,0.9998784798230905,0.0004236620743735668,0.9994548177487169,False,False,False,1.0
2024-09-27,2024-09-28 00:00:00,0.16999385428230895,0.0,0.0,0.08499692714115448,0.0,0.0,0.08499692714115448,0.0,0.08499692714115448,0.08499692714115448,False,0.5,0.0,-0.0035754861992916,-0.00030390533997539147,0.0,7.277134173044048e-08,-0.0003039781113171219,1.05857083277012,1.0582490504076791,-0.14253059477766927,0.9995789410152344,0.0004249846357057724,0.9991539563795286,False,False,False,1.0
2024-09-28,2024-09-29 00:00:00,0.17793014021549997,0.0,0.0,0.08896507010774998,0.0,0.0,0.08896507010774998,0.0,0.08896507010774998,0.08896507010774998,False,0.5,0.0,0.0005170495206052728,4.599934684982661e-05,0.0,7.616872440732019e-08,4.592317812541929e-05,1.0577226568169487,1.0577712308029248,-0.14291775854798827,0.9999435912978145,0.0004448253505387499,0.9994987659472757,False,False,False,1.0
2024-09-29,2024-09-30 00:00:00,0.181719070212473,0.0,0.0,0.0908595351062365,0.0,0.0,0.0908595351062365,0.0,0.0908595351062365,0.0908595351062365,False,0.5,0.0,0.0001462898639879029,1.3291829032695426e-05,0.0,7.779069786492851e-08,1.3214038334830498e-05,1.0576108233756623,1.0576247986856258,-0.14303640836910314,0.9998840447254274,0.00045429767553118247,0.9994297470498962,False,False,False,1.0
2024-09-30,2024-10-01 00:00:00,0.18484626879614702,0.0,0.0,0.09242313439807351,0.0,0.0,0.09242313439807351,0.0,0.09242313439807351,0.09242313439807351,False,0.5,0.0,-0.0052107279693486275,-0.00048159181142290886,0.0,7.912939588876156e-08,-0.0004816709408187976,1.0555524091732826,1.0550439802512726,-0.1451275728705399,0.9993989934412035,0.00046211567199036757,0.9989368777692131,False,False,False,1.0
2024-10-01,2024-10-02 00:00:00,0.1964749771258824,0.0,0.0,0.0982374885629412,0.0,0.0,0.0982374885629412,0.0,0.0982374885629412,0.0982374885629412,False,0.5,0.0,-0.0024812425177498376,-0.0002437510334593331,0.0,8.41074388381346e-08,-0.00024383514089817122,1.0524099032302603,1.0521532887132234,-0.14746981882186605,0.9996855236360292,0.000491187442814706,0.9991943361932145,False,False,False,1.0
2024-10-02,2024-10-03 00:00:00,-0.1959806852742848,0.0,0.0,-0.0979903426371424,0.0,0.0,0.0,0.0979903426371424,0.0979903426371424,-0.0979903426371424,False,0.5,0.0,0.0009805118190324702,-9.608068910675952e-05,0.0,8.389584129892329e-08,-9.616458494805844e-05,1.0545412749681722,1.0544398654441542,-0.14561707008685787,0.9997742660210284,0.0004899517131857121,0.9992843143078427,False,False,False,-1.0
2024-10-03,2024-10-04 00:00:00,-0.1934416822245312,0.0,0.0,-0.0967208411122656,0.0,0.0,0.0,0.0967208411122656,0.0967208411122656,-0.0967208411122656,False,0.5,0.0,0.010177875422459515,-0.0009844126715961399,0.0,8.280893930844657e-08,-0.0009844954805354484,1.060505950145417,1.059461886830418,-0.14154786757783178,0.9987549983671847,0.000483604205561328,0.9982713941616234,False,False,False,-1.0
2024-10-04,2024-10-05 00:00:00,-0.191314453253029,0.0,0.0,-0.0956572266265145,0.0,0.0,0.0,0.0956572266265145,0.0956572266265145,-0.0956572266265145,False,0.5,0.0,0.010804075779051736,-0.0010334879252867882,0.0,8.189831046790625e-08,-0.0010335698235972562,1.0572204336342683,1.0561277224971735,-0.14424944704689846,0.9989240347738948,0.00047828613313257253,0.9984457486407622,False,False,False,-1.0
2024-10-05,2024-10-06 00:00:00,-0.18458377865859749,0.0,0.0,-0.09229188932929874,0.0,0.0,0.0,0.09229188932929874,0.09229188932929874,-0.09229188932929874,False,0.5,0.0,0.0007997580006877669,-7.381117688969662e-05,0.0,7.90170285353585e-08,-7.389019391823198e-05,1.0562763174531977,1.05619826899127,-0.14419228520932337,0.9998354712106264,0.0004614594466464937,0.99937401176398,False,False,False,-1.0
2024-10-06,2024-10-07 00:00:00,-0.18056192842626603,0.0,0.0,-0.09028096421313302,0.0,0.0,0.0,0.09028096421313302,0.09028096421313302,-0.09028096421313302,False,0.5,0.0,-0.0005024612430809539,4.5362685505077924e-05,0.0,7.729534607288785e-08,4.5285390159005036e-05,1.05490044589657,1.0549482174748412,-0.14520516675159967,0.9999696809143171,0.0004514048210656651,0.9995182760932515,False,False,False,-1.0
2024-10-07,2024-10-08 00:00:00,-0.18511720415640612,0.0,0.0,-0.09255860207820306,0.0,0.0,0.0,0.09255860207820306,0.09255860207820306,-0.09255860207820306,False,0.5,0.0,-0.002575854687934531,0.00023841750907180618,0.0,7.92453784916122e-08,0.00023833826369331457,1.0535576203024442,1.0538087233963678,-0.1461284667152014,0.9999775341340514,0.0004627930103910153,0.9995147411236605,False,False,False,-1.0
2024-10-08,2024-10-09 00:00:00,-0.18980615775564402,0.0,0.0,-0.09490307887782201,0.0,0.0,0.0,0.09490307887782201,0.09490307887782201,-0.09490307887782201,False,0.5,0.0,0.0013202494816262345,-0.00012529574069317816,0.0,8.125263602553255e-08,-0.0001253769933292037,1.056118827380427,1.0559864143772517,-0.14436394503723038,0.9997579683515426,0.0004745153943891101,0.9992834529571535,False,False,False,-1.0
2024-10-09,2024-10-10 00:00:00,-0.18949706996810706,0.0,0.0,-0.09474853498405353,0.0,0.0,0.0,0.09474853498405353,0.09474853498405353,-0.09474853498405353,False,0.5,0.0,-0.000125932816873342,1.1931949905164252e-05,0.0,8.112032104799103e-08,1.1850829584116261e-05,1.0542222852009857,1.0542347786096313,-0.1457832461736207,0.9999290969834677,0.00047374267492026766,0.9994553543085474,False,False,False,-1.0
2024-10-10,2024-10-11 00:00:00,-0.1898833375838802,0.0,0.0,-0.0949416687919401,0.0,0.0,0.0,0.0949416687919401,0.0949416687919401,-0.0949416687919401,False,0.5,0.0,0.006461467640350493,-0.0006134625206199953,0.0,8.128567533556515e-08,-0.0006135438062953309,1.0571332387827836,1.0564846412316995,-0.1439602458471536,0.9993510946883063,0.0004747083439597005,0.9988763863443466,False,True,False,-1.0
2024-10-11,2024-10-12 00:00:00,-0.19037997703865844,0.0,0.0,-0.09518998851932922,0.0,0.0,0.0,0.09518998851932922,0.09518998851932922,-0.09518998851932922,False,0.5,0.0,0.003243021346469588,-0.00030870316473837964,0.0,8.149827784189145e-08,-0.0003087846630162215,1.055147122738235,1.0548213094895078,-0.1453079967183829,0.9995313930656192,0.0004759499425966461,0.9990554431230225,False,False,False,-1.0
2024-10-12,2024-10-13 00:00:00,-0.18843432701497045,0.0,0.0,-0.09421716350748523,0.0,0.0,0.0,0.09421716350748523,0.09421716350748523,-0.09421716350748523,False,0.5,0.0,0.002330086071353321,-0.00021953410037120976,0.0,8.066537971531269e-08,-0.00021961476575092507,1.0538384355136028,1.0536069970324482,-0.14629191990726542,0.9997441143828834,0.00047108581753742615,0.9992730285653459,False,False,False,-1.0
2024-10-13,2024-10-14 00:00:00,-0.1875668188505383,0.0,0.0,-0.09378340942526915,0.0,0.0,0.0,0.09378340942526915,0.09378340942526915,-0.09378340942526915,False,0.5,0.0,0.0006929097700276721,-6.498344065727426e-05,0.0,8.029401491889483e-08,-6.506373467219315e-05,1.0549723967836888,1.054903756339578,-0.14524119235747668,0.9997592118133729,0.00046891704712634575,0.9992902947662465,False,False,False,-1.0
2024-10-14,2024-10-15 00:00:00,-0.18719839278463388,0.0,0.0,-0.04679959819615847,0.0,0.0,0.0,0.04679959819615847,0.04679959819615847,-0.04679959819615847,False,0.25,0.0,0.0004630648822221417,-2.1671250426747678e-05,0.0,4.006814914054663e-08,-2.1711318575888223e-05,1.0477043966733495,1.04768164962942,-0.15109306204998973,0.999860695502879,0.00023399799098079236,0.9996266975118983,False,False,False,-1.0
2024-10-15,2024-10-16 00:00:00,0.1912772628179553,0.0,0.0,0.04781931570448882,0.0,0.0,0.04781931570448882,0.0,0.04781931570448882,0.04781931570448882,False,0.25,0.0,-0.003122312525664195,-0.000149306848392816,0.0,4.09411949524733e-08,-0.00014934778958776846,1.0470159863520845,1.0468596168288598,-0.15175913207981684,0.9997885953937725,0.00023909657852244412,0.9995494988152501,False,False,False,1.0
2024-10-16,2024-10-17 00:00:00,0.17095733598360138,0.0,0.0,0.042739333995900346,0.0,0.0,0.042739333995900346,0.0,0.042739333995900346,0.042739333995900346,False,0.25,0.0,-0.002081714965770365,-8.897111120632388e-05,0.0,3.659189554443523e-08,-8.900770310186831e-05,1.0475913362322928,1.0474980925336654,-0.15124179319570663,0.9998164604912414,0.00021369666997950174,0.9996027638212619,False,False,False,1.0
2024-10-17,2024-10-18 00:00:00,0.16899720630190973,0.0,0.0,0.04224930157547743,0.0,0.0,0.04224930157547743,0.0,0.04224930157547743,0.04224930157547743,False,0.25,0.0,0.0024997523111276454,0.00010561278925682858,0.0,3.617234723927862e-08,0.00010557661690958931,1.0477814206006923,1.0478920418183402,-0.15092258718395757,0.9999474794232355,0.00021124650787738718,0.9997362329153581,False,False,False,1.0
2024-10-18,2024-10-19 00:00:00,0.17818838127834613,0.0,0.0,0.04454709531958653,0.0,0.0,0.04454709531958653,0.0,0.04454709531958653,0.04454709531958653,False,0.25,0.0,-0.0009714440628952881,-4.327501126744281e-05,0.0,3.813963640375559e-08,-4.3313150903846565e-05,1.0483502260176158,1.0483048186660762,-0.1505881257280448,0.9999504807428291,0.00022273547659793267,0.9997277452662312,False,False,False,1.0
2024-10-19,2024-10-20 00:00:00,0.18310732001434626,0.0,0.0,0.045776830003586566,0.0,0.0,0.045776830003586566,0.0,0.045776830003586566,0.045776830003586566,False,0.25,0.0,0.0009305457310269105,4.259743373978207e-05,0.0,3.919249144142685e-08,4.255824124834065e-05,1.048141006085016,1.0481856131228153,-0.15068471462291755,0.9999859348232284,0.00022888415001793284,0.9997570506732104,False,False,False,1.0
2024-10-20,2024-10-21 00:00:00,0.1898280432716602,0.0,0.0,0.0949140216358301,0.0,0.0,0.0949140216358301,0.0,0.0949140216358301,0.0949140216358301,False,0.5,0.04745701081791505,0.004233028006247697,0.00040177371177006863,2.3728505408957524e-05,8.1262004825197e-08,0.0003779639443562859,1.0490359102469875,1.0494324079973958,-0.14967447184582372,0.9999564712774073,0.0004745701081791505,0.9994819011692281,False,False,False,1.0
2024-10-21,2024-10-22 00:00:00,0.20482303586119074,0.0,0.0,0.051205758965297686,0.0,0.0,0.051205758965297686,0.0,0.051205758965297686,0.051205758965297686,False,0.25,0.0,0.005006769452330584,0.0002563754297708554,0.0,4.384054705933021e-08,0.00025633158922379605,1.048031419045706,1.0483000626049066,-0.15059197943047964,0.9999997641179325,0.0002560287948264884,0.999743735323106,False,False,False,1.0
2024-10-22,2024-10-23 00:00:00,0.2141845962774948,0.0,0.0,0.0535461490693737,0.0,0.0,0.0535461490693737,0.0,0.0535461490693737,0.0535461490693737,False,0.25,0.0,-0.001970091126222817,-0.00010549079312497728,0.0,4.584430571008022e-08,-0.00010553663743068736,1.0472476534379371,1.047137130442036,-0.15153427061385127,0.999862693934524,0.0002677307453468685,0.9995949631891771,False,False,False,1.0
2024-10-23,2024-10-24 00:00:00,0.21338125746543238,0.0,0.0,0.053345314366358094,0.0,0.0,0.053345314366358094,0.0,0.053345314366358094,0.053345314366358094,False,0.25,0.0,0.002050950339392843,0.00010940859060470004,0.0,4.5672358190375084e-08,0.00010936291824650966,1.0452225518519878,1.0453368604404754,-0.15299297870046202,0.9999195810937744,0.0002667265718317905,0.9996528545219426,False,False,False,1.0
2024-10-24,2024-10-25 00:00:00,0.21061457586493107,0.0,0.0,0.05265364396623277,0.0,0.0,0.05265364396623277,0.0,0.05265364396623277,0.05265364396623277,False,0.25,0.0,-0.002759551839306318,-0.00014530046005319764,0.0,4.508017462862394e-08,-0.00014534554022782627,1.0451850935730032,1.0450331805809396,-0.1532390419390105,0.9997315959871663,0.00026326821983116384,0.9994683277673352,False,False,False,1.0
2024-10-25,2024-10-26 00:00:00,0.2143018050330367,0.0,0.0,0.053575451258259174,0.0,0.0,0.053575451258259174,0.0,0.053575451258259174,0.053575451258259174,False,0.25,0.0,-0.003528102480721773,-0.00018901968249005263,0.0,4.586939320056436e-08,-0.0001890655518832532,1.0452259655522267,1.0450283493282069,-0.15324295656705156,0.9994641869321395,0.0002678772562912959,0.9991963096758482,False,False,False,1.0
2024-10-26,2024-10-27 00:00:00,0.21722148965731944,0.0,0.0,0.05430537241432986,0.0,0.0,0.05430537241432986,0.0,0.05430537241432986,0.05430537241432986,False,0.25,0.0,-0.0013976808249566153,-7.590157771563678e-05,0.0,4.649432569720022e-08,-7.594807204133398e-05,1.0436087348072325,1.0435294747358583,-0.15445745244088094,0.9998755102212801,0.0002715268620716493,0.9996039833592084,False,False,False,1.0
2024-10-27,2024-10-28 00:00:00,0.21730181432929174,0.0,0.0,0.054325453582322936,0.0,0.0,0.054325453582322936,0.0,0.054325453582322936,0.054325453582322936,False,0.25,0.0,0.0009681432852062244,5.259482310150838e-05,0.0,4.651151847801621e-08,5.254831158303036e-05,1.0444893419093682,1.044544228060752,-0.15363522639720184,0.9999717000711129,0.0002716272679116147,0.9997000728032013,False,False,False,1.0
2024-10-28,2024-10-29 00:00:00,0.2161661682278121,0.0,0.0,0.054041542056953024,0.0,0.0,0.054041542056953024,0.0,0.054041542056953024,0.054041542056953024,False,0.25,0.0,-0.003498746747321091,-0.00018907766949198033,0.0,4.6268443541911834e-08,-0.00018912393793552224,1.0447232302412617,1.0445256480699057,-0.15365028124057145,0.9997542389013853,0.00027020771028476515,0.9994840311911005,False,False,False,1.0
2024-10-29,2024-10-30 00:00:00,0.2149032091997787,0.0,0.0,0.053725802299944676,0.0,0.0,0.053725802299944676,0.0,0.053725802299944676,0.053725802299944676,False,0.25,0.0,0.0039045322901030133,0.00020977412989182473,0.0,4.599811840748688e-08,0.00020972813177341725,1.0475484635675198,1.047768163949726,-0.15102296193249143,0.9999245982464835,0.00026862901149972337,0.9996559692349838,False,False,False,1.0
2024-10-30,2024-10-31 00:00:00,0.2149301084671557,0.0,0.0,0.05373252711678893,0.0,0.0,0.05373252711678893,0.0,0.05373252711678893,0.05373252711678893,False,0.25,0.0,-0.00043586620025259926,-2.342019242436454e-05,0.0,4.60038759561549e-08,-2.3466196300320696e-05,1.048388997792666,1.0483643960906446,-0.15053985181861895,0.9999350980786412,0.00026866263558394466,0.9996664354430573,False,False,False,1.0
2024-10-31,2024-11-01 00:00:00,0.1968091235566212,0.0,0.0,0.0492022808891553,0.0,0.0,0.0492022808891553,0.0,0.0492022808891553,0.0492022808891553,False,0.25,0.0,-0.003503219384739853,-0.00017236638418430405,0.0,4.2125240487290496e-08,-0.00017240850942479134,1.046183438227983,1.0460030673008134,-0.15245317004193404,0.9997411213400188,0.0002460114044457765,0.999495109935573,False,False,False,1.0
2024-11-01,2024-11-02 00:00:00,0.19950638240507076,0.0,0.0,0.04987659560126769,0.0,0.0,0.04987659560126769,0.0,0.04987659560126769,0.04987659560126769,False,0.25,0.0,-0.004982945748775114,-0.0002485323700147124,0.0,4.270256472711275e-08,-0.0002485750725794395,1.0449906349141067,1.044730876291188,-0.15348399059209894,0.9993827950463364,0.00024938297800633844,0.9991334120683301,False,False,False,1.0
2024-11-02,2024-11-03 00:00:00,0.19330698748730016,0.0,0.0,0.04832674687182504,0.0,0.0,0.04832674687182504,0.0,0.04832674687182504,0.04832674687182504,False,0.25,0.0,0.0023720445090591458,0.00011463319455800383,0.0,4.137563944505568e-08,0.00011459181891855878,1.0444083647566147,1.044528045410826,-0.15364833874273298,0.9999849726209973,0.0002416337343591252,0.9997433388866381,False,False,False,1.0
2024-11-03,2024-11-04 00:00:00,0.1935360961778652,0.0,0.0,0.0483840240444663,0.0,0.0,0.0483840240444663,0.0,0.0483840240444663,0.0483840240444663,False,0.25,0.0,0.005627714538605444,0.0002722914755512784,0.0,4.1424678120262246e-08,0.00027225005087315815,1.043300675585406,1.0435847142474102,-0.15441269342021668,0.9998742702643688,0.00024192012022233154,0.9996323501441465,False,False,False,1.0
2024-11-04,2024-11-05 00:00:00,0.20611142192920767,0.0,0.0,0.05152785548230192,0.0,0.0,0.05152785548230192,0.0,0.05152785548230192,0.05152785548230192,False,0.25,0.0,0.00258186863255383,0.0001330381537725222,0.0,4.411631462525849e-08,0.00013299403745789694,1.0434306526609065,1.0435694227162113,-0.1544250837173372,0.9999045660468787,0.0002576392774115096,0.9996469267694672,False,False,False,1.0
2024-11-05,2024-11-06 00:00:00,0.20926021343488524,0.0,0.0,0.05231505335872131,0.0,0.0,0.05231505335872131,0.0,0.05231505335872131,0.05231505335872131,False,0.25,0.0,-0.0025863336983346086,-0.00013530418543183408,0.0,4.479028540986413e-08,-0.00013534897571724393,1.043701433968835,1.0435601700487929,-0.154432580893191,0.999772524477804,0.0002615752667936066,0.9995109492110104,False,False,False,1.0
2024-11-06,2024-11-07 00:00:00,0.20926917434192685,0.0,0.0,0.05231729358548171,0.0,0.0,0.05231729358548171,0.0,0.05231729358548171,0.05231729358548171,False,0.25,0.0,-0.0030047872239775675,-0.000157202335358739,0.0,4.4792203412227493e-08,-0.00015724712756215122,1.0479506230739903,1.047785835848685,-0.15100864289040616,0.9998148365887028,0.0002615864679274086,0.9995532501207754,False,False,False,1.0
2024-11-07,2024-11-08 00:00:00,0.21019122040285473,0.0,0.0,0.10509561020142737,0.0,0.0,0.10509561020142737,0.0,0.10509561020142737,0.10509561020142737,False,0.5,0.0,0.006959080043564825,0.000731368763619021,0.0,8.997911832313987e-08,0.0007312787845006979,1.0520069993739165,1.0527763097737048,-0.14696500240084853,0.9997301063001562,0.0005254780510071369,0.9992046282491491,False,False,False,1.0
2024-11-08,2024-11-09 00:00:00,0.18445701500757902,0.0,0.0,0.09222850750378951,0.0,0.0,0.09222850750378951,0.0,0.09222850750378951,0.09222850750378951,False,0.5,0.0,0.0005996122961402506,5.530134715393556e-05,0.0,7.896276327379239e-08,5.522238439066177e-05,1.0557116706546101,1.0557699695702927,-0.14453932416921744,0.9993020557416179,0.0004611425375189476,0.998840913204099,False,False,False,1.0
2024-11-09,2024-11-10 00:00:00,0.16849472984975788,0.0,0.0,0.08424736492487894,0.0,0.0,0.08424736492487894,0.0,0.08424736492487894,0.08424736492487894,False,0.5,0.0,-0.0005324078638614393,-4.485395959560995e-05,0.0,7.212959325760183e-08,-4.492608918886755e-05,1.0589263974170857,1.0588788239953109,-0.1420203069740532,0.9998601053420377,0.0004212368246243947,0.9994388685174134,False,False,False,1.0
2024-11-10,2024-11-11 00:00:00,0.16704718566870722,0.0,0.0,0.08352359283435361,0.0,0.0,0.08352359283435361,0.0,0.08352359283435361,0.08352359283435361,False,0.5,0.0,0.0016874715375641003,0.00014094368562306454,0.0,7.150992537187808e-08,0.00014087217569769267,1.0635997551416807,1.0637495867532591,-0.13807366507210395,0.9998774820349122,0.00041761796417176804,0.9994598640707405,False,False,False,1.0
2024-11-11,2024-11-12 00:00:00,0.16737917566990135,0.0,0.0,0.08368958783495067,0.0,0.0,0.08368958783495067,0.0,0.08368958783495067,0.08368958783495067,False,0.5,0.0,0.003602961677870997,0.00030153037780614606,0.0,7.165204437923858e-08,0.0003014587257617668,1.0642674688158658,1.0645883015308846,-0.13739407810602577,0.9998210324230319,0.0004184479391747534,0.9994025844838571,False,False,False,1.0
2024-11-12,2024-11-13 00:00:00,0.1617975786538031,0.0,0.0,0.08089878932690155,0.0,0.0,0.08089878932690155,0.0,0.08089878932690155,0.08089878932690155,False,0.5,0.0,-0.0014324279654013283,-0.00011588168819896427,0.0,6.926266209494995e-08,-0.00011595095086105921,1.0654403592556305,1.0653168204328891,-0.13680377975484426,0.9997082456332815,0.0004044939466345077,0.999303751686647,False,False,False,1.0
2024-11-13,2024-11-14 00:00:00,0.1618202132987118,0.0,0.0,0.0809101066493559,0.0,0.0,0.0809101066493559,0.0,0.0809101066493559,0.0809101066493559,False,0.5,0.0,0.0016399345236473017,0.00013268727720626384,0.0,6.927235158335265e-08,0.0001326180048546805,1.066519418243065,1.0666608579204513,-0.13571474402680606,0.9996327150158228,0.0004045505332467795,0.9992281644825761,False,False,False,1.0
2024-11-14,2024-11-15 00:00:00,0.16314905458709628,0.0,0.0,0.08157452729354814,0.0,0.0,0.08157452729354814,0.0,0.08157452729354814,0.08157452729354814,False,0.5,0.0,-7.797676292475852e-05,-6.360917575468247e-06,0.0,6.984120487461313e-08,-6.43075878034286e-06,1.0604151657610943,1.0604083464869563,-0.1407809779704694,0.9993680790129662,0.0004078726364677407,0.9989602063764985,False,False,False,1.0
2024-11-15,2024-11-16 00:00:00,0.17694760597799766,0.0,0.0,0.08847380298899883,0.0,0.0,0.08847380298899883,0.0,0.08847380298899883,0.08847380298899883,False,0.5,0.0,0.0016795086691798744,0.00014859251911533583,0.0,7.57481189974305e-08,0.0001485167709963384,1.0586411035156043,1.0587983294739423,-0.14208552941799024,0.9999199128954342,0.00044236901494499416,0.9994775438804893,False,False,False,1.0
2024-11-16,2024-11-17 00:00:00,0.1611323601955806,0.0,0.0,0.0805661800977903,0.0,0.0,0.0805661800977903,0.0,0.0805661800977903,0.0805661800977903,False,0.5,0.0,-0.001039653067453461,-8.376087627167567e-05,0.0,6.8977893919341e-08,-8.382985416559501e-05,1.0622497024153355,1.0621606541776947,-0.13936113239369785,0.9993780001120521,0.00040283090048895154,0.9989751692115632,False,False,False,1.0
2024-11-17,2024-11-18 00:00:00,0.15994633209020873,0.0,0.0,0.07997316604510436,0.0,0.0,0.07997316604510436,0.0,0.07997316604510436,0.07997316604510436,False,0.5,0.0,-0.002672198472937093,-0.00021370417218167246,0.0,6.847017640847975e-08,-0.00021377264235808094,1.0609195976633716,1.0606928020776496,-0.14055049161560795,0.9996733026620634,0.0003998658302255218,0.9992734368318379,False,False,False,1.0
2024-11-18,2024-11-19 00:00:00,0.15734162539313162,0.0,0.0,0.07867081269656581,0.0,0.0,0.07867081269656581,0.0,0.07867081269656581,0.07867081269656581,False,0.5,0.0,0.0018417790693598945,0.00014489425619406755,0.0,6.735514785664881e-08,0.0001448269010462109,1.0621214533470287,1.0622752771056516,-0.13926825666295917,0.9998595506665325,0.0003933540634828291,0.9994661966030497,False,False,False,1.0
2024-11-19,2024-11-20 00:00:00,0.15609319306210678,0.0,0.0,0.07804659653105339,0.0,0.0,0.07804659653105339,0.0,0.07804659653105339,0.07804659653105339,False,0.5,0.0,0.000767012036932524,5.986267898093412e-05,0.0,6.682071620809366e-08,5.979585826472603e-05,1.0612404055151847,1.0613038632960576,-0.14005536591783307,0.9998623496271721,0.00039023298265526696,0.9994721166445169,False,False,False,1.0
2024-11-20,2024-11-21 00:00:00,0.15585120484927414,0.0,0.0,0.07792560242463707,0.0,0.0,0.07792560242463707,0.0,0.07792560242463707,0.07792560242463707,False,0.5,0.0,0.004621917518030205,0.00036016570694948714,0.0,6.671712536355913e-08,0.0003600989898241236,1.0616027645331974,1.0619850466163,-0.139503422255582,0.9999854266085669,0.00038962801212318537,0.9995957985964438,False,False,False,1.0
2024-11-21,2024-11-22 00:00:00,0.15585339934922704,0.0,0.0,0.07792669967461352,0.0,0.0,0.07792669967461352,0.0,0.07792669967461352,0.07792669967461352,False,0.5,0.0,-0.0007073106038665289,-5.511838100417653e-05,0.0,6.671806478990884e-08,-5.518509906896644e-05,1.0659789348434188,1.065920108690294,-0.13631495226848334,0.999572290670696,0.0003896334983730676,0.9991826571723229,False,False,False,1.0
2024-11-22,2024-11-23 00:00:00,0.15635104352871954,0.0,0.0,0.07817552176435977,0.0,0.0,0.07817552176435977,0.0,0.07817552176435977,0.07817552176435977,False,0.5,0.0,-0.001112041998420743,-8.693446345042293e-05,0.0,6.693109740099294e-08,-8.700139454782393e-05,1.067003483373345,1.0669106525823042,-0.13551234244653132,0.9998164047571738,0.00039087760882179883,0.999425527148352,False,False,False,1.0
2024-11-23,2024-11-24 00:00:00,0.15442187467201435,0.0,0.0,0.07721093733600717,0.0,0.0,0.07721093733600717,0.0,0.07721093733600717,0.07721093733600717,False,0.5,0.0,0.0012379566773010886,9.5583795435786e-05,0.0,6.61052545684993e-08,9.55176901812175e-05,1.0704229491996373,1.0705251935272617,-0.13258358170440698,0.9997292620254272,0.0003860546866800359,0.9993432073387472,False,False,False,1.0
2024-11-24,2024-11-25 00:00:00,0.15820825045822112,0.0,0.0,0.07910412522911056,0.0,0.0,0.07910412522911056,0.0,0.07910412522911056,0.07910412522911056,False,0.5,0.0,-0.005548532309112675,-0.000438911794617815,0.0,6.772613461396452e-08,-0.00043897952075242896,1.0668980563955484,1.0664297099980602,-0.13590203667918765,0.9994896585289536,0.00039552062614555284,0.999094137902808,False,False,False,1.0
2024-11-25,2024-11-26 00:00:00,0.15608522736857205,0.0,0.0,0.07804261368428603,0.0,0.0,0.07804261368428603,0.0,0.07804261368428603,0.07804261368428603,False,0.5,0.0,0.014947631368680492,0.0011665522204010472,0.0,6.681730623654625e-08,0.0011664854030948107,1.0707054272859418,1.0719543895378851,-0.13142554442319865,0.9997151611721172,0.00039021306842143013,0.9993249481036958,False,False,False,1.0
2024-11-26,2024-11-27 00:00:00,0.14887941083626782,0.0,0.0,0.07443970541813391,0.0,0.0,0.07443970541813391,0.0,0.07443970541813391,0.07443970541813391,False,0.5,0.0,-0.0074118674172862775,-0.0005517372271410555,0.0,6.373262450182698e-08,-0.0005518009597655574,1.0674617321797213,1.0668727057713914,-0.13554308967883077,0.9994354252701504,0.0003721985270906696,0.9990632267430597,False,False,False,1.0
2024-11-27,2024-11-28 00:00:00,0.14573403530296786,0.0,0.0,0.07286701765148393,0.0,0.0,0.07286701765148393,0.0,0.07286701765148393,0.07286701765148393,False,0.5,0.0,-0.004008633980881915,-0.00029209720304326076,0.0,6.238614524955815e-08,-0.0002921595891885103,1.0730687273442836,1.0727552200257318,-0.13077665403030558,0.9996917035723217,0.00036433508825741963,0.9993273684840643,False,False,False,1.0
2024-11-28,2024-11-29 00:00:00,0.13611593618954074,0.0,0.0,0.06805796809477037,0.0,0.0,0.06805796809477037,0.0,0.06805796809477037,0.06805796809477037,False,0.5,0.0,-0.0027497811714575215,-0.00018714451923465628,0.0,5.826880830031709e-08,-0.0001872027880429566,1.0727993891176333,1.0725985580809796,-0.1309035927925335,0.9997126164713637,0.00034028984047385183,0.9993723266308898,False,False,False,1.0
2024-11-29,2024-11-30 00:00:00,0.13034705354644438,0.0,0.0,0.06517352677322219,0.0,0.0,0.06517352677322219,0.0,0.06517352677322219,0.06517352677322219,False,0.5,0.0,-0.0020710108189605503,-0.00013497507905715824,0.0,5.5799252374334065e-08,-0.00013503087830953257,1.0741551684277684,1.0740101243119349,-0.12975984042533517,0.9998638893210581,0.00032586763386611094,0.999538021687192,False,False,False,1.0
2024-11-30,2024-12-01 00:00:00,0.13311863810521699,0.0,0.0,0.06655931905260849,0.0,0.0,0.06655931905260849,0.0,0.06655931905260849,0.06655931905260849,False,0.5,0.0,-0.0006499704929714412,-4.326159341646738e-05,0.0,5.698571836695932e-08,-4.3318579134834335e-05,1.0752715674931987,1.0752249882567109,-0.12877547038148596,0.9999367702272425,0.0003327965952630425,0.9996039736319794,False,False,False,1.0
2024-12-01,2024-12-02 00:00:00,0.1329926156138347,0.0,0.0,0.06649630780691736,0.0,0.0,0.06649630780691736,0.0,0.06649630780691736,0.06649630780691736,False,0.5,0.0,-0.0014941759271656085,-9.935718237049043e-05,0.0,5.693177038263472e-08,-9.941411414087307e-05,1.076394477454261,1.0762874686508188,-0.12791457243761806,0.9997611653235005,0.0003324815390345868,0.9994286837844659,False,False,False,1.0
2024-12-02,2024-12-03 00:00:00,0.13781346709439019,0.0,0.0,0.06890673354719509,0.0,0.0,0.06890673354719509,0.0,0.06890673354719509,0.06890673354719509,False,0.5,0.0,-6.807036842404468e-05,-4.690506739455049e-06,0.0,5.8995491050680735e-08,-4.74950223050573e-06,1.0751842874271558,1.0751791808369844,-0.12881258684375219,0.9997689804526582,0.00034453366773597546,0.9994244467849221,False,False,False,1.0
2024-12-03,2024-12-04 00:00:00,0.14010279003468226,0.0,0.0,0.07005139501734113,0.0,0.0,0.07005139501734113,0.0,0.07005139501734113,0.07005139501734113,False,0.5,0.0,-0.0007440372130492756,-5.2120844718916406e-05,0.0,5.997550943265507e-08,-5.218082022834906e-05,1.0731888828090184,1.0731328829328535,-0.1304706444116629,0.9996650733943229,0.0003502569750867057,0.9993148164192361,False,False,False,1.0
2024-12-04,2024-12-05 00:00:00,0.13928104219532517,0.0,0.0,0.06964052109766258,0.0,0.0,0.06964052109766258,0.0,0.06964052109766258,0.06964052109766258,False,0.5,0.0,-0.002603983207178473,-0.00018134274747747152,0.0,5.962373381649193e-08,-0.00018140237121128802,1.0784408039886484,1.0782451722695938,-0.12632830032431364,0.9996519730802548,0.0003482026054883129,0.9993037704747665,False,False,False,1.0
2024-12-05,2024-12-06 00:00:00,0.1382395591575277,0.0,0.0,0.06911977957876385,0.0,0.0,0.06911977957876385,0.0,0.06911977957876385,0.06911977957876385,False,0.5,0.0,0.0023970307747820385,0.00016568223879644803,0.0,5.917789347496905e-08,0.00016562306090297306,1.079395147715402,1.0795739204436905,-0.12525165309642905,0.9998957213493151,0.00034559889789381927,0.9995501224514213,False,False,False,1.0
2024-12-06,2024-12-07 00:00:00,0.13407911345227932,0.0,0.0,0.06703955672613966,0.0,0.0,0.06703955672613966,0.0,0.06703955672613966,0.06703955672613966,False,0.5,0.0,-0.006170075135592423,-0.00041363910205709215,0.0,5.739688075868121e-08,-0.00041369649893785085,1.082030456726063,1.0815828245143713,-0.12362389469875157,0.9994275194586596,0.00033519778363069833,0.9990923216750289,False,False,False,1.0
2024-12-07,2024-12-08 00:00:00,0.13443968692139988,0.0,0.0,0.06721984346069994,0.0,0.0,0.06721984346069994,0.0,0.06721984346069994,0.06721984346069994,False,0.5,0.0,0.001257512575125741,8.452979844981399e-05,0.0,5.7551235839640364e-08,8.447224721397435e-05,1.0816907730220044,1.0817821458723922,-0.12346239021524219,0.9999629711651479,0.0003360992173034997,0.9996268719478444,False,False,False,1.0
2024-12-08,2024-12-09 00:00:00,0.14016587939384723,0.0,0.0,0.07008293969692361,0.0,0.0,0.07008293969692361,0.0,0.07008293969692361,0.07008293969692361,False,0.5,0.0,0.0007044354363614502,4.936890620689559e-05,0.0,6.000251686380447e-08,4.9308903690031785e-05,1.081489203082662,1.0815425301296184,-0.12365654410402571,0.9999372186468929,0.0003504146984846181,0.9995868039484083,False,False,False,1.0
2024-12-09,2024-12-10 00:00:00,0.1476768481141341,0.0,0.0,0.07383842405706705,0.0,0.0,0.07383842405706705,0.0,0.07383842405706705,0.07383842405706705,False,0.5,0.0,-0.00023261953115394363,-1.7176259585301008e-05,0.0,6.321782881598205e-08,-1.723947741411699e-05,1.0781825403541967,1.078163953050644,-0.1263941099702932,0.9996079706786009,0.00036919212028533525,0.9992387785583156,False,False,False,1.0
2024-12-10,2024-12-11 00:00:00,0.14808023831300737,0.0,0.0,0.07404011915650369,0.0,0.0,0.07404011915650369,0.0,0.07404011915650369,0.07404011915650369,False,0.5,0.0,-0.006326347063622562,-0.00046840349041601167,0.0,6.339051297645863e-08,-0.00046846688092898813,1.0732350114817513,1.0727322364234186,-0.130795276996041,0.9992655821936147,0.0003702005957825184,0.9988953815978322,False,False,False,1.0
2024-12-11,2024-12-12 00:00:00,0.14429861828618393,0.0,0.0,0.07214930914309196,0.0,0.0,0.07214930914309196,0.0,0.07214930914309196,0.07214930914309196,False,0.5,0.0,-0.001563241419307304,-0.00011278678842688853,0.0,6.17716687868938e-08,-0.00011284856009567542,1.0775439543221237,1.0774223550384388,-0.1269950059561622,0.9998074589199197,0.0003607465457154598,0.9994467123742042,False,False,False,1.0
2024-12-12,2024-12-13 00:00:00,0.13873391521834566,0.0,0.0,0.06936695760917283,0.0,0.0,0.06936695760917283,0.0,0.06936695760917283,0.06936695760917283,False,0.5,0.0,-0.002793816822354578,-0.00019379857308406395,0.0,5.9389518501004136e-08,-0.00019385796260256496,1.0809633218104227,1.0807537684632085,-0.12429565547076704,0.9996630211795472,0.00034683478804586415,0.9993161863915013,False,False,False,1.0
2024-12-13,2024-12-14 00:00:00,0.13407186927785167,0.0,0.0,0.06703593463892583,0.0,0.0,0.06703593463892583,0.0,0.06703593463892583,0.06703593463892583,False,0.5,0.0,-0.010875679252726589,-0.0007290613235397014,0.0,5.739377965661458e-08,-0.000729118717319358,1.0802429372339049,1.0794553118891155,-0.125347758268181,0.9991483757759403,0.0003351796731946292,0.9988131961027457,False,False,False,1.0
2024-12-14,2024-12-15 00:00:00,0.13197243344529383,0.0,0.0,0.06598621672264691,0.0,0.0,0.06598621672264691,0.0,0.06598621672264691,0.06598621672264691,False,0.5,0.0,0.0007257099476305484,4.788685388213011e-05,0.0,5.649504856391003e-08,4.78303588335662e-05,1.0794597151181184,1.079511346063639,-0.12530235535448853,0.99991707547412,0.0003299310836132346,0.9995871443905068,False,False,False,1.0
2024-12-15,2024-12-16 00:00:00,0.1312596889054206,0.0,0.0,0.0656298444527103,0.0,0.0,0.0656298444527103,0.0,0.0656298444527103,0.0656298444527103,False,0.5,0.0,-0.0004362632258329002,-2.863188765185087e-05,0.0,5.618993531910129e-08,-2.8688077587169972e-05,1.0796650132409296,1.0796340397272615,-0.1252029401339122,0.9999100059982641,0.00032814922226355155,0.9995818567760005,False,False,False,1.0
2024-12-16,2024-12-17 00:00:00,0.14086566346210944,0.0,0.0,0.07043283173105472,0.0,0.0,0.07043283173105472,0.0,0.07043283173105472,0.07043283173105472,False,0.5,0.0,-8.878831850145374e-05,-6.253612696696184e-06,0.0,6.030208196151945e-08,-6.313914778657703e-06,1.0805591832629293,1.0805523607043328,-0.12445885050613581,0.9997871381915818,0.0003521641586552736,0.9994349740329266,False,False,False,1.0
2024-12-17,2024-12-18 00:00:00,0.1419336978617899,0.0,0.0,0.07096684893089494,0.0,0.0,0.07096684893089494,0.0,0.07096684893089494,0.07096684893089494,False,0.5,0.0,-0.004360850934738925,-0.0003094758494957693,0.0,6.075928846823197e-08,-0.0003095366087842375,1.0808536062093936,1.0805190424495354,-0.1244858473497551,0.999265270484952,0.00035483424465447474,0.9989104362402975,False,False,False,1.0
2024-12-18,2024-12-19 00:00:00,0.14353634188669107,0.0,0.0,0.07176817094334553,0.0,0.0,0.07176817094334553,0.0,0.07176817094334553,0.07176817094334553,False,0.5,0.0,-0.0006304192804952313,-4.524403868856266e-05,0.0,6.14453518350561e-08,-4.5305484040397717e-05,1.079190479001188,1.079141585754165,-0.12560196172079452,0.9998248960443121,0.00035884085471672765,0.9994660551895954,False,False,False,1.0
2024-12-19,2024-12-20 00:00:00,0.14459650937071084,0.0,0.0,0.07229825468535542,0.0,0.0,0.07229825468535542,0.0,0.07229825468535542,0.07229825468535542,False,0.5,0.0,0.0042238530988354395,0.0003053772070931323,0.0,6.189919065527004e-08,0.000305315307902477,1.0736039562510407,1.0739317439735088,-0.12982334980636934,0.9997385593202645,0.00036149127342677707,0.9993770680468377,False,False,False,1.0
2024-12-20,2024-12-21 00:00:00,-0.1436254762268288,0.0,0.0,-0.0718127381134144,0.0,0.0,0.0,0.0718127381134144,0.0718127381134144,-0.0718127381134144,False,0.5,0.0,-0.004567341736298025,0.0003279933159832375,0.0,6.148350865874521e-08,0.00032793183247457875,1.0781220906130322,1.0784756411658383,-0.12614155786769743,0.9998552231193231,0.000359063690567072,0.999496159428756,False,False,False,-1.0
2024-12-21,2024-12-22 00:00:00,-0.13518327505785457,0.0,0.0,-0.06759163752892729,0.0,0.0,0.0,0.06759163752892729,0.06759163752892729,-0.06759163752892729,False,0.5,0.0,0.0006788465511644581,-4.588435002407045e-05,0.0,5.78695526788761e-08,-4.594221957674932e-05,1.0780678547263034,1.0780183258962028,-0.12651210755267217,0.9997156586574721,0.00033795818764463645,0.9993777004698275,False,False,False,-1.0
2024-12-22,2024-12-23 00:00:00,-0.12793690519586304,0.0,0.0,-0.06396845259793152,0.0,0.0,0.0,0.06396845259793152,0.06396845259793152,-0.06396845259793152,False,0.5,0.0,0.0025988220292672004,-0.0001662426237896391,0.0,5.476751078590027e-08,-0.000166297391300425,1.079954376708559,1.079774783112989,-0.12508889973179493,0.9996855213914666,0.0003198422629896576,0.999365679128477,False,False,False,-1.0
2024-12-23,2024-12-24 00:00:00,-0.1305050748491979,0.0,0.0,-0.06525253742459895,0.0,0.0,0.0,0.06525253742459895,0.06525253742459895,-0.06525253742459895,False,0.5,0.0,-0.0035870513525919634,0.0002340642026289654,0.0,5.5866898479964854e-08,0.00023400833573048542,1.0799772343836171,1.080229958058862,-0.12472008429089332,0.9998906480520434,0.00032626268712299475,0.9995643853649204,False,False,False,-1.0
2024-12-24,2024-12-25 00:00:00,-0.12969308550138864,0.0,0.0,-0.06484654275069432,0.0,0.0,0.0,0.06484654275069432,0.06484654275069432,-0.06484654275069432,False,0.5,0.0,-0.0020281947638295383,0.00013152141845940653,0.0,5.551930030025198e-08,0.0001314658991591063,1.0755602526080228,1.0757016521037317,-0.12838924308911237,0.9997874725553857,0.0003242327137534716,0.9994632398416322,False,False,False,-1.0
2024-12-25,2024-12-26 00:00:00,-0.1323292111311891,0.0,0.0,-0.06616460556559454,0.0,0.0,0.0,0.06616460556559454,0.06616460556559454,-0.06616460556559454,False,0.5,0.0,-0.0007739025112992737,5.1204954406339516e-05,0.0,5.6647778737666555e-08,5.114830662760185e-05,1.0760317693527275,1.0760868065556075,-0.12807716328271757,0.99994607345595,0.00033082302782797273,0.999615250428122,False,False,False,-1.0
2024-12-26,2024-12-27 00:00:00,-0.1300674693369424,0.0,0.0,-0.0650337346684712,0.0,0.0,0.0,0.0650337346684712,0.0650337346684712,-0.0650337346684712,False,0.5,0.0,0.0005714576358408774,-3.716402426354746e-05,0.0,5.5679567353143154e-08,-3.72197038309006e-05,1.078751514293848,1.078711363481979,-0.12595055871287564,0.9998209343606291,0.000325168673342356,0.9994957656872868,False,False,False,-1.0
2024-12-27,2024-12-28 00:00:00,-0.1359741874425709,0.0,0.0,-0.06798709372128545,0.0,0.0,0.0,0.06798709372128545,0.06798709372128545,-0.06798709372128545,False,0.5,0.0,0.0034483902986492954,-0.00023444603442184116,0.0,5.820812818603206e-08,-0.0002345042425500272,1.0792998173555821,1.0790467169694289,-0.12567883122555856,0.9996904237989211,0.00033993546860642724,0.9993504883303147,False,False,False,-1.0
2024-12-28,2024-12-29 00:00:00,-0.14046506538316356,0.0,0.0,-0.07023253269158178,0.0,0.0,0.0,0.07023253269158178,0.07023253269158178,-0.07023253269158178,False,0.5,0.0,-0.0026617005276028394,0.0001869379693200669,0.0,6.013059305786112e-08,0.00018687783872700905,1.077857528842067,1.0780589565275127,-0.12647918569628147,0.9999772744204015,0.0003511626634579089,0.9996261117569436,False,False,False,-1.0
2024-12-29,2024-12-30 00:00:00,-0.1511819124061763,0.0,0.0,-0.07559095620308814,0.0,0.0,0.0,0.07559095620308814,0.07559095620308814,-0.07559095620308814,False,0.5,0.0,-0.0006635267632335573,5.015662249916467e-05,0.0,6.471828442045217e-08,5.0091904214744216e-05,1.0778645874438522,1.077918579733523,-0.12659292905943698,0.9998183414386494,0.00037795478101544075,0.999440386657634,False,False,False,-1.0
2024-12-30,2024-12-31 00:00:00,-0.15073437061734427,0.0,0.0,-0.07536718530867213,0.0,0.0,0.0,0.07536718530867213,0.07536718530867213,-0.07536718530867213,False,0.5,0.0,-0.0023560413702856664,0.00017756820654921764,0.0,6.452669975057544e-08,0.00017750367984946706,1.078890740134929,1.0790822472114585,-0.12565004207097463,0.9997024804521382,0.00037683592654336065,0.9993256445255948,False,False,False,-1.0
2024-12-31,2025-01-01 00:00:00,-0.15170226334391543,0.0,0.0,-0.07585113167195771,0.0,0.0,0.0,0.07585113167195771,0.07585113167195771,-0.07585113167195771,False,0.5,0.0,-0.001310665835798197,9.941548688906556e-05,0.0,6.494103739037475e-08,9.935054585167518e-05,1.076751765953353,1.0768587418290472,-0.12745168586836841,0.9999544435973281,0.00037925565835978856,0.9995751879389683,False,False,False,-1.0
2025-01-01,2025-01-02 00:00:00,-0.15220596490435995,0.0,0.0,-0.07610298245217997,0.0,0.0,0.0,0.07610298245217997,0.07610298245217997,-0.07610298245217997,False,0.5,0.0,0.0016247681569334649,-0.00012364970253596826,0.0,6.515666305837326e-08,-0.00012371485919902662,1.0784205219589234,1.0782871053158918,-0.12629432315773415,0.9998265070436403,0.0003805149122608999,0.9994459921313794,False,False,False,-1.0
2025-01-02,2025-01-03 00:00:00,-0.15100167573033643,0.0,0.0,-0.07550083786516822,0.0,0.0,0.0,0.07550083786516822,0.07550083786516822,-0.07550083786516822,False,0.5,0.0,0.0001963717432611478,-1.482623114926036e-05,0.0,6.464112830921936e-08,-1.489087227756958e-05,1.075652806313319,1.0756367889047653,-0.12844179991268534,0.9998324861600093,0.0003775041893258411,0.9994549819706835,False,False,False,-1.0
2025-01-03,2025-01-04 00:00:00,-0.15085939985412208,0.0,0.0,-0.07542969992706104,0.0,0.0,0.0,0.07542969992706104,0.07542969992706104,-0.07542969992706104,False,0.5,0.0,0.0030668805042064484,-0.00023133387614444607,0.0,6.458022254029198e-08,-0.00023139845636698637,1.0735200018844422,1.073271591013127,-0.13035825316024074,0.9995400266953692,0.00037714849963530524,0.9991628781957339,False,False,False,-1.0
2025-01-04,2025-01-05 00:00:00,0.149788552646275,0.0,0.0,0.0748942763231375,0.0,0.0,0.0748942763231375,0.0,0.0748942763231375,0.0748942763231375,False,0.5,0.0,0.0012071094584658049,9.040558933461086e-05,0.0,6.412181192049443e-08,9.034146752269036e-05,1.0730670494813304,1.0731639919333307,-0.1304454376646066,0.9997582308198061,0.0003744713816156875,0.9993837594381904,False,False,False,1.0
2025-01-05,2025-01-06 00:00:00,0.158405726648358,0.0,0.0,0.079202863324179,0.0,0.0,0.079202863324179,0.0,0.079202863324179,0.079202863324179,False,0.5,0.0,-0.00036630742832899355,-2.901259718057277e-05,0.0,6.781067065426285e-08,-2.9080407851227034e-05,1.0736908298755767,1.073659606508338,-0.1300438551309986,0.9999493237491347,0.000396014316620895,0.9995533094325139,False,False,False,1.0
2025-01-06,2025-01-07 00:00:00,0.1588403330252326,0.0,0.0,0.0794201665126163,0.0,0.0,0.0794201665126163,0.0,0.0794201665126163,0.0794201665126163,False,0.5,0.0,0.006914403426031335,0.0005491430714308132,0.0,6.799671790463724e-08,0.0005490750747129085,1.0750679617544934,1.075658254775915,-0.12842440672177224,0.9999080135040657,0.00039710083256308147,0.9995109126715026,False,False,False,1.0
2025-01-07,2025-01-08 00:00:00,0.1608267643680214,0.0,0.0,0.0804133821840107,0.0,0.0,0.0804133821840107,0.0,0.0804133821840107,0.0804133821840107,False,0.5,0.0,0.0029491688442617736,0.00023715264139879914,0.0,6.884707378768039e-08,0.00023708379432501147,1.069357388273055,1.0696109155801563,-0.13332439537885377,0.9994450219271777,0.0004020669109200535,0.9990429550162576,False,False,False,1.0
2025-01-08,2025-01-09 00:00:00,0.1592013068010483,0.0,0.0,0.07960065340052415,0.0,0.0,0.07960065340052415,0.0,0.07960065340052415,0.07960065340052415,False,0.5,0.0,0.0026386093540349265,0.00021003502864991509,0.0,6.815124434976383e-08,0.00020996687740556532,1.0665651143713937,1.066789057718008,-0.13561086734095584,0.9998883581899496,0.00039800326700262077,0.999490354922947,False,False,False,1.0
2025-01-09,2025-01-10 00:00:00,0.14924106310230942,0.0,0.0,0.07462053155115471,0.0,0.0,0.07462053155115471,0.0,0.07462053155115471,0.07462053155115471,False,0.5,0.0,0.005571891021079356,0.0004157774697380477,0.0,6.388744139653656e-08,0.0004157135822966512,1.065743257661342,1.066186301608793,-0.1360992636426238,0.9999522572831484,0.00037310265775577356,0.9995791546253926,False,False,False,1.0
2025-01-10,2025-01-11 00:00:00,0.15048811142856222,0.0,0.0,0.07524405571428111,0.0,0.0,0.07524405571428111,0.0,0.07524405571428111,0.07524405571428111,False,0.5,0.0,-0.005354477440394301,-0.0004028925988458901,0.0,6.442128057729547e-08,-0.0004029570201264674,1.0648311118411131,1.0644020306693476,-0.13754500813973658,0.9995511496615163,0.00037622027857140555,0.9991749293829448,False,False,False,1.0
2025-01-11,2025-01-12 00:00:00,-0.16035699152365915,0.0,0.0,-0.08017849576182957,0.0,0.0,0.0,0.08017849576182957,0.08017849576182957,-0.08017849576182957,False,0.5,0.0,-0.0006536886059631541,5.2411769122773035e-05,0.0,6.864597239882669e-08,5.2343123150374206e-05,1.063492241981522,1.0635479084869135,-0.1382370792920582,0.9999962576318929,0.0004008924788091479,0.9995953651530838,False,False,False,-1.0
2025-01-12,2025-01-13 00:00:00,-0.17033431515905398,0.0,0.0,-0.08516715757952699,0.0,0.0,0.0,0.08516715757952699,0.08516715757952699,-0.08516715757952699,False,0.5,0.0,0.0005938115698855828,-5.0573243544991735e-05,0.0,7.29170869687731e-08,-5.064616063196051e-05,1.0631808448124647,1.0631269987846175,-0.13857813057099966,0.9998933342465183,0.00042583578789763494,0.9994674984586206,False,False,False,-1.0
2025-01-13,2025-01-14 00:00:00,-0.1776912929382264,0.0,0.0,-0.0888456464691132,0.0,0.0,0.0,0.0888456464691132,0.0888456464691132,-0.0888456464691132,False,0.5,0.0,-0.006008698430500559,0.0005338466964957679,0.0,7.606647814136403e-08,0.0005337706300176265,1.0695658637478502,1.0701367665927883,-0.1328983131112973,0.9999611092523876,0.000444228232345566,0.999516881020042,False,False,False,-1.0
2025-01-14,2025-01-15 00:00:00,-0.17785585579582913,0.0,0.0,-0.08892792789791457,0.0,0.0,0.0,0.08892792789791457,0.08892792789791457,-0.08892792789791457,False,0.5,0.0,-0.004177015830329811,0.00037145336258801717,0.0,7.613692457013234e-08,0.000371377225663447,1.0650800059195378,1.065475552377246,-0.13667516373022803,0.9999891290187082,0.0004446396394895728,0.9995444893792186,False,False,False,-1.0
2025-01-15,2025-01-16 00:00:00,-0.16401340804681555,0.0,0.0,-0.08200670402340778,0.0,0.0,0.0,0.08200670402340778,0.08200670402340778,-0.08200670402340778,False,0.5,0.0,-0.0013326944386211625,0.00010928987838164726,0.0,7.02112191981231e-08,0.00010921966716244913,1.0617169255504886,1.061832885919718,-0.13962671378317304,0.9998061551504817,0.00041003352011703887,0.9993961216303646,False,False,False,-1.0
2025-01-16,2025-01-17 00:00:00,-0.15649634788594333,0.0,0.0,-0.07824817394297166,0.0,0.0,0.0,0.07824817394297166,0.07824817394297166,-0.07824817394297166,False,0.5,0.0,0.008502243563559553,-0.0006652850332669191,0.0,6.699329960870862e-08,-0.0006653520265665279,1.0624830645587593,1.0617761392985625,-0.13967269397230886,0.999320916111537,0.00039124086971485835,0.9989296752418221,False,False,False,-1.0
2025-01-17,2025-01-18 00:00:00,-0.15217904673889882,0.0,0.0,-0.07608952336944941,0.0,0.0,0.0,0.07608952336944941,0.07608952336944941,-0.07608952336944941,False,0.5,0.0,0.000508710944009616,-3.870757326251435e-05,0.0,6.514513987110394e-08,-3.877271840238545e-05,1.0596390910644853,1.0595980059763994,-0.141437574066962,0.9999492145864473,0.00038044761684724707,0.9995687669696,False,False,False,-1.0
2025-01-18,2025-01-19 00:00:00,-0.15217164157148275,0.0,0.0,-0.07608582078574137,0.0,0.0,0.0,0.07608582078574137,0.07608582078574137,-0.07608582078574137,False,0.5,0.0,-0.007292457558197185,0.0005548526188606162,0.0,6.514196985080597e-08,0.0005547874768907653,1.061672685839811,1.0622616885504719,-0.13927926708656724,0.9998044806021682,0.0003804291039287069,0.9994240514982395,False,False,False,-1.0
2025-01-19,2025-01-20 00:00:00,-0.1504899273237148,0.0,0.0,-0.0752449636618574,0.0,0.0,0.0,0.0752449636618574,0.0752449636618574,-0.0752449636618574,False,0.5,0.0,0.0005054236987556138,-3.803058784670772e-05,0.0,6.442205792967242e-08,-3.809500990463739e-05,1.0603298058188493,1.0602894125443945,-0.14087734679494401,0.9997991073859797,0.000376224818309287,0.9994228825676704,False,False,False,-1.0
2025-01-20,2025-01-21 00:00:00,-0.15766639106272085,0.0,0.0,-0.07883319553136042,0.0,0.0,0.0,0.07883319553136042,0.07883319553136042,-0.07883319553136042,False,0.5,0.0,-0.006509924209711193,0.0005131981281184995,0.0,6.749417425630173e-08,0.0005131306339442432,1.0607322557259664,1.0612765499407923,-0.1400774971604597,0.9999999325058258,0.0003941659776568021,0.9996057665281689,False,False,False,-1.0
2025-01-21,2025-01-22 00:00:00,-0.16796732133160058,0.0,0.0,-0.08398366066580029,0.0,0.0,0.0,0.08398366066580029,0.08398366066580029,-0.08398366066580029,False,0.5,0.0,0.0006893117207285027,-5.7890921646621465e-05,0.0,7.190381906318518e-08,-5.796282546568465e-05,1.0622200129033053,1.0621584436300913,-0.1393629235381718,0.9998764954702912,0.0004199183033290015,0.9994565771669622,False,False,False,-1.0
2025-01-22,2025-01-23 00:00:00,-0.16745124790036733,0.0,0.0,-0.08372562395018367,0.0,0.0,0.0,0.08372562395018367,0.08372562395018367,-0.08372562395018367,False,0.5,0.0,-0.0005638954507353189,4.7212498455484626e-05,0.0,7.1682897217623e-08,4.7140815558267004e-05,1.0624922649096933,1.0625423516615855,-0.13905185367111295,0.9997779019730149,0.0004186281197509183,0.999359273853264,False,False,False,-1.0
2025-01-23,2025-01-24 00:00:00,-0.1689965867597141,0.0,0.0,-0.08449829337985705,0.0,0.0,0.0,0.08449829337985705,0.08449829337985705,-0.08449829337985705,False,0.5,0.0,0.0008106664046330092,-6.849992769187392e-05,0.0,7.234442926357624e-08,-6.857227212113749e-05,1.0631036298116372,1.0630307303802409,-0.13865613414814504,0.9997368256605724,0.0004224914668992853,0.9993143341936731,False,False,False,-1.0
2025-01-24,2025-01-25 00:00:00,-0.1690852497666911,0.0,0.0,-0.08454262488334555,0.0,0.0,0.0,0.08454262488334555,0.08454262488334555,-0.08454262488334555,False,0.5,0.0,0.006190900981266845,-0.0005233950193491787,0.0,7.238238431793282e-08,-0.0005234674017334966,1.0601297982106936,1.0595748548197241,-0.14145633279727876,0.9993900542665393,0.00042271312441672775,0.9989673411421225,False,False,False,-1.0
2025-01-25,2025-01-26 00:00:00,-0.1829325597834681,0.0,0.0,-0.09146627989173405,0.0,0.0,0.0,0.09146627989173405,0.09146627989173405,-0.09146627989173405,False,0.5,0.0,0.0002189568654975549,-2.002716994381612e-05,0.0,7.831017114018325e-08,-2.0105480114956304e-05,1.0609894162883977,1.0609680845867864,-0.1403274379504177,0.9998298279177034,0.00045733139945867025,0.9993724965182447,False,False,False,-1.0
2025-01-26,2025-01-27 00:00:00,-0.17752934647795282,0.0,0.0,-0.08876467323897641,0.0,0.0,0.0,0.08876467323897641,0.08876467323897641,-0.08876467323897641,False,0.5,0.0,0.000534181585523319,-4.741645388925574e-05,0.0,7.599715174569898e-08,-4.7492451041001435e-05,1.0615425534493441,1.0614921381915965,-0.13990281207180422,0.9999093773281896,0.00044382336619488207,0.9994655539619948,False,False,False,-1.0
2025-01-27,2025-01-28 00:00:00,-0.1817359860706922,0.0,0.0,-0.0908679930353461,0.0,0.0,0.0,0.0908679930353461,0.0908679930353461,-0.0908679930353461,False,0.5,0.0,-0.0035616499343321673,0.00032363998142723627,0.0,7.779793924259083e-08,0.0003235621834879937,1.0664943429356686,1.0668394201739466,-0.13557006006111694,0.9998152740340858,0.0004543399651767305,0.999360934068909,False,False,False,-1.0
2025-01-28,2025-01-29 00:00:00,-0.18171980865401285,0.0,0.0,-0.09085990432700643,0.0,0.0,0.0,0.09085990432700643,0.09085990432700643,-0.09085990432700643,False,0.5,0.0,-0.0026738135540090857,0.00024294244370551857,0.0,7.779101397860139e-08,0.00024286465269153997,1.0650366495126824,1.06529530926867,-0.13682120964545597,0.9998176441738494,0.0004542995216350321,0.9993633446522144,False,False,False,-1.0
2025-01-29,2025-01-30 00:00:00,-0.17214224510830042,0.0,0.0,-0.08607112255415021,0.0,0.0,0.0,0.08607112255415021,0.08607112255415021,-0.08607112255415021,False,0.5,0.0,0.0007067479910931596,-6.0830592956278796e-05,0.0,7.369102958403272e-08,-6.0904283985862825e-05,1.0676834650853404,1.0676184385883758,-0.1349388433770854,0.9996791074283106,0.0004303556127707511,0.9992487518155398,False,False,False,-1.0
2025-01-30,2025-01-31 00:00:00,-0.1712446590678003,0.0,0.0,-0.08562232953390014,0.0,0.0,0.0,0.08562232953390014,0.08562232953390014,-0.08562232953390014,False,0.5,0.0,-0.0030252368442003075,0.00025902782599221484,0.0,7.330678898450354e-08,0.0002589545192032303,1.0627876339128781,1.0630628475736332,-0.13863011049076024,0.9996889884324552,0.0004281116476695007,0.9992608767847857,False,False,False,-1.0
2025-01-31,2025-02-01 00:00:00,-0.17005020940051516,0.0,0.0,-0.08502510470025758,0.0,0.0,0.0,0.08502510470025758,0.08502510470025758,-0.08502510470025758,False,0.5,0.0,0.007764929333556658,-0.0006602139295757562,0.0,7.279546635296025e-08,-0.0006602867250421092,1.0590768226215623,1.0583775282547856,-0.14242649279609876,0.9993197143675872,0.0004251255235012879,0.9988945888440859,False,False,False,-1.0
2025-02-01,2025-02-02 00:00:00,-0.16501616924169402,0.0,0.0,-0.08250808462084701,0.0,0.0,0.0,0.08250808462084701,0.08250808462084701,-0.08250808462084701,False,0.5,0.0,-0.0014035626535626733,0.00011580526619080962,0.0,7.064048340825942e-08,0.00011573462570740136,1.0628314561415355,1.0629544625423022,-0.1387179318295223,0.9999114916398216,0.00041254042310423506,0.9994989512167174,False,False,False,-1.0
2025-02-02,2025-02-03 00:00:00,-0.15886482060366547,0.0,0.0,-0.07943241030183273,0.0,0.0,0.0,0.07943241030183273,0.07943241030183273,-0.07943241030183273,False,0.5,0.0,0.0023717498243147617,-0.00018839380517826984,0.0,6.800720060088419e-08,-0.00018846181237887073,1.0676470469190165,1.067445836221573,-0.1350786982144181,0.9996732793594039,0.0003971620515091637,0.9992761173078947,False,False,False,-1.0
2025-02-03,2025-02-04 00:00:00,-0.15503752021132333,0.0,0.0,-0.07751876010566167,0.0,0.0,0.0,0.07751876010566167,0.07751876010566167,-0.07751876010566167,False,0.5,0.0,-0.0014312659491845237,0.00011094996176223723,0.0,6.636880146032676e-08,0.0001108835929607769,1.0775357364715978,1.0776552175056016,-0.12680632405643388,0.9993155988541276,0.00038759380052830834,0.9989280050535992,False,False,False,-1.0
2025-02-04,2025-02-05 00:00:00,-0.15176924174200646,0.0,0.0,-0.07588462087100323,0.0,0.0,0.0,0.07588462087100323,0.07588462087100323,-0.07588462087100323,False,0.5,0.0,-0.0001943746535452151,1.4750046891211252e-05,0.0,6.496970964983154e-08,1.468507718156142e-05,1.0750916855777828,1.0751074733821628,-0.12887068937511015,0.9991296822637091,0.00037942310435501615,0.9987502591593541,False,False,False,-1.0
2025-02-05,2025-02-06 00:00:00,-0.12711517097190048,0.0,0.0,-0.06355758548595024,0.0,0.0,0.0,0.06355758548595024,0.06355758548595024,-0.06355758548595024,False,0.5,0.0,0.00013341795156573966,-8.479722861999867e-06,0.0,5.441574099824506e-08,-8.534138602998113e-06,1.0749535866308164,1.0749444128279162,-0.12900281275042635,0.9999275241673835,0.0003177879274297512,0.9996097362399538,False,False,False,-1.0
2025-02-06,2025-02-07 00:00:00,-0.12566274005926695,0.0,0.0,-0.06283137002963347,0.0,0.0,0.0,0.06283137002963347,0.06283137002963347,-0.06283137002963347,False,0.5,0.0,-0.0028708416098824907,0.00018037891148699545,0.0,5.3793981189754686e-08,0.00018032511750580568,1.0763622957255226,1.076556390882978,-0.1276966723257571,0.9998925061355054,0.00031415685014816736,0.9995783492853573,False,False,False,-1.0
2025-02-07,2025-02-08 00:00:00,-0.12688691298011537,0.0,0.0,-0.06344345649005768,0.0,0.0,0.0,0.06344345649005768,0.06344345649005768,-0.06344345649005768,False,0.5,0.0,-0.005284102744006036,0.0003352417425283414,0.0,5.431802781683021e-08,0.00033518742450052455,1.0757242104080742,1.0760847796356339,-0.12807880563889407,0.9996250591690619,0.00031721728245028843,0.9993078418866116,False,False,False,-1.0
2025-02-08,2025-02-09 00:00:00,-0.13152253546979514,0.0,0.0,-0.06576126773489757,0.0,0.0,0.0,0.06576126773489757,0.06576126773489757,-0.06576126773489757,False,0.5,0.0,0.003786915686229131,-0.00024903237633159723,0.0,5.6302455252480795e-08,-0.0002490886787868497,1.0793952108892588,1.0791263457622897,-0.1256143102570525,0.9997293774941651,0.0003288063386744879,0.9994005711554906,False,False,False,-1.0
2025-02-09,2025-02-10 00:00:00,-0.13221003335931192,0.0,0.0,-0.06610501667965596,0.0,0.0,0.0,0.06610501667965596,0.06610501667965596,-0.06610501667965596,False,0.5,0.0,-0.0001545181483448843,1.0214424773648131e-05,0.0,5.659676085586983e-08,1.015782801279226e-05,1.0777989584988505,1.0778099065953033,-0.12668098384309767,0.9999055222571608,0.0003305250833982798,0.9995749971737625,False,False,False,-1.0
2025-02-10,2025-02-11 00:00:00,-0.13040420031365318,0.0,0.0,-0.06520210015682659,0.0,0.0,0.0,0.06520210015682659,0.06520210015682659,-0.06520210015682659,False,0.5,0.0,0.0017897513187641323,-0.00011669554474187144,0.0,5.5823715887694e-08,-0.00011675136845775913,1.0776858102889206,1.0775599889958019,-0.126883485036287,0.9998149510285144,0.00032601050078413297,0.9994889405277302,False,False,False,-1.0
2025-02-11,2025-02-12 00:00:00,-0.1298635790231358,0.0,0.0,-0.0649317895115679,0.0,0.0,0.0,0.0649317895115679,0.0649317895115679,-0.0649317895115679,False,0.5,0.0,0.0031043381618853783,-0.00020157023210026897,0.0,5.559228554072594e-08,-0.0002016258243858097,1.0776376592820212,1.0774203797005792,-0.12699660651680422,0.9996675002991898,0.0003246589475578395,0.999342841351632,False,False,False,-1.0
2025-02-12,2025-02-13 00:00:00,-0.1300529025936041,0.0,0.0,-0.06502645129680205,0.0,0.0,0.0,0.06502645129680205,0.06502645129680205,-0.06502645129680205,False,0.5,0.0,-0.0002300878168500775,1.4961794216389076e-05,0.0,5.5673331589727785e-08,1.4906120884799349e-05,1.0788086039324079,1.0788246847838696,-0.12585873765308464,0.9998423467609224,0.0003251322564840103,0.9995172145044384,False,False,False,-1.0
2025-02-13,2025-02-14 00:00:00,-0.13012928199227694,0.0,0.0,-0.06506464099613847,0.0,0.0,0.0,0.06506464099613847,0.06506464099613847,-0.06506464099613847,False,0.5,0.0,-0.00645045085612006,0.0004196962692166858,0.0,5.570602825011855e-08,0.00041964056318843565,1.0771978421976414,1.0776498781068065,-0.12681065042091988,0.9999984793855278,0.00032532320498069233,0.9996731561805471,False,False,False,-1.0
2025-02-14,2025-02-15 00:00:00,-0.13662325619599522,0.0,0.0,-0.06831162809799761,0.0,0.0,0.0,0.06831162809799761,0.06831162809799761,-0.06831162809799761,False,0.5,0.0,0.008583738481855008,-0.0005863691508629498,0.0,5.8485982960614394e-08,-0.0005864276368459105,1.0758673448368403,1.075236426492248,-0.1287662023013313,0.9990736445657694,0.0003415581404899881,0.9987320864252794,False,False,False,-1.0
2025-02-15,2025-02-16 00:00:00,-0.14061282619255852,0.0,0.0,-0.07030641309627926,0.0,0.0,0.0,0.07030641309627926,0.07030641309627926,-0.07030641309627926,False,0.5,0.0,-0.0011135898796951205,7.829251010168106e-05,0.0,6.019384682900622e-08,7.823231625485205e-05,1.0763167252418062,1.0764009279922457,-0.1278226395282781,0.9999900227548737,0.0003515320654813963,0.9996384906893923,False,False,False,-1.0
2025-02-16,2025-02-17 00:00:00,-0.14198814081290975,0.0,0.0,-0.07099407040645488,0.0,0.0,0.0,0.07099407040645488,0.07099407040645488,-0.07099407040645488,False,0.5,0.0,-0.0018227960654280118,0.0001294077122056052,0.0,6.078259452607438e-08,0.00012934692961107913,1.0761506303321866,1.0762898271120191,-0.1279126614429218,0.9999999392174055,0.0003549703520322744,0.9996449688653732,False,False,False,-1.0
2025-02-17,2025-02-18 00:00:00,-0.14191705772623722,0.0,0.0,-0.07095852886311861,0.0,0.0,0.0,0.07095852886311861,0.07095852886311861,-0.07095852886311861,False,0.5,0.0,-0.007573084042147182,0.0005373749025875238,0.0,6.075216512253306e-08,0.0005373141504224012,1.0739278081380026,1.0745048447458472,-0.12935898238907728,0.9997219250328966,0.00035479264431559305,0.999367132388581,False,False,False,-1.0
2025-02-18,2025-02-19 00:00:00,-0.14382137172387377,0.0,0.0,-0.07191068586193688,0.0,0.0,0.0,0.07191068586193688,0.07191068586193688,-0.07191068586193688,False,0.5,0.0,-0.0031392023741616537,0.00022574219578538513,0.0,6.15673680324802e-08,0.00022568062841735265,1.076550053170886,1.0767930096634084,-0.12750494679116586,0.999946586060944,0.0003595534293096844,0.9995870326316343,False,False,False,-1.0
2025-02-19,2025-02-20 00:00:00,-0.14354118059139845,0.0,0.0,-0.07177059029569922,0.0,0.0,0.0,0.07177059029569922,0.07177059029569922,-0.07177059029569922,False,0.5,0.0,-0.0036792818751039125,0.0002640642320404749,0.0,6.144742319837262e-08,0.00026400278461727653,1.0758009564639406,1.076084970912141,-0.12807865065292678,0.9999856218171048,0.00035885295147849614,0.9996267688656263,False,False,False,-1.0
2025-02-20,2025-02-21 00:00:00,-0.14419284944325894,0.0,0.0,-0.07209642472162947,0.0,0.0,0.0,0.07209642472162947,0.07209642472162947,-0.07209642472162947,False,0.5,0.0,-0.005878709469340215,0.0004238339347166172,0.0,6.172639102879235e-08,0.0004237722083255884,1.0751640641469675,1.0756196887967433,-0.128455655648676,0.999999938273609,0.00036048212360814734,0.9996394561500008,False,False,False,-1.0
2025-02-21,2025-02-22 00:00:00,-0.14381040612557583,0.0,0.0,-0.07190520306278791,0.0,0.0,0.0,0.07190520306278791,0.07190520306278791,-0.07190520306278791,False,0.5,0.0,-0.00035231943628888374,2.5333600609319155e-05,0.0,6.156267385512664e-08,2.527203793546403e-05,1.075191145661305,1.075218317932726,-0.1287808751571745,0.9994816551915271,0.00035952601531393956,0.9991221291762131,False,False,False,-1.0
2025-02-22,2025-02-23 00:00:00,-0.14358300530618584,0.0,0.0,-0.07179150265309292,0.0,0.0,0.0,0.07179150265309292,0.07179150265309292,-0.07179150265309292,False,0.5,0.0,0.009730138695397628,-0.0006985412779656008,0.0,6.146532761394942e-08,-0.0006986027432932148,1.0744441795026043,1.0736935698512884,-0.13001633559061443,0.999023025293226,0.0003589575132654646,0.9986640677799605,False,False,False,-1.0
2025-02-23,2025-02-24 00:00:00,-0.14338765087576918,0.0,0.0,-0.07169382543788459,0.0,0.0,0.0,0.07169382543788459,0.07169382543788459,-0.07169382543788459,False,0.5,0.0,-0.00101945581161611,7.308868699964236e-05,0.0,6.138169986120256e-08,7.302730529978116e-05,1.0733965465200788,1.0734749337773892,-0.130193490244497,0.9999564457024448,0.000358469127189423,0.9995979765752554,False,False,False,-1.0
2025-02-24,2025-02-25 00:00:00,-0.14230488303503244,0.0,0.0,-0.07115244151751622,0.0,0.0,0.0,0.07115244151751622,0.07115244151751622,-0.07115244151751622,False,0.5,0.0,0.003456264668372011,-0.0002459216696853971,0.0,6.091818623075019e-08,-0.00024598258787162785,1.077155484659757,1.0768905231661003,-0.12742593434591754,0.9997083769275797,0.0003557622075875811,0.9993526147199921,False,False,False,-1.0
2025-02-25,2025-02-26 00:00:00,-0.14561376435652443,0.0,0.0,-0.07280688217826221,0.0,0.0,0.0,0.07280688217826221,0.07280688217826221,-0.07280688217826221,False,0.5,0.0,0.004664443518132666,-0.0003396035896518439,0.0,6.23346593991971e-08,-0.0003396659243112431,1.0847796535889196,1.0844111909052092,-0.12133214905913259,0.9991064676314397,0.00036403441089131105,0.9987424332205485,False,False,False,-1.0
2025-02-26,2025-02-27 00:00:00,-0.1430275919327385,0.0,0.0,-0.07151379596636925,0.0,0.0,0.0,0.07151379596636925,0.07151379596636925,-0.07151379596636925,False,0.5,0.0,-0.002763735519134669,0.00019764521802040434,0.0,6.12275650396997e-08,0.00019758399045536465,1.083530374628334,1.0837444628835327,-0.12187238000001732,0.9997429706212198,0.00035756897983184625,0.9993854016413879,False,False,False,-1.0
2025-02-27,2025-02-28 00:00:00,-0.13065149477224003,0.0,0.0,-0.06532574738612001,0.0,0.0,0.0,0.06532574738612001,0.06532574738612001,-0.06532574738612001,False,0.5,0.0,-0.0003743255685876301,2.4453097533721267e-05,0.0,5.59295782415411e-08,2.4397167955479725e-05,1.086784909166816,1.0868114236407764,-0.11938730806412379,0.9997101608111428,0.00032662873693060007,0.9993835320742123,False,False,False,-1.0
2025-02-28,2025-03-01 00:00:00,-0.13331105149751027,0.0,0.0,-0.06665552574875513,0.0,0.0,0.0,0.06665552574875513,0.06665552574875513,-0.06665552574875513,False,0.5,0.0,0.004469208105128075,-0.00029789741592790956,0.0,5.706808711366022e-08,-0.0002979544840150232,1.0901805165571663,1.0898556923838723,-0.11692062282828664,0.9995701152144921,0.00033327762874377567,0.9992368375857483,False,False,False,-1.0
2025-03-01,2025-03-02 00:00:00,-0.1324646161035582,0.0,0.0,-0.0662323080517791,0.0,0.0,0.0,0.0662323080517791,0.0662323080517791,-0.0662323080517791,False,0.5,0.0,0.0003359921202943372,-2.2253533614304963e-05,0.0,5.6705743195016345e-08,-2.2310239357499978e-05,1.0914507362202432,1.0914263856930713,-0.11564793427061049,0.9998072825648836,0.0003311615402588955,0.9994761210246247,False,False,False,-1.0
2025-03-02,2025-03-03 00:00:00,-0.13122291036868924,0.0,0.0,-0.06561145518434462,0.0,0.0,0.0,0.06561145518434462,0.06561145518434462,-0.06561145518434462,False,0.5,0.0,-0.008906666666666618,0.0005843793608418929,0.0,5.6174191082486836e-08,0.0005843231866508105,1.0888945825085574,1.0895308488609357,-0.1171838343873195,0.9998442259721714,0.0003280572759217231,0.9995161686962496,False,False,False,-1.0
2025-03-03,2025-03-04 00:00:00,-0.1365099511996323,0.0,0.0,-0.06825497559981615,0.0,0.0,0.0,0.06825497559981615,0.06825497559981615,-0.06825497559981615,False,0.5,0.0,-0.006095150380349468,0.00041602434048796305,0.0,5.843747910943164e-08,0.00041596590300885364,1.0866841920676982,1.0871362156389373,-0.1191241382541659,0.9999815570228843,0.00034127487799908075,0.9996402821448852,False,False,False,-1.0
2025-03-04,2025-03-05 00:00:00,-0.14087201888439124,0.0,0.0,-0.07043600944219562,0.0,0.0,0.0,0.07043600944219562,0.07043600944219562,-0.07043600944219562,False,0.5,0.0,0.0003760467840767667,-2.648723483393844e-05,0.0,6.030480260461954e-08,-2.654753963654306e-05,1.0943931516765861,1.094364098231014,-0.1132675885271831,0.9996165539499727,0.00035218004721097813,0.9992643739027618,False,False,False,-1.0
2025-03-05,2025-03-06 00:00:00,-0.14102089735904302,0.0,0.0,-0.07051044867952151,0.0,0.0,0.0,0.07051044867952151,0.07051044867952151,-0.07051044867952151,False,0.5,0.0,-0.001201236862898969,8.469975017338716e-05,0.0,6.036853482835745e-08,8.463938163855881e-05,1.090048728915636,1.0901409899660073,-0.11668945423147059,0.9998811023393968,0.0003525522433976076,0.9995285500959992,False,False,False,-1.0
2025-03-06,2025-03-07 00:00:00,-0.13242038275088924,0.0,0.0,-0.06621019137544462,0.0,0.0,0.0,0.06621019137544462,0.06621019137544462,-0.06621019137544462,False,0.5,0.0,-0.0039228318521590255,0.000259731447665139,0.0,5.6686807684456016e-08,0.0002596747608574545,1.087527427557634,1.087809830982311,-0.1185783267104572,0.9999330383621065,0.0003310509568772231,0.9996019874052292,False,False,False,-1.0
2025-03-07,2025-03-08 00:00:00,-0.15123740505194894,0.0,0.0,-0.07561870252597447,0.0,0.0,0.0,0.07561870252597447,0.07561870252597447,-0.07561870252597447,False,0.5,0.0,0.004678591239349217,-0.00035378899916897863,0.0,6.474203983388225e-08,-0.00035385374120881254,1.089791227250301,1.089405600547402,-0.11728531956877974,0.9991235424893676,0.00037809351262987233,0.9987454489767378,False,False,False,-1.0
2025-03-08,2025-03-09 00:00:00,-0.1507071452973336,0.0,0.0,-0.0753535726486668,0.0,0.0,0.0,0.0753535726486668,0.0753535726486668,-0.0753535726486668,False,0.5,0.0,-0.0013914444474960597,0.00010485031026097837,0.0,6.451504507591335e-08,0.00010478579521590245,1.0902537969158843,1.0903680400269813,-0.11650548196079946,0.9998892218349754,0.000376767863243334,0.999512453971732,False,False,False,-1.0
2025-03-09,2025-03-10 00:00:00,-0.15036400110883616,0.0,0.0,-0.07518200055441808,0.0,0.0,0.0,0.07518200055441808,0.07518200055441808,-0.07518200055441808,False,0.5,0.0,-0.004807486960937468,0.00036143648736255843,0.0,6.436815115960453e-08,0.00036137211921139883,1.0931801501551948,1.0935751949827364,-0.11390681461372487,0.9999653262149938,0.0003759100027720904,0.9995894162122217,False,False,False,-1.0
2025-03-10,2025-03-11 00:00:00,-0.1509378658080276,0.0,0.0,-0.0754689329040138,0.0,0.0,0.0,0.0754689329040138,0.0754689329040138,-0.0754689329040138,False,0.5,0.0,-0.004554111528859206,0.0003436939374088711,0.0,6.461381241782004e-08,0.0003436293235964533,1.0962599651377196,1.0966366722080259,-0.11142618582935748,0.9995210725438173,0.000377344664520069,0.9991437278792972,False,False,False,-1.0
2025-03-11,2025-03-12 00:00:00,-0.1492727729838731,0.0,0.0,-0.07463638649193655,0.0,0.0,0.0,0.07463638649193655,0.07463638649193655,-0.07463638649193655,False,0.5,0.0,0.0021984924623115187,-0.00016408753311669176,0.0,6.390101583213745e-08,-0.0001641514341325239,1.1007444762390908,1.1005637874547027,-0.10824415493265105,0.9993596040352264,0.00037318193245968275,0.9989864221027667,False,False,False,-1.0
2025-03-12,2025-03-13 00:00:00,-0.14994459506702762,0.0,0.0,-0.07497229753351381,0.0,0.0,0.0,0.07497229753351381,0.07497229753351381,-0.07497229753351381,False,0.5,0.0,0.007208546815147487,-0.0005404413166095008,0.0,6.418861090198099e-08,-0.0005405055052204028,1.1030029655291624,1.1024067863540195,-0.10675082482343545,0.9994033499932783,0.0003748614876675691,0.9990284885056108,False,False,False,-1.0
2025-03-13,2025-03-14 00:00:00,-0.14783392633780099,0.0,0.0,-0.07391696316890049,0.0,0.0,0.0,0.07391696316890049,0.07391696316890049,-0.07391696316890049,False,0.5,0.0,-0.0019154030327214189,0.00014158077542326941,0.0,6.328507120625042e-08,0.00014151749035206317,1.1019077079731276,1.1020636471865597,-0.10702886082801955,0.9999409447251691,0.0003695848158445025,0.9995713599093247,False,False,False,-1.0
2025-03-14,2025-03-15 00:00:00,-0.1478840130643313,0.0,0.0,-0.07394200653216565,0.0,0.0,0.0,0.07394200653216565,0.07394200653216565,-0.07394200653216565,False,0.5,0.0,-0.005972881566291166,0.0004416468477905532,0.0,6.330651244192263e-08,0.0004415835412781113,1.099550890116982,1.1000364336928552,-0.10867145483557927,0.9999594046018289,0.00036971003266082823,0.999589694569168,False,False,False,-1.0
2025-03-15,2025-03-16 00:00:00,-0.14777704403785014,0.0,0.0,-0.07388852201892507,0.0,0.0,0.0,0.07388852201892507,0.07388852201892507,-0.07388852201892507,False,0.5,0.0,-0.00016514424317481957,1.2202264048121371e-05,0.0,6.326072090661392e-08,1.2139003327214757e-05,1.099362123388181,1.0993754685486545,-0.1092070162791281,0.999950746362335,0.00036944261009462536,0.9995813037522404,False,False,False,-1.0
2025-03-16,2025-03-17 00:00:00,-0.14558296370527,0.0,0.0,-0.072791481852635,0.0,0.0,0.0,0.072791481852635,0.072791481852635,-0.072791481852635,False,0.5,0.0,0.0008609033675581745,-6.266643185648322e-05,0.0,6.232147418889983e-08,-6.272875333067212e-05,1.1011896463799205,1.1011205701262223,-0.10779300961293437,0.9998403881741059,0.000363957409263175,0.9994764307648427,False,False,False,-1.0
2025-03-17,2025-03-18 00:00:00,-0.14621387608284536,0.0,0.0,-0.07310693804142268,0.0,0.0,0.0,0.07310693804142268,0.07310693804142268,-0.07310693804142268,False,0.5,0.0,0.0037655131296121525,-0.00027528513506071923,0.0,6.259155654231393e-08,-0.00027534772661726154,1.1003660867836083,1.1000631034831656,-0.10864984505551278,0.9995828039607334,0.0003655346902071134,0.9992172692705263,False,False,False,-1.0
2025-03-18,2025-03-19 00:00:00,-0.14970375620799597,0.0,0.0,-0.07485187810399799,0.0,0.0,0.0,0.07485187810399799,0.07485187810399799,-0.07485187810399799,False,0.5,0.0,-0.005935172902209573,0.00044425883860234295,0.0,6.408551207534075e-08,0.00044419475309026763,1.1012087933491688,1.1016979445172312,-0.10732517940277886,0.9999251675079911,0.00037425939051998993,0.9995509081174712,False,False,False,-1.0
2025-03-19,2025-03-20 00:00:00,-0.1485298931834915,0.0,0.0,-0.07426494659174575,0.0,0.0,0.0,0.07426494659174575,0.07426494659174575,-0.07426494659174575,False,0.5,0.0,0.000977092076271724,-7.256369085953754e-05,0.0,6.35830022189604e-08,-7.26272738617565e-05,1.0947460597469014,1.0946665513250111,-0.11302251930220486,0.9996117206708992,0.00037132473295872873,0.9992403959379405,False,False,False,-1.0
2025-03-20,2025-03-21 00:00:00,0.1487105261898922,0.0,0.0,0.0743552630949461,0.0,0.0,0.0743552630949461,0.0,0.0743552630949461,0.0743552630949461,False,0.5,0.0,-0.001296274729225555,-9.638484853489616e-05,0.0,6.366032799224837e-08,-9.644850886288841e-05,1.0921899117439753,1.0920845716555925,-0.11511462471971479,0.9998158262188378,0.00037177631547473047,0.9994440499033631,False,False,False,1.0
2025-03-21,2025-03-22 00:00:00,0.13462488934836433,0.0,0.0,0.06731244467418217,0.0,0.0,0.06731244467418217,0.0,0.06731244467418217,0.06731244467418217,False,0.5,0.0,-0.00022043030045171275,-1.4837702403669266e-05,0.0,5.7630517700498434e-08,-1.4895332921369764e-05,1.0912807904262554,1.0912645354355712,-0.11577907697655498,0.9999022895838954,0.00033656222337091085,0.9995657273605245,False,False,False,1.0
2025-03-22,2025-03-23 00:00:00,0.13406722860826303,0.0,0.0,0.06703361430413152,0.0,0.0,0.06703361430413152,0.0,0.06703361430413152,0.06703361430413152,False,0.5,0.0,0.001058334383268189,7.094397885280068e-05,0.0,5.739179306860575e-08,7.088658705973208e-05,1.092531826037735,1.092609271890137,-0.11468947489523662,0.9999914968964387,0.0003351680715206576,0.9996563288249181,False,False,False,1.0
2025-03-23,2025-03-24 00:00:00,0.13460725346264718,0.0,0.0,0.06730362673132359,0.0,0.0,0.06730362673132359,0.0,0.06730362673132359,0.06730362673132359,False,0.5,0.0,0.00021925453458249144,1.4756625354690083e-05,0.0,5.762296809188663e-08,1.4699002386598197e-05,1.0933638752247994,1.0933799465830107,-0.11406501889382215,0.9999664045921349,0.00033651813365661795,0.9996298864584783,False,False,False,1.0
2025-03-24,2025-03-25 00:00:00,0.13376928449137782,0.0,0.0,0.06688464224568891,0.0,0.0,0.06688464224568891,0.0,0.06688464224568891,0.06688464224568891,False,0.5,0.0,0.0014855992715772093,9.936377579989768e-05,0.0,5.726424849802132e-08,9.930651155139966e-05,1.0962394531627766,1.0963483168786952,-0.11165983203261998,0.9998723724687568,0.00033442321122844455,0.9995379492575284,False,False,False,1.0
2025-03-25,2025-03-26 00:00:00,0.13344838576293028,0.0,0.0,0.06672419288146514,0.0,0.0,0.06672419288146514,0.0,0.06672419288146514,0.06672419288146514,False,0.5,0.0,-0.0029321129056369966,-0.00019564286706595614,0.0,5.712687746700782e-08,-0.00019569999394342314,1.0957885544827786,1.095574108669303,-0.11228715114296561,0.9997235329671856,0.0003336209644073257,0.9993899120027783,False,False,False,1.0
2025-03-26,2025-03-27 00:00:00,0.13107347376782144,0.0,0.0,0.06553673688391072,0.0,0.0,0.06553673688391072,0.0,0.06553673688391072,0.06553673688391072,False,0.5,0.0,-0.002997052485572138,-0.00019641704017421186,0.0,5.611021993485506e-08,-0.00019647315039414672,1.0938781140030815,1.093663196323876,-0.11383550960511957,0.9996395754359068,0.0003276836844195536,0.9993118917514872,False,False,False,1.0
2025-03-27,2025-03-28 00:00:00,0.1312767540873157,0.0,0.0,0.06563837704365785,0.0,0.0,0.06563837704365785,0.0,0.06563837704365785,0.06563837704365785,False,0.5,0.0,0.0009032927766521315,5.929067185470523e-05,0.0,5.619724061957008e-08,5.923447461408566e-05,1.0933596019692504,1.0934243665508372,-0.11402902664475989,0.9998764488674597,0.00032819188521828927,0.9995482569822415,False,False,False,1.0
2025-03-28,2025-03-29 00:00:00,0.13265072067150194,0.0,0.0,0.06632536033575097,0.0,0.0,0.06632536033575097,0.0,0.06632536033575097,0.06632536033575097,False,0.5,0.0,-0.004032022128248158,-0.0002674253205377806,0.0,5.678541124636213e-08,-0.000267482105949027,1.0887919701047608,1.0885007377356568,-0.11801850442417472,0.9997004127434324,0.00033162680167875486,0.9993687859417536,False,False,False,1.0
2025-03-29,2025-03-30 00:00:00,0.14611756305505058,0.0,0.0,0.07305878152752529,0.0,0.0,0.07305878152752529,0.0,0.07305878152752529,0.07305878152752529,False,0.5,0.0,0.0031070120355833897,0.0002269945135110785,0.0,6.25503266502785e-08,0.00022693196318442822,1.0869152314097807,1.0871618872170596,-0.1191033372973257,0.9999593173788345,0.00036529390763762645,0.9995940234711969,False,False,False,1.0
2025-03-30,2025-03-31 00:00:00,-0.13982945037076872,0.0,0.0,-0.06991472518538436,0.0,0.0,0.0,0.06991472518538436,0.06991472518538436,-0.06991472518538436,False,0.5,0.0,-0.0005620949609841386,3.929871472529539e-05,0.0,5.985849759022633e-08,3.9238856227705164e-05,1.0886263776704932,1.0886690941244124,-0.11788208998328664,0.9998620093584469,0.0003495736259269218,0.99951243573252,False,False,False,-1.0
2025-03-31,2025-04-01 00:00:00,-0.1418940529709711,0.0,0.0,-0.07094702648548555,0.0,0.0,0.0,0.07094702648548555,0.07094702648548555,-0.07094702648548555,False,0.5,0.0,0.0002280625543007453,-1.6180360080322463e-05,0.0,6.074231719647735e-08,-1.624110239751894e-05,1.0874235614246044,1.0874059004671939,-0.11890562023216189,0.9997302665896776,0.00035473513242742776,0.9993755314572501,False,False,False,-1.0
2025-04-01,2025-04-02 00:00:00,-0.14422116944556884,0.0,0.0,-0.07211058472278442,0.0,0.0,0.0,0.07211058472278442,0.07211058472278442,-0.07211058472278442,False,0.5,0.0,-0.0009841904642878818,7.097054985838783e-05,0.0,6.17385143174524e-08,7.090881134407039e-05,1.084086833874018,1.0841637051828017,-0.12153267977079452,0.999679632023236,0.0003605529236139221,0.999319079099622,False,False,False,-1.0
2025-04-02,2025-04-03 00:00:00,-0.1438575562204559,0.0,0.0,-0.07192877811022795,0.0,0.0,0.0,0.07192877811022795,0.07192877811022795,-0.07192877811022795,False,0.5,0.0,-0.007242971132556342,0.0005209780634524315,0.0,6.158285797108558e-08,0.0005209164805944605,1.0842634089961782,1.0848282196752297,-0.12099424239032697,0.9998294091880091,0.00035964389055113976,0.999469765297458,False,False,False,-1.0
2025-04-03,2025-04-04 00:00:00,-0.1418208595017598,0.0,0.0,-0.0709104297508799,0.0,0.0,0.0,0.0709104297508799,0.0709104297508799,-0.0709104297508799,False,0.5,0.0,0.0016802472604664498,-0.00011914705532741458,0.0,6.071098437575333e-08,-0.00011920776631179034,1.089806938484394,1.0896770250335461,-0.11706539195097831,0.999850108878303,0.0003545521487543995,0.9994955567295486,False,False,False,-1.0
2025-04-04,2025-04-05 00:00:00,-0.14351874152255512,0.0,0.0,-0.07175937076127756,0.0,0.0,0.0,0.07175937076127756,0.07175937076127756,-0.07175937076127756,False,0.5,0.0,0.0015899404190746758,-0.00011409312402072067,0.0,6.143781743260065e-08,-0.00011415456183815328,1.0891599678972463,1.0890356353183395,-0.11758509197565792,0.9995131412330275,0.00035879685380638777,0.9991543443792211,False,False,False,-1.0
2025-04-05,2025-04-06 00:00:00,-0.15347312083748701,0.0,0.0,-0.07673656041874351,0.0,0.0,0.0,0.07673656041874351,0.07673656041874351,-0.07673656041874351,False,0.5,0.0,0.001567864950069886,-0.00012031256346946807,0.0,6.569910994755437e-08,-0.00012037826257941563,1.0897649318407827,1.0896337478316678,-0.1171004582489732,0.9998343428156847,0.00038368280209371755,0.9994506600135911,False,False,False,-1.0
2025-04-06,2025-04-07 00:00:00,-0.16110806818334686,0.0,0.0,-0.08055403409167343,0.0,0.0,0.0,0.08055403409167343,0.08055403409167343,-0.08055403409167343,False,0.5,0.0,-0.003002798835140652,0.00024188755973635734,0.0,6.896749494150121e-08,0.00024181859224141586,1.0904653547683245,1.0907290495653026,-0.11621296609793652,0.9999647888776,0.00040277017045836714,0.9995620187071416,False,False,False,-1.0
2025-04-07,2025-04-08 00:00:00,-0.16511580101857765,0.0,0.0,-0.08255790050928882,0.0,0.0,0.0,0.08255790050928882,0.08255790050928882,-0.08255790050928882,False,0.5,0.0,-0.006548755034435194,0.000540651466592605,0.0,7.06831339976788e-08,0.0005405807834586074,1.1006984213931985,1.101293437808187,-0.10765293979819723,0.9999308987689872,0.0004127895025464441,0.9995181092664408,False,False,False,-1.0
2025-04-08,2025-04-09 00:00:00,-0.16555831937076682,0.0,0.0,-0.08277915968538341,0.0,0.0,0.0,0.08277915968538341,0.08277915968538341,-0.08277915968538341,False,0.5,0.0,-0.002748147279855173,0.0002274893225180834,0.0,7.087256822378716e-08,0.00022741844994985964,1.102399155045135,1.1026498609522013,-0.10655386832151625,0.9998759420559171,0.00041389579842691704,0.9994620462574902,False,False,False,-1.0
2025-04-09,2025-04-10 00:00:00,-0.13854799441635768,0.0,0.0,-0.06927399720817884,0.0,0.0,0.0,0.06927399720817884,0.06927399720817884,-0.06927399720817884,False,0.5,0.0,0.0032419289477241264,-0.0002245813768737553,0.0,5.930992911659147e-08,-0.0002246406868028719,1.1051006269682766,1.1048523764044482,-0.10476923207345767,0.9992354282529632,0.0003463699860408942,0.9988890582669223,False,False,False,-1.0
2025-04-10,2025-04-11 00:00:00,-0.139856739438343,0.0,0.0,-0.0699283697191715,0.0,0.0,0.0,0.0699283697191715,0.0699283697191715,-0.0699283697191715,False,0.5,0.0,-0.0041339093735229815,0.0002890775430572637,0.0,5.987017955408519e-08,0.00028901767287770963,1.1037340523679742,1.1040530510152655,-0.10541690292728689,0.9996964319847748,0.0003496418485958575,0.9993467901361789,False,False,False,-1.0
2025-04-11,2025-04-12 00:00:00,-0.14052003035132837,0.0,0.0,-0.07026001517566419,0.0,0.0,0.0,0.07026001517566419,0.07026001517566419,-0.07026001517566419,False,0.5,0.0,-0.001218485250586987,8.561079219756468e-05,0.0,6.015412258190427e-08,8.555063807498278e-05,1.1003654824345201,1.1004596194036582,-0.10832855937103714,0.9999663230426585,0.00035130007587832096,0.9996150229667802,False,False,False,-1.0
2025-04-12,2025-04-13 00:00:00,-0.14329264397867167,0.0,0.0,-0.07164632198933583,0.0,0.0,0.0,0.07164632198933583,0.07164632198933583,-0.07164632198933583,False,0.5,0.0,-0.0028905563116501387,0.0002070977282327928,0.0,6.134102910045876e-08,0.00020703638720369236,1.095763645347128,1.09599050829349,-0.11194975425331188,0.9999391037013025,0.0003582316099466792,0.9995808720913558,False,False,False,-1.0
2025-04-13,2025-04-14 00:00:00,-0.13904603192347986,0.0,0.0,-0.06952301596173993,0.0,0.0,0.0,0.06952301596173993,0.06952301596173993,-0.06952301596173993,False,0.5,0.0,0.0027427040281096104,-0.00019068105592459286,0.0,5.952313010422939e-08,-0.0001907405790546971,1.0994025719509886,1.0991928712678005,-0.1093549697138595,0.9997068891766356,0.00034761507980869965,0.9993592740968269,False,False,False,-1.0
2025-04-14,2025-04-15 00:00:00,-0.13342935284835156,0.0,0.0,-0.06671467642417578,0.0,0.0,0.0,0.06671467642417578,0.06671467642417578,-0.06671467642417578,False,0.5,0.0,-0.005485677982150161,0.0003659752315463735,0.0,5.711872981521899e-08,0.00036591811281655825,1.0967885251397784,1.0971898599270564,-0.11097795339840877,0.9999326979890595,0.0003335733821208789,0.9995991246069386,False,False,False,-1.0
2025-04-15,2025-04-16 00:00:00,-0.13269325919929315,0.0,0.0,-0.06634662959964657,0.0,0.0,0.0,0.06634662959964657,0.06634662959964657,-0.06634662959964657,False,0.5,0.0,0.0029573168845471454,-0.0001962080079478302,0.0,5.680362123257412e-08,-0.00019626481156906277,1.097665240362312,1.0974498073007464,-0.11076732536163314,0.999793473263329,0.0003317331479982329,0.9994617401153307,False,False,False,-1.0
2025-04-16,2025-04-17 00:00:00,-0.13154966564057843,0.0,0.0,-0.06577483282028922,0.0,0.0,0.0,0.06577483282028922,0.06577483282028922,-0.06577483282028922,False,0.5,0.0,-0.0017632921480160713,0.00011598024624908575,0.0,5.63140691954531e-08,0.0001159239321798903,1.0986258655632843,1.098753222593615,-0.10971120465403306,0.9999157445036005,0.0003288741641014461,0.9995868703394991,False,False,False,-1.0
2025-04-17,2025-04-18 00:00:00,-0.1319312607336855,0.0,0.0,-0.06596563036684275,0.0,0.0,0.0,0.06596563036684275,0.06596563036684275,-0.06596563036684275,False,0.5,0.0,0.00014530659691947,-9.58524126225357e-06,0.0,5.647742325928317e-08,-9.641718685512853e-06,1.0990236559538429,1.0990130594769234,-0.10950066614450216,0.9998240751828953,0.00032982815183421377,0.999494247031061,False,False,False,-1.0
2025-04-18,2025-04-19 00:00:00,-0.13216722668186728,0.0,0.0,-0.06608361334093364,0.0,0.0,0.0,0.06608361334093364,0.06608361334093364,-0.06608361334093364,False,0.5,0.0,0.001664219904829567,-0.00010997766470504248,0.0,5.657843607956647e-08,-0.00011003424314112205,1.0991135654623219,1.09899262533302,-0.10951722335588099,0.9998673847914822,0.00033041806670466823,0.9995369667247775,False,False,False,-1.0
2025-04-19,2025-04-20 00:00:00,-0.13245004780633102,0.0,0.0,-0.06622502390316551,0.0,0.0,0.0,0.06622502390316551,0.06622502390316551,-0.06622502390316551,False,0.5,0.0,0.0008219382799072861,-5.443288223378676e-05,0.0,5.6699506766408824e-08,-5.448958174055317e-05,1.0979288839925803,1.0978690583069106,-0.11042761807745838,0.9999364382712205,0.00033112511951582756,0.9996053131517046,False,False,False,-1.0
2025-04-20,2025-04-21 00:00:00,-0.14648928928161795,0.0,0.0,-0.07324464464080897,0.0,0.0,0.0,0.07324464464080897,0.07324464464080897,-0.07324464464080897,False,0.5,0.0,-0.0015923970968887424,0.00011663455948867179,0.0,6.270945602808987e-08,0.0001165718500326437,1.0994180593475888,1.0995462205447264,-0.10906866074509203,0.999954863377116,0.00036622322320404487,0.999588640153912,False,False,False,-1.0
2025-04-21,2025-04-22 00:00:00,-0.1472493807991501,0.0,0.0,-0.07362469039957505,0.0,0.0,0.0,0.07362469039957505,0.07362469039957505,-0.07362469039957505,False,0.5,0.0,-0.0016234864371237334,0.00011952868630114403,0.0,6.303483767086903e-08,0.00011946565146347317,1.0968599668974965,1.096991003988006,-0.11113908076603252,0.9999872596802516,0.00036812345199787526,0.9996191362282537,False,False,False,-1.0
2025-04-22,2025-04-23 00:00:00,-0.146899426087784,0.0,0.0,-0.073449713043892,0.0,0.0,0.0,0.073449713043892,0.073449713043892,-0.073449713043892,False,0.5,0.0,0.00862150639507342,-0.0006332471707242224,0.0,6.288502829100343e-08,-0.0006333100557525134,1.0937124208984934,1.093019761824237,-0.11435686646104348,0.9993414644388203,0.00036724856521946,0.9989742158736009,False,False,False,-1.0
2025-04-23,2025-04-24 00:00:00,0.14536057280329087,0.0,0.0,0.07268028640164544,0.0,0.0,0.07268028640164544,0.0,0.07268028640164544,0.07268028640164544,False,0.5,0.0,0.008438771153111535,0.0006133323042860901,0.0,6.222627260414848e-08,0.0006132700780134859,1.09711018648223,1.0977830113318832,-0.11049733951823792,0.9999468530869383,0.00036340143200822716,0.9995834516549301,False,False,False,1.0
2025-04-24,2025-04-25 00:00:00,0.1406386702511239,0.0,0.0,0.07031933512556195,0.0,0.0,0.07031933512556195,0.0,0.07031933512556195,0.07031933512556195,False,0.5,0.0,-0.0032824858757062314,-0.00023082222433871017,0.0,6.020491021024139e-08,-0.00023088242924892041,1.096724235333189,1.096471020977519,-0.1115604083566939,0.9997051547856934,0.00035159667562780975,0.9993535581100657,False,False,False,1.0
2025-04-25,2025-04-26 00:00:00,0.1385858287506999,0.0,0.0,0.06929291437534996,0.0,0.0,0.06929291437534996,0.0,0.06929291437534996,0.06929291437534996,False,0.5,0.0,-0.001051059357194295,-7.283096604147464e-05,0.0,5.932612532136126e-08,-7.289029216679601e-05,1.0983631447471829,1.098283084736657,-0.11009214412043089,0.9998389459068356,0.0003464645718767498,0.9994924813349589,False,False,False,1.0
2025-04-26,2025-04-27 00:00:00,0.13840041583405735,0.0,0.0,0.06920020791702867,0.0,0.0,0.06920020791702867,0.0,0.06920020791702867,0.06920020791702867,False,0.5,0.0,8.335973058137824e-05,5.768510688138868e-06,0.0,5.924675335362043e-08,5.709263934785248e-06,1.0980410511751948,1.0980473201813672,-0.11028317750044558,0.9999134130929246,0.0003460010395851434,0.9995674120533394,False,False,False,1.0
2025-04-27,2025-04-28 00:00:00,0.13797383001369157,0.0,0.0,0.06898691500684578,0.0,0.0,0.06898691500684578,0.0,0.06898691500684578,0.06898691500684578,False,0.5,0.0,0.0010775079975657853,7.433395264726742e-05,0.0,5.906413956065564e-08,7.427488850770677e-05,1.097712199781584,1.0977937322328362,-0.11048865267409658,0.9999853052353392,0.0003449345750342289,0.999640370660305,False,False,False,1.0
2025-04-28,2025-04-29 00:00:00,0.13797381423722063,0.0,0.0,0.06898690711861032,0.0,0.0,0.06898690711861032,0.0,0.06898690711861032,0.06898690711861032,False,0.5,0.0,0.004067657564760685,0.000280615114610458,0.0,5.9064132807029376e-08,0.000280556050477651,1.0962047491499802,1.0965122960249167,-0.11152696434809406,0.9998777122234809,0.0003449345355930516,0.9995327776878878,False,False,False,1.0
2025-04-29,2025-04-30 00:00:00,0.14556063935115934,0.0,0.0,0.07278031967557967,0.0,0.0,0.07278031967557967,0.0,0.07278031967557967,0.07278031967557967,False,0.5,0.0,-0.0029293601024451554,-0.00021319976470084723,0.0,6.231191753046205e-08,-0.0002132620766183777,1.0990914556274094,1.0988570611011887,-0.10962706723544124,0.999769137942806,0.00036390159837789836,0.9994052363444281,False,False,False,1.0
2025-04-30,2025-05-01 00:00:00,0.14556338775856592,0.0,0.0,0.07278169387928296,0.0,0.0,0.07278169387928296,0.0,0.07278169387928296,0.07278169387928296,False,0.5,0.0,-0.003204512315048258,-0.00023322983434623468,0.0,6.231309407472856e-08,-0.0002332921474403094,1.096886953037733,1.0966310579249596,-0.11143073492482769,0.9996955460159778,0.00036390846939641483,0.9993316375465814,False,False,False,1.0
2025-05-01,2025-05-02 00:00:00,0.1442925317126014,0.0,0.0,0.0721462658563007,0.0,0.0,0.0721462658563007,0.0,0.0721462658563007,0.0721462658563007,False,0.5,0.0,-0.0036365005675307316,-0.00026235993673166054,0.0,6.176906323313415e-08,-0.00026242170579489365,1.1008261878872962,1.1005373072012872,-0.10826561113630895,0.9996145485605602,0.00036073132928150347,0.9992538172312787,False,False,False,1.0
2025-05-02,2025-05-03 00:00:00,0.14340168764568184,0.0,0.0,0.07170084382284092,0.0,0.0,0.07170084382284092,0.0,0.07170084382284092,0.07170084382284092,False,0.5,0.0,1.6303284568586207e-05,1.168959260651532e-06,0.0,6.138770875243229e-08,1.1075715518990997e-06,1.100033530779551,1.1000347491453957,-0.10867281977694887,0.999871353093621,0.0003585042191142046,0.9995128488745068,False,False,False,1.0
2025-05-03,2025-05-04 00:00:00,0.1420520015357912,0.0,0.0,0.0710260007678956,0.0,0.0,0.0710260007678956,0.0,0.0710260007678956,0.0710260007678956,False,0.5,0.0,-0.0010569787841475664,-7.507297593451441e-05,0.0,6.080993216429418e-08,-7.51337858666787e-05,1.0998467428494223,1.0997641071997588,-0.10889211332421356,0.9998602415389731,0.000355130003839478,0.9995051115351337,False,False,False,1.0
2025-05-04,2025-05-05 00:00:00,0.14211233788934138,0.0,0.0,0.07105616894467069,0.0,0.0,0.07105616894467069,0.0,0.07105616894467069,0.07105616894467069,False,0.5,0.0,0.002053646728951586,0.00014592426892505423,0.0,6.083576108276601e-08,0.00014586343316397147,1.099452102239937,1.099612472098169,-0.10901497897698309,0.9999481846901935,0.00035528084472335347,0.9995929038454702,False,False,False,1.0
2025-05-05,2025-05-06 00:00:00,0.14992048385743909,0.0,0.0,0.07496024192871954,0.0,0.0,0.07496024192871954,0.0,0.07496024192871954,0.07496024192871954,False,0.5,0.0,0.0012067623178733111,9.045919529824575e-05,0.0,6.417828932253385e-08,9.039501700892322e-05,1.0981908418188853,1.0982901127987106,-0.11008644947965918,0.999841528014276,0.00037480120964359775,0.9994667268046323,False,False,False,1.0
2025-05-06,2025-05-07 00:00:00,0.14998884224336465,0.0,0.0,0.07499442112168232,0.0,0.0,0.07499442112168232,0.0,0.07499442112168232,0.07499442112168232,False,0.5,0.0,-0.0013489411658464956,-0.0001011630618598652,0.0,6.420755233020746e-08,-0.00010122726941219542,1.0969839001146864,1.0968728554298885,-0.11123481321560835,0.999783641547216,0.0003749721056084116,0.9994086694416076,False,False,False,1.0
2025-05-07,2025-05-08 00:00:00,0.1495443001876402,0.0,0.0,0.0747721500938201,0.0,0.0,0.0747721500938201,0.0,0.0747721500938201,0.0747721500938201,False,0.5,0.0,-0.00202152262402433,-0.00015115359306160027,0.0,6.40172517926542e-08,-0.00015121761031339294,1.099226671867442,1.0990604494369294,-0.1094622673944119,0.9996972180531656,0.0003738607504691005,0.9993233573026965,False,False,False,1.0
2025-05-08,2025-05-09 00:00:00,0.1492564581137787,0.0,0.0,0.07462822905688934,0.0,0.0,0.07462822905688934,0.0,0.07462822905688934,0.07462822905688934,False,0.5,0.0,-0.0033390361024164816,-0.00024918635108036024,0.0,6.389403172678882e-08,-0.00024925024511208705,1.109369982366056,1.1090934716260312,-0.10133279204476964,0.9990075433016656,0.00037314114528444676,0.9986344021563812,False,False,False,1.0
2025-05-09,2025-05-10 00:00:00,0.19448712965708229,0.0,0.0,0.19448712965708229,0.0,0.0,0.19448712965708229,0.0,0.19448712965708229,0.19448712965708229,False,1.0,0.0,0.0018158224761373187,0.0003531541013507629,0.0,1.6651295347352934e-07,0.00035298758839728936,1.130599274595829,1.1309983621072124,-0.08358387613020024,0.9990530078628016,0.0009724356482854115,0.9980805722145162,False,False,False,1.0
2025-05-10,2025-05-11 00:00:00,0.15528558837707906,0.0,0.0,0.15528558837707906,0.0,0.0,0.15528558837707906,0.0,0.15528558837707906,0.15528558837707906,False,1.0,0.0,0.0008229775327133204,0.0001277965503885048,0.0,1.3294999004886906e-07,0.00012766360039845594,1.1407572774516772,1.1409029106328974,-0.07555849937220271,0.9999091314992342,0.0007764279418853953,0.9991327035573488,False,False,False,1.0
2025-05-11,2025-05-12 00:00:00,0.13848899611534674,0.0,0.0,0.13848899611534674,0.0,0.0,0.13848899611534674,0.0,0.13848899611534674,0.13848899611534674,False,1.0,0.0,-0.006948227233661286,-0.0009622530143710643,0.0,1.1856934598916672e-07,-0.0009623715837170535,1.144104284897777,1.1430032314451823,-0.07385666856310136,0.9973550826402833,0.0006924449805767337,0.9966626376597065,False,False,False,1.0
2025-05-12,2025-05-13 00:00:00,0.13605242132262702,0.0,0.0,0.13605242132262702,0.0,0.0,0.13605242132262702,0.0,0.13605242132262702,0.13605242132262702,False,1.0,0.0,-0.0024272136790541854,-0.0003302282981027236,0.0,1.16483237433756e-07,-0.0003303447813401574,1.145102703979413,1.144724425277055,-0.07246203367000159,0.9993301477782964,0.000680262106613135,0.9986498856716833,False,False,False,1.0
2025-05-13,2025-05-14 00:00:00,0.1374151274939129,0.0,0.0,0.1374151274939129,0.0,0.0,0.1374151274939129,0.0,0.1374151274939129,0.1374151274939129,False,1.0,0.0,0.00010139219280103084,1.3932821100641052e-05,0.0,1.1764993792287063e-07,1.3815171162718182e-05,1.1496557550870488,1.1496716377780833,-0.06845344669406139,0.9995390274982711,0.0006870756374695645,0.9988519518608014,False,False,False,1.0
2025-05-14,2025-05-15 00:00:00,0.14021497937039282,0.0,0.0,0.14021497937039282,0.0,0.0,0.14021497937039282,0.0,0.14021497937039282,0.14021497937039282,False,1.0,0.0,0.0012921391653166747,0.00018117726640855413,0.0,1.2004707137876098e-07,0.00018105721933717536,1.1515362186639393,1.1517447126096567,-0.06677369253588306,0.9996861999095944,0.0007010748968519641,0.9989851250127424,False,False,False,1.0
2025-05-15,2025-05-16 00:00:00,0.1455938276343255,0.0,0.0,0.1455938276343255,0.0,0.0,0.1455938276343255,0.0,0.1455938276343255,0.1455938276343255,False,1.0,0.0,0.0072438419482514504,0.0010546586760240182,0.0,1.246522496869225e-07,0.0010545340237743312,1.1484639685706144,1.149675062900551,-0.06845067141377748,0.9999048816742724,0.0007279691381716274,0.9991769125361007,False,False,False,1.0
2025-05-16,2025-05-17 00:00:00,0.14575331184955387,0.0,0.0,0.14575331184955387,0.0,0.0,0.14575331184955387,0.0,0.14575331184955387,0.14575331184955387,False,1.0,0.0,0.002527653456392276,0.0003684138624771461,0.0,1.2478879439174134e-07,0.0003682890736827544,1.151386149929804,1.1518101928684126,-0.06672063572613918,0.999883267153816,0.0007287665592477693,0.9991545005945682,False,False,False,1.0
2025-05-17,2025-05-18 00:00:00,0.14497662833945718,0.0,0.0,0.14497662833945718,0.0,0.0,0.14497662833945718,0.0,0.14497662833945718,0.14497662833945718,False,1.0,0.0,-0.0022345467379247808,-0.0003239570519312674,0.0,1.2412382563309692e-07,-0.00032408117575690045,1.1443422575910573,1.143971397806749,-0.0730721906239159,0.9995911286211203,0.0007248831416972859,0.998866245479423,False,False,False,1.0
2025-05-18,2025-05-19 00:00:00,0.14722953122439605,0.0,0.0,0.14722953122439605,0.0,0.0,0.14722953122439605,0.0,0.14722953122439605,0.14722953122439605,False,1.0,0.0,0.004088785046729049,0.0006019899057072382,0.0,1.2605268084280482e-07,0.0006018638530263954,1.1503245510928561,1.1510168898594075,-0.06736342681490093,0.9998743160527002,0.0007361476561219802,0.9991381683965782,False,False,False,1.0
2025-05-19,2025-05-20 00:00:00,0.14077603446272766,0.0,0.0,0.14077603446272766,0.0,0.0,0.14077603446272766,0.0,0.14077603446272766,0.14077603446272766,False,1.0,0.0,1.6224218702509674e-05,2.2839811711953326e-06,0.0,1.2052742676603395e-07,2.1634537444292988e-06,1.1439791571077913,1.1439816320537823,-0.07306389810174141,0.9995744879794392,0.0007038801723136383,0.9988706078071256,False,False,False,1.0
2025-05-20,2025-05-21 00:00:00,0.1400586840829132,0.0,0.0,0.1400586840829132,0.0,0.0,0.1400586840829132,0.0,0.1400586840829132,0.1400586840829132,False,1.0,0.0,0.0003063540243228857,4.2907541510168155e-05,0.0,1.199132569203024e-07,4.2787628253247855e-05,1.1450444980743377,1.1450934918126547,-0.07216298944912913,0.9996780735254168,0.000700293420414566,0.9989777801050023,False,False,False,1.0
2025-05-21,2025-05-22 00:00:00,0.13438662441394336,0.0,0.0,0.13438662441394336,0.0,0.0,0.13438662441394336,0.0,0.13438662441394336,0.13438662441394336,False,1.0,0.0,0.0025396676551834307,0.0003412973633133759,0.0,1.1505704145029396e-07,0.0003411823062719256,1.149916146920221,1.1503084779632466,-0.06793743302546118,0.999594003617049,0.0006719331220697168,0.9989220704949793,False,False,False,1.0
2025-05-22,2025-05-23 00:00:00,0.13621700362913589,0.0,0.0,0.13621700362913589,0.0,0.0,0.13621700362913589,0.0,0.13621700362913589,0.13621700362913589,False,1.0,0.0,-0.004551637543162013,-0.000620010427735411,0.0,1.1662414694275332e-07,-0.0006201270518823538,1.1571074485849566,1.1563898949541547,-0.06300983209060185,0.9991874559188205,0.0006810850181456794,0.9985063709006748,False,False,False,1.0
2025-05-23,2025-05-24 00:00:00,0.13609630119754104,0.0,0.0,0.13609630119754104,0.0,0.0,0.13609630119754104,0.0,0.13609630119754104,0.13609630119754104,False,1.0,0.0,-0.0032536613396698666,-0.00044281127367850503,0.0,1.1652080581981252e-07,-0.0004429277944843248,1.1512070657602762,1.1506971641536443,-0.06762249155079592,0.9993890364238572,0.0006804815059877052,0.9987085549178696,False,False,False,1.0
2025-05-24,2025-05-25 00:00:00,0.1370034851685564,0.0,0.0,0.1370034851685564,0.0,0.0,0.1370034851685564,0.0,0.1370034851685564,0.1370034851685564,False,1.0,0.0,0.0017451117263664884,0.00023908638852072504,0.0,1.1729750442513389e-07,0.0002389690910162999,1.1496777119402055,1.1499524493779896,-0.06822591296231995,0.9999160681483176,0.000685017425842782,0.9992310507224748,False,False,False,1.0
2025-05-25,2025-05-26 00:00:00,0.1354356542889586,0.0,0.0,0.1354356542889586,0.0,0.0,0.1354356542889586,0.0,0.1354356542889586,0.1354356542889586,False,1.0,0.0,0.002804354339358772,0.00037980956480913555,0.0,1.1595518346657413e-07,0.00037969360962566897,1.1468306022361554,1.1472660464871476,-0.0704026295755883,0.999617910322943,0.000677178271444793,0.9989407320514982,False,False,False,1.0
2025-05-26,2025-05-27 00:00:00,0.1363064045169398,0.0,0.0,0.1363064045169398,0.0,0.0,0.1363064045169398,0.0,0.1363064045169398,0.1363064045169398,False,1.0,0.0,0.001620675919489445,0.00022090850747279162,0.0,1.167006887987498e-07,0.00022079180678399288,1.1503978149849126,1.1506518133970034,-0.0676592379918235,0.999975929364766,0.000681532022584699,0.9992943973421813,False,False,False,1.0
2025-05-27,2025-05-28 00:00:00,0.13522373943964494,0.0,0.0,0.13522373943964494,0.0,0.0,0.13522373943964494,0.0,0.13522373943964494,0.13522373943964494,False,1.0,0.0,0.0014342300399858843,0.00019394194922356275,0.0,1.1577374952024395e-07,0.00019382617547404252,1.1565904799972107,1.1568146575065383,-0.06266565895573073,0.9999069748631408,0.0006761186971982247,0.9992308561659426,False,False,False,1.0
2025-05-28,2025-05-29 00:00:00,0.13540218861535994,0.0,0.0,0.13540218861535994,0.0,0.0,0.13540218861535994,0.0,0.13540218861535994,0.13540218861535994,False,1.0,0.0,-0.0036912267923125963,-0.0004998001863547802,0.0,1.1592653134876707e-07,-0.000499916112886129,1.1550069280780266,1.1544295215041853,-0.06459826749294051,0.9993783442733769,0.0006770109430767997,0.9987013333303001,False,False,False,1.0
2025-05-29,2025-05-30 00:00:00,0.13472760904760828,0.0,0.0,0.13472760904760828,0.0,0.0,0.13472760904760828,0.0,0.13472760904760828,0.13472760904760828,False,1.0,0.0,-0.00243864689072526,-0.00032855306489879834,0.0,1.1534898034897968e-07,-0.0003286684138791473,1.1558531225550979,1.1554732301426305,-0.063752579774073,0.999389569360186,0.0006736380452380413,0.998715931314948,False,False,False,1.0
2025-05-30,2025-05-31 00:00:00,0.13488120114577712,0.0,0.0,0.13488120114577712,0.0,0.0,0.13488120114577712,0.0,0.13488120114577712,0.13488120114577712,False,1.0,0.0,-0.0019791250345865263,-0.00026694676188270835,0.0,1.1548048043302836e-07,-0.00026706224236314137,1.1531602425761585,1.152852277015972,-0.06587626428649074,0.9996805850917142,0.0006744060057288856,0.9990061790859853,False,False,False,1.0
2025-05-31,2025-06-01 00:00:00,0.13519705542149096,0.0,0.0,0.13519705542149096,0.0,0.0,0.13519705542149096,0.0,0.13519705542149096,0.13519705542149096,False,1.0,0.0,-0.0002563162232394056,-3.4653198638725174e-05,0.0,1.157509036142902e-07,-3.476894954233946e-05,1.1491973205661958,1.1491573641825428,-0.0688701481065691,0.9997477155882328,0.0006759852771074549,0.9990717303111254,False,False,False,1.0
2025-06-01,2025-06-02 00:00:00,0.13637178006907263,0.0,0.0,0.13637178006907263,0.0,0.0,0.13637178006907263,0.0,0.13637178006907263,0.13637178006907263,False,1.0,0.0,0.0005832222433821421,7.953505550590063e-05,0.0,1.1675666101804162e-07,7.941829884488259e-05,1.1482487609651826,1.148339952928429,-0.0695324734274535,0.9997980698031778,0.0006818589003453632,0.9991162109028324,False,False,False,1.0
2025-06-02,2025-06-03 00:00:00,0.13654419816378707,0.0,0.0,0.13654419816378707,0.0,0.0,0.13654419816378707,0.0,0.13654419816378707,0.13654419816378707,False,1.0,0.0,0.0014176912111021345,0.00019357750966378915,0.0,1.169042792498177e-07,0.00019346060538453933,1.1494491203503128,1.1496714934729946,-0.06845356362041122,0.9998595394012145,0.0006827209908189354,0.9991768184103956,False,False,False,1.0
2025-06-03,2025-06-04 00:00:00,0.13660690521942864,0.0,0.0,0.13660690521942864,0.0,0.0,0.13660690521942864,0.0,0.13660690521942864,0.13660690521942864,False,1.0,0.0,-0.0036018237082067195,-0.0004920339899240863,0.0,1.1695796679745602e-07,-0.0004921509478908837,1.1551211548275924,1.154552660856315,-0.06449849114351747,0.9991185816550173,0.0006830345260971432,0.9984355471289201,False,False,False,1.0
2025-06-04,2025-06-05 00:00:00,0.13691763769455723,0.0,0.0,0.13691763769455723,0.0,0.0,0.13691763769455723,0.0,0.13691763769455723,0.13691763769455723,False,1.0,0.0,-0.00044228051829275916,-6.055600376296899e-05,0.0,1.1722400487547707e-07,-6.067322776784447e-05,1.1573045859883366,1.1572343685835942,-0.06232557888906809,0.9996555346529024,0.0006845881884727862,0.9989709464644295,False,False,False,1.0
2025-06-05,2025-06-06 00:00:00,0.1366167164064093,0.0,0.0,0.1366167164064093,0.0,0.0,0.1366167164064093,0.0,0.1366167164064093,0.1366167164064093,False,1.0,0.0,-0.0026971729774092346,-0.000368478915753748,0.0,1.1696636678630931e-07,-0.0003685958821205343,1.152969251684907,1.1525442719665244,-0.06612583210462719,0.9995371787951367,0.0006830835820320465,0.9988540952131046,False,False,False,1.0
2025-06-06,2025-06-07 00:00:00,0.1378890803121798,0.0,0.0,0.1378890803121798,0.0,0.0,0.1378890803121798,0.0,0.1378890803121798,0.1378890803121798,False,1.0,0.0,0.003424315036983483,0.00047217565114882044,0.0,1.1805571944535942e-07,0.0004720575954293751,1.1471440469554477,1.1476855650158646,-0.07006270552542249,0.9999998819442806,0.000689445401560899,0.9993104365427197,False,False,False,1.0
2025-06-07,2025-06-08 00:00:00,0.13645488895762248,0.0,0.0,0.13645488895762248,0.0,0.0,0.13645488895762248,0.0,0.13645488895762248,0.13645488895762248,False,1.0,0.0,0.0017822546316739185,0.0002431973578592729,0.0,1.168278158883754e-07,0.00024308053004338452,1.1480308930564709,1.148309957014461,-0.06955677827185602,0.9999548265188307,0.0006822744447881124,0.9992725520740426,False,False,False,1.0
2025-06-08,2025-06-09 00:00:00,0.1339855395017978,0.0,0.0,0.1339855395017978,0.0,0.0,0.1339855395017978,0.0,0.1339855395017978,0.1339855395017978,False,1.0,0.0,-0.0005368561702668861,-7.193096360807777e-05,0.0,1.14713646833731e-07,-7.20456772549115e-05,1.1480992034160864,1.1480164878314205,-0.06979456808677331,0.9997590497637543,0.0006699276975089891,0.9990891220662453,False,False,False,1.0
2025-06-09,2025-06-10 00:00:00,0.1573502679156971,0.0,0.0,0.1573502679156971,0.0,0.0,0.1573502679156971,0.0,0.1573502679156971,0.1573502679156971,False,1.0,0.0,-0.0014074623099729067,-0.00022146457155548276,0.0,1.347176951333023e-07,-0.00022159928925061606,1.1496210154317215,1.1493662602317942,-0.06870088552037923,0.999736837331774,0.0007867513395784855,0.9989500859921955,False,False,False,1.0
2025-06-10,2025-06-11 00:00:00,0.19732242296436495,0.0,0.0,0.19732242296436495,0.0,0.0,0.19732242296436495,0.0,0.19732242296436495,0.19732242296436495,False,1.0,0.0,0.005573553232218975,0.001099787028302316,0.0,1.6894043062017545e-07,0.001099618087871696,1.1653233544977308,1.1666047651365559,-0.05473301043283363,0.9998603600493752,0.0009866121148218248,0.9988737479345533,False,False,False,1.0
2025-06-11,2025-06-12 00:00:00,0.2120260008942184,0.0,0.0,0.2120260008942184,0.0,0.0,0.2120260008942184,0.0,0.2120260008942184,0.2120260008942184,False,1.0,0.0,-0.0004502869270186505,-9.547253639071125e-05,0.0,1.8152911035463905e-07,-9.565406550106589e-05,1.1784536336850724,1.1783409098040059,-0.04522354289896269,0.9996416114351291,0.0010601300044710922,0.998581481430658,False,False,False,1.0
2025-06-12,2025-06-13 00:00:00,0.18687635692333074,0.0,0.0,0.18687635692333074,0.0,0.0,0.18687635692333074,0.0,0.18687635692333074,0.18687635692333074,False,1.0,0.0,-0.011801994017221262,-0.0022055136463692547,0.0,1.599968809275092e-07,-0.0022056736432501823,1.169549829715462,1.166970184481591,-0.05443692142777079,0.9973351556684388,0.0009343817846166537,0.9964007738838221,False,False,False,1.0
2025-06-13,2025-06-14 00:00:00,0.18004273338233862,0.0,0.0,0.18004273338233862,0.0,0.0,0.18004273338233862,0.0,0.18004273338233862,0.18004273338233862,False,1.0,0.0,-0.002206892234008939,-0.0003973349100912251,0.0,1.5414617584104335e-07,-0.00039748905626706615,1.1543215113907055,1.1538626812225141,-0.06505756221094039,0.9991100692732476,0.000900213666911693,0.9982098556063359,False,False,False,1.0
2025-06-14,2025-06-15 00:00:00,0.17243621513732701,0.0,0.0,0.17243621513732701,0.0,0.0,0.17243621513732701,0.0,0.17243621513732701,0.17243621513732701,False,1.0,0.0,0.0029232313255700415,0.0005040709457521693,0.0,1.4763374583675257e-07,0.0005039233120063325,1.1509127996411823,1.151492771431008,-0.06697783337827157,0.9994655646335633,0.0008621810756866351,0.9986033835578767,False,False,False,1.0
2025-06-15,2025-06-16 00:00:00,0.16100949951090765,0.0,0.0,0.16100949951090765,0.0,0.0,0.16100949951090765,0.0,0.16100949951090765,0.16100949951090765,False,1.0,0.0,-0.0017211298156269983,-0.00027711825020740376,0.0,1.3785059889632503e-07,-0.0002772561008063001,1.1534372433174531,1.153117445804846,-0.06566140548402655,0.9995038331353312,0.0008050474975545383,0.9986987856377767,False,False,False,1.0
2025-06-16,2025-06-17 00:00:00,0.16103300481297217,0.0,0.0,0.16103300481297217,0.0,0.0,0.16103300481297217,0.0,0.16103300481297217,0.16103300481297217,False,1.0,0.0,-0.0032393112201404284,-0.0005216360193035884,0.0,1.3787072329877754e-07,-0.0005217738900268872,1.1602918006464011,1.1596863906800117,-0.06033877443335223,0.9992122222451586,0.0008051650240648608,0.9984070572210937,False,False,False,1.0
2025-06-17,2025-06-18 00:00:00,0.1612217420203753,0.0,0.0,0.1612217420203753,0.0,0.0,0.1612217420203753,0.0,0.1612217420203753,0.1612217420203753,False,1.0,0.0,-0.0007562147649932127,-0.00012191826175373449,0.0,1.38032313373609e-07,-0.00012205629406710809,1.1503326088928465,1.1501922035576604,-0.06803164690201713,0.9994070424832862,0.0008061087101018765,0.9986009337731843,False,False,False,1.0
2025-06-18,2025-06-19 00:00:00,0.16420970162273898,0.0,0.0,0.16420970162273898,0.0,0.0,0.16420970162273898,0.0,0.16420970162273898,0.16420970162273898,False,1.0,0.0,-0.0023274781674590406,-0.00038219449541188836,0.0,1.405904979646738e-07,-0.00038233508590985305,1.1514796384246115,1.151039387358131,-0.06734519772521541,0.9994478006939072,0.0008210485081136949,0.9986267521857934,False,False,False,1.0
2025-06-19,2025-06-20 00:00:00,0.16136810058453394,0.0,0.0,0.16136810058453394,0.0,0.0,0.16136810058453394,0.0,0.16136810058453394,0.16136810058453394,False,1.0,0.0,-0.0024259795993530897,-0.00039147572000443673,0.0,1.3815762036347082e-07,-0.0003916138776248002,1.1503801425116928,1.1499296376833412,-0.06824439663611559,0.9993758262887092,0.0008068405029226697,0.9985689857857866,False,False,False,1.0
2025-06-20,2025-06-21 00:00:00,0.16664978198762512,0.0,0.0,0.16664978198762512,0.0,0.0,0.16664978198762512,0.0,0.16664978198762512,0.16664978198762512,False,1.0,0.0,-0.00497335701598578,-0.0008288088624606561,0.0,1.4267960786611738e-07,-0.0008289515420685222,1.1509747289792862,1.150020626702817,-0.06817067079588768,0.9987140727849696,0.0008332489099381256,0.9978808238750315,False,False,False,1.0
2025-06-21,2025-06-22 00:00:00,0.1666328010211494,0.0,0.0,0.1666328010211494,0.0,0.0,0.1666328010211494,0.0,0.1666328010211494,0.1666328010211494,False,1.0,0.0,0.0015795632631627754,0.00026320705093092024,0.0,1.4266506936742246e-07,0.0002630643858615528,1.1442993662465972,1.1446003906566207,-0.07256253543012114,0.9996284735641146,0.000833164005105747,0.9987953095590087,False,False,False,1.0
2025-06-22,2025-06-23 00:00:00,-0.16994939642189028,0.0,0.0,-0.16994939642189028,0.0,0.0,0.0,0.16994939642189028,0.16994939642189028,-0.16994939642189028,False,1.0,0.0,-0.002752546105147302,0.0004677935491932089,0.0,1.4550462022422114e-07,0.00046764804457298466,1.1646237741021475,1.1651684081327693,-0.05589685006514822,0.9995538913118156,0.0008497469821094513,0.9987041443297061,False,False,False,-1.0
2025-06-23,2025-06-24 00:00:00,-0.17253967182669103,0.0,0.0,-0.17253967182669103,0.0,0.0,0.0,0.17253967182669103,0.17253967182669103,-0.17253967182669103,False,1.0,0.0,-0.0052312458508519954,0.0009025974423507424,0.0,1.4772232176942724e-07,0.000902449720028973,1.15710976869204,1.1581540020788388,-0.061580425764776514,0.9999998522776782,0.0008626983591334551,0.9991371539185447,False,False,False,-1.0
2025-06-24,2025-06-25 00:00:00,-0.14838151926938756,0.0,0.0,-0.14838151926938756,0.0,0.0,0.0,0.14838151926938756,0.14838151926938756,-0.14838151926938756,False,1.0,0.0,0.0037064644858928464,-0.0005499708315348101,0.0,1.2703897197721538e-07,-0.0005500978705067872,1.1449228192397274,1.144292999634969,-0.07281160571882561,0.9984318450124521,0.0007419075963469379,0.9976899374161051,False,False,False,-1.0
2025-06-25,2025-06-26 00:00:00,-0.14554637024718967,0.0,0.0,-0.14554637024718967,0.0,0.0,0.0,0.14554637024718967,0.14554637024718967,-0.14554637024718967,False,1.0,0.0,-0.0007023493377552592,0.00010222439675579543,0.0,1.2461161836231993e-07,0.00010209978513743311,1.1463167163699792,1.1464337550604202,-0.07107701188131554,0.9995649680436041,0.0007277318512359484,0.9988372361923681,False,False,False,-1.0
2025-06-26,2025-06-27 00:00:00,-0.13430729058312074,0.0,0.0,-0.13430729058312074,0.0,0.0,0.0,0.13430729058312074,0.13430729058312074,-0.13430729058312074,False,1.0,0.0,0.0032506507489284964,-0.00043658609472057864,0.0,1.1498911864993213e-07,-0.0004367010838392286,1.1450577147603263,1.144557666815232,-0.07259715335569383,0.9993339250034522,0.0006715364529156037,0.9986623885505366,False,False,False,-1.0
2025-06-27,2025-06-28 00:00:00,-0.1348848837416765,0.0,0.0,-0.1348848837416765,0.0,0.0,0.0,0.1348848837416765,0.1348848837416765,-0.1348848837416765,False,1.0,0.0,-9.847002203255961e-05,1.3282117473902128e-05,0.0,1.1548363334047646e-07,1.3166633840561652e-05,1.1441534281704837,1.1441684928197298,-0.07291249008509859,0.9997502913921693,0.0006744244187083826,0.999075866973461,False,False,False,-1.0
2025-06-28,2025-06-29 00:00:00,-0.1372615375852175,0.0,0.0,-0.1372615375852175,0.0,0.0,0.0,0.1372615375852175,0.1372615375852175,-0.1372615375852175,False,1.0,0.0,0.0036191410516943634,-0.0004967688654933495,0.0,1.1751843971337115e-07,-0.0004968863839330628,1.1448438700340227,1.1442750127032735,-0.07282618002306607,0.9990708454916513,0.0006863076879260876,0.9983845378037252,False,False,False,-1.0
2025-06-29,2025-06-30 00:00:00,-0.13747939593573555,0.0,0.0,-0.13747939593573555,0.0,0.0,0.0,0.13747939593573555,0.13747939593573555,-0.13747939593573555,False,1.0,0.0,-0.002563724526571054,0.0003524592992586181,0.0,1.1770496227374619e-07,0.0003523415942963444,1.1437990598174912,1.144202067801782,-0.07288528522261417,0.9999998822950378,0.0006873969796786778,0.9993124853153591,False,False,False,-1.0
2025-06-30,2025-07-01 00:00:00,-0.13759683920404175,0.0,0.0,-0.13759683920404175,0.0,0.0,0.0,0.13759683920404175,0.13759683920404175,-0.13759683920404175,False,1.0,0.0,0.004548777516042657,-0.0006258974084498819,0.0,1.1780551301715903e-07,-0.0006260152139628991,1.1424032985040753,1.1416881366587304,-0.07492225283545717,0.9985731714054044,0.0006879841960202087,0.9978851872093841,False,False,False,-1.0
2025-07-01,2025-07-02 00:00:00,-0.13793909134717605,0.0,0.0,-0.13793909134717605,0.0,0.0,0.0,0.13793909134717605,0.13793909134717605,-0.13793909134717605,False,1.0,0.0,0.0008552800112382464,-0.00011797654759760623,0.0,1.1809853711230825e-07,-0.00011809464613471854,1.145054683544798,1.1449194587171396,-0.07230400356564815,0.9997821667266692,0.0006896954567358803,0.9990924712699333,False,False,False,-1.0
2025-07-02,2025-07-03 00:00:00,-0.13829679656498164,0.0,0.0,-0.13829679656498164,0.0,0.0,0.0,0.13829679656498164,0.13829679656498164,-0.13829679656498164,False,1.0,0.0,0.0023276253004844705,-0.0003219031226606051,0.0,1.1840479157960758e-07,-0.0003220215274521847,1.140396552789158,1.1400293205493275,-0.07626634481659811,0.9994359961251685,0.0006914839828249083,0.9987445121423436,False,False,False,-1.0
2025-07-03,2025-07-04 00:00:00,-0.13769940143430653,0.0,0.0,-0.13769940143430653,0.0,0.0,0.0,0.13769940143430653,0.13769940143430653,-0.13769940143430653,False,1.0,0.0,-0.001957768144315475,0.0002695835016193939,0.0,1.1789332314581038e-07,0.0002694656082962481,1.1351686364325642,1.1354745253396992,-0.07995696711179867,0.9998800672170683,0.0006884970071715327,0.9991915702098968,False,False,False,-1.0
2025-07-04,2025-07-05 00:00:00,0.13627441300382595,0.0,0.0,0.13627441300382595,0.0,0.0,0.13627441300382595,0.0,0.13627441300382595,0.13627441300382595,False,1.0,0.0,-0.0004638200378253021,-6.32068033940554e-05,0.0,1.1667329880464548e-07,-6.332347669286005e-05,1.1303479039360043,1.1302763263768545,-0.08416892134996279,0.999838052114563,0.0006813720650191298,0.9991566800495438,False,False,False,1.0
2025-07-05,2025-07-06 00:00:00,0.13650785122247425,0.0,0.0,0.13650785122247425,0.0,0.0,0.13650785122247425,0.0,0.13650785122247425,0.13650785122247425,False,1.0,0.0,-0.0014658317798702525,-0.00020009754652370305,0.0,1.1687316029321426e-07,-0.00020021441968399626,1.1309445754022582,1.1307181439903993,-0.08381092897930387,0.9996192627937783,0.0006825392561123712,0.9989367235376659,False,False,False,1.0
2025-07-06,2025-07-07 00:00:00,0.13597502617057602,0.0,0.0,0.13597502617057602,0.0,0.0,0.13597502617057602,0.0,0.13597502617057602,0.13597502617057602,False,1.0,0.0,0.0025638713673588054,0.0003486224762746041,0.0,1.1641697446110961e-07,0.000348506059300143,1.1334000667509305,1.1337950635418044,-0.0813177877129414,0.999875680162579,0.0006798751308528801,0.9991958050317261,False,False,False,1.0
2025-07-07,2025-07-08 00:00:00,0.13718281356151274,0.0,0.0,0.13718281356151274,0.0,0.0,0.13718281356151274,0.0,0.13718281356151274,0.13718281356151274,False,1.0,0.0,-0.0010019526242085464,-0.00013745068004426944,0.0,1.1745103900814447e-07,-0.00013756813108327758,1.1324653903416266,1.1323095991943608,-0.08252141764295717,0.9998023648394485,0.0006859140678075637,0.9991164507716409,False,False,False,1.0
2025-07-08,2025-07-09 00:00:00,0.13807890126226077,0.0,0.0,0.13807890126226077,0.0,0.0,0.13807890126226077,0.0,0.13807890126226077,0.13807890126226077,False,1.0,0.0,0.00010922652019917933,1.5081877897802815e-05,0.0,1.1821823738207256e-07,1.4963659660420743e-05,1.1342287115692542,1.1342456837816712,-0.08095266282205593,0.9998129742235292,0.0006903945063113039,0.999122579717218,False,False,False,1.0
2025-07-09,2025-07-10 00:00:00,0.13793234858625472,0.0,0.0,0.13793234858625472,0.0,0.0,0.13793234858625472,0.0,0.13793234858625472,0.13793234858625472,False,1.0,0.0,0.002684862811440425,0.00037032943321387257,0.0,1.1809276420056056e-07,0.000370211340449672,1.1393687689654042,1.1397905762046292,-0.07645979263605962,0.999992069049995,0.0006896617429312736,0.9993024073070638,False,False,False,1.0
2025-07-10,2025-07-11 00:00:00,0.13771841254034736,0.0,0.0,0.13771841254034736,0.0,0.0,0.13771841254034736,0.0,0.13771841254034736,0.13771841254034736,False,1.0,0.0,0.0016352638129142338,0.00022520593639922386,0.0,1.1790959977769465e-07,0.00022508802679944618,1.1461694296951852,1.1464274187104933,-0.07108214604722951,0.9999211596613049,0.0006885920627017368,0.9992325675986031,False,False,False,1.0
2025-07-11,2025-07-12 00:00:00,0.1359876084128452,0.0,0.0,0.1359876084128452,0.0,0.0,0.1359876084128452,0.0,0.1359876084128452,0.1359876084128452,False,1.0,0.0,-0.011259216578283548,-0.001531113935083038,0.0,1.1642774692880585e-07,-0.001531230362829967,1.1583724295484126,1.1565986945128228,-0.06284064768801445,0.9978719950894287,0.0006799380420642261,0.9971920570473645,False,False,False,1.0
2025-07-12,2025-07-13 00:00:00,0.14235152465922843,0.0,0.0,0.14235152465922843,0.0,0.0,0.14235152465922843,0.0,0.14235152465922843,0.14235152465922843,False,1.0,0.0,0.0025858007901822244,0.0003680926849474773,0.0,1.2187630535892843e-07,0.0003679708086421184,1.1542024456496296,1.1546271584568921,-0.0644381278356243,0.9997800993796235,0.0007117576232961422,0.9990683417563274,False,False,False,1.0
2025-07-13,2025-07-14 00:00:00,0.13922895833233354,0.0,0.0,0.13922895833233354,0.0,0.0,0.13922895833233354,0.0,0.13922895833233354,0.13922895833233354,False,1.0,0.0,0.0006724184650792608,9.362012245641208e-05,0.0,1.1920287528453213e-07,9.350091958112755e-05,1.158656052213591,1.158764387619951,-0.061085847549287364,0.9998359291398876,0.0006961447916616676,0.9991397843482259,False,False,False,1.0
2025-07-14,2025-07-15 00:00:00,0.14384159823017842,0.0,0.0,0.14384159823017842,0.0,0.0,0.14384159823017842,0.0,0.14384159823017842,0.14384159823017842,False,1.0,0.0,-0.0045522267259976434,-0.0006547995677736335,0.0,1.2315205327926234e-07,-0.0006549227198269128,1.160804518967785,1.1600442817150352,-0.06004878540589431,0.9984750206701632,0.0007192079911508921,0.9977558126790124,False,False,False,1.0
2025-07-15,2025-07-16 00:00:00,0.15197662639650095,0.0,0.0,0.15197662639650095,0.0,0.0,0.15197662639650095,0.0,0.15197662639650095,0.15197662639650095,False,1.0,0.0,0.004776370024890175,0.0007258966028041801,0.0,1.3011697465453847e-07,0.0007257664858295256,1.1608387836107135,1.1616812814953092,-0.058722370581898,0.9999993675324352,0.0007598831319825047,0.9992394844004527,False,False,False,1.0
2025-07-16,2025-07-17 00:00:00,0.15268078373158914,0.0,0.0,0.15268078373158914,0.0,0.0,0.15268078373158914,0.0,0.15268078373158914,0.15268078373158914,False,1.0,0.0,0.003753105671737922,0.0005730271153884183,0.0,1.3071984908526467e-07,0.000572896395539333,1.1726830068720167,1.1733548327397638,-0.04926362073604773,0.9996384795495061,0.0007634039186579457,0.9988750756308482,False,False,False,1.0
2025-07-17,2025-07-18 00:00:00,0.1526812433380148,0.0,0.0,0.1526812433380148,0.0,0.0,0.1526812433380148,0.0,0.1526812433380148,0.1526812433380148,False,1.0,0.0,-0.0011621421959815414,-0.0001774373154180326,0.0,1.307202425839168e-07,-0.00017756803566061651,1.183210585424055,1.1830004850446285,-0.04144802029525596,0.9993806219653965,0.0007634062166900741,0.9986172157487064,False,False,False,1.0
2025-07-18,2025-07-19 00:00:00,0.14730609293869146,0.0,0.0,0.14730609293869146,0.0,0.0,0.14730609293869146,0.0,0.14730609293869146,0.14730609293869146,False,1.0,0.0,0.005020182203580914,0.000739503426249855,0.0,1.26118230255729e-07,0.0007393773080195993,1.1894963825632723,1.190375869196511,-0.035471954208010636,0.9998308801173207,0.0007365304646934573,0.9990943496526272,False,False,False,1.0
2025-07-19,2025-07-20 00:00:00,0.1508055231377516,0.0,0.0,0.1508055231377516,0.0,0.0,0.1508055231377516,0.0,0.1508055231377516,0.1508055231377516,False,1.0,0.0,-0.0027033172481746304,-0.00040767517181828223,0.0,1.2911431775492432e-07,-0.0004078042861360372,1.1902942934702263,1.1898088863555858,-0.03593136443775957,0.999509644666611,0.0007540276156887581,0.9987556170509222,False,False,False,1.0
2025-07-20,2025-07-21 00:00:00,0.1490204024580259,0.0,0.0,0.1490204024580259,0.0,0.0,0.1490204024580259,0.0,0.1490204024580259,0.1490204024580259,False,1.0,0.0,0.003996902201876651,0.0005956199747090284,0.0,1.2758596100858378e-07,0.0005954923887480198,1.200439348792803,1.2011542012881629,-0.02673857523227985,0.9999065968241044,0.0007451020122901295,0.9991614948118143,False,False,False,1.0
2025-07-21,2025-07-22 00:00:00,0.14920056841473953,0.0,0.0,0.14920056841473953,0.0,0.0,0.14920056841473953,0.0,0.14920056841473953,0.14920056841473953,False,1.0,0.0,-0.0017728035696984445,-0.00026450330028668725,0.0,1.2774021268385232e-07,-0.0002646310404993711,1.202794457066525,1.2024761603178447,-0.0256674290569322,0.9996165964287959,0.0007460028420736976,0.9988705935867221,False,False,False,1.0
2025-07-22,2025-07-23 00:00:00,0.14456568906282094,0.0,0.0,0.14456568906282094,0.0,0.0,0.14456568906282094,0.0,0.14456568906282094,0.14456568906282094,False,1.0,0.0,0.002398404656677622,0.00034672702184407886,0.0,1.2377199406063436e-07,0.00034660324985001824,1.1978793397906051,1.1982945286627047,-0.029055687432227084,0.9999998762280059,0.0007228284453141047,0.9992770477826918,False,False,False,1.0
2025-07-23,2025-07-24 00:00:00,0.14802490568795487,0.0,0.0,0.14802490568795487,0.0,0.0,0.14802490568795487,0.0,0.14802490568795487,0.14802490568795487,False,1.0,0.0,0.006096467140069839,0.0009024289734385539,0.0,1.2673365213009834e-07,0.0009023022397864238,1.1936979240257832,1.1947750003362603,-0.031907462125128405,0.9995868557506637,0.0007401245284397744,0.998846731222224,False,False,False,1.0
2025-07-24,2025-07-25 00:00:00,0.1864536020096606,0.0,0.0,0.1864536020096606,0.0,0.0,0.1864536020096606,0.0,0.1864536020096606,0.1864536020096606,False,1.0,0.0,-0.0012745163665573989,-0.00023763816736489194,0.0,1.5963493322744916e-07,-0.0002377978022981194,1.2007341246860086,1.200448592750014,-0.02731030996078565,0.9991930687716599,0.000932268010048303,0.9982608007616116,False,False,False,1.0
2025-07-25,2025-07-26 00:00:00,0.18221862748589746,0.0,0.0,0.18221862748589746,0.0,0.0,0.18221862748589746,0.0,0.18221862748589746,0.18221862748589746,False,1.0,0.0,0.006271398654862592,0.001142765655305965,0.0,1.5600909887491218e-07,0.0011426096462070902,1.193421377570945,1.1947849923489473,-0.03189936587862341,0.9999902536430871,0.0009110931374294873,0.9990791605056576,False,False,False,1.0
2025-07-26,2025-07-27 00:00:00,0.2003090010521398,0.0,0.0,0.2003090010521398,0.0,0.0,0.2003090010521398,0.0,0.2003090010521398,0.2003090010521398,False,1.0,0.0,0.0015554852309360712,0.0003115776927601614,0.0,1.7149743240765392e-07,0.0003114061953277538,1.2010466019860544,1.2014206153387903,-0.026522707429283643,0.9999869356325224,0.001001545005260699,0.9989853906272617,False,False,False,1.0
2025-07-27,2025-07-28 00:00:00,0.19614966103171058,0.0,0.0,0.19614966103171058,0.0,0.0,0.19614966103171058,0.0,0.19614966103171058,0.19614966103171058,False,1.0,0.0,0.0008964871857379819,0.0001758456576017773,0.0,1.6793635362303986e-07,0.00017567772124815428,1.2064490089444175,1.2066609551571108,-0.022276607642615076,0.9998106180227182,0.000980748305158553,0.9988298697175596,False,False,False,1.0
2025-07-28,2025-07-29 00:00:00,0.1953348290511534,0.0,0.0,0.1953348290511534,0.0,0.0,0.1953348290511534,0.0,0.1953348290511534,0.1953348290511534,False,1.0,0.0,0.0002680267711445694,5.235496352265708e-05,0.0,1.6723872350269982e-07,5.2187724799154384e-05,1.2059380427475646,1.2060009779102643,-0.022811368620757055,0.9991041522578742,0.0009766741452557671,0.9981274781126184,False,False,False,1.0
2025-07-29,2025-07-30 00:00:00,0.19579321009947376,0.0,0.0,0.19579321009947376,0.0,0.0,0.19579321009947376,0.0,0.19579321009947376,0.19579321009947376,False,1.0,0.0,0.00044694877647777354,8.750953569661545e-05,0.0,1.6763117303037137e-07,8.734190452358508e-05,1.2031183936472587,1.2032234762991272,-0.02506189996173791,0.9997737660682774,0.0009789660504973688,0.99879480001778,False,False,False,1.0
2025-07-30,2025-07-31 00:00:00,0.19546420290875702,0.0,0.0,0.19546420290875702,0.0,0.0,0.19546420290875702,0.0,0.19546420290875702,0.19546420290875702,False,1.0,0.0,0.001421934728183638,0.0002779373382326949,0.0,1.67349488791744e-07,0.0002777699887439032,1.2051658847081979,1.2055006436224278,-0.0232167754047633,0.9997713980663978,0.0009773210145437852,0.9987940770518541,False,False,False,1.0
2025-07-31,2025-08-01 00:00:00,0.19316359639463673,0.0,0.0,0.19316359639463673,0.0,0.0,0.19316359639463673,0.0,0.19316359639463673,0.19316359639463673,False,1.0,0.0,-0.0015796413502109363,-0.00030512920422042433,0.0,1.6537979143376433e-07,-0.0003052945840118581,1.2053027744668778,1.2049348020577386,-0.023675260890516636,0.9991542344883122,0.0009658179819731836,0.998188416506339,False,False,False,1.0
2025-08-01,2025-08-02 00:00:00,0.19305960194472999,0.0,0.0,0.19305960194472999,0.0,0.0,0.19305960194472999,0.0,0.19305960194472999,0.19305960194472999,False,1.0,0.0,0.001180075015097204,0.00022782481267958742,0.0,1.6529075508966607e-07,0.00022765952192449774,1.1940250990455652,1.1942969302287798,-0.03229482887075208,0.9996821634915649,0.0009652980097236499,0.9987168654818412,False,False,False,1.0
2025-08-02,2025-08-03 00:00:00,0.19740463494491833,0.0,0.0,0.19740463494491833,0.0,0.0,0.19740463494491833,0.0,0.19740463494491833,0.19740463494491833,False,1.0,0.0,-0.0026189713903335132,-0.0005169970912399724,0.0,1.6901081758982734e-07,-0.0005171661020575623,1.1845830875685968,1.1839704613506357,-0.04066207580905845,0.9990062627907091,0.0009870231747245916,0.9980192396159846,False,False,False,1.0
2025-08-03,2025-08-04 00:00:00,-0.18350378295708106,0.0,0.0,-0.18350378295708106,0.0,0.0,0.0,0.18350378295708106,0.18350378295708106,-0.18350378295708106,False,1.0,0.0,0.000466456857059816,-8.559659785674665e-05,0.0,1.5710940321667898e-07,-8.575370725996333e-05,1.182242779463254,1.1821413977620336,-0.042144114528420484,0.9997884932662591,0.0009175189147854053,0.9988709743514737,False,False,False,-1.0
2025-08-04,2025-08-05 00:00:00,-0.17392330536622105,0.0,0.0,-0.17392330536622105,0.0,0.0,0.0,0.17392330536622105,0.17392330536622105,-0.17392330536622105,False,1.0,0.0,0.0018599820870262018,-0.00032349423249755925,0.0,1.4890693952587417e-07,-0.0003236431394370851,1.172555370106617,1.1721758806054718,-0.05021889245113931,0.9995373069024287,0.0008696165268311052,0.9986676903755975,False,False,False,-1.0
2025-08-05,2025-08-06 00:00:00,-0.1785922769486686,0.0,0.0,-0.1785922769486686,0.0,0.0,0.0,0.1785922769486686,0.1785922769486686,-0.1785922769486686,False,1.0,0.0,0.002454676945977452,-0.00043838634495551714,0.0,1.5290434670262724e-07,-0.00043853924930221976,1.177074121165155,1.1765579279636862,-0.04666824287535498,0.9993793849575412,0.000892961384743343,0.9984864235727978,False,False,False,-1.0
2025-08-06,2025-08-07 00:00:00,-0.17438685574297028,0.0,0.0,-0.17438685574297028,0.0,0.0,0.0,0.17438685574297028,0.17438685574297028,-0.17438685574297028,False,1.0,0.0,0.005131807878285599,-0.0008949198401712291,0.0,1.4930381484843345e-07,-0.0008950691439860776,1.1721865117993142,1.171137323821606,-0.05106040576731741,0.9988498547732271,0.0008719342787148514,0.9979779204945122,False,False,False,-1.0
2025-08-07,2025-08-08 00:00:00,-0.17113363451696006,0.0,0.0,-0.17113363451696006,0.0,0.0,0.0,0.17113363451696006,0.17113363451696006,-0.17113363451696006,False,1.0,0.0,0.0006575702778235382,-0.00011253239159426927,0.0,1.4651852270287676e-07,-0.00011267891011697215,1.1619937983591497,1.161862866164388,-0.0585752376379729,0.9997448693719523,0.0008556681725848004,0.9988892011993675,False,False,False,-1.0
2025-08-08,2025-08-09 00:00:00,-0.17193891187506838,0.0,0.0,-0.17193891187506838,0.0,0.0,0.0,0.17193891187506838,0.17193891187506838,-0.17193891187506838,False,1.0,0.0,0.006356390629096875,-0.0010929108882197982,0.0,1.472079724957777e-07,-0.001093058096192294,1.1568938090955134,1.155629256951047,-0.06362615564493246,0.9988312216059855,0.0008596945593753419,0.9979715270466102,False,False,False,-1.0
2025-08-09,2025-08-10 00:00:00,0.16865391327864596,0.0,0.0,0.16865391327864596,0.0,0.0,0.16865391327864596,0.0,0.16865391327864596,0.16865391327864596,False,1.0,0.0,0.0012965200924930365,0.0002186631872433426,0.0,1.4439547369747084e-07,0.0002185187917696451,1.1674049159835471,1.1676600158952937,-0.0538779704589194,0.999883101499044,0.0008432695663932298,0.9990398319326508,False,False,False,1.0
2025-08-10,2025-08-11 00:00:00,0.16918523295777543,0.0,0.0,0.16918523295777543,0.0,0.0,0.16918523295777543,0.0,0.16918523295777543,0.16918523295777543,False,1.0,0.0,-0.0007510424564063367,-0.00012706529294828598,0.0,1.448503706830269e-07,-0.00012721014331896902,1.1682558701164254,1.1681072561197547,-0.053515584299335894,0.9997056408751055,0.0008459261647888772,0.9988597147103166,False,False,False,1.0
2025-08-11,2025-08-12 00:00:00,0.16462240254137792,0.0,0.0,0.16462240254137792,0.0,0.0,0.16462240254137792,0.0,0.16462240254137792,0.16462240254137792,False,1.0,0.0,0.00402379489082394,0.0006624067822611583,0.0,1.409438377922756e-07,0.0006622658384233661,1.1724211935402833,1.1731976480450086,-0.04939098306788248,0.9997688757113391,0.0008231120127068896,0.9989457636986322,False,False,False,1.0
2025-08-12,2025-08-13 00:00:00,0.17181685887355125,0.0,0.0,0.17181685887355125,0.0,0.0,0.17181685887355125,0.0,0.17181685887355125,0.17181685887355125,False,1.0,0.0,0.006375520881406915,0.001095421971526071,0.0,1.4710347506297197e-07,0.001095274868051008,1.178457107795308,1.1797478422485523,-0.04408354515840385,0.9999074073276003,0.0008590842943677563,0.9990483230332325,False,False,False,1.0
2025-08-13,2025-08-14 00:00:00,0.17315279854106083,0.0,0.0,0.17315279854106083,0.0,0.0,0.17315279854106083,0.0,0.17315279854106083,0.17315279854106083,False,1.0,0.0,-0.001040685224839355,-0.00018019755908126744,0.0,1.4824725902488083e-07,-0.00018034580634029233,1.1888044307339907,1.188590034840349,-0.03691896549766294,0.9992634888878533,0.0008657639927053042,0.998397724895148,False,False,False,1.0
2025-08-14,2025-08-15 00:00:00,0.17251823102848307,0.0,0.0,0.17251823102848307,0.0,0.0,0.17251823102848307,0.0,0.17251823102848307,0.17251823102848307,False,1.0,0.0,0.0021735405065954616,0.00037497536326660196,0.0,1.4770396492164645e-07,0.0003748276593016803,1.1863069310339651,1.1867515916841378,-0.03840860421653003,0.9995096150446586,0.0008625911551424154,0.9986470238895162,False,False,False,1.0
2025-08-15,2025-08-16 00:00:00,0.17013627650451518,0.0,0.0,0.17013627650451518,0.0,0.0,0.17013627650451518,0.0,0.17013627650451518,0.17013627650451518,False,1.0,0.0,0.0034475104082196673,0.0005865465840650553,0.0,1.4566462029496165e-07,0.0005864009194447603,1.1776770065075823,1.1783675973870074,-0.04520191870197965,0.9991604992367636,0.000850681382522576,0.9983098178542411,False,False,False,1.0
2025-08-16,2025-08-17 00:00:00,0.1685274747515194,0.0,0.0,0.1685274747515194,0.0,0.0,0.1685274747515194,0.0,0.1685274747515194,0.1685274747515194,False,1.0,0.0,0.0010445563593910467,0.00017603644548381368,0.0,1.442872215338351e-07,0.00017589215826227983,1.1768122498312108,1.177019241877703,-0.04629445320143988,0.9997850835788549,0.0008426373737575971,0.9989424462050973,False,False,False,1.0
2025-08-17,2025-08-18 00:00:00,0.168132008054281,0.0,0.0,0.168132008054281,0.0,0.0,0.168132008054281,0.0,0.168132008054281,0.168132008054281,False,1.0,0.0,-0.0006838610972901282,-0.00011497893951759328,0.0,1.4394863703277482e-07,-0.00011512288815462606,1.1842871265444657,1.1841507879900535,-0.0405159622111414,0.9997009845130657,0.000840660040271405,0.9988603244727943,False,False,False,1.0
2025-08-18,2025-08-19 00:00:00,0.17306022978699198,0.0,0.0,0.17306022978699198,0.0,0.0,0.17306022978699198,0.0,0.17306022978699198,0.17306022978699198,False,1.0,0.0,0.005760365996244632,0.000996890262967271,0.0,1.4816800495461642e-07,0.0009967420949623166,1.173246334930785,1.1744157589405708,-0.048403982111245414,0.9998327685363128,0.0008653011489349599,0.9989674673873778,False,False,False,1.0
2025-08-19,2025-08-20 00:00:00,0.17414831404735728,0.0,0.0,0.17414831404735728,0.0,0.0,0.17414831404735728,0.0,0.17414831404735728,0.17414831404735728,False,1.0,0.0,-0.005975424613340996,-0.0010406101221304162,0.0,1.4909958394465522e-07,-0.0010407592217143609,1.1683885684105055,1.1671725572333866,-0.0542729444858131,0.9988047397121178,0.0008707415702367865,0.997933998141881,False,False,False,1.0
2025-08-20,2025-08-21 00:00:00,0.16526854444826772,0.0,0.0,0.16526854444826772,0.0,0.0,0.16526854444826772,0.0,0.16526854444826772,0.16526854444826772,False,1.0,0.0,-0.007670933740210106,-0.0012677640538036304,0.0,1.4149704147968125e-07,-0.0012679055508451101,1.171635019807893,1.1701494972627142,-0.051860813810763906,0.9985227283052329,0.0008263427222413387,0.9976963855829916,False,False,False,1.0
2025-08-21,2025-08-22 00:00:00,0.17023180590361603,0.0,0.0,0.17023180590361603,0.0,0.0,0.17023180590361603,0.0,0.17023180590361603,0.17023180590361603,False,1.0,0.0,-0.004244141418172309,-0.0007224878581258062,0.0,1.457464091640548e-07,-0.0007226336045349702,1.170503535123013,1.1696576899343063,-0.05225931143966456,0.9990292109972924,0.0008511590295180801,0.9981780519677743,False,False,False,1.0
2025-08-22,2025-08-23 00:00:00,0.16987813766171314,0.0,0.0,0.16987813766171314,0.0,0.0,0.16987813766171314,0.0,0.16987813766171314,0.16987813766171314,False,1.0,0.0,-0.006629144560549971,-0.001126146732236505,0.0,1.454436110117407e-07,-0.0011262921758475165,1.1883438959689758,1.18700547353673,-0.03820289090069473,0.9987534148777545,0.0008493906883085657,0.9979040241894459,False,False,False,1.0
2025-08-23,2025-08-24 00:00:00,0.17221926851815691,0.0,0.0,0.17221926851815691,0.0,0.0,0.17221926851815691,0.0,0.17221926851815691,0.17221926851815691,False,1.0,0.0,-0.0002168306931213948,-3.734242336165157e-05,0.0,1.4744800386828503e-07,-3.748987136551986e-05,1.1929870547806167,1.1929423298493922,-0.03339242341258519,0.9998613592925383,0.0008610963425907846,0.9990002629499475,False,False,False,1.0
2025-08-24,2025-08-25 00:00:00,0.15747183186853633,0.0,0.0,0.15747183186853633,0.0,0.0,0.15747183186853633,0.0,0.15747183186853633,0.15747183186853633,False,1.0,0.0,-0.0031730793207489505,-0.0004996706133025082,0.0,1.3482177386004823e-07,-0.0004998054350763682,1.1954109001329105,1.1948134272678745,-0.03187632586454481,0.9994115169380703,0.0007873591593426817,0.9986241577787276,False,False,False,1.0
2025-08-25,2025-08-26 00:00:00,0.1569937620979315,0.0,0.0,0.1569937620979315,0.0,0.0,0.1569937620979315,0.0,0.1569937620979315,0.1569937620979315,False,1.0,0.0,-0.003521035430824271,-0.0005527805987652133,0.0,1.344124675495989e-07,-0.0005529150112327629,1.188211088625528,1.1875541088781136,-0.03775834713315818,0.9992176929170881,0.0007849688104896575,0.9984327241065984,False,False,False,1.0
2025-08-26,2025-08-27 00:00:00,0.159971639242355,0.0,0.0,0.159971639242355,0.0,0.0,0.159971639242355,0.0,0.159971639242355,0.159971639242355,False,1.0,0.0,0.002339228010368899,0.00037421013938034536,0.0,1.3696201989927653e-07,0.0003740731773604461,1.1833310725156936,1.183773724929859,-0.04082148579071054,0.9999430569447155,0.000799858196211775,0.9991431987485038,False,False,False,1.0
2025-08-27,2025-08-28 00:00:00,0.15541144231137044,0.0,0.0,0.15541144231137044,0.0,0.0,0.15541144231137044,0.0,0.15541144231137044,0.15541144231137044,False,1.0,0.0,0.0033626559808932477,0.0005225952159875757,0.0,1.3305774170494043e-07,0.0005224621582458708,1.1887652332806162,1.1893863181300437,-0.036273759571383235,0.9998930029205275,0.0007770572115568522,0.9991159457089707,False,False,False,1.0
2025-08-28,2025-08-29 00:00:00,0.15434708779672135,0.0,0.0,0.15434708779672135,0.0,0.0,0.15434708779672135,0.0,0.15434708779672135,0.15434708779672135,False,1.0,0.0,-0.0032255850662276098,-0.0004978596614128261,0.0,1.3214647927801484e-07,-0.0004979918078921042,1.1839263961347577,1.1833368104883353,-0.041175505259154255,0.9988445737456025,0.0007717354389836068,0.998072838306619,False,False,False,1.0
2025-08-29,2025-08-30 00:00:00,0.15325434453488024,0.0,0.0,0.15325434453488024,0.0,0.0,0.15325434453488024,0.0,0.15325434453488024,0.15325434453488024,False,1.0,0.0,-0.0042285933233465745,-0.0006480502980740502,0.0,1.3121091141684952e-07,-0.000648181508985467,1.1764656930515365,1.1757031297433447,-0.04736086180215582,0.9990617523095622,0.0007662717226744012,0.9982954805868878,False,False,False,1.0
2025-08-30,2025-08-31 00:00:00,0.15063583361710642,0.0,0.0,0.15063583361710642,0.0,0.0,0.15063583361710642,0.0,0.15063583361710642,0.15063583361710642,False,1.0,0.0,-0.0003382308242548815,-5.094968216663509e-05,0.0,1.2896903563108427e-07,-5.107865120226618e-05,1.1782885986991043,1.1782284133067558,-0.0453146956427799,0.9997520077123159,0.0007531791680855321,0.9989988285442304,False,False,False,1.0
2025-08-31,2025-09-01 00:00:00,0.14612119443360422,0.0,0.0,0.14612119443360422,0.0,0.0,0.14612119443360422,0.0,0.14612119443360422,0.14612119443360422,False,1.0,0.0,-0.0003122212310435746,-4.562213920761742e-05,0.0,1.2510376235753786e-07,-4.574724296997496e-05,1.1825086333895365,1.1824545368797708,-0.041890386719324546,0.9999021131693642,0.0007306059721680211,0.9991715071971962,False,False,False,1.0
2025-09-01,2025-09-02 00:00:00,0.14605454057866388,0.0,0.0,0.14605454057866388,0.0,0.0,0.14605454057866388,0.0,0.14605454057866388,0.14605454057866388,False,1.0,0.0,-0.0013834870286638656,-0.00020206456236804168,0.0,1.2504669570091084e-07,-0.00020218960906374258,1.1779437667332138,1.177705598743519,-0.045738317560897856,0.9992377837727177,0.0007302727028933194,0.9985075110698244,False,False,False,1.0
2025-09-02,2025-09-03 00:00:00,0.15084541553798425,0.0,0.0,0.15084541553798425,0.0,0.0,0.15084541553798425,0.0,0.15084541553798425,0.15084541553798425,False,1.0,0.0,-0.003366065417740316,-0.0005077555366670765,0.0,1.2914847220717828e-07,-0.0005078846851392836,1.175649154293569,1.1750520600930063,-0.04788840520568527,0.9991009684635109,0.0007542270776899212,0.998346741385821,False,False,False,1.0
2025-09-03,2025-09-04 00:00:00,0.15391181141114435,0.0,0.0,0.15391181141114435,0.0,0.0,0.15391181141114435,0.0,0.15391181141114435,0.15391181141114435,False,1.0,0.0,0.001812506293424665,0.0002789661268150893,0.0,1.3177381113967838e-07,0.00027883435300394963,1.1823728679042491,1.1827025540778806,-0.04168942536786735,0.999760508401329,0.0007695590570557218,0.9989909493442733,False,False,False,1.0
2025-09-04,2025-09-05 00:00:00,0.1527900374354676,0.0,0.0,0.1527900374354676,0.0,0.0,0.1527900374354676,0.0,0.1527900374354676,0.1527900374354676,False,1.0,0.0,0.00013017171043294695,1.9888940510088812e-05,0.0,1.308133882152976e-07,1.9758127121873513e-05,1.1755449176534951,1.1755681442194157,-0.04747023677099926,0.9999512123142924,0.000763950187177338,0.9991872621271151,False,False,False,1.0
2025-09-05,2025-09-06 00:00:00,0.1538573026422827,0.0,0.0,0.1538573026422827,0.0,0.0,0.1538573026422827,0.0,0.1538573026422827,0.1538573026422827,False,1.0,0.0,-0.004883774988377554,-0.000751404446423616,0.0,1.3172714267318723e-07,-0.0007515361735662892,1.1756208979438945,1.1747373763126892,-0.04814338461137224,0.999048542319746,0.0007692865132114136,0.9982792558065346,False,False,False,1.0
2025-09-06,2025-09-07 00:00:00,0.15092773649675245,0.0,0.0,0.15092773649675245,0.0,0.0,0.15092773649675245,0.0,0.15092773649675245,0.15092773649675245,False,1.0,0.0,-0.0015183062346473264,-0.00022915452330422807,0.0,1.292189524800963e-07,-0.00022928374225670816,1.1744813560257772,1.174212066545257,-0.04856902832318477,0.9995337937844966,0.0007546386824837623,0.9987791551020129,False,False,False,1.0
2025-09-07,2025-09-08 00:00:00,0.15153516074892343,0.0,0.0,0.15153516074892343,0.0,0.0,0.15153516074892343,0.0,0.15153516074892343,0.15153516074892343,False,1.0,0.0,-0.0011854041879633126,-0.00017963041417546762,0.0,1.2973900749051661e-07,-0.00017976015318295813,1.17563517252135,1.1754238401626502,-0.047587162284590034,0.999742047784176,0.0007576758037446172,0.9989843719804313,False,False,False,1.0
2025-09-08,2025-09-09 00:00:00,0.15520219633403437,0.0,0.0,0.15520219633403437,0.0,0.0,0.15520219633403437,0.0,0.15520219633403437,0.15520219633403437,False,1.0,0.0,-2.2883295195397224e-06,-3.551537673685705e-07,0.0,1.3287859275174175e-07,-4.880323601203122e-07,1.178508784655162,1.1785082095047386,-0.045087984662623315,0.9996447133540525,0.0007760109816701718,0.9988687023723823,False,False,False,1.0
2025-09-09,2025-09-10 00:00:00,0.15688823221779777,0.0,0.0,0.15688823221779777,0.0,0.0,0.15688823221779777,0.0,0.15688823221779777,0.15688823221779777,False,1.0,0.0,0.0013859738511377007,0.00021744298740508707,0.0,1.3432211662482685e-07,0.00021730866528846225,1.1746274577403781,1.1748827144654308,-0.04802562119893217,0.9999547636754368,0.0007844411610889888,0.9991703225143478,False,False,False,1.0
2025-09-10,2025-09-11 00:00:00,0.16571268355534144,0.0,0.0,0.16571268355534144,0.0,0.0,0.16571268355534144,0.0,0.16571268355534144,0.16571268355534144,False,1.0,0.0,-0.0009664444146999518,-0.00016015209746700029,0.0,1.4187729756450467e-07,-0.0001602939747645648,1.1804130197682243,1.1802238066734219,-0.04369788458810364,0.9995927108890011,0.0008285634177767073,0.9987641474712244,False,False,False,1.0
2025-09-11,2025-09-12 00:00:00,0.16454893209833654,0.0,0.0,0.16454893209833654,0.0,0.0,0.16454893209833654,0.0,0.16454893209833654,0.16454893209833654,False,1.0,0.0,0.00022676508271257667,3.731395219754545e-05,0.0,1.408809350156991e-07,3.717307126252975e-05,1.1805417102728148,1.1805855946339392,-0.04340473799165567,0.9995950027377216,0.0008227446604916828,0.9987722580772299,False,False,False,1.0
2025-09-12,2025-09-13 00:00:00,0.16436123944240105,0.0,0.0,0.16436123944240105,0.0,0.0,0.16436123944240105,0.0,0.16436123944240105,0.16436123944240105,False,1.0,0.0,0.00022026431718069617,3.6202916176753376e-05,0.0,1.4072023924863104e-07,3.606219593750475e-05,1.1862206316099,1.186263409330742,-0.03880416463025782,0.9999039215518924,0.0008218061972120053,0.9990821153546804,False,False,False,1.0
2025-09-13,2025-09-14 00:00:00,0.16719452297197868,0.0,0.0,0.16719452297197868,0.0,0.0,0.16719452297197868,0.0,0.16719452297197868,0.16719452297197868,False,1.0,0.0,-0.00032640089330782107,-5.457244165422885e-05,0.0,1.4314599569518722e-07,-5.471558764992404e-05,1.1912982304075876,1.1912330478248445,-0.034777406503646247,0.9997751045614021,0.0008359726148598934,0.9989391319465422,False,False,False,1.0
2025-09-14,2025-09-15 00:00:00,0.17009053937183985,0.0,0.0,0.17009053937183985,0.0,0.0,0.17009053937183985,0.0,0.17009053937183985,0.17009053937183985,False,1.0,0.0,-0.0009219100756272525,-0.00015680818201577304,0.0,1.4562546179095877e-07,-0.000156953807477564,1.1883205267487364,1.1881340153175595,-0.03728846527545682,0.9997296104863834,0.0008504526968591993,0.9988791577895242,False,False,False,1.0
2025-09-15,2025-09-16 00:00:00,0.16847894064552257,0.0,0.0,0.16847894064552257,0.0,0.0,0.16847894064552257,0.0,0.16847894064552257,0.16847894064552257,False,1.0,0.0,0.004433975954722502,0.0007470315716993668,0.0,1.442456683608926e-07,0.0007468873260310059,1.1835351915780248,1.1844191590125261,-0.04029850872896734,0.9997971115362319,0.0008423947032276129,0.9989547168330042,False,False,False,1.0
2025-09-16,2025-09-17 00:00:00,0.17321899344894265,0.0,0.0,0.17321899344894265,0.0,0.0,0.17321899344894265,0.0,0.17321899344894265,0.17321899344894265,False,1.0,0.0,0.0038287128735130516,0.0006632057901549397,0.0,1.483039327473824e-07,0.0006630574862221923,1.1821001650043566,1.182883965368227,-0.04154243290784665,0.9998063030890754,0.0008660949672447132,0.9989402081218306,False,False,False,1.0
2025-09-17,2025-09-18 00:00:00,0.17220392207342403,0.0,0.0,0.17220392207342403,0.0,0.0,0.17220392207342403,0.0,0.17220392207342403,0.17220392207342403,False,1.0,0.0,-0.0009350579958590233,-0.00016102065425303928,0.0,1.4743486478889041e-07,-0.00016116808911782816,1.1841124651896577,1.1839216240463426,-0.04070164730146719,0.9997702064415696,0.0008610196103671201,0.9989091868312024,False,False,False,1.0
2025-09-18,2025-09-19 00:00:00,0.17613485568762438,0.0,0.0,0.17613485568762438,0.0,0.0,0.17613485568762438,0.0,0.17613485568762438,0.17613485568762438,False,1.0,0.0,0.00034816820005745264,6.132455567213935e-05,0.0,1.5080039014351402e-07,6.117375528199583e-05,1.1889842076864672,1.1890569423154225,-0.03654064351873865,0.9999507895550721,0.000880674278438122,0.999070115276634,False,False,False,1.0
2025-09-19,2025-09-20 00:00:00,0.18444052124363255,0.0,0.0,0.18444052124363255,0.0,0.0,0.18444052124363255,0.0,0.18444052124363255,0.18444052124363255,False,1.0,0.0,-6.930409743721722e-05,-1.2782483855639842e-05,0.0,1.5791140517434294e-07,-1.2940395260814186e-05,1.1830843293452422,1.1830690197663936,-0.04139248854014943,0.9996406955260709,0.0009222026062181628,0.9987184929198528,False,False,False,1.0
2025-09-20,2025-09-21 00:00:00,0.18823978213424036,0.0,0.0,0.18823978213424036,0.0,0.0,0.18823978213424036,0.0,0.18823978213424036,0.18823978213424036,False,1.0,0.0,-0.00018458678136246132,-3.474657550853038e-05,0.0,1.6116419703274002e-07,-3.490773970556312e-05,1.1842385560810893,1.1841972169898243,-0.040478342100069065,0.9997691718104391,0.0009411989106712018,0.9988279728997679,False,False,False,1.0
2025-09-21,2025-09-22 00:00:00,0.1853418330016473,0.0,0.0,0.1853418330016473,0.0,0.0,0.1853418330016473,0.0,0.1853418330016473,0.1853418330016473,False,1.0,0.0,-0.00038376324485212,-7.112738323955191e-05,0.0,1.586830762000405e-07,-7.128606631575194e-05,1.1835149756375667,1.1834306075105276,-0.04109950417339858,0.99986048126953,0.0009267091650082365,0.9989337721045217,False,False,False,1.0
2025-09-22,2025-09-23 00:00:00,0.18537829325326738,0.0,0.0,0.18537829325326738,0.0,0.0,0.18537829325326738,0.0,0.18537829325326738,0.18537829325326738,False,1.0,0.0,-0.0008107129236755162,-0.00015028857810933362,0.0,1.587142921688933e-07,-0.0001504472924015025,1.1678419577392745,1.1676662590787796,-0.05387291178314901,0.9994142493999979,0.000926891466266337,0.9984873579337316,False,False,False,1.0
2025-09-23,2025-09-24 00:00:00,-0.22057552361349528,0.0,0.0,-0.22057552361349528,0.0,0.0,0.0,0.22057552361349528,0.22057552361349528,-0.22057552361349528,False,1.0,0.0,1.9143656390552266e-05,-4.222622032222901e-06,0.0,1.8884890720333498e-07,-4.411470939426236e-06,1.1677345054746324,1.1677293540477967,-0.05382178770651058,0.9995210713781906,0.0011028776180674765,0.9984181937601231,False,False,False,-1.0
2025-09-24,2025-09-25 00:00:00,-0.19865369470352534,0.0,0.0,-0.19865369470352534,0.0,0.0,0.0,0.19865369470352534,0.19865369470352534,-0.19865369470352534,False,1.0,0.0,-0.006068360969600728,0.001205502327405852,0.0,1.7008021806808675e-07,0.0012053322471877838,1.1670905744933309,1.1684973063981567,-0.05319953754257356,0.9999794378662499,0.0009932684735176266,0.9989861693927322,False,False,False,-1.0
2025-09-25,2025-09-26 00:00:00,-0.1993824620684846,0.0,0.0,-0.1993824620684846,0.0,0.0,0.0,0.1993824620684846,0.1993824620684846,-0.1993824620684846,False,1.0,0.0,0.0008656427397342181,-0.00017259398071991684,0.0,1.7070416272986693e-07,-0.0001727646848826467,1.1778148860381776,1.1776114012205412,-0.045814643161161905,0.9997369477124864,0.000996912310342423,0.9987400354021441,False,False,False,-1.0
2025-09-26,2025-09-27 00:00:00,-0.20584314758656136,0.0,0.0,-0.20584314758656136,0.0,0.0,0.0,0.20584314758656136,0.20584314758656136,-0.20584314758656136,False,1.0,0.0,-0.0015468667719852336,0.0003184119252425042,0.0,1.7623557156383677e-07,0.00031823568967094036,1.1804042593487016,1.180779906112266,-0.04324729287258422,0.9998314979839811,0.0010292157379328069,0.9988022822460483,False,False,False,-1.0
2025-09-27,2025-09-28 00:00:00,-0.20059771537091223,0.0,0.0,-0.20059771537091223,0.0,0.0,0.0,0.20059771537091223,0.20059771537091223,-0.20059771537091223,False,1.0,0.0,0.0004732819863895177,-9.493928519594442e-05,0.0,1.7174461932441116e-07,-9.511102981526883e-05,1.1764685718696712,1.1763566767322553,-0.04683131108094307,0.9997260033696578,0.001002988576854561,0.9987230147928032,False,False,False,-1.0
2025-09-28,2025-09-29 00:00:00,-0.2064114065836241,0.0,0.0,-0.2064114065836241,0.0,0.0,0.0,0.2064114065836241,0.2064114065836241,-0.2064114065836241,False,1.0,0.0,-5.473453749327284e-05,1.1297832872690557e-05,0.0,1.7672209467776036e-07,1.1121110778012798e-05,1.1761118967095998,1.1761249763802906,-0.04701905135145168,0.9999022510849142,0.0010320570329181206,0.9988701940519961,False,False,False,-1.0
2025-09-29,2025-09-30 00:00:00,-0.20800232700740706,0.0,0.0,-0.20800232700740706,0.0,0.0,0.0,0.20800232700740706,0.20800232700740706,-0.20800232700740706,False,1.0,0.0,-0.0013911942203076455,0.0002893716351432456,0.0,1.7808418408168413e-07,0.0002891935509591639,1.1671082429656916,1.1674457631428286,-0.05405157343087841,0.9999708847523016,0.0010400116350370353,0.9989308731172645,False,False,False,-1.0
2025-09-30,2025-10-01 00:00:00,-0.21709277234253366,0.0,0.0,-0.21709277234253366,0.0,0.0,0.0,0.21709277234253366,0.21709277234253366,-0.21709277234253366,False,1.0,0.0,0.0023489491799366657,-0.0005099398895641717,0.0,1.858670996083336e-07,-0.0005101257566637801,1.170736339303675,1.170139116542734,-0.05186922501584246,0.9993324005779578,0.0010854638617126683,0.9982469367162451,False,False,False,-1.0
2025-10-01,2025-10-02 00:00:00,-0.21035633284207966,0.0,0.0,-0.21035633284207966,0.0,0.0,0.0,0.21035633284207966,0.21035633284207966,-0.21035633284207966,False,1.0,0.0,-0.0018418799177385425,0.00038745110503095114,0.0,1.800996000360271e-07,0.0003872710054309151,1.1575146503585083,1.1579629222209535,-0.06173525239280675,0.9999007722494898,0.0010517816642103984,0.9988489905852794,False,False,False,-1.0
2025-10-02,2025-10-03 00:00:00,-0.2140614980612146,0.0,0.0,-0.2140614980612146,0.0,0.0,0.0,0.2140614980612146,0.2140614980612146,-0.2140614980612146,False,1.0,0.0,0.006213702359346707,-0.0013301144355482596,0.0,1.8327183053186183e-07,-0.0013302977073787914,1.153135422600251,1.1516014091912687,-0.06688980726037452,0.9983759019152914,0.001070307490306073,0.9973055944249852,False,False,False,-1.0
2025-10-03,2025-10-04 00:00:00,-0.20374175014582563,0.0,0.0,-0.20374175014582563,0.0,0.0,0.0,0.20374175014582563,0.20374175014582563,-0.20374175014582563,False,1.0,0.0,0.007404658356796823,-0.001508638052845698,0.0,1.7443642991937126e-07,-0.0015088124892756174,1.1480599352795515,1.1463277281107649,-0.07116292253289935,0.9981085947272145,0.001018708750729128,0.9970898859764853,False,False,False,-1.0
2025-10-04,2025-10-05 00:00:00,-0.2018598954105284,0.0,0.0,-0.2018598954105284,0.0,0.0,0.0,0.2018598954105284,0.2018598954105284,-0.2018598954105284,False,1.0,0.0,-0.0005655042412816558,0.00011415262699932525,0.0,1.7282525291997294e-07,0.00011397980174640528,1.1501959446357444,1.1503270437414834,-0.06792238969816866,0.9996166004983921,0.001009299477052642,0.9986073010213394,False,False,False,-1.0
2025-10-05,2025-10-06 00:00:00,-0.20843422825721858,0.0,0.0,-0.20843422825721858,0.0,0.0,0.0,0.20843422825721858,0.20843422825721858,-0.20843422825721858,False,1.0,0.0,0.0009963547995139876,-0.00020767444370707375,0.0,1.7845396254898848e-07,-0.00020785289766962273,1.146357829548105,1.146119555751467,-0.07133159873349892,0.9996254549767828,0.001042171141286093,0.9985832838354967,False,False,False,-1.0
2025-10-06,2025-10-07 00:00:00,-0.21599814835667433,0.0,0.0,-0.21599814835667433,0.0,0.0,0.0,0.21599814835667433,0.21599814835667433,-0.21599814835667433,False,1.0,0.0,0.0005247724736490156,-0.00011334988261673904,0.0,1.8492992153824855e-07,-0.00011353481253827729,1.1386436703888179,1.1385143946931524,-0.07749384657750202,0.9993002843659295,0.0010799907417833718,0.9982202936241462,False,False,False,-1.0
2025-10-07,2025-10-08 00:00:00,0.2147614704781787,0.0,0.0,0.2147614704781787,0.0,0.0,0.2147614704781787,0.0,0.2147614704781787,0.2147614704781787,False,1.0,0.0,0.00020844698128841266,4.4766380218236905e-05,0.0,1.8387112198474204e-07,4.458250909625216e-05,1.1307117573632717,1.1307621673304795,-0.08377525810653541,0.9988849427662082,0.0010738073523908936,0.9978111354138173,False,False,False,1.0
2025-10-08,2025-10-09 00:00:00,0.21035501840527862,0.0,0.0,0.21035501840527862,0.0,0.0,0.21035501840527862,0.0,0.21035501840527862,0.21035501840527862,False,1.0,0.0,-0.0019422097182335563,-0.0004085535610259307,0.0,1.800984746620536e-07,-0.00040873365950059275,1.1277505750395267,1.127289625419987,-0.08658896102972968,0.9992587556966124,0.001051775092026393,0.998206980604586,False,False,False,1.0
2025-10-09,2025-10-10 00:00:00,0.20299217994537483,0.0,0.0,0.20299217994537483,0.0,0.0,0.20299217994537483,0.0,0.20299217994537483,0.20299217994537483,False,1.0,0.0,0.0045494358047353245,0.0009234998915247641,0.0,1.7379467461076611e-07,0.0009233260968501534,1.119439923335843,1.1204735314309149,-0.09211185004767641,0.9999539585711841,0.0010149608997268742,0.9989389976714572,False,False,False,1.0
2025-10-10,2025-10-11 00:00:00,0.20299184185426797,0.0,0.0,0.20299184185426797,0.0,0.0,0.20299184185426797,0.0,0.20299184185426797,0.20299184185426797,False,1.0,0.0,-0.00847906345879057,-0.0017211807086991177,0.0,1.7379438514920204e-07,-0.001721354503084267,1.1111206136188139,1.1092079811470914,-0.1012400082044459,0.9977579233036081,0.0010149592092713398,0.9967429640943368,False,False,False,1.0
2025-10-11,2025-10-12 00:00:00,0.20031641085229823,0.0,0.0,0.10015820542614912,0.0,0.0,0.10015820542614912,0.0,0.10015820542614912,0.10015820542614912,False,0.5,0.0,0.001745310460856242,0.00017480716367084646,0.0,8.575188820731944e-08,0.00017472141178263912,1.101723713927227,1.1019162086499188,-0.10714832612238634,0.9999489944436791,0.0005007910271307456,0.9994482034165484,False,False,False,1.0
2025-10-12,2025-10-13 00:00:00,0.1929001025652975,0.0,0.0,0.09645005128264875,0.0,0.0,0.09645005128264875,0.0,0.09645005128264875,0.09645005128264875,False,0.5,0.0,0.0063146912665073,0.0006090522964887232,0.0,8.25770987008979e-08,0.0006089697193900224,1.107060908176528,1.107735074747128,-0.1024334627832506,0.9999996766907683,0.00048225025641324376,0.999517426434355,False,False,False,1.0
2025-10-13,2025-10-14 00:00:00,0.17606693071673635,0.0,0.0,0.08803346535836817,0.0,0.0,0.08803346535836817,0.0,0.08803346535836817,0.08803346535836817,False,0.5,0.0,0.003235429040220783,0.0002848260303317347,0.0,7.53711176013426e-08,0.0002847506592141334,1.1091307832949595,1.1094466090166575,-0.10104665476150398,0.9999973605535906,0.00044016732679184086,0.9995571932267987,False,False,False,1.0
2025-10-14,2025-10-15 00:00:00,0.1691719148270012,0.0,0.0,0.0845859574135006,0.0,0.0,0.0845859574135006,0.0,0.0845859574135006,0.0845859574135006,False,0.5,0.0,0.015600903419662249,0.0013196173522676867,0.0,7.241948408690119e-08,0.0013195449327836,1.1058612124120628,1.1073204459712631,-0.1027694248043759,0.9999999275805159,0.000422929787067503,0.9995769977934484,False,False,False,1.0
2025-10-15,2025-10-16 00:00:00,0.16917234570438497,0.0,0.0,0.08458617285219248,0.0,0.0,0.08458617285219248,0.0,0.08458617285219248,0.08458617285219248,False,0.5,0.0,-0.0010694677013222131,-9.046217984387768e-05,0.0,7.241966853783602e-08,-9.053459951241551e-05,1.1050781775844047,1.1049781297741672,-0.10466733765919278,0.9994344327800398,0.00042293086426096246,0.9990115019157789,False,False,False,1.0
2025-10-16,2025-10-17 00:00:00,0.16935814478121008,0.0,0.0,0.08467907239060504,0.0,0.0,0.08467907239060504,0.0,0.08467907239060504,0.08467907239060504,False,0.5,0.0,-0.01172460217840221,-0.0009928284366159663,0.0,7.249920581387418e-08,-0.0009929009358217802,1.1043871574484116,1.1032906104062714,-0.10603468708240593,0.998681585057008,0.00042339536195302524,0.998258189695055,False,False,False,1.0
2025-10-17,2025-10-18 00:00:00,0.16860226421684377,0.0,0.0,0.08430113210842188,0.0,0.0,0.08430113210842188,0.0,0.08430113210842188,0.08430113210842188,False,0.5,0.0,0.007201976430377899,0.0006071347664990279,0.0,7.217562680515572e-08,0.0006070625908722228,1.1000545956503163,1.1007223976432527,-0.10811563756333631,0.9999907559284902,0.0004215056605421094,0.9995692502679481,False,False,False,1.0
2025-10-18,2025-10-19 00:00:00,0.1680278904734643,0.0,0.0,0.08401394523673215,0.0,0.0,0.08401394523673215,0.0,0.08401394523673215,0.08401394523673215,False,0.5,0.0,0.0010873860633784371,9.135559317986178e-05,0.0,7.192974763418849e-08,9.128366343222758e-05,1.1025825188207186,1.1026831665922727,-0.10652688169925417,0.9999929841771841,0.0004200697261836608,0.9995729144510004,False,False,False,1.0
2025-10-19,2025-10-20 00:00:00,0.16674642740268542,0.0,0.0,0.08337321370134271,0.0,0.0,0.08337321370134271,0.0,0.08337321370134271,0.08337321370134271,False,0.5,0.0,0.0009689166505180147,8.078169496242762e-05,0.0,7.138117611416327e-08,8.071031378631347e-05,1.1049887792700859,1.1050779632611911,-0.10458644539597106,0.9999778972474705,0.00041686606850671354,0.9995610311789639,False,False,False,1.0
2025-10-20,2025-10-21 00:00:00,0.1672547535571165,0.0,0.0,0.08362737677855825,0.0,0.0,0.08362737677855825,0.0,0.08362737677855825,0.08362737677855825,False,0.5,0.0,-0.006432392845173274,-0.0005379241400510076,0.0,7.159878148849165e-08,-0.0005379957388324961,1.1062727406239525,1.1056775706035102,-0.10410060045144953,0.9994368831415433,0.00041813688389279126,0.9990187462576505,False,False,False,1.0
2025-10-21,2025-10-22 00:00:00,0.16605183954639302,0.0,0.0,0.08302591977319651,0.0,0.0,0.08302591977319651,0.0,0.08302591977319651,0.08302591977319651,False,0.5,0.0,0.0018318031474602314,0.00015208714116132202,0.0,7.108383542225728e-08,0.00015201605732589977,1.1073319156633934,1.1075002478953637,-0.10262373636850441,0.9997495763567195,0.00041512959886598255,0.9993344467578534,False,False,False,1.0
2025-10-22,2025-10-23 00:00:00,0.16599411760041763,0.0,0.0,0.08299705880020881,0.0,0.0,0.08299705880020881,0.0,0.08299705880020881,0.08299705880020881,False,0.5,0.0,0.00033349313212593934,2.7678949096522394e-05,0.0,7.10591256851103e-08,2.7607889970837282e-05,1.1019614045623103,1.1019918273915195,-0.10708705438549315,0.9997590355870187,0.0004149852940010441,0.9993440502930176,False,False,False,1.0
2025-10-23,2025-10-24 00:00:00,0.16457179505703656,0.0,0.0,0.08228589752851828,0.0,0.0,0.08228589752851828,0.0,0.08228589752851828,0.08228589752851828,False,0.5,0.0,0.004190519629617251,0.0003448206688339295,0.0,7.045025473332044e-08,0.0003447502185791962,1.1024704137800332,1.102850490696161,-0.10639130368972505,0.9999421395675226,0.0004114294876425914,0.99953071007988,False,False,False,1.0
2025-10-24,2025-10-25 00:00:00,0.16889371536595027,0.0,0.0,0.08444685768297513,0.0,0.0,0.08444685768297513,0.0,0.08444685768297513,0.08444685768297513,False,0.5,0.0,-0.003774909791700809,-0.0003187792699458275,0.0,7.230039185186227e-08,-0.00031885157033767936,1.1035334804728125,1.1031816170896436,-0.10612300129761454,0.9991976773576603,0.0004222342884148757,0.9987754430692454,False,False,False,1.0
2025-10-25,2025-10-26 00:00:00,0.16858447910677493,0.0,0.0,0.08429223955338747,0.0,0.0,0.08429223955338747,0.0,0.08429223955338747,0.08429223955338747,False,0.5,0.0,0.0004071205382132348,3.431710193417402e-05,0.0,7.216801331625638e-08,3.424493392085777e-05,1.1042009738750354,1.104238787164421,-0.10526640615596139,0.999797456930575,0.00042146119776693736,0.999375995732808,False,False,False,1.0
2025-10-26,2025-10-27 00:00:00,0.16849776826123025,0.0,0.0,0.08424888413061513,0.0,0.0,0.08424888413061513,0.0,0.08424888413061513,0.08424888413061513,False,0.5,0.0,0.0015540894437491293,0.00013093030147503251,0.0,7.213089394744445e-08,0.00013085817058108506,1.1073968520747546,1.1075417640009242,-0.10259009703726352,0.9999856332634071,0.0004212444206530756,0.999564388842754,False,False,False,1.0
2025-10-27,2025-10-28 00:00:00,0.17247584706575778,0.0,0.0,0.08623792353287889,0.0,0.0,0.08623792353287889,0.0,0.08623792353287889,0.08623792353287889,False,0.5,0.0,0.0024901032816002644,0.0002147413363876144,0.0,7.383383864116342e-08,0.00021466750254897323,1.109379643685749,1.1096177914432377,-0.10090795046174794,0.9999999261661614,0.00043118961766439447,0.999568736548497,False,False,False,1.0
2025-10-28,2025-10-29 00:00:00,0.1693793276816021,0.0,0.0,0.08468966384080105,0.0,0.0,0.08468966384080105,0.0,0.08468966384080105,0.08468966384080105,False,0.5,0.0,0.001864083370027858,0.00015786859397888686,0.0,7.250827383630227e-08,0.00015779608570505056,1.1072222774523874,1.107396992793775,-0.10270740106965515,0.9999951624291783,0.0004234483192040053,0.9995717141099743,False,False,False,1.0
2025-10-29,2025-10-30 00:00:00,0.16873967187662126,0.0,0.0,0.08436983593831063,0.0,0.0,0.08436983593831063,0.0,0.08436983593831063,0.08436983593831063,False,0.5,0.0,-0.0016628422978559598,-0.0001402937318613908,0.0,7.223444857732074e-08,-0.00014036596630996812,1.1042169569550808,1.104061962474902,-0.10540968222249048,0.999593545010342,0.00042184917969155316,0.9991716958306505,False,False,False,1.0
2025-10-30,2025-10-31 00:00:00,0.167674244623824,0.0,0.0,0.083837122311912,0.0,0.0,0.083837122311912,0.0,0.083837122311912,0.083837122311912,False,0.5,0.0,0.0003979096479826971,3.335959982701522e-05,0.0,7.177835814376027e-08,3.3287821468871463e-05,1.0998434703221023,1.099880081715186,-0.10879814244020858,0.9996841240099462,0.00041918561155955997,0.9992649383983867,False,False,False,1.0
2025-10-31,2025-11-01 00:00:00,0.16773977688596306,0.0,0.0,0.08386988844298153,0.0,0.0,0.08386988844298153,0.0,0.08386988844298153,0.08386988844298153,False,0.5,0.0,-0.002170235440798307,-0.00018201740431475887,0.0,7.180641133816911e-08,-0.00018208921072609702,1.1022086648978195,1.102007964591973,-0.1070739788663897,0.9997430645383936,0.00041934944221490766,0.9993237150961787,False,False,False,1.0
2025-11-01,2025-11-02 00:00:00,0.16261240991651207,0.0,0.0,0.08130620495825604,0.0,0.0,0.08130620495825604,0.0,0.08130620495825604,0.08130620495825604,False,0.5,0.0,0.0025292004172408067,0.0002056396875046877,0.0,6.961147684782195e-08,0.0002055700760278399,1.102592314162342,1.1028189741481922,-0.10641684066103718,0.9999653778952052,0.0004065310247912802,0.999558846870414,False,False,False,1.0
2025-11-02,2025-11-03 00:00:00,0.16829234191425804,0.0,0.0,0.08414617095712902,0.0,0.0,0.08414617095712902,0.0,0.08414617095712902,0.08414617095712902,False,0.5,0.0,-0.0014777405606080096,-0.00012434620984320526,0.0,7.204295458658306e-08,-0.00012441825279779184,1.101978669488464,1.1018415632277858,-0.10720880920592346,0.9998507125052335,0.0004207308547856451,0.9994299816504478,False,False,False,1.0
2025-11-03,2025-11-04 00:00:00,0.17033623324090455,0.0,0.0,0.08516811662045227,0.0,0.0,0.08516811662045227,0.0,0.08516811662045227,0.08516811662045227,False,0.5,0.0,-0.003909612426347686,-0.0003329743270679491,0.0,7.291790806545572e-08,-0.00033304724497601457,1.095610451367444,1.0952455613250494,-0.11255336380411185,0.9994966817923188,0.0004258405831022614,0.9990708412092165,False,False,False,1.0
2025-11-04,2025-11-05 00:00:00,-0.17242061421148255,0.0,0.0,-0.08621030710574128,0.0,0.0,0.0,0.08621030710574128,0.08621030710574128,-0.08621030710574128,False,0.5,0.0,-0.011967223277334238,0.0010316979939419602,0.0,7.381019443984698e-08,0.0010316241837475203,1.0970332837377275,1.0981650098036073,-0.11018781691368751,0.9999999261898056,0.0004310515355287064,0.9995688746542769,False,False,False,-1.0
2025-11-05,2025-11-06 00:00:00,-0.1609958156112127,0.0,0.0,-0.08049790780560635,0.0,0.0,0.0,0.08049790780560635,0.08049790780560635,-0.08049790780560635,False,0.5,0.0,0.004544042600399312,-0.0003657859223116915,0.0,6.891944161438899e-08,-0.00036585484175330593,1.101200118273512,1.1007972388785023,-0.10805499581794487,0.9996058062749426,0.00040248953902803175,0.9992033167359146,False,False,False,-1.0
2025-11-06,2025-11-07 00:00:00,-0.16203802744305257,0.0,0.0,-0.08101901372152628,0.0,0.0,0.0,0.08101901372152628,0.08101901372152628,-0.08101901372152628,False,0.5,0.0,0.0001364384707975841,-1.1054110337693529e-05,0.0,6.936559393966292e-08,-1.1123475931633191e-05,1.1033215691871796,1.1033092964162599,-0.10601954633471078,0.999749370800085,0.0004050950686076314,0.9993442757314773,False,False,False,-1.0
2025-11-07,2025-11-08 00:00:00,-0.16495390963531922,0.0,0.0,-0.08247695481765961,0.0,0.0,0.0,0.08247695481765961,0.08247695481765961,-0.08247695481765961,False,0.5,0.0,0.0035447818010172494,-0.00029236280844096175,0.0,7.061383117950309e-08,-0.00029243342227214123,1.1036181805470018,1.1032954457055826,-0.10603076917553622,0.9992220534259096,0.0004123847740882981,0.9988096686518213,False,False,False,-1.0
2025-11-08,2025-11-09 00:00:00,-0.1656648714938255,0.0,0.0,-0.08283243574691275,0.0,0.0,0.0,0.08283243574691275,0.08283243574691275,-0.08283243574691275,False,0.5,0.0,-0.00019842680124149137,1.643617526430126e-05,0.0,7.091818129016501e-08,1.6365257083011095e-05,1.1010021919825261,1.101020210166447,-0.10787432846220102,0.9997808618503109,0.00041416217873456375,0.9993666996715763,False,False,False,-1.0
2025-11-09,2025-11-10 00:00:00,-0.16548488985641913,0.0,0.0,-0.08274244492820956,0.0,0.0,0.0,0.08274244492820956,0.08274244492820956,-0.08274244492820956,False,0.5,0.0,-0.004900433390930048,0.00040547383997338875,0.0,7.08411343563438e-08,0.0004054029988390324,1.0968833912415588,1.0973280710577447,-0.11086596481124145,0.9999713350499195,0.00041371222464104784,0.9995576228252785,False,False,False,-1.0
2025-11-10,2025-11-11 00:00:00,-0.16371450424972453,0.0,0.0,-0.08185725212486226,0.0,0.0,0.0,0.08185725212486226,0.08185725212486226,-0.08185725212486226,False,0.5,0.0,-0.00948477059467745,0.0007763972579149918,0.0,7.008326380553276e-08,0.0007763271746511864,1.0962945441036103,1.0971456273496198,-0.11101379381031495,0.9999771150373852,0.00040928626062431133,0.9995678287767609,False,False,False,-1.0
2025-11-11,2025-11-12 00:00:00,-0.1630260520706719,0.0,0.0,-0.08151302603533594,0.0,0.0,0.0,0.08151302603533594,0.08151302603533594,-0.08151302603533594,False,0.5,0.0,0.0005031974604343681,-4.1017147693301576e-05,0.0,6.978854968778761e-08,-4.1086936242989365e-05,1.0981180063405085,1.0980728880359947,-0.11026246058783251,0.9998302364118505,0.00040756513017667974,0.9994226712816738,False,False,False,-1.0
2025-11-12,2025-11-13 00:00:00,-0.17593189074739388,0.0,0.0,-0.08796594537369694,0.0,0.0,0.0,0.08796594537369694,0.08796594537369694,-0.08796594537369694,False,0.5,0.0,-0.00883071805625868,0.0007768024621473702,0.0,7.531330939528847e-08,0.000776727148837975,1.098633696307348,1.099487034925898,-0.10911661718535992,0.9998592198843429,0.0004398297268684847,0.9994193901574744,False,False,False,-1.0
2025-11-13,2025-11-14 00:00:00,-0.18764055749410585,0.0,0.0,-0.09382027874705293,0.0,0.0,0.0,0.09382027874705293,0.09382027874705293,-0.09382027874705293,False,0.5,0.0,-0.001533778522381457,0.00014389952850607125,0.0,8.032558111905216e-08,0.0001438192029249522,1.1003959952115712,1.1005542532865045,-0.10825188020065957,0.9999661586311925,0.00046910139373526464,0.9994970572374573,False,False,False,-1.0
2025-11-14,2025-11-15 00:00:00,-0.1910790518220786,0.0,0.0,-0.0955395259110393,0.0,0.0,0.0,0.0955395259110393,0.0955395259110393,-0.0955395259110393,False,0.5,0.0,-0.0027835942692907567,0.00026594327681672475,0.0,8.179753930739666e-08,0.00026586147927741734,1.1061189064791006,1.1064129808878338,-0.10350471820723639,0.9991415654065465,0.0004776976295551965,0.9986638677769913,False,False,False,-1.0
2025-11-15,2025-11-16 00:00:00,-0.191080767975713,0.0,0.0,-0.0955403839878565,0.0,0.0,0.0,0.0955403839878565,0.0955403839878565,-0.0955403839878565,False,0.5,0.0,0.0014466728097846104,-0.00013821567575161297,0.0,8.17982739622059e-08,-0.00013829747402557517,1.1068368976565819,1.1066838249094777,-0.10328526092347368,0.9997147732532733,0.0004777019199392825,0.9992370713333341,False,False,False,-1.0
2025-11-16,2025-11-17 00:00:00,-0.1822889914682481,0.0,0.0,-0.09114449573412405,0.0,0.0,0.0,0.09114449573412405,0.09114449573412405,-0.09114449573412405,False,0.5,0.0,-0.020682082785123956,0.0018850580061815308,0.0,7.803467100524318e-08,0.0018849799715105256,1.1071217258417934,1.1092086281210294,-0.10123948397968274,0.9999346423059234,0.0004557224786706202,0.9994789198272528,False,False,False,-1.0
2025-11-17,2025-11-18 00:00:00,-0.1827469371999442,0.0,0.0,-0.0913734685999721,0.0,0.0,0.0,0.0913734685999721,0.0913734685999721,-0.0913734685999721,False,0.5,0.0,-0.002207004199704987,0.0002016616289417502,0.0,7.823070941778433e-08,0.00020158339823233242,1.1073306309544715,1.107553850426026,-0.10258030374735749,0.9997196413313845,0.0004568673429998605,0.9992627739883846,False,False,False,-1.0
2025-11-18,2025-11-19 00:00:00,-0.18318378205891928,0.0,0.0,-0.09159189102945964,0.0,0.0,0.0,0.09159189102945964,0.09159189102945964,-0.09159189102945964,False,0.5,0.0,-0.0010166459691275387,9.31165268198689e-05,0.0,7.841771492248256e-08,9.303810910494642e-05,1.10474673696189,1.1048495205093367,-0.1047715461248444,0.9996678256147978,0.0004579594551472982,0.9992098661596506,False,False,False,-1.0
2025-11-19,2025-11-20 00:00:00,-0.1856060216208455,0.0,0.0,-0.09280301081042275,0.0,0.0,0.0,0.09280301081042275,0.09280301081042275,-0.09280301081042275,False,0.5,0.0,-0.010086340137504535,0.0009360427328184342,0.0,7.945463254317017e-08,0.000935963278185891,1.1082049092977362,1.109242148397544,-0.1012123234435548,0.9999999205453675,0.00046401505405211377,0.9995359054913153,False,False,False,-1.0
2025-11-20,2025-11-21 00:00:00,-0.19011631845914584,0.0,0.0,-0.09505815922957292,0.0,0.0,0.0,0.09505815922957292,0.09505815922957292,-0.09505815922957292,False,0.5,0.0,-0.010768277778707924,0.0010236126637166896,0.0,8.138541029929188e-08,0.0010235312783063904,1.1068467679826905,1.1079796602700132,-0.10223528202159193,0.9999664984250094,0.0004752907961478646,0.9994912076288616,False,False,False,-1.0
2025-11-21,2025-11-22 00:00:00,-0.18616266595765082,0.0,0.0,-0.18616266595765082,0.0,0.0,0.0,0.18616266595765082,0.18616266595765082,-0.18616266595765082,False,1.0,0.0,-0.002622580752249193,0.00048822662452793113,0.0,1.5938584414182432e-07,0.00048806723868378933,1.1163590095680307,1.1169038678272103,-0.09500424794393081,0.999287757618888,0.0009308133297882542,0.9983569442890997,False,False,False,-1.0
2025-11-22,2025-11-23 00:00:00,-0.18961684103915574,0.0,0.0,-0.09480842051957787,0.0,0.0,0.0,0.09480842051957787,0.09480842051957787,-0.09480842051957787,False,0.5,0.0,0.0033425693803050827,-0.0003169037234238291,0.0,8.117159291059749e-08,-0.0003169848950167397,1.1093774741810674,1.1090258182788801,-0.10138760964684601,0.9995547941905717,0.00047404210259788937,0.9990807520879738,False,False,False,-1.0
2025-11-23,2025-11-24 00:00:00,-0.17648326017622998,0.0,0.0,-0.08824163008811499,0.0,0.0,0.0,0.08824163008811499,0.08824163008811499,-0.08824163008811499,False,0.5,0.0,0.0011548689912379562,-0.00010190752232505423,0.0,7.554934082886557e-08,-0.0001019830716658831,1.1056594308930006,1.1055466723480218,-0.10420666362177322,0.999772424477273,0.00044120815044057494,0.9993312163268324,False,False,False,-1.0
2025-11-24,2025-11-25 00:00:00,-0.17601206676326128,0.0,0.0,-0.08800603338163064,0.0,0.0,0.0,0.08800603338163064,0.08800603338163064,-0.08800603338163064,False,0.5,0.0,-7.381344881041141e-05,6.496028840022351e-06,0.0,7.534763131988925e-08,6.420681208702462e-06,1.1050701513722236,1.1050772466753789,-0.1045870260252757,0.9995730427571674,0.0004400301669081532,0.9991330125902592,False,False,False,-1.0
2025-11-25,2025-11-26 00:00:00,-0.17000687140381837,0.0,0.0,-0.08500343570190919,0.0,0.0,0.0,0.08500343570190919,0.08500343570190919,-0.08500343570190919,False,0.5,0.0,-0.004166781359244753,0.00035419073135447513,0.0,7.277691412834691e-08,0.0003541179544403468,1.102988898091708,1.1033794862640707,-0.10596267347757782,0.9997753041994027,0.00042501717850954593,0.9993502870208932,False,False,False,-1.0
2025-11-26,2025-11-27 00:00:00,-0.17085530571980773,0.0,0.0,-0.08542765285990386,0.0,0.0,0.0,0.08542765285990386,0.08542765285990386,-0.08542765285990386,False,0.5,0.0,0.0023907712121005176,-0.00020423797317477461,0.0,7.314011374991769e-08,-0.00020431111328852452,1.1024868570822373,1.1022616067650808,-0.10686845975609116,0.9997260490047407,0.0004271382642995193,0.9992989107404412,False,False,False,-1.0
2025-11-27,2025-11-28 00:00:00,-0.1751153672427789,0.0,0.0,-0.08755768362138945,0.0,0.0,0.0,0.08755768362138945,0.08755768362138945,-0.08755768362138945,False,0.5,0.0,0.0020544273408651392,-0.0001798808991346023,0.0,7.496377022379233e-08,-0.00017995586290482608,1.099720682145732,1.099522780961422,-0.10908765317938418,0.9996882675302737,0.0004377884181069473,0.9992504791121668,False,False,False,-1.0
2025-11-28,2025-11-29 00:00:00,-0.17755862728944508,0.0,0.0,-0.08877931364472254,0.0,0.0,0.0,0.08877931364472254,0.08877931364472254,-0.08877931364472254,False,0.5,0.0,0.0010558044806516786,-9.373359713527877e-05,0.0,7.60096863396597e-08,-9.380960682161844e-05,1.0975679983576967,1.0974650359353109,-0.11075498602788436,0.9997707974195386,0.0004438965682236127,0.9993269008513149,False,False,False,-1.0
2025-11-29,2025-11-30 00:00:00,-0.17276503133210547,0.0,0.0,-0.08638251566605273,0.0,0.0,0.0,0.08638251566605273,0.08638251566605273,-0.08638251566605273,False,0.5,0.0,0.0023607003411012517,-0.0002039232341980349,0.0,7.395763327573008e-08,-0.00020399719183131063,1.0997269481379188,1.0995026069287175,-0.1091039996299834,0.9996862644575621,0.0004319125783302637,0.9992543518792318,False,False,False,-1.0
2025-11-30,2025-12-01 00:00:00,-0.1722004080141308,0.0,0.0,-0.0861002040070654,0.0,0.0,0.0,0.0861002040070654,0.0861002040070654,-0.0861002040070654,False,0.5,0.0,0.00022794771077716547,-1.9626344400857488e-05,0.0,7.371592808824093e-08,-1.9700060328945728e-05,1.098823329876678,1.0988016829907887,-0.10967193855884927,0.9998986657245543,0.00043050102003532704,0.999468164704519,False,False,False,-1.0
2025-12-01,2025-12-02 00:00:00,-0.17636497819694064,0.0,0.0,-0.08818248909847032,0.0,0.0,0.0,0.08818248909847032,0.08818248909847032,-0.08818248909847032,False,0.5,0.0,0.007025743940066498,-0.0006195475884035579,0.0,7.549870641992323e-08,-0.0006196230871099778,1.1089328716768672,1.108245751267521,-0.10201967597944128,0.9990070307421236,0.0004409124454923516,0.9985661182966312,False,False,False,-1.0
2025-12-02,2025-12-03 00:00:00,-0.17876390485641006,0.0,0.0,-0.08938195242820503,0.0,0.0,0.0,0.08938195242820503,0.08938195242820503,-0.08938195242820503,False,0.5,0.0,0.002729259463156719,-0.00024394653950010226,0.0,7.652564420223032e-08,-0.0002440230651443045,1.0994712647495737,1.0992029684015114,-0.10934678829074906,0.9991860724886642,0.00044690976214102515,0.9987391627265232,False,False,False,-1.0
2025-12-03,2025-12-04 00:00:00,-0.15746657571692577,0.0,0.0,-0.07873328785846288,0.0,0.0,0.0,0.07873328785846288,0.07873328785846288,-0.07873328785846288,False,0.5,0.0,0.0013667056226465135,-0.00010760522720560769,0.0,6.740863686512232e-08,-0.00010767263584247281,1.0969432726905766,1.0968251619170364,-0.11127345792602183,0.9997553287851024,0.0003936664392923144,0.9993616623458101,False,False,False,-1.0
2025-12-04,2025-12-05 00:00:00,-0.13781856754106786,0.0,0.0,-0.06890928377053393,0.0,0.0,0.0,0.06890928377053393,0.06890928377053393,-0.06890928377053393,False,0.5,0.0,-0.0021506179525246916,0.00014819754277252864,0.0,5.899767446107356e-08,0.00014813854509806756,1.093733570431781,1.0938955945316298,-0.11364720388171679,0.9999508277790334,0.00034454641885266966,0.9996062813601808,False,False,False,-1.0
2025-12-05,2025-12-06 00:00:00,0.14300399587187634,0.0,0.0,0.07150199793593817,0.0,0.0,0.07150199793593817,0.0,0.07150199793593817,0.07150199793593817,False,0.5,0.0,-0.008085202896745192,-0.000578108160834716,0.0,6.121746398624843e-08,-0.0005781693782987023,1.0925656196485285,1.0919339316634658,-0.11523668406330867,0.999137002144198,0.00035750998967969084,0.9987794921545183,False,False,False,1.0
2025-12-06,2025-12-07 00:00:00,0.14046753818427224,0.0,0.0,0.07023376909213612,0.0,0.0,0.07023376909213612,0.0,0.07023376909213612,0.07023376909213612,False,0.5,0.0,-0.0019238471690556924,-0.00013511903784001726,0.0,6.013165161997955e-08,-0.00013517916949163722,1.0904699688008135,1.0903225599760753,-0.11654233316532903,0.9998159381751806,0.0003511688454606806,0.9994647693297198,False,False,False,1.0
2025-12-07,2025-12-08 00:00:00,0.14047616083413564,0.0,0.0,0.07023808041706782,0.0,0.0,0.07023808041706782,0.0,0.07023808041706782,0.07023808041706782,False,0.5,0.0,0.018161256882833543,0.0012756118214114888,0.0,6.013534282283202e-08,0.001275551686068666,1.0886006590076691,1.0899892254137218,-0.1168124247744935,0.9998963968739644,0.0003511904020853391,0.999545206471879,False,False,False,1.0
2025-12-08,2025-12-09 00:00:00,0.1410661565708498,0.0,0.0,0.0705330782854249,0.0,0.0,0.0705330782854249,0.0,0.0705330782854249,0.0705330782854249,False,0.5,0.0,0.002859999158823845,0.00020172454456557164,0.0,6.038790949094597e-08,0.00020166415665608068,1.0917028515153626,1.0919230088502325,-0.11524553451128472,0.9999517904278108,0.00035266539142712454,0.9995991250363837,False,False,False,1.0
2025-12-09,2025-12-10 00:00:00,0.1410636126617601,0.0,0.0,0.07053180633088005,0.0,0.0,0.07053180633088005,0.0,0.07053180633088005,0.07053180633088005,False,0.5,0.0,0.009975132197734826,0.0007035640922955586,0.0,6.038682048876716e-08,0.0007035037054750698,1.0947214003098835,1.0954915408714643,-0.11235405350444272,0.9997703208797812,0.00035265903165440025,0.9994176618481269,False,False,False,1.0
2025-12-10,2025-12-11 00:00:00,0.1410434310184453,0.0,0.0,0.07052171550922265,0.0,0.0,0.07052171550922265,0.0,0.07052171550922265,0.07052171550922265,False,0.5,0.0,0.0016197744960786409,0.00011422927620155239,0.0,6.037818108666322e-08,0.00011416889802046572,1.097328406923168,1.0974536876981529,-0.11076418118488673,0.9998517388136615,0.0003526085775461132,0.9994991302361154,False,False,False,1.0
2025-12-11,2025-12-12 00:00:00,0.1401207352975803,0.0,0.0,0.07006036764879015,0.0,0.0,0.07006036764879015,0.0,0.07006036764879015,0.07006036764879015,False,0.5,0.0,0.0028717404956435377,0.00020119519491670508,0.0,5.998319148012855e-08,0.00020113521172522496,1.0937684388005866,1.0939884341471031,-0.11357197855566492,0.9999294111517772,0.0003503018382439507,0.9995791093135333,False,False,False,1.0
2025-12-12,2025-12-13 00:00:00,0.13892653787360046,0.0,0.0,0.06946326893680023,0.0,0.0,0.06946326893680023,0.0,0.06946326893680023,0.06946326893680023,False,0.5,0.0,-0.012218589504305544,-0.0008487431687659406,0.0,5.9471976829452246e-08,-0.00084880264074277,1.0923368488798129,1.091409670477903,-0.11566147813876038,0.9988342319093467,0.00034731634468400114,0.9984869155646627,False,False,False,1.0
2025-12-13,2025-12-14 00:00:00,0.1360737589572679,0.0,0.0,0.06803687947863395,0.0,0.0,0.06803687947863395,0.0,0.06803687947863395,0.06803687947863395,False,0.5,0.0,-0.0011441132800699139,-7.784189734602129e-05,0.0,5.825075297828248e-08,-7.790014809899957e-05,1.0924317314745908,1.0923466308809209,-0.11490228550902626,0.9998075235760321,0.00034018439739316974,0.999467339178639,False,False,False,1.0
2025-12-14,2025-12-15 00:00:00,0.13480533109473838,0.0,0.0,0.06740266554736919,0.0,0.0,0.06740266554736919,0.0,0.06740266554736919,0.06740266554736919,False,0.5,0.0,9.082151302153285e-05,6.121612066696415e-06,0.0,5.7707761598774985e-08,6.0639043050976395e-06,1.091756522654966,1.0917631429620438,-0.11537506933865616,0.999935009478531,0.00033701332773684596,0.9995979961507941,False,False,False,1.0
2025-12-15,2025-12-16 00:00:00,0.1345584087728611,0.0,0.0,0.06727920438643055,0.0,0.0,0.06727920438643055,0.0,0.06727920438643055,0.06727920438643055,False,0.5,0.0,-0.0006740737297196153,-4.5351144233329544e-05,0.0,5.760205855002615e-08,-4.540874629187957e-05,1.090074208247093,1.0900247093439313,-0.11678367314507321,0.999604516164971,0.00033639602193215275,0.9992681201430389,False,False,False,1.0
2025-12-16,2025-12-17 00:00:00,0.1393300435203056,0.0,0.0,0.0696650217601528,0.0,0.0,0.0696650217601528,0.0,0.0696650217601528,0.0696650217601528,False,0.5,0.0,0.007861233907441756,0.000547653031223581,0.0,5.964471041108973e-08,0.0005475933865131699,1.0882545686901601,1.0888504896948175,-0.11773511026069183,0.9999527615876648,0.000348325108800764,0.999604436478864,False,False,False,1.0
2025-12-17,2025-12-18 00:00:00,0.13849845670074218,0.0,0.0,0.06924922835037109,0.0,0.0,0.06924922835037109,0.0,0.06924922835037109,0.06924922835037109,False,0.5,0.0,-0.016461755807689826,-0.0011399638869747603,0.0,5.928872290271497e-08,-0.001140023175697663,1.0886469136836476,1.0874058309718966,-0.11890567654224438,0.998608710859505,0.00034624614175185546,0.9982624647177532,False,False,False,1.0
2025-12-18,2025-12-19 00:00:00,-0.13909083584483903,0.0,0.0,-0.06954541792241951,0.0,0.0,0.0,0.06954541792241951,0.06954541792241951,-0.06954541792241951,False,0.5,0.0,-0.0038044537651321653,0.0002645823270626389,0.0,5.95423098650852e-08,0.0002645227847527738,1.0840065318639556,1.0842932762904545,-0.12142769195098957,0.9999873190392613,0.00034772708961209757,0.9996395919496492,False,False,False,-1.0
2025-12-19,2025-12-20 00:00:00,-0.13864508153424207,0.0,0.0,-0.06932254076712104,0.0,0.0,0.0,0.06932254076712104,0.06932254076712104,-0.06932254076712104,False,0.5,0.0,-0.00178529923973203,0.00012376147932783384,0.0,5.93514903828091e-08,0.00012370212783745102,1.0840687939840123,1.0842028956005505,-0.12150092487889597,0.9999721526937171,0.0003466127038356052,0.9996255399898815,False,False,False,-1.0
2025-12-20,2025-12-21 00:00:00,-0.13782208426661394,0.0,0.0,-0.06891104213330697,0.0,0.0,0.0,0.06891104213330697,0.06891104213330697,-0.06891104213330697,False,0.5,0.0,0.00024872444692425333,-1.7139860841580693e-05,0.0,5.899917990865323e-08,-1.7198860021489347e-05,1.083879022275631,1.0838603807920466,-0.121778454983,0.9999577862079395,0.00034455521066653486,0.999613230997273,False,False,False,-1.0
2025-12-21,2025-12-22 00:00:00,-0.14087184649219547,0.0,0.0,-0.07043592324609774,0.0,0.0,0.0,0.07043592324609774,0.07043592324609774,-0.07043592324609774,False,0.5,0.0,0.0016945840688882274,-0.00011935959341027119,0.0,6.030472880659053e-08,-0.00011941989813907779,1.084044258176049,1.0839148017211593,-0.12173435923663489,0.9997503049193913,0.00035217961623048867,0.9993981253031609,False,False,False,-1.0
2025-12-22,2025-12-23 00:00:00,-0.14090294093219477,0.0,0.0,-0.07045147046609739,0.0,0.0,0.0,0.07045147046609739,0.07045147046609739,-0.07045147046609739,False,0.5,0.0,0.005026367017019195,-0.00035411494745129384,0.0,6.031803978261762e-08,-0.0003541752654910765,1.0822839975520215,1.0819006793298518,-0.12336634589256823,0.999489884207191,0.0003522573523304869,0.9991376268548605,False,False,False,-1.0
2025-12-23,2025-12-24 00:00:00,-0.15720968353677822,0.0,0.0,-0.07860484176838911,0.0,0.0,0.0,0.07860484176838911,0.07860484176838911,-0.07860484176838911,False,0.5,0.0,0.0015878393407728897,-0.00012481186013507626,0.0,6.729866589759342e-08,-0.00012487915880097386,1.085545380560715,1.0854098185667502,-0.12052298918636895,0.9998527945817353,0.00039302420884194554,0.9994597703728934,False,False,False,-1.0
2025-12-24,2025-12-25 00:00:00,-0.1562141421204722,0.0,0.0,-0.0781070710602361,0.0,0.0,0.0,0.0781070710602361,0.0781070710602361,-0.0781070710602361,False,0.5,0.0,0.00021552166505878212,-1.6833766007766698e-05,0.0,6.687249234609254e-08,-1.690063850011279e-05,1.0854746904995425,1.0854563452841972,-0.12048528989741536,0.9999235131738851,0.00039053535530118047,0.9995329778185839,False,False,False,-1.0
2025-12-25,2025-12-26 00:00:00,-0.1542277116699508,0.0,0.0,-0.0771138558349754,0.0,0.0,0.0,0.0771138558349754,0.0771138558349754,-0.0771138558349754,False,0.5,0.0,-0.0018482729777768991,0.0001425274559519685,0.0,6.602213684501318e-08,0.00014246143381512348,1.0842650474098592,1.0844195133631487,-0.12132540560582494,0.9998522047899421,0.000385569279174877,0.9994666355107672,False,False,False,-1.0
2025-12-26,2025-12-27 00:00:00,-0.15423292774697686,0.0,0.0,-0.07711646387348843,0.0,0.0,0.0,0.07711646387348843,0.07711646387348843,-0.07711646387348843,False,0.5,0.0,0.0022779121425755555,-0.00017566452944990847,0.0,6.6024369754699e-08,-0.00017573055381966317,1.0856446893257927,1.0854539083832861,-0.12048726444960045,0.9997456966069536,0.00038558231936744214,0.9993601142875861,False,False,False,-1.0
2025-12-27,2025-12-28 00:00:00,-0.15454737369762622,0.0,0.0,-0.07727368684881311,0.0,0.0,0.0,0.07727368684881311,0.07727368684881311,-0.07727368684881311,False,0.5,0.0,-0.0006626543062282497,5.1205741348499274e-05,0.0,6.615897846644959e-08,5.1139582370032826e-05,1.0852688698658577,1.0853243700626218,-0.12059222570303196,0.9999811935954764,0.00038636843424406556,0.9995948251612323,False,False,False,-1.0
2025-12-28,2025-12-29 00:00:00,-0.15441477114949217,0.0,0.0,-0.07720738557474609,0.0,0.0,0.0,0.07720738557474609,0.07720738557474609,-0.07720738557474609,False,0.5,0.0,-0.0011148687572432037,8.607610200571402e-05,0.0,6.610221367700864e-08,8.600999979203701e-05,1.0845902654284865,1.0846835510369905,-0.12111146331401923,0.9999554568845919,0.00038603692787373046,0.9995694199567181,False,False,False,-1.0
2025-12-29,2025-12-30 00:00:00,-0.15624896135378966,0.0,0.0,-0.07812448067689483,0.0,0.0,0.0,0.07812448067689483,0.07812448067689483,-0.07812448067689483,False,0.5,0.0,-0.0021325370047888814,0.00016660334602339213,0.0,6.68873978398072e-08,0.0001665364586255523,1.0848502319156184,1.0850308990313808,-0.120830017015494,0.9999164985820578,0.0003906224033844741,0.9995258761786733,False,False,False,-1.0
2025-12-30,2025-12-31 00:00:00,-0.1571783092350473,0.0,0.0,-0.07858915461752365,0.0,0.0,0.0,0.07858915461752365,0.07858915461752365,-0.07858915461752365,False,0.5,0.0,0.0017097455496328795,-0.00013436745735672133,0.0,6.728523511774285e-08,-0.00013443474259183907,1.0835872528422987,1.083441581068887,-0.12211779660526423,0.9996284462150139,0.00039294577308761824,0.9992355004419263,False,False,False,-1.0
2025-12-31,2026-01-01 00:00:00,-0.1581542381106869,0.0,0.0,-0.07907711905534345,0.0,0.0,0.0,0.07907711905534345,0.07907711905534345,-0.07907711905534345,False,0.5,0.0,0.001540361498345355,-0.00012180734959292287,0.0,6.770301288984883e-08,-0.00012187505260581271,1.0836546022339435,1.0835225317722896,-0.1220522045298712,0.9997650749889485,0.0003953855952767173,0.9993696893936718,False,False,False,-1.0
2026-01-01,2026-01-02 00:00:00,-0.15744409890614655,0.0,0.0,-0.07872204945307328,0.0,0.0,0.0,0.07872204945307328,0.07872204945307328,-0.07872204945307328,False,0.5,0.0,0.0004385451015180841,-3.452316916910966e-05,0.0,6.739901494269971e-08,-3.459056818405236e-05,1.0834306169242622,1.0833931404436348,-0.12215704667981675,0.9998194106858641,0.0003936102472653664,0.9994258004385987,False,False,False,-1.0
2026-01-02,2026-01-03 00:00:00,-0.1877758329523141,0.0,0.0,-0.09388791647615705,0.0,0.0,0.0,0.09388791647615705,0.09388791647615705,-0.09388791647615705,False,0.5,0.0,-0.0028024151841125056,0.0002631129227374692,0.0,8.03834901336961e-08,0.0002630325392473355,1.0798085039009275,1.0800925286736096,-0.1248314394517479,0.9999319411912583,0.00046943958238078524,0.9994625016088775,False,False,False,-1.0
2026-01-03,2026-01-04 00:00:00,0.23159555081150165,0.0,0.0,0.11579777540575083,0.0,0.0,0.11579777540575083,0.0,0.11579777540575083,0.11579777540575083,False,0.5,0.0,-0.0012535245307339071,-0.00014515535207552417,0.0,9.914193099807434e-08,-0.00014525449400652226,1.0798636599512736,1.0797068049017515,-0.1251439805620923,0.9998039971052678,0.0005789888770287541,0.999225008228239,False,False,False,1.0
2026-01-04,2026-01-05 00:00:00,0.22910078965953232,0.0,0.0,0.11455039482976616,0.0,0.0,0.11455039482976616,0.0,0.11455039482976616,0.11455039482976616,False,0.5,0.0,0.001373845809770291,0.00015737457994440665,0.0,9.807396817616966e-08,0.00015727650597623048,1.080921534887573,1.0810915384498145,-0.12402196996223247,0.9994963032702098,0.0005727519741488308,0.9989235512960609,False,False,False,1.0
2026-01-05,2026-01-06 00:00:00,0.24101085468048347,0.0,0.0,0.12050542734024174,0.0,0.0,0.12050542734024174,0.0,0.12050542734024174,0.12050542734024174,False,0.5,0.0,0.0008993200263214263,0.00010837294408750092,0.0,1.0317245491459052e-07,0.00010826977163258633,1.0834642872305285,1.083581593661479,-0.12200434834424556,0.9997385934222888,0.0006025271367012087,0.9991360662855876,False,False,False,1.0
2026-01-06,2026-01-07 00:00:00,0.24873083642182367,0.0,0.0,0.12436541821091184,0.0,0.0,0.12436541821091184,0.0,0.12436541821091184,0.12436541821091184,False,0.5,0.0,0.0004098285448639327,5.096849837677244e-05,0.0,1.0647724161893136e-07,5.0862021135153505e-05,1.0867836458822144,1.0868389218949808,-0.1193650270030937,0.9997176649720452,0.0006218270910545592,0.9990958378809907,False,False,False,1.0
2026-01-07,2026-01-08 00:00:00,0.2503038549155537,0.0,0.0,0.12515192745777684,0.0,0.0,0.12515192745777684,0.0,0.12515192745777684,0.12515192745777684,False,0.5,0.0,0.0007403212488017452,9.265263122548678e-05,0.0,1.0715062282343907e-07,9.254548060266334e-05,1.08222611405615,1.0823262691919961,-0.12302150241189513,0.9998894224044544,0.0006257596372888842,0.9992636627671656,False,False,False,1.0
2026-01-08,2026-01-09 00:00:00,0.24640685431146403,0.0,0.0,0.12320342715573201,0.0,0.0,0.12320342715573201,0.0,0.12320342715573201,0.12320342715573201,False,0.5,0.0,0.002530189392592863,0.00031172800452052067,0.0,1.0548238626346919e-07,0.0003116225221342572,1.079438418890069,1.079774796212652,-0.12508888911750682,0.9995934139395608,0.0006160171357786601,0.9989773968037822,False,False,False,1.0
2026-01-09,2026-01-10 00:00:00,0.24010032234126916,0.0,0.0,0.12005016117063458,0.0,0.0,0.12005016117063458,0.0,0.12005016117063458,0.12005016117063458,False,0.5,0.0,-4.4998280422814396e-05,-5.402050817160279e-06,0.0,1.0278267223513234e-07,-5.504833489395411e-06,1.0801798093479653,1.0801738631379763,-0.12476553642565247,0.9993385318529977,0.0006002508058531729,0.9987382810471446,False,False,False,1.0
2026-01-10,2026-01-11 00:00:00,0.2566285009760789,0.0,0.0,0.12831425048803946,0.0,0.0,0.12831425048803946,0.0,0.12831425048803946,0.12831425048803946,False,0.5,0.0,-0.00017773985994085084,-2.2806556910159385e-05,0.0,1.0985809117126666e-07,-2.2916415001330652e-05,1.0793458541870107,1.0793211194494863,-0.12545649062314967,0.9999206891897299,0.0006415712524401973,0.9992791179372896,False,False,False,1.0
2026-01-11,2026-01-12 00:00:00,0.2640822378278744,0.0,0.0,0.1320411189139372,0.0,0.0,0.1320411189139372,0.0,0.1320411189139372,0.1320411189139372,False,0.5,0.0,0.000494328066920513,6.527163106674815e-05,0.0,1.1304890317974075e-07,6.515858216356841e-05,1.0802994972809516,1.0803698880645065,-0.12460670294775245,0.9997167606553009,0.000660205594569686,0.9990565550607312,False,False,False,1.0
2026-01-12,2026-01-13 00:00:00,0.28893447983381504,0.0,0.0,0.14446723991690752,0.0,0.0,0.14446723991690752,0.0,0.14446723991690752,0.14446723991690752,False,0.5,0.0,0.0007805826857802955,0.00011276862614160599,0.0,1.2368770540831123e-07,0.00011264493843619768,1.0808481618600998,1.0809699139347513,-0.1241205188818385,0.999728584576454,0.0007223361995845377,0.9990062483768695,False,False,False,1.0
2026-01-13,2026-01-14 00:00:00,0.30712064400811584,0.0,0.0,0.15356032200405792,0.0,0.0,0.15356032200405792,0.0,0.15356032200405792,0.15356032200405792,False,0.5,0.0,0.007126469517887424,0.0010943429539188962,0.0,1.3147287842813178e-07,0.0010942114810404682,1.0826484586314222,1.0838331050047874,-0.12180055578532922,0.9995766124379282,0.0007678016100202896,0.9988088108279078,False,False,False,1.0
2026-01-14,2026-01-15 00:00:00,0.3095284606907662,0.0,0.0,0.1547642303453831,0.0,0.0,0.1547642303453831,0.0,0.1547642303453831,0.1547642303453831,False,0.5,0.0,0.002939147647182283,0.00045487492348760965,0.0,1.3250362187104719e-07,0.0004547424198657386,1.0917809574956931,1.092277436610268,-0.1149583516780236,0.9997538637112267,0.0007738211517269156,0.9989800425594998,False,False,False,1.0
2026-01-15,2026-01-16 00:00:00,0.3059904359534095,0.0,0.0,0.15299521797670476,0.0,0.0,0.15299521797670476,0.0,0.15299521797670476,0.15299521797670476,False,0.5,0.0,0.001359259504291277,0.0002079602041459516,0.0,1.3098905648690477e-07,0.0002078292150894647,1.0914061597138636,1.0916329857993807,-0.11548053202233277,0.9981438701978356,0.0007649760898835238,0.997378894107952,False,False,False,1.0
2026-01-16,2026-01-17 00:00:00,0.28239570411570936,0.0,0.0,0.14119785205785468,0.0,0.0,0.14119785205785468,0.0,0.14119785205785468,0.14119785205785468,False,0.5,0.0,-0.001447213425734728,-0.00020434342718303317,0.0,1.2088857196734132e-07,-0.00020446431575500053,1.088721024079387,1.0884984194801504,-0.11802038284132943,0.9992935334381844,0.0007059892602892734,0.9985875441778951,False,False,False,1.0
2026-01-17,2026-01-18 00:00:00,0.2869850997785997,0.0,0.0,0.14349254988929985,0.0,0.0,0.14349254988929985,0.0,0.14349254988929985,0.14349254988929985,False,0.5,0.0,0.0002674994214197923,3.838417407343839e-05,0.0,1.2285321052166082e-07,3.826132086291673e-05,1.0914984958994935,1.0915402580736666,-0.11555566668726347,0.9996975478656043,0.0007174627494464993,0.9989800851161578,False,False,False,1.0
2026-01-18,2026-01-19 00:00:00,0.2868867943269738,0.0,0.0,0.1434433971634869,0.0,0.0,0.1434433971634869,0.0,0.1434433971634869,0.1434433971634869,False,0.5,0.0,0.00022211616675504864,3.186109752427572e-05,0.0,1.228111277084648e-07,3.1738286396567255e-05,1.0917022382647033,1.091736887023001,-0.1153963437866945,0.9999193633343176,0.0007172169858174344,0.9992021463485002,False,False,False,1.0
2026-01-19,2026-01-20 00:00:00,0.28748790616341025,0.0,0.0,0.14374395308170512,0.0,0.0,0.14374395308170512,0.0,0.14374395308170512,0.14374395308170512,False,0.5,0.0,0.0007067423846172094,0.00010158994417526855,0.0,1.230684529809119e-07,0.00010146687572228763,1.0860183298864785,1.0861285247733892,-0.11994064178591646,0.9999734724967173,0.0007187197654085257,0.9992547527313088,False,False,False,1.0
2026-01-20,2026-01-21 00:00:00,0.2876389812955411,0.0,0.0,0.14381949064777055,0.0,0.0,0.14381949064777055,0.0,0.14381949064777055,0.14381949064777055,False,0.5,0.0,0.0004390467733363934,6.314348331178727e-05,0.0,1.2313312555459808e-07,6.302035018623268e-05,1.0769424625205344,1.0770103318116528,-0.12732885677424122,0.9994828599245698,0.0007190974532388527,0.9987637624713309,False,False,False,1.0
2026-01-21,2026-01-22 00:00:00,-0.2675645030615842,0.0,0.0,-0.1337822515307921,0.0,0.0,0.0,0.1337822515307921,0.1337822515307921,-0.1337822515307921,False,0.5,0.0,0.003336687852517173,-0.00044638961356519095,0.0,1.1453959891334938e-07,-0.0004465041531641043,1.0786209199796122,1.0781393112591517,-0.1264140765200258,0.9992390550669398,0.0006689112576539605,0.9985701438092858,False,False,False,-1.0
2026-01-22,2026-01-23 00:00:00,-0.2331206514178405,0.0,0.0,-0.11656032570892025,0.0,0.0,0.0,0.11656032570892025,0.11656032570892025,-0.11656032570892025,False,0.5,0.0,-0.0012805532533525232,0.00014926170429838757,0.0,9.979479940832213e-08,0.00014916190949897925,1.0804684433340592,1.0806296080702202,-0.12439625914084529,0.9990801788813672,0.0005828016285446012,0.9984973772528226,False,False,False,-1.0
2026-01-23,2026-01-24 00:00:00,-0.2376393847479655,0.0,0.0,-0.11881969237398275,0.0,0.0,0.0,0.11881969237398275,0.11881969237398275,-0.11881969237398275,False,0.5,0.0,0.005907357096839094,-0.000701910352989685,0.0,1.0172918867635508e-07,-0.0007020120821783614,1.0808659111729453,1.0801071302440872,-0.12481960821037053,0.9987293311748341,0.0005940984618699138,0.9981352327129642,False,False,False,-1.0
2026-01-24,2026-01-25 00:00:00,-0.2490797411671727,0.0,0.0,-0.12453987058358636,0.0,0.0,0.0,0.12453987058358636,0.12453987058358636,-0.12453987058358636,False,0.5,0.0,-0.0008385347281862909,0.00010443100652816343,0.0,1.0662660152704312e-07,0.00010432437992663639,1.0797695114139654,1.0798821576987072,-0.12500189712865883,0.9998967256451751,0.0006226993529179317,0.9992740262922571,False,False,False,-1.0
2026-01-25,2026-01-26 00:00:00,-0.24898656056837115,0.0,0.0,-0.12449328028418558,0.0,0.0,0.0,0.12449328028418558,0.12449328028418558,-0.12449328028418558,False,0.5,0.0,-0.0016038820771295814,0.00019967254097087473,0.0,1.065867125720767e-07,0.00019956595425830266,1.0809889758459508,1.0812047044424582,-0.12393027474515084,0.9999671811033837,0.0006224664014209279,0.9993447147019627,False,False,False,-1.0
2026-01-26,2026-01-27 00:00:00,-0.25033628542933883,0.0,0.0,-0.12516814271466942,0.0,0.0,0.0,0.12516814271466942,0.12516814271466942,-0.12516814271466942,False,0.5,0.0,0.002022723657914227,-0.00025318056348614613,0.0,1.0716450574886081e-07,-0.000253287727991895,1.0826441994472193,1.0823699789577177,-0.12298608561959923,0.9993139249839976,0.0006258407135733471,0.9986880842704243,False,False,False,-1.0
2026-01-27,2026-01-28 00:00:00,-0.25097191115745043,0.0,0.0,-0.12548595557872522,0.0,0.0,0.0,0.12548595557872522,0.12548595557872522,-0.12548595557872522,False,0.5,0.0,0.00611047519825636,-0.0007667788192932997,0.0,1.0743660580370309e-07,-0.0007668862558991034,1.0813878807896846,1.080558579286611,-0.12445381176403125,0.9990051873424041,0.0006274297778936261,0.9983777575645104,False,False,False,-1.0
2026-01-28,2026-01-29 00:00:00,-0.2501531228284364,0.0,0.0,-0.1250765614142182,0.0,0.0,0.0,0.1250765614142182,0.1250765614142182,-0.1250765614142182,False,0.5,0.0,-0.0009205196117201275,0.00011513542774830481,0.0,1.0708609710121421e-07,0.0001150283416512036,1.0771298220607317,1.0772537225179064,-0.12713164413885314,0.9998406984416011,0.000625382807071091,0.9992153156345299,False,False,False,-1.0
2026-01-29,2026-01-30 00:00:00,-0.24907595674211586,0.0,0.0,-0.12453797837105793,0.0,0.0,0.0,0.12453797837105793,0.12453797837105793,-0.12453797837105793,False,0.5,0.0,0.007869545501612007,-0.0009800572874698124,0.0,1.0662498148207014e-07,-0.0009801639124512945,1.0866871111968954,1.0856219797063744,-0.12035108098939518,0.9985395902298048,0.0006226898918552897,0.9979169003379494,False,False,False,-1.0
2026-01-30,2026-01-31 00:00:00,-0.24429421920273595,0.0,0.0,-0.12214710960136797,0.0,0.0,0.0,0.12214710960136797,0.12214710960136797,-0.12214710960136797,False,0.5,0.0,-0.0033216157157368587,0.0004057257588837364,0.0,1.0457800479569175e-07,0.00040562118087894073,1.0895583268382407,1.0900002747734094,-0.11680347178948891,0.9999833807321397,0.0006107355480068398,0.9993726451841328,False,False,False,-1.0
2026-01-31,2026-02-01 00:00:00,-0.21780783647322058,0.0,0.0,-0.10890391823661029,0.0,0.0,0.0,0.10890391823661029,0.10890391823661029,-0.10890391823661029,False,0.5,0.0,-0.003529300671235913,0.0003843546717326897,0.0,9.323965602449511e-08,0.0003842614320766652,1.0982012102267182,1.0986232065964683,-0.10981655295526682,0.9998229407855106,0.0005445195911830514,0.9992784211943275,False,False,False,-1.0
2026-02-01,2026-02-02 00:00:00,-0.21170909259821474,0.0,0.0,-0.10585454629910737,0.0,0.0,0.0,0.10585454629910737,0.10585454629910737,-0.10585454629910737,False,0.5,0.0,0.006146249440360796,-0.0006506084459505346,0.0,9.062889237937275e-08,-0.000650699074842914,1.109568406126329,1.1088464109909875,-0.1015329783201111,0.9983710876605949,0.0005292727314955369,0.9978418149290994,False,False,False,-1.0
2026-02-02,2026-02-03 00:00:00,-0.1882558257144842,0.0,0.0,-0.0941279128572421,0.0,0.0,0.0,0.0941279128572421,0.0941279128572421,-0.0941279128572421,False,0.5,0.0,-0.0020539152759947443,0.00019333075811499165,0.0,8.05889664873648e-08,0.0001932501691485043,1.1006740758507096,1.100886781302045,-0.10798244211366526,0.9997023960517213,0.00047063956428621055,0.9992317564874351,False,False,False,-1.0
2026-02-03,2026-02-04 00:00:00,-0.17002371663919352,0.0,0.0,-0.08501185831959676,0.0,0.0,0.0,0.08501185831959676,0.08501185831959676,-0.08501185831959676,False,0.5,0.0,0.009511280668289102,-0.0008085716446105127,0.0,7.278412527362736e-08,-0.0008086444287357863,1.1044070862376074,1.103514013600265,-0.10585366976535304,0.9989963887800557,0.0004250592915979838,0.9985713294884577,False,False,False,-1.0
2026-02-04,2026-02-05 00:00:00,-0.16734835216959418,0.0,0.0,-0.08367417608479709,0.0,0.0,0.0,0.08367417608479709,0.08367417608479709,-0.08367417608479709,False,0.5,0.0,-0.002106552584934862,0.00017626405192372411,0.0,7.163884938766875e-08,0.00017619241307433644,1.1070060852886765,1.1072011313621315,-0.10286610207225255,0.9997933810580153,0.00041837088042398545,0.9993750101775913,False,False,False,-1.0
2026-02-05,2026-02-06 00:00:00,-0.1674515659986708,0.0,0.0,-0.1674515659986708,0.0,0.0,0.0,0.1674515659986708,0.1674515659986708,-0.1674515659986708,False,1.0,0.0,-0.0020574978992131676,0.0003445312452622203,0.0,1.433660667796839e-07,0.0003443878791954406,1.1183292492962087,1.1187143883346162,-0.09353723416108817,0.9981961843969788,0.0008372578299933541,0.9973589265669854,False,False,False,-1.0
2026-02-06,2026-02-07 00:00:00,-0.16141923954432674,0.0,0.0,-0.16141923954432674,0.0,0.0,0.0,0.16141923954432674,0.16141923954432674,-0.16141923954432674,False,1.0,0.0,-0.003569163235101702,0.0005761316152196859,0.0,1.3820140371945783e-07,0.0005759934138159664,1.1154008203586703,1.1160432838849617,-0.09570155487826681,0.9991433840518522,0.0008070961977216338,0.9983362878541305,False,False,False,-1.0
2026-02-07,2026-02-08 00:00:00,-0.15087558528469674,0.0,0.0,-0.07543779264234837,0.0,0.0,0.0,0.07543779264234837,0.07543779264234837,-0.07543779264234837,False,0.5,0.0,0.0024677000058637155,-0.00018615784134586884,0.0,6.45871512348873e-08,-0.00018622242849710373,1.1087717109145823,1.1085652327539268,-0.10176080912761432,0.9997337849941326,0.00037718896321174185,0.9993565960309209,False,False,False,-1.0
2026-02-08,2026-02-09 00:00:00,-0.15003902536704014,0.0,0.0,-0.07501951268352007,0.0,0.0,0.0,0.07501951268352007,0.07501951268352007,-0.07501951268352007,False,0.5,0.0,-0.0017998560115192186,0.00013502432088467587,0.0,6.422903483178088e-08,0.0001349600918498441,1.1061152332744717,1.106264514687951,-0.10362501618818909,0.9999743522154291,0.00037509756341760035,0.9995992546520115,False,False,False,-1.0
2026-02-09,2026-02-10 00:00:00,-0.1450984768969949,0.0,0.0,-0.07254923844849745,0.0,0.0,0.0,0.07254923844849745,0.07254923844849745,-0.07254923844849745,False,0.5,0.0,4.368465503690189e-05,-3.16928845481255e-06,0.0,6.211407401412453e-08,-3.2314025288266745e-06,1.108006408162855,1.1080028277481457,-0.10221651006645793,0.9997868912731306,0.00036274619224248723,0.9994241450808881,False,False,False,-1.0
2026-02-10,2026-02-11 00:00:00,-0.1426284977520601,0.0,0.0,-0.07131424887603005,0.0,0.0,0.0,0.07131424887603005,0.07131424887603005,-0.07131424887603005,False,0.5,0.0,-0.0012943065332838843,9.23024982364786e-05,0.0,6.105671992810793e-08,9.224144151655049e-05,1.1093154455632954,1.1094177704190908,-0.10107002186501657,0.999867826588934,0.00035657124438015026,0.9995112553445539,False,False,False,-1.0
2026-02-11,2026-02-12 00:00:00,-0.14257868222345688,0.0,0.0,-0.14257868222345688,0.0,0.0,0.0,0.14257868222345688,0.14257868222345688,-0.14257868222345688,False,1.0,0.0,-0.004240111141524672,0.0006045494590395851,0.0,1.2207078957487746e-07,0.0006044273882500102,1.1128810915046374,1.1135537473162083,-0.09771875625450799,0.9998621790877483,0.0007128934111172843,0.9991492856766311,False,False,False,-1.0
2026-02-12,2026-02-13 00:00:00,-0.14334981085405468,0.0,0.0,-0.07167490542702734,0.0,0.0,0.0,0.07167490542702734,0.07167490542702734,-0.07167490542702734,False,0.5,0.0,-0.0037851662404092545,0.00027130143230690994,0.0,6.136550122176998e-08,0.00027124006680568816,1.1101449867376043,1.110446102537971,-0.10023679330694923,0.999812227373227,0.0003583745271351367,0.9994538528460918,False,False,False,-1.0
2026-02-13,2026-02-14 00:00:00,-0.1421601567995343,0.0,0.0,-0.07108007839976715,0.0,0.0,0.0,0.07108007839976715,0.07108007839976715,-0.07108007839976715,False,0.5,0.0,0.0006839002981606779,-4.8611686810885114e-05,0.0,6.085623150664995e-08,-4.8672543042391766e-05,1.1062424555881598,1.106188611954625,-0.10368651803558016,0.9998981693533946,0.00035540039199883575,0.9995427689613957,False,False,False,-1.0
2026-02-14,2026-02-15 00:00:00,-0.14290966266694774,0.0,0.0,-0.07145483133347387,0.0,0.0,0.0,0.07145483133347387,0.07145483133347387,-0.07145483133347387,False,0.5,0.0,-8.147342289022141e-05,5.82166969078156e-06,0.0,6.117708162112489e-08,5.760492609160436e-06,1.1041429692337847,1.1041493296411984,-0.1053388910679024,0.9999359004563197,0.0003572741566673694,0.9995786262996523,False,False,False,-1.0
2026-02-15,2026-02-16 00:00:00,-0.14430705504818814,0.0,0.0,-0.07215352752409407,0.0,0.0,0.0,0.07215352752409407,0.07215352752409407,-0.07215352752409407,False,0.5,0.0,0.0007566329832247032,-5.459373878074103e-05,0.0,6.17752804144641e-08,-5.465551406115549e-05,1.1070990219972212,1.1070385129310574,-0.10299786720761228,0.9998914690858263,0.0003607676376204704,0.9995307014482058,False,False,False,-1.0
2026-02-16,2026-02-17 00:00:00,-0.14148584719933618,0.0,0.0,-0.07074292359966809,0.0,0.0,0.0,0.07074292359966809,0.07074292359966809,-0.07074292359966809,False,0.5,0.0,0.0028972130348947633,-0.00020495732037952277,0.0,6.056757157505829e-08,-0.00020501788795109781,1.1093701199108938,1.1091426791919536,-0.10129292053978911,0.9996444382395577,0.00035371461799834047,0.9992907236215594,False,False,False,-1.0
2026-02-17,2026-02-18 00:00:00,-0.14074550824629173,0.0,0.0,-0.07037275412314586,0.0,0.0,0.0,0.07037275412314586,0.07037275412314586,-0.07037275412314586,False,0.5,0.0,0.007156202810268519,-0.000503601700822392,0.0,6.02506456533783e-08,-0.0005036619514680454,1.1091913852855135,1.1086327277878492,-0.10170611980228905,0.9994361796193206,0.0003518637706157293,0.9990843158487049,False,False,False,-1.0
2026-02-18,2026-02-19 00:00:00,-0.14285712248001953,0.0,0.0,-0.07142856124000976,0.0,0.0,0.0,0.07142856124000976,0.07142856124000976,-0.07142856124000976,False,0.5,0.0,-0.008216343727041497,0.0005868816110759537,0.0,6.115459010274809e-08,0.0005868204564858509,1.1072601523177041,1.107909915225736,-0.10229179446694736,0.9999674533061107,0.00035714280620004885,0.9996103104999107,False,False,False,-1.0
2026-02-19,2026-02-20 00:00:00,-0.14250519374829776,0.0,0.0,-0.07125259687414888,0.0,0.0,0.0,0.07125259687414888,0.07125259687414888,-0.07125259687414888,False,0.5,0.0,-0.0024610633866304354,0.00017535715736930602,0.0,6.100393567992199e-08,0.0001752961534336261,1.1098562690454146,1.1100508225802423,-0.10055707752560206,0.9998415637949876,0.0003562629843707444,0.9994853008106168,False,False,False,-1.0
2026-02-20,2026-02-21 00:00:00,-0.14202745458791222,0.0,0.0,-0.07101372729395611,0.0,0.0,0.0,0.07101372729395611,0.07101372729395611,-0.07101372729395611,False,0.5,0.0,0.006852547136907194,-0.0004866249136493072,0.0,6.079942405304461e-08,-0.0004866857130733602,1.109026505346669,1.108486757991097,-0.10182439501808371,0.9993956647007675,0.0003550686364697805,0.9990405960642976,False,False,False,-1.0
2026-02-21,2026-02-22 00:00:00,-0.14499747454287729,0.0,0.0,-0.07249873727143864,0.0,0.0,0.0,0.07249873727143864,0.07249873727143864,-0.07249873727143864,False,0.5,0.0,-0.0011963285781786404,8.673231127968699e-05,0.0,6.207083670499884e-08,8.667024044298198e-05,1.1073859691287178,1.1074819465369252,-0.10263856544388039,0.9999573006164754,0.0003624936863571932,0.9995948069301182,False,False,False,-1.0
2026-02-22,2026-02-23 00:00:00,-0.1429382952285512,0.0,0.0,-0.0714691476142756,0.0,0.0,0.0,0.0714691476142756,0.0714691476142756,-0.0714691476142756,False,0.5,0.0,-0.0014317197510852475,0.00010232379023258547,0.0,6.118933871085239e-08,0.00010226260089387462,1.1087264129158438,1.1088397941625086,-0.10153833974989745,0.999975454189427,0.000357345738071378,0.9996181084513557,False,False,False,-1.0
2026-02-23,2026-02-24 00:00:00,-0.1418531375962826,0.0,0.0,-0.0709265687981413,0.0,0.0,0.0,0.0709265687981413,0.0709265687981413,-0.0709265687981413,False,0.5,0.0,-0.004868288379127783,0.0003452909906513985,0.0,6.072480205320316e-08,0.0003452302658493453,1.109637523712637,1.1100206041699447,-0.10058156265251494,0.9999187381576553,0.0003546328439907065,0.9995641053136646,False,False,False,-1.0
2026-02-24,2026-02-25 00:00:00,-0.14233323374954326,0.0,0.0,-0.14233323374954326,0.0,0.0,0.0,0.14233323374954326,0.14233323374954326,-0.14233323374954326,False,1.0,0.0,0.0024815512681977125,-0.00035320721671786053,0.0,1.2186064533351307e-07,-0.000353329077363194,1.1132673950634786,1.1128740453219224,-0.0982694996400506,0.9995353758696667,0.0007116661687477163,0.9988237097009189,False,False,False,-1.0
2026-02-25,2026-02-26 00:00:00,-0.14232280620453816,0.0,0.0,-0.07116140310226908,0.0,0.0,0.0,0.07116140310226908,0.07116140310226908,-0.07116140310226908,False,0.5,0.0,-0.004529742506886092,0.00032234283248200405,0.0,6.092585882043586e-08,0.0003222819066231836,1.1031139009555577,1.10346941460678,-0.10588980707386508,0.9997729618613127,0.0003558070155113454,0.9994171548458014,False,False,False,-1.0
2026-02-26,2026-02-27 00:00:00,0.14215737653996696,0.0,0.0,0.07107868826998348,0.0,0.0,0.07107868826998348,0.0,0.07107868826998348,0.07107868826998348,False,0.5,0.0,0.002223569840307249,0.0001580484275257359,0.0,6.085504132704065e-08,0.00015798757248440887,1.1036088471839778,1.1037832036667168,-0.10563555263490709,0.9997668965633519,0.0003553934413499174,0.999411503122002,False,False,False,1.0
2026-02-27,2026-02-28 00:00:00,0.12731072921649997,0.0,0.0,0.06365536460824998,0.0,0.0,0.06365536460824998,0.0,0.06365536460824998,0.06365536460824998,False,0.5,0.0,0.00013867132328382326,8.827173644340276e-06,0.0,5.4499456000214025e-08,8.772674188340062e-06,1.10076754816836,1.1007772048434175,-0.10807122883241516,0.9999002311315986,0.00031827682304124994,0.9995819543085575,False,False,False,1.0
2026-02-28,2026-03-01 00:00:00,0.12750030199579085,0.0,0.0,0.06375015099789542,0.0,0.0,0.06375015099789542,0.0,0.06375015099789542,0.06375015099789542,False,0.5,0.0,0.0004955897781973029,3.159392319309156e-05,0.0,5.458060873107484e-08,3.153934258436049e-05,1.098994166599627,1.0990288281531455,-0.10948788923020569,0.999844664647953,0.00031875075498947716,0.9995259138929635,False,False,False,1.0
2026-03-01,2026-03-02 00:00:00,0.1281408200850995,0.0,0.0,0.06407041004254975,0.0,0.0,0.06407041004254975,0.0,0.06407041004254975,0.06407041004254975,False,0.5,0.0,-0.010060812019316745,-0.0006446003514386368,0.0,5.4854803118621357e-08,-0.0006446552062417554,1.103248594081982,1.102537379132028,-0.10664500917291142,0.9992843591748096,0.00032035205021274877,0.9989640071245969,False,False,False,1.0
2026-03-02,2026-03-03 00:00:00,0.13115809605343026,0.0,0.0,0.06557904802671513,0.0,0.0,0.06557904802671513,0.0,0.06557904802671513,0.06557904802671513,False,0.5,0.0,-0.0070645317806889985,-0.0004632852689320592,0.0,5.6146445228351994e-08,-0.00046334141537728756,1.1050746113330174,1.104562584498505,-0.10500404229429527,0.999154830066272,0.00032789524013357565,0.9988269348261385,False,False,False,1.0
2026-03-03,2026-03-04 00:00:00,0.1270094403013533,0.0,0.0,0.06350472015067665,0.0,0.0,0.06350472015067665,0.0,0.06350472015067665,0.06350472015067665,False,0.5,0.0,0.004645582867498943,0.00029501643993729834,0.0,5.437047958105877e-08,0.00029496206945771726,1.1015724311469566,1.101897353230905,-0.10716360413744397,0.9999999456295204,0.0003175236007533833,0.999682422028767,False,False,False,1.0
2026-03-04,2026-03-05 00:00:00,0.13094082903339632,0.0,0.0,0.06547041451669816,0.0,0.0,0.06547041451669816,0.0,0.06547041451669816,0.06547041451669816,False,0.5,0.0,0.010967253436672708,0.0007180306286086447,0.0,5.605343708621418e-08,0.0007179745751715584,1.1075540302224296,1.108349225856758,-0.10193583343362989,0.9999777749048563,0.0003273520725834908,0.9996504228322728,False,False,False,1.0
2026-03-05,2026-03-06 00:00:00,0.13987136823404586,0.0,0.0,0.06993568411702293,0.0,0.0,0.06993568411702293,0.0,0.06993568411702293,0.06993568411702293,False,0.5,0.0,0.0028699853375957485,0.00020071438799058367,0.0,5.987644188101278e-08,0.00020065451154870266,1.105889270875448,1.1061111725469224,-0.10374926500694559,0.9999286646624961,0.00034967842058511466,0.999578986241911,False,False,False,1.0
2026-03-06,2026-03-07 00:00:00,0.12848421099786012,0.0,0.0,0.06424210549893006,0.0,0.0,0.06424210549893006,0.0,0.06424210549893006,0.06424210549893006,False,0.5,0.0,-0.00345370024906988,-0.00022187297576242823,0.0,5.5001802653193535e-08,-0.00022192797756508142,1.1024891934674317,1.102244520270438,-0.10688230446154401,0.9993799962746801,0.0003212105274946503,0.9990587857471854,False,False,False,1.0
2026-03-07,2026-03-08 00:00:00,0.12844995192445274,0.0,0.0,0.06422497596222637,0.0,0.0,0.06422497596222637,0.0,0.06422497596222637,0.06422497596222637,False,0.5,0.0,0.001360207115551848,8.735926929996671e-05,0.0,5.4987136953960936e-08,8.730428216301275e-05,1.1022947351654162,1.1023909702160017,-0.10676364019468831,0.9999466850865983,0.0003211248798111319,0.9996255602067872,False,False,False,1.0
2026-03-08,2026-03-09 00:00:00,0.13061242705715093,0.0,0.0,0.06530621352857546,0.0,0.0,0.06530621352857546,0.0,0.06530621352857546,0.06530621352857546,False,0.5,0.0,0.0009225567707420446,6.0248689462313e-05,0.0,5.5912854048437896e-08,6.019277660826456e-05,1.1009409485459212,1.1010072172384957,-0.10788485626583877,0.9998599247864961,0.0003265310676428773,0.9995333937188532,False,False,False,1.0
2026-03-09,2026-03-10 00:00:00,0.14379082845770536,0.0,0.0,0.07189541422885268,0.0,0.0,0.07189541422885268,0.0,0.07189541422885268,0.07189541422885268,False,0.5,0.0,0.0013720342760910054,9.864297261574685e-05,0.0,6.155429300415468e-08,9.85814183227427e-05,1.1041432803981046,1.104252128408718,-0.10525559612139745,0.9999814206313532,0.0003594770711442634,0.999621943560209,False,False,False,1.0
2026-03-10,2026-03-11 00:00:00,0.14330326067788413,0.0,0.0,0.07165163033894206,0.0,0.0,0.07165163033894206,0.0,0.07165163033894206,0.07165163033894206,False,0.5,0.0,0.004324151958913225,0.00030983253768946257,0.0,6.13455739203271e-08,0.00030977119211554225,1.1061715150219211,1.1065141750908138,-0.10342272339419334,0.9998701205520422,0.0003582581516947103,0.9995118624003475,False,False,False,1.0
2026-03-11,2026-03-12 00:00:00,0.14270155584827346,0.0,0.0,0.07135077792413673,0.0,0.0,0.07135077792413673,0.0,0.07135077792413673,0.07135077792413673,False,0.5,0.0,0.0049236684272213616,0.00035130757252275493,0.0,6.108799479806227e-08,0.00035124648452795686,1.1050226190712233,1.105410754381496,-0.10431679412259542,0.9998914674503697,0.00035675388962068367,0.9995347135607491,False,False,False,1.0
2026-03-12,2026-03-13 00:00:00,0.14261188276803874,0.0,0.0,0.07130594138401937,0.0,0.0,0.07130594138401937,0.0,0.07130594138401937,0.07130594138401937,False,0.5,0.0,-0.0007284094143299447,-5.193991900177891e-05,0.0,6.104960734933166e-08,-5.2000968609128245e-05,1.1063481503588874,1.1062906191834498,-0.10360386445058967,0.9997983707879089,0.00035652970692009686,0.9994418410809888,False,False,False,1.0
2026-03-13,2026-03-14 00:00:00,0.1431475637450375,0.0,0.0,0.07157378187251875,0.0,0.0,0.07157378187251875,0.0,0.07157378187251875,0.07157378187251875,False,0.5,0.0,-0.005795313274071456,-0.0004147924881613029,0.0,6.127892283606057e-08,-0.00041485376708413896,1.1081248310054221,1.10766512124488,-0.10249014413622948,0.9994861312518709,0.00035786890936259375,0.9991282623425083,False,False,False,1.0
2026-03-14,2026-03-15 00:00:00,0.14361475104072244,0.0,0.0,0.07180737552036122,0.0,0.0,0.07180737552036122,0.0,0.07180737552036122,0.07180737552036122,False,0.5,0.0,0.0005356108859293496,3.846081201872216e-05,0.0,6.147891739756953e-08,3.839933310132459e-05,1.1055991826549345,1.1056416369262256,-0.10412971649825986,0.9999788023991624,0.0003590368776018061,0.9996197655215605,False,False,False,1.0
2026-03-15,2026-03-16 00:00:00,0.14705495352590106,0.0,0.0,0.07352747676295053,0.0,0.0,0.07352747676295053,0.0,0.07352747676295053,0.07352747676295053,False,0.5,0.0,-9.555753041068371e-06,-7.026104096796486e-07,0.0,6.295160681759463e-08,-7.655620164972432e-07,1.1064039660235478,1.1064031190026966,-0.10351270901505216,0.9999704274111865,0.00036763738381475264,0.9996027900273717,False,False,False,1.0
2026-03-16,2026-03-17 00:00:00,0.14563499264278323,0.0,0.0,0.14563499264278323,0.0,0.0,0.14563499264278323,0.0,0.14563499264278323,0.14563499264278323,False,1.0,0.0,-0.004442458335523813,-0.0006469773870098816,0.0,1.2468749370101304e-07,-0.0006471020745035825,1.115074543630934,1.1143529765805242,-0.09707116328795129,0.999109164827037,0.0007281749632139162,0.9983809898638232,False,False,False,1.0
2026-03-17,2026-03-18 00:00:00,0.14891424064255918,0.0,0.0,0.14891424064255918,0.0,0.0,0.14891424064255918,0.0,0.14891424064255918,0.14891424064255918,False,1.0,0.0,0.001223894926674296,0.00018225538363198342,0.0,1.2749506904328696e-07,0.00018212788856294013,1.1173112136340764,1.1175147071662832,-0.09450930202873298,0.9996038051518084,0.0007445712032127958,0.9988592339485955,False,False,False,1.0
2026-03-18,2026-03-19 00:00:00,0.1383143377606632,0.0,0.0,0.0691571688803316,0.0,0.0,0.0691571688803316,0.0,0.0691571688803316,0.0691571688803316,False,0.5,0.0,0.0018649535365382608,0.00012897490668034817,0.0,5.920990486329761e-08,0.00012891569677548487,1.109550826751512,1.1096938652694504,-0.1008463099826089,0.9998028341759546,0.000345785844401658,0.9994570483315529,False,False,False,1.0
2026-03-19,2026-03-20 00:00:00,0.14070938502490296,0.0,0.0,0.07035469251245148,0.0,0.0,0.07035469251245148,0.0,0.07035469251245148,0.07035469251245148,False,0.5,0.0,0.006525045147799613,0.0004590675450033053,0.0,6.023518194559202e-08,0.0004590073098213597,1.106046623646433,1.1065543071316901,-0.10339020553159062,0.9997117269288437,0.0003517734625622574,0.9993599534662815,False,False,False,1.0
2026-03-20,2026-03-21 00:00:00,0.13624874620895863,0.0,0.0,0.06812437310447932,0.0,0.0,0.06812437310447932,0.0,0.06812437310447932,0.06812437310447932,False,0.5,0.0,0.0006802561516265904,4.63420238800271e-05,0.0,5.8325661904519965e-08,4.628369821812258e-05,1.1070583801367204,1.1071096188926963,-0.10294025204924206,0.999892875619167,0.0003406218655223966,0.9995522537536445,False,False,False,1.0
2026-03-21,2026-03-22 00:00:00,0.1344236233524059,0.0,0.0,0.06721181167620295,0.0,0.0,0.06721181167620295,0.0,0.06721181167620295,0.06721181167620295,False,0.5,0.0,0.0005759592741056974,3.8711266264354683e-05,0.0,5.754435931181759e-08,3.865372190504287e-05,1.1078094628602912,1.1078522838191924,-0.10233849157276753,0.9999865183875006,0.00033605905838101475,0.9996504593291197,False,False,False,1.0
2026-03-22,2026-03-23 00:00:00,0.13444726825957862,0.0,0.0,0.06722363412978931,0.0,0.0,0.06722363412978931,0.0,0.06722363412978931,0.06722363412978931,False,0.5,0.0,0.0012022062889815999,8.081667571903083e-05,0.0,5.7554481275504545e-08,8.075912123775533e-05,1.1052687313368874,1.1053579918683618,-0.10435954610119413,0.9999349658382406,0.0003361181706489466,0.9995988476675917,False,False,False,1.0
2026-03-23,2026-03-24 00:00:00,-0.1360498241801363,0.0,0.0,-0.06802491209006815,0.0,0.0,0.0,0.06802491209006815,0.06802491209006815,-0.06802491209006815,False,0.5,0.0,-0.009911586784551063,0.0006742348196921673,0.0,5.824050692642821e-08,0.000674176579185241,1.1026214020364498,1.1033647635614112,-0.105974602868951,0.9997460749400596,0.0003401245604503408,0.9994059503796093,False,False,False,-1.0
2026-03-24,2026-03-25 00:00:00,-0.1344095559877852,0.0,0.0,-0.0672047779938926,0.0,0.0,0.0,0.0672047779938926,0.0672047779938926,-0.0672047779938926,False,0.5,0.0,-0.002043345100881333,0.00013732255386963806,0.0,5.753833732353818e-08,0.00013726501553231452,1.102944389866952,1.1030957855457582,-0.1061925481806062,0.9999081845995804,0.000336023889969463,0.999572160709611,False,False,False,-1.0
2026-03-25,2026-03-26 00:00:00,-0.13399373637352258,0.0,0.0,-0.06699686818676129,0.0,0.0,0.0,0.06699686818676129,0.06699686818676129,-0.06699686818676129,False,0.5,0.0,7.402129962885695e-05,-4.959195254247291e-06,0.0,5.736033235167918e-08,-5.01655558659897e-06,1.1021259073027705,1.1021203784268931,-0.10698289310153064,0.9998927000422944,0.00033498434093380644,0.9995577157013605,False,False,False,-1.0
2026-03-26,2026-03-27 00:00:00,-0.13458007355411564,0.0,0.0,-0.06729003677705782,0.0,0.0,0.0,0.06729003677705782,0.06729003677705782,-0.06729003677705782,False,0.5,0.0,0.0027671163836551216,-0.00018619936322255236,0.0,5.761133285707005e-08,-0.00018625697455540942,1.1055384161391142,1.1053325018984692,-0.10438019990599978,0.9996366742789826,0.0003364501838852891,0.9993002240950973,False,False,False,-1.0
2026-03-27,2026-03-28 00:00:00,-0.1361824084015752,0.0,0.0,-0.0680912042007876,0.0,0.0,0.0,0.0680912042007876,0.0680912042007876,-0.0680912042007876,False,0.5,0.0,-0.00423325960989962,0.0002882477445326215,0.0,5.829726387053733e-08,0.00028818944726875095,1.1079043018062142,1.1082235881345786,-0.1020376341419501,0.9998851196106469,0.000340456021003938,0.9995446635896429,False,False,False,-1.0
2026-03-28,2026-03-29 00:00:00,-0.13411440930580942,0.0,0.0,-0.06705720465290471,0.0,0.0,0.0,0.06705720465290471,0.06705720465290471,-0.06705720465290471,False,0.5,0.0,-0.0006412469787401287,4.300022988643365e-05,0.0,5.741199028502115e-08,4.2942817896148625e-05,1.1068245984795062,1.1068721286466816,-0.10313268370785589,0.9999569423581233,0.00033528602326452357,0.9996216563348588,False,False,False,-1.0
2026-03-29,2026-03-30 00:00:00,-0.1430593018773575,0.0,0.0,-0.07152965093867875,0.0,0.0,0.0,0.07152965093867875,0.07152965093867875,-0.07152965093867875,False,0.5,0.0,0.0010150753768845,-7.260798738499606e-05,0.0,6.124113950229345e-08,-7.266922852449836e-05,1.1082743366190897,1.1081937991780542,-0.10206177129456395,0.9998716167217494,0.0003576482546933937,0.999513968467056,False,False,False,-1.0
2026-03-30,2026-03-31 00:00:00,-0.14265076566037496,0.0,0.0,-0.07132538283018748,0.0,0.0,0.0,0.07132538283018748,0.07132538283018748,-0.07132538283018748,False,0.5,0.0,-0.0006458951914547484,4.6068721798687165e-05,0.0,6.106625242310572e-08,4.600765554626406e-05,1.1049365268265259,1.1049873623656525,-0.1046598567503022,0.9998692962898409,0.0003566269141509374,0.9995126693756899,False,False,False,-1.0
2026-03-31,2026-04-01 00:00:00,-0.14551613757302112,0.0,0.0,-0.07275806878651056,0.0,0.0,0.0,0.07275806878651056,0.07275806878651056,-0.07275806878651056,False,0.5,0.0,-0.00213758258841823,0.00015552638100498086,0.0,6.229286711173849e-08,0.00015546408813786912,1.1054982681919199,1.1056701334721222,-0.10410662654958347,0.9997920979070626,0.0003637903439325528,0.9994283075631301,False,False,False,-1.0
2026-04-01,2026-04-02 00:00:00,-0.14424332591877825,0.0,0.0,-0.07212166295938913,0.0,0.0,0.0,0.07212166295938913,0.07212166295938913,-0.07212166295938913,False,0.5,0.0,0.001309176907808629,-9.442001569918919e-05,0.0,6.174799910906603e-08,-9.448176369829825e-05,1.1026830764945925,1.102578893052725,-0.10661137161200385,0.9998043297606958,0.0003606083147969456,0.9994437214458989,False,False,False,-1.0
2026-04-02,2026-04-03 00:00:00,-0.14816097211441964,0.0,0.0,-0.07408048605720982,0.0,0.0,0.0,0.07408048605720982,0.07408048605720982,-0.07408048605720982,False,0.5,0.0,-0.0025198193483358944,0.00018666944210108476,0.0,6.3425073679118e-08,0.00018660601702740563,1.1052388359242709,1.1054450801413067,-0.10428898092603511,0.9999722951383075,0.0003704024302860491,0.9996018927080215,False,False,False,-1.0
2026-04-03,2026-04-04 00:00:00,-0.14676608361262822,0.0,0.0,-0.07338304180631411,0.0,0.0,0.0,0.07338304180631411,0.07338304180631411,-0.07338304180631411,False,0.5,0.0,0.0003366362718264515,-2.470339360896221e-05,0.0,6.282794675198125e-08,-2.476622155571419e-05,1.1057694636994126,1.1057420779678853,-0.10404833195062568,0.9999226048094513,0.00036691520903157053,0.9995556896004197,False,False,False,-1.0
2026-04-04,2026-04-05 00:00:00,-0.14723329476661512,0.0,0.0,-0.07361664738330756,0.0,0.0,0.0,0.07361664738330756,0.07361664738330756,-0.07361664738330756,False,0.5,0.0,0.0010325848716574715,-7.601543639014597e-05,0.0,6.302795152680441e-08,-7.607846434167278e-05,1.1056246482699175,1.1055405340445388,-0.10421163731623073,0.9999099375638696,0.0003680832369165378,0.9995418543269531,False,False,False,-1.0
2026-04-05,2026-04-06 00:00:00,-0.16517365671354511,0.0,0.0,-0.08258682835677256,0.0,0.0,0.0,0.08258682835677256,0.08258682835677256,-0.08258682835677256,False,0.5,0.0,-0.0027445303695644574,0.0002266620585511694,0.0,7.070790099038746e-08,0.000226591350650179,1.1053436655488598,1.1055941268629692,-0.10416821256463182,0.9999858882796224,0.0004129341417838628,0.9995729541378385,False,False,False,-1.0
2026-04-06,2026-04-07 00:00:00,-0.1674903240351512,0.0,0.0,-0.0837451620175756,0.0,0.0,0.0,0.0837451620175756,0.0837451620175756,-0.0837451620175756,False,0.5,0.0,0.00017104764370334813,-1.4324412634661436e-05,0.0,7.16996250150476e-08,-1.4396112259676484e-05,1.1007254493361949,1.100709603169059,-0.10812600456548271,0.9999004317045073,0.000418725810087878,0.9994817058944194,False,False,False,-1.0
2026-04-07,2026-04-08 00:00:00,-0.1766207413738271,0.0,0.0,-0.08831037068691355,0.0,0.0,0.0,0.08831037068691355,0.08831037068691355,-0.08831037068691355,False,0.5,0.0,0.0016715238806330746,-0.00014761289351073505,0.0,7.56081940812616e-08,-0.00014768850170481632,1.104684767083456,1.1045216178453494,-0.10503723641972507,0.9996919366831554,0.0004415518534345678,0.9992503848297208,False,False,False,-1.0
2026-04-08,2026-04-09 00:00:00,-0.16869971359359653,0.0,0.0,-0.08434985679679827,0.0,0.0,0.0,0.08434985679679827,0.08434985679679827,-0.08434985679679827,False,0.5,0.0,0.0017550208069474493,-0.0001480357537414187,0.0,7.221734314794372e-08,-0.00014810797108456665,1.0987284622767868,1.098565731833466,-0.10986312313723656,0.9998015293498076,0.00042174928398399134,0.9993797800658236,False,False,False,-1.0
2026-04-09,2026-04-10 00:00:00,0.1650369182678258,0.0,0.0,0.0825184591339129,0.0,0.0,0.0825184591339129,0.0,0.0825184591339129,0.0825184591339129,False,0.5,0.0,0.00237807827765657,0.00019623535517204966,0.0,7.064936569684323e-08,0.00019616470580635282,1.0983745625382424,1.098590024861168,-0.10984343918098205,0.9999253151471469,0.0004125922956695645,0.9995127228514773,False,False,False,1.0
2026-04-10,2026-04-11 00:00:00,0.15924370614500494,0.0,0.0,0.07962185307250247,0.0,0.0,0.07962185307250247,0.0,0.07962185307250247,0.07962185307250247,False,0.5,0.0,-0.0037369442191624858,-0.0002975424235582929,0.0,6.816939475385486e-08,-0.00029761059295304676,1.0991768915545619,1.098849764868106,-0.10963297916764614,0.9995090225082837,0.00039810926536251235,0.9991109132429211,False,False,False,1.0
2026-04-11,2026-04-12 00:00:00,0.16082646829721342,0.0,0.0,0.08041323414860671,0.0,0.0,0.08041323414860671,0.0,0.08041323414860671,0.08041323414860671,False,0.5,0.0,0.0013718276485628067,0.00011031309791541353,0.0,6.884694704503999e-08,0.0001102442509683685,1.099710725769778,1.0998319625550224,-0.10883713204065226,0.9999576683428126,0.00040206617074303356,0.9995556021720696,False,False,False,1.0
2026-04-12,2026-04-13 00:00:00,0.1615409458953316,0.0,0.0,0.0807704729476658,0.0,0.0,0.0807704729476658,0.0,0.0807704729476658,0.0807704729476658,False,0.5,0.0,0.0016774832251675864,0.00013549111345856173,0.0,6.915280218122072e-08,0.0001354219606563805,1.0972126475088924,1.097361234196875,-0.11083909365347899,0.9999688345260762,0.000403852364738329,0.9995649821613379,False,False,False,1.0
2026-04-13,2026-04-14 00:00:00,0.16152963752776706,0.0,0.0,0.08076481876388353,0.0,0.0,0.08076481876388353,0.0,0.08076481876388353,0.08076481876388353,False,0.5,0.0,0.0012921302467290285,0.00010435866519640209,0.0,6.914796127044822e-08,0.00010428951723513164,1.0981953350438578,1.0983098653051795,-0.11007044457989856,0.9998168454745012,0.0004038240938194176,0.9994130213806818,False,False,False,1.0
2026-04-14,2026-04-15 00:00:00,0.16077801253614857,0.0,0.0,0.08038900626807428,0.0,0.0,0.08038900626807428,0.0,0.08038900626807428,0.08038900626807428,False,0.5,0.0,-0.0008371349689879626,-6.729644826919749e-05,0.0,6.882620399663894e-08,-6.736527447319414e-05,1.1044337454985766,1.1043593450161737,-0.10516872152359868,0.9998408668415234,0.00040194503134037145,0.999438921810183,False,False,False,1.0
2026-04-15,2026-04-16 00:00:00,0.16245628057186096,0.0,0.0,0.08122814028593048,0.0,0.0,0.08122814028593048,0.0,0.08122814028593048,0.08122814028593048,False,0.5,0.0,-0.0003431399882473096,-2.7872623103065e-05,0.0,6.95446406557624e-08,-2.7942167743720764e-05,1.103160895418343,1.1031300707115548,-0.10616476787623241,0.9998445405815597,0.0004061407014296524,0.9994383998801301,False,False,False,1.0
2026-04-16,2026-04-17 00:00:00,0.15263086455524627,0.0,0.0,0.07631543227762314,0.0,0.0,0.07631543227762314,0.0,0.07631543227762314,0.07631543227762314,False,0.5,0.0,-8.55596671722747e-06,-6.529522985781705e-07,0.0,6.533855503221159e-08,-7.182908536103821e-07,1.1034227124541844,1.1034219198757425,-0.10592829071697185,0.999758995263268,0.0003815771613881157,0.9993774181018799,False,False,False,1.0
2026-04-17,2026-04-18 00:00:00,0.1678312783111882,0.0,0.0,0.0839156391555941,0.0,0.0,0.0839156391555941,0.0,0.0839156391555941,0.0839156391555941,False,0.5,0.0,0.0010541081506760808,8.84561592031046e-05,0.0,7.184558146883056e-08,8.838431362163578e-05,1.1073645786329558,1.1074624522911671,-0.10265436108225967,0.9998464205785252,0.0004195781957779705,0.9994268423827473,False,False,False,1.0
2026-04-18,2026-04-19 00:00:00,0.1687597591204786,0.0,0.0,0.0843798795602393,0.0,0.0,0.0843798795602393,0.0,0.0843798795602393,0.0843798795602393,False,0.5,0.0,0.0009576352341968963,8.080514572417567e-05,0.0,7.224304756869803e-08,8.073290267660698e-05,1.1043382523497858,1.1044274087824348,-0.10511357137047483,0.9998776474036885,0.00042189939780119655,0.9994557480058872,False,False,False,1.0
2026-04-19,2026-04-20 00:00:00,0.17430810939312816,0.0,0.0,0.08715405469656408,0.0,0.0,0.08715405469656408,0.0,0.08715405469656408,0.08715405469656408,False,0.5,0.0,0.002513287285090149,0.00021904317751292586,0.0,7.461819751418158e-08,0.0002189685593154117,1.102846614728516,1.1030881034628892,-0.1061987727560273,0.9999485402528311,0.0004357702734828204,0.9995127699793482,False,False,False,1.0
2026-04-20,2026-04-21 00:00:00,0.17411796598674248,0.0,0.0,0.08705898299337124,0.0,0.0,0.08705898299337124,0.0,0.08705898299337124,0.08705898299337124,False,0.5,0.0,0.002549118213189594,0.00022192363917016575,0.0,7.453680050802331e-08,0.00022184910236965774,1.1021737106740268,1.1024182269223952,-0.10674155485304737,0.99989311527632,0.0004352949149668562,0.9994578203613531,False,False,False,1.0
2026-04-21,2026-04-22 00:00:00,0.17321585928111832,0.0,0.0,0.08660792964055916,0.0,0.0,0.08660792964055916,0.0,0.08660792964055916,0.08660792964055916,False,0.5,0.0,0.002692128996400367,0.00023315971870355214,0.0,7.415062469225955e-08,0.00023308556807885987,1.1020390662716142,1.1022959356734212,-0.1068406440083659,0.9999401316634497,0.0004330396482027958,0.9995070920152469,False,False,False,1.0
2026-04-22,2026-04-23 00:00:00,0.17306829388087075,0.0,0.0,0.08653414694043537,0.0,0.0,0.08653414694043537,0.0,0.08653414694043537,0.08653414694043537,False,0.5,0.0,-0.0032605719690368407,-0.00028215081387849867,0.0,7.408745457229056e-08,-0.000282224901333071,1.1064377883278793,1.1061255240322372,-0.1037376364025332,0.9996811601075528,0.0004326707347021769,0.9992484893728506,False,False,False,1.0
2026-04-23,2026-04-24 00:00:00,0.17748565908970862,0.0,0.0,0.08874282954485431,0.0,0.0,0.08874282954485431,0.0,0.08874282954485431,0.08874282954485431,False,0.5,0.0,-0.0013147413770953076,-0.0001166738699231359,0.0,7.597844995278622e-08,-0.00011674984837308869,1.103333211999879,1.103204398014673,-0.10610454255557467,0.9996768856194828,0.00044371414772427156,0.9992331714717585,False,False,False,1.0
2026-04-24,2026-04-25 00:00:00,0.17427392152882612,0.0,0.0,0.08713696076441306,0.0,0.0,0.08713696076441306,0.0,0.08713696076441306,0.08713696076441306,False,0.5,0.0,-0.0005636081245616875,-4.9111099036436195e-05,0.0,7.460356229829886e-08,-4.918570259873449e-05,1.102897199034461,1.1028429522608323,-0.10639741187158924,0.9997637422483998,0.0004356848038220653,0.9993280574445778,False,False,False,1.0
2026-04-25,2026-04-26 00:00:00,0.17079092365640736,0.0,0.0,0.08539546182820368,0.0,0.0,0.08539546182820368,0.0,0.08539546182820368,0.08539546182820368,False,0.5,0.0,-0.0037226576839197723,-0.00031789807214664,0.0,7.311255293510589e-08,-0.0003179711846995751,1.102530382826647,1.1021798099346525,-0.1069347374243862,0.9994633355939746,0.0004269773091410184,0.9990363582848336,False,False,False,1.0
2026-04-26,2026-04-27 00:00:00,0.17096969368278334,0.0,0.0,0.08548484684139167,0.0,0.0,0.08548484684139167,0.0,0.08548484684139167,0.08548484684139167,False,0.5,0.0,0.0012752871528680654,0.00010901772694172101,0.0,7.318908119982163e-08,0.0001089445378605212,1.1037030524848015,1.1038232949037898,-0.10560306783447715,0.9999441418202094,0.00042742423420695833,0.9995167175860025,False,False,False,1.0
2026-04-27,2026-04-28 00:00:00,0.17768313545044748,0.0,0.0,0.08884156772522374,0.0,0.0,0.08884156772522374,0.0,0.08884156772522374,0.08884156772522374,False,0.5,0.0,-0.003309516503747889,-0.0002940226346054638,0.0,7.606298606611622e-08,-0.0002940986975915299,1.1010463396254977,1.1007225233310258,-0.10811553572207311,0.9996171103610971,0.0004442078386261187,0.999172902522471,False,False,False,1.0
2026-04-28,2026-04-29 00:00:00,0.18391791818467454,0.0,0.0,0.09195895909233727,0.0,0.0,0.09195895909233727,0.0,0.09195895909233727,0.09195895909233727,False,0.5,0.0,0.0026096446834540377,0.0002399802086912853,0.0,7.873198552426136e-08,0.00023990147670576104,1.1006590533195926,1.1009231030518336,-0.10795301162263315,0.9999578336766083,0.00045979479546168634,0.9994980388811466,False,False,False,1.0
2026-04-29,2026-04-30 00:00:00,0.17966032662188897,0.0,0.0,0.08983016331094448,0.0,0.0,0.08983016331094448,0.0,0.08983016331094448,0.08983016331094448,False,0.5,0.0,-0.0005939470199257668,-5.335435779798043e-05,0.0,7.690938639635658e-08,-5.3431267184376786e-05,1.1007040202876053,1.1006452082770064,-0.10817818193315099,0.9995462134405981,0.00044915081655472243,0.9990970626240434,False,False,False,1.0
2026-04-30,2026-05-01 00:00:00,0.18123083751556088,0.0,0.0,0.09061541875778044,0.0,0.0,0.09061541875778044,0.0,0.09061541875778044,0.09061541875778044,False,0.5,0.0,0.0005655758711193837,5.1249894400779415e-05,0.0,7.75816941419353e-08,5.117231270663748e-05,1.1003054097479608,1.1003617149204612,-0.10840788861677864,0.9998177450593031,0.0004530770937889022,0.9993646679655142,False,False,False,1.0
2026-05-01,2026-05-02 00:00:00,0.1860040986841897,0.0,0.0,0.09300204934209486,0.0,0.0,0.09300204934209486,0.0,0.09300204934209486,0.09300204934209486,False,0.5,0.0,-0.002546740690776539,-0.0002368521033851204,0.0,7.962504224494423e-08,-0.00023693172842736537,1.10252595183635,1.1022647284569453,-0.10686593033708025,0.9993512914398811,0.0004650102467104743,0.9988862811931706,False,False,False,1.0
2026-05-02,2026-05-03 00:00:00,0.1864629894946153,0.0,0.0,0.09323149474730764,0.0,0.0,0.09323149474730764,0.0,0.09323149474730764,0.09323149474730764,False,0.5,0.0,0.0006417594616159317,5.983219387468071e-05,0.0,7.982148522885929e-08,5.9752372389451855e-05,1.102230016308937,1.1022958771673304,-0.10684069141420383,0.9999756638837007,0.00046615747373653825,0.9995095064099642,False,False,False,1.0
2026-05-03,2026-05-04 00:00:00,0.19052261157762654,0.0,0.0,0.09526130578881327,0.0,0.0,0.09526130578881327,0.0,0.09526130578881327,0.09526130578881327,False,0.5,0.0,0.0005115419335424143,4.873015255498472e-05,0.0,8.155933714795657e-08,4.864859321783676e-05,1.103137819508677,1.1031914856117215,-0.10611500511207261,0.999876250322414,0.00047630652894406635,0.99939994379347,False,False,False,1.0
2026-05-04,2026-05-05 00:00:00,0.19729662943729556,0.0,0.0,0.09864831471864778,0.0,0.0,0.09864831471864778,0.0,0.09864831471864778,0.09864831471864778,False,0.5,0.0,-0.0015302218821728886,-0.00015095380982195266,0.0,8.445917356048612e-08,-0.00015103826899551316,1.1044055700552418,1.1042387625496717,-0.10526642610059966,0.999251855549931,0.0004932415735932389,0.9987586139763378,False,False,False,1.0
2026-05-05,2026-05-06 00:00:00,0.19749434252524758,0.0,0.0,0.09874717126262379,0.0,0.0,0.09874717126262379,0.0,0.09874717126262379,0.09874717126262379,False,0.5,0.0,-0.0018032828134567636,-0.0001780690768153611,0.0,8.454381101252036e-08,-0.00017815362062637363,1.1058844797227803,1.1056874623987232,-0.10409258540834165,0.9997709103411218,0.000493735856313119,0.9992771744848087,False,False,False,1.0
2026-05-06,2026-05-07 00:00:00,0.19740271085150216,0.0,0.0,0.09870135542575108,0.0,0.0,0.09870135542575108,0.0,0.09870135542575108,0.09870135542575108,False,0.5,0.0,-0.00037307105307793353,-3.6822618608904364e-05,0.0,8.450458512478687e-08,-3.6907123194029153e-05,1.1047190575513346,1.1046782855489827,-0.10491029299123789,0.9998810788626317,0.0004935067771287554,0.9993875720855029,False,False,False,1.0
2026-05-07,2026-05-08 00:00:00,0.19721829786398754,0.0,0.0,0.09860914893199377,0.0,0.0,0.09860914893199377,0.0,0.09860914893199377,0.09860914893199377,False,0.5,0.0,-0.0006360768868829414,-6.272300047083892e-05,0.0,8.442564120889876e-08,-6.280742611204782e-05,1.1017603275421506,1.1016911288117852,-0.10733070197697137,0.9998426784635894,0.0004930457446599689,0.9993496327189295,False,False,False,1.0
2026-05-08,2026-05-09 00:00:00,0.20823916883718513,0.0,0.0,0.10411958441859256,0.0,0.0,0.10411958441859256,0.0,0.10411958441859256,0.10411958441859256,False,0.5,0.0,0.003633689113817784,0.00037833820043707154,0.0,8.914347981043883e-08,0.0003782490569572611,1.101218829041788,1.1016353640253767,-0.1073758866130603,0.9999716494487767,0.0005205979220929628,0.9994510515266838,False,False,False,1.0
2026-05-09,2026-05-10 00:00:00,0.2132930766422508,0.0,0.0,0.1066465383211254,0.0,0.0,0.1066465383211254,0.0,0.1066465383211254,0.1066465383211254,False,0.5,0.0,0.0016388551364487913,0.00017477822711205922,0.0,9.130696774068956e-08,0.00017468692014431853,1.1026623051207445,1.102854925802785,-0.10638771004772019,0.9999994475367602,0.0005332326916056271,0.9994662148451545,False,False,False,1.0
2026-05-10,2026-05-11 00:00:00,0.23910173816820057,0.0,0.0,0.11955086908410029,0.0,0.0,0.11955086908410029,0.0,0.11955086908410029,0.11955086908410029,False,0.5,0.0,0.002559008864680079,0.00030593173376642025,0.0,1.0235519613364751e-07,0.0003058293785702866,1.10420110648956,1.1045388036277743,-0.1050233112641783,0.9999335017760399,0.0005977543454205015,0.9993357474306194,False,False,False,1.0
2026-05-11,2026-05-12 00:00:00,0.23842212445186858,0.0,0.0,0.11921106222593429,0.0,0.0,0.11921106222593429,0.0,0.11921106222593429,0.11921106222593429,False,0.5,0.0,0.0023938559130820547,0.00028537410621434556,0.0,1.020642656043958e-07,0.0002852720419487412,1.103434710491263,1.103749489564282,-0.1056628702227198,0.9999399540031902,0.0005960553111296715,0.9993438986920605,False,False,False,1.0
2026-05-12,2026-05-13 00:00:00,0.2373695541665162,0.0,0.0,0.1186847770832581,0.0,0.0,0.1186847770832581,0.0,0.1186847770832581,0.1186847770832581,False,0.5,0.0,-0.000782161416905236,-9.283065340852324e-05,0.0,1.0161367900963877e-07,-9.293226708753289e-05,1.0998086347417557,1.0997064270319667,-0.10893884993990033,0.99979902753742,0.0005934238854162906,0.9992056036520037,False,False,False,1.0
2026-05-13,2026-05-14 00:00:00,-0.23764117152553055,0.0,0.0,-0.11882058576276527,0.0,0.0,0.0,0.11882058576276527,0.11882058576276527,-0.11882058576276527,False,0.5,0.0,-0.007039438621424754,0.0008364302204387222,0.0,1.0172995356401135e-07,0.0008363284904851581,1.1007568429396342,1.101677437248481,-0.10734179586516202,0.9999397386201221,0.0005941029288138264,0.9993456356913083,False,False,False,-1.0
2026-05-14,2026-05-15 00:00:00,-0.23630241846500574,0.0,0.0,-0.11815120923250287,0.0,0.0,0.0,0.11815120923250287,0.11815120923250287,-0.11815120923250287,False,0.5,0.0,0.0043850253352162305,-0.0005180960458709588,0.0,1.0115685721960863e-07,-0.0005181972027281784,1.0986781157053946,1.0981087837791375,-0.11023337527798904,0.9994187841356604,0.0005907560461625144,0.9988280280894979,False,False,False,-1.0
2026-05-15,2026-05-16 00:00:00,-0.2358873680709519,0.0,0.0,-0.11794368403547595,0.0,0.0,0.0,0.11794368403547595,0.11794368403547595,-0.11794368403547595,False,0.5,0.0,0.0019076137690929862,-0.00022499099564362654,0.0,1.0097918153722255e-07,-0.00022509197482516378,1.1026529315670237,1.1024047332411107,-0.10675248840300977,0.9997009748138403,0.0005897184201773798,0.9991112563936629,False,False,False,-1.0
2026-05-16,2026-05-17 00:00:00,-0.274555071091093,0.0,0.0,-0.1372775355455465,0.0,0.0,0.0,0.1372775355455465,0.1372775355455465,-0.1372775355455465,False,0.5,0.0,-0.000948971031169421,0.00013027240446305413,0.0,1.1753213659721448e-07,0.00013015487232645692,1.1051445992484807,1.1052884392026983,-0.10441590266757628,0.9999061115100615,0.0006863876777277325,0.9992197238323337,False,False,False,-1.0
2026-05-17,2026-05-18 00:00:00,-0.2641128880405516,0.0,0.0,-0.1320564440202758,0.0,0.0,0.0,0.1320564440202758,0.1320564440202758,-0.1320564440202758,False,0.5,0.0,0.00025631754081634206,-3.3848382980228035e-05,0.0,1.1306202398996216e-07,-3.3961445004218e-05,1.1049056032919091,1.1048680791010281,-0.10475650862060726,0.9998971329182147,0.0006602822201013791,0.9992368506981133,False,False,False,-1.0
2026-05-18,2026-05-19 00:00:00,-0.2610774321475412,0.0,0.0,-0.1305387160737706,0.0,0.0,0.0,0.1305387160737706,0.1305387160737706,-0.1305387160737706,False,0.5,0.1305387160737706,0.00024214109704145947,-3.1608787916486416e-05,6.52693580368853e-05,1.1176259937822825e-07,-9.698990855274994e-05,1.1093826511585705,1.1092750522366845,-0.10118566238927229,0.9997034408814646,0.000652693580368853,0.9990507473010957,False,False,False,-1.0
2026-05-19,2026-05-20 00:00:00,-0.28727293990934083,0.0,0.0,-0.14363646995467041,0.0,0.0,0.0,0.14363646995467041,0.14363646995467041,-0.14363646995467041,False,0.5,0.0,0.0001327643432906811,-1.9069801606123463e-05,0.0,1.2297642975571096e-07,-1.9192778035879174e-05,1.1074423260128554,1.1074210711181047,-0.10268789108149712,0.9998357405168891,0.000718182349773352,0.9991175581671157,False,False,False,-1.0
2026-05-20,2026-05-21 00:00:00,-0.28378255878824665,0.0,0.0,-0.14189127939412333,0.0,0.0,0.0,0.14189127939412333,0.14189127939412333,-0.14189127939412333,False,0.5,0.0,0.0004965313072358146,-7.045346244292626e-05,0.0,1.2148225975524257e-07,-7.05749447026815e-05,1.1054920045099477,1.10541398447286,-0.10431417687052247,0.9996569163798105,0.0007094563969706167,0.9989474599828398,False,False,False,-1.0
2026-05-21,2026-05-22 00:00:00,-0.2849757734474407,0.0,0.0,-0.14248788672372034,0.0,0.0,0.0,0.14248788672372034,0.14248788672372034,-0.14248788672372034,False,0.5,0.0,0.0003473183736111274,-4.94886610761691e-05,0.0,1.2199305370181538e-07,-4.961065412987092e-05,1.1057574500161473,1.1057025926657431,-0.10408032577904425,0.9995390984463856,0.0007124394336186017,0.9988266590127669,False,False,False,-1.0
2026-05-22,2026-05-23 00:00:00,-0.281901266263189,0.0,0.0,-0.1409506331315945,0.0,0.0,0.0,0.1409506331315945,0.1409506331315945,-0.1409506331315945,False,0.5,0.0,0.0006045035514581354,-8.52051583083216e-05,0.0,1.2067691192773503e-07,-8.532583522024934e-05,1.1066889340562054,1.1065945048985781,-0.10335763441305157,0.9998028423945,0.0007047531656579725,0.999098089228842,False,False,False,-1.0
2026-05-23,2026-05-24 00:00:00,-0.2819172415969231,0.0,0.0,-0.14095862079846155,0.0,0.0,0.0,0.14095862079846155,0.14095862079846155,-0.14095862079846155,False,0.5,0.0,0.0014734200851955759,-0.0002076912630659201,0.0,1.2068375068361432e-07,-0.0002078119468166037,1.1089600369447297,1.1087295818005103,-0.10162764172324146,0.9997490047212588,0.0007047931039923078,0.9990442116172665,False,False,False,-1.0
2026-05-24,2026-05-25 00:00:00,-0.3112098646758279,0.0,0.0,-0.15560493233791395,0.0,0.0,0.0,0.15560493233791395,0.15560493233791395,-0.15560493233791395,False,0.5,0.0,7.637596066634167e-05,-1.1884476191729273e-05,0.0,1.3322340097424138e-07,-1.2017699592703515e-05,1.1056576283740438,1.1056443409128136,-0.10412752553407201,0.9998542819432503,0.0007780246616895698,0.9990762572815608,False,False,False,-1.0
2026-05-25,2026-05-26 00:00:00,-0.3126139065048626,0.0,0.0,-0.1563069532524313,0.0,0.0,0.0,0.1563069532524313,0.1563069532524313,-0.1563069532524313,False,0.5,0.0,0.0006965885985390496,-0.00010888164150801986,0.0,1.338244462777665e-07,-0.00010901546595429762,1.1031559769808166,1.1030357159179658,-0.10624122090844401,0.999804909182313,0.0007815347662621566,0.9990233744160508,False,False,False,-1.0
2026-05-26,2026-05-27 00:00:00,-0.3047732002937354,0.0,0.0,-0.1523866001468677,0.0,0.0,0.0,0.1523866001468677,0.1523866001468677,-0.1523866001468677,False,0.5,0.0,-0.002295431612875598,0.00034979301935575337,0.0,1.3046797957779768e-07,0.00034966255137617555,1.105762367231971,1.106149010922513,-0.1037186056367343,0.9999998695320205,0.0007619330007343385,0.9992379365312861,False,False,False,-1.0
2026-05-27,2026-05-28 00:00:00,-0.29970667820202423,0.0,0.0,-0.14985333910101212,0.0,0.0,0.0,0.14985333910101212,0.14985333910101212,-0.14985333910101212,False,0.5,0.0,0.000749056430528805,-0.00011224860728982674,0.0,1.28299091696072e-07,-0.00011237690638152281,1.1074659830379048,1.107341529436808,-0.1027523414659558,0.999537117765049,0.0007492666955050606,0.998787851069544,False,False,False,-1.0
2026-05-28,2026-05-29 00:00:00,-0.30285525913438643,0.0,0.0,-0.30285525913438643,0.0,0.0,0.0,0.30285525913438643,0.30285525913438643,-0.30285525913438643,False,1.0,0.0,-0.001069443537900061,0.00032388659980031804,0.0,2.5929388624519386e-07,0.0003236273059140728,1.1142425266413742,1.1146031259484062,-0.09686847429936984,0.9995116299148654,0.0015142762956719322,0.9979973536191935,False,False,False,-1.0
2026-05-29,2026-05-30 00:00:00,-0.3171991835074644,0.0,0.0,-0.1585995917537322,0.0,0.0,0.0,0.1585995917537322,0.1585995917537322,-0.1585995917537322,False,0.5,0.0,0.0003103066124860998,-4.921450205877901e-05,0.0,1.357873217069625e-07,-4.935028938048597e-05,1.1068825828161688,1.1068279578403966,-0.10316847406833751,0.9997459798766607,0.000792997958768661,0.9989529819178921,False,False,False,-1.0
2026-05-30,2026-05-31 00:00:00,-0.2949723027765469,0.0,0.0,-0.14748615138827345,0.0,0.0,0.0,0.14748615138827345,0.14748615138827345,-0.14748615138827345,False,0.5,0.0,0.0008745404956718161,-0.00012898261193982916,0.0,1.2627238988722041e-07,-0.00012910888432971637,1.1073055543761665,1.107162591391429,-0.10289732992522616,0.9997900037149623,0.0007374307569413673,0.999052572958021,False,False,False,-1.0
2026-05-31,2026-06-01 00:00:00,-0.28592524979007045,0.0,0.0,-0.14296262489503522,0.0,0.0,0.0,0.14296262489503522,0.14296262489503522,-0.14296262489503522,False,0.5,0.0,0.00042320139407503454,-6.050198215620514e-05,0.0,1.2239950761561235e-07,-6.0624381663820754e-05,1.1084854460218727,1.1084182447771243,-0.10187990934603186,0.999727974574802,0.0007148131244751762,0.9990131614503268,False,False,False,-1.0
2026-06-01,2026-06-02 00:00:00,-0.2859107160881549,0.0,0.0,-0.14295535804407744,0.0,0.0,0.0,0.14295535804407744,0.14295535804407744,-0.14295535804407744,False,0.5,0.14295535804407744,-0.003090438386284533,0.0004417947260244663,7.147767902203872e-05,1.2239328599664163e-07,0.000370194653716431,1.1090670562328449,1.1094776269276754,-0.10102152182167146,0.9998509047872254,0.0007147767902203873,0.999136127997005,False,False,False,-1.0
2026-06-02,2026-06-03 00:00:00,-0.29330275952071855,0.0,0.0,-0.29330275952071855,0.0,0.0,0.0,0.29330275952071855,0.29330275952071855,-0.29330275952071855,False,1.0,0.0,0.0030761168609982903,-0.0009022335639390091,0.0,2.5111537630198503e-07,-0.0009024846793153111,1.1166428838978872,1.1156351308029029,-0.09603226982705682,0.9984734832475003,0.0014665137976035928,0.9970069694498968,False,False,False,-1.0
2026-06-03,2026-06-04 00:00:00,-0.2898738762696962,0.0,0.0,-0.2898738762696962,0.0,0.0,0.0,0.2898738762696962,0.2898738762696962,-0.2898738762696962,False,1.0,0.0,-0.00420806038783561,0.0012198067761988694,0.0,2.4817968858706866e-07,0.0012195585965102823,1.1273642149864644,1.1287391017062491,-0.08541449121226441,0.9997010877900565,0.001449369381348481,0.9982517184087081,False,False,False,-1.0
2026-06-04,2026-06-05 00:00:00,-0.28607592954804073,0.0,0.0,-0.28607592954804073,0.0,0.0,0.0,0.28607592954804073,0.28607592954804073,-0.28607592954804073,False,1.0,0.0,0.000980690541408924,-0.00028055195823252927,0.0,2.4492802187332255e-07,-0.0002807968862544026,1.1391637385515487,1.1388438649208297,-0.07722688612990602,0.9991355260512159,0.0014303796477402038,0.9977051464034757,False,False,False,-1.0
2026-06-05,2026-06-06 00:00:00,-0.27417731415864827,0.0,0.0,-0.27417731415864827,0.0,0.0,0.0,0.27417731415864827,0.27417731415864827,-0.27417731415864827,False,1.0,0.0,-0.0011428138476206051,0.00031333363132392825,0.0,2.3474085116322625e-07,0.000313098890472765,1.1744587759631246,1.1748264977027847,-0.048071172058638645,0.9993038529951034,0.0013708865707932414,0.9979329664243102,False,False,False,-1.0
2026-06-06,2026-06-07 00:00:00,-0.27289384647760634,0.0,0.0,-0.27289384647760634,0.0,0.0,0.0,0.27289384647760634,0.27289384647760634,-0.27289384647760634,False,1.0,0.0,-0.0019198279834127252,0.0005239092429688448,0.0,2.3364199184726569e-07,0.0005236756009769976,1.1781053415961145,1.1787222866188891,-0.0449145240054446,0.999587624420206,0.0013644692323880317,0.998223155187818,False,False,False,-1.0
2026-06-07,2026-06-08 00:00:00,-0.1938208419338079,0.0,0.0,-0.1938208419338079,0.0,0.0,0.0,0.1938208419338079,0.1938208419338079,-0.1938208419338079,False,1.0,0.0,-0.0015199151789271337,0.00029459123964763136,0.0,1.6594250165565746e-07,0.0002944252971459757,1.1682289795377478,1.1685729357021828,-0.053138257247244636,0.9999380649266045,0.0009691042096690395,0.9989689607169355,False,False,False,-1.0
2026-06-08,2026-06-09 00:00:00,-0.1947481623136224,0.0,0.0,-0.1947481623136224,0.0,0.0,0.0,0.1947481623136224,0.1947481623136224,-0.1947481623136224,False,1.0,0.0,-0.0015178091576454333,0.00029559054419423534,0.0,1.6673644033700548e-07,0.00029542380775389834,1.1593617258160407,1.1597042288716455,-0.06032432064899529,0.9992533808776373,0.000973740811568112,0.9982796400660692,False,False,False,-1.0
2026-06-09,2026-06-10 00:00:00,-0.18261815749706134,0.0,0.0,-0.18261815749706134,0.0,0.0,0.0,0.18261815749706134,0.18261815749706134,-0.18261815749706134,False,1.0,0.0,-0.0029989942397365965,0.0005476708024049975,0.0,1.563511622406347e-07,0.0005475144512427568,1.1658906206967097,1.1665289626601096,-0.05479443104489812,0.9996480876050167,0.0009130907874853068,0.9987349968175313,False,False,False,-1.0
2026-06-10,2026-06-11 00:00:00,-0.17613487938629635,0.0,0.0,-0.17613487938629635,0.0,0.0,0.0,0.17613487938629635,0.17613487938629635,-0.17613487938629635,False,1.0,0.0,0.0020014512032893172,-0.0003525253662889216,0.0,1.508004104334729e-07,-0.00035267616669935507,1.1641351361473729,1.1637245734300363,-0.05706674866634698,0.998819794499142,0.0008806743969314817,0.9979391201022105,False,False,False,-1.0
2026-06-11,2026-06-12 00:00:00,-0.17651544295539875,0.0,0.0,-0.17651544295539875,0.0,0.0,0.0,0.17651544295539875,0.17651544295539875,-0.17651544295539875,False,1.0,0.0,0.0005048999628929352,-8.912264059821085e-05,0.0,1.5112623540701948e-07,-8.927376683361787e-05,1.1652544419549145,1.1651504153015615,-0.05591142914959735,0.9998892508980824,0.0008825772147769938,0.9990066736833054,False,False,False,-1.0
2026-06-12,2026-06-13 00:00:00,-0.17459945393209692,0.0,0.0,-0.17459945393209692,0.0,0.0,0.0,0.17459945393209692,0.17459945393209692,-0.17459945393209692,False,1.0,0.0,-0.006811230749893649,0.001189237169536938,0.0,1.4948583384597338e-07,0.001189087683703092,1.1618145855564128,1.1631960849708445,-0.05749496798258025,0.9999099784609322,0.0008729972696604846,0.9990369811912717,False,False,False,-1.0
2026-06-13,2026-06-14 00:00:00,-0.17586781305866397,0.0,0.0,-0.17586781305866397,0.0,0.0,0.0,0.17586781305866397,0.17586781305866397,-0.17586781305866397,False,1.0,0.0,0.001375810745617878,-0.00024196082701442607,0.0,1.5057175775570546e-07,-0.00024211139877218177,1.1607680086223637,1.1604869734561463,-0.059690084754283834,0.9996405742608572,0.0008793390652933199,0.9987612351955638,False,False,False,-1.0
2026-06-14,2026-06-15 00:00:00,-0.1746697216242988,0.0,0.0,-0.1746697216242988,0.0,0.0,0.0,0.1746697216242988,0.1746697216242988,-0.1746697216242988,False,1.0,0.0,6.016883374737603e-05,-1.0509673441112887e-05,0.0,1.495459945413517e-07,-1.0659219435654239e-05,1.1627954844181854,1.1627830899259581,-0.05782960623749955,0.9997886060178386,0.000873348608121494,0.9989152574097171,False,False,False,-1.0
2026-06-15,2026-06-16 00:00:00,-0.17749971597106304,0.0,0.0,-0.17749971597106304,0.0,0.0,0.0,0.17749971597106304,0.17749971597106304,-0.17749971597106304,False,1.0,0.0,0.008347272786906723,-0.001481638548808927,0.0,1.5196893490673204e-07,-0.0014817905177438339,1.1430028392753466,1.141309148506354,-0.07522933626301076,0.9981262108092249,0.0008874985798553153,0.9972387122293697,False,False,False,-1.0
2026-06-16,2026-06-17 00:00:00,0.17939434413720376,0.0,0.0,0.17939434413720376,0.0,0.0,0.17939434413720376,0.0,0.17939434413720376,0.17939434413720376,False,1.0,0.0,0.0016811825629319266,0.00030159464325207625,0.0,1.5359104806267443e-07,0.0003014410522040136,1.1340802234593266,1.1344220817951698,-0.08080973247909107,0.9995207244840532,0.0008969717206860188,0.9986237527633671,False,False,False,1.0
2026-06-17,2026-06-18 00:00:00,0.14725314711844298,0.0,0.0,0.14725314711844298,0.0,0.0,0.14725314711844298,0.0,0.14725314711844298,0.14725314711844298,False,1.0,0.0,0.003033595943131351,0.0004467065497118326,0.0,1.2607289993017378e-07,0.00044658047681190243,1.1329660826840695,1.1334720432174863,-0.08157952198547491,0.9998648618728961,0.0007362657355922149,0.9991285961373039,False,False,False,1.0
2026-06-18,2026-06-19 00:00:00,0.14583784463606522,0.0,0.0,0.14583784463606522,0.0,0.0,0.14583784463606522,0.0,0.14583784463606522,0.14583784463606522,False,1.0,0.0,-0.009782096584216693,-0.0014265998818639783,0.0,1.2486116835279557e-07,-0.001426724743032331,1.1265151980464045,1.1249079709399499,-0.08851874858744657,0.9981970857637368,0.0007291892231803261,0.9974678965405565,False,False,False,1.0
2026-06-19,2026-06-20 00:00:00,0.14760564383951758,0.0,0.0,0.14760564383951758,0.0,0.0,0.14760564383951758,0.0,0.14760564383951758,0.14760564383951758,False,1.0,0.0,-0.0007494320710086377,-0.00011062040335521302,0.0,1.263746950680801e-07,-0.0001107467780502811,1.127525299846762,1.127400430052634,-0.08649917915615746,0.9997915961471127,0.0007380282191975879,0.9990535679279151,False,False,False,1.0
2026-06-20,2026-06-21 00:00:00,0.14374942440515043,0.0,0.0,0.14374942440515043,0.0,0.0,0.14374942440515043,0.0,0.14374942440515043,0.14374942440515043,False,1.0,0.0,0.0009664559255828653,0.0001389274830154838,0.0,1.2307313733317673e-07,0.00013880440987815062,1.1304045256297228,1.1305614307628264,-0.08393790929455724,0.9998501991028995,0.0007187471220257522,0.9991314519808737,False,False,False,1.0
2026-06-21,2026-06-22 00:00:00,0.14356475935321422,0.0,0.0,0.14356475935321422,0.0,0.0,0.14356475935321422,0.0,0.14356475935321422,0.14356475935321422,False,1.0,0.0,-0.00017919075144501306,-2.5725477109524924e-05,0.0,1.2291503369282038e-07,-2.5848392143217746e-05,1.1296227721843033,1.129593573251914,-0.08472213698075493,0.9999376380274432,0.0007178237967660711,0.9992198142306771,False,False,False,1.0
2026-06-22,2026-06-23 00:00:00,0.14236680494588722,0.0,0.0,0.14236680494588722,0.0,0.0,0.14236680494588722,0.0,0.14236680494588722,0.14236680494588722,False,1.0,0.0,-0.005383242377066333,-0.0007663950174722369,0.0,1.2188938779613631e-07,-0.000766516906860033,1.1318384625866547,1.1309708892692476,-0.08360613659716731,0.9989972320866946,0.0007118340247294361,0.9982853980619651,False,False,False,1.0
2026-06-23,2026-06-24 00:00:00,0.1423667565471504,0.0,0.0,0.1423667565471504,0.0,0.0,0.1423667565471504,0.0,0.1423667565471504,0.1423667565471504,False,1.0,0.0,0.0024592145015105427,0.00035011039223377323,0.0,1.2188934635886163e-07,0.00034998850288741435,1.1226090124883545,1.1230019127359634,-0.09006317387548424,0.9995921328381258,0.000711833782735752,0.99888029905539,False,False,False,1.0
2026-06-24,2026-06-25 00:00:00,-0.1428683434051414,0.0,0.0,-0.1428683434051414,0.0,0.0,0.0,0.1428683434051414,0.1428683434051414,-0.1428683434051414,False,1.0,0.0,-0.005557980682328156,0.0007940594927620012,0.0,1.2231878716193612e-07,0.0007939371739748393,1.127525356870064,1.1284205411654826,-0.08567261184777375,0.9999656206898215,0.000714341717025707,0.9992512789727959,False,False,False,-1.0
2026-06-25,2026-06-26 00:00:00,-0.14059480778879616,0.0,0.0,-0.14059480778879616,0.0,0.0,0.0,0.14059480778879616,0.14059480778879616,-0.14059480778879616,False,1.0,0.0,0.006645455944988887,-0.0009343166012546253,0.0,1.2037226694246246e-07,-0.0009344369735215678,1.1339234610092512,1.1328638810021405,-0.0820722987027046,0.998734584076034,0.0007029740389439808,0.9980316100370901,False,False,False,-1.0
2026-06-26,2026-06-27 00:00:00,-0.14101742419185895,0.0,0.0,-0.14101742419185895,0.0,0.0,0.0,0.14101742419185895,0.14101742419185895,-0.14101742419185895,False,1.0,0.0,-0.0033510668509437735,0.0004725588156148151,0.0,1.2073409605467376e-07,0.00047243808151876043,1.1310905235357425,1.1316248937727058,-0.08307621516480024,0.9999553822022867,0.0007050871209592947,0.9992502950813275,False,False,False,-1.0
2026-06-27,2026-06-28 00:00:00,-0.1404327260282358,0.0,0.0,-0.1404327260282358,0.0,0.0,0.0,0.1404327260282358,0.1404327260282358,-0.1404327260282358,False,1.0,0.0,7.477380922726873e-05,-1.05006898653006e-05,0.0,1.202334983118457e-07,-1.0620923363612445e-05,1.1290270066748038,1.1290150153654905,-0.08519092614391754,0.9999333753973549,0.000702163630141179,0.9992312117672137,False,False,False,-1.0
2026-06-28,2026-06-29 00:00:00,-0.14003121705970917,0.0,0.0,-0.14003121705970917,0.0,0.0,0.0,0.14003121705970917,0.14003121705970917,-0.14003121705970917,False,1.0,0.0,-0.0004997216740044719,6.997663420196142e-05,0.0,1.1988974063331264e-07,6.98567444613281e-05,1.131361571622378,1.1314406048585801,-0.08322553928233534,0.9998528406004173,0.0007001560852985459,0.9991526845151188,False,False,False,-1.0
2026-06-29,2026-06-30 00:00:00,-0.14075839672972074,0.0,0.0,-0.14075839672972074,0.0,0.0,0.0,0.14075839672972074,0.14075839672972074,-0.14075839672972074,False,1.0,0.0,0.0006589493559403525,-9.27526548682461e-05,0.0,1.2051232596722663e-07,-9.287316719421334e-05,1.1314872831688403,1.1313821983612125,-0.08327286442242376,0.9994050139030862,0.0007037919836486037,0.9987012219194377,False,False,False,-1.0
2026-06-30,2026-07-01 00:00:00,-0.14203038544647134,0.0,0.0,-0.14203038544647134,0.0,0.0,0.0,0.14203038544647134,0.14203038544647134,-0.14203038544647134,False,1.0,0.0,-0.0003897340225024193,5.535407343762235e-05,0.0,1.216013574028008e-07,5.523247208021955e-05,1.1327238610432147,1.1327864241822443,-0.08213505978268021,0.998988985975536,0.0007101519272323568,0.9982788340483036,False,False,False,-1.0
2026-07-01,2026-07-02 00:00:00,-0.14198169372541633,0.0,0.0,-0.14198169372541633,0.0,0.0,0.0,0.14198169372541633,0.14198169372541633,-0.14198169372541633,False,1.0,0.0,-0.001529212270695246,0.00021712014825900087,0.0,1.2155966928545918e-07,0.00021699858858971542,1.1269469411325714,1.1271914870282127,-0.08666847980500447,0.9999473493722035,0.0007099084686270817,0.9992374409035765,False,False,False,-1.0
2026-07-02,2026-07-03 00:00:00,-0.1419797854070553,0.0,0.0,-0.1419797854070553,0.0,0.0,0.0,0.1419797854070553,0.1419797854070553,-0.1419797854070553,False,1.0,0.0,-0.0028805060284875506,0.00040897362778839156,0.0,1.2155803545124595e-07,0.0004088520697529403,1.119227044530494,1.1196846428241738,-0.09275106427059343,0.9998780209936847,0.0007098989270352765,0.9991681220666494,False,False,False,-1.0
2026-07-03,2026-07-04 00:00:00,-0.13933149423992924,0.0,0.0,-0.13933149423992924,0.0,0.0,0.0,0.13933149423992924,0.13933149423992924,-0.13933149423992924,False,1.0,0.0,-0.0012697166800371695,0.00017691152229094097,0.0,1.1929066287665175e-07,0.0001767922316280643,1.116283644802628,1.1164809950793226,-0.09534688982343575,0.9998929296526794,0.0006966574711996462,0.9991962721814798,False,False,False,-1.0
2026-07-04,2026-07-05 00:00:00,-0.13589339181711435,0.0,0.0,-0.13589339181711435,0.0,0.0,0.0,0.13589339181711435,0.13589339181711435,-0.13589339181711435,False,1.0,0.0,0.00012288100092172627,-1.6698716005135337e-05,0.0,1.1634708203520065e-07,-1.681506308717054e-05,1.111292563610984,1.1112738771564186,-0.09956607084377778,0.9996469335191733,0.0006794669590855718,0.9989674665600877,False,False,False,-1.0
2026-07-05,2026-07-06 00:00:00,0.13736970212615304,0.0,0.0,0.06868485106307652,0.0,0.0,0.06868485106307652,0.0,0.06868485106307652,0.06868485106307652,False,0.5,0.0,0.001852364305843457,0.00012722936646141695,0.0,5.880552317044222e-08,0.00012717056093824653,1.1105173095513885,1.1106585346605757,-0.10006466554009719,0.999937102300066,0.0003434242553153826,0.9995936780447506,False,False,False,1.0
2026-07-06,2026-07-07 00:00:00,0.13710968442664623,0.0,0.0,0.06855484221332311,0.0,0.0,0.06855484221332311,0.0,0.06855484221332311,0.06855484221332311,False,0.5,0.0,0.006162660468362224,0.0004224802160228562,0.0,5.869421422373554e-08,0.00042242152180863246,1.1096709578508976,1.11013970674562,-0.10048505718937717,0.999750311442985,0.0003427742110666156,0.9994075372319183,False,False,False,1.0
2026-07-07,2026-07-08 00:00:00,0.16554623310766609,0.0,0.0,0.08277311655383304,0.0,0.0,0.08277311655383304,0.0,0.08277311655383304,0.08277311655383304,False,0.5,0.0,0.001147888108770756,9.501427621804077e-05,0.0,7.086739430978856e-08,9.494340882373099e-05,1.1097883415942007,1.1098937086824245,-0.10068438249267209,0.9999893207425425,0.0004138655827691652,0.9995754551597734,False,False,False,1.0
2026-07-08,2026-07-09 00:00:00,0.16645438310099311,0.0,0.0,0.08322719155049656,0.0,0.0,0.08322719155049656,0.0,0.08322719155049656,0.08322719155049656,False,0.5,0.0,0.001925582910597079,0.00016026085774662577,0.0,7.125615714939774e-08,0.00016018960158947638,1.1058425779021828,1.1060197223841577,-0.10382336449859464,0.9999239137750627,0.0004161359577524828,0.9995077778173103,False,False,False,1.0
2026-07-09,2026-07-10 00:00:00,0.1710610105710128,0.0,0.0,0.0855305052855064,0.0,0.0,0.0855305052855064,0.0,0.0855305052855064,0.0855305052855064,False,0.5,0.0,-0.000994001516857801,-8.501745199140752e-05,0.0,7.32281723334815e-08,-8.5090680163741e-05,1.107016781529675,1.106922584718782,-0.10309180057347733,0.99979893175527,0.00042765252642753204,0.9993712792288425,False,False,False,1.0
2026-07-10,2026-07-11 00:00:00,0.1688961975786844,0.0,0.0,0.0844480987893422,0.0,0.0,0.0844480987893422,0.0,0.0844480987893422,0.0844480987893422,False,0.5,0.0,0.0017345083228423874,0.0001464759301983302,0.0,7.230145444292997e-08,0.00014640362874388728,1.1095107852131403,1.1096732216182261,-0.10086303695187016,0.9999413373264662,0.000422240493946711,0.9995190968325195,False,False,False,1.0
2026-07-11,2026-07-12 00:00:00,0.17226959882578008,0.0,0.0,0.08613479941289004,0.0,0.0,0.08613479941289004,0.0,0.08613479941289004,0.08613479941289004,False,0.5,0.08613479941289004,0.001440961966333365,0.000124116969931728,4.306739970644502e-05,7.374554744254283e-08,8.097582467784044e-05,1.1099431358706449,1.1100330144314174,-0.10057150696711692,0.9997728233476059,0.0004306739970644502,0.9993421493505414,False,False,False,1.0
2026-07-12,2026-07-13 00:00:00,0.17039866646770194,0.0,0.0,0.08519933323385097,0.0,0.0,0.08519933323385097,0.0,0.08519933323385097,0.08519933323385097,False,0.5,0.0,-0.000521734354834158,-4.445141915706367e-05,0.0,7.294463461802309e-08,-4.452436379168169e-05,1.1101968405653362,1.1101474097573265,-0.10047881565590844,0.9999400346169222,0.00042599666616925484,0.9995140379507529,False,False,False,1.0
2026-07-13,2026-07-14 00:00:00,0.17041627286738922,0.0,0.0,0.08520813643369461,0.0,0.0,0.08520813643369461,0.0,0.08520813643369461,0.08520813643369461,False,0.5,0.0,-0.0006921388779472792,-5.8975863943196074e-05,0.0,7.295217160419059e-08,-5.9048816114800266e-05,1.107405291155897,1.1073399001844948,-0.10275366160322552,0.9998584808700784,0.00042604068216847306,0.99943244018791,False,False,False,1.0
2026-07-14,2026-07-15 00:00:00,0.17051444185876508,0.0,0.0,0.17051444185876508,0.0,0.0,0.17051444185876508,0.0,0.17051444185876508,0.17051444185876508,False,1.0,0.0,-0.002888390055001744,-0.0004925122180990301,0.0,1.4598839200236737e-07,-0.0004926582064910325,1.113721256772902,1.1131725728560093,-0.09802761118572367,0.9992579111121512,0.0008525722092938254,0.9984053389028574,False,False,False,1.0
2026-07-15,2026-07-16 00:00:00,0.1686986027563187,0.0,0.0,0.1686986027563187,0.0,0.0,0.1686986027563187,0.0,0.1686986027563187,0.1686986027563187,False,1.0,0.0,-0.001256976738171267,-0.00021205021942668782,0.0,1.4443373523657424e-07,-0.0002121946531619244,1.1190166270419084,1.1187791776968508,-0.09348473716533978,0.9996830891890965,0.0008434930137815936,0.9988395961753149,False,False,False,1.0
2026-07-16,2026-07-17 00:00:00,0.1620771610882458,0.0,0.0,0.1620771610882458,0.0,0.0,0.1620771610882458,0.0,0.1620771610882458,0.1620771610882458,False,1.0,0.0,-0.00013287977038378695,-2.1536775949862153e-05,0.0,1.3876469271253918e-07,-2.1675540642574693e-05,1.1140774775139246,1.1140533292822818,-0.09731395905564078,0.9996216754496278,0.000810385805441229,0.9988112896441865,False,False,False,1.0
2026-07-17,2026-07-18 00:00:00,0.19453388037707015,0.0,0.0,0.09726694018853507,0.0,0.0,0.09726694018853507,0.0,0.09726694018853507,0.09726694018853507,False,0.5,0.0,0.003872970941746212,0.0003767120329427632,0.0,8.327648988744441e-08,0.0003766287564528757,1.1086280318165036,1.1090455730134954,-0.10137160294168113,0.9999150764781306,0.00048633470094267537,0.9994287417771879,False,False,False,1.0
2026-07-18,2026-07-19 00:00:00,0.19710736149564956,0.0,0.0,0.09855368074782478,0.0,0.0,0.09855368074782478,0.0,0.09855368074782478,0.09855368074782478,False,0.5,0.0,0.00034193786500513745,3.3699235183309124e-05,0.0,8.437815132519245e-08,3.3614857031983935e-05,1.1097867139874265,1.109824019309153,-0.10074084982937925,0.9999282378835223,0.0004927684037391239,0.9994354694797831,False,False,False,1.0
2026-07-19,2026-07-20 00:00:00,0.19348649715602162,0.0,0.0,0.09674324857801081,0.0,0.0,0.09674324857801081,0.0,0.09674324857801081,0.09674324857801081,False,0.5,0.0,-0.0005985112033815021,-5.790191812546104e-05,0.0,8.28281237825435e-08,-5.7984746249243585e-05,1.110415955663039,1.1103515684756189,-0.10031339159559138,0.9999032416478632,0.00048371624289005407,0.9994195254049731,False,False,False,1.0
2026-07-20,2026-07-21 00:00:00,0.2080471043195289,0.0,0.0,0.10402355215976446,0.0,0.0,0.10402355215976446,0.0,0.10402355215976446,0.10402355215976446,False,0.5,0.0,0.005845169139622852,0.0006080352568782033,0.0,8.906126041075724e-08,0.0006079461956177925,1.1104823118752616,1.111157425372067,-0.09966042844535228,0.9999993606805886,0.0005201177607988223,0.9994792429197897,False,False,False,1.0
2026-07-21,2026-07-22 00:00:00,0.20808925777769702,0.0,0.0,0.20808925777769702,0.0,0.0,0.20808925777769702,0.0,0.20808925777769702,0.20808925777769702,False,1.0,0.0,0.0022579456328217784,0.0004698542308362763,0.0,1.7815861111104196e-07,0.00046967607222516523,1.11197265199103,1.1124949189386388,-0.09857669507221556,0.9998637261331467,0.0010404462888884852,0.9988232798442582,False,False,False,1.0
2026-07-22,2026-07-23 00:00:00,0.208536594698782,0.0,0.0,0.104268297349391,0.0,0.0,0.104268297349391,0.0,0.104268297349391,0.104268297349391,False,0.5,0.104268297349391,-0.0006586971176855139,-6.868122693001996e-05,5.21341486746955e-05,8.927080252516353e-08,-0.00012090464640724062,1.1102881658009012,1.110153926802805,-0.10047353507747747,0.9997803660898809,0.000521341486746955,0.9992590246031339,False,False,False,1.0
2026-07-23,2026-07-24 00:00:00,0.20821181324013524,0.0,0.0,0.10410590662006762,0.0,0.0,0.10410590662006762,0.0,0.10410590662006762,0.10410590662006762,False,0.5,0.0,0.0024708994708995125,0.00025723522958503916,0.0,8.913176936649624e-08,0.00025714609781567264,1.10704127841471,1.107325949759575,-0.10276496523969358,0.9999580481756215,0.0005205295331003381,0.9994375186425212,False,False,False,1.0
2026-07-24,2026-07-25 00:00:00,0.20830888364748917,0.0,0.0,0.10415444182374459,0.0,0.0,0.10415444182374459,0.0,0.10415444182374459,0.10415444182374459,False,0.5,0.0,-0.001341446401167623,-0.00013971760115008474,0.0,8.917332347923338e-08,-0.00013980677447356397,1.105441312074471,1.1052867638902601,-0.104417260126068,0.9997288586804454,0.000520772209118723,0.9992080864713266,False,False,False,1.0
2026-07-25,2026-07-26 00:00:00,0.22089425018125472,0.0,0.0,0.11044712509062736,0.0,0.0,0.11044712509062736,0.0,0.11044712509062736,0.11044712509062736,False,0.5,0.0,-0.001235717036846773,-0.0001364813941452349,0.0,9.456089476937274e-08,-0.00013657595504000427,1.1058128405558552,1.1056618131110607,-0.10411336830384998,0.9998374275889323,0.0005522356254531369,0.9992851919634792,False,False,False,1.0
2026-07-26,2026-07-27 00:00:00,0.22353426009240993,0.0,0.0,0.11176713004620496,0.0,0.0,0.11176713004620496,0.0,0.11176713004620496,0.11176713004620496,False,0.5,0.0,-7.31509783942208e-05,-8.175874915194005e-06,0.0,9.569103599846314e-08,-8.271565951192468e-06,1.108721554346606,1.1087123834831478,-0.10164157703549515,0.9998165311144372,0.0005588356502310249,0.9992576954642062,False,False,False,1.0
2026-07-27,2026-07-28 00:00:00,0.23255898641045475,0.0,0.0,0.11627949320522737,0.0,0.0,0.11627949320522737,0.0,0.11627949320522737,0.11627949320522737,False,0.5,0.0,-0.0018649660938803159,-0.00021685731224133564,0.0,9.955436062091385e-08,-0.00021695686660195656,1.1080841857883752,1.1078437793154954,-0.10234538253262615,0.9997812359891294,0.0005813974660261368,0.9991998385231032,False,False,False,1.0
2026-07-28,2026-07-29 00:00:00,0.22996152289214844,0.0,0.0,0.11498076144607422,0.0,0.0,0.11498076144607422,0.0,0.11498076144607422,0.11498076144607422,False,0.5,0.0,0.0018953139276858266,0.000217924638584666,0.0,9.844243274492656e-08,0.00021782619615192108,1.1071098369165735,1.1073509944410713,-0.1027446722395361,0.9997759734854128,0.0005749038072303711,0.9992010696781825,False,False,False,1.0
2026-07-29,2026-07-30 00:00:00,0.23068726911518272,0.0,0.0,0.11534363455759136,0.0,0.0,0.11534363455759136,0.0,0.11534363455759136,0.11534363455759136,False,0.5,0.0,0.00021155066638467446,2.440102275388882e-05,0.0,9.875311177875973e-08,2.430226964211006e-05,1.1054866260340106,1.105513491868082,-0.10423354883030522,0.9997253897409071,0.0005767181727879568,0.9991486715681192,False,False,False,1.0
2026-07-30,2026-07-31 00:00:00,0.23351871418244846,0.0,0.0,0.11675935709122423,0.0,0.0,0.11675935709122423,0.0,0.11675935709122423,0.11675935709122423,False,0.5,0.0,3.649425736806933e-05,4.2610460278174475e-06,0.0,9.996520298906184e-08,4.161080824828385e-06,1.1073584161224668,1.1073630239303383,-0.10273492508313387,0.999856241911574,0.0005837967854561212,0.9992724451261178,False,False,False,1.0
2026-07-31,2026-08-01 00:00:00,0.23058473567808843,0.0,0.0,0.11529236783904422,0.0,0.0,0.11529236783904422,0.0,0.11529236783904422,0.11529236783904422,False,0.5,0.0,-0.001110467361915779,-0.00012802841156324703,0.0,9.870921904027757e-08,-0.0001281271207822873,1.1037350179089467,1.1035935995189954,-0.10578918353654754,0.9996238564877353,0.0005764618391952211,0.9990473946485401,False,False,False,1.0
2026-08-01,2026-08-02 00:00:00,0.23200819874904358,0.0,0.0,0.11600409937452179,0.0,0.0,0.11600409937452179,0.0,0.11600409937452179,0.11600409937452179,False,0.5,0.0,-0.00046523815380661304,-5.3969533027001394e-05,0.0,9.931857823161111e-08,-5.4068851605233006e-05,1.1041346353777577,1.1040749360860054,-0.10539917007075061,0.9999459311483947,0.0005800204968726089,0.9993659106515221,False,False,False,1.0
2026-08-02,2026-08-03 00:00:00,0.22877265355000523,0.0,0.0,0.11438632677500261,0.0,0.0,0.11438632677500261,0.0,0.11438632677500261,0.11438632677500261,False,0.5,0.0,-0.0007691025165248444,-8.79748117786877e-05,0.0,9.793349895120087e-08,-8.80727452776389e-05,1.1034179477716328,1.1033207667237839,-0.10601025226752825,0.9998614801598562,0.000571931633875013,0.9992895485259812,False,False,False,1.0
2026-08-03,2026-08-04 00:00:00,0.24315253123881475,0.0,0.0,0.12157626561940738,0.0,0.0,0.12157626561940738,0.0,0.12157626561940738,0.12157626561940738,False,0.5,0.0,-9.66292496739074e-05,-1.1747823324959e-05,0.0,1.0408926850976659e-07,-1.1851912593468768e-05,1.1036886714420076,1.1036755906203433,-0.10572274845599716,0.9997564549051643,0.0006078813280970368,0.9991485735770672,False,False,False,1.0
2026-08-04,2026-08-05 00:00:00,0.24507936725000995,0.0,0.0,0.12253968362500497,0.0,0.0,0.12253968362500497,0.0,0.12253968362500497,0.12253968362500497,False,0.5,0.0,0.00041684257779728284,5.1079757604710564e-05,0.0,1.0491411269264124e-07,5.097484349201792e-05,1.1043044314848731,1.1043607232304355,-0.10516760479539289,0.9998892222777437,0.0006126984181250249,0.9992765238596186,False,False,False,1.0
2026-08-05,2026-08-06 00:00:00,0.25498723174668586,0.0,0.0,0.12749361587334293,0.0,0.0,0.12749361587334293,0.0,0.12749361587334293,0.12749361587334293,False,0.5,0.0,-0.0021472376294070505,-0.00027375908951241,0.0,1.0915549304224565e-07,-0.00027386824500545226,1.104735595930171,1.1044330439313186,-0.10510900536802037,0.999671787518863,0.0006374680793667147,0.9990343194394963,False,False,False,1.0
2026-08-06,2026-08-07 00:00:00,0.2560612400583391,0.0,0.0,0.12803062002916954,0.0,0.0,0.12803062002916954,0.0,0.12803062002916954,0.12803062002916954,False,0.5,0.0,-0.0014587472550454672,-0.00018676431552932027,0.0,1.0961525687428899e-07,-0.00018687393078619456,1.1074203542095618,1.107213406214938,-0.10285615610468368,0.9997609123896034,0.0006401531001458477,0.9991207592894575,False,False,False,1.0
2026-08-07,2026-08-08 00:00:00,0.2564231455591171,0.0,0.0,0.12821157277955855,0.0,0.0,0.12821157277955855,0.0,0.12821157277955855,0.12821157277955855,False,0.5,0.0,-0.00115143147419694,-0.00014762684025467537,0.0,1.0977018217427958e-07,-0.00014773661043684965,1.1079278336205085,1.1077641521177608,-0.10240990220864643,0.9997914758671054,0.0006410578638977928,0.9991504180032076,False,False,False,1.0
2026-08-08,2026-08-09 00:00:00,0.25334490931887627,0.0,0.0,0.12667245465943813,0.0,0.0,0.12667245465943813,0.0,0.12667245465943813,0.12667245465943813,False,0.5,0.0,0.0003747930829853807,4.747595981113667e-05,0.0,1.0845244405773813e-07,4.7367507367078935e-05,1.1080481195666194,1.108100605044086,-0.10213728387696897,0.999949778034422,0.0006333622732971907,0.9993164157611247,False,False,False,1.0
2026-08-09,2026-08-10 00:00:00,0.2762123835050873,0.0,0.0,0.13810619175254366,0.0,0.0,0.13810619175254366,0.0,0.13810619175254366,0.13810619175254366,False,0.5,0.0,0.00015582230024868693,2.1520024477467586e-05,0.0,1.1824160252786271e-07,2.1401782874939725e-05,1.108363734529332,1.108387455489325,-0.10190485703890839,0.9999991644242482,0.0006905309587627183,0.9993086334654855,False,False,False,1.0
2026-08-10,2026-08-11 00:00:00,0.2766680760422261,0.0,0.0,0.13833403802111305,0.0,0.0,0.13833403802111305,0.0,0.13833403802111305,0.13833403802111305,False,0.5,0.0,-0.0008999797637685436,-0.00012449783485939006,0.0,1.1843667638793926e-07,-0.000124616271535778,1.1045590010309385,1.1044213550065387,-0.10511847657460904,0.999826763272247,0.0006916701901055652,0.9991350930821414,False,False,False,1.0
2026-08-11,2026-08-12 00:00:00,0.28608674843859616,0.0,0.0,0.14304337421929808,0.0,0.0,0.14304337421929808,0.0,0.14304337421929808,0.14304337421929808,False,0.5,0.0,0.0017592089477562745,0.0002516431838438384,0.0,1.2246864231104287e-07,0.0002515207152015274,1.1029578962337865,1.1032353129926844,-0.10607949301945874,0.9997851727965185,0.0007152168710964904,0.999069955925422,False,False,False,1.0
2026-08-12,2026-08-13 00:00:00,0.27732876729598843,0.0,0.0,0.13866438364799422,0.0,0.0,0.13866438364799422,0.0,0.13866438364799422,0.13866438364799422,False,0.5,0.0,-0.0009768770560620865,-0.00013545805487871632,0.0,1.1871950654794026e-07,-0.00013557677438526426,1.1058307352609116,1.1056808102968088,-0.10409797541919963,0.9998541723457861,0.0006933219182399711,0.9991608504275461,False,False,False,1.0
2026-08-13,2026-08-14 00:00:00,0.2764748166284809,0.0,0.0,0.13823740831424045,0.0,0.0,0.13823740831424045,0.0,0.13823740831424045,0.13823740831424045,False,0.5,0.0,-0.005761356061327549,-0.0007964349302934606,0.0,1.1835394547452092e-07,-0.0007965532842389351,1.1055400700544937,1.104659448480834,-0.10492555613710641,0.9991434764087969,0.0006911870415712022,0.9984522893672256,False,False,False,1.0
2026-08-14,2026-08-15 00:00:00,0.28262422639505486,0.0,0.0,0.14131211319752743,0.0,0.0,0.14131211319752743,0.0,0.14131211319752743,0.14131211319752743,False,0.5,0.0,-0.001454900732229203,-0.00020559509696393865,0.0,1.209863982855543e-07,-0.0002057160833622242,1.104986637956442,1.104759324433114,-0.10484462946548367,0.9997942839166378,0.0007065605659876371,0.9990877233506502,False,False,False,1.0
2026-08-15,2026-08-15 23:45:00,0.33004209413571695,0.0,0.0,0.16502104706785847,0.0,0.0,0.16502104706785847,0.0,0.16502104706785847,0.16502104706785847,False,0.5,0.0,0.0005840749315040306,9.638465676288284e-05,0.0,1.4128514303755006e-07,9.624337161984528e-05,1.105009798125184,1.1051161479938285,-0.1045555053823981,0.9999814580076568,0.0008251052353392923,0.9991563527723175,False,False,False,1.0
