feature_available_time,available_time,execution_time,exit_time,future_return_1d,expected_return,fold
2022-01-01,2022-01-01,2022-01-01 00:01:00,2022-01-02 00:01:00,-0.014203216470868085,0.0004694478957730794,2022-01-01
2022-01-02,2022-01-02,2022-01-02 00:01:00,2022-01-03 00:01:00,0.01322552018681411,0.00024118120082268404,2022-01-01
2022-01-03,2022-01-03,2022-01-03 00:01:00,2022-01-04 00:01:00,0.00019845259893513933,0.0002642568827628854,2022-01-01
2022-01-04,2022-01-04,2022-01-04 00:01:00,2022-01-05 00:01:00,0.015761946460175924,0.008627638273847448,2022-01-01
2022-01-05,2022-01-05,2022-01-05 00:01:00,2022-01-06 00:01:00,-0.005633443328289411,-1.506513022161201e-05,2022-01-01
2022-01-06,2022-01-06,2022-01-06 00:01:00,2022-01-07 00:01:00,-0.10971099598212641,0.002906630400086727,2022-01-01
2022-01-07,2022-01-07,2022-01-07 00:01:00,2022-01-08 00:01:00,-0.07429679294630587,0.017064151010456968,2022-01-01
2022-01-08,2022-01-08,2022-01-08 00:01:00,2022-01-09 00:01:00,0.004497017349270438,0.015266430920038723,2022-01-01
2022-01-09,2022-01-09,2022-01-09 00:01:00,2022-01-10 00:01:00,-0.01867319690699465,0.007687900917177201,2022-01-01
2022-01-10,2022-01-10,2022-01-10 00:01:00,2022-01-11 00:01:00,-0.03276310104911562,0.004252094913777457,2022-01-01
2022-01-11,2022-01-11,2022-01-11 00:01:00,2022-01-12 00:01:00,0.044726070319062394,0.007376273279211191,2022-01-01
2022-01-12,2022-01-12,2022-01-12 00:01:00,2022-01-13 00:01:00,0.07366745155094412,0.0019296116410187974,2022-01-01
2022-01-13,2022-01-13,2022-01-13 00:01:00,2022-01-14 00:01:00,-0.018846337861169515,0.004555354540767931,2022-01-01
2022-01-14,2022-01-14,2022-01-14 00:01:00,2022-01-15 00:01:00,-0.006202883977599383,0.012045376073305348,2022-01-01
2022-01-15,2022-01-15,2022-01-15 00:01:00,2022-01-16 00:01:00,0.02645060815979461,0.005363183694468923,2022-01-01
2022-01-16,2022-01-16,2022-01-16 00:01:00,2022-01-17 00:01:00,-0.003515439429928824,0.006775227071396612,2022-01-01
2022-01-17,2022-01-17,2022-01-17 00:01:00,2022-01-18 00:01:00,-0.03418192219679628,0.003401886730093745,2022-01-01
2022-01-18,2022-01-18,2022-01-18 00:01:00,2022-01-19 00:01:00,-0.037699294140875694,0.01752505347209883,2022-01-01
2022-01-19,2022-01-19,2022-01-19 00:01:00,2022-01-20 00:01:00,0.002067811389954155,0.01912299178753059,2022-01-01
2022-01-20,2022-01-20,2022-01-20 00:01:00,2022-01-21 00:01:00,0.04436460429537159,0.004609297895836923,2022-01-01
2022-01-21,2022-01-21,2022-01-21 00:01:00,2022-01-22 00:01:00,-0.13461750542219608,0.0064839519880029286,2022-01-01
2022-01-22,2022-01-22,2022-01-22 00:01:00,2022-01-23 00:01:00,-0.15364682893674864,0.019487665432941923,2022-01-01
2022-01-23,2022-01-23,2022-01-23 00:01:00,2022-01-24 00:01:00,0.017453824533226303,0.019407468656140958,2022-01-01
2022-01-24,2022-01-24,2022-01-24 00:01:00,2022-01-25 00:01:00,-0.06822713053058249,0.011062336999994715,2022-01-01
2022-01-25,2022-01-25,2022-01-25 00:01:00,2022-01-26 00:01:00,0.06840080471534948,0.01370304335827445,2022-01-01
2022-01-26,2022-01-26,2022-01-26 00:01:00,2022-01-27 00:01:00,0.07517508506491377,0.005723943115146671,2022-01-01
2022-01-27,2022-01-27,2022-01-27 00:01:00,2022-01-28 00:01:00,-0.048092544157804284,0.004714536344244589,2022-01-01
2022-01-28,2022-01-28,2022-01-28 00:01:00,2022-01-29 00:01:00,-0.016417121577076532,-0.000781295075653961,2022-01-01
2022-01-29,2022-01-29,2022-01-29 00:01:00,2022-01-30 00:01:00,0.04396551016892136,-0.0024846999772351703,2022-01-01
2022-01-30,2022-01-30,2022-01-30 00:01:00,2022-01-31 00:01:00,0.027669941060903813,0.010558080044146417,2022-01-01
2022-01-31,2022-01-31,2022-01-31 00:01:00,2022-02-01 00:01:00,0.0011011615725200485,0.0053313772127434505,2022-01-01
2022-02-01,2022-02-01,2022-02-01 00:01:00,2022-02-02 00:01:00,0.05944696940763072,-0.0032749319919462214,2022-02-01
2022-02-02,2022-02-02,2022-02-02 00:01:00,2022-02-03 00:01:00,-0.04226464067484992,0.005227607728771884,2022-02-01
2022-02-03,2022-02-03,2022-02-03 00:01:00,2022-02-04 00:01:00,-0.00842018888023155,0.0108417744360299,2022-02-01
2022-02-04,2022-02-04,2022-02-04 00:01:00,2022-02-05 00:01:00,0.09187500474502142,0.0038105405237559165,2022-02-01
2022-02-05,2022-02-05,2022-02-05 00:01:00,2022-02-06 00:01:00,0.05887629199303279,0.007061668450577809,2022-02-01
2022-02-06,2022-02-06,2022-02-06 00:01:00,2022-02-07 00:01:00,-0.019325479689531466,0.005991835514997578,2022-02-01
2022-02-07,2022-02-07,2022-02-07 00:01:00,2022-02-08 00:01:00,0.04516113912269071,0.009809875340528958,2022-02-01
2022-02-08,2022-02-08,2022-02-08 00:01:00,2022-02-09 00:01:00,-0.012095779610795332,0.004071693742202961,2022-02-01
2022-02-09,2022-02-09,2022-02-09 00:01:00,2022-02-10 00:01:00,0.030415144017976736,0.009602537718591061,2022-02-01
2022-02-10,2022-02-10,2022-02-10 00:01:00,2022-02-11 00:01:00,0.0080685004358374,0.0021496932158822013,2022-02-01
2022-02-11,2022-02-11,2022-02-11 00:01:00,2022-02-12 00:01:00,-0.030654642055546688,0.0023814560375130765,2022-02-01
2022-02-12,2022-02-12,2022-02-12 00:01:00,2022-02-13 00:01:00,-0.07091906235608947,0.003569542563493536,2022-02-01
2022-02-13,2022-02-13,2022-02-13 00:01:00,2022-02-14 00:01:00,0.012478292969521743,0.010527022919399399,2022-02-01
2022-02-14,2022-02-14,2022-02-14 00:01:00,2022-02-15 00:01:00,0.005104398820955813,0.005233050157398806,2022-02-01
2022-02-15,2022-02-15,2022-02-15 00:01:00,2022-02-16 00:01:00,0.06269925611052063,-0.00432837193994599,2022-02-01
2022-02-16,2022-02-16,2022-02-16 00:01:00,2022-02-17 00:01:00,-0.018051282051282147,-0.0019534941338884837,2022-02-01
2022-02-17,2022-02-17,2022-02-17 00:01:00,2022-02-18 00:01:00,-0.02544325778149148,0.007457965896129682,2022-02-01
2022-02-18,2022-02-18,2022-02-18 00:01:00,2022-02-19 00:01:00,-0.06315038533290018,0.007892242725442918,2022-02-01
2022-02-19,2022-02-19,2022-02-19 00:01:00,2022-02-20 00:01:00,-0.01673828641703423,0.01202862269613966,2022-02-01
2022-02-20,2022-02-20,2022-02-20 00:01:00,2022-02-21 00:01:00,-0.03565715033668326,0.007476304097413798,2022-02-01
2022-02-21,2022-02-21,2022-02-21 00:01:00,2022-02-22 00:01:00,0.02654687081729379,0.01185220291467615,2022-02-01
2022-02-22,2022-02-22,2022-02-22 00:01:00,2022-02-23 00:01:00,-0.0347632864436036,0.0060597592934904625,2022-02-01
2022-02-23,2022-02-23,2022-02-23 00:01:00,2022-02-24 00:01:00,0.023329084302049052,0.00646849540348483,2022-02-01
2022-02-24,2022-02-24,2022-02-24 00:01:00,2022-02-25 00:01:00,-0.08686081446886984,0.007096580859422059,2022-02-01
2022-02-25,2022-02-25,2022-02-25 00:01:00,2022-02-26 00:01:00,0.1141153858683257,0.008224428543823064,2022-02-01
2022-02-26,2022-02-26,2022-02-26 00:01:00,2022-02-27 00:01:00,0.017584064327485383,0.008233198756941111,2022-02-01
2022-02-27,2022-02-27,2022-02-27 00:01:00,2022-02-28 00:01:00,0.00788043575864461,0.008642431624834057,2022-02-01
2022-02-28,2022-02-28,2022-02-28 00:01:00,2022-03-01 00:01:00,0.003253684004205004,0.0029243008060354323,2022-02-01
2022-03-01,2022-03-01,2022-03-01 00:01:00,2022-03-02 00:01:00,0.04758843129036161,-0.0002009657965236812,2022-03-01
2022-03-02,2022-03-02,2022-03-02 00:01:00,2022-03-03 00:01:00,-0.00032890832951870674,0.008672032199872816,2022-03-01
2022-03-03,2022-03-03,2022-03-03 00:01:00,2022-03-04 00:01:00,-0.04068951013845834,0.00744888197318328,2022-03-01
2022-03-04,2022-03-04,2022-03-04 00:01:00,2022-03-05 00:01:00,-0.05409409451881386,0.016914844233913297,2022-03-01
2022-03-05,2022-03-05,2022-03-05 00:01:00,2022-03-06 00:01:00,-0.010926163357916852,0.01582747524211059,2022-03-01
2022-03-06,2022-03-06,2022-03-06 00:01:00,2022-03-07 00:01:00,-0.008560090702947831,0.007051898093107293,2022-03-01
2022-03-07,2022-03-07,2022-03-07 00:01:00,2022-03-08 00:01:00,-0.001505708350010404,0.008414394732034878,2022-03-01
2022-03-08,2022-03-08,2022-03-08 00:01:00,2022-03-09 00:01:00,-0.022997633045735766,-7.018612973501686e-05,2022-03-01
2022-03-09,2022-03-09,2022-03-09 00:01:00,2022-03-10 00:01:00,0.07574360336985575,0.0028358774547963036,2022-03-01
2022-03-10,2022-03-10,2022-03-10 00:01:00,2022-03-11 00:01:00,-0.057493643298220154,0.0014567829905222252,2022-03-01
2022-03-11,2022-03-11,2022-03-11 00:01:00,2022-03-12 00:01:00,-0.005896589998150015,0.007914121246151753,2022-03-01
2022-03-12,2022-03-12,2022-03-12 00:01:00,2022-03-13 00:01:00,0.0025819757930076737,0.004826552630351447,2022-03-01
2022-03-13,2022-03-13,2022-03-13 00:01:00,2022-03-14 00:01:00,-0.0044739528552866226,-0.0011328470203693193,2022-03-01
2022-03-14,2022-03-14,2022-03-14 00:01:00,2022-03-15 00:01:00,-0.0005632139708139361,0.0025809248603938517,2022-03-01
2022-03-15,2022-03-15,2022-03-15 00:01:00,2022-03-16 00:01:00,-1.9432115846429454e-05,0.0013258523982622814,2022-03-01
2022-03-16,2022-03-16,2022-03-16 00:01:00,2022-03-17 00:01:00,0.050038670661987306,0.0013234345325179968,2022-03-01
2022-03-17,2022-03-17,2022-03-17 00:01:00,2022-03-18 00:01:00,0.03806037545896013,0.0018347517690281163,2022-03-01
2022-03-18,2022-03-18,2022-03-18 00:01:00,2022-03-19 00:01:00,0.03145914376076364,0.001450075165249311,2022-03-01
2022-03-19,2022-03-19,2022-03-19 00:01:00,2022-03-20 00:01:00,0.02598502499291344,1.340602218219411e-05,2022-03-01
2022-03-20,2022-03-20,2022-03-20 00:01:00,2022-03-21 00:01:00,-0.03844015646952981,0.0021008865093961084,2022-03-01
2022-03-21,2022-03-21,2022-03-21 00:01:00,2022-03-22 00:01:00,0.03363467535652953,0.015224083379032983,2022-03-01
2022-03-22,2022-03-22,2022-03-22 00:01:00,2022-03-23 00:01:00,0.0174277684930626,0.0028805394247938426,2022-03-01
2022-03-23,2022-03-23,2022-03-23 00:01:00,2022-03-24 00:01:00,0.011378402692166611,0.005853048671474358,2022-03-01
2022-03-24,2022-03-24,2022-03-24 00:01:00,2022-03-25 00:01:00,0.02605873923141555,-0.003070834614076128,2022-03-01
2022-03-25,2022-03-25,2022-03-25 00:01:00,2022-03-26 00:01:00,0.0009086384871008768,-0.0006250494078674715,2022-03-01
2022-03-26,2022-03-26,2022-03-26 00:01:00,2022-03-27 00:01:00,-0.0005838235954551685,0.006664722955477909,2022-03-01
2022-03-27,2022-03-27,2022-03-27 00:01:00,2022-03-28 00:01:00,0.015865526582701017,0.002688776043189633,2022-03-01
2022-03-28,2022-03-28,2022-03-28 00:01:00,2022-03-29 00:01:00,0.062221365628327474,0.002778596121626584,2022-03-01
2022-03-29,2022-03-29,2022-03-29 00:01:00,2022-03-30 00:01:00,0.014009851513420823,0.0030124297401379354,2022-03-01
2022-03-30,2022-03-30,2022-03-30 00:01:00,2022-03-31 00:01:00,-0.008301506004658288,0.005486213727235195,2022-03-01
2022-03-31,2022-03-31,2022-03-31 00:01:00,2022-04-01 00:01:00,-0.00772912279041138,0.005865485769988963,2022-03-01
2022-04-01,2022-04-01,2022-04-01 00:01:00,2022-04-02 00:01:00,0.024772028772517718,0.009755068029669405,2022-04-01
2022-04-02,2022-04-02,2022-04-02 00:01:00,2022-04-03 00:01:00,0.006705083937178724,0.002305184389155883,2022-04-01
2022-04-03,2022-04-03,2022-04-03 00:01:00,2022-04-04 00:01:00,0.011081445008870983,0.005179528803809952,2022-04-01
2022-04-04,2022-04-04,2022-04-04 00:01:00,2022-04-05 00:01:00,-0.02288880823299777,0.002711657946390361,2022-04-01
2022-04-05,2022-04-05,2022-04-05 00:01:00,2022-04-06 00:01:00,0.008859315589353711,0.010718416298322044,2022-04-01
2022-04-06,2022-04-06,2022-04-06 00:01:00,2022-04-07 00:01:00,-0.05597673724157726,0.0074868519319439665,2022-04-01
2022-04-07,2022-04-07,2022-04-07 00:01:00,2022-04-08 00:01:00,-0.017551079322279617,0.012047415126456545,2022-04-01
2022-04-08,2022-04-08,2022-04-08 00:01:00,2022-04-09 00:01:00,0.025407463442386202,0.009302799081488062,2022-04-01
2022-04-09,2022-04-09,2022-04-09 00:01:00,2022-04-10 00:01:00,-0.02361035746294604,0.006387599628784097,2022-04-01
2022-04-10,2022-04-10,2022-04-10 00:01:00,2022-04-11 00:01:00,0.016719275404400546,0.01024629371359839,2022-04-01
2022-04-11,2022-04-11,2022-04-11 00:01:00,2022-04-12 00:01:00,-0.07720394049944101,0.00399575454194487,2022-04-01
2022-04-12,2022-04-12,2022-04-12 00:01:00,2022-04-13 00:01:00,0.012698708498750433,0.015347126919557055,2022-04-01
2022-04-13,2022-04-13,2022-04-13 00:01:00,2022-04-14 00:01:00,0.015385171481241855,0.00592806879162204,2022-04-01
2022-04-14,2022-04-14,2022-04-14 00:01:00,2022-04-15 00:01:00,-0.02418762398827201,0.006494511970958649,2022-04-01
2022-04-15,2022-04-15,2022-04-15 00:01:00,2022-04-16 00:01:00,0.003973110202403207,0.01662346975041068,2022-04-01
2022-04-16,2022-04-16,2022-04-16 00:01:00,2022-04-17 00:01:00,-0.0031150384011890964,0.006667751631454241,2022-04-01
2022-04-17,2022-04-17,2022-04-17 00:01:00,2022-04-18 00:01:00,0.017168021949619305,0.012532104346061546,2022-04-01
2022-04-18,2022-04-18,2022-04-18 00:01:00,2022-04-19 00:01:00,-0.04995064551753792,0.005347701718692399,2022-04-01
2022-04-19,2022-04-19,2022-04-19 00:01:00,2022-04-20 00:01:00,0.06721187806467088,0.015415772819283798,2022-04-01
2022-04-20,2022-04-20,2022-04-20 00:01:00,2022-04-21 00:01:00,-0.014850705745892867,0.00892811082998818,2022-04-01
2022-04-21,2022-04-21,2022-04-21 00:01:00,2022-04-22 00:01:00,0.01279805876539819,0.013553767509763653,2022-04-01
2022-04-22,2022-04-22,2022-04-22 00:01:00,2022-04-23 00:01:00,-0.04856488682362259,0.009951093080198209,2022-04-01
2022-04-23,2022-04-23,2022-04-23 00:01:00,2022-04-24 00:01:00,0.0035064917482365843,0.01587327958432126,2022-04-01
2022-04-24,2022-04-24,2022-04-24 00:01:00,2022-04-25 00:01:00,-0.005905803944847743,0.005946762588606856,2022-04-01
2022-04-25,2022-04-25,2022-04-25 00:01:00,2022-04-26 00:01:00,-0.02760427092628337,0.008903011650602956,2022-04-01
2022-04-26,2022-04-26,2022-04-26 00:01:00,2022-04-27 00:01:00,-0.0007466826703327323,0.012547033418756199,2022-04-01
2022-04-27,2022-04-27,2022-04-27 00:01:00,2022-04-28 00:01:00,0.0010789595896463222,0.013396215601164076,2022-04-01
2022-04-28,2022-04-28,2022-04-28 00:01:00,2022-04-29 00:01:00,0.007778273851047901,0.002229747867544832,2022-04-01
2022-04-29,2022-04-29,2022-04-29 00:01:00,2022-04-30 00:01:00,-0.012318032991146532,0.004218515918064583,2022-04-01
2022-04-30,2022-04-30,2022-04-30 00:01:00,2022-05-01 00:01:00,-0.012811572466332799,0.00963333140406768,2022-04-01
2022-05-01,2022-05-01,2022-05-01 00:01:00,2022-05-02 00:01:00,-0.0033935487077181303,0.003578271119679145,2022-05-01
2022-05-02,2022-05-02,2022-05-02 00:01:00,2022-05-03 00:01:00,0.007878755498566425,-8.914319503390642e-05,2022-05-01
2022-05-03,2022-05-03,2022-05-03 00:01:00,2022-05-04 00:01:00,-0.002102718691578964,0.0020966510775917496,2022-05-01
2022-05-04,2022-05-04,2022-05-04 00:01:00,2022-05-05 00:01:00,0.007128893799668523,0.0027480532517653346,2022-05-01
2022-05-05,2022-05-05,2022-05-05 00:01:00,2022-05-06 00:01:00,-0.03790987569667881,0.0012629042662820602,2022-05-01
2022-05-06,2022-05-06,2022-05-06 00:01:00,2022-05-07 00:01:00,-0.017353547462756413,0.00835615393775211,2022-05-01
2022-05-07,2022-05-07,2022-05-07 00:01:00,2022-05-08 00:01:00,0.001119558425328071,0.006027670109759366,2022-05-01
2022-05-08,2022-05-08,2022-05-08 00:01:00,2022-05-09 00:01:00,-0.06262144398993907,0.002784052713765095,2022-05-01
2022-05-09,2022-05-09,2022-05-09 00:01:00,2022-05-10 00:01:00,-0.05728848760612282,0.010643034143288245,2022-05-01
2022-05-10,2022-05-10,2022-05-10 00:01:00,2022-05-11 00:01:00,-0.006087921697891074,0.00948735835636115,2022-05-01
2022-05-11,2022-05-11,2022-05-11 00:01:00,2022-05-12 00:01:00,-0.044120135363790225,0.004687846783215314,2022-05-01
2022-05-12,2022-05-12,2022-05-12 00:01:00,2022-05-13 00:01:00,-0.12749922556091509,0.00668523391817095,2022-05-01
2022-05-13,2022-05-13,2022-05-13 00:01:00,2022-05-14 00:01:00,0.060986310541238264,0.007157658056194844,2022-05-01
2022-05-14,2022-05-14,2022-05-14 00:01:00,2022-05-15 00:01:00,-0.05995229057810614,0.0007178003808493002,2022-05-01
2022-05-15,2022-05-15,2022-05-15 00:01:00,2022-05-16 00:01:00,0.04814841183470464,0.0033059250189948442,2022-05-01
2022-05-16,2022-05-16,2022-05-16 00:01:00,2022-05-17 00:01:00,-0.023822230847605597,-0.0006665791053229149,2022-05-01
2022-05-17,2022-05-17,2022-05-17 00:01:00,2022-05-18 00:01:00,0.02511928429423449,0.005920457532245251,2022-05-01
2022-05-18,2022-05-18,2022-05-18 00:01:00,2022-05-19 00:01:00,-0.05107294888826397,0.0008965580710392227,2022-05-01
2022-05-19,2022-05-19,2022-05-19 00:01:00,2022-05-20 00:01:00,0.03266911914980586,0.007810399401355449,2022-05-01
2022-05-20,2022-05-20,2022-05-20 00:01:00,2022-05-21 00:01:00,-0.03095282860168036,0.005416425861208308,2022-05-01
2022-05-21,2022-05-21,2022-05-21 00:01:00,2022-05-22 00:01:00,0.01033912324234909,0.010523476681746424,2022-05-01
2022-05-22,2022-05-22,2022-05-22 00:01:00,2022-05-23 00:01:00,0.012800493220741727,0.0035077513067983254,2022-05-01
2022-05-23,2022-05-23,2022-05-23 00:01:00,2022-05-24 00:01:00,0.03055145297780615,0.007598675388987434,2022-05-01
2022-05-24,2022-05-24,2022-05-24 00:01:00,2022-05-25 00:01:00,-0.048707508025118695,0.0069544457311338055,2022-05-01
2022-05-25,2022-05-25,2022-05-25 00:01:00,2022-05-26 00:01:00,-0.0004224370034455749,0.010134694277174793,2022-05-01
2022-05-26,2022-05-26,2022-05-26 00:01:00,2022-05-27 00:01:00,-0.05273528992443832,0.012838298310904873,2022-05-01
2022-05-27,2022-05-27,2022-05-27 00:01:00,2022-05-28 00:01:00,-0.05274162944328886,0.009917621849202665,2022-05-01
2022-05-28,2022-05-28,2022-05-28 00:01:00,2022-05-29 00:01:00,0.016348232677172003,0.011032343500067182,2022-05-01
2022-05-29,2022-05-29,2022-05-29 00:01:00,2022-05-30 00:01:00,0.003629095294459317,0.004993982533445776,2022-05-01
2022-05-30,2022-05-30,2022-05-30 00:01:00,2022-05-31 00:01:00,0.06320720079217623,0.0036075092319679198,2022-05-01
2022-05-31,2022-05-31,2022-05-31 00:01:00,2022-06-01 00:01:00,0.04106320636249472,-0.0009648227563225269,2022-05-01
2022-06-01,2022-06-01,2022-06-01 00:01:00,2022-06-02 00:01:00,-0.056647300068352724,-0.0023292843732249996,2022-06-01
2022-06-02,2022-06-02,2022-06-02 00:01:00,2022-06-03 00:01:00,-0.03176928773501975,0.0019531512522439707,2022-06-01
2022-06-03,2022-06-03,2022-06-03 00:01:00,2022-06-04 00:01:00,-0.02785389635401181,-0.0022198074549988275,2022-06-01
2022-06-04,2022-06-04,2022-06-04 00:01:00,2022-06-05 00:01:00,0.005331914508241331,0.0028471941360644955,2022-06-01
2022-06-05,2022-06-05,2022-06-05 00:01:00,2022-06-06 00:01:00,0.020426317745222855,-0.002498160075020909,2022-06-01
2022-06-06,2022-06-06,2022-06-06 00:01:00,2022-06-07 00:01:00,0.04080731839198415,-0.004501374066213346,2022-06-01
2022-06-07,2022-06-07,2022-06-07 00:01:00,2022-06-08 00:01:00,-0.055996140756369384,-0.005834657612373008,2022-06-01
2022-06-08,2022-06-08,2022-06-08 00:01:00,2022-06-09 00:01:00,0.020238663484486885,-0.0022638336419716736,2022-06-01
2022-06-09,2022-06-09,2022-06-09 00:01:00,2022-06-10 00:01:00,-0.00833888341525435,-0.0008107594917030059,2022-06-01
2022-06-10,2022-06-10,2022-06-10 00:01:00,2022-06-11 00:01:00,-0.041440021313914,0.001236297539081296,2022-06-01
2022-06-11,2022-06-11,2022-06-11 00:01:00,2022-06-12 00:01:00,-0.11968291468343584,0.006835269499960141,2022-06-01
2022-06-12,2022-06-12,2022-06-12 00:01:00,2022-06-13 00:01:00,0.0005196377007017361,0.010813212072759867,2022-06-01
2022-06-13,2022-06-13,2022-06-13 00:01:00,2022-06-14 00:01:00,-0.1954400820469666,0.0001636275277607374,2022-06-01
2022-06-14,2022-06-14,2022-06-14 00:01:00,2022-06-15 00:01:00,0.017225036770714297,0.002738360528630336,2022-06-01
2022-06-15,2022-06-15,2022-06-15 00:01:00,2022-06-16 00:01:00,-0.1029818135081293,-0.00877579297946153,2022-06-01
2022-06-16,2022-06-16,2022-06-16 00:01:00,2022-06-17 00:01:00,-0.0026059390335638755,-0.0069078867703494425,2022-06-01
2022-06-17,2022-06-17,2022-06-17 00:01:00,2022-06-18 00:01:00,-0.025831185971969095,-0.009008045534153589,2022-06-01
2022-06-18,2022-06-18,2022-06-18 00:01:00,2022-06-19 00:01:00,-0.08689400921658985,-0.00842462019743652,2022-06-01
2022-06-19,2022-06-19,2022-06-19 00:01:00,2022-06-20 00:01:00,0.07698441537467704,-0.0031982879880633197,2022-06-01
2022-06-20,2022-06-20,2022-06-20 00:01:00,2022-06-21 00:01:00,0.06281221004882886,-0.008886625223560051,2022-06-01
2022-06-21,2022-06-21,2022-06-21 00:01:00,2022-06-22 00:01:00,0.031728115272352087,-0.002977521636751905,2022-06-01
2022-06-22,2022-06-22,2022-06-22 00:01:00,2022-06-23 00:01:00,-0.08150497012794977,-0.006150279399947356,2022-06-01
2022-06-23,2022-06-23,2022-06-23 00:01:00,2022-06-24 00:01:00,0.018080641709239398,0.002979662607409908,2022-06-01
2022-06-24,2022-06-24,2022-06-24 00:01:00,2022-06-25 00:01:00,0.09417216606036227,0.000309021526088641,2022-06-01
2022-06-25,2022-06-25,2022-06-25 00:01:00,2022-06-26 00:01:00,-0.011820330969267046,0.001694375560215483,2022-06-01
2022-06-26,2022-06-26,2022-06-26 00:01:00,2022-06-27 00:01:00,0.03223324936175964,0.011680397703787353,2022-06-01
2022-06-27,2022-06-27,2022-06-27 00:01:00,2022-06-28 00:01:00,-0.028229339841286727,0.006890471967275085,2022-06-01
2022-06-28,2022-06-28,2022-06-28 00:01:00,2022-06-29 00:01:00,-0.0016854879487612218,0.008270619462348026,2022-06-01
2022-06-29,2022-06-29,2022-06-29 00:01:00,2022-06-30 00:01:00,-0.05812088468681409,0.005679864063291645,2022-06-01
2022-06-30,2022-06-30,2022-06-30 00:01:00,2022-07-01 00:01:00,-0.07546493390096354,0.008944251524697359,2022-06-01
2022-07-01,2022-07-01,2022-07-01 00:01:00,2022-07-02 00:01:00,0.02492365857205181,0.0003975639681570507,2022-07-01
2022-07-02,2022-07-02,2022-07-02 00:01:00,2022-07-03 00:01:00,-0.003906323893838715,-0.00605563146324712,2022-07-01
2022-07-03,2022-07-03,2022-07-03 00:01:00,2022-07-04 00:01:00,-0.002430848993001944,-0.007996750079683,2022-07-01
2022-07-04,2022-07-04,2022-07-04 00:01:00,2022-07-05 00:01:00,0.05820649742520745,-0.008184541550464873,2022-07-01
2022-07-05,2022-07-05,2022-07-05 00:01:00,2022-07-06 00:01:00,-0.0170816392616846,-0.016056310564774946,2022-07-01
2022-07-06,2022-07-06,2022-07-06 00:01:00,2022-07-07 00:01:00,0.036843502054487276,-0.01190438442349026,2022-07-01
2022-07-07,2022-07-07,2022-07-07 00:01:00,2022-07-08 00:01:00,0.07681444672945026,-0.013705026666068761,2022-07-01
2022-07-08,2022-07-08,2022-07-08 00:01:00,2022-07-09 00:01:00,0.011401452435205961,-0.012051103599866955,2022-07-01
2022-07-09,2022-07-09,2022-07-09 00:01:00,2022-07-10 00:01:00,-0.014765829504104766,-0.011635029796224407,2022-07-01
2022-07-10,2022-07-10,2022-07-10 00:01:00,2022-07-11 00:01:00,-0.042575943275945716,-0.007617684740380808,2022-07-01
2022-07-11,2022-07-11,2022-07-11 00:01:00,2022-07-12 00:01:00,-0.017999054942222648,-0.0009387748203288936,2022-07-01
2022-07-12,2022-07-12,2022-07-12 00:01:00,2022-07-13 00:01:00,-0.05856517935258099,-0.002925296150888585,2022-07-01
2022-07-13,2022-07-13,2022-07-13 00:01:00,2022-07-14 00:01:00,-0.013995502109547697,-0.0006724748667164761,2022-07-01
2022-07-14,2022-07-14,2022-07-14 00:01:00,2022-07-15 00:01:00,0.07790763430725733,-0.0019848378693171982,2022-07-01
2022-07-15,2022-07-15,2022-07-15 00:01:00,2022-07-16 00:01:00,0.06901526677509029,-0.007492827883197781,2022-07-01
2022-07-16,2022-07-16,2022-07-16 00:01:00,2022-07-17 00:01:00,0.04507643609059464,-0.00585122667275869,2022-07-01
2022-07-17,2022-07-17,2022-07-17 00:01:00,2022-07-18 00:01:00,0.05675823745793229,-0.006281922662442653,2022-07-01
2022-07-18,2022-07-18,2022-07-18 00:01:00,2022-07-19 00:01:00,0.12641643584008544,-0.0003221124489269649,2022-07-01
2022-07-19,2022-07-19,2022-07-19 00:01:00,2022-07-20 00:01:00,0.010447692499884864,0.002184178877896677,2022-07-01
2022-07-20,2022-07-20,2022-07-20 00:01:00,2022-07-21 00:01:00,0.03898360229047371,0.008156005495328592,2022-07-01
2022-07-21,2022-07-21,2022-07-21 00:01:00,2022-07-22 00:01:00,-0.05351629287722881,0.008170660604302991,2022-07-01
2022-07-22,2022-07-22,2022-07-22 00:01:00,2022-07-23 00:01:00,0.04025118113362347,0.011084653714016403,2022-07-01
2022-07-23,2022-07-23,2022-07-23 00:01:00,2022-07-24 00:01:00,-0.030672544192762552,0.00820798124543448,2022-07-01
2022-07-24,2022-07-24,2022-07-24 00:01:00,2022-07-25 00:01:00,0.05706523522347706,0.009330233009716318,2022-07-01
2022-07-25,2022-07-25,2022-07-25 00:01:00,2022-07-26 00:01:00,-0.0525691724142211,-0.0012051770395011077,2022-07-01
2022-07-26,2022-07-26,2022-07-26 00:01:00,2022-07-27 00:01:00,-0.10392818530288639,0.0016015477344347088,2022-07-01
2022-07-27,2022-07-27,2022-07-27 00:01:00,2022-07-28 00:01:00,0.08942334410693653,0.00369145785828252,2022-07-01
2022-07-28,2022-07-28,2022-07-28 00:01:00,2022-07-29 00:01:00,0.157548176637603,-0.006362945853477797,2022-07-01
2022-07-29,2022-07-29,2022-07-29 00:01:00,2022-07-30 00:01:00,-0.002000521875271888,-0.005765306178816798,2022-07-01
2022-07-30,2022-07-30,2022-07-30 00:01:00,2022-07-31 00:01:00,0.008076230317820121,-0.003287129980624868,2022-07-01
2022-07-31,2022-07-31,2022-07-31 00:01:00,2022-08-01 00:01:00,-0.01293371757925077,-0.0008764940453475415,2022-07-01
2022-08-01,2022-08-01,2022-08-01 00:01:00,2022-08-02 00:01:00,-0.02297729714579333,0.005643437799231059,2022-08-01
2022-08-02,2022-08-02,2022-08-02 00:01:00,2022-08-03 00:01:00,-0.02757573765397059,0.00825971681375118,2022-08-01
2022-08-03,2022-08-03,2022-08-03 00:01:00,2022-08-04 00:01:00,0.016274653210986534,0.008627362890990004,2022-08-01
2022-08-04,2022-08-04,2022-08-04 00:01:00,2022-08-05 00:01:00,-0.02209791055607635,0.005492071071624785,2022-08-01
2022-08-05,2022-08-05,2022-08-05 00:01:00,2022-08-06 00:01:00,0.033988658078799805,0.011253113337843387,2022-08-01
2022-08-06,2022-08-06,2022-08-06 00:01:00,2022-08-07 00:01:00,0.025317439906218375,0.007939081472899203,2022-08-01
2022-08-07,2022-08-07,2022-08-07 00:01:00,2022-08-08 00:01:00,-0.007857434521378992,0.007926618026792615,2022-08-01
2022-08-08,2022-08-08,2022-08-08 00:01:00,2022-08-09 00:01:00,0.0446781865324577,0.0075951673726536995,2022-08-01
2022-08-09,2022-08-09,2022-08-09 00:01:00,2022-08-10 00:01:00,-0.051068763296225894,0.010754285201996389,2022-08-01
2022-08-10,2022-08-10,2022-08-10 00:01:00,2022-08-11 00:01:00,0.08982373315619663,0.019320502552602654,2022-08-01
2022-08-11,2022-08-11,2022-08-11 00:01:00,2022-08-12 00:01:00,0.03034508280136916,0.011884412030778373,2022-08-01
2022-08-12,2022-08-12,2022-08-12 00:01:00,2022-08-13 00:01:00,0.003528249766279856,0.01217027632104728,2022-08-01
2022-08-13,2022-08-13,2022-08-13 00:01:00,2022-08-14 00:01:00,0.046858634610020156,0.010988756673771884,2022-08-01
2022-08-14,2022-08-14,2022-08-14 00:01:00,2022-08-15 00:01:00,-0.0035093011563599452,0.010522229762498746,2022-08-01
2022-08-15,2022-08-15,2022-08-15 00:01:00,2022-08-16 00:01:00,-0.032032976458360674,0.011624374897541197,2022-08-01
2022-08-16,2022-08-16,2022-08-16 00:01:00,2022-08-17 00:01:00,-0.016199903050773234,0.011996986571547606,2022-08-01
2022-08-17,2022-08-17,2022-08-17 00:01:00,2022-08-18 00:01:00,-0.030618029616678588,0.011210753347286115,2022-08-01
2022-08-18,2022-08-18,2022-08-18 00:01:00,2022-08-19 00:01:00,0.023501634183400233,0.011962910395005575,2022-08-01
2022-08-19,2022-08-19,2022-08-19 00:01:00,2022-08-20 00:01:00,-0.09225379940832823,0.0075329528388976205,2022-08-01
2022-08-20,2022-08-20,2022-08-20 00:01:00,2022-08-21 00:01:00,-0.03769045237955182,0.013162356616097673,2022-08-01
2022-08-21,2022-08-21,2022-08-21 00:01:00,2022-08-22 00:01:00,-0.007947036061204393,0.011420512527979036,2022-08-01
2022-08-22,2022-08-22,2022-08-22 00:01:00,2022-08-23 00:01:00,-0.017845368892613567,0.004211588044526341,2022-08-01
2022-08-23,2022-08-23,2022-08-23 00:01:00,2022-08-24 00:01:00,0.028421389448324064,0.007748253600837132,2022-08-01
2022-08-24,2022-08-24,2022-08-24 00:01:00,2022-08-25 00:01:00,0.0283375122775551,0.005411762738432059,2022-08-01
2022-08-25,2022-08-25,2022-08-25 00:01:00,2022-08-26 00:01:00,0.008720826758106925,0.0051752677457739035,2022-08-01
2022-08-26,2022-08-26,2022-08-26 00:01:00,2022-08-27 00:01:00,-0.06404676766726258,0.007090591597456804,2022-08-01
2022-08-27,2022-08-27,2022-08-27 00:01:00,2022-08-28 00:01:00,-0.07503361777532025,0.014506824770256973,2022-08-01
2022-08-28,2022-08-28,2022-08-28 00:01:00,2022-08-29 00:01:00,0.012391220168341155,0.009766899756010491,2022-08-01
2022-08-29,2022-08-29,2022-08-29 00:01:00,2022-08-30 00:01:00,0.02045965442039921,0.0033661551757697646,2022-08-01
2022-08-30,2022-08-30,2022-08-30 00:01:00,2022-08-31 00:01:00,0.0036626905322407755,0.001769269475436226,2022-08-01
2022-08-31,2022-08-31,2022-08-31 00:01:00,2022-09-01 00:01:00,0.02312112218356699,0.006150348056912412,2022-08-01
2022-09-01,2022-09-01,2022-09-01 00:01:00,2022-09-02 00:01:00,-0.015682633196721363,0.0029968188080815904,2022-09-01
2022-09-02,2022-09-02,2022-09-02 00:01:00,2022-09-03 00:01:00,0.06537593275692699,0.005723340502633763,2022-09-01
2022-09-03,2022-09-03,2022-09-03 00:01:00,2022-09-04 00:01:00,-0.05418295065950174,0.005940715687367639,2022-09-01
2022-09-04,2022-09-04,2022-09-04 00:01:00,2022-09-05 00:01:00,0.007315010297830105,0.014494282827445509,2022-09-01
2022-09-05,2022-09-05,2022-09-05 00:01:00,2022-09-06 00:01:00,0.025342904755800477,0.008384021704757435,2022-09-01
2022-09-06,2022-09-06,2022-09-06 00:01:00,2022-09-07 00:01:00,0.04330703739357644,0.006193828957956357,2022-09-01
2022-09-07,2022-09-07,2022-09-07 00:01:00,2022-09-08 00:01:00,-0.07416328144659734,0.004784875326440555,2022-09-01
2022-09-08,2022-09-08,2022-09-08 00:01:00,2022-09-09 00:01:00,0.053583909295643384,0.0051735305111839875,2022-09-01
2022-09-09,2022-09-09,2022-09-09 00:01:00,2022-09-10 00:01:00,0.05488808628780628,0.004392109861083491,2022-09-01
2022-09-10,2022-09-10,2022-09-10 00:01:00,2022-09-11 00:01:00,-0.0002562012344241582,-0.003667263790300892,2022-09-01
2022-09-11,2022-09-11,2022-09-11 00:01:00,2022-09-12 00:01:00,0.029779377504426385,-0.0016191992553808406,2022-09-01
2022-09-12,2022-09-12,2022-09-12 00:01:00,2022-09-13 00:01:00,-0.03387836592028681,-0.0024343188356979037,2022-09-01
2022-09-13,2022-09-13,2022-09-13 00:01:00,2022-09-14 00:01:00,-0.0695941318003267,0.0016659826717988005,2022-09-01
2022-09-14,2022-09-14,2022-09-14 00:01:00,2022-09-15 00:01:00,0.0016044698642807553,0.000740123959470004,2022-09-01
2022-09-15,2022-09-15,2022-09-15 00:01:00,2022-09-16 00:01:00,-0.06558365685424594,-0.0018888603022676953,2022-09-01
2022-09-16,2022-09-16,2022-09-16 00:01:00,2022-09-17 00:01:00,-0.025856157476503605,0.0019099189737490224,2022-09-01
2022-09-17,2022-09-17,2022-09-17 00:01:00,2022-09-18 00:01:00,-0.00448585231193932,0.00031154710966201874,2022-09-01
2022-09-18,2022-09-18,2022-09-18 00:01:00,2022-09-19 00:01:00,-0.018142114384748775,-0.00382507294630748,2022-09-01
2022-09-19,2022-09-19,2022-09-19 00:01:00,2022-09-20 00:01:00,-0.05218416611947774,0.0031439754880809604,2022-09-01
2022-09-20,2022-09-20,2022-09-20 00:01:00,2022-09-21 00:01:00,0.026087215625512084,0.0018882987415832888,2022-09-01
2022-09-21,2022-09-21,2022-09-21 00:01:00,2022-09-22 00:01:00,-0.024923045649901332,-0.000717851976449183,2022-09-01
2022-09-22,2022-09-22,2022-09-22 00:01:00,2022-09-23 00:01:00,-0.053041076307971835,0.0027349091786742314,2022-09-01
2022-09-23,2022-09-23,2022-09-23 00:01:00,2022-09-24 00:01:00,0.01885412817347687,0.0024465927157832157,2022-09-01
2022-09-24,2022-09-24,2022-09-24 00:01:00,2022-09-25 00:01:00,0.034548751784542864,0.000503188034565216,2022-09-01
2022-09-25,2022-09-25,2022-09-25 00:01:00,2022-09-26 00:01:00,-0.021191687428204764,-0.0014631523391903179,2022-09-01
2022-09-26,2022-09-26,2022-09-26 00:01:00,2022-09-27 00:01:00,0.008718116764847128,0.0040025539006254525,2022-09-01
2022-09-27,2022-09-27,2022-09-27 00:01:00,2022-09-28 00:01:00,0.032712575076492945,0.001773991485342674,2022-09-01
2022-09-28,2022-09-28,2022-09-28 00:01:00,2022-09-29 00:01:00,-0.02505578111854856,0.00458051093184733,2022-09-01
2022-09-29,2022-09-29,2022-09-29 00:01:00,2022-09-30 00:01:00,-0.0033465896300742815,0.0021667618656732316,2022-09-01
2022-09-30,2022-09-30,2022-09-30 00:01:00,2022-10-01 00:01:00,0.015750165632717028,0.004963628034936392,2022-09-01
2022-10-01,2022-10-01,2022-10-01 00:01:00,2022-10-02 00:01:00,-0.019538082955320446,0.0070013734074175415,2022-10-01
2022-10-02,2022-10-02,2022-10-02 00:01:00,2022-10-03 00:01:00,-0.02225582098578771,0.010763070414754347,2022-10-01
2022-10-03,2022-10-03,2022-10-03 00:01:00,2022-10-04 00:01:00,0.020373291272345107,0.009801700012427278,2022-10-01
2022-10-04,2022-10-04,2022-10-04 00:01:00,2022-10-05 00:01:00,0.026172416667298082,0.004527309145060758,2022-10-01
2022-10-05,2022-10-05,2022-10-05 00:01:00,2022-10-06 00:01:00,-0.018091194388037635,0.0015680481348522993,2022-10-01
2022-10-06,2022-10-06,2022-10-06 00:01:00,2022-10-07 00:01:00,0.023365294228238298,0.0054972831283849055,2022-10-01
2022-10-07,2022-10-07,2022-10-07 00:01:00,2022-10-08 00:01:00,-0.020076130568333794,-0.0011720966688865617,2022-10-01
2022-10-08,2022-10-08,2022-10-08 00:01:00,2022-10-09 00:01:00,-0.007079115110611212,0.0017629651258516108,2022-10-01
2022-10-09,2022-10-09,2022-10-09 00:01:00,2022-10-10 00:01:00,0.0012461670921257717,-0.0021066679034575904,2022-10-01
2022-10-10,2022-10-10,2022-10-10 00:01:00,2022-10-11 00:01:00,-0.012747886038424805,-0.010195969812081315,2022-10-01
2022-10-11,2022-10-11,2022-10-11 00:01:00,2022-10-12 00:01:00,-0.012828447215409433,-0.0044727063043735775,2022-10-01
2022-10-12,2022-10-12,2022-10-12 00:01:00,2022-10-13 00:01:00,0.005448832061423214,-0.0095109493527138,2022-10-01
2022-10-13,2022-10-13,2022-10-13 00:01:00,2022-10-14 00:01:00,-0.032015457330685226,-0.010093078044775966,2022-10-01
2022-10-14,2022-10-14,2022-10-14 00:01:00,2022-10-15 00:01:00,0.0415119247377671,-0.005051278387542438,2022-10-01
2022-10-15,2022-10-15,2022-10-15 00:01:00,2022-10-16 00:01:00,-0.018225965319508042,-0.005785561551571033,2022-10-01
2022-10-16,2022-10-16,2022-10-16 00:01:00,2022-10-17 00:01:00,0.0008088349665578143,-0.0010211030905360957,2022-10-01
2022-10-17,2022-10-17,2022-10-17 00:01:00,2022-10-18 00:01:00,0.03344627148674295,-0.008594726292537772,2022-10-01
2022-10-18,2022-10-18,2022-10-18 00:01:00,2022-10-19 00:01:00,-0.016708274430775716,-0.0036502732899765956,2022-10-01
2022-10-19,2022-10-19,2022-10-19 00:01:00,2022-10-20 00:01:00,-0.003303611030390341,-0.00022241897038088702,2022-10-01
2022-10-20,2022-10-20,2022-10-20 00:01:00,2022-10-21 00:01:00,-0.00365982782696761,-0.0035561388728481908,2022-10-01
2022-10-21,2022-10-21,2022-10-21 00:01:00,2022-10-22 00:01:00,-0.0015324549311935831,-0.004449261169164078,2022-10-01
2022-10-22,2022-10-22,2022-10-22 00:01:00,2022-10-23 00:01:00,0.01621959308334242,-0.007392018621647679,2022-10-01
2022-10-23,2022-10-23,2022-10-23 00:01:00,2022-10-24 00:01:00,-0.0026866827058081855,-0.0017908236360545272,2022-10-01
2022-10-24,2022-10-24,2022-10-24 00:01:00,2022-10-25 00:01:00,0.021543753376913166,-0.00412550558242783,2022-10-01
2022-10-25,2022-10-25,2022-10-25 00:01:00,2022-10-26 00:01:00,0.04646970306470588,-0.002175601007898777,2022-10-01
2022-10-26,2022-10-26,2022-10-26 00:01:00,2022-10-27 00:01:00,0.11532930892109694,-0.0024287610453179757,2022-10-01
2022-10-27,2022-10-27,2022-10-27 00:01:00,2022-10-28 00:01:00,-0.012650229452950912,0.00022185601858259237,2022-10-01
2022-10-28,2022-10-28,2022-10-28 00:01:00,2022-10-29 00:01:00,-0.006509583373735417,0.006949108690237712,2022-10-01
2022-10-29,2022-10-29,2022-10-29 00:01:00,2022-10-30 00:01:00,0.062106345322991974,0.0024728275506281836,2022-10-01
2022-10-30,2022-10-30,2022-10-30 00:01:00,2022-10-31 00:01:00,-0.02779462486139439,0.005190021381658977,2022-10-01
2022-10-31,2022-10-31,2022-10-31 00:01:00,2022-11-01 00:01:00,-0.012993396178857752,0.01063405879240125,2022-10-01
2022-11-01,2022-11-01,2022-11-01 00:01:00,2022-11-02 00:01:00,0.005662882898987531,0.008554336301371025,2022-11-01
2022-11-02,2022-11-02,2022-11-02 00:01:00,2022-11-03 00:01:00,-0.01036052335879023,0.006046283376738041,2022-11-01
2022-11-03,2022-11-03,2022-11-03 00:01:00,2022-11-04 00:01:00,-0.01097575839218945,0.0017916798785523667,2022-11-01
2022-11-04,2022-11-04,2022-11-04 00:01:00,2022-11-05 00:01:00,0.05647368625873983,0.004879759447119987,2022-11-01
2022-11-05,2022-11-05,2022-11-05 00:01:00,2022-11-06 00:01:00,0.004899161985449929,0.004549999589777438,2022-11-01
2022-11-06,2022-11-06,2022-11-06 00:01:00,2022-11-07 00:01:00,-0.008559227286889848,-1.308217393219133e-05,2022-11-01
2022-11-07,2022-11-07,2022-11-07 00:01:00,2022-11-08 00:01:00,-0.01971259905596434,0.0017970467814487864,2022-11-01
2022-11-08,2022-11-08,2022-11-08 00:01:00,2022-11-09 00:01:00,-0.07932337207621165,0.0031187888067560703,2022-11-01
2022-11-09,2022-11-09,2022-11-09 00:01:00,2022-11-10 00:01:00,-0.20544297574830683,0.009636610645634449,2022-11-01
2022-11-10,2022-11-10,2022-11-10 00:01:00,2022-11-11 00:01:00,0.1325296028322478,0.019256178436268,2022-11-01
2022-11-11,2022-11-11,2022-11-11 00:01:00,2022-11-12 00:01:00,-0.04191294187272854,0.007180404829090716,2022-11-01
2022-11-12,2022-11-12,2022-11-12 00:01:00,2022-11-13 00:01:00,0.008996380857348774,0.002787754236720334,2022-11-01
2022-11-13,2022-11-13,2022-11-13 00:01:00,2022-11-14 00:01:00,-0.033788821825773696,-0.0028522310478298397,2022-11-01
2022-11-14,2022-11-14,2022-11-14 00:01:00,2022-11-15 00:01:00,0.010495191057967368,0.001052081226233521,2022-11-01
2022-11-15,2022-11-15,2022-11-15 00:01:00,2022-11-16 00:01:00,0.016760989099327883,-0.00039431291769528734,2022-11-01
2022-11-16,2022-11-16,2022-11-16 00:01:00,2022-11-17 00:01:00,-0.058119401333006526,0.002018266865519386,2022-11-01
2022-11-17,2022-11-17,2022-11-17 00:01:00,2022-11-18 00:01:00,0.0032065810459160904,0.015715409063715803,2022-11-01
2022-11-18,2022-11-18,2022-11-18 00:01:00,2022-11-19 00:01:00,0.013195327665841194,0.0071831483704154694,2022-11-01
2022-11-19,2022-11-19,2022-11-19 00:01:00,2022-11-20 00:01:00,-0.0005863455805233952,0.007985136344867192,2022-11-01
2022-11-20,2022-11-20,2022-11-20 00:01:00,2022-11-21 00:01:00,-0.02737609281263953,0.00462078193302036,2022-11-01
2022-11-21,2022-11-21,2022-11-21 00:01:00,2022-11-22 00:01:00,-0.03797629667388813,0.010613704211497758,2022-11-01
2022-11-22,2022-11-22,2022-11-22 00:01:00,2022-11-23 00:01:00,0.001139223738243711,0.010551824828186215,2022-11-01
2022-11-23,2022-11-23,2022-11-23 00:01:00,2022-11-24 00:01:00,0.024575703045058406,0.0054061061469201435,2022-11-01
2022-11-24,2022-11-24,2022-11-24 00:01:00,2022-11-25 00:01:00,0.029393026259147748,0.011472558435034388,2022-11-01
2022-11-25,2022-11-25,2022-11-25 00:01:00,2022-11-26 00:01:00,-0.005520056204208701,0.008762247614674343,2022-11-01
2022-11-26,2022-11-26,2022-11-26 00:01:00,2022-11-27 00:01:00,0.018737805288299825,0.004688687487917984,2022-11-01
2022-11-27,2022-11-27,2022-11-27 00:01:00,2022-11-28 00:01:00,0.005283492388468813,0.0054125834318027085,2022-11-01
2022-11-28,2022-11-28,2022-11-28 00:01:00,2022-11-29 00:01:00,-0.04444371448280404,0.004190180035136272,2022-11-01
2022-11-29,2022-11-29,2022-11-29 00:01:00,2022-11-30 00:01:00,0.03942076314884857,0.010209579976975422,2022-11-01
2022-11-30,2022-11-30,2022-11-30 00:01:00,2022-12-01 00:01:00,0.04786394040364783,0.00556258231887064,2022-11-01
2022-12-01,2022-12-01,2022-12-01 00:01:00,2022-12-02 00:01:00,0.0031956192399951178,-0.0015270794261504927,2022-12-01
2022-12-02,2022-12-02,2022-12-02 00:01:00,2022-12-03 00:01:00,0.00490793685750468,-0.001232555860421297,2022-12-01
2022-12-03,2022-12-03,2022-12-03 00:01:00,2022-12-04 00:01:00,-0.005470981880796755,-0.0033291828511172895,2022-12-01
2022-12-04,2022-12-04,2022-12-04 00:01:00,2022-12-05 00:01:00,-0.007145892685690991,-0.002029107568403219,2022-12-01
2022-12-05,2022-12-05,2022-12-05 00:01:00,2022-12-06 00:01:00,0.002813931736394215,-0.005344277610894305,2022-12-01
2022-12-06,2022-12-06,2022-12-06 00:01:00,2022-12-07 00:01:00,-0.007651387604435955,-0.0012826551849957563,2022-12-01
2022-12-07,2022-12-07,2022-12-07 00:01:00,2022-12-08 00:01:00,-0.01691027121749178,-0.003172620877788468,2022-12-01
2022-12-08,2022-12-08,2022-12-08 00:01:00,2022-12-09 00:01:00,0.013036573706470378,-0.0027839696580803453,2022-12-01
2022-12-09,2022-12-09,2022-12-09 00:01:00,2022-12-10 00:01:00,0.021250729819005,-0.0060445137927689335,2022-12-01
2022-12-10,2022-12-10,2022-12-10 00:01:00,2022-12-11 00:01:00,0.0016681285633730614,-0.0020700478364725225,2022-12-01
2022-12-11,2022-12-11,2022-12-11 00:01:00,2022-12-12 00:01:00,-0.004386204955395101,-0.00947303390406472,2022-12-01
2022-12-12,2022-12-12,2022-12-12 00:01:00,2022-12-13 00:01:00,-0.019279095335322904,-0.0055779809971142,2022-12-01
2022-12-13,2022-12-13,2022-12-13 00:01:00,2022-12-14 00:01:00,0.06169676102013866,-0.001681601241141759,2022-12-01
2022-12-14,2022-12-14,2022-12-14 00:01:00,2022-12-15 00:01:00,0.010807753224225003,-0.0022818475857881333,2022-12-01
2022-12-15,2022-12-15,2022-12-15 00:01:00,2022-12-16 00:01:00,-0.05196869194093556,-0.0025159892103404427,2022-12-01
2022-12-16,2022-12-16,2022-12-16 00:01:00,2022-12-17 00:01:00,-0.05197626280911083,0.006078253336676992,2022-12-01
2022-12-17,2022-12-17,2022-12-17 00:01:00,2022-12-18 00:01:00,-0.020688395570093165,0.006193037882700831,2022-12-01
2022-12-18,2022-12-18,2022-12-18 00:01:00,2022-12-19 00:01:00,0.005662840575778594,0.0013823266701535252,2022-12-01
2022-12-19,2022-12-19,2022-12-19 00:01:00,2022-12-20 00:01:00,-0.005445502823906323,-0.0025977107689897274,2022-12-01
2022-12-20,2022-12-20,2022-12-20 00:01:00,2022-12-21 00:01:00,0.03149579604014119,9.832974015421513e-05,2022-12-01
2022-12-21,2022-12-21,2022-12-21 00:01:00,2022-12-22 00:01:00,-0.0012407559572720217,-0.0018740357756751348,2022-12-01
2022-12-22,2022-12-22,2022-12-22 00:01:00,2022-12-23 00:01:00,-0.024105504775851716,-0.003551897683845546,2022-12-01
2022-12-23,2022-12-23,2022-12-23 00:01:00,2022-12-24 00:01:00,0.027533531727631955,0.004906681655677022,2022-12-01
2022-12-24,2022-12-24,2022-12-24 00:01:00,2022-12-25 00:01:00,8.204455019078516e-05,0.0025639626289386173,2022-12-01
2022-12-25,2022-12-25,2022-12-25 00:01:00,2022-12-26 00:01:00,-0.0064481726075722445,0.0002019627949613103,2022-12-01
2022-12-26,2022-12-26,2022-12-26 00:01:00,2022-12-27 00:01:00,0.0031624404462098354,0.002113102415343836,2022-12-01
2022-12-27,2022-12-27,2022-12-27 00:01:00,2022-12-28 00:01:00,-0.0037368715635597294,0.0010433316285046082,2022-12-01
2022-12-28,2022-12-28,2022-12-28 00:01:00,2022-12-29 00:01:00,-0.01766387415522408,0.0010154323016493077,2022-12-01
2022-12-29,2022-12-29,2022-12-29 00:01:00,2022-12-30 00:01:00,0.010302775441547452,0.00450550606171533,2022-12-01
2022-12-30,2022-12-30,2022-12-30 00:01:00,2022-12-31 00:01:00,-0.004978147762747187,0.0001630573414300061,2022-12-01
2022-12-31,2022-12-31,2022-12-31 00:01:00,2023-01-01 00:01:00,0.00660101901662391,-0.001068275188916135,2022-12-01
2023-01-01,2023-01-01,2023-01-01 00:01:00,2023-01-02 00:01:00,-0.005685029422520804,-0.002251241144889062,2023-01-01
2023-01-02,2023-01-02,2023-01-02 00:01:00,2023-01-03 00:01:00,0.019108599705764506,-0.00024281652256917963,2023-01-01
2023-01-03,2023-01-03,2023-01-03 00:01:00,2023-01-04 00:01:00,-0.0063075181679489445,-0.0013235836670897967,2023-01-01
2023-01-04,2023-01-04,2023-01-04 00:01:00,2023-01-05 00:01:00,0.03552650042509642,-8.365173147518654e-05,2023-01-01
2023-01-05,2023-01-05,2023-01-05 00:01:00,2023-01-06 00:01:00,-0.004758754274509225,0.0009559253020397073,2023-01-01
2023-01-06,2023-01-06,2023-01-06 00:01:00,2023-01-07 00:01:00,0.011581341705644954,-0.0004822804536813033,2023-01-01
2023-01-07,2023-01-07,2023-01-07 00:01:00,2023-01-08 00:01:00,0.0007759180377191477,-0.003641502730603219,2023-01-01
2023-01-08,2023-01-08,2023-01-08 00:01:00,2023-01-09 00:01:00,0.009351265822784782,-0.002266648632772098,2023-01-01
2023-01-09,2023-01-09,2023-01-09 00:01:00,2023-01-10 00:01:00,0.04786725400134828,-0.004644133601206808,2023-01-01
2023-01-10,2023-01-10,2023-01-10 00:01:00,2023-01-11 00:01:00,-0.0025581760653456964,-0.0020984328090495243,2023-01-01
2023-01-11,2023-01-11,2023-01-11 00:01:00,2023-01-12 00:01:00,-0.008084171372434334,-0.0011789236439487217,2023-01-01
2023-01-12,2023-01-12,2023-01-12 00:01:00,2023-01-13 00:01:00,0.046866612736166546,0.0015201252119124405,2023-01-01
2023-01-13,2023-01-13,2023-01-13 00:01:00,2023-01-14 00:01:00,0.026128780656902606,0.0017768308190869615,2023-01-01
2023-01-14,2023-01-14,2023-01-14 00:01:00,2023-01-15 00:01:00,0.07442675562687384,0.0008419616825683027,2023-01-01
2023-01-15,2023-01-15,2023-01-15 00:01:00,2023-01-16 00:01:00,0.019795494592594,0.011108341462493464,2023-01-01
2023-01-16,2023-01-16,2023-01-16 00:01:00,2023-01-17 00:01:00,-0.00445777637892375,0.007272724389088927,2023-01-01
2023-01-17,2023-01-17,2023-01-17 00:01:00,2023-01-18 00:01:00,0.0124976611243377,0.007082695411316599,2023-01-01
2023-01-18,2023-01-18,2023-01-18 00:01:00,2023-01-19 00:01:00,-0.014261499050507775,0.008105581355005283,2023-01-01
2023-01-19,2023-01-19,2023-01-19 00:01:00,2023-01-20 00:01:00,-0.008436336367397712,0.010835598405021749,2023-01-01
2023-01-20,2023-01-20,2023-01-20 00:01:00,2023-01-21 00:01:00,0.019082949218622636,0.005906681933109364,2023-01-01
2023-01-21,2023-01-21,2023-01-21 00:01:00,2023-01-22 00:01:00,0.05476297101912864,0.0019449557550696023,2023-01-01
2023-01-22,2023-01-22,2023-01-22 00:01:00,2023-01-23 00:01:00,-0.007145023351731616,0.0007845369430679924,2023-01-01
2023-01-23,2023-01-23,2023-01-23 00:01:00,2023-01-24 00:01:00,-0.009041370378515823,-0.0012848673099907677,2023-01-01
2023-01-24,2023-01-24,2023-01-24 00:01:00,2023-01-25 00:01:00,-0.001140482824945055,-0.0001342658133732036,2023-01-01
2023-01-25,2023-01-25,2023-01-25 00:01:00,2023-01-26 00:01:00,-0.04715880686552243,-0.0019490446296620625,2023-01-01
2023-01-26,2023-01-26,2023-01-26 00:01:00,2023-01-27 00:01:00,0.03089010661588487,0.006893641850133327,2023-01-01
2023-01-27,2023-01-27,2023-01-27 00:01:00,2023-01-28 00:01:00,-0.00957557098426065,0.0024403067019014377,2023-01-01
2023-01-28,2023-01-28,2023-01-28 00:01:00,2023-01-29 00:01:00,0.0016177021017438342,0.002069562015042303,2023-01-01
2023-01-29,2023-01-29,2023-01-29 00:01:00,2023-01-30 00:01:00,0.02116083756634546,-0.0024866580512999835,2023-01-01
2023-01-30,2023-01-30,2023-01-30 00:01:00,2023-01-31 00:01:00,-0.017633522921098876,-0.00342617321155697,2023-01-01
2023-01-31,2023-01-31,2023-01-31 00:01:00,2023-02-01 00:01:00,0.0038955955146984245,0.002543543650000487,2023-01-01
2023-02-01,2023-02-01,2023-02-01 00:01:00,2023-02-02 00:01:00,-0.009308117559009066,-0.003920462328806659,2023-02-01
2023-02-02,2023-02-02,2023-02-02 00:01:00,2023-02-03 00:01:00,0.06498816030878407,0.003298589459773308,2023-02-01
2023-02-03,2023-02-03,2023-02-03 00:01:00,2023-02-04 00:01:00,-0.0075823507671765045,0.004859631930217191,2023-02-01
2023-02-04,2023-02-04,2023-02-04 00:01:00,2023-02-05 00:01:00,0.009003760075922296,0.0035988022386573143,2023-02-01
2023-02-05,2023-02-05,2023-02-05 00:01:00,2023-02-06 00:01:00,-0.021400720302407805,0.0038123807930299687,2023-02-01
2023-02-06,2023-02-06,2023-02-06 00:01:00,2023-02-07 00:01:00,0.001745848287608709,0.009403851345137763,2023-02-01
2023-02-07,2023-02-07,2023-02-07 00:01:00,2023-02-08 00:01:00,-0.00901158024496429,0.0006777644779446691,2023-02-01
2023-02-08,2023-02-08,2023-02-08 00:01:00,2023-02-09 00:01:00,0.01196129735956819,0.00477401673785722,2023-02-01
2023-02-09,2023-02-09,2023-02-09 00:01:00,2023-02-10 00:01:00,-0.011607980865300238,0.005062041785347998,2023-02-01
2023-02-10,2023-02-10,2023-02-10 00:01:00,2023-02-11 00:01:00,-0.06727399710833926,0.0022284964351305756,2023-02-01
2023-02-11,2023-02-11,2023-02-11 00:01:00,2023-02-12 00:01:00,0.00026929923085527996,0.011155357875130834,2023-02-01
2023-02-12,2023-02-12,2023-02-12 00:01:00,2023-02-13 00:01:00,0.008818816978356736,-0.002585386371935663,2023-02-01
2023-02-13,2023-02-13,2023-02-13 00:01:00,2023-02-14 00:01:00,-0.03884632658773279,-0.0015078122533597159,2023-02-01
2023-02-14,2023-02-14,2023-02-14 00:01:00,2023-02-15 00:01:00,0.047317202007273185,0.004252504056761915,2023-02-01
2023-02-15,2023-02-15,2023-02-15 00:01:00,2023-02-16 00:01:00,0.021648884578079564,-0.0006312447349518893,2023-02-01
2023-02-16,2023-02-16,2023-02-16 00:01:00,2023-02-17 00:01:00,0.09356447549968983,-0.002749289683310027,2023-02-01
2023-02-17,2023-02-17,2023-02-17 00:01:00,2023-02-18 00:01:00,-0.030101689421869304,0.0007411185592702694,2023-02-01
2023-02-18,2023-02-18,2023-02-18 00:01:00,2023-02-19 00:01:00,0.011839121613557824,0.0052959492573869185,2023-02-01
2023-02-19,2023-02-19,2023-02-19 00:01:00,2023-02-20 00:01:00,0.010521101177136671,0.002287386818622037,2023-02-01
2023-02-20,2023-02-20,2023-02-20 00:01:00,2023-02-21 00:01:00,-0.0032331862642108744,0.0012456681643736433,2023-02-01
2023-02-21,2023-02-21,2023-02-21 00:01:00,2023-02-22 00:01:00,-0.020691593381500617,0.00018623559002396315,2023-02-01
2023-02-22,2023-02-22,2023-02-22 00:01:00,2023-02-23 00:01:00,-0.034999402128422785,0.004963787702207767,2023-02-01
2023-02-23,2023-02-23,2023-02-23 00:01:00,2023-02-24 00:01:00,0.026938279865680315,0.007055108682390505,2023-02-01
2023-02-24,2023-02-24,2023-02-24 00:01:00,2023-02-25 00:01:00,-0.03413492283745789,-0.0032250643620913644,2023-02-01
2023-02-25,2023-02-25,2023-02-25 00:01:00,2023-02-26 00:01:00,-0.002223665800519692,0.005626414916026594,2023-02-01
2023-02-26,2023-02-26,2023-02-26 00:01:00,2023-02-27 00:01:00,0.00516464254413429,-0.00444717439522935,2023-02-01
2023-02-27,2023-02-27,2023-02-27 00:01:00,2023-02-28 00:01:00,0.023473359698564344,-0.006355580026215731,2023-02-01
2023-02-28,2023-02-28,2023-02-28 00:01:00,2023-03-01 00:01:00,-0.0007423904974016571,-0.0024832340720933642,2023-02-01
2023-03-01,2023-03-01,2023-03-01 00:01:00,2023-03-02 00:01:00,0.008598640781428912,-0.005070627067615801,2023-03-01
2023-03-02,2023-03-02,2023-03-02 00:01:00,2023-03-03 00:01:00,-0.016923875766797103,-0.001640258476659413,2023-03-01
2023-03-03,2023-03-03,2023-03-03 00:01:00,2023-03-04 00:01:00,-0.03748902168639179,0.0004514365977940953,2023-03-01
2023-03-04,2023-03-04,2023-03-04 00:01:00,2023-03-05 00:01:00,-0.002762942118596068,0.005045110236457248,2023-03-01
2023-03-05,2023-03-05,2023-03-05 00:01:00,2023-03-06 00:01:00,0.004114304727291351,-0.0030398907459009816,2023-03-01
2023-03-06,2023-03-06,2023-03-06 00:01:00,2023-03-07 00:01:00,0.005900832871335027,-0.0031385941576485676,2023-03-01
2023-03-07,2023-03-07,2023-03-07 00:01:00,2023-03-08 00:01:00,-0.011643744496461772,-0.004717087094462877,2023-03-01
2023-03-08,2023-03-08,2023-03-08 00:01:00,2023-03-09 00:01:00,0.0004614940871068285,-0.0011423490053259044,2023-03-01
2023-03-09,2023-03-09,2023-03-09 00:01:00,2023-03-10 00:01:00,-0.01709303145040897,-0.0045963007424407246,2023-03-01
2023-03-10,2023-03-10,2023-03-10 00:01:00,2023-03-11 00:01:00,-0.07761098690514223,0.0023672543526067754,2023-03-01
2023-03-11,2023-03-11,2023-03-11 00:01:00,2023-03-12 00:01:00,0.010239414325286855,0.01140305945579707,2023-03-01
2023-03-12,2023-03-12,2023-03-12 00:01:00,2023-03-13 00:01:00,0.0200334356922518,-0.0013319659052496125,2023-03-01
2023-03-13,2023-03-13,2023-03-13 00:01:00,2023-03-14 00:01:00,0.1453523058460484,0.0003367762652996731,2023-03-01
2023-03-14,2023-03-14,2023-03-14 00:01:00,2023-03-15 00:01:00,0.058639332778512854,0.0036541320893786556,2023-03-01
2023-03-15,2023-03-15,2023-03-15 00:01:00,2023-03-16 00:01:00,-0.07684868365240516,0.0001529772479724734,2023-03-01
2023-03-16,2023-03-16,2023-03-16 00:01:00,2023-03-17 00:01:00,0.01811587543727433,0.011356926234014715,2023-03-01
2023-03-17,2023-03-17,2023-03-17 00:01:00,2023-03-18 00:01:00,0.032933375054156944,0.001629191966092918,2023-03-01
2023-03-18,2023-03-18,2023-03-18 00:01:00,2023-03-19 00:01:00,0.03961970674076798,0.006784485382386858,2023-03-01
2023-03-19,2023-03-19,2023-03-19 00:01:00,2023-03-20 00:01:00,0.004847078864494758,0.003923003390231843,2023-03-01
2023-03-20,2023-03-20,2023-03-20 00:01:00,2023-03-21 00:01:00,-0.01574811931542519,0.0008912710349468984,2023-03-01
2023-03-21,2023-03-21,2023-03-21 00:01:00,2023-03-22 00:01:00,0.027541232528229598,-0.0008104276702323159,2023-03-01
2023-03-22,2023-03-22,2023-03-22 00:01:00,2023-03-23 00:01:00,-0.00381010145566818,-0.004959417490643929,2023-03-01
2023-03-23,2023-03-23,2023-03-23 00:01:00,2023-03-24 00:01:00,0.018719315433195494,-0.004052095864364565,2023-03-01
2023-03-24,2023-03-24,2023-03-24 00:01:00,2023-03-25 00:01:00,-0.039652052963580764,-0.002799509832404677,2023-03-01
2023-03-25,2023-03-25,2023-03-25 00:01:00,2023-03-26 00:01:00,-0.006806107958563623,0.0028593377955833076,2023-03-01
2023-03-26,2023-03-26,2023-03-26 00:01:00,2023-03-27 00:01:00,0.00471660495585291,-0.005112228258433741,2023-03-01
2023-03-27,2023-03-27,2023-03-27 00:01:00,2023-03-28 00:01:00,-0.02996972411525245,-0.005562749361881944,2023-03-01
2023-03-28,2023-03-28,2023-03-28 00:01:00,2023-03-29 00:01:00,0.018896266336240197,-0.0005319588786239801,2023-03-01
2023-03-29,2023-03-29,2023-03-29 00:01:00,2023-03-30 00:01:00,0.03713753047468815,-0.005694445262017371,2023-03-01
2023-03-30,2023-03-30,2023-03-30 00:01:00,2023-03-31 00:01:00,-0.010663775795220043,-0.004916191306804641,2023-03-01
2023-03-31,2023-03-31,2023-03-31 00:01:00,2023-04-01 00:01:00,0.023094856069457936,-0.0069710376859286275,2023-03-01
2023-04-01,2023-04-01,2023-04-01 00:01:00,2023-04-02 00:01:00,-0.004896121353864968,-0.005871130220709954,2023-04-01
2023-04-02,2023-04-02,2023-04-02 00:01:00,2023-04-03 00:01:00,-0.012822202453516063,-0.005347324867185385,2023-04-01
2023-04-03,2023-04-03,2023-04-03 00:01:00,2023-04-04 00:01:00,-0.00039494690467323235,-0.0022061863534626252,2023-04-01
2023-04-04,2023-04-04,2023-04-04 00:01:00,2023-04-05 00:01:00,0.03586533110740131,-0.0015245911803545456,2023-04-01
2023-04-05,2023-04-05,2023-04-05 00:01:00,2023-04-06 00:01:00,0.019495554540814863,0.0006392196039547824,2023-04-01
2023-04-06,2023-04-06,2023-04-06 00:01:00,2023-04-07 00:01:00,-0.011524234088969076,-0.0014783073403303384,2023-04-01
2023-04-07,2023-04-07,2023-04-07 00:01:00,2023-04-08 00:01:00,-0.00800162058138354,0.0007771920501390946,2023-04-01
2023-04-08,2023-04-08,2023-04-08 00:01:00,2023-04-09 00:01:00,0.0037294584224498717,0.00019941595947792993,2023-04-01
2023-04-09,2023-04-09,2023-04-09 00:01:00,2023-04-10 00:01:00,-0.016366848699004177,-0.00013976521193594669,2023-04-01
2023-04-10,2023-04-10,2023-04-10 00:01:00,2023-04-11 00:01:00,0.013161117551966806,0.005448006188521389,2023-04-01
2023-04-11,2023-04-11,2023-04-11 00:01:00,2023-04-12 00:01:00,0.02819368113419407,0.004006789992273588,2023-04-01
2023-04-12,2023-04-12,2023-04-12 00:01:00,2023-04-13 00:01:00,-0.00020899842728683282,0.0030024824369226308,2023-04-01
2023-04-13,2023-04-13,2023-04-13 00:01:00,2023-04-14 00:01:00,0.0436636721383441,-0.003350708743940333,2023-04-01
2023-04-14,2023-04-14,2023-04-14 00:01:00,2023-04-15 00:01:00,0.03187717822377101,-0.00010764275962647958,2023-04-01
2023-04-15,2023-04-15,2023-04-15 00:01:00,2023-04-16 00:01:00,0.017678458776144268,0.0036060412134075338,2023-04-01
2023-04-16,2023-04-16,2023-04-16 00:01:00,2023-04-17 00:01:00,-0.001416221216615221,0.002981816366532425,2023-04-01
2023-04-17,2023-04-17,2023-04-17 00:01:00,2023-04-18 00:01:00,-0.010959048019253403,0.0012478710375020208,2023-04-01
2023-04-18,2023-04-18,2023-04-18 00:01:00,2023-04-19 00:01:00,0.011843318639828793,0.004063717304962385,2023-04-01
2023-04-19,2023-04-19,2023-04-19 00:01:00,2023-04-20 00:01:00,-0.05324133718877333,0.001467906321595467,2023-04-01
2023-04-20,2023-04-20,2023-04-20 00:01:00,2023-04-21 00:01:00,-0.018330174985888292,0.009670925008757075,2023-04-01
2023-04-21,2023-04-21,2023-04-21 00:01:00,2023-04-22 00:01:00,-0.02187607493620969,0.0024058368756347754,2023-04-01
2023-04-22,2023-04-22,2023-04-22 00:01:00,2023-04-23 00:01:00,-0.02042326709287312,0.0027856904884242485,2023-04-01
2023-04-23,2023-04-23,2023-04-23 00:01:00,2023-04-24 00:01:00,-0.004013352837477946,0.00020719445553860029,2023-04-01
2023-04-24,2023-04-24,2023-04-24 00:01:00,2023-04-25 00:01:00,-0.013169928662886465,-0.0021944106730421437,2023-04-01
2023-04-25,2023-04-25,2023-04-25 00:01:00,2023-04-26 00:01:00,-0.010592596630867424,0.0005940540008787729,2023-04-01
2023-04-26,2023-04-26,2023-04-26 00:01:00,2023-04-27 00:01:00,0.07646277694821135,-0.0007400855025602709,2023-04-01
2023-04-27,2023-04-27,2023-04-27 00:01:00,2023-04-28 00:01:00,-0.026504371327368492,0.0054626578049822155,2023-04-01
2023-04-28,2023-04-28,2023-04-28 00:01:00,2023-04-29 00:01:00,-0.008139400376473427,0.00519016317547913,2023-04-01
2023-04-29,2023-04-29,2023-04-29 00:01:00,2023-04-30 00:01:00,0.01060231766664188,0.0009037705167871169,2023-04-01
2023-04-30,2023-04-30,2023-04-30 00:01:00,2023-05-01 00:01:00,0.008576464293582609,0.0024299516576571263,2023-04-01
2023-05-01,2023-05-01,2023-05-01 00:01:00,2023-05-02 00:01:00,-0.045752653778741714,-9.30961650137186e-06,2023-05-01
2023-05-02,2023-05-02,2023-05-02 00:01:00,2023-05-03 00:01:00,0.012688308007586802,0.00708877351127421,2023-05-01
2023-05-03,2023-05-03,2023-05-03 00:01:00,2023-05-04 00:01:00,-0.0027502098986027512,0.0011273855055683284,2023-05-01
2023-05-04,2023-05-04,2023-05-04 00:01:00,2023-05-05 00:01:00,0.01649279789306668,-0.0018913470385411367,2023-05-01
2023-05-05,2023-05-05,2023-05-05 00:01:00,2023-05-06 00:01:00,0.037897732401021456,0.0008558868663823457,2023-05-01
2023-05-06,2023-05-06,2023-05-06 00:01:00,2023-05-07 00:01:00,-0.03999754459375804,0.0021644527273252468,2023-05-01
2023-05-07,2023-05-07,2023-05-07 00:01:00,2023-05-08 00:01:00,0.022561118571093663,0.007949530483919191,2023-05-01
2023-05-08,2023-05-08,2023-05-08 00:01:00,2023-05-09 00:01:00,-0.027941345061541778,0.0005989686152537235,2023-05-01
2023-05-09,2023-05-09,2023-05-09 00:01:00,2023-05-10 00:01:00,-0.014055966548729537,0.004874088724990607,2023-05-01
2023-05-10,2023-05-10,2023-05-10 00:01:00,2023-05-11 00:01:00,0.018404941332550218,0.0023132758463100607,2023-05-01
2023-05-11,2023-05-11,2023-05-11 00:01:00,2023-05-12 00:01:00,-0.03490600791231313,-0.0005098650830540735,2023-05-01
2023-05-12,2023-05-12,2023-05-12 00:01:00,2023-05-13 00:01:00,-0.023372887450557323,0.0030575475656420747,2023-05-01
2023-05-13,2023-05-13,2023-05-13 00:01:00,2023-05-14 00:01:00,0.0161889656735017,-0.00021168842669339017,2023-05-01
2023-05-14,2023-05-14,2023-05-14 00:01:00,2023-05-15 00:01:00,0.013952217973444592,-0.002987023874633275,2023-05-01
2023-05-15,2023-05-15,2023-05-15 00:01:00,2023-05-16 00:01:00,0.004810308904294125,-0.004482518227480923,2023-05-01
2023-05-16,2023-05-16,2023-05-16 00:01:00,2023-05-17 00:01:00,-0.004398826979472137,-0.0034218590112008768,2023-05-01
2023-05-17,2023-05-17,2023-05-17 00:01:00,2023-05-18 00:01:00,-0.012254632580836589,-0.002856357657586834,2023-05-01
2023-05-18,2023-05-18,2023-05-18 00:01:00,2023-05-19 00:01:00,0.006364678261062906,-0.0012752338539652516,2023-05-01
2023-05-19,2023-05-19,2023-05-19 00:01:00,2023-05-20 00:01:00,0.004693563902126163,-0.0027337213033494182,2023-05-01
2023-05-20,2023-05-20,2023-05-20 00:01:00,2023-05-21 00:01:00,-0.0003466585963077806,-0.0003005230588039241,2023-05-01
2023-05-21,2023-05-21,2023-05-21 00:01:00,2023-05-22 00:01:00,-0.004931965300101315,-0.0022579346689534934,2023-05-01
2023-05-22,2023-05-22,2023-05-22 00:01:00,2023-05-23 00:01:00,0.005083639421162189,-0.0010617890113577442,2023-05-01
2023-05-23,2023-05-23,2023-05-23 00:01:00,2023-05-24 00:01:00,0.02217452323949476,-0.0011959646659396262,2023-05-01
2023-05-24,2023-05-24,2023-05-24 00:01:00,2023-05-25 00:01:00,-0.03482587064676623,0.0008802343468574705,2023-05-01
2023-05-25,2023-05-25,2023-05-25 00:01:00,2023-05-26 00:01:00,-0.0005634399964297154,0.006037413605684239,2023-05-01
2023-05-26,2023-05-26,2023-05-26 00:01:00,2023-05-27 00:01:00,0.021467444391727764,-0.00037398166759518737,2023-05-01
2023-05-27,2023-05-27,2023-05-27 00:01:00,2023-05-28 00:01:00,-0.0034972486489145416,-0.00015455260340002154,2023-05-01
2023-05-28,2023-05-28,2023-05-28 00:01:00,2023-05-29 00:01:00,0.011038544425617358,-0.002470176151893035,2023-05-01
2023-05-29,2023-05-29,2023-05-29 00:01:00,2023-05-30 00:01:00,0.024406912037489015,-0.0011971061050101168,2023-05-01
2023-05-30,2023-05-30,2023-05-30 00:01:00,2023-05-31 00:01:00,0.00615754418289427,-0.0003412419493028252,2023-05-01
2023-05-31,2023-05-31,2023-05-31 00:01:00,2023-06-01 00:01:00,-0.021785231297063112,-0.002541671247067296,2023-05-01
2023-06-01,2023-06-01,2023-06-01 00:01:00,2023-06-02 00:01:00,0.0023184881950757408,0.002335429358873336,2023-06-01
2023-06-02,2023-06-02,2023-06-02 00:01:00,2023-06-03 00:01:00,0.015526383581641046,-0.0017994549363503018,2023-06-01
2023-06-03,2023-06-03,2023-06-03 00:01:00,2023-06-04 00:01:00,0.005919004761627988,-0.0031365138773404187,2023-06-01
2023-06-04,2023-06-04,2023-06-04 00:01:00,2023-06-05 00:01:00,-0.0011768352588249487,-0.003734664896253452,2023-06-01
2023-06-05,2023-06-05,2023-06-05 00:01:00,2023-06-06 00:01:00,-0.049274920180730875,-0.003984082304918289,2023-06-01
2023-06-06,2023-06-06,2023-06-06 00:01:00,2023-06-07 00:01:00,0.019828602094617453,0.0038285047251690662,2023-06-01
2023-06-07,2023-06-07,2023-06-07 00:01:00,2023-06-08 00:01:00,-0.0032658286904677647,-0.0038969691047014664,2023-06-01
2023-06-08,2023-06-08,2023-06-08 00:01:00,2023-06-09 00:01:00,0.009954770833446647,0.0001367694652766033,2023-06-01
2023-06-09,2023-06-09,2023-06-09 00:01:00,2023-06-10 00:01:00,-0.008126751455054926,-0.00400612352560724,2023-06-01
2023-06-10,2023-06-10,2023-06-10 00:01:00,2023-06-11 00:01:00,-0.055707082780953154,-0.0034836346368012404,2023-06-01
2023-06-11,2023-06-11,2023-06-11 00:01:00,2023-06-12 00:01:00,0.0020771120662372855,0.005897949004268539,2023-06-01
2023-06-12,2023-06-12,2023-06-12 00:01:00,2023-06-13 00:01:00,-0.005052824988516336,-0.001072585707083673,2023-06-01
2023-06-13,2023-06-13,2023-06-13 00:01:00,2023-06-14 00:01:00,-0.0007675438596490558,0.0006406754290389627,2023-06-01
2023-06-14,2023-06-14,2023-06-14 00:01:00,2023-06-15 00:01:00,0.005388484928990911,-0.0001423841175810218,2023-06-01
2023-06-15,2023-06-15,2023-06-15 00:01:00,2023-06-16 00:01:00,-0.05689338235294117,-0.0020788851640456555,2023-06-01
2023-06-16,2023-06-16,2023-06-16 00:01:00,2023-06-17 00:01:00,0.023328622941233723,0.007544318017278573,2023-06-01
2023-06-17,2023-06-17,2023-06-17 00:01:00,2023-06-18 00:01:00,0.028891825291953888,-0.0018439475434276738,2023-06-01
2023-06-18,2023-06-18,2023-06-18 00:01:00,2023-06-19 00:01:00,0.00580816846002552,0.0019744148382884043,2023-06-01
2023-06-19,2023-06-19,2023-06-19 00:01:00,2023-06-20 00:01:00,-0.010186122486541271,-0.0022444351176361833,2023-06-01
2023-06-20,2023-06-20,2023-06-20 00:01:00,2023-06-21 00:01:00,0.0063454062628927055,0.0012304239224070301,2023-06-01
2023-06-21,2023-06-21,2023-06-21 00:01:00,2023-06-22 00:01:00,0.0675058463492797,-0.0005586825738081012,2023-06-01
2023-06-22,2023-06-22,2023-06-22 00:01:00,2023-06-23 00:01:00,0.015026287890261614,0.0016409381489254928,2023-06-01
2023-06-23,2023-06-23,2023-06-23 00:01:00,2023-06-24 00:01:00,0.023804448612872564,0.0016856155652481058,2023-06-01
2023-06-24,2023-06-24,2023-06-24 00:01:00,2023-06-25 00:01:00,-0.02481248796331481,-0.0011313614864038798,2023-06-01
2023-06-25,2023-06-25,2023-06-25 00:01:00,2023-06-26 00:01:00,0.0070401485957065635,0.0028396333294693037,2023-06-01
2023-06-26,2023-06-26,2023-06-26 00:01:00,2023-06-27 00:01:00,0.0013833457887455491,-0.00038151260355355737,2023-06-01
2023-06-27,2023-06-27,2023-06-27 00:01:00,2023-06-28 00:01:00,-0.00984470767569623,-0.0023309681997167693,2023-06-01
2023-06-28,2023-06-28,2023-06-28 00:01:00,2023-06-29 00:01:00,-0.005938826346793213,-0.0007469955092221766,2023-06-01
2023-06-29,2023-06-29,2023-06-29 00:01:00,2023-06-30 00:01:00,-0.0034953189612987323,-0.0002848084495351813,2023-06-01
2023-06-30,2023-06-30,2023-06-30 00:01:00,2023-07-01 00:01:00,-0.0006151754059349201,-0.0012499173339005974,2023-06-01
2023-07-01,2023-07-01,2023-07-01 00:01:00,2023-07-02 00:01:00,0.038310142063402,0.0012611644342186584,2023-07-01
2023-07-02,2023-07-02,2023-07-02 00:01:00,2023-07-03 00:01:00,-0.002308964398265223,-0.0015840891793772076,2023-07-01
2023-07-03,2023-07-03,2023-07-03 00:01:00,2023-07-04 00:01:00,0.025587698722960628,-0.0034055920171293837,2023-07-01
2023-07-04,2023-07-04,2023-07-04 00:01:00,2023-07-05 00:01:00,-0.006403773143795144,-0.003157056004884972,2023-07-01
2023-07-05,2023-07-05,2023-07-05 00:01:00,2023-07-06 00:01:00,-0.027232875871487816,-0.002512993065896231,2023-07-01
2023-07-06,2023-07-06,2023-07-06 00:01:00,2023-07-07 00:01:00,-0.007692914420928121,0.00045856119955878434,2023-07-01
2023-07-07,2023-07-07,2023-07-07 00:01:00,2023-07-08 00:01:00,-0.008012209080503596,0.0009128930425182657,2023-07-01
2023-07-08,2023-07-08,2023-07-08 00:01:00,2023-07-09 00:01:00,-0.006623931623931711,-0.0015982753138605616,2023-07-01
2023-07-09,2023-07-09,2023-07-09 00:01:00,2023-07-10 00:01:00,0.0029630027963003513,-0.002627464744619285,2023-07-01
2023-07-10,2023-07-10,2023-07-10 00:01:00,2023-07-11 00:01:00,0.0034153481564089816,-0.002505903361161508,2023-07-01
2023-07-11,2023-07-11,2023-07-11 00:01:00,2023-07-12 00:01:00,-9.61805629768886e-05,-0.0031834515902453894,2023-07-01
2023-07-12,2023-07-12,2023-07-12 00:01:00,2023-07-13 00:01:00,0.006952386041789049,0.0015806909115618835,2023-07-01
2023-07-13,2023-07-13,2023-07-13 00:01:00,2023-07-14 00:01:00,0.02629609777584374,0.0014983174460592038,2023-07-01
2023-07-14,2023-07-14,2023-07-14 00:01:00,2023-07-15 00:01:00,0.033502942301924854,0.0021988088928501445,2023-07-01
2023-07-15,2023-07-15,2023-07-15 00:01:00,2023-07-16 00:01:00,-0.031846496385059986,0.00387605391823514,2023-07-01
2023-07-16,2023-07-16,2023-07-16 00:01:00,2023-07-17 00:01:00,0.000987080103359128,0.007298045256962539,2023-07-01
2023-07-17,2023-07-17,2023-07-17 00:01:00,2023-07-18 00:01:00,-0.014925835480223748,0.0011854204077920807,2023-07-01
2023-07-18,2023-07-18,2023-07-18 00:01:00,2023-07-19 00:01:00,-0.00605345911949684,0.0017276072774036252,2023-07-01
2023-07-19,2023-07-19,2023-07-19 00:01:00,2023-07-20 00:01:00,0.005689577895541698,0.0016739049617581136,2023-07-01
2023-07-20,2023-07-20,2023-07-20 00:01:00,2023-07-21 00:01:00,-0.010491600427843362,0.0016035322934547873,2023-07-01
2023-07-21,2023-07-21,2023-07-21 00:01:00,2023-07-22 00:01:00,0.0019923379768231886,0.0038280068564346256,2023-07-01
2023-07-22,2023-07-22,2023-07-22 00:01:00,2023-07-23 00:01:00,-0.0011581235225992526,-0.0012509663778030196,2023-07-01
2023-07-23,2023-07-23,2023-07-23 00:01:00,2023-07-24 00:01:00,-0.007698009318085508,0.00029668497619287,2023-07-01
2023-07-24,2023-07-24,2023-07-24 00:01:00,2023-07-25 00:01:00,-0.015942291891199667,-0.000679866997525495,2023-07-01
2023-07-25,2023-07-25,2023-07-25 00:01:00,2023-07-26 00:01:00,0.00736832973682211,0.003843359606528685,2023-07-01
2023-07-26,2023-07-26,2023-07-26 00:01:00,2023-07-27 00:01:00,0.0014424344849486292,-0.0012200119454791305,2023-07-01
2023-07-27,2023-07-27,2023-07-27 00:01:00,2023-07-28 00:01:00,0.004444683309596131,-0.0014678720048574105,2023-07-01
2023-07-28,2023-07-28,2023-07-28 00:01:00,2023-07-29 00:01:00,0.003076643195000228,0.0007892907716486101,2023-07-01
2023-07-29,2023-07-29,2023-07-29 00:01:00,2023-07-30 00:01:00,-0.0010508516165511628,-0.0006235527244876228,2023-07-01
2023-07-30,2023-07-30,2023-07-30 00:01:00,2023-07-31 00:01:00,0.002290810060340709,-0.0003290026744112303,2023-07-01
2023-07-31,2023-07-31,2023-07-31 00:01:00,2023-08-01 00:01:00,-0.010367663120208426,6.987874063632397e-05,2023-07-01
2023-08-01,2023-08-01,2023-08-01 00:01:00,2023-08-02 00:01:00,-0.01235511674104861,2.314411152841959e-05,2023-08-01
2023-08-02,2023-08-02,2023-08-02 00:01:00,2023-08-03 00:01:00,0.003940956513207361,0.0023629044268268277,2023-08-01
2023-08-03,2023-08-03,2023-08-03 00:01:00,2023-08-04 00:01:00,-0.000917575645696389,0.001958301755439164,2023-08-01
2023-08-04,2023-08-04,2023-08-04 00:01:00,2023-08-05 00:01:00,0.004059517857531114,-0.0012696892948312792,2023-08-01
2023-08-05,2023-08-05,2023-08-05 00:01:00,2023-08-06 00:01:00,-0.007647800648412195,-0.00021843094190732626,2023-08-01
2023-08-06,2023-08-06,2023-08-06 00:01:00,2023-08-07 00:01:00,-0.002192575785673001,0.00010446476757865685,2023-08-01
2023-08-07,2023-08-07,2023-08-07 00:01:00,2023-08-08 00:01:00,-0.007882193458107478,-0.0005911644853313457,2023-08-01
2023-08-08,2023-08-08,2023-08-08 00:01:00,2023-08-09 00:01:00,0.015514980551178503,0.0023665260209268443,2023-08-01
2023-08-09,2023-08-09,2023-08-09 00:01:00,2023-08-10 00:01:00,0.005251793096713309,0.00026951915728421134,2023-08-01
2023-08-10,2023-08-10,2023-08-10 00:01:00,2023-08-11 00:01:00,0.00018350010254430948,0.0014550154518553839,2023-08-01
2023-08-11,2023-08-11,2023-08-11 00:01:00,2023-08-12 00:01:00,-0.003723289445283884,-0.00018431017234953018,2023-08-01
2023-08-12,2023-08-12,2023-08-12 00:01:00,2023-08-13 00:01:00,0.0026268753723663885,-0.0007123569998333023,2023-08-01
2023-08-13,2023-08-13,2023-08-13 00:01:00,2023-08-14 00:01:00,-0.0018042838235692304,-0.004039698910106926,2023-08-01
2023-08-14,2023-08-14,2023-08-14 00:01:00,2023-08-15 00:01:00,0.0032849697750310103,-0.0033624551553129603,2023-08-01
2023-08-15,2023-08-15,2023-08-15 00:01:00,2023-08-16 00:01:00,-0.007055472846138944,-0.001979500042406238,2023-08-01
2023-08-16,2023-08-16,2023-08-16 00:01:00,2023-08-17 00:01:00,-0.010968057366362527,-0.001105929172172426,2023-08-01
2023-08-17,2023-08-17,2023-08-17 00:01:00,2023-08-18 00:01:00,-0.04411158897292666,-6.635215502520371e-05,2023-08-01
2023-08-18,2023-08-18,2023-08-18 00:01:00,2023-08-19 00:01:00,-0.04602654714704357,0.010354950364167746,2023-08-01
2023-08-19,2023-08-19,2023-08-19 00:01:00,2023-08-20 00:01:00,0.013094807854475476,0.03233198709561883,2023-08-01
2023-08-20,2023-08-20,2023-08-20 00:01:00,2023-08-21 00:01:00,-0.006397374460444527,-0.005602404125853982,2023-08-01
2023-08-21,2023-08-21,2023-08-21 00:01:00,2023-08-22 00:01:00,-0.007737048073816144,-0.002184051214813603,2023-08-01
2023-08-22,2023-08-22,2023-08-22 00:01:00,2023-08-23 00:01:00,-0.004926880747776363,0.0004685097918200532,2023-08-01
2023-08-23,2023-08-23,2023-08-23 00:01:00,2023-08-24 00:01:00,0.004357364491418547,-0.0014142639648032644,2023-08-01
2023-08-24,2023-08-24,2023-08-24 00:01:00,2023-08-25 00:01:00,-0.008767430774707763,0.0012379626867397653,2023-08-01
2023-08-25,2023-08-25,2023-08-25 00:01:00,2023-08-26 00:01:00,0.002599315777298994,0.003397175034754494,2023-08-01
2023-08-26,2023-08-26,2023-08-26 00:01:00,2023-08-27 00:01:00,0.00272615223951278,0.00016163772115201165,2023-08-01
2023-08-27,2023-08-27,2023-08-27 00:01:00,2023-08-28 00:01:00,0.0024583711777173,-0.005633765466953292,2023-08-01
2023-08-28,2023-08-28,2023-08-28 00:01:00,2023-08-29 00:01:00,-0.00451810867621838,-0.005295007276581211,2023-08-01
2023-08-29,2023-08-29,2023-08-29 00:01:00,2023-08-30 00:01:00,0.04084753167321975,-0.0015879416055265272,2023-08-01
2023-08-30,2023-08-30,2023-08-30 00:01:00,2023-08-31 00:01:00,-0.006873032528856404,0.00248960519662062,2023-08-01
2023-08-31,2023-08-31,2023-08-31 00:01:00,2023-09-01 00:01:00,-0.008575906457463756,0.001316677364451519,2023-08-01
2023-09-01,2023-09-01,2023-09-01 00:01:00,2023-09-02 00:01:00,-0.03200118413262287,-0.001186927954253501,2023-09-01
2023-09-02,2023-09-02,2023-09-02 00:01:00,2023-09-03 00:01:00,0.0025811186886448567,-0.0040122063212869935,2023-09-01
2023-09-03,2023-09-03,2023-09-03 00:01:00,2023-09-04 00:01:00,-0.0037335968813485554,-0.004947959714366546,2023-09-01
2023-09-04,2023-09-04,2023-09-04 00:01:00,2023-09-05 00:01:00,-0.003802700468448661,-0.006693420708283171,2023-09-01
2023-09-05,2023-09-05,2023-09-05 00:01:00,2023-09-06 00:01:00,0.006374320769098496,-0.002792279374114057,2023-09-01
2023-09-06,2023-09-06,2023-09-06 00:01:00,2023-09-07 00:01:00,-0.008783234893507963,-0.0044789937541908015,2023-09-01
2023-09-07,2023-09-07,2023-09-07 00:01:00,2023-09-08 00:01:00,0.004781770117634032,-0.004185840883905876,2023-09-01
2023-09-08,2023-09-08,2023-09-08 00:01:00,2023-09-09 00:01:00,-0.0017907628527096264,-0.00023939381913297262,2023-09-01
2023-09-09,2023-09-09,2023-09-09 00:01:00,2023-09-10 00:01:00,0.0046385323806421574,0.0005227948577732581,2023-09-01
2023-09-10,2023-09-10,2023-09-10 00:01:00,2023-09-11 00:01:00,-0.009185308398869885,-0.005033038075639887,2023-09-01
2023-09-11,2023-09-11,2023-09-11 00:01:00,2023-09-12 00:01:00,-0.03554499444513037,-0.003163530176602892,2023-09-01
2023-09-12,2023-09-12,2023-09-12 00:01:00,2023-09-13 00:01:00,0.02618055688879517,0.000634525563302198,2023-09-01
2023-09-13,2023-09-13,2023-09-13 00:01:00,2023-09-14 00:01:00,0.003298992217122265,0.0005014553316389475,2023-09-01
2023-09-14,2023-09-14,2023-09-14 00:01:00,2023-09-15 00:01:00,0.01604912948079651,-0.002094031643082529,2023-09-01
2023-09-15,2023-09-15,2023-09-15 00:01:00,2023-09-16 00:01:00,-0.009029566323877747,-0.0029767851997894606,2023-09-01
2023-09-16,2023-09-16,2023-09-16 00:01:00,2023-09-17 00:01:00,0.008908122256724438,-0.0015104627994703182,2023-09-01
2023-09-17,2023-09-17,2023-09-17 00:01:00,2023-09-18 00:01:00,-0.003028819678149719,-0.001460284275505434,2023-09-01
2023-09-18,2023-09-18,2023-09-18 00:01:00,2023-09-19 00:01:00,0.016853346426489058,-0.0024722177022615723,2023-09-01
2023-09-19,2023-09-19,2023-09-19 00:01:00,2023-09-20 00:01:00,-0.0012192104103668777,-0.0007029457411707393,2023-09-01
2023-09-20,2023-09-20,2023-09-20 00:01:00,2023-09-21 00:01:00,-0.015633403634297993,-0.0017932767240417039,2023-09-01
2023-09-21,2023-09-21,2023-09-21 00:01:00,2023-09-22 00:01:00,-0.028024703484517355,-0.0008939948344965194,2023-09-01
2023-09-22,2023-09-22,2023-09-22 00:01:00,2023-09-23 00:01:00,0.006404466704984069,0.0018216172809924723,2023-09-01
2023-09-23,2023-09-23,2023-09-23 00:01:00,2023-09-24 00:01:00,-0.0019204096874000376,-0.002607344846538278,2023-09-01
2023-09-24,2023-09-24,2023-09-24 00:01:00,2023-09-25 00:01:00,0.00020750149338200075,-0.0007762465272500017,2023-09-01
2023-09-25,2023-09-25,2023-09-25 00:01:00,2023-09-26 00:01:00,-0.003086730203435084,0.0006296061708321529,2023-09-01
2023-09-26,2023-09-26,2023-09-26 00:01:00,2023-09-27 00:01:00,-0.002320639184749451,0.000921349374644415,2023-09-01
2023-09-27,2023-09-27,2023-09-27 00:01:00,2023-09-28 00:01:00,0.011680751411108137,0.0015029212819112389,2023-09-01
2023-09-28,2023-09-28,2023-09-28 00:01:00,2023-09-29 00:01:00,0.0339691484908502,0.0021437025543725985,2023-09-01
2023-09-29,2023-09-29,2023-09-29 00:01:00,2023-09-30 00:01:00,0.010846314670018176,-0.0011467241249513837,2023-09-01
2023-09-30,2023-09-30,2023-09-30 00:01:00,2023-10-01 00:01:00,0.006067344535504393,-0.0001297152209917592,2023-09-01
2023-10-01,2023-10-01,2023-10-01 00:01:00,2023-10-02 00:01:00,0.0003980891719745916,-0.0017099254646380097,2023-10-01
2023-10-02,2023-10-02,2023-10-02 00:01:00,2023-10-03 00:01:00,0.004567294842936276,-0.0009089042316809005,2023-10-01
2023-10-03,2023-10-03,2023-10-03 00:01:00,2023-10-04 00:01:00,-0.025848409601513578,0.008291650308233495,2023-10-01
2023-10-04,2023-10-04,2023-10-04 00:01:00,2023-10-05 00:01:00,-0.009558894931054551,0.0009027068678467622,2023-10-01
2023-10-05,2023-10-05,2023-10-05 00:01:00,2023-10-06 00:01:00,-0.008027305092743076,0.0009932766171918015,2023-10-01
2023-10-06,2023-10-06,2023-10-06 00:01:00,2023-10-07 00:01:00,0.014547543596301171,0.0020925748058784827,2023-10-01
2023-10-07,2023-10-07,2023-10-07 00:01:00,2023-10-08 00:01:00,-0.0025207321082819645,-0.0028366435090191764,2023-10-01
2023-10-08,2023-10-08,2023-10-08 00:01:00,2023-10-09 00:01:00,-0.004358335774978128,0.0021145604301876677,2023-10-01
2023-10-09,2023-10-09,2023-10-09 00:01:00,2023-10-10 00:01:00,-0.027588743792532622,-0.0015106926427036343,2023-10-01
2023-10-10,2023-10-10,2023-10-10 00:01:00,2023-10-11 00:01:00,-0.011972763381880136,0.0010392666522005497,2023-10-01
2023-10-11,2023-10-11,2023-10-11 00:01:00,2023-10-12 00:01:00,-0.004498726955989074,0.0009227043164395925,2023-10-01
2023-10-12,2023-10-12,2023-10-12 00:01:00,2023-10-13 00:01:00,-0.012211068805045966,0.0008971349847053278,2023-10-01
2023-10-13,2023-10-13,2023-10-13 00:01:00,2023-10-14 00:01:00,-0.0009149843284599335,0.0010276873975715358,2023-10-01
2023-10-14,2023-10-14,2023-10-14 00:01:00,2023-10-15 00:01:00,0.010769030917121336,0.0011081753748215946,2023-10-01
2023-10-15,2023-10-15,2023-10-15 00:01:00,2023-10-16 00:01:00,-0.0013751622562943044,-0.00036585659730386204,2023-10-01
2023-10-16,2023-10-16,2023-10-16 00:01:00,2023-10-17 00:01:00,0.015450052765694666,-1.4070790454375244e-05,2023-10-01
2023-10-17,2023-10-17,2023-10-17 00:01:00,2023-10-18 00:01:00,-0.0018757327080891617,0.006045796508875894,2023-10-01
2023-10-18,2023-10-18,2023-10-18 00:01:00,2023-10-19 00:01:00,-0.003358538242259179,0.002993741380180498,2023-10-01
2023-10-19,2023-10-19,2023-10-19 00:01:00,2023-10-20 00:01:00,-0.00459931201426933,0.00013197935124942102,2023-10-01
2023-10-20,2023-10-20,2023-10-20 00:01:00,2023-10-21 00:01:00,0.027659383839547358,-0.0008421543707566412,2023-10-01
2023-10-21,2023-10-21,2023-10-21 00:01:00,2023-10-22 00:01:00,0.013862249346120237,0.0007696993393450785,2023-10-01
2023-10-22,2023-10-22,2023-10-22 00:01:00,2023-10-23 00:01:00,-0.0018672530496418593,-0.003849785550265041,2023-10-01
2023-10-23,2023-10-23,2023-10-23 00:01:00,2023-10-24 00:01:00,0.03180268550540921,0.0026260551781962078,2023-10-01
2023-10-24,2023-10-24,2023-10-24 00:01:00,2023-10-25 00:01:00,0.06194906661895394,0.0009913626210961905,2023-10-01
2023-10-25,2023-10-25,2023-10-25 00:01:00,2023-10-26 00:01:00,0.014068528617240617,0.00942774352645034,2023-10-01
2023-10-26,2023-10-26,2023-10-26 00:01:00,2023-10-27 00:01:00,-0.015651133682613172,-0.000160523490726718,2023-10-01
2023-10-27,2023-10-27,2023-10-27 00:01:00,2023-10-28 00:01:00,0.002509339694828361,0.006789635188254835,2023-10-01
2023-10-28,2023-10-28,2023-10-28 00:01:00,2023-10-29 00:01:00,0.004955607188156019,0.0013507615689050787,2023-10-01
2023-10-29,2023-10-29,2023-10-29 00:01:00,2023-10-30 00:01:00,0.0007315779186327642,-0.0011722256943617515,2023-10-01
2023-10-30,2023-10-30,2023-10-30 00:01:00,2023-10-31 00:01:00,0.015480256255719915,-0.0023105451646998963,2023-10-01
2023-10-31,2023-10-31,2023-10-31 00:01:00,2023-11-01 00:01:00,-0.016304885420673765,-0.0038340072497159107,2023-10-01
2023-11-01,2023-11-01,2023-11-01 00:01:00,2023-11-02 00:01:00,0.001670363066540892,-0.003322244402138582,2023-11-01
2023-11-02,2023-11-02,2023-11-02 00:01:00,2023-11-03 00:01:00,0.006837625904897893,0.00030695004129425725,2023-11-01
2023-11-03,2023-11-03,2023-11-03 00:01:00,2023-11-04 00:01:00,0.004276344943720645,0.0023210386844917494,2023-11-01
2023-11-04,2023-11-04,2023-11-04 00:01:00,2023-11-05 00:01:00,0.010639823496966239,-0.003953409843991278,2023-11-01
2023-11-05,2023-11-05,2023-11-05 00:01:00,2023-11-06 00:01:00,0.02288393212864781,-0.0026558587683246037,2023-11-01
2023-11-06,2023-11-06,2023-11-06 00:01:00,2023-11-07 00:01:00,0.01458740169243744,-0.0028750088641482604,2023-11-01
2023-11-07,2023-11-07,2023-11-07 00:01:00,2023-11-08 00:01:00,-0.02073034771450799,-0.0034041731664826006,2023-11-01
2023-11-08,2023-11-08,2023-11-08 00:01:00,2023-11-09 00:01:00,0.013828176184389918,-0.002366034622738104,2023-11-01
2023-11-09,2023-11-09,2023-11-09 00:01:00,2023-11-10 00:01:00,0.08351651844122276,-0.0032615596032544826,2023-11-01
2023-11-10,2023-11-10,2023-11-10 00:01:00,2023-11-11 00:01:00,0.021519779424705288,-0.0001895597982177682,2023-11-01
2023-11-11,2023-11-11,2023-11-11 00:01:00,2023-11-12 00:01:00,-0.009619157916901933,0.0030890702552368635,2023-11-01
2023-11-12,2023-11-12,2023-11-12 00:01:00,2023-11-13 00:01:00,-0.005170380965266563,0.0003646743227794074,2023-11-01
2023-11-13,2023-11-13,2023-11-13 00:01:00,2023-11-14 00:01:00,0.022668764996745416,-0.0009191966738258391,2023-11-01
2023-11-14,2023-11-14,2023-11-14 00:01:00,2023-11-15 00:01:00,-0.03172718421240106,-0.004672770722568728,2023-11-01
2023-11-15,2023-11-15,2023-11-15 00:01:00,2023-11-16 00:01:00,-0.008878424447551159,0.0015054318989165213,2023-11-01
2023-11-16,2023-11-16,2023-11-16 00:01:00,2023-11-17 00:01:00,-0.01195219123505964,0.0027044653713141015,2023-11-01
2023-11-17,2023-11-17,2023-11-17 00:01:00,2023-11-18 00:01:00,-0.03793327990382689,0.0022401758040124695,2023-11-01
2023-11-18,2023-11-18,2023-11-18 00:01:00,2023-11-19 00:01:00,0.016827461250501052,0.0005919091807614366,2023-11-01
2023-11-19,2023-11-19,2023-11-19 00:01:00,2023-11-20 00:01:00,0.0070251255766797804,-0.002275346213819793,2023-11-01
2023-11-20,2023-11-20,2023-11-20 00:01:00,2023-11-21 00:01:00,0.03916184897620889,-0.004277196556978578,2023-11-01
2023-11-21,2023-11-21,2023-11-21 00:01:00,2023-11-22 00:01:00,-0.027210052208462066,-0.0036124114423040136,2023-11-01
2023-11-22,2023-11-22,2023-11-22 00:01:00,2023-11-23 00:01:00,0.023353721103353875,0.0021590601412610944,2023-11-01
2023-11-23,2023-11-23,2023-11-23 00:01:00,2023-11-24 00:01:00,0.0031014229190728937,-0.0009445905804037,2023-11-01
2023-11-24,2023-11-24,2023-11-24 00:01:00,2023-11-25 00:01:00,0.037425399096459255,-0.0003647506198708675,2023-11-01
2023-11-25,2023-11-25,2023-11-25 00:01:00,2023-11-26 00:01:00,-0.01822183597513738,-0.004204138876113313,2023-11-01
2023-11-26,2023-11-26,2023-11-26 00:01:00,2023-11-27 00:01:00,-0.006085651333070152,-0.0014936030654347618,2023-11-01
2023-11-27,2023-11-27,2023-11-27 00:01:00,2023-11-28 00:01:00,-0.02965135696342236,-0.000643225254195285,2023-11-01
2023-11-28,2023-11-28,2023-11-28 00:01:00,2023-11-29 00:01:00,0.015842374360892864,-0.000905935119989752,2023-11-01
2023-11-29,2023-11-29,2023-11-29 00:01:00,2023-11-30 00:01:00,-0.0034765358382723432,-0.004412253335343065,2023-11-01
2023-11-30,2023-11-30,2023-11-30 00:01:00,2023-12-01 00:01:00,0.0012663654326583451,0.0012996179842271324,2023-11-01
2023-12-01,2023-12-01,2023-12-01 00:01:00,2023-12-02 00:01:00,0.023892716535433234,-0.00015249534547925485,2023-12-01
2023-12-02,2023-12-02,2023-12-02 00:01:00,2023-12-03 00:01:00,0.011333541611592945,-0.0016478705115810478,2023-12-01
2023-12-03,2023-12-03,2023-12-03 00:01:00,2023-12-04 00:01:00,0.026557294463745107,-0.004736977896108655,2023-12-01
2023-12-04,2023-12-04,2023-12-04 00:01:00,2023-12-05 00:01:00,0.02489340327128109,-0.0012750260677793113,2023-12-01
2023-12-05,2023-12-05,2023-12-05 00:01:00,2023-12-06 00:01:00,0.00712356241360923,-0.00041037372603122826,2023-12-01
2023-12-06,2023-12-06,2023-12-06 00:01:00,2023-12-07 00:01:00,0.011100894799398908,-0.002968171482668811,2023-12-01
2023-12-07,2023-12-07,2023-12-07 00:01:00,2023-12-08 00:01:00,0.031180410770527356,-0.002234020330349636,2023-12-01
2023-12-08,2023-12-08,2023-12-08 00:01:00,2023-12-09 00:01:00,0.010414739803578321,-0.0051476080022227364,2023-12-01
2023-12-09,2023-12-09,2023-12-09 00:01:00,2023-12-10 00:01:00,0.006411784741144455,-0.00399980008493064,2023-12-01
2023-12-10,2023-12-10,2023-12-10 00:01:00,2023-12-11 00:01:00,-0.004361510410938019,-0.005622269670770435,2023-12-01
2023-12-11,2023-12-11,2023-12-11 00:01:00,2023-12-12 00:01:00,-0.05666333836119908,-0.009245327594741417,2023-12-01
2023-12-12,2023-12-12,2023-12-12 00:01:00,2023-12-13 00:01:00,-0.011661164134601054,-0.0006166635273575341,2023-12-01
2023-12-13,2023-12-13,2023-12-13 00:01:00,2023-12-14 00:01:00,0.01153443011438715,-0.006564460891764625,2023-12-01
2023-12-14,2023-12-14,2023-12-14 00:01:00,2023-12-15 00:01:00,0.025450416965142386,-0.007257937151204892,2023-12-01
2023-12-15,2023-12-15,2023-12-15 00:01:00,2023-12-16 00:01:00,-0.019985940863758045,-0.004629593912561505,2023-12-01
2023-12-16,2023-12-16,2023-12-16 00:01:00,2023-12-17 00:01:00,0.01173221674788505,-0.0019561493765921385,2023-12-01
2023-12-17,2023-12-17,2023-12-17 00:01:00,2023-12-18 00:01:00,-0.016293125603736303,-0.006161082861050054,2023-12-01
2023-12-18,2023-12-18,2023-12-18 00:01:00,2023-12-19 00:01:00,-0.02855842991698243,-0.004801722163414921,2023-12-01
2023-12-19,2023-12-19,2023-12-19 00:01:00,2023-12-20 00:01:00,0.016159620886483816,-0.0011325055773937695,2023-12-01
2023-12-20,2023-12-20,2023-12-20 00:01:00,2023-12-21 00:01:00,0.02636598432095494,-0.00257983742474717,2023-12-01
2023-12-21,2023-12-21,2023-12-21 00:01:00,2023-12-22 00:01:00,-0.006949013889135713,-0.004218296513815007,2023-12-01
2023-12-22,2023-12-22,2023-12-22 00:01:00,2023-12-23 00:01:00,0.03940258147125042,-0.000826614364342665,2023-12-01
2023-12-23,2023-12-23,2023-12-23 00:01:00,2023-12-24 00:01:00,-0.015247973397885972,-0.004053116277901105,2023-12-01
2023-12-24,2023-12-24,2023-12-24 00:01:00,2023-12-25 00:01:00,0.002536938702312197,-0.0032644411157993058,2023-12-01
2023-12-25,2023-12-25,2023-12-25 00:01:00,2023-12-26 00:01:00,-0.0025392448582474136,-0.003077563140387361,2023-12-01
2023-12-26,2023-12-26,2023-12-26 00:01:00,2023-12-27 00:01:00,-0.023383780946548915,-0.004119511896168083,2023-12-01
2023-12-27,2023-12-27,2023-12-27 00:01:00,2023-12-28 00:01:00,0.05061941829321848,-0.004418989605877064,2023-12-01
2023-12-28,2023-12-28,2023-12-28 00:01:00,2023-12-29 00:01:00,0.005239240160971326,-0.0023215135964578643,2023-12-01
2023-12-29,2023-12-29,2023-12-29 00:01:00,2023-12-30 00:01:00,-0.01198447870062136,8.01143844830224e-05,2023-12-01
2023-12-30,2023-12-30,2023-12-30 00:01:00,2023-12-31 00:01:00,-0.006034878680052702,-0.00171676354315938,2023-12-01
2023-12-31,2023-12-31,2023-12-31 00:01:00,2024-01-01 00:01:00,-0.006196750052898992,-0.0035799258864944593,2023-12-01
2024-01-01,2024-01-01,2024-01-01 00:01:00,2024-01-02 00:01:00,0.006439614492174117,-0.003957048830757123,2024-01-01
2024-01-02,2024-01-02,2024-01-02 00:01:00,2024-01-03 00:01:00,0.018910284086002926,-0.004696571317707491,2024-01-01
2024-01-03,2024-01-03,2024-01-03 00:01:00,2024-01-04 00:01:00,-0.0522584745762712,-0.001389642131879769,2024-01-01
2024-01-04,2024-01-04,2024-01-04 00:01:00,2024-01-05 00:01:00,0.019171357419735635,0.00360942315095784,2024-01-01
2024-01-05,2024-01-05,2024-01-05 00:01:00,2024-01-06 00:01:00,-0.022350902590423716,-0.006565923459200605,2024-01-01
2024-01-06,2024-01-06,2024-01-06 00:01:00,2024-01-07 00:01:00,0.008162074845194267,-0.006391920628544669,2024-01-01
2024-01-07,2024-01-07,2024-01-07 00:01:00,2024-01-08 00:01:00,-0.006426946888672291,-0.005617506043110942,2024-01-01
2024-01-08,2024-01-08,2024-01-08 00:01:00,2024-01-09 00:01:00,0.0188769682173493,-0.007400266546644823,2024-01-01
2024-01-09,2024-01-09,2024-01-09 00:01:00,2024-01-10 00:01:00,-0.007509375728185219,-0.0055071960787975984,2024-01-01
2024-01-10,2024-01-10,2024-01-10 00:01:00,2024-01-11 00:01:00,0.08354264400352629,-0.002266750585915109,2024-01-01
2024-01-11,2024-01-11,2024-01-11 00:01:00,2024-01-12 00:01:00,0.06778822567457077,-0.0034863299969645255,2024-01-01
2024-01-12,2024-01-12,2024-01-12 00:01:00,2024-01-13 00:01:00,0.013285805629046576,2.812675259803265e-05,2024-01-01
2024-01-13,2024-01-13,2024-01-13 00:01:00,2024-01-14 00:01:00,-0.030678138378468223,-0.0022312037434752776,2024-01-01
2024-01-14,2024-01-14,2024-01-14 00:01:00,2024-01-15 00:01:00,-0.009948076653205074,-0.004069462347164962,2024-01-01
2024-01-15,2024-01-15,2024-01-15 00:01:00,2024-01-16 00:01:00,-0.009315694149145681,-0.009726535556748416,2024-01-01
2024-01-16,2024-01-16,2024-01-16 00:01:00,2024-01-17 00:01:00,0.01742748813659012,-0.010962205857952653,2024-01-01
2024-01-17,2024-01-17,2024-01-17 00:01:00,2024-01-18 00:01:00,-0.007496123031730417,-0.011986518366725554,2024-01-01
2024-01-18,2024-01-18,2024-01-18 00:01:00,2024-01-19 00:01:00,-0.006458595717884208,-0.007195550841975485,2024-01-01
2024-01-19,2024-01-19,2024-01-19 00:01:00,2024-01-20 00:01:00,-0.02389092018269756,-0.009416788288999238,2024-01-01
2024-01-20,2024-01-20,2024-01-20 00:01:00,2024-01-21 00:01:00,-0.00030843154443027654,-0.009582445712033132,2024-01-01
2024-01-21,2024-01-21,2024-01-21 00:01:00,2024-01-22 00:01:00,0.0020419596317164945,-0.00768988979737595,2024-01-01
2024-01-22,2024-01-22,2024-01-22 00:01:00,2024-01-23 00:01:00,-0.03620232138878199,-0.009922233839487267,2024-01-01
2024-01-23,2024-01-23,2024-01-23 00:01:00,2024-01-24 00:01:00,-0.06714193838561722,-0.00638726630868072,2024-01-01
2024-01-24,2024-01-24,2024-01-24 00:01:00,2024-01-25 00:01:00,0.006795057812063465,-0.003492398790479008,2024-01-01
2024-01-25,2024-01-25,2024-01-25 00:01:00,2024-01-26 00:01:00,-0.02001933456859739,-0.005143056389717555,2024-01-01
2024-01-26,2024-01-26,2024-01-26 00:01:00,2024-01-27 00:01:00,0.03056708728951718,-0.004690491309638865,2024-01-01
2024-01-27,2024-01-27,2024-01-27 00:01:00,2024-01-28 00:01:00,0.0061199890097227705,-0.004291297288617044,2024-01-01
2024-01-28,2024-01-28,2024-01-28 00:01:00,2024-01-29 00:01:00,-8.809214438243451e-06,-0.004051674473112132,2024-01-01
2024-01-29,2024-01-29,2024-01-29 00:01:00,2024-01-30 00:01:00,0.0028498059753430116,0.0003284550196872028,2024-01-01
2024-01-30,2024-01-30,2024-01-30 00:01:00,2024-01-31 00:01:00,0.03007730147575538,-0.0035512377021550572,2024-01-01
2024-01-31,2024-01-31,2024-01-31 00:01:00,2024-02-01 00:01:00,-0.006962921271660649,-0.0042214629445865735,2024-01-01
2024-02-01,2024-02-01,2024-02-01 00:01:00,2024-02-02 00:01:00,-0.016732862448742947,0.002162387135710002,2024-02-01
2024-02-02,2024-02-02,2024-02-02 00:01:00,2024-02-03 00:01:00,0.01158962087005122,0.00179566536957641,2024-02-01
2024-02-03,2024-02-03,2024-02-03 00:01:00,2024-02-04 00:01:00,-0.004908224405573813,-0.0025430429491240993,2024-02-01
2024-02-04,2024-02-04,2024-02-04 00:01:00,2024-02-05 00:01:00,-0.0016918638700301747,-0.0013711477236290274,2024-02-01
2024-02-05,2024-02-05,2024-02-05 00:01:00,2024-02-06 00:01:00,-0.0029027702335686634,-0.0009942271237071499,2024-02-01
2024-02-06,2024-02-06,2024-02-06 00:01:00,2024-02-07 00:01:00,0.02197361597161973,0.0010447733212815722,2024-02-01
2024-02-07,2024-02-07,2024-02-07 00:01:00,2024-02-08 00:01:00,0.010166354653964538,-0.001894334078300326,2024-02-01
2024-02-08,2024-02-08,2024-02-08 00:01:00,2024-02-09 00:01:00,0.03608954631611394,-0.0003662210052032284,2024-02-01
2024-02-09,2024-02-09,2024-02-09 00:01:00,2024-02-10 00:01:00,0.016379282245184035,0.0009186595090632133,2024-02-01
2024-02-10,2024-02-10,2024-02-10 00:01:00,2024-02-11 00:01:00,-0.0019763321200070294,0.001156482071678412,2024-02-01
2024-02-11,2024-02-11,2024-02-11 00:01:00,2024-02-12 00:01:00,0.007692029611301221,-0.00192022351458435,2024-02-01
2024-02-12,2024-02-12,2024-02-12 00:01:00,2024-02-13 00:01:00,0.019599480217160847,-0.0037397080604945295,2024-02-01
2024-02-13,2024-02-13,2024-02-13 00:01:00,2024-02-14 00:01:00,0.0296765718887686,-0.003498125974036929,2024-02-01
2024-02-14,2024-02-14,2024-02-14 00:01:00,2024-02-15 00:01:00,0.044179177012855675,-0.0006155651254530037,2024-02-01
2024-02-15,2024-02-15,2024-02-15 00:01:00,2024-02-16 00:01:00,0.02735093702957636,-0.0008128668539764921,2024-02-01
2024-02-16,2024-02-16,2024-02-16 00:01:00,2024-02-17 00:01:00,-0.017873575422948984,-0.0045478453007911975,2024-02-01
2024-02-17,2024-02-17,2024-02-17 00:01:00,2024-02-18 00:01:00,-0.008184078705538944,-0.0025880003337168654,2024-02-01
2024-02-18,2024-02-18,2024-02-18 00:01:00,2024-02-19 00:01:00,0.019540802052183892,-0.005307552275043771,2024-02-01
2024-02-19,2024-02-19,2024-02-19 00:01:00,2024-02-20 00:01:00,0.03686069345003706,-0.008154146024886932,2024-02-01
2024-02-20,2024-02-20,2024-02-20 00:01:00,2024-02-21 00:01:00,0.004932288444352784,-0.006781764634873977,2024-02-01
2024-02-21,2024-02-21,2024-02-21 00:01:00,2024-02-22 00:01:00,-0.003772552372808935,-0.004071449982777689,2024-02-01
2024-02-22,2024-02-22,2024-02-22 00:01:00,2024-02-23 00:01:00,0.024320909665192625,-0.00331558214532684,2024-02-01
2024-02-23,2024-02-23,2024-02-23 00:01:00,2024-02-24 00:01:00,-0.022908873962648624,-0.006456498962152012,2024-02-01
2024-02-24,2024-02-24,2024-02-24 00:01:00,2024-02-25 00:01:00,0.014139633165363596,-0.005823939612122504,2024-02-01
2024-02-25,2024-02-25,2024-02-25 00:01:00,2024-02-26 00:01:00,0.029001194007637565,-0.00953239715673898,2024-02-01
2024-02-26,2024-02-26,2024-02-26 00:01:00,2024-02-27 00:01:00,0.032611589753366754,-0.010694437778739758,2024-02-01
2024-02-27,2024-02-27,2024-02-27 00:01:00,2024-02-28 00:01:00,0.029038193405446,-0.010627056241997357,2024-02-01
2024-02-28,2024-02-28,2024-02-28 00:01:00,2024-02-29 00:01:00,0.037230093423250565,-0.0074383957248717325,2024-02-01
2024-02-29,2024-02-29,2024-02-29 00:01:00,2024-03-01 00:01:00,0.03527938084373461,-0.009131094733095542,2024-02-01
2024-03-01,2024-03-01,2024-03-01 00:01:00,2024-03-02 00:01:00,-0.022055519065233176,-0.0011150154314876135,2024-03-01
2024-03-02,2024-03-02,2024-03-02 00:01:00,2024-03-03 00:01:00,0.0071523678225930976,-0.00330273744217201,2024-03-01
2024-03-03,2024-03-03,2024-03-03 00:01:00,2024-03-04 00:01:00,0.0017783185530102497,-0.006357598676604451,2024-03-01
2024-03-04,2024-03-04,2024-03-04 00:01:00,2024-03-05 00:01:00,0.041006820358302276,-0.008240028531156901,2024-03-01
2024-03-05,2024-03-05,2024-03-05 00:01:00,2024-03-06 00:01:00,0.06494759486073454,-0.005297485755962971,2024-03-01
2024-03-06,2024-03-06,2024-03-06 00:01:00,2024-03-07 00:01:00,-0.0002264910220012295,-0.0020917699330842065,2024-03-01
2024-03-07,2024-03-07,2024-03-07 00:01:00,2024-03-08 00:01:00,0.013110478899952538,0.01021461743376102,2024-03-01
2024-03-08,2024-03-08,2024-03-08 00:01:00,2024-03-09 00:01:00,0.01656279170144348,-0.0030095311837741757,2024-03-01
2024-03-09,2024-03-09,2024-03-09 00:01:00,2024-03-10 00:01:00,0.0030258308245965093,-0.0043037172262135204,2024-03-01
2024-03-10,2024-03-10,2024-03-10 00:01:00,2024-03-11 00:01:00,-0.008290195078413887,-0.005136614821496234,2024-03-01
2024-03-11,2024-03-11,2024-03-11 00:01:00,2024-03-12 00:01:00,0.0334302736700276,-0.005901676730670087,2024-03-01
2024-03-12,2024-03-12,2024-03-12 00:01:00,2024-03-13 00:01:00,-0.006178153769594408,-0.003521923993710624,2024-03-01
2024-03-13,2024-03-13,2024-03-13 00:01:00,2024-03-14 00:01:00,-0.007478399767661292,-0.005725000504967811,2024-03-01
2024-03-14,2024-03-14,2024-03-14 00:01:00,2024-03-15 00:01:00,-0.02734909063390767,-0.00422731471610416,2024-03-01
2024-03-15,2024-03-15,2024-03-15 00:01:00,2024-03-16 00:01:00,-0.0419229851551397,-0.005584859163191572,2024-03-01
2024-03-16,2024-03-16,2024-03-16 00:01:00,2024-03-17 00:01:00,-0.0049644986912023015,-0.003084017212894613,2024-03-01
2024-03-17,2024-03-17,2024-03-17 00:01:00,2024-03-18 00:01:00,-0.013947642611721212,-0.007159695790269958,2024-03-01
2024-03-18,2024-03-18,2024-03-18 00:01:00,2024-03-19 00:01:00,-0.026995933366808056,-0.004575222548143041,2024-03-01
2024-03-19,2024-03-19,2024-03-19 00:01:00,2024-03-20 00:01:00,-0.06296129319462285,-0.0017742350130993314,2024-03-01
2024-03-20,2024-03-20,2024-03-20 00:01:00,2024-03-21 00:01:00,-0.005967222639134295,0.0008672809933089496,2024-03-01
2024-03-21,2024-03-21,2024-03-21 00:01:00,2024-03-22 00:01:00,0.06304718417047184,-0.00216829492380575,2024-03-01
2024-03-22,2024-03-22,2024-03-22 00:01:00,2024-03-23 00:01:00,-0.04268193155427524,-0.0007360629860050077,2024-03-01
2024-03-23,2024-03-23,2024-03-23 00:01:00,2024-03-24 00:01:00,0.016454984355650293,0.0005369086903034902,2024-03-01
2024-03-24,2024-03-24,2024-03-24 00:01:00,2024-03-25 00:01:00,0.0004914554438253393,-0.0040223779729645645,2024-03-01
2024-03-25,2024-03-25,2024-03-25 00:01:00,2024-03-26 00:01:00,0.05353938830616478,-0.006004933740405837,2024-03-01
2024-03-26,2024-03-26,2024-03-26 00:01:00,2024-03-27 00:01:00,0.0039952425623157595,-0.0038365531605276037,2024-03-01
2024-03-27,2024-03-27,2024-03-27 00:01:00,2024-03-28 00:01:00,-0.019916186281134785,-0.004586398587505328,2024-03-01
2024-03-28,2024-03-28,2024-03-28 00:01:00,2024-03-29 00:01:00,0.015576898523173899,-0.00289038013561166,2024-03-01
2024-03-29,2024-03-29,2024-03-29 00:01:00,2024-03-30 00:01:00,-0.02436475896461654,-0.007157219459719094,2024-03-01
2024-03-30,2024-03-30,2024-03-30 00:01:00,2024-03-31 00:01:00,0.012656995424009443,-0.005741181869653739,2024-03-01
2024-03-31,2024-03-31,2024-03-31 00:01:00,2024-04-01 00:01:00,0.024002216981398705,-0.007863224246639643,2024-03-01
2024-04-01,2024-04-01,2024-04-01 00:01:00,2024-04-02 00:01:00,-0.0466942080293381,-0.005623361207274779,2024-04-01
2024-04-02,2024-04-02,2024-04-02 00:01:00,2024-04-03 00:01:00,-0.06144901843209849,-0.0008792638988460032,2024-04-01
2024-04-03,2024-04-03,2024-04-03 00:01:00,2024-04-04 00:01:00,0.028425925925925855,-0.0010172167474231972,2024-04-01
2024-04-04,2024-04-04,2024-04-04 00:01:00,2024-04-05 00:01:00,0.009330452267338973,-0.0071742115837936885,2024-04-01
2024-04-05,2024-04-05,2024-04-05 00:01:00,2024-04-06 00:01:00,-0.011197702181559688,-0.007769013919681943,2024-04-01
2024-04-06,2024-04-06,2024-04-06 00:01:00,2024-04-07 00:01:00,0.004053489218259987,-0.002973479833381897,2024-04-01
2024-04-07,2024-04-07,2024-04-07 00:01:00,2024-04-08 00:01:00,0.01640007067963256,-0.007747179421917751,2024-04-01
2024-04-08,2024-04-08,2024-04-08 00:01:00,2024-04-09 00:01:00,0.07093291531246959,-0.007319237126531661,2024-04-01
2024-04-09,2024-04-09,2024-04-09 00:01:00,2024-04-10 00:01:00,-0.028201953501169386,-0.0039482599611404216,2024-04-01
2024-04-10,2024-04-10,2024-04-10 00:01:00,2024-04-11 00:01:00,-0.014600792751981895,-0.0013143463526467353,2024-04-01
2024-04-11,2024-04-11,2024-04-11 00:01:00,2024-04-12 00:01:00,0.007602508885396375,-0.003402651296082047,2024-04-01
2024-04-12,2024-04-12,2024-04-12 00:01:00,2024-04-13 00:01:00,-0.019244972040754038,-0.004981903149775894,2024-04-01
2024-04-13,2024-04-13,2024-04-13 00:01:00,2024-04-14 00:01:00,-0.04831947432691752,-0.0031249798520174093,2024-04-01
2024-04-14,2024-04-14,2024-04-14 00:01:00,2024-04-15 00:01:00,-0.06586500713367005,0.0022446644198176754,2024-04-01
2024-04-15,2024-04-15,2024-04-15 00:01:00,2024-04-16 00:01:00,0.034883340637489324,0.002694854764659692,2024-04-01
2024-04-16,2024-04-16,2024-04-16 00:01:00,2024-04-17 00:01:00,-0.04745471323650252,-0.005935233008828136,2024-04-01
2024-04-17,2024-04-17,2024-04-17 00:01:00,2024-04-18 00:01:00,-0.021886985256061364,-0.003442330094504067,2024-04-01
2024-04-18,2024-04-18,2024-04-18 00:01:00,2024-04-19 00:01:00,0.040991808422230935,-0.002285696283965684,2024-04-01
2024-04-19,2024-04-19,2024-04-19 00:01:00,2024-04-20 00:01:00,0.004877810361681334,-0.0053434820138539615,2024-04-01
2024-04-20,2024-04-20,2024-04-20 00:01:00,2024-04-21 00:01:00,0.00908569149505345,-0.0022074823127685218,2024-04-01
2024-04-21,2024-04-21,2024-04-21 00:01:00,2024-04-22 00:01:00,0.015880513754864323,-0.004942062758147115,2024-04-01
2024-04-22,2024-04-22,2024-04-22 00:01:00,2024-04-23 00:01:00,0.006864025861878176,-0.004647146160372883,2024-04-01
2024-04-23,2024-04-23,2024-04-23 00:01:00,2024-04-24 00:01:00,0.01348052690607604,-0.006317951311039004,2024-04-01
2024-04-24,2024-04-24,2024-04-24 00:01:00,2024-04-25 00:01:00,-0.013871581701291325,-0.005773223100412655,2024-04-01
2024-04-25,2024-04-25,2024-04-25 00:01:00,2024-04-26 00:01:00,-0.006557129699774067,-0.0053165539892987244,2024-04-01
2024-04-26,2024-04-26,2024-04-26 00:01:00,2024-04-27 00:01:00,-0.013732395480333115,-0.007580743779907268,2024-04-01
2024-04-27,2024-04-27,2024-04-27 00:01:00,2024-04-28 00:01:00,0.009300579722233637,-0.006120523788618227,2024-04-01
2024-04-28,2024-04-28,2024-04-28 00:01:00,2024-04-29 00:01:00,0.05581691036236491,-0.007039277994119958,2024-04-01
2024-04-29,2024-04-29,2024-04-29 00:01:00,2024-04-30 00:01:00,-0.04263005780346818,-0.0034016447481486117,2024-04-01
2024-04-30,2024-04-30,2024-04-30 00:01:00,2024-05-01 00:01:00,-0.058113207547169865,0.00019811630025873132,2024-04-01
2024-05-01,2024-05-01,2024-05-01 00:01:00,2024-05-02 00:01:00,-0.03818442841880343,-0.0003989479688542711,2024-05-01
2024-05-02,2024-05-02,2024-05-02 00:01:00,2024-05-03 00:01:00,0.03733646206128083,-0.004560431201805106,2024-05-01
2024-05-03,2024-05-03,2024-05-03 00:01:00,2024-05-04 00:01:00,0.029574453133627276,-0.00431943461969695,2024-05-01
2024-05-04,2024-05-04,2024-05-04 00:01:00,2024-05-05 00:01:00,0.01719010520773412,-0.0025730927238920504,2024-05-01
2024-05-05,2024-05-05,2024-05-05 00:01:00,2024-05-06 00:01:00,0.010585814433516694,-0.0014266090092772243,2024-05-01
2024-05-06,2024-05-06,2024-05-06 00:01:00,2024-05-07 00:01:00,-0.023883975856759387,-0.0019473568071217983,2024-05-01
2024-05-07,2024-05-07,2024-05-07 00:01:00,2024-05-08 00:01:00,-0.005360757956109907,-0.0014389047440721964,2024-05-01
2024-05-08,2024-05-08,2024-05-08 00:01:00,2024-05-09 00:01:00,-0.020692350278438076,-0.00432469043051918,2024-05-01
2024-05-09,2024-05-09,2024-05-09 00:01:00,2024-05-10 00:01:00,-0.0003092618949439574,-0.00544868226109845,2024-05-01
2024-05-10,2024-05-10,2024-05-10 00:01:00,2024-05-11 00:01:00,-0.030011010468260824,-0.00462419731970754,2024-05-01
2024-05-11,2024-05-11,2024-05-11 00:01:00,2024-05-12 00:01:00,0.0037619898422844855,-0.0018439913692644206,2024-05-01
2024-05-12,2024-05-12,2024-05-12 00:01:00,2024-05-13 00:01:00,0.0032559156536773326,-0.00377308421110092,2024-05-01
2024-05-13,2024-05-13,2024-05-13 00:01:00,2024-05-14 00:01:00,0.008724642517818681,-0.0042302336006796015,2024-05-01
2024-05-14,2024-05-14,2024-05-14 00:01:00,2024-05-15 00:01:00,-0.022318399259992017,0.0005111768605872921,2024-05-01
2024-05-15,2024-05-15,2024-05-15 00:01:00,2024-05-16 00:01:00,0.027938342967244623,0.002866593039358137,2024-05-01
2024-05-16,2024-05-16,2024-05-16 00:01:00,2024-05-17 00:01:00,-0.006721689794519814,0.002682717634576259,2024-05-01
2024-05-17,2024-05-17,2024-05-17 00:01:00,2024-05-18 00:01:00,0.05343397859935339,0.0023720779963008545,2024-05-01
2024-05-18,2024-05-18,2024-05-18 00:01:00,2024-05-19 00:01:00,-0.0008475338050415449,0.004693722324864569,2024-05-01
2024-05-19,2024-05-19,2024-05-19 00:01:00,2024-05-20 00:01:00,-0.011483542611847364,0.0008964696468701067,2024-05-01
2024-05-20,2024-05-20,2024-05-20 00:01:00,2024-05-21 00:01:00,0.014009244150896771,0.0017992565017391513,2024-05-01
2024-05-21,2024-05-21,2024-05-21 00:01:00,2024-05-22 00:01:00,0.20947288789732155,-0.00030751269390231627,2024-05-01
2024-05-22,2024-05-22,2024-05-22 00:01:00,2024-05-23 00:01:00,-0.002475404969892181,0.009909294795346451,2024-05-01
2024-05-23,2024-05-23,2024-05-23 00:01:00,2024-05-24 00:01:00,0.014294140465170635,0.005821485785817257,2024-05-01
2024-05-24,2024-05-24,2024-05-24 00:01:00,2024-05-25 00:01:00,-0.032583469108702356,0.005503038664556786,2024-05-01
2024-05-25,2024-05-25,2024-05-25 00:01:00,2024-05-26 00:01:00,0.014207230063982612,0.002262616299253368,2024-05-01
2024-05-26,2024-05-26,2024-05-26 00:01:00,2024-05-27 00:01:00,0.024868781469754353,-0.002442017502804852,2024-05-01
2024-05-27,2024-05-27,2024-05-27 00:01:00,2024-05-28 00:01:00,0.033395765875362526,-0.002089498022676532,2024-05-01
2024-05-28,2024-05-28,2024-05-28 00:01:00,2024-05-29 00:01:00,-0.02574987206989654,-0.0004781419362547459,2024-05-01
2024-05-29,2024-05-29,2024-05-29 00:01:00,2024-05-30 00:01:00,-0.028490035861583607,0.00039216406858194716,2024-05-01
2024-05-30,2024-05-30,2024-05-30 00:01:00,2024-05-31 00:01:00,0.006157533790531966,-4.0603571035279775e-05,2024-05-01
2024-05-31,2024-05-31,2024-05-31 00:01:00,2024-06-01 00:01:00,-0.006493076786654894,-0.0019077798205765957,2024-05-01
2024-06-01,2024-06-01,2024-06-01 00:01:00,2024-06-02 00:01:00,0.013047046097609094,0.00034289935070017596,2024-06-01
2024-06-02,2024-06-02,2024-06-02 00:01:00,2024-06-03 00:01:00,-0.0005259960392498542,-7.536369976410642e-05,2024-06-01
2024-06-03,2024-06-03,2024-06-03 00:01:00,2024-06-04 00:01:00,-0.000592056963773957,-0.0010702411004683981,2024-06-01
2024-06-04,2024-06-04,2024-06-04 00:01:00,2024-06-05 00:01:00,0.004283765922602489,-0.0003145583852587066,2024-06-01
2024-06-05,2024-06-05,2024-06-05 00:01:00,2024-06-06 00:01:00,0.00021760046980734415,-0.003931638065507587,2024-06-01
2024-06-06,2024-06-06,2024-06-06 00:01:00,2024-06-07 00:01:00,0.008122857232724323,-0.0028332909563810295,2024-06-01
2024-06-07,2024-06-07,2024-06-07 00:01:00,2024-06-08 00:01:00,-0.012480012480012515,-0.002234972228743487,2024-06-01
2024-06-08,2024-06-08,2024-06-08 00:01:00,2024-06-09 00:01:00,-0.028895646564774946,0.0007349094267169738,2024-06-01
2024-06-09,2024-06-09,2024-06-09 00:01:00,2024-06-10 00:01:00,0.0009163865090553447,0.003299876422742491,2024-06-01
2024-06-10,2024-06-10,2024-06-10 00:01:00,2024-06-11 00:01:00,0.0024947315387156,0.000447873208961326,2024-06-01
2024-06-11,2024-06-11,2024-06-11 00:01:00,2024-06-12 00:01:00,-0.06563378987784341,0.0014534907367634222,2024-06-01
2024-06-12,2024-06-12,2024-06-12 00:01:00,2024-06-13 00:01:00,0.04739045944570397,0.010738640299090538,2024-06-01
2024-06-13,2024-06-13,2024-06-13 00:01:00,2024-06-14 00:01:00,-0.048175573446421316,0.010463698433280292,2024-06-01
2024-06-14,2024-06-14,2024-06-14 00:01:00,2024-06-15 00:01:00,0.005421366973461739,0.00815891560522889,2024-06-01
2024-06-15,2024-06-15,2024-06-15 00:01:00,2024-06-16 00:01:00,0.028550326586193275,0.008061498758138204,2024-06-01
2024-06-16,2024-06-16,2024-06-16 00:01:00,2024-06-17 00:01:00,0.007253612781617402,0.010234363138669295,2024-06-01
2024-06-17,2024-06-17,2024-06-17 00:01:00,2024-06-18 00:01:00,-0.025502787539891547,0.00516405359418235,2024-06-01
2024-06-18,2024-06-18,2024-06-18 00:01:00,2024-06-19 00:01:00,-0.022501000171458063,0.006203908855887371,2024-06-01
2024-06-19,2024-06-19,2024-06-19 00:01:00,2024-06-20 00:01:00,0.03196459162851628,0.007327734700128466,2024-06-01
2024-06-20,2024-06-20,2024-06-20 00:01:00,2024-06-21 00:01:00,-0.005801699716713848,0.007272602799479311,2024-06-01
2024-06-21,2024-06-21,2024-06-21 00:01:00,2024-06-22 00:01:00,-0.006354145296222913,0.001539938085128289,2024-06-01
2024-06-22,2024-06-22,2024-06-22 00:01:00,2024-06-23 00:01:00,0.005084279167933303,0.0017666428888057602,2024-06-01
2024-06-23,2024-06-23,2024-06-23 00:01:00,2024-06-24 00:01:00,-0.008097119787728646,0.0010313857361315762,2024-06-01
2024-06-24,2024-06-24,2024-06-24 00:01:00,2024-06-25 00:01:00,-0.05740428065593395,0.001786895336440817,2024-06-01
2024-06-25,2024-06-25,2024-06-25 00:01:00,2024-06-26 00:01:00,0.04291425083918221,0.006338629305095912,2024-06-01
2024-06-26,2024-06-26,2024-06-26 00:01:00,2024-06-27 00:01:00,-0.016198359682001895,0.004296525072407879,2024-06-01
2024-06-27,2024-06-27,2024-06-27 00:01:00,2024-06-28 00:01:00,0.026315554669910535,-0.00018416646226699263,2024-06-01
2024-06-28,2024-06-28,2024-06-28 00:01:00,2024-06-29 00:01:00,-0.00981235963196414,0.003387073853099237,2024-06-01
2024-06-29,2024-06-29,2024-06-29 00:01:00,2024-06-30 00:01:00,-0.006538109216275512,0.0011101975503083922,2024-06-01
2024-06-30,2024-06-30,2024-06-30 00:01:00,2024-07-01 00:01:00,0.0020149946237351113,0.0004912479900289698,2024-06-01
2024-07-01,2024-07-01,2024-07-01 00:01:00,2024-07-02 00:01:00,0.02156765322412313,-0.0003469235186776209,2024-07-01
2024-07-02,2024-07-02,2024-07-02 00:01:00,2024-07-03 00:01:00,-0.017255917691920253,-0.00011637957371717317,2024-07-01
2024-07-03,2024-07-03,2024-07-03 00:01:00,2024-07-04 00:01:00,-0.03212789073413003,0.00028890047250097577,2024-07-01
2024-07-04,2024-07-04,2024-07-04 00:01:00,2024-07-05 00:01:00,-0.05221658779817728,0.0011050814600326293,2024-07-01
2024-07-05,2024-07-05,2024-07-05 00:01:00,2024-07-06 00:01:00,-0.04691779728651235,0.0037158059640337044,2024-07-01
2024-07-06,2024-07-06,2024-07-06 00:01:00,2024-07-07 00:01:00,0.011076760240225303,0.0071905232741194276,2024-07-01
2024-07-07,2024-07-07,2024-07-07 00:01:00,2024-07-08 00:01:00,-0.015546942291128296,-0.0016983641370732579,2024-07-01
2024-07-08,2024-07-08,2024-07-08 00:01:00,2024-07-09 00:01:00,0.0010600100280313551,0.0017821232171818483,2024-07-01
2024-07-09,2024-07-09,2024-07-09 00:01:00,2024-07-10 00:01:00,0.031248949516273328,0.009206244922535873,2024-07-01
2024-07-10,2024-07-10,2024-07-10 00:01:00,2024-07-11 00:01:00,0.017559929330004165,0.0033815943319985024,2024-07-01
2024-07-11,2024-07-11,2024-07-11 00:01:00,2024-07-12 00:01:00,-0.001560072397610246,0.002045709128800613,2024-07-01
2024-07-12,2024-07-12,2024-07-12 00:01:00,2024-07-13 00:01:00,0.004049050622758177,0.002471381143353828,2024-07-01
2024-07-13,2024-07-13,2024-07-13 00:01:00,2024-07-14 00:01:00,0.008500031955007259,-0.0009886101042676447,2024-07-01
2024-07-14,2024-07-14,2024-07-14 00:01:00,2024-07-15 00:01:00,0.010605196451203946,-0.0023430142548088832,2024-07-01
2024-07-15,2024-07-15,2024-07-15 00:01:00,2024-07-16 00:01:00,0.0562946194822338,-0.00251713366612338,2024-07-01
2024-07-16,2024-07-16,2024-07-16 00:01:00,2024-07-17 00:01:00,0.03324705700767594,-0.0031173011417253765,2024-07-01
2024-07-17,2024-07-17,2024-07-17 00:01:00,2024-07-18 00:01:00,-0.013073716687302395,-0.005344449994759883,2024-07-01
2024-07-18,2024-07-18,2024-07-18 00:01:00,2024-07-19 00:01:00,-0.013252724478390543,-0.004249648165791841,2024-07-01
2024-07-19,2024-07-19,2024-07-19 00:01:00,2024-07-20 00:01:00,0.022976468957135676,-0.0022298764422226903,2024-07-01
2024-07-20,2024-07-20,2024-07-20 00:01:00,2024-07-21 00:01:00,0.010646273804168604,-0.0019976418988306172,2024-07-01
2024-07-21,2024-07-21,2024-07-21 00:01:00,2024-07-22 00:01:00,-0.0019002510842274223,-0.0026207832204778944,2024-07-01
2024-07-22,2024-07-22,2024-07-22 00:01:00,2024-07-23 00:01:00,-0.01189203405238215,-0.0010135053853685654,2024-07-01
2024-07-23,2024-07-23,2024-07-23 00:01:00,2024-07-24 00:01:00,-0.0001330810579365238,0.0010828851603159678,2024-07-01
2024-07-24,2024-07-24,2024-07-24 00:01:00,2024-07-25 00:01:00,-0.011388625263304086,-0.00042280134906377896,2024-07-01
2024-07-25,2024-07-25,2024-07-25 00:01:00,2024-07-26 00:01:00,-0.08057142522653304,-0.0006239794986766603,2024-07-01
2024-07-26,2024-07-26,2024-07-26 00:01:00,2024-07-27 00:01:00,0.036215990806734544,0.004691309711549014,2024-07-01
2024-07-27,2024-07-27,2024-07-27 00:01:00,2024-07-28 00:01:00,0.007962644384369666,0.0030809691750498494,2024-07-01
2024-07-28,2024-07-28,2024-07-28 00:01:00,2024-07-29 00:01:00,-0.0034561369288534927,0.0006828390074939874,2024-07-01
2024-07-29,2024-07-29,2024-07-29 00:01:00,2024-07-30 00:01:00,0.011040498137489418,0.0021138463316779884,2024-07-01
2024-07-30,2024-07-30,2024-07-30 00:01:00,2024-07-31 00:01:00,0.005024380800271011,0.0009290841268435752,2024-07-01
2024-07-31,2024-07-31,2024-07-31 00:01:00,2024-08-01 00:01:00,-0.006570373424750642,-0.0009072167932711757,2024-07-01
2024-08-01,2024-08-01,2024-08-01 00:01:00,2024-08-02 00:01:00,-0.05644628650027572,0.00029724198539714166,2024-08-01
2024-08-02,2024-08-02,2024-08-02 00:01:00,2024-08-03 00:01:00,-0.026066434408464012,0.0028351863413293085,2024-08-01
2024-08-03,2024-08-03,2024-08-03 00:01:00,2024-08-04 00:01:00,-0.03005436556473917,0.005355715574695673,2024-08-01
2024-08-04,2024-08-04,2024-08-04 00:01:00,2024-08-05 00:01:00,-0.03712087994262425,0.0018976329856404204,2024-08-01
2024-08-05,2024-08-05,2024-08-05 00:01:00,2024-08-06 00:01:00,-0.13555139791019488,0.0019301578610670526,2024-08-01
2024-08-06,2024-08-06,2024-08-06 00:01:00,2024-08-07 00:01:00,0.03160310518170051,0.02514598236482429,2024-08-01
2024-08-07,2024-08-07,2024-08-07 00:01:00,2024-08-08 00:01:00,-0.04585939355553792,0.0005097381807071695,2024-08-01
2024-08-08,2024-08-08,2024-08-08 00:01:00,2024-08-09 00:01:00,0.03883668346920577,-0.0011147165440454417,2024-08-01
2024-08-09,2024-08-09,2024-08-09 00:01:00,2024-08-10 00:01:00,0.024125784756944935,0.0021290523546184546,2024-08-01
2024-08-10,2024-08-10,2024-08-10 00:01:00,2024-08-11 00:01:00,0.014834052808291975,0.0011015017411136576,2024-08-01
2024-08-11,2024-08-11,2024-08-11 00:01:00,2024-08-12 00:01:00,0.003300786578594561,-0.0016582121067514634,2024-08-01
2024-08-12,2024-08-12,2024-08-12 00:01:00,2024-08-13 00:01:00,0.028617387973956188,0.0003987392567984698,2024-08-01
2024-08-13,2024-08-13,2024-08-13 00:01:00,2024-08-14 00:01:00,-0.012402633185886858,0.004094071747471975,2024-08-01
2024-08-14,2024-08-14,2024-08-14 00:01:00,2024-08-15 00:01:00,0.0050293883675600615,0.0009710123812868821,2024-08-01
2024-08-15,2024-08-15,2024-08-15 00:01:00,2024-08-16 00:01:00,0.0017668573572164892,0.0011678802941896924,2024-08-01
2024-08-16,2024-08-16,2024-08-16 00:01:00,2024-08-17 00:01:00,-0.037952262906016165,0.0008200187781594462,2024-08-01
2024-08-17,2024-08-17,2024-08-17 00:01:00,2024-08-18 00:01:00,0.014993519156439428,0.0001037069562559213,2024-08-01
2024-08-18,2024-08-18,2024-08-18 00:01:00,2024-08-19 00:01:00,0.02490767478514977,-0.0013383164714948022,2024-08-01
2024-08-19,2024-08-19,2024-08-19 00:01:00,2024-08-20 00:01:00,-0.0338923437277836,-0.00137609166067328,2024-08-01
2024-08-20,2024-08-20,2024-08-20 00:01:00,2024-08-21 00:01:00,-0.0036018590240124437,7.234923934918498e-05,2024-08-01
2024-08-21,2024-08-21,2024-08-21 00:01:00,2024-08-22 00:01:00,0.011155595288996123,0.002699255200497008,2024-08-01
2024-08-22,2024-08-22,2024-08-22 00:01:00,2024-08-23 00:01:00,-0.0010840316752518397,0.0017473434445045611,2024-08-01
2024-08-23,2024-08-23,2024-08-23 00:01:00,2024-08-24 00:01:00,0.02704938851218741,0.000567124806839076,2024-08-01
2024-08-24,2024-08-24,2024-08-24 00:01:00,2024-08-25 00:01:00,0.034898664978062044,-0.0019893967562024323,2024-08-01
2024-08-25,2024-08-25,2024-08-25 00:01:00,2024-08-26 00:01:00,0.0003548140665672328,-0.0021852218322542076,2024-08-01
2024-08-26,2024-08-26,2024-08-26 00:01:00,2024-08-27 00:01:00,-0.015627997205925448,-0.003534818867120422,2024-08-01
2024-08-27,2024-08-27,2024-08-27 00:01:00,2024-08-28 00:01:00,-0.053290487203150216,-0.002732325839672806,2024-08-01
2024-08-28,2024-08-28,2024-08-28 00:01:00,2024-08-29 00:01:00,-0.03251814654720431,-0.0009445942883721155,2024-08-01
2024-08-29,2024-08-29,2024-08-29 00:01:00,2024-08-30 00:01:00,0.03464277399102422,0.001715953906137187,2024-08-01
2024-08-30,2024-08-30,2024-08-30 00:01:00,2024-08-31 00:01:00,-0.0514192376932151,0.00029109554432412625,2024-08-01
2024-08-31,2024-08-31,2024-08-31 00:01:00,2024-09-01 00:01:00,0.030099267457697865,-0.0006228410569255876,2024-08-01
2024-09-01,2024-09-01,2024-09-01 00:01:00,2024-09-02 00:01:00,-0.015945999602938188,-0.0013870746879208328,2024-09-01
2024-09-02,2024-09-02,2024-09-02 00:01:00,2024-09-03 00:01:00,0.014320069078495923,-0.0018354417504498992,2024-09-01
2024-09-03,2024-09-03,2024-09-03 00:01:00,2024-09-04 00:01:00,-0.0280209878949651,0.0024729750993978533,2024-09-01
2024-09-04,2024-09-04,2024-09-04 00:01:00,2024-09-05 00:01:00,0.005934378056716261,0.0009615031447826035,2024-09-01
2024-09-05,2024-09-05,2024-09-05 00:01:00,2024-09-06 00:01:00,-0.03514803347586748,0.008152514082095044,2024-09-01
2024-09-06,2024-09-06,2024-09-06 00:01:00,2024-09-07 00:01:00,-0.0351254480286739,0.0027885160071217333,2024-09-01
2024-09-07,2024-09-07,2024-09-07 00:01:00,2024-09-08 00:01:00,0.005930425662092453,0.004823736535526533,2024-09-01
2024-09-08,2024-09-08,2024-09-08 00:01:00,2024-09-09 00:01:00,-0.02364267498490291,0.006390486494066541,2024-09-01
2024-09-09,2024-09-09,2024-09-09 00:01:00,2024-09-10 00:01:00,0.02022381916479432,0.0006664753546560054,2024-09-01
2024-09-10,2024-09-10,2024-09-10 00:01:00,2024-09-11 00:01:00,0.015753663642707583,0.0028608064033396035,2024-09-01
2024-09-11,2024-09-11,2024-09-11 00:01:00,2024-09-12 00:01:00,-0.0003091561753947314,0.00424704033072889,2024-09-01
2024-09-12,2024-09-12,2024-09-12 00:01:00,2024-09-13 00:01:00,-0.0020702688772441524,0.006818642438890976,2024-09-01
2024-09-13,2024-09-13,2024-09-13 00:01:00,2024-09-14 00:01:00,0.03689882843099279,0.004979396856641899,2024-09-01
2024-09-14,2024-09-14,2024-09-14 00:01:00,2024-09-15 00:01:00,0.003947515887609887,0.0035444054214615692,2024-09-01
2024-09-15,2024-09-15,2024-09-15 00:01:00,2024-09-16 00:01:00,-0.004258626820252798,0.004750526466279739,2024-09-01
2024-09-16,2024-09-16,2024-09-16 00:01:00,2024-09-17 00:01:00,-0.049752524581451074,0.005246140394092317,2024-09-01
2024-09-17,2024-09-17,2024-09-17 00:01:00,2024-09-18 00:01:00,0.042591216954336764,0.0027403281454125026,2024-09-01
2024-09-18,2024-09-18,2024-09-18 00:01:00,2024-09-19 00:01:00,-0.03733911155630609,0.00024070777989763502,2024-09-01
2024-09-19,2024-09-19,2024-09-19 00:01:00,2024-09-20 00:01:00,0.06275469332311645,-0.00042276151425001737,2024-09-01
2024-09-20,2024-09-20,2024-09-20 00:01:00,2024-09-21 00:01:00,0.048528893659208094,0.0015203264958342402,2024-09-01
2024-09-21,2024-09-21,2024-09-21 00:01:00,2024-09-22 00:01:00,0.0006954537640460057,-0.0012919277962629724,2024-09-01
2024-09-22,2024-09-22,2024-09-22 00:01:00,2024-09-23 00:01:00,0.003560747444617096,0.0005609433581177526,2024-09-01
2024-09-23,2024-09-23,2024-09-23 00:01:00,2024-09-24 00:01:00,0.041624195644223816,-0.0009446946907660481,2024-09-01
2024-09-24,2024-09-24,2024-09-24 00:01:00,2024-09-25 00:01:00,-0.02340356394521481,-0.0007844404255868723,2024-09-01
2024-09-25,2024-09-25,2024-09-25 00:01:00,2024-09-26 00:01:00,-0.005629687422314622,-0.0018070280390702477,2024-09-01
2024-09-26,2024-09-26,2024-09-26 00:01:00,2024-09-27 00:01:00,0.01881930315116609,-1.845650260447391e-05,2024-09-01
2024-09-27,2024-09-27,2024-09-27 00:01:00,2024-09-28 00:01:00,0.013620645395104436,-0.0004762263503686594,2024-09-01
2024-09-28,2024-09-28,2024-09-28 00:01:00,2024-09-29 00:01:00,-0.005728119180633207,-0.0013447274503028607,2024-09-01
2024-09-29,2024-09-29,2024-09-29 00:01:00,2024-09-30 00:01:00,-0.0017006165671518136,-0.0007780059143752268,2024-09-01
2024-09-30,2024-09-30,2024-09-30 00:01:00,2024-10-01 00:01:00,-0.02563150074294207,0.0003270668818978592,2024-09-01
2024-10-01,2024-10-01,2024-10-01 00:01:00,2024-10-02 00:01:00,-0.028793462647827894,0.0005974256668229772,2024-10-01
2024-10-02,2024-10-02,2024-10-02 00:01:00,2024-10-03 00:01:00,-0.024210943695479714,0.003181581233540725,2024-10-01
2024-10-03,2024-10-03,2024-10-03 00:01:00,2024-10-04 00:01:00,-0.04965175908392727,0.0026301753127024475,2024-10-01
2024-10-04,2024-10-04,2024-10-04 00:01:00,2024-10-05 00:01:00,0.03521111704970603,0.002599214018877323,2024-10-01
2024-10-05,2024-10-05,2024-10-05 00:01:00,2024-10-06 00:01:00,-0.0022386518524637466,-0.0002892940944015188,2024-10-01
2024-10-06,2024-10-06,2024-10-06 00:01:00,2024-10-07 00:01:00,0.013180553715723908,-0.00021360469852668208,2024-10-01
2024-10-07,2024-10-07,2024-10-07 00:01:00,2024-10-08 00:01:00,0.01194270118323848,-0.0005478862828512386,2024-10-01
2024-10-08,2024-10-08,2024-10-08 00:01:00,2024-10-09 00:01:00,-0.02331280912486111,-7.29280844055471e-05,2024-10-01
2024-10-09,2024-10-09,2024-10-09 00:01:00,2024-10-10 00:01:00,0.017862679360564737,-5.740379735704815e-05,2024-10-01
2024-10-10,2024-10-10,2024-10-10 00:01:00,2024-10-11 00:01:00,-0.022999569494196126,-0.00047218880459892645,2024-10-01
2024-10-11,2024-10-11,2024-10-11 00:01:00,2024-10-12 00:01:00,0.017139246505015304,0.0013221048509371722,2024-10-01
2024-10-12,2024-10-12,2024-10-12 00:01:00,2024-10-13 00:01:00,0.011357598842579364,0.0014607153189158397,2024-10-01
2024-10-13,2024-10-13,2024-10-13 00:01:00,2024-10-14 00:01:00,-0.014636649815526592,-0.001358229330537463,2024-10-01
2024-10-14,2024-10-14,2024-10-14 00:01:00,2024-10-15 00:01:00,0.08257087668502594,-2.9868372674256858e-05,2024-10-01
2024-10-15,2024-10-15,2024-10-15 00:01:00,2024-10-16 00:01:00,-0.02460100085993644,0.003078355774196812,2024-10-01
2024-10-16,2024-10-16,2024-10-16 00:01:00,2024-10-17 00:01:00,0.013973955157507989,0.0022620698760349453,2024-10-01
2024-10-17,2024-10-17,2024-10-17 00:01:00,2024-10-18 00:01:00,0.007185619568173429,0.0009065569084298483,2024-10-01
2024-10-18,2024-10-18,2024-10-18 00:01:00,2024-10-19 00:01:00,0.008735401383517027,0.000858123541012313,2024-10-01
2024-10-19,2024-10-19,2024-10-19 00:01:00,2024-10-20 00:01:00,-0.002329877474080977,0.0005785800866238021,2024-10-01
2024-10-20,2024-10-20,2024-10-20 00:01:00,2024-10-21 00:01:00,0.022431149671997108,-0.0003084850406383556,2024-10-01
2024-10-21,2024-10-21,2024-10-21 00:01:00,2024-10-22 00:01:00,-0.00985704148310207,-0.0010565455572655047,2024-10-01
2024-10-22,2024-10-22,2024-10-22 00:01:00,2024-10-23 00:01:00,-0.020974165829914848,0.0005918342900849787,2024-10-01
2024-10-23,2024-10-23,2024-10-23 00:01:00,2024-10-24 00:01:00,-0.03093235525121818,0.0008189495624660911,2024-10-01
2024-10-24,2024-10-24,2024-10-24 00:01:00,2024-10-25 00:01:00,-0.00522487006676664,0.0017956711872040131,2024-10-01
2024-10-25,2024-10-25,2024-10-25 00:01:00,2024-10-26 00:01:00,-0.0029821112873307243,0.002976147988249228,2024-10-01
2024-10-26,2024-10-26,2024-10-26 00:01:00,2024-10-27 00:01:00,-0.0248247628794821,0.002906370168199307,2024-10-01
2024-10-27,2024-10-27,2024-10-27 00:01:00,2024-10-28 00:01:00,0.019481021360376438,0.0038923148433174116,2024-10-01
2024-10-28,2024-10-28,2024-10-28 00:01:00,2024-10-29 00:01:00,-0.0022983185565281783,0.0005363714933170573,2024-10-01
2024-10-29,2024-10-29,2024-10-29 00:01:00,2024-10-30 00:01:00,0.05947400836659433,0.0009119519394669447,2024-10-01
2024-10-30,2024-10-30,2024-10-30 00:01:00,2024-10-31 00:01:00,0.012475793939897173,0.002110309499503569,2024-10-01
2024-10-31,2024-10-31,2024-10-31 00:01:00,2024-11-01 00:01:00,-0.045422007471534354,0.0002870648427620321,2024-10-01
2024-11-01,2024-11-01,2024-11-01 00:01:00,2024-11-02 00:01:00,-0.02302419591071525,0.0007914751309384418,2024-11-01
2024-11-02,2024-11-02,2024-11-02 00:01:00,2024-11-03 00:01:00,-0.004497481410410176,0.0006941024713053054,2024-11-01
2024-11-03,2024-11-03,2024-11-03 00:01:00,2024-11-04 00:01:00,-0.01901893460233328,0.0009833629735718167,2024-11-01
2024-11-04,2024-11-04,2024-11-04 00:01:00,2024-11-05 00:01:00,-0.0003234007016567064,0.00044510263119234596,2024-11-01
2024-11-05,2024-11-05,2024-11-05 00:01:00,2024-11-06 00:01:00,-0.001158886158886152,0.0018867301700343719,2024-11-01
2024-11-06,2024-11-06,2024-11-06 00:01:00,2024-11-07 00:01:00,0.08115875482233714,0.0018263283323894314,2024-11-01
2024-11-07,2024-11-07,2024-11-07 00:01:00,2024-11-08 00:01:00,0.07867264791648498,0.00509538125897655,2024-11-01
2024-11-08,2024-11-08,2024-11-08 00:01:00,2024-11-09 00:01:00,0.03160022498769588,0.0020886353576364896,2024-11-01
2024-11-09,2024-11-09,2024-11-09 00:01:00,2024-11-10 00:01:00,0.0365923891374651,-0.0006473322580770528,2024-11-01
2024-11-10,2024-11-10,2024-11-10 00:01:00,2024-11-11 00:01:00,0.05669538803433416,-1.2976290266030876e-05,2024-11-01
2024-11-11,2024-11-11,2024-11-11 00:01:00,2024-11-12 00:01:00,0.008132332398975706,0.0009340705206602753,2024-11-01
2024-11-12,2024-11-12,2024-11-12 00:01:00,2024-11-13 00:01:00,0.008242631470126272,0.0010732107770409153,2024-11-01
2024-11-13,2024-11-13,2024-11-13 00:01:00,2024-11-14 00:01:00,0.01518128783844186,0.003272646032299623,2024-11-01
2024-11-14,2024-11-14,2024-11-14 00:01:00,2024-11-15 00:01:00,-0.06949812770216901,0.0008164786725946113,2024-11-01
2024-11-15,2024-11-15,2024-11-15 00:01:00,2024-11-16 00:01:00,-0.02127811241401434,0.0030192550246074925,2024-11-01
2024-11-16,2024-11-16,2024-11-16 00:01:00,2024-11-17 00:01:00,0.03873071575183751,0.004771497866062905,2024-11-01
2024-11-17,2024-11-17,2024-11-17 00:01:00,2024-11-18 00:01:00,-0.016534983857036778,0.003490808098975918,2024-11-01
2024-11-18,2024-11-18,2024-11-18 00:01:00,2024-11-19 00:01:00,0.02002132410369084,0.002757189569277856,2024-11-01
2024-11-19,2024-11-19,2024-11-19 00:01:00,2024-11-20 00:01:00,-0.013871370520637027,0.0008878730943449932,2024-11-01
2024-11-20,2024-11-20,2024-11-20 00:01:00,2024-11-21 00:01:00,0.009336851567257165,0.0032957515750517683,2024-11-01
2024-11-21,2024-11-21,2024-11-21 00:01:00,2024-11-22 00:01:00,0.047861185325634104,-0.0005086566084328554,2024-11-01
2024-11-22,2024-11-22,2024-11-22 00:01:00,2024-11-23 00:01:00,0.008325336988804999,0.0018369794435290697,2024-11-01
2024-11-23,2024-11-23,2024-11-23 00:01:00,2024-11-24 00:01:00,0.044684720610982165,-0.0006854395940211117,2024-11-01
2024-11-24,2024-11-24,2024-11-24 00:01:00,2024-11-25 00:01:00,-0.04838359856448393,-0.003811592726542038,2024-11-01
2024-11-25,2024-11-25,2024-11-25 00:01:00,2024-11-26 00:01:00,0.07163261088893491,-0.004222598331242045,2024-11-01
2024-11-26,2024-11-26,2024-11-26 00:01:00,2024-11-27 00:01:00,-0.06431771778584394,-0.0051560249050809845,2024-11-01
2024-11-27,2024-11-27,2024-11-27 00:01:00,2024-11-28 00:01:00,0.07879766880127526,-0.004349612724116285,2024-11-01
2024-11-28,2024-11-28,2024-11-28 00:01:00,2024-11-29 00:01:00,-0.002651990819167338,-0.0024028765827161214,2024-11-01
2024-11-29,2024-11-29,2024-11-29 00:01:00,2024-11-30 00:01:00,0.019117502077377058,-0.0005820721661156285,2024-11-01
2024-11-30,2024-11-30,2024-11-30 00:01:00,2024-12-01 00:01:00,0.016263038899729798,-0.0012073208900307236,2024-11-01
2024-12-01,2024-12-01,2024-12-01 00:01:00,2024-12-02 00:01:00,0.013340187007392146,0.0013496253813718346,2024-12-01
2024-12-02,2024-12-02,2024-12-02 00:01:00,2024-12-03 00:01:00,-0.01468902898889135,0.00035565268775968593,2024-12-01
2024-12-03,2024-12-03,2024-12-03 00:01:00,2024-12-04 00:01:00,-0.02674072096710034,0.001557086906173169,2024-12-01
2024-12-04,2024-12-04,2024-12-04 00:01:00,2024-12-05 00:01:00,0.07125644764498285,0.0015092946924073812,2024-12-01
2024-12-05,2024-12-05,2024-12-05 00:01:00,2024-12-06 00:01:00,0.01765592628298074,0.004533390282453527,2024-12-01
2024-12-06,2024-12-06,2024-12-06 00:01:00,2024-12-07 00:01:00,0.02660460722070046,0.002522513941605572,2024-12-01
2024-12-07,2024-12-07,2024-12-07 00:01:00,2024-12-08 00:01:00,0.0015454559094931763,0.004299895448449152,2024-12-01
2024-12-08,2024-12-08,2024-12-08 00:01:00,2024-12-09 00:01:00,-0.0029138576779026426,0.002449284151832155,2024-12-01
2024-12-09,2024-12-09,2024-12-09 00:01:00,2024-12-10 00:01:00,-0.04187733044852293,-0.00019410774915696216,2024-12-01
2024-12-10,2024-12-10,2024-12-10 00:01:00,2024-12-11 00:01:00,-0.06933430908758265,0.0003181084201355239,2024-12-01
2024-12-11,2024-12-11,2024-12-11 00:01:00,2024-12-12 00:01:00,0.06432507119146713,-3.332688563675054e-05,2024-12-01
2024-12-12,2024-12-12,2024-12-12 00:01:00,2024-12-13 00:01:00,0.045735077984205175,0.0019040171462900084,2024-12-01
2024-12-13,2024-12-13,2024-12-13 00:01:00,2024-12-14 00:01:00,-0.015815502624142108,0.0016998927920750882,2024-12-01
2024-12-14,2024-12-14,2024-12-14 00:01:00,2024-12-15 00:01:00,-0.003207264672402621,0.0027856728987539206,2024-12-01
2024-12-15,2024-12-15,2024-12-15 00:01:00,2024-12-16 00:01:00,0.0022042124377250616,0.002213785459088116,2024-12-01
2024-12-16,2024-12-16,2024-12-16 00:01:00,2024-12-17 00:01:00,0.01170770265206933,-0.002187928317803912,2024-12-01
2024-12-17,2024-12-17,2024-12-17 00:01:00,2024-12-18 00:01:00,-0.0034980467759119227,0.001323164309408924,2024-12-01
2024-12-18,2024-12-18,2024-12-18 00:01:00,2024-12-19 00:01:00,-0.015841014558052757,0.004050609858435561,2024-12-01
2024-12-19,2024-12-19,2024-12-19 00:01:00,2024-12-20 00:01:00,-0.06630058610825151,0.0008906191150549619,2024-12-01
2024-12-20,2024-12-20,2024-12-20 00:01:00,2024-12-21 00:01:00,-0.06644043381303921,0.0008098385429891758,2024-12-01
2024-12-21,2024-12-21,2024-12-21 00:01:00,2024-12-22 00:01:00,0.005163189426737436,0.0004950374200079412,2024-12-01
2024-12-22,2024-12-22,2024-12-22 00:01:00,2024-12-23 00:01:00,-0.025869321989366423,0.0035041388829224482,2024-12-01
2024-12-23,2024-12-23,2024-12-23 00:01:00,2024-12-24 00:01:00,-0.007976289328379571,0.0020280765071463173,2024-12-01
2024-12-24,2024-12-24,2024-12-24 00:01:00,2024-12-25 00:01:00,0.06680087735912466,0.0047619776955351665,2024-12-01
2024-12-25,2024-12-25,2024-12-25 00:01:00,2024-12-26 00:01:00,-0.0044299610839230175,0.007426325942028089,2024-12-01
2024-12-26,2024-12-26,2024-12-26 00:01:00,2024-12-27 00:01:00,-0.037699976414144576,0.005213672640601987,2024-12-01
2024-12-27,2024-12-27,2024-12-27 00:01:00,2024-12-28 00:01:00,-0.0048750743516091655,0.005453061280502533,2024-12-01
2024-12-28,2024-12-28,2024-12-28 00:01:00,2024-12-29 00:01:00,0.011645160515186381,0.004419350523104995,2024-12-01
2024-12-29,2024-12-29,2024-12-29 00:01:00,2024-12-30 00:01:00,0.0020249105565535164,0.000999902698303795,2024-12-01
2024-12-30,2024-12-30,2024-12-30 00:01:00,2024-12-31 00:01:00,-0.015594674757842597,0.004277325997158874,2024-12-01
2024-12-31,2024-12-31,2024-12-31 00:01:00,2025-01-01 00:01:00,0.02670487382007325,0.004244462129282616,2024-12-01
2025-01-01,2025-01-01,2025-01-01 00:01:00,2025-01-02 00:01:00,-0.015942725801533886,0.0018142481363047174,2025-01-01
2025-01-02,2025-01-02,2025-01-02 00:01:00,2025-01-03 00:01:00,0.03240500747784947,0.0007850686447247264,2025-01-01
2025-01-03,2025-01-03,2025-01-03 00:01:00,2025-01-04 00:01:00,0.029728598842829745,0.00512435377278621,2025-01-01
2025-01-04,2025-01-04,2025-01-04 00:01:00,2025-01-05 00:01:00,0.012423039090677213,0.0029646285345188705,2025-01-01
2025-01-05,2025-01-05,2025-01-05 00:01:00,2025-01-06 00:01:00,0.0038420018268885414,0.004127932687492997,2025-01-01
2025-01-06,2025-01-06,2025-01-06 00:01:00,2025-01-07 00:01:00,0.023564901367128188,0.0031750441425435517,2025-01-01
2025-01-07,2025-01-07,2025-01-07 00:01:00,2025-01-08 00:01:00,-0.07056497236021164,-0.00013248375798611514,2025-01-01
2025-01-08,2025-01-08,2025-01-08 00:01:00,2025-01-09 00:01:00,-0.03115851714443063,-0.0007293115985250031,2025-01-01
2025-01-09,2025-01-09,2025-01-09 00:01:00,2025-01-10 00:01:00,-0.006973613354873454,-0.0006427613744223383,2025-01-01
2025-01-10,2025-01-10,2025-01-10 00:01:00,2025-01-11 00:01:00,-0.023360417438669123,-0.0028212074319049485,2025-01-01
2025-01-11,2025-01-11,2025-01-11 00:01:00,2025-01-12 00:01:00,0.009692295827870678,-0.00047449074373138935,2025-01-01
2025-01-12,2025-01-12,2025-01-12 00:01:00,2025-01-13 00:01:00,0.00454299654463397,0.0008251559023633949,2025-01-01
2025-01-13,2025-01-13,2025-01-13 00:01:00,2025-01-14 00:01:00,-0.0748956825342757,0.0003305668082388836,2025-01-01
2025-01-14,2025-01-14,2025-01-14 00:01:00,2025-01-15 00:01:00,0.051210146690424674,0.003270027637549435,2025-01-01
2025-01-15,2025-01-15,2025-01-15 00:01:00,2025-01-16 00:01:00,0.044615408672264545,0.00424889802005782,2025-01-01
2025-01-16,2025-01-16,2025-01-16 00:01:00,2025-01-17 00:01:00,-0.0027692869609994286,0.0008945257712821115,2025-01-01
2025-01-17,2025-01-17,2025-01-17 00:01:00,2025-01-18 00:01:00,0.027418521987655264,0.0034508683726381037,2025-01-01
2025-01-18,2025-01-18,2025-01-18 00:01:00,2025-01-19 00:01:00,-0.03203994985813596,-0.0005111060963576819,2025-01-01
2025-01-19,2025-01-19,2025-01-19 00:01:00,2025-01-20 00:01:00,0.023766542697063464,0.00023726545717324432,2025-01-01
2025-01-20,2025-01-20,2025-01-20 00:01:00,2025-01-21 00:01:00,-0.01585789813556171,0.0010577089908647044,2025-01-01
2025-01-21,2025-01-21,2025-01-21 00:01:00,2025-01-22 00:01:00,-0.013470797791220623,-0.0012381141343585252,2025-01-01
2025-01-22,2025-01-22,2025-01-22 00:01:00,2025-01-23 00:01:00,-0.006204766402541528,0.0006311552612754321,2025-01-01
2025-01-23,2025-01-23,2025-01-23 00:01:00,2025-01-24 00:01:00,-0.0037803312755944063,0.0025086164537748558,2025-01-01
2025-01-24,2025-01-24,2025-01-24 00:01:00,2025-01-25 00:01:00,0.03807253752496309,-0.0005384529990064629,2025-01-01
2025-01-25,2025-01-25,2025-01-25 00:01:00,2025-01-26 00:01:00,-0.014952983799949138,0.0030470565450123792,2025-01-01
2025-01-26,2025-01-26,2025-01-26 00:01:00,2025-01-27 00:01:00,-0.005024989950020098,0.0010247768466428067,2025-01-01
2025-01-27,2025-01-27,2025-01-27 00:01:00,2025-01-28 00:01:00,-0.056904832976038655,0.001946313892204188,2025-01-01
2025-01-28,2025-01-28,2025-01-28 00:01:00,2025-01-29 00:01:00,0.017312155914906757,0.002153293360465592,2025-01-01
2025-01-29,2025-01-29,2025-01-29 00:01:00,2025-01-30 00:01:00,-0.025835871037488856,0.00013791027776204078,2025-01-01
2025-01-30,2025-01-30,2025-01-30 00:01:00,2025-01-31 00:01:00,0.05134847409510268,-0.00245654693675378,2025-01-01
2025-01-31,2025-01-31,2025-01-31 00:01:00,2025-02-01 00:01:00,0.05295538160829971,0.0012314157105874364,2025-01-01
2025-02-01,2025-02-01,2025-02-01 00:01:00,2025-02-02 00:01:00,-0.05291486354562813,-0.0026362293177297534,2025-02-01
2025-02-02,2025-02-02,2025-02-02 00:01:00,2025-02-03 00:01:00,-0.05216048148136754,-0.0027093328350367924,2025-02-01
2025-02-03,2025-02-03,2025-02-03 00:01:00,2025-02-04 00:01:00,-0.12213475303932864,-0.0039009958176837133,2025-02-01
2025-02-04,2025-02-04,2025-02-04 00:01:00,2025-02-05 00:01:00,0.029209901561263685,0.0026641590203907353,2025-02-01
2025-02-05,2025-02-05,2025-02-05 00:01:00,2025-02-06 00:01:00,-0.0023318398539816654,0.0007610070888652099,2025-02-01
2025-02-06,2025-02-06,2025-02-06 00:01:00,2025-02-07 00:01:00,-0.026437667463770187,-0.0006472513686063706,2025-02-01
2025-02-07,2025-02-07,2025-02-07 00:01:00,2025-02-08 00:01:00,0.005182535484276718,0.004490695813937534,2025-02-01
2025-02-08,2025-02-08,2025-02-08 00:01:00,2025-02-09 00:01:00,-0.04183165766269714,0.0041740555287339545,2025-02-01
2025-02-09,2025-02-09,2025-02-09 00:01:00,2025-02-10 00:01:00,0.019411211184299004,0.0008379873884797539,2025-02-01
2025-02-10,2025-02-10,2025-02-10 00:01:00,2025-02-11 00:01:00,0.0020307513780097874,0.003431819025921202,2025-02-01
2025-02-11,2025-02-11,2025-02-11 00:01:00,2025-02-12 00:01:00,-3.759992179208638e-05,0.0016707530288753473,2025-02-01
2025-02-12,2025-02-12,2025-02-12 00:01:00,2025-02-13 00:01:00,-0.020616812309173227,0.004878886829829903,2025-02-01
2025-02-13,2025-02-13,2025-02-13 00:01:00,2025-02-14 00:01:00,0.015568310521567152,0.0030421321104351987,2025-02-01
2025-02-14,2025-02-14,2025-02-14 00:01:00,2025-02-15 00:01:00,0.032636473612581485,0.006786632864528316,2025-02-01
2025-02-15,2025-02-15,2025-02-15 00:01:00,2025-02-16 00:01:00,-0.015756737066772275,0.0003490119220391594,2025-02-01
2025-02-16,2025-02-16,2025-02-16 00:01:00,2025-02-17 00:01:00,0.0014952631402760375,0.003166964929775474,2025-02-01
2025-02-17,2025-02-17,2025-02-17 00:01:00,2025-02-18 00:01:00,0.023951628777608924,0.003326101616722277,2025-02-01
2025-02-18,2025-02-18,2025-02-18 00:01:00,2025-02-19 00:01:00,-0.030681900616612356,0.006408067442060831,2025-02-01
2025-02-19,2025-02-19,2025-02-19 00:01:00,2025-02-20 00:01:00,0.010279111363900029,0.003377162833868177,2025-02-01
2025-02-20,2025-02-20,2025-02-20 00:01:00,2025-02-21 00:01:00,0.005270604619464603,0.003887386801886437,2025-02-01
2025-02-21,2025-02-21,2025-02-21 00:01:00,2025-02-22 00:01:00,0.00269701670160738,0.005813970659928142,2025-02-01
2025-02-22,2025-02-22,2025-02-22 00:01:00,2025-02-23 00:01:00,0.0224698044777929,0.008336448257388258,2025-02-01
2025-02-23,2025-02-23,2025-02-23 00:01:00,2025-02-24 00:01:00,0.0017357991504287629,0.001878690025520942,2025-02-01
2025-02-24,2025-02-24,2025-02-24 00:01:00,2025-02-25 00:01:00,-0.04693245701206483,-0.0008800958518681453,2025-02-01
2025-02-25,2025-02-25,2025-02-25 00:01:00,2025-02-26 00:01:00,-0.09136148220086648,-0.001699733672628203,2025-02-01
2025-02-26,2025-02-26,2025-02-26 00:01:00,2025-02-27 00:01:00,0.004855253782292346,-0.003474947946829796,2025-02-01
2025-02-27,2025-02-27,2025-02-27 00:01:00,2025-02-28 00:01:00,-0.040736312664907626,0.0008203904873068234,2025-02-01
2025-02-28,2025-02-28,2025-02-28 00:01:00,2025-03-01 00:01:00,-0.044894468344801264,-0.0020813093620058766,2025-02-01
2025-03-01,2025-03-01,2025-03-01 00:01:00,2025-03-02 00:01:00,-0.021441460089185682,-0.0007368396951351789,2025-03-01
2025-03-02,2025-03-02,2025-03-02 00:01:00,2025-03-03 00:01:00,0.03045045707874272,-0.0018463791931543462,2025-03-01
2025-03-03,2025-03-03,2025-03-03 00:01:00,2025-03-04 00:01:00,0.02183943951091072,-0.0008142408253263644,2025-03-01
2025-03-04,2025-03-04,2025-03-04 00:01:00,2025-03-05 00:01:00,-0.09287548475002627,0.007803199220414471,2025-03-01
2025-03-05,2025-03-05,2025-03-05 00:01:00,2025-03-06 00:01:00,0.05287482488193063,-0.0008665481039984252,2025-03-01
2025-03-06,2025-03-06,2025-03-06 00:01:00,2025-03-07 00:01:00,0.031943301326017526,0.011196373201926091,2025-03-01
2025-03-07,2025-03-07,2025-03-07 00:01:00,2025-03-08 00:01:00,-0.01987717448135906,0.005268468171156999,2025-03-01
2025-03-08,2025-03-08,2025-03-08 00:01:00,2025-03-09 00:01:00,-0.01446654611211573,0.0038676835742422937,2025-03-01
2025-03-09,2025-03-09,2025-03-09 00:01:00,2025-03-10 00:01:00,-0.03894495412844046,0.002711997607799262,2025-03-01
2025-03-10,2025-03-10,2025-03-10 00:01:00,2025-03-11 00:01:00,-0.03563075748174305,0.0029343603284141167,2025-03-01
2025-03-11,2025-03-11,2025-03-11 00:01:00,2025-03-12 00:01:00,-0.054324531663738296,0.005222153959785145,2025-03-01
2025-03-12,2025-03-12,2025-03-12 00:01:00,2025-03-13 00:01:00,-0.021824576461906497,0.007220634569554481,2025-03-01
2025-03-13,2025-03-13,2025-03-13 00:01:00,2025-03-14 00:01:00,0.0039058528938089587,0.0069997102462479146,2025-03-01
2025-03-14,2025-03-14,2025-03-14 00:01:00,2025-03-15 00:01:00,0.025246630318340957,0.009722552319250488,2025-03-01
2025-03-15,2025-03-15,2025-03-15 00:01:00,2025-03-16 00:01:00,0.007153031200939797,0.011044531354956814,2025-03-01
2025-03-16,2025-03-16,2025-03-16 00:01:00,2025-03-17 00:01:00,-0.02215317277616624,0.00887195357230698,2025-03-01
2025-03-17,2025-03-17,2025-03-17 00:01:00,2025-03-18 00:01:00,0.012631301134864215,0.009092155927398293,2025-03-01
2025-03-18,2025-03-18,2025-03-18 00:01:00,2025-03-19 00:01:00,-0.01953680874465058,0.0062469160310786994,2025-03-01
2025-03-19,2025-03-19,2025-03-19 00:01:00,2025-03-20 00:01:00,0.08780137696376822,0.005119673397011982,2025-03-01
2025-03-20,2025-03-20,2025-03-20 00:01:00,2025-03-21 00:01:00,-0.03434338497629641,0.007604309567490531,2025-03-01
2025-03-21,2025-03-21,2025-03-21 00:01:00,2025-03-22 00:01:00,-0.01357910346537905,0.0014532002733174147,2025-03-01
2025-03-22,2025-03-22,2025-03-22 00:01:00,2025-03-23 00:01:00,0.01834787070292454,0.003585091136145563,2025-03-01
2025-03-23,2025-03-23,2025-03-23 00:01:00,2025-03-24 00:01:00,0.010751929704347019,0.000746712415117255,2025-03-01
2025-03-24,2025-03-24,2025-03-24 00:01:00,2025-03-25 00:01:00,0.041817456756891414,0.001342039007004939,2025-03-01
2025-03-25,2025-03-25,2025-03-25 00:01:00,2025-03-26 00:01:00,-0.009655548591141483,-0.0022522070169875502,2025-03-01
2025-03-26,2025-03-26,2025-03-26 00:01:00,2025-03-27 00:01:00,-0.028205487460201573,-0.004124333717378806,2025-03-01
2025-03-27,2025-03-27,2025-03-27 00:01:00,2025-03-28 00:01:00,-0.002953122902611627,-0.002714624998169674,2025-03-01
2025-03-28,2025-03-28,2025-03-28 00:01:00,2025-03-29 00:01:00,-0.0652359273793437,-0.0013309090426583,2025-03-01
2025-03-29,2025-03-29,2025-03-29 00:01:00,2025-03-30 00:01:00,-0.01656833772524091,-0.0028066776473051848,2025-03-01
2025-03-30,2025-03-30,2025-03-30 00:01:00,2025-03-31 00:01:00,-0.016972228249077848,0.0015305074760688289,2025-03-01
2025-03-31,2025-03-31,2025-03-31 00:01:00,2025-04-01 00:01:00,0.01713283047602232,-0.0014709242365299451,2025-03-01
2025-04-01,2025-04-01,2025-04-01 00:01:00,2025-04-02 00:01:00,0.04113683708011462,-0.0023873290195340867,2025-04-01
2025-04-02,2025-04-02,2025-04-02 00:01:00,2025-04-03 00:01:00,-0.010019852125115247,-0.001179931790650099,2025-04-01
2025-04-03,2025-04-03,2025-04-03 00:01:00,2025-04-04 00:01:00,-0.06184340722962589,-0.004151968827458621,2025-04-01
2025-04-04,2025-04-04,2025-04-04 00:01:00,2025-04-05 00:01:00,0.007315732190343649,0.0018865765011951922,2025-04-01
2025-04-05,2025-04-05,2025-04-05 00:01:00,2025-04-06 00:01:00,-0.0069674185463659555,-0.0025593577382662424,2025-04-01
2025-04-06,2025-04-06,2025-04-06 00:01:00,2025-04-07 00:01:00,-0.012938939646324421,-0.003107262999678729,2025-04-01
2025-04-07,2025-04-07,2025-04-07 00:01:00,2025-04-08 00:01:00,-0.11632346924860226,-0.0003113848201437121,2025-04-01
2025-04-08,2025-04-08,2025-04-08 00:01:00,2025-04-09 00:01:00,-0.01667952674897122,0.0023132536125792143,2025-04-01
2025-04-09,2025-04-09,2025-04-09 00:01:00,2025-04-10 00:01:00,-0.02973333507709608,-0.0025491747168412855,2025-04-01
2025-04-10,2025-04-10,2025-04-10 00:01:00,2025-04-11 00:01:00,0.008377196233968487,-0.0018959630985888286,2025-04-01
2025-04-11,2025-04-11,2025-04-11 00:01:00,2025-04-12 00:01:00,0.046497172875646475,0.010526865942604609,2025-04-01
2025-04-12,2025-04-12,2025-04-12 00:01:00,2025-04-13 00:01:00,0.057964350264083864,0.006712283842603918,2025-04-01
2025-04-13,2025-04-13,2025-04-13 00:01:00,2025-04-14 00:01:00,-0.04036702785910473,0.008121485863403388,2025-04-01
2025-04-14,2025-04-14,2025-04-14 00:01:00,2025-04-15 00:01:00,0.025200040259674816,0.004554125316082069,2025-04-01
2025-04-15,2025-04-15,2025-04-15 00:01:00,2025-04-16 00:01:00,-0.005368954557168681,0.004923657368924738,2025-04-01
2025-04-16,2025-04-16,2025-04-16 00:01:00,2025-04-17 00:01:00,-0.01764970789455822,-0.0006733476364882522,2025-04-01
2025-04-17,2025-04-17,2025-04-17 00:01:00,2025-04-18 00:01:00,-0.005884273854230848,-0.0019363951550215135,2025-04-01
2025-04-18,2025-04-18,2025-04-18 00:01:00,2025-04-19 00:01:00,0.0004990492795371448,-0.0010571248405340412,2025-04-01
2025-04-19,2025-04-19,2025-04-19 00:01:00,2025-04-20 00:01:00,0.016005808814244293,-0.0020982061269066,2025-04-01
2025-04-20,2025-04-20,2025-04-20 00:01:00,2025-04-21 00:01:00,-0.02247149115992919,-0.0037933765770916525,2025-04-01
2025-04-21,2025-04-21,2025-04-21 00:01:00,2025-04-22 00:01:00,0.031462374204540344,-0.0005783356851269137,2025-04-01
2025-04-22,2025-04-22,2025-04-22 00:01:00,2025-04-23 00:01:00,0.05264163502785868,0.002097011785511971,2025-04-01
2025-04-23,2025-04-23,2025-04-23 00:01:00,2025-04-24 00:01:00,0.04916007471207151,0.004418821019545436,2025-04-01
2025-04-24,2025-04-24,2025-04-24 00:01:00,2025-04-25 00:01:00,-0.015168680414097024,0.003033952749393938,2025-04-01
2025-04-25,2025-04-25,2025-04-25 00:01:00,2025-04-26 00:01:00,0.024276493622036988,-0.005358167537738118,2025-04-01
2025-04-26,2025-04-26,2025-04-26 00:01:00,2025-04-27 00:01:00,-0.004381718496716536,-0.007768259480787135,2025-04-01
2025-04-27,2025-04-27,2025-04-27 00:01:00,2025-04-28 00:01:00,-0.00463438894414836,-0.0100498772005449,2025-04-01
2025-04-28,2025-04-28,2025-04-28 00:01:00,2025-04-29 00:01:00,-0.016502442428471653,-0.005744975268302254,2025-04-01
2025-04-29,2025-04-29,2025-04-29 00:01:00,2025-04-30 00:01:00,0.030550210309418846,-0.006883439167549264,2025-04-01
2025-04-30,2025-04-30,2025-04-30 00:01:00,2025-05-01 00:01:00,-0.029567449366844634,-0.006415757649660963,2025-04-01
2025-05-01,2025-05-01,2025-05-01 00:01:00,2025-05-02 00:01:00,0.05227519113648893,-0.004925982222709599,2025-05-01
2025-05-02,2025-05-02,2025-05-02 00:01:00,2025-05-03 00:01:00,-0.006801767057008745,-0.003792058985349465,2025-05-01
2025-05-03,2025-05-03,2025-05-03 00:01:00,2025-05-04 00:01:00,-0.004333847457258955,-0.005965045596441462,2025-05-01
2025-05-04,2025-05-04,2025-05-04 00:01:00,2025-05-05 00:01:00,-0.0015490852760534635,-0.0026270705215667854,2025-05-01
2025-05-05,2025-05-05,2025-05-05 00:01:00,2025-05-06 00:01:00,-0.016252390057361343,-0.0053780147508719345,2025-05-01
2025-05-06,2025-05-06,2025-05-06 00:01:00,2025-05-07 00:01:00,-0.018014716090517857,-0.005236700070796081,2025-05-01
2025-05-07,2025-05-07,2025-05-07 00:01:00,2025-05-08 00:01:00,0.027082355469346453,-0.004485170647389707,2025-05-01
2025-05-08,2025-05-08,2025-05-08 00:01:00,2025-05-09 00:01:00,0.1318467129170795,-0.0015709950474164353,2025-05-01
2025-05-09,2025-05-09,2025-05-09 00:01:00,2025-05-10 00:01:00,0.1191442164560288,0.005646866936191623,2025-05-01
2025-05-10,2025-05-10,2025-05-10 00:01:00,2025-05-11 00:01:00,0.05641620808665637,0.015616943985030267,2025-05-01
2025-05-11,2025-05-11,2025-05-11 00:01:00,2025-05-12 00:01:00,0.013800367845225203,0.015574262792895779,2025-05-01
2025-05-12,2025-05-12,2025-05-12 00:01:00,2025-05-13 00:01:00,0.009907017707627475,0.012113754446942506,2025-05-01
2025-05-13,2025-05-13,2025-05-13 00:01:00,2025-05-14 00:01:00,0.029489776234567833,0.010911846683821995,2025-05-01
2025-05-14,2025-05-14,2025-05-14 00:01:00,2025-05-15 00:01:00,0.013448100870515844,0.0071323625369299586,2025-05-01
2025-05-15,2025-05-15,2025-05-15 00:01:00,2025-05-16 00:01:00,-0.011262831500491233,0.01042890210003949,2025-05-01
2025-05-16,2025-05-16,2025-05-16 00:01:00,2025-05-17 00:01:00,0.011741743964533313,0.009940254406434918,2025-05-01
2025-05-17,2025-05-17,2025-05-17 00:01:00,2025-05-18 00:01:00,-0.04810843071947024,0.009929089092136703,2025-05-01
2025-05-18,2025-05-18,2025-05-18 00:01:00,2025-05-19 00:01:00,0.044423589565189214,0.008651729006280098,2025-05-01
2025-05-19,2025-05-19,2025-05-19 00:01:00,2025-05-20 00:01:00,-0.04563253070377571,0.009532763323092937,2025-05-01
2025-05-20,2025-05-20,2025-05-20 00:01:00,2025-05-21 00:01:00,0.006444517493131352,0.009485504036587985,2025-05-01
2025-05-21,2025-05-21,2025-05-21 00:01:00,2025-05-22 00:01:00,0.035383207190351484,0.014790186080121694,2025-05-01
2025-05-22,2025-05-22,2025-05-22 00:01:00,2025-05-23 00:01:00,0.037647892699416596,0.010759833957506614,2025-05-01
2025-05-23,2025-05-23,2025-05-23 00:01:00,2025-05-24 00:01:00,-0.036540922755882055,0.007619019319414066,2025-05-01
2025-05-24,2025-05-24,2025-05-24 00:01:00,2025-05-25 00:01:00,-0.005138193646403444,0.0020230244365893944,2025-05-01
2025-05-25,2025-05-25,2025-05-25 00:01:00,2025-05-26 00:01:00,-0.0163947906306533,-0.002244223391144728,2025-05-01
2025-05-26,2025-05-26,2025-05-26 00:01:00,2025-05-27 00:01:00,0.021735755317497496,-0.003951181843763266,2025-05-01
2025-05-27,2025-05-27,2025-05-27 00:01:00,2025-05-28 00:01:00,0.03873232577076968,-0.0025311640407680584,2025-05-01
2025-05-28,2025-05-28,2025-05-28 00:01:00,2025-05-29 00:01:00,-0.013934733683420908,-0.0030591224377387424,2025-05-01
2025-05-29,2025-05-29,2025-05-29 00:01:00,2025-05-30 00:01:00,0.004762538752686618,-0.0023574133756085565,2025-05-01
2025-05-30,2025-05-30,2025-05-30 00:01:00,2025-05-31 00:01:00,-0.01746442187198316,0.0014384165342107979,2025-05-01
2025-05-31,2025-05-31,2025-05-31 00:01:00,2025-06-01 00:01:00,-0.023959248470276306,-0.0003342393097145572,2025-05-01
2025-06-01,2025-06-01,2025-06-01 00:01:00,2025-06-02 00:01:00,-0.004764987801315512,0.0005519610145270985,2025-06-01
2025-06-02,2025-06-02,2025-06-02 00:01:00,2025-06-03 00:01:00,0.00828246046196135,-0.0010262583854263475,2025-06-01
2025-06-03,2025-06-03,2025-06-03 00:01:00,2025-06-04 00:01:00,0.030937852840625446,0.0003493210214421703,2025-06-01
2025-06-04,2025-06-04,2025-06-04 00:01:00,2025-06-05 00:01:00,0.017664500421673557,0.005062368613685096,2025-06-01
2025-06-05,2025-06-05,2025-06-05 00:01:00,2025-06-06 00:01:00,-0.02932728363581827,0.001878899547794383,2025-06-01
2025-06-06,2025-06-06,2025-06-06 00:01:00,2025-06-07 00:01:00,-0.031059379816811505,0.0022961028229036046,2025-06-01
2025-06-07,2025-06-07,2025-06-07 00:01:00,2025-06-08 00:01:00,0.00444144981042105,0.0015193599020894006,2025-06-01
2025-06-08,2025-06-08,2025-06-08 00:01:00,2025-06-09 00:01:00,-0.0024252479825985773,-0.0035959749964422764,2025-06-01
2025-06-09,2025-06-09,2025-06-09 00:01:00,2025-06-10 00:01:00,0.008192677123371572,-0.000541779969760436,2025-06-01
2025-06-10,2025-06-10,2025-06-10 00:01:00,2025-06-11 00:01:00,0.07866414608830197,-0.0016443683524922036,2025-06-01
2025-06-11,2025-06-11,2025-06-11 00:01:00,2025-06-12 00:01:00,0.04719131545151534,0.007770927198247903,2025-06-01
2025-06-12,2025-06-12,2025-06-12 00:01:00,2025-06-13 00:01:00,-0.049872297011645306,0.00016894417792838164,2025-06-01
2025-06-13,2025-06-13,2025-06-13 00:01:00,2025-06-14 00:01:00,-0.06305136851550175,-0.0005568615304768503,2025-06-01
2025-06-14,2025-06-14,2025-06-14 00:01:00,2025-06-15 00:01:00,-0.012520065465420505,-0.0005453313102584135,2025-06-01
2025-06-15,2025-06-15,2025-06-15 00:01:00,2025-06-16 00:01:00,0.010182789416576243,-0.003650176252556306,2025-06-01
2025-06-16,2025-06-16,2025-06-16 00:01:00,2025-06-17 00:01:00,0.035910026243001436,-0.005063047937347014,2025-06-01
2025-06-17,2025-06-17,2025-06-17 00:01:00,2025-06-18 00:01:00,-0.05127046222796161,0.002530292161142183,2025-06-01
2025-06-18,2025-06-18,2025-06-18 00:01:00,2025-06-19 00:01:00,0.0031146038087841443,0.0016142563320745043,2025-06-01
2025-06-19,2025-06-19,2025-06-19 00:01:00,2025-06-20 00:01:00,-0.0045496450079619555,3.666077200709919e-05,2025-06-01
2025-06-20,2025-06-20,2025-06-20 00:01:00,2025-06-21 00:01:00,8.018313828683787e-06,-0.00019724682429251162,2025-06-01
2025-06-21,2025-06-21,2025-06-21 00:01:00,2025-06-22 00:01:00,-0.028913807826613347,0.003463665890958196,2025-06-01
2025-06-22,2025-06-22,2025-06-22 00:01:00,2025-06-23 00:01:00,-0.10072702802009748,-0.00012900269358459419,2025-06-01
2025-06-23,2025-06-23,2025-06-23 00:01:00,2025-06-24 00:01:00,0.03324748302505265,0.001415995815822625,2025-06-01
2025-06-24,2025-06-24,2025-06-24 00:01:00,2025-06-25 00:01:00,0.08405202098967846,0.005122662075601191,2025-06-01
2025-06-25,2025-06-25,2025-06-25 00:01:00,2025-06-26 00:01:00,-0.013546192310845195,0.007171190740769531,2025-06-01
2025-06-26,2025-06-26,2025-06-26 00:01:00,2025-06-27 00:01:00,0.0110979536719642,0.0008442042669743619,2025-06-01
2025-06-27,2025-06-27,2025-06-27 00:01:00,2025-06-28 00:01:00,0.0010725469085171024,0.0018214888174240807,2025-06-01
2025-06-28,2025-06-28,2025-06-28 00:01:00,2025-06-29 00:01:00,0.000968773475310547,-0.003880651722148854,2025-06-01
2025-06-29,2025-06-29,2025-06-29 00:01:00,2025-06-30 00:01:00,-0.0007504828926808704,-0.005013310074680973,2025-06-01
2025-06-30,2025-06-30,2025-06-30 00:01:00,2025-07-01 00:01:00,0.014672084051547296,-0.003085967085801906,2025-06-01
2025-07-01,2025-07-01,2025-07-01 00:01:00,2025-07-02 00:01:00,-0.02020749489352236,-0.001325953988751407,2025-07-01
2025-07-02,2025-07-02,2025-07-02 00:01:00,2025-07-03 00:01:00,0.03052770198027588,-0.00037428465260297764,2025-07-01
2025-07-03,2025-07-03,2025-07-03 00:01:00,2025-07-04 00:01:00,0.030312377320397044,-0.0007476074559831735,2025-07-01
2025-07-04,2025-07-04,2025-07-04 00:01:00,2025-07-05 00:01:00,-0.028600199843702212,-0.0022533105900248073,2025-07-01
2025-07-05,2025-07-05,2025-07-05 00:01:00,2025-07-06 00:01:00,0.0035061738277732957,-0.007838560430507995,2025-07-01
2025-07-06,2025-07-06,2025-07-06 00:01:00,2025-07-07 00:01:00,0.020788047271668386,-0.007907173592778156,2025-07-01
2025-07-07,2025-07-07,2025-07-07 00:01:00,2025-07-08 00:01:00,-0.010213610593397426,-0.005581994010456773,2025-07-01
2025-07-08,2025-07-08,2025-07-08 00:01:00,2025-07-09 00:01:00,0.012166477840193757,-0.0043016923872083,2025-07-01
2025-07-09,2025-07-09,2025-07-09 00:01:00,2025-07-10 00:01:00,0.03610360334008056,-0.007984172072637297,2025-07-01
2025-07-10,2025-07-10,2025-07-10 00:01:00,2025-07-11 00:01:00,0.04233262314705377,-0.008004733973198244,2025-07-01
2025-07-11,2025-07-11,2025-07-11 00:01:00,2025-07-12 00:01:00,0.06780689336376522,-0.0065429752542474585,2025-07-01
2025-07-12,2025-07-12,2025-07-12 00:01:00,2025-07-13 00:01:00,-0.014458198051948035,-0.0019652133354018378,2025-07-01
2025-07-13,2025-07-13,2025-07-13 00:01:00,2025-07-14 00:01:00,0.026358504486882595,-0.0035833916566262395,2025-07-01
2025-07-14,2025-07-14,2025-07-14 00:01:00,2025-07-15 00:01:00,0.007168506717131651,-0.0029232597279417617,2025-07-01
2025-07-15,2025-07-15,2025-07-15 00:01:00,2025-07-16 00:01:00,0.009567440162002283,-0.0030808442685694142,2025-07-01
2025-07-16,2025-07-16,2025-07-16 00:01:00,2025-07-17 00:01:00,0.06648208554742996,-0.0026889014967347215,2025-07-01
2025-07-17,2025-07-17,2025-07-17 00:01:00,2025-07-18 00:01:00,0.05528319921068037,-0.0005591846554706221,2025-07-01
2025-07-18,2025-07-18,2025-07-18 00:01:00,2025-07-19 00:01:00,0.0432098404721557,0.0022841172470435553,2025-07-01
2025-07-19,2025-07-19,2025-07-19 00:01:00,2025-07-20 00:01:00,-0.005035723388106317,0.006752932351474645,2025-07-01
2025-07-20,2025-07-20,2025-07-20 00:01:00,2025-07-21 00:01:00,0.0657788436907989,0.0030877068128713934,2025-07-01
2025-07-21,2025-07-21,2025-07-21 00:01:00,2025-07-22 00:01:00,0.007524714818854861,0.00474467825226733,2025-07-01
2025-07-22,2025-07-22,2025-07-22 00:01:00,2025-07-23 00:01:00,-0.02558274874956734,0.002154958117039622,2025-07-01
2025-07-23,2025-07-23,2025-07-23 00:01:00,2025-07-24 00:01:00,-0.021280087380181945,0.006394154599959943,2025-07-01
2025-07-24,2025-07-24,2025-07-24 00:01:00,2025-07-25 00:01:00,0.023862077685755212,0.0063860905511282234,2025-07-01
2025-07-25,2025-07-25,2025-07-25 00:01:00,2025-07-26 00:01:00,-0.023799935567010322,0.0073021092338734,2025-07-01
2025-07-26,2025-07-26,2025-07-26 00:01:00,2025-07-27 00:01:00,0.027762881069262724,0.0033885832258426308,2025-07-01
2025-07-27,2025-07-27,2025-07-27 00:01:00,2025-07-28 00:01:00,0.022236493537769908,0.0058797719567041445,2025-07-01
2025-07-28,2025-07-28,2025-07-28 00:01:00,2025-07-29 00:01:00,-0.003272079995811694,0.0028370407320302297,2025-07-01
2025-07-29,2025-07-29,2025-07-29 00:01:00,2025-07-30 00:01:00,-0.012564015022191843,0.005226561638225764,2025-07-01
2025-07-30,2025-07-30,2025-07-30 00:01:00,2025-07-31 00:01:00,0.009088104344310732,0.0050663971295917135,2025-07-01
2025-07-31,2025-07-31,2025-07-31 00:01:00,2025-08-01 00:01:00,-0.0016341462771776172,0.0018879524309889607,2025-07-01
2025-08-01,2025-08-01,2025-08-01 00:01:00,2025-08-02 00:01:00,-0.04659396013020645,0.003745257030902953,2025-08-01
2025-08-02,2025-08-02,2025-08-02 00:01:00,2025-08-03 00:01:00,-0.042740367841299975,0.0017042027812289673,2025-08-01
2025-08-03,2025-08-03,2025-08-03 00:01:00,2025-08-04 00:01:00,0.0045386304270478295,0.001621035459941201,2025-08-01
2025-08-04,2025-08-04,2025-08-04 00:01:00,2025-08-05 00:01:00,0.05045382816729438,0.0015302471742744805,2025-08-01
2025-08-05,2025-08-05,2025-08-05 00:01:00,2025-08-06 00:01:00,-0.021985312057106965,0.004991970268504875,2025-08-01
2025-08-06,2025-08-06,2025-08-06 00:01:00,2025-08-07 00:01:00,0.02754163057888981,0.00393201461703781,2025-08-01
2025-08-07,2025-08-07,2025-08-07 00:01:00,2025-08-08 00:01:00,0.04575348818178093,0.003198579130152729,2025-08-01
2025-08-08,2025-08-08,2025-08-08 00:01:00,2025-08-09 00:01:00,0.03214144112184636,0.005328520258960169,2025-08-01
2025-08-09,2025-08-09,2025-08-09 00:01:00,2025-08-10 00:01:00,0.06421441027066632,0.004296282492740096,2025-08-01
2025-08-10,2025-08-10,2025-08-10 00:01:00,2025-08-11 00:01:00,0.0011018786556131754,0.005458295165605452,2025-08-01
2025-08-11,2025-08-11,2025-08-11 00:01:00,2025-08-12 00:01:00,0.028439402888773557,0.0026390213764461348,2025-08-01
2025-08-12,2025-08-12,2025-08-12 00:01:00,2025-08-13 00:01:00,0.03016708491714959,0.0022418971141382965,2025-08-01
2025-08-13,2025-08-13,2025-08-13 00:01:00,2025-08-14 00:01:00,0.04426025063195338,0.0024018247754229007,2025-08-01
2025-08-14,2025-08-14,2025-08-14 00:01:00,2025-08-15 00:01:00,-0.009301049101734793,0.005162592953231936,2025-08-01
2025-08-15,2025-08-15,2025-08-15 00:01:00,2025-08-16 00:01:00,-0.04231259509025853,0.005400463315308646,2025-08-01
2025-08-16,2025-08-16,2025-08-16 00:01:00,2025-08-17 00:01:00,-0.0062055094800117505,0.004659081396704727,2025-08-01
2025-08-17,2025-08-17,2025-08-17 00:01:00,2025-08-18 00:01:00,0.037533768111987165,0.005866333776837068,2025-08-01
2025-08-18,2025-08-18,2025-08-18 00:01:00,2025-08-19 00:01:00,-0.04848883336620857,0.005802962742853401,2025-08-01
2025-08-19,2025-08-19,2025-08-19 00:01:00,2025-08-20 00:01:00,-0.03499974662901417,0.002548913815254926,2025-08-01
2025-08-20,2025-08-20,2025-08-20 00:01:00,2025-08-21 00:01:00,0.0175676869132666,0.004473170148292701,2025-08-01
2025-08-21,2025-08-21,2025-08-21 00:01:00,2025-08-22 00:01:00,-0.00589241187771361,0.004725909699339778,2025-08-01
2025-08-22,2025-08-22,2025-08-22 00:01:00,2025-08-23 00:01:00,0.09182419024112853,0.005844785435890392,2025-08-01
2025-08-23,2025-08-23,2025-08-23 00:01:00,2025-08-24 00:01:00,0.026744382058895955,0.01169952530801683,2025-08-01
2025-08-24,2025-08-24,2025-08-24 00:01:00,2025-08-25 00:01:00,0.0091393402078348,0.0032388762746916036,2025-08-01
2025-08-25,2025-08-25,2025-08-25 00:01:00,2025-08-26 00:01:00,-0.039534364694815305,-3.778814947237152e-05,2025-08-01
2025-08-26,2025-08-26,2025-08-26 00:01:00,2025-08-27 00:01:00,-0.017699038171287595,-0.0001493495511410937,2025-08-01
2025-08-27,2025-08-27,2025-08-27 00:01:00,2025-08-28 00:01:00,0.027535389220630035,-0.002021090824435296,2025-08-01
2025-08-28,2025-08-28,2025-08-28 00:01:00,2025-08-29 00:01:00,-0.030295923680348946,-0.0022856370340082533,2025-08-01
2025-08-29,2025-08-29,2025-08-29 00:01:00,2025-08-30 00:01:00,-0.04324818449482026,-0.0022665788805997927,2025-08-01
2025-08-30,2025-08-30,2025-08-30 00:01:00,2025-08-31 00:01:00,0.013320686720360575,-7.495672154906306e-05,2025-08-01
2025-08-31,2025-08-31,2025-08-31 00:01:00,2025-09-01 00:01:00,0.025446672754278143,0.0012087803037591398,2025-08-01
2025-09-01,2025-09-01,2025-09-01 00:01:00,2025-09-02 00:01:00,-0.02696218464889577,0.0012407766879045626,2025-09-01
2025-09-02,2025-09-02,2025-09-02 00:01:00,2025-09-03 00:01:00,-0.013924599360995993,0.003581884090821657,2025-09-01
2025-09-03,2025-09-03,2025-09-03 00:01:00,2025-09-04 00:01:00,0.04198455526609601,0.005288140440936067,2025-09-01
2025-09-04,2025-09-04,2025-09-04 00:01:00,2025-09-05 00:01:00,-0.040562984128401425,0.00596106252638242,2025-09-01
2025-09-05,2025-09-05,2025-09-05 00:01:00,2025-09-06 00:01:00,-0.005211738510326858,0.0035604103880462748,2025-09-01
2025-09-06,2025-09-06,2025-09-06 00:01:00,2025-09-07 00:01:00,-0.0016559118156792563,0.007537446238387228,2025-09-01
2025-09-07,2025-09-07,2025-09-07 00:01:00,2025-09-08 00:01:00,0.006791597067829169,0.0032126181871243113,2025-09-01
2025-09-08,2025-09-08,2025-09-08 00:01:00,2025-09-09 00:01:00,0.016463059918557343,-0.001685667422776128,2025-09-01
2025-09-09,2025-09-09,2025-09-09 00:01:00,2025-09-10 00:01:00,-0.018302523894007883,-0.000904712707058327,2025-09-01
2025-09-10,2025-09-10,2025-09-10 00:01:00,2025-09-11 00:01:00,0.026567637525359622,0.0015477511975860875,2025-09-01
2025-09-11,2025-09-11,2025-09-11 00:01:00,2025-09-12 00:01:00,0.003032553955608863,0.003271973803610399,2025-09-01
2025-09-12,2025-09-12,2025-09-12 00:01:00,2025-09-13 00:01:00,0.028569293275175545,0.0016377417357181744,2025-09-01
2025-09-13,2025-09-13,2025-09-13 00:01:00,2025-09-14 00:01:00,0.02454130914871655,0.002300842291649868,2025-09-01
2025-09-14,2025-09-14,2025-09-14 00:01:00,2025-09-15 00:01:00,-0.015247604331652065,0.0048779312512400065,2025-09-01
2025-09-15,2025-09-15,2025-09-15 00:01:00,2025-09-16 00:01:00,-0.018305457592793117,0.0013929416689063318,2025-09-01
2025-09-16,2025-09-16,2025-09-16 00:01:00,2025-09-17 00:01:00,-0.007253754701713522,0.000711642855102414,2025-09-01
2025-09-17,2025-09-17,2025-09-17 00:01:00,2025-09-18 00:01:00,0.004261341370839888,-0.001696753637712294,2025-09-01
2025-09-18,2025-09-18,2025-09-18 00:01:00,2025-09-19 00:01:00,0.024739339451832487,6.559613691293304e-05,2025-09-01
2025-09-19,2025-09-19,2025-09-19 00:01:00,2025-09-20 00:01:00,-0.027086130325891022,0.0031290795017141554,2025-09-01
2025-09-20,2025-09-20,2025-09-20 00:01:00,2025-09-21 00:01:00,0.005763514737555431,0.0012070944226307766,2025-09-01
2025-09-21,2025-09-21,2025-09-21 00:01:00,2025-09-22 00:01:00,-0.003279964420724979,-0.0025564317006285453,2025-09-01
2025-09-22,2025-09-22,2025-09-22 00:01:00,2025-09-23 00:01:00,-0.07084834625467129,-0.0022424603611312455,2025-09-01
2025-09-23,2025-09-23,2025-09-23 00:01:00,2025-09-24 00:01:00,0.003652132571692057,-3.646772863606564e-05,2025-09-01
2025-09-24,2025-09-24,2025-09-24 00:01:00,2025-09-25 00:01:00,-0.004418765999186447,0.00015437978564573082,2025-09-01
2025-09-25,2025-09-25,2025-09-25 00:01:00,2025-09-26 00:01:00,-0.0389217168136915,-0.000406303663679111,2025-09-01
2025-09-26,2025-09-26,2025-09-26 00:01:00,2025-09-27 00:01:00,-0.014649477679486766,0.0040791553077102844,2025-09-01
2025-09-27,2025-09-27,2025-09-27 00:01:00,2025-09-28 00:01:00,0.018810567209778473,0.0008409312096861127,2025-09-01
2025-09-28,2025-09-28,2025-09-28 00:01:00,2025-09-29 00:01:00,0.0011955168119552884,0.002377503230300103,2025-09-01
2025-09-29,2025-09-29,2025-09-29 00:01:00,2025-09-30 00:01:00,0.03599681576197811,-0.0005070518741942236,2025-09-01
2025-09-30,2025-09-30,2025-09-30 00:01:00,2025-10-01 00:01:00,-0.011734902149117543,0.0055119114615287896,2025-09-01
2025-10-01,2025-10-01,2025-10-01 00:01:00,2025-10-02 00:01:00,0.05172962584100116,0.0034423594596090998,2025-10-01
2025-10-02,2025-10-02,2025-10-02 00:01:00,2025-10-03 00:01:00,0.023797917537824675,0.005342400024144221,2025-10-01
2025-10-03,2025-10-03,2025-10-03 00:01:00,2025-10-04 00:01:00,0.02549001024474573,-0.0017088697867447186,2025-10-01
2025-10-04,2025-10-04,2025-10-04 00:01:00,2025-10-05 00:01:00,-0.0190251952910111,-0.001546683351262764,2025-10-01
2025-10-05,2025-10-05,2025-10-05 00:01:00,2025-10-06 00:01:00,0.017029905519017285,-0.0005954829664203559,2025-10-01
2025-10-06,2025-10-06,2025-10-06 00:01:00,2025-10-07 00:01:00,0.0316720923872289,3.369769660251077e-05,2025-10-01
2025-10-07,2025-10-07,2025-10-07 00:01:00,2025-10-08 00:01:00,-0.03562968727285187,-0.0007614344680877264,2025-10-01
2025-10-08,2025-10-08,2025-10-08 00:01:00,2025-10-09 00:01:00,-0.015522401294641774,1.3246442871493779e-05,2025-10-01
2025-10-09,2025-10-09,2025-10-09 00:01:00,2025-10-10 00:01:00,-0.02826692006989595,-0.001839042829798092,2025-10-01
2025-10-10,2025-10-10,2025-10-10 00:01:00,2025-10-11 00:01:00,-0.05148829179556713,0.0031009021711257793,2025-10-01
2025-10-11,2025-10-11,2025-10-11 00:01:00,2025-10-12 00:01:00,-0.06533582855300057,0.0031885190681621104,2025-10-01
2025-10-12,2025-10-12,2025-10-12 00:01:00,2025-10-13 00:01:00,0.05597624505649912,0.010776898894823587,2025-10-01
2025-10-13,2025-10-13,2025-10-13 00:01:00,2025-10-14 00:01:00,0.022787805578383447,0.009993097174480006,2025-10-01
2025-10-14,2025-10-14,2025-10-14 00:01:00,2025-10-15 00:01:00,-0.014579108118704442,0.0029466222377659106,2025-10-01
2025-10-15,2025-10-15,2025-10-15 00:01:00,2025-10-16 00:01:00,-0.022030110273350112,0.005791881830298699,2025-10-01
2025-10-16,2025-10-16,2025-10-16 00:01:00,2025-10-17 00:01:00,-0.023641386238071327,0.0021295651227998535,2025-10-01
2025-10-17,2025-10-17,2025-10-17 00:01:00,2025-10-18 00:01:00,-0.020530574660610257,0.0011632674541356216,2025-10-01
2025-10-18,2025-10-18,2025-10-18 00:01:00,2025-10-19 00:01:00,0.017983004380206058,-0.0009755985692549037,2025-10-01
2025-10-19,2025-10-19,2025-10-19 00:01:00,2025-10-20 00:01:00,0.02553063056555871,-0.0002493790883476494,2025-10-01
2025-10-20,2025-10-20,2025-10-20 00:01:00,2025-10-21 00:01:00,0.00025405673262923756,-0.0004996042009293427,2025-10-01
2025-10-21,2025-10-21,2025-10-21 00:01:00,2025-10-22 00:01:00,0.025660756947063934,0.00035188487834989196,2025-10-01
2025-10-22,2025-10-22,2025-10-22 00:01:00,2025-10-23 00:01:00,-0.058935305280811257,-0.0005805147469443428,2025-10-01
2025-10-23,2025-10-23,2025-10-23 00:01:00,2025-10-24 00:01:00,0.009944843506149992,-0.00153520173862699,2025-10-01
2025-10-24,2025-10-24,2025-10-24 00:01:00,2025-10-25 00:01:00,0.0031292404691021236,0.0002852791267489408,2025-10-01
2025-10-25,2025-10-25,2025-10-25 00:01:00,2025-10-26 00:01:00,0.011513525885502585,0.0046923337023341795,2025-10-01
2025-10-26,2025-10-26,2025-10-26 00:01:00,2025-10-27 00:01:00,0.03494574447529275,0.0036501402931417223,2025-10-01
2025-10-27,2025-10-27,2025-10-27 00:01:00,2025-10-28 00:01:00,0.02537898980271147,0.004186622087289198,2025-10-01
2025-10-28,2025-10-28,2025-10-28 00:01:00,2025-10-29 00:01:00,-0.018423574508864338,0.004395835080371331,2025-10-01
2025-10-29,2025-10-29,2025-10-29 00:01:00,2025-10-30 00:01:00,-0.036684484147323726,0.00018749510183042862,2025-10-01
2025-10-30,2025-10-30,2025-10-30 00:01:00,2025-10-31 00:01:00,-0.04581433059693929,-0.001145280683331549,2025-10-01
2025-10-31,2025-10-31,2025-10-31 00:01:00,2025-11-01 00:01:00,0.02336974705123218,-0.002776658706378594,2025-10-01
2025-11-01,2025-11-01,2025-11-01 00:01:00,2025-11-02 00:01:00,0.008915435691322582,-0.0021322618996557387,2025-11-01
2025-11-02,2025-11-02,2025-11-02 00:01:00,2025-11-03 00:01:00,-0.009294430799696496,-0.004983746918737652,2025-11-01
2025-11-03,2025-11-03,2025-11-03 00:01:00,2025-11-04 00:01:00,-0.06932124676484408,-0.0030186837097460556,2025-11-01
2025-11-04,2025-11-04,2025-11-04 00:01:00,2025-11-05 00:01:00,-0.019937687752603073,-0.004821737019542925,2025-11-01
2025-11-05,2025-11-05,2025-11-05 00:01:00,2025-11-06 00:01:00,-0.033913065751389526,-0.0020392748313385724,2025-11-01
2025-11-06,2025-11-06,2025-11-06 00:01:00,2025-11-07 00:01:00,-0.02604484273227825,0.0011687145885473,2025-11-01
2025-11-07,2025-11-07,2025-11-07 00:01:00,2025-11-08 00:01:00,-0.0027191995450860373,-0.001081486045495448,2025-11-01
2025-11-08,2025-11-08,2025-11-08 00:01:00,2025-11-09 00:01:00,0.024466733189167478,0.0008446559383859357,2025-11-01
2025-11-09,2025-11-09,2025-11-09 00:01:00,2025-11-10 00:01:00,0.04049973355438441,0.004802000568270461,2025-11-01
2025-11-10,2025-11-10,2025-11-10 00:01:00,2025-11-11 00:01:00,-0.00022477664599096503,0.0037955866496911152,2025-11-01
2025-11-11,2025-11-11,2025-11-11 00:01:00,2025-11-12 00:01:00,-0.008674344941815293,0.005839944570538447,2025-11-01
2025-11-12,2025-11-12,2025-11-12 00:01:00,2025-11-13 00:01:00,-0.015821067771356723,0.004235737328566099,2025-11-01
2025-11-13,2025-11-13,2025-11-13 00:01:00,2025-11-14 00:01:00,-0.012910489991890817,0.003203275946105865,2025-11-01
2025-11-14,2025-11-14,2025-11-14 00:01:00,2025-11-15 00:01:00,-0.05583990354495916,0.005804462082404722,2025-11-01
2025-11-15,2025-11-15,2025-11-15 00:01:00,2025-11-16 00:01:00,-0.003571205007824707,0.0005395306637449593,2025-11-01
2025-11-16,2025-11-16,2025-11-16 00:01:00,2025-11-17 00:01:00,-0.02689730775633803,0.004605332538708244,2025-11-01
2025-11-17,2025-11-17,2025-11-17 00:01:00,2025-11-18 00:01:00,0.005626283102428742,0.004724191794095185,2025-11-01
2025-11-18,2025-11-18,2025-11-18 00:01:00,2025-11-19 00:01:00,-0.002047897694991474,0.010404212903426639,2025-11-01
2025-11-19,2025-11-19,2025-11-19 00:01:00,2025-11-20 00:01:00,-0.04289146705864577,0.0056109598294771775,2025-11-01
2025-11-20,2025-11-20,2025-11-20 00:01:00,2025-11-21 00:01:00,-0.006781688768205951,0.0034957025654656715,2025-11-01
2025-11-21,2025-11-21,2025-11-21 00:01:00,2025-11-22 00:01:00,-0.08549880222501927,0.006387202276831619,2025-11-01
2025-11-22,2025-11-22,2025-11-22 00:01:00,2025-11-23 00:01:00,0.013301070375426827,-0.00024056669779804157,2025-11-01
2025-11-23,2025-11-23,2025-11-23 00:01:00,2025-11-24 00:01:00,0.03477876687819936,0.006474189484527265,2025-11-01
2025-11-24,2025-11-24,2025-11-24 00:01:00,2025-11-25 00:01:00,0.004548357615940857,0.0035819988631401864,2025-11-01
2025-11-25,2025-11-25,2025-11-25 00:01:00,2025-11-26 00:01:00,0.01664629348620239,0.0009182697316200532,2025-11-01
2025-11-26,2025-11-26,2025-11-26 00:01:00,2025-11-27 00:01:00,0.013060288086460536,0.003593471548302256,2025-11-01
2025-11-27,2025-11-27,2025-11-27 00:01:00,2025-11-28 00:01:00,0.02638409042076062,0.0006242162164199077,2025-11-01
2025-11-28,2025-11-28,2025-11-28 00:01:00,2025-11-29 00:01:00,0.020126734963099358,0.001891637113676759,2025-11-01
2025-11-29,2025-11-29,2025-11-29 00:01:00,2025-11-30 00:01:00,-0.021175895765472408,9.078063650419521e-05,2025-11-01
2025-11-30,2025-11-30,2025-11-30 00:01:00,2025-12-01 00:01:00,0.0074742345232430285,-0.0012924030701871533,2025-11-01
2025-12-01,2025-12-01,2025-12-01 00:01:00,2025-12-02 00:01:00,-0.09265883829625587,-0.0011505653158570747,2025-12-01
2025-12-02,2025-12-02,2025-12-02 00:01:00,2025-12-03 00:01:00,0.09548477755166673,-0.005370471309396167,2025-12-01
2025-12-03,2025-12-03,2025-12-03 00:01:00,2025-12-04 00:01:00,0.026335728195346242,0.010369838532091093,2025-12-01
2025-12-04,2025-12-04,2025-12-04 00:01:00,2025-12-05 00:01:00,0.037610855860668924,0.002199651403230511,2025-12-01
2025-12-05,2025-12-05,2025-12-05 00:01:00,2025-12-06 00:01:00,-0.032399996255417896,0.0007790988012503352,2025-12-01
2025-12-06,2025-12-06,2025-12-06 00:01:00,2025-12-07 00:01:00,-0.019575593395252944,-0.006694744597808553,2025-12-01
2025-12-07,2025-12-07,2025-12-07 00:01:00,2025-12-08 00:01:00,-0.0075490937798098345,-0.006940025893204272,2025-12-01
2025-12-08,2025-12-08,2025-12-08 00:01:00,2025-12-09 00:01:00,0.027300598246689622,-0.006279635448283892,2025-12-01
2025-12-09,2025-12-09,2025-12-09 00:01:00,2025-12-10 00:01:00,0.05287592917613049,-0.0017801870116943461,2025-12-01
2025-12-10,2025-12-10,2025-12-10 00:01:00,2025-12-11 00:01:00,0.020178279774836883,-0.0042551652304281574,2025-12-01
2025-12-11,2025-12-11,2025-12-11 00:01:00,2025-12-12 00:01:00,-0.045223262827174926,-0.005341897851738458,2025-12-01
2025-12-12,2025-12-12,2025-12-12 00:01:00,2025-12-13 00:01:00,-0.03381885676534435,-0.00455663035587408,2025-12-01
2025-12-13,2025-12-13,2025-12-13 00:01:00,2025-12-14 00:01:00,0.012926543370669563,-0.0041322490713322745,2025-12-01
2025-12-14,2025-12-14,2025-12-14 00:01:00,2025-12-15 00:01:00,-0.010328200842199986,-0.005151165662857924,2025-12-01
2025-12-15,2025-12-15,2025-12-15 00:01:00,2025-12-16 00:01:00,-0.02474039957515506,-0.003912631177554122,2025-12-01
2025-12-16,2025-12-16,2025-12-16 00:01:00,2025-12-17 00:01:00,-0.01504362885499233,0.0018419429532694302,2025-12-01
2025-12-17,2025-12-17,2025-12-17 00:01:00,2025-12-18 00:01:00,-0.017684273169609965,-0.002853088290071631,2025-12-01
2025-12-18,2025-12-18,2025-12-18 00:01:00,2025-12-19 00:01:00,0.020088601887006563,-0.0007079990905693842,2025-12-01
2025-12-19,2025-12-19,2025-12-19 00:01:00,2025-12-20 00:01:00,0.0007659887497513118,0.001679317976105536,2025-12-01
2025-12-20,2025-12-20,2025-12-20 00:01:00,2025-12-21 00:01:00,0.0034594842468709253,0.002766313986710312,2025-12-01
2025-12-21,2025-12-21,2025-12-21 00:01:00,2025-12-22 00:01:00,-0.0012163896748005332,0.00044120012660150726,2025-12-01
2025-12-22,2025-12-22,2025-12-22 00:01:00,2025-12-23 00:01:00,0.027361727896649146,0.002981282060412217,2025-12-01
2025-12-23,2025-12-23,2025-12-23 00:01:00,2025-12-24 00:01:00,-0.04318325457718919,0.00282331988884363,2025-12-01
2025-12-24,2025-12-24,2025-12-24 00:01:00,2025-12-25 00:01:00,0.0003559376561506067,-0.0015288314167160408,2025-12-01
2025-12-25,2025-12-25,2025-12-25 00:01:00,2025-12-26 00:01:00,0.013103424680967368,0.001881616296102561,2025-12-01
2025-12-26,2025-12-26,2025-12-26 00:01:00,2025-12-27 00:01:00,-0.012657030933405422,-0.001520835515825242,2025-12-01
2025-12-27,2025-12-27,2025-12-27 00:01:00,2025-12-28 00:01:00,0.0006430164311219677,0.0017380049293673997,2025-12-01
2025-12-28,2025-12-28,2025-12-28 00:01:00,2025-12-29 00:01:00,0.0077796007656549815,-0.00044996417499754593,2025-12-01
2025-12-29,2025-12-29,2025-12-29 00:01:00,2025-12-30 00:01:00,-0.005701474718148414,-0.001466668280117292,2025-12-01
2025-12-30,2025-12-30,2025-12-30 00:01:00,2025-12-31 00:01:00,0.019600552608688204,0.00607311841879431,2025-12-01
2025-12-31,2025-12-31,2025-12-31 00:01:00,2026-01-01 00:01:00,-0.001177647448486474,0.0025705654661114523,2025-12-01
2026-01-01,2026-01-01,2026-01-01 00:01:00,2026-01-02 00:01:00,0.0009378694954598199,0.0055799368917578435,2026-01-01
2026-01-02,2026-01-02,2026-01-02 00:01:00,2026-01-03 00:01:00,0.03250688520859746,-0.0023758543241042557,2026-01-01
2026-01-03,2026-01-03,2026-01-03 00:01:00,2026-01-04 00:01:00,0.004718953273935789,0.0003781113477398483,2026-01-01
2026-01-04,2026-01-04,2026-01-04 00:01:00,2026-01-05 00:01:00,0.010871002809686559,-0.0021729268101329767,2026-01-01
2026-01-05,2026-01-05,2026-01-05 00:01:00,2026-01-06 00:01:00,0.01877020381722505,-0.0031825722088391255,2026-01-01
2026-01-06,2026-01-06,2026-01-06 00:01:00,2026-01-07 00:01:00,0.025274783790810273,-0.0033148981199692647,2026-01-01
2026-01-07,2026-01-07,2026-01-07 00:01:00,2026-01-08 00:01:00,-0.032970793107662155,0.0004664428391814719,2026-01-01
2026-01-08,2026-01-08,2026-01-08 00:01:00,2026-01-09 00:01:00,-0.020023505029570843,-0.0005998872744818147,2026-01-01
2026-01-09,2026-01-09,2026-01-09 00:01:00,2026-01-10 00:01:00,0.003027176891582606,-0.0014600866491525505,2026-01-01
2026-01-10,2026-01-10,2026-01-10 00:01:00,2026-01-11 00:01:00,-0.0057307419109114965,-0.0010713058077345683,2026-01-01
2026-01-11,2026-01-11,2026-01-11 00:01:00,2026-01-12 00:01:00,0.007871444919281378,9.10661489581917e-05,2026-01-01
2026-01-12,2026-01-12,2026-01-12 00:01:00,2026-01-13 00:01:00,0.004291473822972014,-0.0018663927035262205,2026-01-01
2026-01-13,2026-01-13,2026-01-13 00:01:00,2026-01-14 00:01:00,0.018845870100504758,0.0016626268457949063,2026-01-01
2026-01-14,2026-01-14,2026-01-14 00:01:00,2026-01-15 00:01:00,0.04906275468622656,-0.0007341572410489112,2026-01-01
2026-01-15,2026-01-15,2026-01-15 00:01:00,2026-01-16 00:01:00,-0.006436152411913754,0.008319818689699655,2026-01-01
2026-01-16,2026-01-16,2026-01-16 00:01:00,2026-01-17 00:01:00,-0.018257658232035623,0.0025745001346365783,2026-01-01
2026-01-17,2026-01-17,2026-01-17 00:01:00,2026-01-18 00:01:00,0.01829087110618266,-0.0006955457798365473,2026-01-01
2026-01-18,2026-01-18,2026-01-18 00:01:00,2026-01-19 00:01:00,0.0019012207521855728,-0.0031194248251670284,2026-01-01
2026-01-19,2026-01-19,2026-01-19 00:01:00,2026-01-20 00:01:00,-0.03481158985137367,-0.0028899537598663554,2026-01-01
2026-01-20,2026-01-20,2026-01-20 00:01:00,2026-01-21 00:01:00,-0.05710579363894286,0.0013420967060198356,2026-01-01
2026-01-21,2026-01-21,2026-01-21 00:01:00,2026-01-22 00:01:00,-0.010016529252818263,0.0007681759986488862,2026-01-01
2026-01-22,2026-01-22,2026-01-22 00:01:00,2026-01-23 00:01:00,-0.019002676104684646,0.000847493887545365,2026-01-01
2026-01-23,2026-01-23,2026-01-23 00:01:00,2026-01-24 00:01:00,0.0014947632329012084,0.005617253669482903,2026-01-01
2026-01-24,2026-01-24,2026-01-24 00:01:00,2026-01-25 00:01:00,0.0030461226386611084,0.002882942788732431,2026-01-01
2026-01-25,2026-01-25,2026-01-25 00:01:00,2026-01-26 00:01:00,-0.01083534269645825,0.0046002319725323764,2026-01-01
2026-01-26,2026-01-26,2026-01-26 00:01:00,2026-01-27 00:01:00,-0.008280483427067109,0.0014251441862885325,2026-01-01
2026-01-27,2026-01-27,2026-01-27 00:01:00,2026-01-28 00:01:00,0.012655435011186933,0.004913144136407457,2026-01-01
2026-01-28,2026-01-28,2026-01-28 00:01:00,2026-01-29 00:01:00,0.022914510594258974,0.0019033477177333607,2026-01-01
2026-01-29,2026-01-29,2026-01-29 00:01:00,2026-01-30 00:01:00,-0.060447624594392235,0.0046146640327587325,2026-01-01
2026-01-30,2026-01-30,2026-01-30 00:01:00,2026-01-31 00:01:00,-0.03367905012893535,0.003075390277322219,2026-01-01
2026-01-31,2026-01-31,2026-01-31 00:01:00,2026-02-01 00:01:00,-0.07118297385668837,0.004401453228141078,2026-01-01
2026-02-01,2026-02-01,2026-02-01 00:01:00,2026-02-02 00:01:00,-0.08985930501016237,0.0002339425210882601,2026-02-01
2026-02-02,2026-02-02,2026-02-02 00:01:00,2026-02-03 00:01:00,0.02766503625073713,-0.000504398525110389,2026-02-01
2026-02-03,2026-02-03,2026-02-03 00:01:00,2026-02-04 00:01:00,-0.03015662711606959,0.007281409026712185,2026-02-01
2026-02-04,2026-02-04,2026-02-04 00:01:00,2026-02-05 00:01:00,-0.06315015510182753,-9.647547196047987e-05,2026-02-01
2026-02-05,2026-02-05,2026-02-05 00:01:00,2026-02-06 00:01:00,-0.08879693870916805,0.00016306907324469325,2026-02-01
2026-02-06,2026-02-06,2026-02-06 00:01:00,2026-02-07 00:01:00,0.006819120037917958,-0.002300108011452827,2026-02-01
2026-02-07,2026-02-07,2026-02-07 00:01:00,2026-02-08 00:01:00,0.0382584750267021,0.00902269767605621,2026-02-01
2026-02-08,2026-02-08,2026-02-08 00:01:00,2026-02-09 00:01:00,0.02731230711475363,0.007228955241851118,2026-02-01
2026-02-09,2026-02-09,2026-02-09 00:01:00,2026-02-10 00:01:00,-0.022357636763149613,0.006633365192408494,2026-02-01
2026-02-10,2026-02-10,2026-02-10 00:01:00,2026-02-11 00:01:00,-0.01820388349514568,0.0008676944400817648,2026-02-01
2026-02-11,2026-02-11,2026-02-11 00:01:00,2026-02-12 00:01:00,-0.04626452410383186,-0.00017351546003260148,2026-02-01
2026-02-12,2026-02-12,2026-02-12 00:01:00,2026-02-13 00:01:00,0.009730783387681186,-0.005283914252042405,2026-02-01
2026-02-13,2026-02-13,2026-02-13 00:01:00,2026-02-14 00:01:00,0.04337937053961083,0.00190407607086545,2026-02-01
2026-02-14,2026-02-14,2026-02-14 00:01:00,2026-02-15 00:01:00,0.025804673775581932,0.0042751080759901115,2026-02-01
2026-02-15,2026-02-15,2026-02-15 00:01:00,2026-02-16 00:01:00,-0.03610232990986417,0.00244035749110226,2026-02-01
2026-02-16,2026-02-16,2026-02-16 00:01:00,2026-02-17 00:01:00,-0.02613256891463489,0.001256685348232648,2026-02-01
2026-02-17,2026-02-17,2026-02-17 00:01:00,2026-02-18 00:01:00,0.005917643571844877,0.0007262924304325193,2026-02-01
2026-02-18,2026-02-18,2026-02-18 00:01:00,2026-02-19 00:01:00,0.00673629879498483,0.005160110257961309,2026-02-01
2026-02-19,2026-02-19,2026-02-19 00:01:00,2026-02-20 00:01:00,-0.029721955896452545,0.008816518696875573,2026-02-01
2026-02-20,2026-02-20,2026-02-20 00:01:00,2026-02-21 00:01:00,0.019840857083420094,0.00409245795561472,2026-02-01
2026-02-21,2026-02-21,2026-02-21 00:01:00,2026-02-22 00:01:00,0.013248680486498854,0.005195024676155412,2026-02-01
2026-02-22,2026-02-22,2026-02-22 00:01:00,2026-02-23 00:01:00,-0.017303075599039763,-0.0017767541175988397,2026-02-01
2026-02-23,2026-02-23,2026-02-23 00:01:00,2026-02-24 00:01:00,-0.029361604056234114,-0.006503128595857603,2026-02-01
2026-02-24,2026-02-24,2026-02-24 00:01:00,2026-02-25 00:01:00,-0.025332151412500892,-0.00553785477373946,2026-02-01
2026-02-25,2026-02-25,2026-02-25 00:01:00,2026-02-26 00:01:00,0.09234467115271139,-0.005839943251578822,2026-02-01
2026-02-26,2026-02-26,2026-02-26 00:01:00,2026-02-27 00:01:00,0.009510404947987716,0.0024086711346850104,2026-02-01
2026-02-27,2026-02-27,2026-02-27 00:01:00,2026-02-28 00:01:00,-0.04474270734126018,-0.0045314921482226015,2026-02-01
2026-02-28,2026-02-28,2026-02-28 00:01:00,2026-03-01 00:01:00,-0.025870575175759525,-0.01222830510642572,2026-02-01
2026-03-01,2026-03-01,2026-03-01 00:01:00,2026-03-02 00:01:00,0.04985491954629384,-0.010621692474506934,2026-03-01
2026-03-02,2026-03-02,2026-03-02 00:01:00,2026-03-03 00:01:00,0.028768844221105594,0.0005209592426096468,2026-03-01
2026-03-03,2026-03-03,2026-03-03 00:01:00,2026-03-04 00:01:00,-0.0394236170472585,-0.0019365291517656276,2026-03-01
2026-03-04,2026-03-04,2026-03-04 00:01:00,2026-03-05 00:01:00,0.09398740935856886,-0.0057461203036863065,2026-03-01
2026-03-05,2026-03-05,2026-03-05 00:01:00,2026-03-06 00:01:00,-0.03222597693562701,0.0034599509159384824,2026-03-01
2026-03-06,2026-03-06,2026-03-06 00:01:00,2026-03-07 00:01:00,-0.05079153138268233,-0.0068595337208587175,2026-03-01
2026-03-07,2026-03-07,2026-03-07 00:01:00,2026-03-08 00:01:00,0.0010069372409919897,-0.007377883702178985,2026-03-01
2026-03-08,2026-03-08,2026-03-08 00:01:00,2026-03-09 00:01:00,-0.018758719695897375,-0.00040609298374849297,2026-03-01
2026-03-09,2026-03-09,2026-03-09 00:01:00,2026-03-10 00:01:00,0.04151619899339054,-0.003708525371251461,2026-03-01
2026-03-10,2026-03-10,2026-03-10 00:01:00,2026-03-11 00:01:00,0.02853454415954415,0.001479277687335074,2026-03-01
2026-03-11,2026-03-11,2026-03-11 00:01:00,2026-03-12 00:01:00,-0.014244151097645985,-0.0009602800762495287,2026-03-01
2026-03-12,2026-03-12,2026-03-12 00:01:00,2026-03-13 00:01:00,0.009649580696935889,-0.006650098066521397,2026-03-01
2026-03-13,2026-03-13,2026-03-13 00:01:00,2026-03-14 00:01:00,0.028353167988171668,-0.0035796016323369428,2026-03-01
2026-03-14,2026-03-14,2026-03-14 00:01:00,2026-03-15 00:01:00,-0.025917520638634728,0.003107058022940193,2026-03-01
2026-03-15,2026-03-15,2026-03-15 00:01:00,2026-03-16 00:01:00,0.00947359789304092,-0.004196263242670873,2026-03-01
2026-03-16,2026-03-16,2026-03-16 00:01:00,2026-03-17 00:01:00,0.08563769549448796,-0.0023613525938041735,2026-03-01
2026-03-17,2026-03-17,2026-03-17 00:01:00,2026-03-18 00:01:00,0.01962156523576275,0.0030831479452136574,2026-03-01
2026-03-18,2026-03-18,2026-03-18 00:01:00,2026-03-19 00:01:00,-0.05677359199160825,3.607509851561634e-05,2026-03-01
2026-03-19,2026-03-19,2026-03-19 00:01:00,2026-03-20 00:01:00,-0.03136312670190622,-0.005769518480330446,2026-03-01
2026-03-20,2026-03-20,2026-03-20 00:01:00,2026-03-21 00:01:00,0.008887229981290101,-0.0006287847852194556,2026-03-01
2026-03-21,2026-03-21,2026-03-21 00:01:00,2026-03-22 00:01:00,0.0075632337858786425,0.003878577416704707,2026-03-01
2026-03-22,2026-03-22,2026-03-22 00:01:00,2026-03-23 00:01:00,-0.032991243237213475,0.0018283029000576976,2026-03-01
2026-03-23,2026-03-23,2026-03-23 00:01:00,2026-03-24 00:01:00,0.02372506608988223,-0.0002625956508266902,2026-03-01
2026-03-24,2026-03-24,2026-03-24 00:01:00,2026-03-25 00:01:00,0.0017043373742873236,0.007258093069470916,2026-03-01
2026-03-25,2026-03-25,2026-03-25 00:01:00,2026-03-26 00:01:00,0.01247720870498581,0.0025955455454039615,2026-03-01
2026-03-26,2026-03-26,2026-03-26 00:01:00,2026-03-27 00:01:00,-0.0425395003032254,0.0037080563961908266,2026-03-01
2026-03-27,2026-03-27,2026-03-27 00:01:00,2026-03-28 00:01:00,-0.039159277059500286,0.0002924535466043368,2026-03-01
2026-03-28,2026-03-28,2026-03-28 00:01:00,2026-03-29 00:01:00,0.01943911877336779,-0.0015764688588043876,2026-03-01
2026-03-29,2026-03-29,2026-03-29 00:01:00,2026-03-30 00:01:00,-0.016743506461453284,0.003557898885953497,2026-03-01
2026-03-30,2026-03-30,2026-03-30 00:01:00,2026-03-31 00:01:00,0.040001204855567796,-0.00035992768890105687,2026-03-01
2026-03-31,2026-03-31,2026-03-31 00:01:00,2026-04-01 00:01:00,-0.006960736042324389,0.005669286633294292,2026-03-01
2026-04-01,2026-04-01,2026-04-01 00:01:00,2026-04-02 00:01:00,0.036938557262298444,-0.0016984791265733854,2026-04-01
2026-04-02,2026-04-02,2026-04-02 00:01:00,2026-04-03 00:01:00,-0.0358195941289805,0.001355635728637117,2026-04-01
2026-04-03,2026-04-03,2026-04-03 00:01:00,2026-04-04 00:01:00,-0.0031748655665653214,0.00039597570378228165,2026-04-01
2026-04-04,2026-04-04,2026-04-04 00:01:00,2026-04-05 00:01:00,0.0024338495305449293,0.0009685161689310033,2026-04-01
2026-04-05,2026-04-05,2026-04-05 00:01:00,2026-04-06 00:01:00,-0.00044277067398446057,-0.001344522172172741,2026-04-01
2026-04-06,2026-04-06,2026-04-06 00:01:00,2026-04-07 00:01:00,0.052713049996836014,0.0027486996102310908,2026-04-01
2026-04-07,2026-04-07,2026-04-07 00:01:00,2026-04-08 00:01:00,-0.03836087708427738,0.003937151318660293,2026-04-01
2026-04-08,2026-04-08,2026-04-08 00:01:00,2026-04-09 00:01:00,0.0650779454333883,-0.0036105885424755546,2026-04-01
2026-04-09,2026-04-09,2026-04-09 00:01:00,2026-04-10 00:01:00,0.00330022573363431,0.0041798768735984105,2026-04-01
2026-04-10,2026-04-10,2026-04-10 00:01:00,2026-04-11 00:01:00,0.0006569740495250276,-0.003170700755612512,2026-04-01
2026-04-11,2026-04-11,2026-04-11 00:01:00,2026-04-12 00:01:00,0.01091389846971591,-0.0015393798894372936,2026-04-01
2026-04-12,2026-04-12,2026-04-12 00:01:00,2026-04-13 00:01:00,-0.02848703759719573,-0.005896913735864221,2026-04-01
2026-04-13,2026-04-13,2026-04-13 00:01:00,2026-04-14 00:01:00,0.011506410256410415,-0.00020050836763380058,2026-04-01
2026-04-14,2026-04-14,2026-04-14 00:01:00,2026-04-15 00:01:00,0.06968354057932302,-0.0012705082298169756,2026-04-01
2026-04-15,2026-04-15,2026-04-15 00:01:00,2026-04-16 00:01:00,-0.014104533509375683,0.007793320714339211,2026-04-01
2026-04-16,2026-04-16,2026-04-16 00:01:00,2026-04-17 00:01:00,0.004026200348536735,-0.006733757494104907,2026-04-01
2026-04-17,2026-04-17,2026-04-17 00:01:00,2026-04-18 00:01:00,0.043272683744314255,-0.0012589714370649463,2026-04-01
2026-04-18,2026-04-18,2026-04-18 00:01:00,2026-04-19 00:01:00,-0.03407312095855497,0.0010465062374631219,2026-04-01
2026-04-19,2026-04-19,2026-04-19 00:01:00,2026-04-20 00:01:00,-0.013405792490210788,-0.0033747764599503984,2026-04-01
2026-04-20,2026-04-20,2026-04-20 00:01:00,2026-04-21 00:01:00,-0.0070648738599667915,-0.0022871951826525915,2026-04-01
2026-04-21,2026-04-21,2026-04-21 00:01:00,2026-04-22 00:01:00,0.0014204299398916653,-0.0021532267973801045,2026-04-01
2026-04-22,2026-04-22,2026-04-22 00:01:00,2026-04-23 00:01:00,0.03989725138814393,0.0011192762748907434,2026-04-01
2026-04-23,2026-04-23,2026-04-23 00:01:00,2026-04-24 00:01:00,-0.030581777352684303,0.001380044121657194,2026-04-01
2026-04-24,2026-04-24,2026-04-24 00:01:00,2026-04-25 00:01:00,-0.004354055491686437,-0.004660495467506089,2026-04-01
2026-04-25,2026-04-25,2026-04-25 00:01:00,2026-04-26 00:01:00,-0.005781965609799267,-0.0048196830026361066,2026-04-01
2026-04-26,2026-04-26,2026-04-26 00:01:00,2026-04-27 00:01:00,0.01674907587569696,-0.0036439126236018204,2026-04-01
2026-04-27,2026-04-27,2026-04-27 00:01:00,2026-04-28 00:01:00,-0.03211521412984175,-0.0033866183657907376,2026-04-01
2026-04-28,2026-04-28,2026-04-28 00:01:00,2026-04-29 00:01:00,0.003263037839789762,0.0001621122811837719,2026-04-01
2026-04-29,2026-04-29,2026-04-29 00:01:00,2026-04-30 00:01:00,-0.003967870780845373,-0.0003926289354052868,2026-04-01
2026-04-30,2026-04-30,2026-04-30 00:01:00,2026-05-01 00:01:00,-0.0022606488458792873,0.0021860532734352955,2026-04-01
2026-05-01,2026-05-01,2026-05-01 00:01:00,2026-05-02 00:01:00,0.01978243298750515,-0.0015245465027489717,2026-05-01
2026-05-02,2026-05-02,2026-05-02 00:01:00,2026-05-03 00:01:00,-0.0008358886405767096,-0.0034033354453890893,2026-05-01
2026-05-03,2026-05-03,2026-05-03 00:01:00,2026-05-04 00:01:00,0.00917212471662232,-0.004159845779495904,2026-05-01
2026-05-04,2026-05-04,2026-05-04 00:01:00,2026-05-05 00:01:00,0.009909155337929132,-0.0032353868239501805,2026-05-01
2026-05-05,2026-05-05,2026-05-05 00:01:00,2026-05-06 00:01:00,0.012240453892021996,0.0025721797348451183,2026-05-01
2026-05-06,2026-05-06,2026-05-06 00:01:00,2026-05-07 00:01:00,-0.009462184873949564,-0.002003812113685538,2026-05-01
2026-05-07,2026-05-07,2026-05-07 00:01:00,2026-05-08 00:01:00,-0.027631199416325858,-0.0002563803286245996,2026-05-01
2026-05-08,2026-05-08,2026-05-08 00:01:00,2026-05-09 00:01:00,0.0002486542135982095,-0.0020183458219704036,2026-05-01
2026-05-09,2026-05-09,2026-05-09 00:01:00,2026-05-10 00:01:00,0.009743077573912684,-0.0030188483085496313,2026-05-01
2026-05-10,2026-05-10,2026-05-10 00:01:00,2026-05-11 00:01:00,0.01443040708346821,-0.006475137631984956,2026-05-01
2026-05-11,2026-05-11,2026-05-11 00:01:00,2026-05-12 00:01:00,-0.00782573893198657,-0.009272493384646526,2026-05-01
2026-05-12,2026-05-12,2026-05-12 00:01:00,2026-05-13 00:01:00,-0.029331239164392398,-0.0006841019973763288,2026-05-01
2026-05-13,2026-05-13,2026-05-13 00:01:00,2026-05-14 00:01:00,-0.008307065205377717,-0.003220863318142946,2026-05-01
2026-05-14,2026-05-14,2026-05-14 00:01:00,2026-05-15 00:01:00,0.025236944640102843,0.0030254289047880103,2026-05-01
2026-05-15,2026-05-15,2026-05-15 00:01:00,2026-05-16 00:01:00,-0.03426894227633437,-0.00648451652916905,2026-05-01
2026-05-16,2026-05-16,2026-05-16 00:01:00,2026-05-17 00:01:00,-0.019320648013903985,-0.002933499020569698,2026-05-01
2026-05-17,2026-05-17,2026-05-17 00:01:00,2026-05-18 00:01:00,0.003650087464359908,-0.004006278113884,2026-05-01
2026-05-18,2026-05-18,2026-05-18 00:01:00,2026-05-19 00:01:00,-0.03741113825378095,-0.005576073812826772,2026-05-01
2026-05-19,2026-05-19,2026-05-19 00:01:00,2026-05-20 00:01:00,0.002585305579317687,-0.004628079488692258,2026-05-01
2026-05-20,2026-05-20,2026-05-20 00:01:00,2026-05-21 00:01:00,0.013409870878443808,-0.0011800786916051653,2026-05-01
2026-05-21,2026-05-21,2026-05-21 00:01:00,2026-05-22 00:01:00,-0.001702581468990938,-0.005638761511429022,2026-05-01
2026-05-22,2026-05-22,2026-05-22 00:01:00,2026-05-23 00:01:00,-0.007135862511654989,-0.003030515051669776,2026-05-01
2026-05-23,2026-05-23,2026-05-23 00:01:00,2026-05-24 00:01:00,-0.026738270742687753,-0.0025242140875132288,2026-05-01
2026-05-24,2026-05-24,2026-05-24 00:01:00,2026-05-25 00:01:00,0.01602017067494188,-0.002187872705342456,2026-05-01
2026-05-25,2026-05-25,2026-05-25 00:01:00,2026-05-26 00:01:00,0.014641316382239422,0.0009716912850576875,2026-05-01
2026-05-26,2026-05-26,2026-05-26 00:01:00,2026-05-27 00:01:00,-0.018705435252948988,-0.0034283898017225907,2026-05-01
2026-05-27,2026-05-27,2026-05-27 00:01:00,2026-05-28 00:01:00,-0.0067342488077263285,-0.003382568649633882,2026-05-01
2026-05-28,2026-05-28,2026-05-28 00:01:00,2026-05-29 00:01:00,-0.04052502050861373,-0.0037760701124746323,2026-05-01
2026-05-29,2026-05-29,2026-05-29 00:01:00,2026-05-30 00:01:00,0.0213245352860707,-0.003985523051858238,2026-05-01
2026-05-30,2026-05-30,2026-05-30 00:01:00,2026-05-31 00:01:00,-0.002870902930980135,-0.002178670121959145,2026-05-01
2026-05-31,2026-05-31,2026-05-31 00:01:00,2026-06-01 00:01:00,-0.007437441046180382,-0.0017718131692759946,2026-05-01
2026-06-01,2026-06-01,2026-06-01 00:01:00,2026-06-02 00:01:00,-0.0197131100640352,-0.00453048490782876,2026-06-01
2026-06-02,2026-06-02,2026-06-02 00:01:00,2026-06-03 00:01:00,-0.029793778328198517,-0.004552340016515577,2026-06-01
2026-06-03,2026-06-03,2026-06-03 00:01:00,2026-06-04 00:01:00,-0.03875993324649096,-0.0005679560678386952,2026-06-01
2026-06-04,2026-06-04,2026-06-04 00:01:00,2026-06-05 00:01:00,-0.0335361539550022,-0.002255294989812579,2026-06-01
2026-06-05,2026-06-05,2026-06-05 00:01:00,2026-06-06 00:01:00,-0.11417952472125237,-0.0012687356380227822,2026-06-01
2026-06-06,2026-06-06,2026-06-06 00:01:00,2026-06-07 00:01:00,-0.00937674820729284,-0.004049072488794048,2026-06-01
2026-06-07,2026-06-07,2026-06-07 00:01:00,2026-06-08 00:01:00,0.04420229867354597,0.0006528375947695391,2026-06-01
2026-06-08,2026-06-08,2026-06-08 00:01:00,2026-06-09 00:01:00,0.037162681219540694,-0.0004378975128887136,2026-06-01
2026-06-09,2026-06-09,2026-06-09 00:01:00,2026-06-10 00:01:00,-0.02922424213694874,0.00016041392316962406,2026-06-01
2026-06-10,2026-06-10,2026-06-10 00:01:00,2026-06-11 00:01:00,0.010809853996777141,-0.007378407549396657,2026-06-01
2026-06-11,2026-06-11,2026-06-11 00:01:00,2026-06-12 00:01:00,-0.006412927302041571,-0.0068483587348320005,2026-06-01
2026-06-12,2026-06-12,2026-06-12 00:01:00,2026-06-13 00:01:00,0.010112980959152917,-0.0038400769188222652,2026-06-01
2026-06-13,2026-06-13,2026-06-13 00:01:00,2026-06-14 00:01:00,0.010571282452393138,-2.2795417432350663e-05,2026-06-01
2026-06-14,2026-06-14,2026-06-14 00:01:00,2026-06-15 00:01:00,-0.009740298400828684,-0.008061541761551494,2026-06-01
2026-06-15,2026-06-15,2026-06-15 00:01:00,2026-06-16 00:01:00,0.10608684150403436,-0.0031535186552487946,2026-06-01
2026-06-16,2026-06-16,2026-06-16 00:01:00,2026-06-17 00:01:00,-0.030945094607302326,0.012336668325267839,2026-06-01
2026-06-17,2026-06-17,2026-06-17 00:01:00,2026-06-18 00:01:00,-0.005317537778076975,-0.005829213466911094,2026-06-01
2026-06-18,2026-06-18,2026-06-18 00:01:00,2026-06-19 00:01:00,-0.04877911238933064,-0.000433853137090853,2026-06-01
2026-06-19,2026-06-19,2026-06-19 00:01:00,2026-06-20 00:01:00,0.011566279345506247,-0.0020978277714777133,2026-06-01
2026-06-20,2026-06-20,2026-06-20 00:01:00,2026-06-21 00:01:00,0.017452866126319355,9.450567317895924e-05,2026-06-01
2026-06-21,2026-06-21,2026-06-21 00:01:00,2026-06-22 00:01:00,-0.004642616454216042,-8.026378897413078e-05,2026-06-01
2026-06-22,2026-06-22,2026-06-22 00:01:00,2026-06-23 00:01:00,0.008367910279335478,-0.0017462819776948861,2026-06-01
2026-06-23,2026-06-23,2026-06-23 00:01:00,2026-06-24 00:01:00,-0.04728291123621953,0.0005278729609154909,2026-06-01
2026-06-24,2026-06-24,2026-06-24 00:01:00,2026-06-25 00:01:00,-0.02397445936991749,-0.005081602126560952,2026-06-01
2026-06-25,2026-06-25,2026-06-25 00:01:00,2026-06-26 00:01:00,-0.02981546627167808,-0.0034442993871180716,2026-06-01
2026-06-26,2026-06-26,2026-06-26 00:01:00,2026-06-27 00:01:00,0.012277431790278515,0.00015868699721951357,2026-06-01
2026-06-27,2026-06-27,2026-06-27 00:01:00,2026-06-28 00:01:00,0.007905535760295068,-0.0026206300620335715,2026-06-01
2026-06-28,2026-06-28,2026-06-28 00:01:00,2026-06-29 00:01:00,-0.015044860244284086,-0.00660440315069595,2026-06-01
2026-06-29,2026-06-29,2026-06-29 00:01:00,2026-06-30 00:01:00,-0.00018357451226147514,-0.0061345784763562105,2026-06-01
2026-06-30,2026-06-30,2026-06-30 00:01:00,2026-07-01 00:01:00,-0.008414321441007955,-0.00522775625489007,2026-06-01
2026-07-01,2026-07-01,2026-07-01 00:01:00,2026-07-02 00:01:00,0.03297236553098015,0.0024882067781700494,2026-07-01
2026-07-02,2026-07-02,2026-07-02 00:01:00,2026-07-03 00:01:00,0.048887377920633135,-0.001005954033357755,2026-07-01
2026-07-03,2026-07-03,2026-07-03 00:01:00,2026-07-04 00:01:00,0.019653601588788927,0.005686135663895073,2026-07-01
2026-07-04,2026-07-04,2026-07-04 00:01:00,2026-07-05 00:01:00,0.0334693452931385,-0.0010379591598457616,2026-07-01
2026-07-05,2026-07-05,2026-07-05 00:01:00,2026-07-06 00:01:00,-0.008204009730727324,-0.0023372477455591537,2026-07-01
2026-07-06,2026-07-06,2026-07-06 00:01:00,2026-07-07 00:01:00,0.004764643525723367,-0.0016010061096791144,2026-07-01
2026-07-07,2026-07-07,2026-07-07 00:01:00,2026-07-08 00:01:00,0.007458205428944931,-8.624912717282711e-06,2026-07-01
2026-07-08,2026-07-08,2026-07-08 00:01:00,2026-07-09 00:01:00,-0.0394993371285971,0.0008940217775535335,2026-07-01
2026-07-09,2026-07-09,2026-07-09 00:01:00,2026-07-10 00:01:00,0.008815120250998953,-0.004137681847662736,2026-07-01
2026-07-10,2026-07-10,2026-07-10 00:01:00,2026-07-11 00:01:00,0.029036912693804595,-0.00016165275412550795,2026-07-01
2026-07-11,2026-07-11,2026-07-11 00:01:00,2026-07-12 00:01:00,0.01283225885744299,-0.0005658894951003316,2026-07-01
2026-07-12,2026-07-12,2026-07-12 00:01:00,2026-07-13 00:01:00,0.003872056657786338,-0.005519047639890916,2026-07-01
2026-07-13,2026-07-13,2026-07-13 00:01:00,2026-07-14 00:01:00,-0.02455481013840588,-0.00505628239302778,2026-07-01
2026-07-14,2026-07-14,2026-07-14 00:01:00,2026-07-15 00:01:00,0.05512245679652117,-0.0035492973687386306,2026-07-01
2026-07-15,2026-07-15,2026-07-15 00:01:00,2026-07-16 00:01:00,0.0302053192965972,0.003041559602128497,2026-07-01
2026-07-16,2026-07-16,2026-07-16 00:01:00,2026-07-17 00:01:00,-0.02563013017162763,-0.006012948950253167,2026-07-01
2026-07-17,2026-07-17,2026-07-17 00:01:00,2026-07-18 00:01:00,-0.026692549061320014,-0.008412375107844457,2026-07-01
2026-07-18,2026-07-18,2026-07-18 00:01:00,2026-07-19 00:01:00,0.006944937735983148,-0.007158790282211783,2026-07-01
2026-07-19,2026-07-19,2026-07-19 00:01:00,2026-07-20 00:01:00,0.014754560944639117,-0.0053953263984296805,2026-07-01
2026-07-20,2026-07-20,2026-07-20 00:01:00,2026-07-21 00:01:00,0.015636280019893034,-0.007949173876994104,2026-07-01
2026-07-21,2026-07-21,2026-07-21 00:01:00,2026-07-22 00:01:00,0.016469659075950993,-0.007844616636970532,2026-07-01
2026-07-22,2026-07-22,2026-07-22 00:01:00,2026-07-23 00:01:00,0.00528870310225682,-0.006680380866184351,2026-07-01
2026-07-23,2026-07-23,2026-07-23 00:01:00,2026-07-24 00:01:00,-0.024480352855096532,-0.006896212223454438,2026-07-01
2026-07-24,2026-07-24,2026-07-24 00:01:00,2026-07-25 00:01:00,-0.01746750262778418,-0.005199002935775105,2026-07-01
2026-07-25,2026-07-25,2026-07-25 00:01:00,2026-07-26 00:01:00,0.0036824789265439417,-0.0031321338507779768,2026-07-01
2026-07-26,2026-07-26,2026-07-26 00:01:00,2026-07-27 00:01:00,0.025816680146330206,-0.005206139358551716,2026-07-01
2026-07-27,2026-07-27,2026-07-27 00:01:00,2026-07-28 00:01:00,0.005774823648581506,-0.006916506956383618,2026-07-01
2026-07-28,2026-07-28,2026-07-28 00:01:00,2026-07-29 00:01:00,-0.0038987265544290217,0.0014300529033335928,2026-07-01
2026-07-29,2026-07-29,2026-07-29 00:01:00,2026-07-30 00:01:00,-0.014363443056974234,-0.0013958511809305954,2026-07-01
2026-07-30,2026-07-30,2026-07-30 00:01:00,2026-07-31 00:01:00,0.01479483925549907,-0.0049965799117496984,2026-07-01
2026-07-31,2026-07-31,2026-07-31 00:01:00,2026-08-01 00:01:00,-0.029392761491887187,-0.0024294467135747987,2026-07-01
2026-08-01,2026-08-01,2026-08-01 00:01:00,2026-08-02 00:01:00,0.003768581198967169,-0.0015350552005658643,2026-08-01
2026-08-02,2026-08-02,2026-08-02 00:01:00,2026-08-03 00:01:00,-0.006460618572139087,-0.004999433890136115,2026-08-01
2026-08-03,2026-08-03,2026-08-03 00:01:00,2026-08-04 00:01:00,0.0023685074634898218,-0.004098550433856564,2026-08-01
2026-08-04,2026-08-04,2026-08-04 00:01:00,2026-08-05 00:01:00,0.005203774213123902,-0.0029698669572574394,2026-08-01
2026-08-05,2026-08-05,2026-08-05 00:01:00,2026-08-06 00:01:00,0.0007799978630196325,-0.0074025935096997805,2026-08-01
2026-08-06,2026-08-06,2026-08-06 00:01:00,2026-08-07 00:01:00,0.019506101662342568,-0.006467694072640507,2026-08-01
2026-08-07,2026-08-07,2026-08-07 00:01:00,2026-08-08 00:01:00,0.004288407163053787,-0.005732934849549812,2026-08-01
2026-08-08,2026-08-08,2026-08-08 00:01:00,2026-08-09 00:01:00,0.0020907304000541416,-0.002823534225593684,2026-08-01
2026-08-09,2026-08-09,2026-08-09 00:01:00,2026-08-10 00:01:00,0.002039542143600359,-0.009146758706888705,2026-08-01
2026-08-10,2026-08-10,2026-08-10 00:01:00,2026-08-11 00:01:00,-0.02609661875882696,-0.011721534506337908,2026-08-01
2026-08-11,2026-08-11,2026-08-11 00:01:00,2026-08-12 00:01:00,-0.007847904204386746,-0.005287916225899229,2026-08-01
2026-08-12,2026-08-12,2026-08-12 00:01:00,2026-08-13 00:01:00,0.01670123700925341,-0.002880804314513687,2026-08-01
2026-08-13,2026-08-13,2026-08-13 00:01:00,2026-08-14 00:01:00,-0.0062050084037166275,-0.0009088807025524007,2026-08-01
2026-08-14,2026-08-14,2026-08-14 00:01:00,2026-08-15 00:01:00,0.0005318356840471328,-0.007973011113893515,2026-08-01
