timestamp,equity,drawdown,gross_exposure,trading_cost,net_return
2022-01-01,1.0003976306682816,-0.0007033169475895162,0.02582348885066834,1.2911744425334172e-05,0.0003976306682815789
2022-01-02,1.0000356756196644,-0.001064873661049126,0.02587433548080505,2.5423315068355198e-08,-0.0003618111813989966
2022-01-03,0.9999730397055077,-0.0011274406437548068,0.026133533151302315,1.2959883524863229e-07,-6.263367966252709e-05
2022-01-04,0.9995107993196712,-0.0015891723294152449,0.026133533151302315,3.901348498114472e-08,-0.0004622528483102517
2022-01-05,0.9997228120368123,-0.0013773929343935398,0.029133718152749177,1.539105985704576e-06,0.00021211648466934463
2022-01-06,1.0030972806194731,-0.0007814739147289362,0.029133718152749177,4.298291402217956e-08,0.003375404204072785
2022-01-07,1.005397275769737,-0.0005513201157076875,0.02911378629452229,3.3016984908736464e-08,0.0022928934159258674
2022-01-08,1.0051052499237443,-0.0008416181434659498,0.02911378629452229,1.3147446920820858e-06,-0.0002904581631866243
2022-01-09,1.005596175180987,-0.0008233470813714394,0.02648429691035812,6.327722877489325e-07,0.0004884316913866815
2022-01-10,1.0063438765828678,-0.0006398427729245038,0.025453688536662876,1.1746810090131066e-07,0.0007435404194400252
2022-01-11,1.0052409212697584,-0.0017351439127955004,0.025739018630501057,1.426650469190903e-07,-0.0010960024090885812
2022-01-12,1.003413590757887,-0.003549793308636806,0.025739018630501057,8.200227475763794e-09,-0.0018178035466007714
2022-01-13,1.0038477171790592,-0.003118679592327145,0.02572261817554953,3.2026894788027977e-07,0.00043264953272625917
2022-01-14,1.0040047337971303,-0.0029627526216622346,0.02508208027978897,3.9330376111436363e-07,0.00015641477824535066
2022-01-15,1.0033846162812488,-0.0035785667112504527,0.024295472757560242,1.9036264259298524e-08,-0.000617644016015273
2022-01-16,1.0034460853391083,-0.003517524229891489,0.02445447962364386,9.85396973011074e-08,6.126171048137508e-05
2022-01-17,1.0044045140573754,-0.002565746714405681,0.027705973487211502,1.625746931783821e-06,0.0009551372338447717
2022-01-18,1.005485389906198,-0.0014923718140782416,0.02884500565854571,5.695160856671044e-07,0.0010761359927173864
2022-01-19,1.00540703995329,-0.0015701780422263667,0.028979467954119487,6.723114778688783e-08,-7.792251751526091e-05
2022-01-20,1.0041513448040216,-0.0028171590504113553,0.028979467954119487,1.710473757631191e-07,-0.0012489420696004672
2022-01-21,1.0081914385533275,-0.0010025802021241814,0.028841452555860504,1.0203967663362756e-07,0.004023391264883713
2022-01-22,1.0130281029223291,-0.0009486424231093249,0.028940748621394046,4.9648032766771294e-08,0.004797367031744049
2022-01-23,1.0124893404383164,-0.0014799716029334498,0.028940748621394046,2.404181541322447e-06,-0.0005318336998343387
2022-01-24,1.0137896216118973,-0.0010392718670553247,0.024132385538749152,1.9926000366954165e-06,0.001284241840041389
2022-01-25,1.0124636106479694,-0.002345887016588666,0.020340626509123595,9.67205218826376e-08,-0.0013079744906270285
2022-01-26,1.0109243924859386,-0.003862590742015448,0.020340626509123595,1.3680344191610398e-07,-0.0015202701073387948
2022-01-27,1.0118409964489552,-0.002959394119378067,0.020067019625291387,3.6586998246269235e-07,0.0009066988291419609
2022-01-28,1.0120874728540343,-0.0027165229715220285,0.019335279660366002,3.8968568223207887e-07,0.00024359203268642382
2022-01-29,1.0113081362604521,-0.0034844600606270815,0.018555908295901844,4.500543569341611e-09,-0.0007700288902765529
2022-01-30,1.0107586757234444,-0.004025883533928076,0.01856156570796086,7.329249598848897e-09,-0.0005433166384283261
2022-01-31,1.010720693431836,-0.004063310251337993,0.01856156570796086,1.3643244343246319e-07,-3.7578002064053706e-05
2022-02-01,1.0096963123234846,-0.005072707542520982,0.018288700821095932,2.7409771329698838e-08,-0.0010135155191832723
2022-02-02,1.0074380020950482,-0.0072979850380253675,0.05465948357750244,3.644668242796949e-05,-0.002236623231041235
2022-02-03,1.0069866081344274,-0.007742776373390936,0.05465948357750244,4.981763455199039e-07,-0.00044806127988694655
2022-02-04,1.0116226695275723,-0.00317452753138614,0.053663130886462636,7.365542414391677e-08,0.00460389577745679
2022-02-05,1.0149220500901512,-0.00013926556027288317,0.0537401797911569,1.1217987649105032e-07,0.003261473533526571
2022-02-06,1.0139262176889134,-0.001120319933849645,0.0537401797911569,1.1279937107940945e-06,-0.0009811910196920737
2022-02-07,1.0162592233918273,-8.310352938989407e-05,0.05343233227894473,9.740699546880067e-07,0.002300962005137519
2022-02-08,1.0154881706924184,-0.002552971201717824,0.05500442844514862,7.860480831019465e-07,-0.0007587165574146626
2022-02-09,1.0173437539465757,-0.0007303542013789022,0.05500442844514862,2.467849445066256e-07,0.0018272819986662192
2022-02-10,1.0179260089788809,-0.0011184482218490333,0.05456683129546609,2.79863696653615e-08,0.0005723287040797498
2022-02-11,1.016096294010165,-0.0029139309103167754,0.05456683129546609,9.289080908608805e-09,-0.001797493091420077
2022-02-12,1.012046111628833,-0.00688833811316214,0.05497769423387384,2.1472055011248147e-07,-0.003986022196133199
2022-02-13,1.0127994798989586,-0.006149064668839577,0.05612313783631395,5.727218012200573e-07,0.0007444011309956089
2022-02-14,1.013177715671639,-0.005777905338769873,0.05612313783631395,6.783444796234217e-07,0.0003734557335239863
2022-02-15,1.01661415049565,-0.0024057630422625875,0.05476644887706711,3.8264591000682084e-08,0.0033917394459566097
2022-02-16,1.0156168391850482,-0.003384415577665667,0.054897549456206333,1.0381488057029445e-07,-0.0009810126193063873
2022-02-17,1.0142681398129245,-0.004707882027904509,0.054897549456206333,5.684301631453739e-07,-0.0013279608215227556
2022-02-18,1.0107766144414525,-0.008134084178517909,0.053974101411621275,1.0670614085284483e-07,-0.0034424086042148527
2022-02-19,1.0109983145682249,-0.007916531856731801,0.053974101411621275,3.60159182142246e-05,0.00021933642270943743
2022-02-20,1.011604832918088,-0.007321360906044627,0.018057735016827923,1.6803980801596147e-07,0.000599920238367746
2022-02-21,1.0110980586739313,-0.007818653871288883,0.017897545844722928,8.794522196346397e-08,-0.0005009606791724908
2022-02-22,1.011796896140076,-0.007132891009876574,0.019699374356452765,9.009142558649188e-07,0.0006911668558280404
2022-02-23,1.011175812235637,-0.00774235500704179,0.024269527860687395,2.2850767521173152e-06,-0.0006138424685869781
2022-02-24,1.0133294672445285,-0.005628992897909191,0.024269527860687395,1.5304135259263177e-07,0.0021298521808248427
2022-02-25,1.010560932326118,-0.008345731080312113,0.025005846876834437,5.212008606661524e-07,-0.0027321172510073044
2022-02-26,1.0100680403386928,-0.008829401513050339,0.025005846876834437,5.977392529780707e-07,-0.00048774098786341646
2022-02-27,1.0098533117658333,-0.009040112712270232,0.023810368370878295,5.642835134063457e-07,-0.00021258822602310268
2022-02-28,1.0097576102679313,-0.009134023723373685,0.023143253915289652,2.3072628561202416e-07,-9.476772199024097e-05
2022-03-01,1.0086376021804877,-0.010233077492038167,0.023208806039409,3.277606205967336e-08,-0.0011091850916047363
2022-03-02,1.0087616990044068,-0.010111302405289568,0.07040195935969476,4.680538269955188e-05,0.00012303410427483286
2022-03-03,1.0057917578135815,-0.013025678734426949,0.07040195935969476,3.5669519118719516e-07,-0.00294414547435351
2022-03-04,1.0018802731902974,-0.016863983086412127,0.06968856897732037,2.377987277785154e-10,-0.0038889607047359886
2022-03-05,1.0011350755188588,-0.017595238796416668,0.07009044975468892,2.011781874120544e-07,-0.000743799125882072
2022-03-06,1.0007472524833605,-0.017975806020455343,0.07009044975468892,5.05599189049688e-07,-0.00038738332616872206
2022-03-07,1.0005463088721156,-0.018172990161984037,0.06907925137658955,1.0681428695286099e-08,-0.00020079356774971302
2022-03-08,0.9989778161920196,-0.01971213779003078,0.0735988509766178,2.27048122870941e-06,-0.0015676362664940324
2022-03-09,1.0047678200588583,-0.014030459557728858,0.07651384238885511,1.4574957061186597e-06,0.005795928370972536
2022-03-10,1.0002433139326579,-0.018470316345455928,0.07651384238885511,3.703118164360281e-08,-0.004503036458645027
2022-03-11,0.9998228421247771,-0.018882921513444728,0.07643978002556791,1.4552133927408785e-06,-0.00042036952612012346
2022-03-12,0.9999433438559757,-0.01876467425854622,0.07352935324008615,9.480168392704686e-07,0.00012052308281562674
2022-03-13,0.9997949074062975,-0.018910333599094664,0.07260508675496327,4.858835967090289e-07,-0.00014844485999343515
2022-03-14,0.9996930527127056,-0.019010282685269386,0.07273811695635177,6.651510069424771e-08,-0.00010187558752039472
2022-03-15,0.9996897142085089,-0.019013558729130353,0.07321567048564526,2.387767646467448e-07,-3.3395292592386383e-06
2022-03-16,1.0035587038833975,-0.015216954284232531,0.0765563462384844,1.6703378764195698e-06,0.00387019054001958
2022-03-17,1.0063823613181322,-0.01244612487696839,0.07675775539315673,1.0070457733616506e-07,0.0028136445071007543
2022-03-18,1.0088858433912522,-0.009989480645473114,0.07675775539315673,1.0016773198924107e-06,0.002487605277427418
2022-03-19,1.0107729165345518,-0.008137712900989635,0.07668487192936944,9.652355879987695e-07,0.0018704525944701622
2022-03-20,1.0078866810696874,-0.01096994956113051,0.07668487192936944,3.831523526569708e-07,-0.002855473685190013
2022-03-21,1.0105273756840432,-0.00837865990854969,0.0759185672240555,1.3294645101434576e-08,0.0026200312633883893
2022-03-22,1.0118445549774282,-0.007086123825434609,0.07802242047663616,1.0652212713917614e-06,0.0013034573086063705
2022-03-23,1.0126219173585078,-0.006323305177853622,0.07802242047663616,2.3256696255112563e-07,0.0007682626518648039
2022-03-24,1.0148256456963356,-0.0041608065656066895,0.07857598583094719,5.093496397066411e-07,0.0021762597669006123
2022-03-25,1.0150256515973664,-0.00396454259059853,0.07898488616350254,2.0445016627767405e-07,0.00019708400342355326
2022-03-26,1.0149030032842974,-0.0040848962667996425,0.08005422779832957,5.346708174135199e-07,-0.0001208327226805972
2022-03-27,1.0163181751558297,-0.0026962009563349376,0.08037030199699154,1.580370993309807e-07,0.001394391254091465
2022-03-28,1.0216685202466433,-0.0010462199225317326,0.09024021641449648,4.93495720875247e-06,0.00526443905226226
2022-03-29,1.0231658123947804,-0.0023161369419153477,0.10614325013707013,7.951516861286825e-06,0.0014655361484292584
2022-03-30,1.0225528574671674,-0.002913826224193228,0.10614325013707013,2.3887041817094586e-06,-0.00059907682624738
2022-03-31,1.0216445678474626,-0.0037994948866768574,0.10136584177365121,4.217633408540311e-08,-0.0008882568886958708
2022-04-01,1.0242109758871205,-0.0012970032512337193,0.1012814891054804,1.2514678399870583e-07,0.0025120361037713757
2022-04-02,1.0250815602158292,-0.002018785599347428,0.10377575875188899,1.3722816072029991e-06,0.0008500048810269334
2022-04-03,1.0263196467375921,-0.0008134306905518418,0.10377575875188899,3.444035023260836e-07,0.0012077931842848777
2022-04-04,1.023998697762203,-0.004685628480560755,0.10778359194446721,2.3483200986151936e-06,-0.0022614289639367735
2022-04-05,1.025000846089518,-0.0037115524053172866,0.11783979081575632,5.0280994356445564e-06,0.0009786617204752268
2022-04-06,1.0181988623747857,-0.010322998455892574,0.11783979081575632,7.001494681094858e-07,-0.006636076195136509
2022-04-07,1.0161378661196416,-0.012326261933547022,0.1170443063957982,3.0240725813042436e-07,-0.0020241588665078636
2022-04-08,1.0151060362651438,-0.01332918809486805,0.1170443063957982,7.635645251038634e-05,-0.001015442774944697
2022-04-09,1.0159042630835526,-0.012553321264343054,0.035839262798196075,8.533208661079539e-08,0.0007863482137775435
2022-04-10,1.0153269607129507,-0.01311445219881402,0.039285743563397396,1.7232403826006603e-06,-0.000568264541828789
2022-04-11,1.0188156783031752,-0.00972346082029818,0.043055501572039606,1.8848790043211051e-06,0.0034360533357402634
2022-04-12,1.0181883029168974,-0.010333262121476006,0.04323185258179662,8.817550487850642e-08,-0.0006157889004216877
2022-04-13,1.017569090387908,-0.010935129223919482,0.04323185258179662,3.51234322268109e-06,-0.000608151289122838
2022-04-14,1.0184838821461564,-0.010045962679155473,0.03620716613643444,3.497379401109363e-09,0.000898997195263318
2022-04-15,1.0183118987195134,-0.010213128493501644,0.03620017137763222,1.644833050222852e-08,-0.00016886219768841304
2022-04-16,1.0184441701470062,-0.010084562262887675,0.03616727471662776,3.216325553985176e-07,0.00012989284290831904
2022-04-17,1.0177687224576795,-0.01074108926225359,0.03699578334837924,7.358868712742558e-07,-0.0006632152346898179
2022-04-18,1.0197826618073478,-0.00878356452860507,0.03781431834300726,4.0926749731401077e-07,0.0019787789752474527
2022-04-19,1.017202603620636,-0.011291349937124107,0.03839957763603784,2.9262964651528834e-07,-0.0025300078961317807
2022-04-20,1.0176899346076447,-0.010817670101284094,0.03839957763603784,9.281202497640195e-07,0.0004790894019275349
2022-04-21,1.0172599919457566,-0.01123556917795454,0.0365433371365098,9.01199530572834e-07,-0.0004224692092017479
2022-04-22,1.019070637290589,-0.009475643762643982,0.03524616131532615,2.526116199810108e-07,0.0017799238731188716
2022-04-23,1.0188789934582563,-0.009661919253961315,0.03531886125704474,3.634997085929376e-08,-0.00018805745678485142
2022-04-24,1.019118533575312,-0.0094290891521438,0.03531886125704474,7.923176458076303e-07,0.0002351016348294266
2022-04-25,1.0200083747438842,-0.008564174279317216,0.03419166653887988,2.2872028672520084e-07,0.0008731478618630995
2022-04-26,1.020093639249976,-0.008481298208791732,0.03419166653887988,4.129172397185355e-09,8.359196669793789e-05
2022-04-27,1.0199843880536505,-0.008587489052633734,0.03418340819408551,1.6912902723601257e-07,-0.00010709918395890305
2022-04-28,1.0196618676348599,-0.00890097500591891,0.034089722422458814,1.2228614142266449e-07,-0.0003162013287330012
2022-04-29,1.020080516279937,-0.008494053577236538,0.03664149890083073,1.2758882391859586e-06,0.00041057595499482957
2022-04-30,1.020610150783699,-0.007979255233841132,0.03676673738249052,6.261924082989409e-08,0.000519208528459103
2022-05-01,1.0207136490236037,-0.00787865619418493,0.03676673738249052,1.5071054198095847e-08,0.00010140820157755748
2022-05-02,1.0197536760358323,-0.008811738348573739,0.11006189686386389,3.666265079488478e-05,-0.0009404919672589829
2022-05-03,1.0199359860674773,-0.008634535198838389,0.11218962756467599,1.0638653504060485e-06,0.000178778499089427
2022-05-04,1.0190582551116867,-0.00948767909104753,0.11220278850941942,6.580472371717217e-09,-0.0008605745534783216
2022-05-05,1.0231672285840558,-0.005493806483417574,0.1129328911989575,3.650513447690379e-07,0.00403212814552556
2022-05-06,1.025314140735405,-0.003407033791911984,0.11298989608798923,2.8502444515868253e-08,0.0020983003475556483
2022-05-07,1.02508772684744,-0.0036271053575257506,0.11298989608798923,7.722521727157178e-07,-0.00022082392017386265
2022-05-08,1.0331316420415115,-0.00010198318513732207,0.11761425257275918,3.0844304151006893e-06,0.007847050533722477
2022-05-09,1.0396836884007918,-0.0016033758693337896,0.11786085638405289,1.233019056468554e-07,0.0063419278750707075
2022-05-10,1.040205546423852,-0.007997719296714778,0.11786085638405289,3.222833135314976e-06,0.0005019392233243103
2022-05-11,1.0440671846660146,-0.007109968779104303,0.11141519011342293,2.114680726671023e-06,0.0037123799766680676
2022-05-12,1.058498331839732,-0.011672627945170988,0.1084363694545504,6.252703972347562e-07,0.013822048413806298
2022-05-13,1.0503701247631636,-0.019261992328523325,0.1180220858346546,4.792858190052096e-06,-0.007678998475547094
2022-05-14,1.0562313600826791,-0.013789315493725196,0.1180220858346546,1.434008731837036e-05,0.005580161869931377
2022-05-15,1.051785119879063,-0.017940801390095795,0.08934191119791388,2.5963397992987414e-06,-0.004209532467645549
2022-05-16,1.0536940525817393,-0.016158417436607286,0.0841492315993164,1.1435474409918767e-06,0.0018149455307936435
2022-05-17,1.0517241452608692,-0.017997733821965456,0.08186213671733264,1.5686811607355591e-06,-0.001869524949903334
2022-05-18,1.0560013345483548,-0.014004091960542309,0.07872477439586152,1.0191670352967254e-08,0.0040668356876256695
2022-05-19,1.053075538590706,-0.016735928320610882,0.07870439105515559,1.4998104198771928e-07,-0.0027706366099379265
2022-05-20,1.0556288782762553,-0.014351857013671476,0.07842515666459618,1.0363846708015546e-08,0.0024246500768279056
2022-05-21,1.0546802234119832,-0.015237622763876857,0.08193067241340028,1.7527578744020514e-06,-0.0008986632364790248
2022-05-22,1.0535889490059638,-0.016256553387997252,0.08193067241340028,1.33516690676308e-07,-0.001034696945860003
2022-05-23,1.0509889853731436,-0.018684157803959933,0.08173075888166842,3.3559924810376564e-08,-0.0024677210550417827
2022-05-24,1.0524171379755982,-0.017350681627361753,0.08173075888166842,2.7135458498049996e-05,0.001358865432772971
2022-05-25,1.0523211498601004,-0.017440306409078232,0.08102616391860902,2.6783161016520295e-05,-9.120729037648267e-05
2022-05-26,1.0566928426015945,-0.013358426004862145,0.08102616391860902,6.32868188162869e-07,0.00415433324900194
2022-05-27,1.0610088475280686,-0.009328541707034343,0.07976042754228328,1.2519803165279842e-08,0.004084446068398417
2022-05-28,1.0595096349583344,-0.010728367077209144,0.07973538793595272,6.37438403514004e-07,-0.0014130066617509263
2022-05-29,1.0593568592066802,-0.010871014876080665,0.07846051112892471,4.5538908403298247e-07,-0.00014419477333116326
2022-05-30,1.054241715961873,-0.015647060268648816,0.07754973296085875,1.9033305063008431e-07,-0.00482853648451953
2022-05-31,1.0510747753371361,-0.0186040551083666,0.07716906685959858,1.0602237139749338e-07,-0.0030039985866479046
2022-06-01,1.0551924014838443,-0.014759398479000763,0.0769570221168036,2.0614126058792483e-06,0.003917538735892956
2022-06-02,1.0577372771110238,-0.012383230123170441,0.0728341969050451,7.760896835108597e-07,0.002411764549863582
2022-06-03,1.0598978967630601,-0.010365844286580939,0.07128201753802338,4.0457666192578875e-07,0.0020426808232913984
2022-06-04,1.0592240187955115,-0.010995048906672689,0.0704728642141718,8.752544739108054e-08,-0.0006357951738643619
2022-06-05,1.0578262437960422,-0.012300161300707768,0.07047921730730125,9.070199395580513e-08,-0.001319621699156004
2022-06-06,1.054758015721473,-0.015164987534805996,0.07047921730730125,3.2201466763533135e-08,-0.002900502887468459
2022-06-07,1.0589067859654184,-0.011291251441777783,0.07041481437377418,2.9147996116867664e-07,0.003933385840265036
2022-06-08,1.0574424702169487,-0.012658493403348237,0.06983185445143683,7.360295838457626e-07,-0.0013828561379346516
2022-06-09,1.0580292834777703,-0.012110581715148672,0.06891647879468135,2.7834175546802287e-07,0.0005549363462840073
2022-06-10,1.060990912990217,-0.009345287311756323,0.0695739206381499,3.287209217342768e-07,0.002799194274386574
2022-06-11,1.0704224278753331,-0.0006634379862058282,0.06957421818695864,1.487744043654482e-10,0.008889345582167696
2022-06-12,1.0697881604129018,-0.00459362749574066,0.06960740673562271,1.6594274332037972e-08,-0.0005925393993213568
2022-06-13,1.0857624514625357,-0.003282659222637041,0.07118375659267565,7.881749285264667e-07,0.014932200262405493
2022-06-14,1.0837549357366951,-0.011114315751748927,0.07427316461736924,1.5447040123467981e-06,-0.0018489456170993623
2022-06-15,1.0901865839150255,-0.005545083675902895,0.07427316461736924,8.84701504126597e-06,0.005934596435266615
2022-06-16,1.0899938351088416,-0.005720906787976876,0.05756799524092841,4.944303530455552e-07,-0.00017680350229209996
2022-06-17,1.0914643590298827,-0.004379512787694884,0.05756799524092841,1.2678502160255213e-06,0.0013491121451105759
2022-06-18,1.0968206324448688,-0.0007659088721703178,0.055496515144180955,2.321101676517924e-07,0.0049074194412999095
2022-06-19,1.0915486040613398,-0.01105393944388422,0.05578676094471294,1.4512290026599122e-07,-0.004806645888649763
2022-06-20,1.0879315814847306,-0.014330971923034563,0.05578676094471294,2.438676072636058e-07,-0.003313661492627906
2022-06-21,1.0860873048683093,-0.01600189164900867,0.055299025730185726,1.3447418360064272e-06,-0.00169521378716464
2022-06-22,1.0906521423518791,-0.011866136237239977,0.05260954205817287,5.796492364206173e-07,0.0042030115471438645
2022-06-23,1.0895855363694071,-0.012832484213506579,0.05145024358533164,1.5759179128296137e-07,-0.0009779524937952866
2022-06-24,1.0844771295608364,-0.01746071494025314,0.051135060002765714,1.764446761314889e-07,-0.004688394474831159
2022-06-25,1.0843082783045253,-0.017613694646450018,0.050782170650502736,3.38364533214768e-05,-0.00015569831000494805
2022-06-26,1.0848895325707377,-0.01708707667028886,0.01689073599245086,3.936342587705609e-07,0.0005360599728347903
2022-06-27,1.0843847027140883,-0.017544453919572156,0.016195454960540923,4.599374281559141e-08,-0.00046532835048496146
2022-06-28,1.0843536256033715,-0.017572609868013234,0.016195454960540923,1.847703821464611e-08,-2.8658750573118397e-05
2022-06-29,1.0833042624110214,-0.018523335828640075,0.016197970188045453,1.973465196691143e-08,-0.000967731529248228
2022-06-30,1.0819778162885902,-0.01972509969186842,0.016204829044033857,3.429427994201817e-09,-0.0012244446629243733
2022-07-01,1.0805119392299185,-0.021053188369769882,0.04942700414690139,3.281591659546762e-05,-0.001354812489320456
2022-07-02,1.0806531690043455,-0.02092523380271427,0.0494469789970773,9.987425087953916e-09,0.00013070635251399843
2022-07-03,1.080731367044914,-0.02085438616122992,0.0494469789970773,8.578382622592695e-08,7.236182969250216e-05
2022-07-04,1.0776564218819638,-0.023640295001212897,0.049286460317117864,5.52448624620977e-09,-0.0028452446710764967
2022-07-05,1.0785008812161454,-0.02287521250398694,0.049286460317117864,1.0056977325700879e-08,0.0007836072026672358
2022-07-06,1.0765524223487906,-0.024640521638052748,0.04926634636246646,4.670157861402513e-07,-0.001806636323892885
2022-07-07,1.072654155142495,-0.02817236253118105,0.048562475185363566,1.15080197588803e-07,-0.0036210658444227883
2022-07-08,1.0719131800863244,-0.02884368798571768,0.048659836816099165,4.868081536779992e-08,-0.0006907865434718774
2022-07-09,1.072738214490921,-0.028096204528532898,0.048659836816099165,5.645477827706212e-07,0.0007696839818056578
2022-07-10,1.0749279415072088,-0.026112305782848177,0.04758965107960847,2.945491452527316e-08,0.002041250126742833
2022-07-11,1.0757883362987457,-0.02533278571709252,0.04759006477740958,2.06848900556611e-10,0.000800420901078347
2022-07-12,1.0788602476475486,-0.022549625521135264,0.04759006477740958,1.2551961438921066e-08,0.002855497912692684
2022-07-13,1.0795563073997507,-0.021918993456478963,0.05033088264513959,1.3829608953039237e-06,0.0006451806466316601
2022-07-14,1.0755328929631287,-0.025564218087134383,0.05033088264513959,2.3738245141503508e-07,-0.003726914852931751
2022-07-15,1.0708574316553392,-0.029800198990245108,0.062493314524816636,6.318598391253559e-06,-0.004347111407172921
2022-07-16,1.06808565877047,-0.03231143290603111,0.062493314524816636,1.0886720357748576e-06,-0.002588367791016455
2022-07-17,1.0639390364728845,-0.03606828420019559,0.06324832244057264,1.4661759936528615e-06,-0.0038822937687942316
2022-07-18,1.0666648168593846,-0.033598719615402284,0.06324832244057264,4.206837462591288e-05,0.002561970463587304
2022-07-19,1.066993645457757,-0.033300799993913444,0.02088842681125312,1.1541127915932862e-07,0.00030827734558913633
2022-07-20,1.0678283210053223,-0.032544581634478154,0.02065760425293446,7.299497554101587e-08,0.0007822685272016461
2022-07-21,1.066622354415522,-0.03363719070722837,0.021108933718730252,2.9865970843891146e-07,-0.0011293637432869819
2022-07-22,1.0676038721030008,-0.03274793296205181,0.021313018109601754,1.0204219543575102e-07,0.0009202110600941005
2022-07-23,1.0669026792962772,-0.03338321558833102,0.021313018109601754,2.7436377676199297e-07,-0.0006567911798055492
2022-07-24,1.0682511311792817,-0.032161514445033346,0.02192814297914437,5.819262115333013e-07,0.0012638939888049983
2022-07-25,1.0670130031339538,-0.03328326188562858,0.02192814297914437,1.5328404660153693e-07,-0.0011590233880315326
2022-07-26,1.0644634009592364,-0.035593208522260666,0.022331901354294113,3.551632341764078e-07,-0.0023894761987218738
2022-07-27,1.0664349330456242,-0.0338069949878026,0.022331901354294113,3.0060134119283025e-07,0.0018521370341226806
2022-07-28,1.0696805305257273,-0.030866474675508404,0.021730698671908452,8.611889569111221e-07,0.0030434088189854602
2022-07-29,1.0696359671940219,-0.030906849177542828,0.020008320758086208,2.854085078796802e-07,-4.166041209174853e-05
2022-07-30,1.0698197502462685,-0.030740341222844303,0.019437503742326848,9.199587660834366e-07,0.00017181831752366428
2022-07-31,1.0695590830686044,-0.030976506408258886,0.01804778788343929,2.251008366396575e-07,-0.00024365523033342829
2022-08-01,1.0691100506622468,-0.03138333101293256,0.018870263560003736,4.1123783828222324e-07,-0.00041982945446050746
2022-08-02,1.068607509587981,-0.0318386346190328,0.018870263560003736,4.567151252210175e-08,-0.0004700555138911211
2022-08-03,1.0689521364581875,-0.03152640171947663,0.018778920534959533,5.60191910636311e-08,0.00032250088747853844
2022-08-04,1.0684734399266855,-0.03196010210374667,0.01866688215283227,6.943859780893583e-08,-0.0004478184898786264
2022-08-05,1.0691629049610762,-0.03133544487170503,0.018708284301349853,9.013967206772735e-08,0.0006452804614804908
2022-08-06,1.0697061632310283,-0.030843251373463443,0.018708284301349853,2.66496687687523e-08,0.0005081155242447899
2022-08-07,1.0695219832965017,-0.031010118904607586,0.018666096597328895,5.555816758272964e-09,-0.0001721780624059921
2022-08-08,1.0704231466455194,-0.03019366241278243,0.019029440702941422,1.8167205280626363e-07,0.0008425851577631427
2022-08-09,1.069379756218308,-0.031138977031639925,0.019029440702941422,2.191102058370087e-08,-0.0009747457633715317
2022-08-10,1.0711587511074088,-0.029527202731549518,0.01898561866177402,1.1435827801305546e-08,0.0016635763663521708
2022-08-11,1.0717586859764934,-0.028983660077412043,0.01896274700617141,5.3058113739771e-08,0.0005600802574456942
2022-08-12,1.0718406510783982,-0.028909399467916264,0.018856630778691867,2.0964022661578222e-07,7.647719862347024e-05
2022-08-13,1.0728037602371725,-0.028036819900766008,0.019033048673255348,2.9784917389752246e-07,0.0008985562898782273
2022-08-14,1.0727750309280937,-0.028062848734416,0.019129180055915462,4.806569133005735e-08,-2.6779649867969546e-05
2022-08-15,1.0720771269422777,-0.028695151679837827,0.019368582448791898,1.1970119643821797e-07,-0.0006505594982054719
2022-08-16,1.0717673401975873,-0.028975819329115415,0.019624811129172505,1.2811434019030336e-07,-0.0002889593825885495
2022-08-17,1.0711531275165302,-0.0295322977204715,0.019624811129172505,9.699384005975969e-08,-0.0005730839688986578
2022-08-18,1.0716337690320425,-0.029096835175297486,0.019589283723090413,7.923013701871367e-08,0.00044871410367908204
2022-08-19,1.069471205043524,-0.031056124142539665,0.020896964600887753,6.538404388986701e-07,-0.002018006571847031
2022-08-20,1.0686455006388562,-0.031804214621645954,0.020896964600887753,1.518783817730518e-08,-0.000772067916159136
2022-08-21,1.0691193069413725,-0.031374944798390536,0.0590172185859054,3.994190375521927e-05,0.0004433708860733798
2022-08-22,1.0702884227223928,-0.03031572266052862,0.05961824088675177,3.0051115042318764e-07,0.001093531632468725
2022-08-23,1.0681967038760105,-0.03221082573264478,0.06015715888862677,2.694590009374998e-07,-0.0019543506236032737
2022-08-24,1.0664679013807499,-0.0337771255848055,0.060416962695984455,1.299019036788418e-07,-0.0016184308461016927
2022-08-25,1.0657387524155317,-0.034437736568162625,0.06122661295074386,4.048251273797016e-07,-0.0006837045580770917
2022-08-26,1.0699882792142745,-0.030587653510745105,0.06229248602863639,5.329365389462673e-07,0.0039874000913575625
2022-08-27,1.0758287787968521,-0.025296144701719925,0.06838529013700254,3.0464020541830716e-06,0.005458470616957145
2022-08-28,1.0748975751135459,-0.026139817819668676,0.06915071824758,3.827140552887312e-07,-0.000865568668227179
2022-08-29,1.0728330269483977,-0.028010304179281964,0.08063366578938568,5.741473770902838e-06,-0.0019206929227075786
2022-08-30,1.072612314216504,-0.02821027052609293,0.08063366578938568,1.2505011897143843e-07,-0.00020572887518632843
2022-08-31,1.0704593813618528,-0.030160833659358177,0.0803835655514428,2.5933224850249735e-07,-0.0020071864047389587
2022-09-01,1.071661508873975,-0.02907170280162452,0.07992280248704364,2.8950716302919567e-08,0.001123001519771183
2022-09-02,1.0662117404366143,-0.034009208110154066,0.07992280248704364,1.2552934176678076e-07,-0.005085344945430892
2022-09-03,1.0708585406765438,-0.029799194213959934,0.08002707072385745,1.776634601736854e-07,0.004358233982704185
2022-09-04,1.0701901587777747,-0.03040475006669563,0.08002707072385745,1.5550435353106281e-06,-0.000624155173981511
2022-09-05,1.0681449959544127,-0.03225767325292317,0.0769169836532362,8.746835261843056e-07,-0.0019110274997259369
2022-09-06,1.0646337790456506,-0.035438845503758865,0.07602048771965386,4.264355593931388e-07,-0.00328720999683052
2022-09-07,1.0625235954027028,-0.03735067773273937,0.07602048771965386,5.069037077556151e-05,-0.0019820746668791633
2022-09-08,1.0639873530357926,-0.03602450926028922,0.025360253831469157,2.2491056479299193e-07,0.0013776236494176253
2022-09-09,1.0653809165790804,-0.034761936827745865,0.024910432701883173,3.9935564606055283e-07,0.0013097557403392024
2022-09-10,1.0653400310261418,-0.034798979252024353,0.024111721409762067,8.845642310820017e-08,-3.837646451732013e-05
2022-09-11,1.0661600010526715,-0.034056084135404285,0.024986341613893594,5.257665251739638e-07,0.0007696791659417279
2022-09-12,1.0652160384838538,-0.03491131683898829,0.02522050272703303,1.1708055656971771e-07,-0.000885385465488997
2022-09-13,1.0634619784621622,-0.036500500080097864,0.02522050272703303,1.2683016119462155e-07,-0.0016466706830605693
2022-09-14,1.0634990219951055,-0.03646693853658345,0.02532989288206778,1.8152523871199644e-07,3.483296412110093e-05
2022-09-15,1.0618680153104776,-0.0379446351132654,0.02532989288206778,4.450962988764469e-07,-0.0015336231166123149
2022-09-16,1.0611472739264665,-0.03859762880474704,0.024601324178455862,8.081194707048809e-08,-0.0006787485578355623
2022-09-17,1.0612653219487909,-0.038490676969345605,0.0716556064009638,4.8128465289709835e-05,0.00011124565385256524
2022-09-18,1.0626368032063829,-0.03724811114884463,0.0717021205223328,2.3257060684497843e-08,0.001292307615472943
2022-09-19,1.066704422735178,-0.03356283658216397,0.0722863808052461,2.921301414566535e-07,0.0038278549326711264
2022-09-20,1.0644511214372905,-0.03560433380317696,0.0780823247423041,2.897971968528999e-06,-0.002112395195762784
2022-09-21,1.0664243204670274,-0.03381661001342462,0.0780823247423041,5.253617853567191e-07,0.0018537244125109709
2022-09-22,1.0704935089568086,-0.030129913963742094,0.07703160117159066,3.847081980857675e-07,0.0038157311416193718
2022-09-23,1.0689291137314934,-0.03154726037367006,0.07626218477541913,6.49716635234554e-08,-0.001461377591014501
2022-09-24,1.0660396694583396,-0.03416510489337343,0.07613224144837222,2.904931389014348e-07,-0.0027031205680867476
2022-09-25,1.0677744856175744,-0.03259335664498497,0.07591534711935286,1.8204597439175353e-07,0.0016273467197696068
2022-09-26,1.0668651296328457,-0.03341723568747057,0.07591534711935286,5.440625360980458e-07,-0.0008516367425663862
2022-09-27,1.0643006044146932,-0.035740702642814925,0.07716390830537442,1.1683431291088301e-06,-0.00240379514422262
2022-09-28,1.0663757554365603,-0.033860610065628016,0.08186729671591939,2.351694205272481e-06,0.0019497790504512391
2022-09-29,1.066604991125654,-0.03365292189597191,0.08186729671591939,4.1173147230912784e-07,0.00021496708634205497
2022-09-30,1.0649224522820062,-0.03517730675154973,0.08127265193978497,1.1440908424192181e-07,-0.0015774713766075754
2022-10-01,1.066739210332902,-0.03353131892221051,0.08130738830907579,1.736818464540685e-08,0.0017060003261275547
2022-10-02,1.0686775045898285,-0.03177521895336466,0.08153082030699625,1.1171599896023232e-07,0.001817027290407669
2022-10-03,1.0669435847514748,-0.03334615513255068,0.08153082030699625,7.269506343050847e-08,-0.001622491192058928
2022-10-04,1.064518736199993,-0.03554307464077111,0.08588123603435734,2.2479029271110505e-06,-0.0022727054983383566
2022-10-05,1.0661471837328076,-0.0340676966627248,0.08773201299099082,9.253884783167396e-07,0.0015297499963433658
2022-10-06,1.06393875819078,-0.036068536324553535,0.08773201299099082,4.5436770451995345e-07,-0.002071407752814225
2022-10-07,1.0657791975566306,-0.03440109315823148,0.08769939804451862,4.380602312838572e-07,0.0017298358121526913
2022-10-08,1.0664634445560779,-0.03378116348031068,0.0894679940748251,8.842980151532385e-07,0.0006420157205295762
2022-10-09,1.0663272098245475,-0.03390459252465794,0.09627167884727672,3.4018423862258105e-06,-0.0001277443987625082
2022-10-10,1.0677748795032382,-0.032592999783481846,0.10220105771771977,2.964689435221525e-06,0.001357622374588363
2022-10-11,1.0690641911555017,-0.03142487985314535,0.10955259838341552,3.675770332847876e-06,0.0012074751682316087
2022-10-12,1.068491088703783,-0.03194411226278193,0.10960620054543546,2.6801081009969474e-08,-0.0005360786157230235
2022-10-13,1.0722090278551901,-0.028575649087169808,0.11335141511038317,1.8726072824738552e-06,0.0034796164335946234
2022-10-14,1.0670142221711234,-0.03328215743457419,0.11454956412340367,5.990745065102485e-07,-0.004844956113137289
2022-10-15,1.0694348177955193,-0.031089091090080845,0.1228039747627849,4.127205319690616e-06,0.002268569222509287
2022-10-16,1.0694198553722225,-0.03110264708705679,0.1228039747627849,3.374367776004167e-06,-1.3990963306897974e-05
2022-10-17,1.0649692928349164,-0.03513486908079233,0.1260670585969717,5.005909693097568e-06,-0.0041616606564256475
2022-10-18,1.067114700531611,-0.033191123761492025,0.128014761922038,9.738516625331512e-07,0.0020145254056920248
2022-10-19,1.0674117975502808,-0.032921953039159346,0.128014761922038,2.193475218463012e-06,0.0002784115133340759
2022-10-20,1.0678570082420025,-0.032518590918537926,0.1238704208431756,1.2130467903180565e-07,0.00041709365845998825
2022-10-21,1.0680378433793631,-0.03235475378289632,0.13393732178339096,5.033450470107684e-06,0.00016934396268308838
2022-10-22,1.0659425188466347,-0.03425312361683541,0.13704951085191072,1.5560945342598804e-06,-0.0019618448407247024
2022-10-23,1.066178635310326,-0.034039201446323664,0.1394987589130669,1.2246240305780892e-06,0.00022150956502242636
2022-10-24,1.0627191975663635,-0.03717346163034252,0.1544229981310269,7.462119608979995e-06,-0.003244707434002958
2022-10-25,1.0546256502552358,-0.04450623792585828,0.15617055449361347,8.737781812932916e-07,-0.007615885108367304
2022-10-26,1.0613031135240039,-0.03845643769746154,0.15617055449361347,0.00010499989895310206,0.006331595734607953
2022-10-27,1.0605398750299337,-0.03914793388843929,0.05382924341259065,1.8358859389034262e-06,-0.0007191522236649206
2022-10-28,1.060421930381828,-0.039254792066511945,0.050157471534783796,6.482682378627827e-06,-0.0001112118939436968
2022-10-29,1.0628403607974675,-0.037063687407152934,0.0373885413118239,9.821726714787787e-08,0.002280630328690192
2022-10-30,1.0617187499758354,-0.03807986992014689,0.038037031577628604,3.242451329023531e-07,-0.001055295661512412
2022-10-31,1.0613076252818245,-0.038452350032371574,0.038037031577628604,1.0929279342068375e-06,-0.0003872256132039231
2022-11-01,1.0614398969784986,-0.03833251150858774,0.03585117570921493,3.5253910403950163e-07,0.00012463087377589943
2022-11-02,1.0610774199701292,-0.038660916682792035,0.0354345401430114,1.4422132093773813e-07,-0.0003414955565597122
2022-11-03,1.060739430421404,-0.03896713615069047,0.03599795754229586,2.8170869964222815e-07,-0.00031853429576322867
2022-11-04,1.0627580165806956,-0.03713829149576897,0.03599795754229586,2.8785782864027e-08,0.0019029990791306073
2022-11-05,1.0630113314201548,-0.036908787549145394,0.03610045607707782,8.003505025500762e-08,0.00023835608437106082
2022-11-06,1.0627378760116724,-0.03715653890712456,0.03610045607707782,5.600235962029756e-07,-0.00025724599578513807
2022-11-07,1.062022759013478,-0.037804436889467774,0.03516873252312636,9.41618192272474e-08,-0.0006729006412058425
2022-11-08,1.0588698005327069,-0.04066102601161414,0.03550973966562997,1.7050357125180522e-07,-0.002968823835469925
2022-11-09,1.0834244607626493,-0.018414435788930095,0.10554374218767021,7.05267409266501e-05,0.02318949904661327
2022-11-10,1.0697891859876374,-0.030768032525874234,0.10554374218767021,6.512734690226938e-06,-0.012585348834946553
2022-11-11,1.072462100504333,-0.02834636456564399,0.09251827280721633,1.7035102211920848e-05,0.0024985432192632384
2022-11-12,1.0716871024390229,-0.029048514960757332,0.058448068383374636,2.4068919589636563e-06,-0.0007226344548173502
2022-11-13,1.0735551036514785,-0.027356100685022366,0.053634284465447324,2.746765197843143e-07,0.0017430472086548132
2022-11-14,1.0728036983839477,-0.02803687593995907,0.053326765051872074,1.2091681299668948e-07,-0.0006999224026565942
2022-11-15,1.071896866325116,-0.028858468298586848,0.053519844059955246,9.653950404158591e-08,-0.0008452916970745905
2022-11-16,1.0751833013978462,-0.025880949014189136,0.053556447960976375,1.8301950510564436e-08,0.0030659993288326692
2022-11-17,1.07513631889863,-0.02592351528869319,0.053556447960976375,3.1787429245429265e-08,-4.369719949670614e-05
2022-11-18,1.0742382025556299,-0.02673721118462158,0.053492873102485516,2.45531054328469e-07,-0.0008353511338159425
2022-11-19,1.0743121979411638,-0.02667017116024628,0.053039147460855536,1.866823351347885e-08,6.888172973140705e-05
2022-11-20,1.0758333277215515,-0.025292023363334692,0.053039147460855536,4.118736066030873e-08,0.0014159103687971797
2022-11-21,1.0780730726187169,-0.02326280827894811,0.05295691103302863,6.914674685609689e-11,0.0020818697835958133
2022-11-22,1.077781934053968,-0.02352658062551438,0.05295691103302863,7.39915512490974e-08,-0.00027005457435191893
2022-11-23,1.0764481645136612,-0.024734979525635192,0.052808927930530436,1.1874972081912099e-07,-0.0012375133579114461
2022-11-24,1.074778870877756,-0.02624736418628859,0.052571428488892194,8.013244200404113e-09,-0.0015507422381656477
2022-11-25,1.0750449266929933,-0.026006316880297642,0.052555402000491386,1.5775140308711688e-08,0.00024754470193255607
2022-11-26,1.0740012948312698,-0.026951850239492314,0.05295203013337946,2.1408920675274752e-07,-0.0009707797653938366
2022-11-27,1.073648098881886,-0.02727184674853267,0.0566139050186725,1.8309374426465214e-06,-0.00032885989158970563
2022-11-28,1.0763883204557887,-0.02478919840792826,0.0566139050186725,1.0201228843178048e-07,0.002552252993097026
2022-11-29,1.0740528860454892,-0.026905108456422133,0.05640988044180894,2.572584925314772e-08,-0.0021696950495601053
2022-11-30,1.0711159586548897,-0.029565972812132912,0.05746374573733433,5.526584970158427e-07,-0.0027344346156091826
2022-12-01,1.0711256044234776,-0.029557233719058607,0.05746374573733433,3.8203514832005166e-05,9.00534485803739e-06
2022-12-02,1.0712455867299735,-0.029448529416836955,0.018943283926676,1.518861128533191e-07,0.00011201516050274307
2022-12-03,1.071130183402959,-0.02955308515095767,0.018639511700969363,5.440309592888437e-10,-0.00010772817030857418
2022-12-04,1.070956708207517,-0.029710254158822447,0.018638423639050786,7.316066170113059e-09,-0.00016195528622953148
2022-12-05,1.07107073559166,-0.02960694503275685,0.018624939952236012,5.742227627263813e-10,0.000106472449605155
2022-12-06,1.0708749133187072,-0.029784360554782396,0.018985253579057417,1.801568134107024e-07,-0.00018282851584816573
2022-12-07,1.0705410882844968,-0.03008680696098831,0.018987587799750197,1.1671103463898463e-09,-0.00031173111822313526
2022-12-08,1.0697512866143613,-0.03080236946310233,0.05696254439602429,3.797506609788724e-05,-0.0007377593244921599
2022-12-09,1.0683664227571974,-0.0320570599559058,0.05698012454921658,8.790076596147667e-09,-0.0012945661991672353
2022-12-10,1.0683345781055806,-0.03208591129852956,0.058847562044920226,9.337187478518222e-07,-2.980686301179425e-05
2022-12-11,1.068701034988296,-0.03175390034713754,0.09314247947822604,1.714745871665291e-05,0.00034301696325034214
2022-12-12,1.0712880498195776,-0.0294100577399673,0.1266944284817871,1.6775974501780535e-05,0.0024207095778727705
2022-12-13,1.062724563206008,-0.037168600345953484,0.13473757011086707,4.021570814539979e-06,-0.00799363589933999
2022-12-14,1.06290985097411,-0.03700072911451968,0.13473757011086707,8.96623494366794e-05,0.00017435163778012353
2022-12-15,1.0606383267267834,-0.03905873637823021,0.04458712876249175,1.3241421932286417e-06,-0.0021370808119317575
2022-12-16,1.0582586814935748,-0.041214701554811994,0.04194716117305575,4.1583985106417865e-09,-0.0022435972501129164
2022-12-17,1.0606930362622786,-0.03900916938744148,0.11786436408614134,7.990576262959855e-05,0.0023003399936916136
2022-12-18,1.0600122887482002,-0.03962592852191926,0.11910841605817091,6.22025986014782e-07,-0.0006417950253314597
2022-12-19,1.0606491508945157,-0.03904892965226503,0.11910841605817091,5.549496158281791e-07,0.0006008063803366603
2022-12-20,1.0566826482538962,-0.042642592038008464,0.11860893923594079,3.0521120471312116e-07,-0.003739693410655387
2022-12-21,1.0568634743150058,-0.042478763125475605,0.11860893923594079,2.8611940346368047e-08,0.00017112617625181237
2022-12-22,1.0598276656192465,-0.039793197588442686,0.11855171535524806,2.985254025616585e-07,0.0028047059779057193
2022-12-23,1.056238358083719,-0.04304512016355955,0.12311101805719007,2.5781767535326685e-06,-0.003386689791149089
2022-12-24,1.0562682445202776,-0.04301804296920575,0.12311101805719007,1.018600885354673e-06,2.829516304969637e-05
2022-12-25,1.0570507319616447,-0.04230910717862768,0.12107381628648073,2.9247268458685446e-07,0.0007408037166951598
2022-12-26,1.0565585098872208,-0.042755061742271616,0.12284828909280958,1.1797090877512794e-06,-0.0004656560556115519
2022-12-27,1.0569769324884646,-0.04237596970586743,0.12284828909280958,2.3593768013432938e-08,0.0003960240699669715
2022-12-28,1.05937747069896,-0.0402010754339579,0.12375710434038671,4.780013918019993e-07,0.0022711358561500194
2022-12-29,1.0580541807137,-0.04139997982816168,0.12382691485718555,3.490525839942166e-08,-0.001249120376699775
2022-12-30,1.0587212127793713,-0.0407956469279539,0.12987719773587564,3.0251414393450415e-06,0.0006304328056403463
2022-12-31,1.0577840483806036,-0.04164472047063117,0.13515843472427513,2.640618494199748e-06,-0.0008851852475008082
2023-01-01,1.0586198968531366,-0.04088743943792417,0.14582560462886987,5.333584952297368e-06,0.0007901881993850335
2023-01-02,1.055743298019173,-0.04349364595411964,0.14582560462886987,1.0141742331104541e-07,-0.0027173103797836218
2023-01-03,1.0566054224594763,-0.042712558821787705,0.14587791104523143,1.2757063149182458e-07,0.0008166042274875274
2023-01-04,1.0511822958718349,-0.04762592654063258,0.14587791104523143,1.0224308117374597e-06,-0.0051325939393934705
2023-01-05,1.0510232213926793,-0.04777004845962962,0.1438330494217565,9.592119429544949e-05,-0.00015132910797610588
2023-01-06,1.051532094549706,-0.047309007968998396,0.048009339169142476,1.0123942474476144e-06,0.00048416928062988696
2023-01-07,1.0516201137021517,-0.04722926237293357,0.04608773197699448,5.159065137361543e-08,8.370562620241273e-05
2023-01-08,1.0519938991683997,-0.046890611704549445,0.04637061848170935,1.4144325235743508e-07,0.00035543773019908187
2023-01-09,1.0543061848592878,-0.04479567445999999,0.04659635570152049,1.128686099055691e-07,0.0021980029472785656
2023-01-10,1.0542338605110921,-0.04486120051991549,0.04728247282954148,3.4305856401049827e-07,-6.859899831113125e-05
2023-01-11,1.0538730190518881,-0.04518812388204285,0.04728247282954148,1.5495351135957902e-06,-0.000342278381224137
2023-01-12,1.0560529536762273,-0.04321309707060361,0.0442060128003782,1.1305099014147225e-08,0.0020684983721332983
2023-01-13,1.0572938111518748,-0.0420888767585742,0.044681175136840036,2.3758116823091938e-07,0.0011749955069284557
2023-01-14,1.0609008798263972,-0.038820862542302104,0.04652968036421317,9.242526136865673e-07,0.0034116048315757652
2023-01-15,1.0619187569400261,-0.03789866305626177,0.04652968036421317,3.806600410239426e-07,0.0009594460076192135
2023-01-16,1.0617451453536721,-0.03805595563467079,0.045768360282165285,8.698263433169623e-07,-0.00016348857690051677
2023-01-17,1.0624964296077306,-0.03737529001827544,0.04962934269759424,2.8003175510314393e-06,0.0007075937736591431
2023-01-18,1.061798246747303,-0.03800784562486825,0.05088907201602914,6.298646592174488e-07,-0.0006571154885530728
2023-01-19,1.0612340795561006,-0.038518982663712675,0.05088907201602914,5.002536480506331e-09,-0.000531331816502334
2023-01-20,1.0622693815087385,-0.03758099622523636,0.050879066943068124,2.90678274111663e-07,0.0009755641781352686
2023-01-21,1.0651268063221926,-0.034992161424764356,0.05055859356746778,1.3044158631149092e-07,0.00268992485634012
2023-01-22,1.064766859161441,-0.03531827455001513,0.05055859356746778,2.9995345031574165e-08,-0.0003379383174066941
2023-01-23,1.0643316815142603,-0.035712546704475545,0.05049860287740463,6.56958236249925e-07,-0.0004087069797785725
2023-01-24,1.064344988114274,-0.03570049088798333,0.04918468640490478,2.152278903703314e-08,1.2502305669181979e-05
2023-01-25,1.0618818162280672,-0.03793213144367935,0.049141640826830715,2.1675658968743974e-07,-0.002314260802385948
2023-01-26,1.063441699647588,-0.03651887274230581,0.04898854284844185,1.4020760049300585e-07,0.0014689802534373353
2023-01-27,1.0629996702813056,-0.036919352573262065,0.04898854284844185,2.4558066503330216e-06,-0.0004156592377634327
2023-01-28,1.0631224735477565,-0.03680809247350281,0.044076929547775805,1.9196117083271e-07,0.00011552521593927167
2023-01-29,1.0641179297043963,-0.03590620643663511,0.04421919310717542,2.6309295053251677e-07,0.0009363513437157245
2023-01-30,1.0633478560722367,-0.036603895281665744,0.04421919310717542,3.0241060811685844e-08,-0.0007236732045033945
2023-01-31,1.0634903704154703,-0.03647477689171108,0.04427133305005591,5.6311032251930155e-08,0.0001340241976508505
2023-02-01,1.0631228348303874,-0.03680776515043782,0.04427133305005591,4.3864823658804413e-07,-0.00034559371227649294
2023-02-02,1.0660686266165829,-0.034138869627749036,0.043612504900819304,1.092341619697429e-07,0.0027708856302233187
2023-02-03,1.0656912878033156,-0.03448073963838083,0.043612504900819304,1.280015928670185e-07,-0.0003539535859591325
2023-02-04,1.0661518659965545,-0.03406345451879289,0.04335650171508527,1.434247610675489e-06,0.00043218725582661044
2023-02-05,1.0652343935845956,-0.03489468706684418,0.04078439333482059,1.4819342054315024e-07,-0.0008605457076237277
2023-02-06,1.0653357513510897,-0.034802856649482905,0.04101010056722215,1.1285361620078094e-07,9.515067022292101e-05
2023-02-07,1.064900874770471,-0.03519685603680367,0.04101010056722215,4.7627935279868225e-07,-0.0004082061266273973
2023-02-08,1.0655013515209162,-0.03465282243665169,0.04006127924745197,1.868692913589709e-09,0.0005638804180527757
2023-02-09,1.0649685255693786,-0.03513556422549613,0.04006127924745197,1.71775643091239e-07,-0.0005000706482239936
2023-02-10,1.061941398179716,-0.037878150030351554,0.04123180276705207,7.570374028912919e-07,-0.002842457140262211
2023-02-11,1.061769942877002,-0.03803348900980652,0.12268487590323172,8.195833933514191e-05,-0.00016145458027705395
2023-02-12,1.06076907485032,-0.0389402782159316,0.12268487590323172,7.140945563384176e-06,-0.0009426411374635624
2023-02-13,1.0654632523909249,-0.034687340354017326,0.11238099726703563,1.9890062452861265e-06,0.004425258665528675
2023-02-14,1.0598954614782403,-0.03973177435229491,0.11359871047894958,6.088566059569769e-07,-0.0052256996195712
2023-02-15,1.056970583622693,-0.042381721795852645,0.12236956300493043,4.385426262990426e-06,-0.002759590885945351
2023-02-16,1.0460602804962629,-0.05226648666679912,0.12236956300493043,2.4474988977704476e-06,-0.010322239138423006
2023-02-17,1.0444350013028103,-0.053738994120602235,0.11747456520938954,7.810569621547984e-05,-0.001553714660383121
2023-02-18,1.0449249025902387,-0.05329514219640841,0.03873682722157012,2.572090983719074e-06,0.00046905866503554883
2023-02-19,1.0452605636816028,-0.0529910323173326,0.03359264525413197,2.37343514245366e-07,0.0003212298707186978
2023-02-20,1.045190959248012,-0.05305409412707773,0.033167864331813776,2.495305308626919e-08,-6.659050959112456e-05
2023-02-21,1.0444851715623618,-0.05369353972639945,0.03328803869826005,6.008718322313839e-08,-0.0006752715179968449
2023-02-22,1.0432066264434023,-0.054851905147722535,0.03478686253079734,7.494119162686427e-07,-0.001224091211413647
2023-02-23,1.044145861484687,-0.054000955597186096,0.03478686253079734,1.2691279670261692e-07,0.0009003346196991835
2023-02-24,1.0430206185216717,-0.055020428840339974,0.034533036937392105,3.653192790724312e-07,-0.0010776683646581686
2023-02-25,1.0428938330308104,-0.05513529684645202,0.03380239837924724,1.8619095753127924e-07,-0.00012155607340125218
2023-02-26,1.043071901104751,-0.05497396667793819,0.03420013325678897,3.8505839630214453e-07,0.000170744200704398
2023-02-27,1.0439547155022666,-0.05417413438702878,0.03469956450963713,2.4971562642408034e-07,0.00084636006068739
2023-02-28,1.0438928385569701,-0.05423019507096216,0.034753924453451074,2.7179971906970276e-08,-5.927167565189517e-05
2023-03-01,1.0442596735966894,-0.05389784150827648,0.034753924453451074,1.6817341829597487e-07,0.00035141062968491177
2023-03-02,1.0436286140385471,-0.0544695832169636,0.03465656360236846,1.1949299275466895e-07,-0.0006043128678627774
2023-03-03,1.0422602342012057,-0.05570933914212184,0.03480912915972233,7.62827786769324e-08,-0.001311175085598082
2023-03-04,1.0421562754058804,-0.05580352609881312,0.03480912915972233,1.1210114399960377e-07,-9.97436071229485e-05
2023-03-05,1.0423136718860262,-0.05566092445156945,0.03458492687172312,4.276668586109568e-07,0.00015102963332869201
2023-03-06,1.0425089309271975,-0.05548401921909896,0.03639943247542366,1.3349196604612277e-06,0.00018733232273571154
2023-03-07,1.0421306662311765,-0.0558267280820719,0.036400960859902486,7.641922394122092e-10,-0.0003628407247169285
2023-03-08,1.0421197624124672,-0.055836606972042846,0.036478461978605464,3.875055935148933e-08,-1.0463005321259544e-05
2023-03-09,1.0414694085055085,-0.0564258294142328,0.03670676556014903,1.1415179077178122e-07,-0.0006240682984979262
2023-03-10,1.0384738556523312,-0.05913980860152224,0.03671646671609619,4.850577973582876e-09,-0.0028762754130968737
2023-03-11,1.0370735699822515,-0.06040847129956983,0.10979096522111456,7.325371596860538e-05,-0.0013484072443967765
2023-03-12,1.0349094570849335,-0.06236916358247713,0.10979096522111456,5.252025655339054e-06,-0.002086749638554819
2023-03-13,1.0211129267635377,-0.07486885829137224,0.09928691391043645,1.1240368248895128e-07,-0.01333114720998041
2023-03-14,1.014524762516576,-0.08083775335851595,0.10620814009270169,3.573016773621568e-06,-0.006451944808733123
2023-03-15,1.0124361955367145,-0.08273000083082882,0.10620814009270169,6.68026765447691e-05,-0.002058665354488509
2023-03-16,1.0129045993785486,-0.08230562565192456,0.0273972129968365,4.5841194164514094e-07,0.0004626502330664639
2023-03-17,1.013746698282225,-0.08154268171127843,0.026480389113546218,6.693770276445139e-07,0.0008313704017037793
2023-03-18,1.0147928407503006,-0.08059487373577057,0.025540859232291362,1.996120870170863e-07,0.0010319564737899523
2023-03-19,1.0149076216871489,-0.08049088188886544,0.025540859232291362,6.311888064595116e-08,0.00011310775188300148
2023-03-20,1.0144582793363652,-0.08089798730404818,0.027039477965836015,8.124282474182773e-07,-0.00044274211877615155
2023-03-21,1.015249801773623,-0.08018086578215233,0.027353429320672574,1.5697567741827962e-07,0.0007802414878772534
2023-03-22,1.0151671406862701,-0.08025575695639287,0.027353429320672574,3.5005983779441e-08,-8.141945677631046e-05
2023-03-23,1.0156666419199096,-0.07980320745432512,0.027283417353113692,9.609777453557615e-08,0.0004920384177347081
2023-03-24,1.0146117166574455,-0.08075897266589094,0.02709122180404254,1.57106040082379e-09,-0.0010386530569467256
2023-03-25,1.0144268498843954,-0.08092646247464108,0.027185685463934274,4.880289034669104e-08,-0.00018220445320693557
2023-03-26,1.0145747230734952,-0.0807924889554793,0.027185685463934274,4.490653605087117e-08,0.00014577018453154622
2023-03-27,1.0137626288529193,-0.08152824857007701,0.02723287566143205,6.850163479975996e-08,-0.0008004282012005204
2023-03-28,1.0142899120491549,-0.08105052853289829,0.02761159774458198,1.893610415749647e-07,0.0005201249101427496
2023-03-29,1.0153011367099192,-0.0801343561875908,0.02761159774458198,1.5884652772798006e-07,0.000996977933783505
2023-03-30,1.0150277430465362,-0.08038205160433876,0.02729390468912602,3.863534520556419e-08,-0.00026927347316541006
2023-03-31,1.0156605736358526,-0.07980870533649931,0.027216633998714893,9.840869201486676e-08,0.0006234613720215165
2023-04-01,1.0155183151017002,-0.07993759196271744,0.02701981661468516,2.2443531992549434e-08,-0.00014006503535368697
2023-04-02,1.0151795243969854,-0.08024453728016279,0.02697492955070006,5.03335240121007e-08,-0.00033361358399430774
2023-04-03,1.0151667986726618,-0.08025606682166997,0.026984728621487347,5.523305940574423e-08,-1.2535442272976205e-05
2023-04-04,1.0161878751424247,-0.07933096871010492,0.027449851753005655,2.32561565759154e-07,0.0010058213794028603
2023-04-05,1.0167135366039237,-0.07885471796909216,0.02745933851134537,4.743379169856732e-09,0.0005172876732304488
2023-04-06,1.016392552909346,-0.07914553008600045,0.02745933851134537,1.4670640532225657e-07,-0.0003157071122028565
2023-04-07,1.0161875389305632,-0.07933127331898326,0.027165925700700855,2.3175594792335455e-08,-0.00020170747827141788
2023-04-08,1.0162960334408997,-0.079232976991921,0.027119574511116185,7.991357779034424e-09,0.00010676622786465195
2023-04-09,1.0158424166025202,-0.07964395510471245,0.027103591795558116,2.1608024751615038e-08,-0.000446343214430045
2023-04-10,1.0162043455392349,-0.0793160464849465,0.027224387292523695,8.20057732344049e-08,0.000356284528778561
2023-04-11,1.017056204590391,-0.07854425982363289,0.029668887273839074,1.2222499906576895e-06,0.0008382753477607086
2023-04-12,1.0170352692537141,-0.07856322729668541,0.029668887273839074,3.4561595380344644e-09,-2.058424753836885e-05
2023-04-13,1.018357757029857,-0.07736504970616509,0.029661974954763005,4.518715479479019e-08,0.0013003361988737083
2023-04-14,1.0196397003697972,-0.07620360548721505,0.03897902926671013,4.703714310768354e-06,0.00125883397174964
2023-04-15,1.0204235807097806,-0.07549340772663016,0.040423991435190654,7.224810842402612e-07,0.000768781697789489
2023-04-16,1.020327575485792,-0.07558038872564665,0.04956577396601279,4.570891265411069e-06,-9.408369798935556e-05
2023-04-17,1.0198097290623154,-0.07604955902055133,0.04956577396601279,3.485682857352554e-08,-0.0005075295776744149
2023-04-18,1.0204090227032905,-0.07550659732085829,0.05054619015450416,5.250649228192086e-07,0.0005876524060297594
2023-04-19,1.0174875261708274,-0.07815348127633026,0.05235335574760388,9.035827965498608e-07,-0.0028630641903961696
2023-04-20,1.01652435099853,-0.07902612065191539,0.05235335574760388,4.3352326973004205e-08,-0.0009466211108484224
2023-04-21,1.0155162465609482,-0.07993946606637181,0.05226665109365787,2.8457336530721135e-06,-0.0009917169584691132
2023-04-22,1.0145729530501215,-0.08079409260156156,0.04679566092058911,1.1023856653773201e-07,-0.0009288807678008437
2023-04-23,1.0144086345698355,-0.08094296560011682,0.04679566092058911,4.064340251995202e-07,-0.00016195827002307706
2023-04-24,1.0137900428397955,-0.08150341142198814,0.04598279287019007,1.4655174155036102e-07,-0.0006098052687697475
2023-04-25,1.0132823529785817,-0.08196337984333335,0.04821238585340145,1.2613482331560525e-06,-0.000500784028014789
2023-04-26,1.002418930172074,-0.0918056710144991,0.14383864591051843,9.602551588195994e-05,-0.010721022402662261
2023-04-27,1.0062083101562231,-0.08837248224642125,0.14383864591051843,3.1887602196219166e-07,0.003780235857576253
2023-04-28,1.007008644548853,-0.08764737706853543,0.14320089386659404,8.244804744555898e-06,0.0007953963255500351
2023-04-29,1.0057504864616291,-0.0887872717826026,0.12671128437748225,1.3008174434288311e-06,-0.0012494014763814176
2023-04-30,1.0047867429911421,-0.08966042603792268,0.12772544917737383,1.807899843374622e-06,-0.0009582331636548425
2023-05-01,1.0106351706868306,-0.08436173433644578,0.1279954095826038,1.349802026149871e-07,0.005820566141506056
2023-05-02,1.0088456361381135,-0.0859830575973598,0.12945994155567997,7.322659865380832e-07,-0.001770702821964898
2023-05-03,1.0091821196091586,-0.08567820264001369,0.12945994155567997,3.5908837460322947e-06,0.0003335331580889278
2023-05-04,1.0069637398584423,-0.08768806084250291,0.12231632058281368,1.9073259599149127e-08,-0.0021981956552872273
2023-05-05,1.0026359683492985,-0.09160903382440255,0.12231632058281368,2.003826775925921e-08,-0.0042978424523524295
2023-05-06,1.000782438929139,-0.09328833661620795,0.12227624404729516,8.202859056354752e-05,-0.0018486564203455957
2023-05-07,1.0016494925195536,-0.09250278366021403,0.0417809370797999,4.5938904390345827e-07,0.0008663757043430032
2023-05-08,1.0005765972944636,-0.09347482970772347,0.04086215899199298,7.155349405988596e-07,-0.0010711284067929094
2023-05-09,1.0000517447384287,-0.09395034757814369,0.039431089110795264,1.6230091692822495e-07,-0.000524550101860588
2023-05-10,1.0007387147522966,-0.09332795084161083,0.039106487276938814,3.4378102902363555e-07,0.0006869344686211143
2023-05-11,0.9994054040402904,-0.09453593404201965,0.03849679541321574,3.893509716209817e-08,-0.001332326502766823
2023-05-12,0.9985186640864258,-0.09533932289786107,0.03849679541321574,6.16981825051939e-08,-0.0008872675195479296
2023-05-13,0.9964463882016301,-0.09721681059289267,0.11423241507536126,7.630290706178331e-05,-0.002075350175543944
2023-05-14,0.9950170084188047,-0.09851183263772356,0.11423241507536126,5.602623882371912e-07,-0.0014344773584913373
2023-05-15,0.9944163144749107,-0.09905606301574199,0.11769405710611655,2.2910834036148354e-06,-0.0006037021868096071
2023-05-16,0.9948925672342773,-0.09862457669579971,0.12031791318155066,1.3119280377170556e-06,0.00047892693676709897
2023-05-17,0.9963830623430975,-0.09727418399623378,0.12166713292535444,6.746098719018906e-07,0.0014981467928376624
2023-05-18,0.9956202001783584,-0.09796533923179451,0.1216865396067637,9.70334070463097e-09,-0.0007656314058067659
2023-05-19,0.9951174354412111,-0.0984208454770853,0.1216865396067637,3.856781633411466e-08,-0.0005049764328372008
2023-05-20,0.9950145069295264,-0.09851409899394259,0.12205591085913567,2.232534425200966e-07,-0.00010343353258346344
2023-05-21,0.9956710049954809,-0.09791930992667364,0.13087257692564408,4.408333033254205e-06,0.0006597874316249808
2023-05-22,0.9950045643004543,-0.09852310704343847,0.1317996941641235,4.63558619239704e-07,-0.0006693382569967765
2023-05-23,0.9920309835809744,-0.10121717941670128,0.1332886654136049,7.444856247407067e-07,-0.002988509627161018
2023-05-24,0.9904069495808243,-0.10268855872192129,0.1332886654136049,8.90732538380313e-05,-0.0016370799168861083
2023-05-25,0.9903748502285643,-0.10271764082403356,0.0448578422624577,3.39072223406553e-07,-3.2410265574767116e-05
2023-05-26,0.9912924601549712,-0.1018862836875114,0.0441796978156446,6.492403574176499e-07,0.0009265278961771983
2023-05-27,0.9911345125480859,-0.10202938465710842,0.043003507113104376,6.114500614753937e-08,-0.00015933502294662727
2023-05-28,0.992809654054317,-0.10051170180973223,0.1528447835494422,5.492063821816891e-05,0.0016901252907934872
2023-05-29,0.9966618855181043,-0.09702156942690643,0.15715889405750919,2.1570552540334935e-06,0.003880130947613525
2023-05-30,0.997552225439651,-0.0962149189903676,0.15715889405750919,3.8831051551756204e-07,0.0008933219324274155
2023-05-31,0.9963499188830712,-0.0973042120628761,0.15638227302647406,5.266267502361983e-05,-0.0012052567534021064
2023-06-01,0.996504417399441,-0.09716423597884549,0.051104735596673015,2.3906308719304215e-08,0.00015506451442304225
2023-06-02,0.9973299878293115,-0.09641626688127691,0.0546668287700452,1.7810465866860935e-06,0.0008284664026136923
2023-06-03,0.9982608542668413,-0.0955728993089362,0.16524558735888922,5.5289379294422014e-05,0.0009333585161277469
2023-06-04,0.9981011410737057,-0.0957175999045694,0.16524558735888922,7.62033195076603e-07,-0.00015999144156852996
2023-06-05,0.9909357425426695,-0.10220947083291576,0.1657091383535118,9.938086923878959e-07,-0.007179030497178163
2023-06-06,0.9885640626673251,-0.10435821937319634,0.1657091383535118,0.00011220649499460224,-0.002393374033779705
2023-06-07,0.9887405102119514,-0.10419835740873251,0.17305679652947442,5.717647244689088e-05,0.0001784887305646965
2023-06-08,0.9883092853861092,-0.10458904829610471,0.17305679652947442,5.720786088926632e-05,-0.0004361354889262925
2023-06-09,0.9887553465577711,-0.10418491563830024,0.060958112737903476,1.15851899348084e-06,0.00045133763110083436
2023-06-10,0.9922748489618759,-0.10099623670572055,0.061331437471559204,1.8666236682786386e-07,0.003559528063599382
2023-06-11,0.9921234173180186,-0.10113343419475496,0.06227058193513562,4.6957223178820813e-07,-0.0001526105836675562
2023-06-12,0.9923988913210373,-0.10088385398453126,0.06227058193513562,3.2768413506287407e-06,0.00027766102302306805
2023-06-13,0.9924325646560601,-0.10085334584967343,0.05709481003384763,6.889553999847448e-07,3.3931250144503267e-05
2023-06-14,0.9920809758122462,-0.10117188631661322,0.05797900368522011,4.420968256862411e-07,-0.00035426975729502264
2023-06-15,0.9954408443175217,-0.09812783613880549,0.058564558324016025,2.92777319397957e-07,0.0033866877676216323
2023-06-16,0.994027812900525,-0.09940804651888524,0.058564558324016025,2.4251344745596094e-08,-0.0014195031528624336
2023-06-17,0.9926608883211027,-0.10064648397633547,0.05851605563452483,3.84815115401058e-06,-0.001375137155800621
2023-06-18,0.9923695912140711,-0.10091039996264917,0.050819753326503674,6.054585676879242e-07,-0.00029345077504217
2023-06-19,0.9928195030679646,-0.10050277857607048,0.049608836191127825,6.760133344453842e-07,0.00045337126195255095
2023-06-20,0.9925201747287864,-0.10077397088096807,0.04825680952223706,2.079084432929021e-08,-0.0003014932102499701
2023-06-21,0.9893639613750055,-0.10363350892708223,0.048215227833578476,4.799447088919134e-08,-0.0031799991920987702
2023-06-22,0.9915662161716677,-0.10163825997765707,0.1441251511800015,9.612219503590079e-05,0.002225929872764265
2023-06-23,0.9942379111589148,-0.09921769691448723,0.1441251511800015,8.97344508248167e-06,0.0026944191357856084
2023-06-24,0.9913382457567534,-0.10184480180539979,0.12708474036117082,4.53239673066333e-07,-0.0029164703634991795
2023-06-25,0.9922424197926387,-0.10102561762292828,0.1304449188472433,1.6800892430362397e-06,0.000912074198442081
2023-06-26,0.9924183857106135,-0.10086619201354563,0.1304449188472433,1.137620857600566e-06,0.00017734166012806085
2023-06-27,0.9912477143257692,-0.10192682353278348,0.1295456881777007,6.880055228292714e-07,-0.0011796147690350534
2023-06-28,0.9904642854175592,-0.1026366122949306,0.12963219935872966,4.3255590514476584e-08,-0.0007903462443202836
2023-06-29,0.9899707040511578,-0.10308379838087334,0.12965383324945912,1.081694536472777e-08,-0.0004983333308105076
2023-06-30,0.9900634284232381,-0.1029997898427788,0.13175924846683268,1.0527076086867815e-06,9.366375358577095e-05
2023-07-01,0.9949754632365803,-0.09854947268796321,0.1318699895057479,5.5370519457614846e-08,0.004961333458369355
2023-07-02,0.9946900276272926,-0.0988080781410755,0.13378155410153275,9.557822978924213e-07,-0.0002868770334878423
2023-07-03,0.9980170942777115,-0.09579374653467976,0.13378155410153275,2.56505656590654e-06,0.0033448275925265225
2023-07-04,0.9971289745271202,-0.09659838549017963,0.1293555609171444,3.5205997371236254e-07,-0.0008898843072755458
2023-07-05,0.9937351737460024,-0.0996731784039454,0.1293555609171444,1.0613612384254845e-06,-0.0034035725245339377
2023-07-06,0.9928041146402324,-0.10051672053424565,0.12723283844029343,1.039459894675715e-07,-0.0009369288019260846
2023-07-07,0.991726035849058,-0.1014934629069939,0.1315173350817457,2.246194310193711e-06,-0.0010858927509234118
2023-07-08,0.9908289811538281,-0.10230619694710008,0.13166877100365973,7.571796095701134e-08,-0.0009045388169738322
2023-07-09,0.9913073352003895,-0.10187280685513556,0.13166877100365973,1.5593606228801737e-07,0.0004827816461372425
2023-07-10,0.9916357692914308,-0.10157524465838208,0.1314303512637059,3.6726192311098415e-08,0.0003313140934024794
2023-07-11,0.9917294623012269,-0.10149035853183241,0.13161962158188173,9.463515908791909e-08,9.448328982686327e-05
2023-07-12,0.9926835717745245,-0.10062593270466702,0.14797637827173932,8.178378344928793e-06,0.0009620662787250822
2023-07-13,0.9964554135588877,-0.09720863359420318,0.14797637827173932,9.215978044541106e-09,0.003799641589334657
2023-07-14,1.00148970033731,-0.09264755582019801,0.14821086188041988,1.2645778238482007e-07,0.005052194719324499
2023-07-15,0.996821226702445,-0.09687720587227244,0.14821086188041988,1.2796396421345252e-06,-0.004661529353016447
2023-07-16,0.9969590718895143,-0.09675231775074356,0.14565158259615082,2.158211996319978e-06,0.00013828476297894632
2023-07-17,0.9946743472364254,-0.09882228461866016,0.1559092997095332,7.287070553011171e-06,-0.002291693528360228
2023-07-18,0.9937830770876254,-0.09962977784366878,0.15815384779769143,1.122274044079108e-06,-0.0008960421581923894
2023-07-19,0.9945593472101019,-0.09892647496123708,0.15929775085397854,5.719515281435578e-07,0.0007811263246233491
2023-07-20,0.9931089979074479,-0.10024049544915059,0.15929775085397854,2.4781065329192163e-07,-0.0014582833158446329
2023-07-21,0.9933321742294371,-0.10003829708288503,0.15988052575697784,5.39198104791569e-07,0.0002247249017561792
2023-07-22,0.9931446181574884,-0.10020822340389068,0.15988052575697784,5.078917522077509e-07,-0.00018881505785828256
2023-07-23,0.9916250257151482,-0.1015849783682704,0.19675078750884523,1.8943022628141444e-05,-0.0015300817368988362
2023-07-24,0.988427772037526,-0.10448169906153004,0.19946537050547364,1.357291498314206e-06,-0.003224256744948195
2023-07-25,0.9878772550968621,-0.10498046893555424,0.19946537050547364,0.00013393191751134097,-0.0005569622346097702
2023-07-26,0.9877786516157031,-0.10506980396276822,0.06970833208712642,6.549337849590734e-07,-9.981349469068146e-05
2023-07-27,0.987443339533355,-0.10537359763870835,0.06970833208712642,2.757691577322252e-08,-0.00033946075044244406
2023-07-28,0.9872121640810028,-0.10558304323925272,0.06965317825557997,1.7559652511697778e-09,-0.00023411515688531725
2023-07-29,0.9873091102699127,-0.10549520972340953,0.06994572016904546,1.480269219839153e-07,9.820197971355249e-05
2023-07-30,0.9871744865697406,-0.10561717916888114,0.07010883552168118,8.155767631785883e-08,-0.00013635415572599285
2023-07-31,0.9878512791249069,-0.10500400323813919,0.07019129477431296,4.122962631589178e-08,0.0006855855417362555
2023-08-01,0.9886944161541629,-0.10424011875284067,0.07019129477431296,5.997109973759906e-09,0.0008535060358505486
2023-08-02,0.9883368468289884,-0.10456407755246844,0.07836893896327865,4.094819204456604e-06,-0.00036165808093047147
2023-08-03,0.9884535889619114,-0.104458308856484,0.07836893896327865,4.366442960073158e-07,0.0001181197820367963
2023-08-04,0.9881229214601811,-0.10475789452951167,0.08317029290868602,2.8373212687110016e-06,-0.0003345301240447185
2023-08-05,0.9887141214458686,-0.10422226570394122,0.08337708727909585,1.0339718520491203e-07,0.0005983061143948198
2023-08-06,0.9889221007565667,-0.10403383587202453,0.08941043396799536,3.016673344449758e-06,0.00021035333286811841
2023-08-07,0.9894424228868413,-0.10356242257989945,0.08946452741706364,2.7046724534136868e-08,0.0005261507755529582
2023-08-08,0.9882434899549292,-0.10464865913910881,0.09007648766867468,3.059801258055231e-07,-0.001211725820704057
2023-08-09,0.9877261231210954,-0.10511739492446792,0.09020184060536297,6.267646834414581e-08,-0.0005235216210310867
2023-08-10,0.9877046997964365,-0.10513680451598462,0.09020184060536297,9.519495366799371e-07,-2.168953939496454e-05
2023-08-11,0.9880570714877155,-0.10481755478707167,0.0882979415320031,1.5070370097537005e-07,0.00035675813970525994
2023-08-12,0.9873324294748858,-0.10547408245907375,0.26400704463367647,8.800525525181205e-05,-0.0007334009681653209
2023-08-13,0.9876206788026816,-0.10521292776919455,0.2651042739275674,5.486146469454723e-07,0.000291947594537989
2023-08-14,0.9868766048666645,-0.1058870608174608,0.2900246135827372,1.2460169827584883e-05,-0.0007534005230820373
2023-08-15,0.9889344793692992,-0.10402262081458102,0.30000000000000004,4.987693208631433e-06,0.0020852399301865
2023-08-16,0.9921047196625284,-0.10115037432245033,0.30000000000000004,0.0,0.003205713178539682
2023-08-17,1.0057006067228824,-0.08883246296415104,0.30000000000000004,0.0,0.013704084650442594
2023-08-18,1.017550735032318,-0.07809621387263344,0.30000000000000004,0.0,0.011782958298149238
2023-08-19,1.0133280284865647,-0.0819219977065091,0.30000000000000004,0.0,-0.0041498732204490185
2023-08-20,1.0151036047021746,-0.08031332073407627,0.30000000000000004,2.7146485050417946e-05,0.0017522225436312766
2023-08-21,1.015694758254712,-0.07977773397706844,0.24570702989916415,8.306426656710644e-05,0.0005823578497818893
2023-08-22,1.0160412816773308,-0.07946378279577049,0.079716005535847,6.875438544785839e-08,0.0003411688598444762
2023-08-23,1.015675304430653,-0.07979535919558312,0.079716005535847,2.759579473635143e-08,-0.00036019919000729317
2023-08-24,1.0163221468437196,-0.07920931817659171,0.0797539432049343,4.6564629280002045e-08,0.000636859447347593
2023-08-25,1.0157019483235972,-0.0797712197547309,0.24144142276111402,8.084373977808987e-05,-0.0006102381238518584
2023-08-26,1.0148846112791743,-0.08051172938226481,0.2440686539307998,1.3136155848428865e-06,-0.0008047016605294832
2023-08-27,1.014610983462254,-0.08075963694276644,0.2440686539307998,8.137340349039624e-05,-0.00026961470681508004
2023-08-28,1.0149340561547937,-0.0804669321879149,0.08154454624758359,1.1134964878813797e-07,0.0003184202593935481
2023-08-29,1.0115800783723787,-0.08350564535448468,0.0816602262438248,5.783999812060403e-08,-0.0033046263075656723
2023-08-30,1.0098324176994045,-0.08508903076792029,0.24517035895351752,0.00016341529259867116,-0.0017276543007731515
2023-08-31,1.0079944515928323,-0.08675423315448128,0.24517035895351752,1.831936838234123e-05,-0.0018200704140187707
2023-09-01,1.0011293243308241,-0.09297405748087273,0.2089980489573441,2.3321338425452697e-07,-0.006810679613524995
2023-09-02,1.001720231633256,-0.09243869382714287,0.20987419221838405,4.380716305199678e-07,0.0005902407292124323
2023-09-03,1.000991680978601,-0.0930987627394716,0.20987419221838405,5.806784282481048e-06,-0.0007272995309955954
2023-09-04,1.0002207969889445,-0.09379718577064045,0.19826062365342195,2.5242164641847697e-07,-0.0007701202760248549
2023-09-05,1.001483982691512,-0.09265273602313762,0.19857100662275934,4.0761313108717e-07,0.001262906856538848
2023-09-06,0.999890791634758,-0.09409617153615824,0.1987034459756607,6.62196764506795e-08,-0.001590830292140688
2023-09-07,1.0000847341313546,-0.09392045909672131,0.1987034459756607,6.645414034670977e-05,0.0001939636790548871
2023-09-08,0.999769899101662,-0.09420570050620236,0.1972052966821617,6.570506569996026e-05,-0.0003148083546836711
2023-09-09,0.9999270590524933,-0.09406331315517324,0.1972052966821617,6.523547957472079e-05,0.00015719612179765363
2023-09-10,0.9992930687204098,-0.0946377101531739,0.06714699399891927,2.0632823309956612e-07,-0.0006340365793130465
2023-09-11,0.9969000563749025,-0.0968057859705459,0.06714699399891927,1.1897033296477677e-07,-0.002394705237543926
2023-09-12,0.9914578385967155,-0.10173645036093715,0.20035620356511674,0.00013363262844905322,-0.0054591408069311065
2023-09-13,0.9909277068172859,-0.10221675122238472,0.20035620356511674,5.705837381202006e-06,-0.0005346992668687767
2023-09-14,0.989828842308671,-0.10321232551274273,0.18894452880271273,6.469472631040272e-05,-0.0011089250013455176
2023-09-15,0.9903577491315964,-0.1027331344652831,0.05955558823899305,2.5602854286654877e-10,0.0005343416965788439
2023-09-16,0.9898305503936786,-0.10321077798299172,0.05955558823899305,6.500906530910907e-07,-0.0005323316128762468
2023-09-17,0.9899938574573964,-0.10306282133065048,0.058316354816152424,3.047394167077916e-08,0.00016498486902838394
2023-09-18,0.9889768702464873,-0.1039842145623604,0.06415228481965429,2.9179650017509344e-06,-0.0010272661827639418
2023-09-19,0.988915285525942,-0.10404001048985934,0.07421359463188158,5.030654906113645e-06,-6.227114344259377e-05
2023-09-20,0.9901463902357962,-0.10292462621066878,0.07421359463188158,2.0575730546216336e-07,0.0012449041165367714
2023-09-21,0.99220158347616,-0.10106261543883766,0.07407231368761139,1.351168333270647e-07,0.002075645844523244
2023-09-22,0.9917378441905744,-0.10148276451685279,0.07407231368761139,6.52377060553419e-07,-0.000467384141798477
2023-09-23,0.9918456110031458,-0.1013851274859825,0.07276755956650455,1.977919838145034e-06,0.00010866461656533488
2023-09-24,0.9918431976130107,-0.1013873140241337,0.06881171989021448,7.189518086943292e-08,-2.4332316547193145e-06
2023-09-25,0.9920907383628607,-0.10116304141869925,0.06891044077329822,1.2125562241130373e-07,0.00024957649601198284
2023-09-26,0.9921554986909347,-0.101104368381978,0.06894492932208093,1.7244274391356453e-08,6.527661792299355e-05
2023-09-27,0.9913376805769978,-0.10184531385982487,0.06900470700640672,2.9888842162893726e-08,-0.0008242842125215644
2023-09-28,0.9891859349285705,-0.10379480138096076,0.06907324026815224,3.426663087276183e-08,-0.0021705476252819045
2023-09-29,0.9883788234886125,-0.10452604658250875,0.06907324026815224,3.9740532532695635e-07,-0.0008159350142981081
2023-09-30,0.9895805782595118,-0.10343725342935595,0.21499708685016394,0.00014163775823383112,0.0012158847825749497
2023-10-01,0.9896186878805378,-0.103402726007084,0.21499708685016394,9.965652037661477e-07,3.851088214767984e-05
2023-10-02,0.9909556117396949,-0.1021914692853424,0.21330384672600805,1.499451416882014e-07,0.0013509484769569369
2023-10-03,0.9849962887504531,-0.1075906324301299,0.23425200250424133,1.047407788911664e-05,-0.006013713347643446
2023-10-04,0.9828244415137607,-0.10955833204594645,0.23425200250424133,1.3042009320562987e-07,-0.0022049293601370534
2023-10-05,0.9809340798247274,-0.11127100497543396,0.23399116231783007,6.902207436523242e-06,-0.0019233971085705903
2023-10-06,0.9841666704831965,-0.10834226887958898,0.2201867474447836,7.068616224382012e-07,0.003295420890101708
2023-10-07,0.9836268396709431,-0.10883135709165626,0.21877302419990718,3.052762578349827e-07,-0.0005485156411423331
2023-10-08,0.982714428616991,-0.10965800403532555,0.21816247168423722,1.3534664291255522e-06,-0.0009275987774548522
2023-10-09,0.9768067672943418,-0.1150103615669974,0.2156260576301584,8.525940208614636e-08,-0.006011574828471367
2023-10-10,0.9774516071485831,-0.11442613487185183,0.2156260576301584,0.00014370150884251165,0.0006601508873900208
2023-10-11,0.9777729104341203,-0.11413503320464846,0.07177696005486489,1.913602894700897e-06,0.00032871528696598595
2023-10-12,0.9785273462888675,-0.11345151222929428,0.0679497542654631,9.910582744040997e-08,0.0007715859651047374
2023-10-13,0.9786165373187244,-0.11337070490904688,0.07455077548657345,3.3996164379955854e-06,9.11482241106043e-05
2023-10-14,0.9777765351721681,-0.11413174918193103,0.07876039265292757,2.1048085831770617e-06,-0.0008583567868755138
2023-10-15,0.9778823433768913,-0.11403588665519959,0.07886990722871214,5.475728789228196e-08,0.00010821307416986059
2023-10-16,0.9766372639886604,-0.11516393203173092,0.08014468551513558,6.373891432117224e-07,-0.001273240484057303
2023-10-17,0.9767441458699399,-0.11506709675106375,0.08059598408517689,2.256492850206543e-07,0.00010943866798696078
2023-10-18,0.9770000164220132,-0.11483527732172838,0.08059598408517689,6.645645383255572e-07,0.00026196271885359224
2023-10-19,0.9774344181796879,-0.11444170812531085,0.07928821430449125,1.0679647982736462e-08,0.00044462819895074723
2023-10-20,0.9751648423583372,-0.11649795010968711,0.08160237368132053,1.157079688414643e-06,-0.0023219724813642317
2023-10-21,0.9740372302395637,-0.11751956981452416,0.08160237368132053,3.1994450471889426e-08,-0.0011563297504136871
2023-10-22,0.9741387539556982,-0.11742758904632877,0.08153838478037675,2.3325973848214095e-06,0.00010422981071323001
2023-10-23,0.9716687349866227,-0.11966543307808086,0.08156145309015271,2.3441315397093874e-06,-0.0025355925519332523
2023-10-24,0.9858755928821348,-0.10679398044979493,0.24530053409466795,0.00016343099359241033,0.014621091925643759
2023-10-25,0.9894777854072391,-0.1035303840384102,0.24530053409466795,9.532393366243009e-06,0.0036538002878940823
2023-10-26,0.9866895280518415,-0.10605655293018224,0.22623574736218194,2.199718744882545e-05,-0.002817907987945012
2023-10-27,0.9872690275257193,-0.1055315248007399,0.18224137246453104,3.690058409832886e-07,0.0005873169395247402
2023-10-28,0.9880564253868557,-0.10481814015624136,0.18150336078256446,1.8092197354671047e-06,0.0007975514669102957
2023-10-29,0.9882005342040998,-0.10468757716841404,0.17850250779318994,3.0879324077984217e-07,0.0001458507971212608
2023-10-30,0.9910588733436293,-0.10209791398598356,0.1866303974914737,4.063944849141882e-06,0.0028924687253188974
2023-10-31,0.9881930222984739,-0.10469438297573075,0.18752302376461238,4.463131365693429e-07,-0.002891706156150642
2023-11-01,0.9882957443991109,-0.10460131646785464,0.18752302376461238,8.042824007569727e-07,0.00010394942923053208
2023-11-02,0.9894332932255067,-0.10357069407837183,0.18591445896309844,1.6811595045139876e-06,0.0011510206664766542
2023-11-03,0.9904055816764686,-0.10268979804705869,0.18261114907773493,2.9504561832233155e-08,0.000982672058458256
2023-11-04,0.9925021644151706,-0.10079028827502046,0.19149168251244691,4.440266717355993e-06,0.0021168930966160016
2023-11-05,0.9969486683239079,-0.09676174341001675,0.1934323286891867,9.7032308836989e-07,0.004480094923879019
2023-11-06,0.999747403455309,-0.09422608162414592,0.1947718392723487,6.697552915810035e-07,0.0028073011382878654
2023-11-07,0.9958949364497501,-0.09771642740846953,0.1947718392723487,1.4375335233306753e-06,-0.0038534403712813248
2023-11-08,0.9985225085236065,-0.09533583982712035,0.19189677222568735,2.1914852181009748e-07,0.0026384028853738695
2023-11-09,1.0127819279900585,-0.08241676626988592,0.19145847518206716,3.0629276822058127e-06,0.01428051881127601
2023-11-10,1.0179900760732932,-0.07769816967185639,0.19751993561999448,6.093657901169475e-06,0.005142418065820165
2023-11-11,1.0163254484391224,-0.07920632692200613,0.19751993561999448,2.003003153770838e-05,-0.0016352100804308822
2023-11-12,1.0155784621195008,-0.07988309859788989,0.15745987254457772,1.424361051610701e-07,-0.00073498732199484
2023-11-13,1.0192604731790682,-0.0765471863730609,0.15746370177747085,1.4435072160763617e-07,0.003625530864335813
2023-11-14,1.0141930075960877,-0.08113832423595235,0.15746370177747085,2.8871915335641765e-07,-0.004971708131852104
2023-11-15,1.012964503533886,-0.08225135232116199,0.15688626347075801,5.262492522916384e-07,-0.0012113119031591513
2023-11-16,1.0111211672259786,-0.08392142012501635,0.15583376496617474,4.7299411422355994e-06,-0.001819744227438136
2023-11-17,1.005506981644538,-0.08900788782177194,0.14637388268170354,6.415304246885357e-07,-0.005552436012038586
2023-11-18,1.008023316896432,-0.08672808110941832,0.14509082183232647,8.915809888152271e-07,0.0025025537344143256
2023-11-19,1.0090724377712443,-0.08577757468915226,0.143307659854696,4.534286862702464e-06,0.0010407704437267462
2023-11-20,1.0141721824909826,-0.08115719183889525,0.1344981831920379,1.2954853137341073e-07,0.005053893584685998
2023-11-21,1.010520328138118,-0.08446578200387067,0.13637635874452125,9.390877762416733e-07,-0.0036008228345304483
2023-11-22,1.0136643976558093,-0.08161724630691103,0.13637635874452125,1.7798210947372884e-06,0.003111337229090738
2023-11-23,1.0141886498259614,-0.0811422723877645,0.13281671655504668,2.038536973577032e-06,0.0005171851466365673
2023-11-24,1.0189467061877022,-0.07683146013685793,0.12990372305782127,5.820402249643308e-07,0.004691490446625535
2023-11-25,1.016337682289961,-0.07919524301923975,0.14184327409362757,5.969775517903148e-06,-0.0025605106546784384
2023-11-26,1.0154760884764593,-0.07997584940221869,0.14184327409362757,1.9381562186210345e-06,-0.0008477436471266975
2023-11-27,1.0112658893735338,-0.0837903014582273,0.1379669616563855,2.3084124862622625e-07,-0.004146034703035428
2023-11-28,1.0135770122819017,-0.08169641769786384,0.13750527915913305,2.682791230734366e-07,0.0022853761138958983
2023-11-29,1.0132743151444021,-0.08197066214337723,0.13696872091298617,2.4775559521750534e-06,-0.0002986424650783803
2023-11-30,1.0134312408696347,-0.08182848700138978,0.13201360900863607,2.7523080370644995e-07,0.00015486993293856166
2023-12-01,1.0164933854432074,-0.07905417553086014,0.1318046307852447,1.7074169201077016e-07,0.003021561256531635
2023-12-02,1.0180789769850098,-0.07761762519944815,0.13328216898135392,7.387690980546064e-07,0.0015598641019287651
2023-12-03,1.021671958225853,-0.07436237423713343,0.13328216898135392,6.095564637425832e-07,0.0035291773252046355
2023-12-04,1.0248915844262945,-0.07144538397619327,0.13206305605386875,8.151446165451104e-08,0.0031513306932935414
2023-12-05,1.0259393800465078,-0.07049607824026682,0.13190002713055973,8.288249764969169e-07,0.0010223477645170398
2023-12-06,1.0274231943825942,-0.06915173833931365,0.1302423771775659,5.05903005358091e-07,0.0014462982559657611
2023-12-07,1.0315354148246745,-0.06542605522158318,0.13027881824594345,5.241235395468668e-07,0.004002460198061941
2023-12-08,1.033002971931259,-0.06409644441561646,0.13045705426948412,8.911801177033385e-08,0.0014226919265105664
2023-12-09,1.0340137505203582,-0.06318067621247381,0.13100978994190948,2.76367836212682e-07,0.0009784856545067555
2023-12-10,1.0333702471701682,-0.06376369203124466,0.13112129214357135,5.5751100830933597e-08,-0.0006223353895102868
2023-12-11,1.0244337542565105,-0.07186017937891465,0.15487283936817986,1.1875773612304255e-05,-0.008647910018817706
2023-12-12,1.022623172523393,-0.07350057144722866,0.15705970354272875,1.093432087274443e-06,-0.0017673975750863713
2023-12-13,1.0241792444332591,-0.07209076598416597,0.15705970354272875,9.539732822440777e-06,0.001521647417811689
2023-12-14,1.0278406028965479,-0.06877356506880505,0.1379802378978472,3.144988091956513e-07,0.003574919608249738
2023-12-15,1.0251305453682606,-0.07122888470048083,0.13892069870323293,7.847292118885186e-07,-0.0026366515592485262
2023-12-16,1.0267851141200541,-0.06972984082564349,0.1421818332535512,1.6305672751591311e-06,0.001614007854188415
2023-12-17,1.0245706574236684,-0.07173614473003631,0.1421818332535512,8.936647405905357e-07,-0.0021566895214345516
2023-12-18,1.0202056312325691,-0.0756908705570406,0.14145114490960925,5.283205686195669e-07,-0.004260346672500859
2023-12-19,1.022786617730367,-0.07335248963671437,0.14910253074226154,3.825692916326146e-06,0.0025298688997472674
2023-12-20,1.0265497208201837,-0.06994310780772928,0.14910253074226154,2.7189883470533223e-06,0.003679265082845662
2023-12-21,1.025638164037191,-0.07076898077954175,0.1436645540481549,4.0014323164086487e-07,-0.0008879811318494024
2023-12-22,1.0315010358357035,-0.06545720268087385,0.14631181522367934,1.7237738194030849e-06,0.005716315952438489
2023-12-23,1.029170937378763,-0.06756827834083567,0.15086122026044751,2.2747025183840892e-06,-0.0022589395221002118
2023-12-24,1.0296775864597503,-0.06710925286926028,0.15086122026044751,2.299201486466118e-06,0.0004922885621636564
2023-12-25,1.0293658599827291,-0.06739167792140555,0.14626281728751528,9.708455050776444e-07,-0.00030274183018430545
2023-12-26,1.0254048163165927,-0.07098039446113757,0.15003474852484286,2.8568111237414347e-06,-0.003848042586337863
2023-12-27,1.0332516502938858,-0.06387114112985326,0.15247386530239262,1.2195583887748829e-06,0.007652425512768124
2023-12-28,1.0344223790288454,-0.06281045765125193,0.15247386530239262,2.136164113112349e-06,0.0011330528575779208
2023-12-29,1.0324443439324382,-0.0646025629308109,0.14820153707616793,2.4120860164986714e-06,-0.0019122122031692834
2023-12-30,1.0315678394656513,-0.06539667840699182,0.14399701392444642,3.0982444063791525e-07,-0.0008489605003286771
2023-12-31,1.0307548945768288,-0.06613320872937878,0.14399701392444642,7.145989851631285e-07,-0.0007880673065968624
2024-01-01,1.0317994490868718,-0.06518683944824943,0.14256781595412016,2.478046752694418e-07,0.0010133878728406653
2024-01-02,1.03450055288326,-0.06273963192248988,0.1433702779264336,6.490356614261561e-07,0.0026178573741073574
2024-01-03,1.0273793354326233,-0.06919147466954445,0.143647782039656,1.3875205661120771e-07,-0.0068837251278275335
2024-01-04,1.0261322504538997,-0.0703213371166207,0.143647782039656,9.603988360341959e-05,-0.0012138505571525071
2024-01-05,1.0271645702079863,-0.0693860525582971,0.04843198516718317,1.792741991944069e-06,0.0010060299280401086
2024-01-06,1.0267301587349895,-0.06977963055682335,0.04484650118329503,1.4295594582167462e-07,-0.000422922952751259
2024-01-07,1.0270363037134465,-0.06950226235784662,0.04456058929165168,2.859439348119504e-07,0.00029817472083570884
2024-01-08,1.026203421266064,-0.07025685616354671,0.04516040646890344,5.858525234378291e-07,-0.0008109571632172186
2024-01-09,1.0264391852959471,-0.07004325329904182,0.04531786644116196,7.872998612926119e-08,0.0002297439523135658
2024-01-10,1.022601462251582,-0.07352024101366039,0.04531786644116196,1.9984722943984164e-07,-0.0037388703581684446
2024-01-11,1.031976752296162,-0.06502620224922862,0.13472555044009102,8.982186121118665e-05,0.00916807807406439
2024-01-12,1.033652724452325,-0.06350776683071202,0.13472555044009102,5.564488238530493e-06,0.0016240406118024353
2024-01-13,1.0299921353833212,-0.06682427067271834,0.12359657396303003,4.814391898001591e-06,-0.003541410942390244
2024-01-14,1.0288084418322292,-0.06789670031066819,0.11396779016702685,2.5029794420511343e-08,-0.0011492258148686485
2024-01-15,1.027814783066256,-0.06879695790661022,0.11391773057818583,1.1424968027611075e-06,-0.0009658345767551424
2024-01-16,1.0298996552264408,-0.06690805795116495,0.11243747975260315,4.0237138996977033e-07,0.00202845122928208
2024-01-17,1.0290223809523928,-0.06770287087485793,0.11243747975260315,1.3728540803658457e-07,-0.0008518055808595104
2024-01-18,1.0284024528005873,-0.06826452749855283,0.11265317699375621,2.451340286131129e-07,-0.0006024437983842557
2024-01-19,1.0254761086827318,-0.0709158033798255,0.11540726295440606,1.3770429803249273e-06,-0.0028455242496627786
2024-01-20,1.0255292334181783,-0.07086767222227341,0.11546950958917981,3.112331738687468e-08,5.1804946989530976e-05
2024-01-21,1.0257411262266543,-0.07067569675052365,0.11546950958917981,4.861715329273486e-07,0.00020661800909449468
2024-01-22,1.0214940062520623,-0.07452359921858986,0.11471839816641288,1.1061582154388294e-07,-0.004140537866724192
2024-01-23,1.0131673077079448,-0.08206761117738359,0.11814084330519442,1.711222569390769e-06,-0.008151490359365354
2024-01-24,1.014012145540921,-0.08130218575920067,0.11814084330519442,1.559862945368265e-06,0.0008338581659173006
2024-01-25,1.011843951010221,-0.08326657601326448,0.11502111741445789,5.436359441678362e-06,-0.002138233294575076
2024-01-26,1.0151356582409246,-0.08028428013913103,0.10414839853110117,5.795567963362558e-08,0.003253176764472787
2024-01-27,1.0157460295413945,-0.07973128204923352,0.10447349660600949,2.205047170877883e-07,0.0006012706730500472
2024-01-28,1.015771572140962,-0.07970814038323293,0.1075892371869134,1.557870290451957e-06,2.514663984465315e-05
2024-01-29,1.0160629647861432,-0.07944413783909066,0.10763624519577575,2.350400443117129e-08,0.0002868682813861323
2024-01-30,1.0191760270624028,-0.07662369478880593,0.10796939405024515,1.6657442723470167e-07,0.003063847796983765
2024-01-31,1.0186557710923128,-0.07709504813962065,0.10801247559725702,2.1540773505933363e-08,-0.0005104672365484619
2024-02-01,1.0167842205280158,-0.07879067813796115,0.10801247559725702,7.862775666877264e-07,-0.0018372747864503491
2024-02-02,1.0180134742225542,-0.0776769708837769,0.10646867173256065,1.4375634339543197e-08,0.0012089622062609884
2024-02-03,1.0175315791887225,-0.07811356912002232,0.106545358249682,3.834325856067605e-08,-0.0004733680310115007
2024-02-04,1.0174383094295563,-0.07819807178032834,0.11206953491470167,2.762088332509835e-06,-9.16627661238234e-05
2024-02-05,1.0172694942660612,-0.07835101878633377,0.1126156251050866,2.7304509519246454e-07,-0.00016592176835750205
2024-02-06,1.0195842573940868,-0.07625383697687138,0.11401020153013172,6.972882125225594e-07,0.002275466964331896
2024-02-07,1.0208922875640896,-0.07506875801758384,0.11416492760768937,7.736303877882433e-08,0.0012829054200431678
2024-02-08,1.0249560236243866,-0.07138700188412561,0.11416492760768937,3.4565725950748417e-07,0.003980572788922165
2024-02-09,1.0269280475183187,-0.0696003427706694,0.11388280034949044,2.0459363040802037e-07,0.0019240082974074646
2024-02-10,1.0267370639614029,-0.06977337440255471,0.11388280034949044,1.224371455130574e-06,-0.000185975597197241
2024-02-11,1.0277591113837292,-0.06884739660527617,0.1295536302215457,9.059786391158203e-06,0.000995432480425773
2024-02-12,1.0307731977026258,-0.06611662604667878,0.14906683920928226,9.756604493868282e-06,0.0029326777894842504
2024-02-13,1.035231874833218,-0.06207705220893589,0.14971665607608703,3.249084334023822e-07,0.004325565643855223
2024-02-14,1.0422365827677538,-0.05573076740638028,0.15294617698913648,1.6147604565247275e-06,0.006766317870252614
2024-02-15,1.0466107242333504,-0.051767783115417965,0.15294617698913648,1.8918929549557872e-06,0.004196879612479831
2024-02-16,1.0439957014173782,-0.05413700103434338,0.1491623910792249,4.1510613002727765e-06,-0.0024985629856715263
2024-02-17,1.042905517313885,-0.05512471085360293,0.14086026847867936,9.036471280303438e-07,-0.0010442419465981345
2024-02-18,1.0456176001682345,-0.05266755627090147,0.13905297422261867,7.367534508381374e-07,0.002600506766258892
2024-02-19,1.0508033947009523,-0.04796921205159399,0.1375794673209424,9.157504456508425e-08,0.00495955168685569
2024-02-20,1.0517229150494436,-0.047136124067368446,0.14006810276989973,1.3358927690437506e-06,0.0008750641205830245
2024-02-21,1.0512772495849925,-0.04753989821334326,0.14006810276989973,2.0512676214105017e-06,-0.0004237479835028646
2024-02-22,1.0548036522651099,-0.044344967611571695,0.13602845838728198,3.144543010162593e-08,0.0033543983582908776
2024-02-23,1.05126289699715,-0.04755290169770732,0.14400399351203663,3.987767562377329e-06,-0.003356790868475068
2024-02-24,1.0539154373269555,-0.04514969280726766,0.187936732053617,2.196636927079018e-05,0.0025231940910137585
2024-02-25,1.0594457710329963,-0.040139195142023576,0.187936732053617,5.601111250769911e-06,0.00524741692755426
2024-02-26,1.0662011758350334,-0.03401877966846667,0.18577763480887352,4.521562628398174e-06,0.006376357324493709
2024-02-27,1.0714356822674544,-0.02927630233302081,0.1864535137639601,3.3793947754329204e-07,0.004909492271304439
2024-02-28,1.0785682493591426,-0.022814176779717643,0.1864535137639601,2.75919110473509e-06,0.0066570184377257036
2024-02-29,1.0860170167798398,-0.016065572851968746,0.18093513155448993,4.0341523839007575e-07,0.006906162336155708
2024-03-01,1.0818321195855383,-0.019857101308638603,0.18012830107770977,2.2464454290058447e-06,-0.0038534361153090835
2024-03-02,1.083457440663557,-0.018384555907302258,0.17563541021969808,1.149934853286086e-06,0.0015023782790350992
2024-03-03,1.0836315130316354,-0.01822684585937384,0.1733355405131259,3.871164093550164e-06,0.0001606637801769839
2024-03-04,1.0912172554754866,-0.011354142181014826,0.17310438864854677,3.7555881612605925e-06,0.007000297012984991
2024-03-05,1.1028543497861176,-0.0016165376049385172,0.17310438864854677,6.548249029847548e-07,0.010664323948539556
2024-03-06,1.1037592664637257,-0.0048154774909409115,0.17179473884257726,1.430156910960559e-06,0.0008205223815707097
2024-03-07,1.10599794409363,-0.0027970144113004247,0.16893442502065614,6.447173614216942e-06,0.0020282299754348365
2024-03-08,1.1090066111217385,-0.003694996162588171,0.15678388132103055,3.71901764404145e-07,0.0027203188253410726
2024-03-09,1.1097674368410773,-0.0030114885408808467,0.15678388132103055,2.9677730501401212e-08,0.0006860425462806852
2024-03-10,1.108291562081242,-0.0043373791113383575,0.15692005921473173,9.776667735199308e-08,-0.0013298955356209063
2024-03-11,1.1144195472115854,-0.0017658426445946729,0.15826745047851862,6.736956318934423e-07,0.005529217527241004
2024-03-12,1.113291469108036,-0.003953483652620382,0.15826745047851862,1.833938983610492e-06,-0.001012256206712081
2024-03-13,1.1122149640921621,-0.0049166178368342806,0.15459957251129763,1.8872381952847462e-07,-0.0009669570330399502
2024-03-14,1.1072295117667152,-0.009377033243731958,0.15422212487224068,1.353825211548948e-06,-0.00448245391979496
2024-03-15,1.1007507203117453,-0.015173518564898014,0.1515144744491428,1.3225835648049965e-06,-0.005851353658943181
2024-03-16,1.1009782947176645,-0.014969910883966708,0.1488693073195328,9.780604032686726e-05,0.00020674472586934556
2024-03-17,1.1016016190711555,-0.014412231185453761,0.0467427733342017,1.2099419115281402e-06,0.0005661549882325367
2024-03-18,1.1029697792000752,-0.013188157195820338,0.04457385216174662,1.2548132530059915e-07,0.0012419736002842185
2024-03-19,1.1061265590054343,-0.010363829860838725,0.04485570578935072,1.409268138020496e-07,0.0028620728009900454
2024-03-20,1.10615984349311,-0.010334050688970753,0.04485570578935072,7.287440341124524e-07,3.00910301884727e-05
2024-03-21,1.1035450166964873,-0.012673500144839256,0.043398217721125815,2.6023587096303745e-06,-0.0023638778898061874
2024-03-22,1.1053744023764585,-0.01103677401861558,0.03898069206627395,3.935958822044415e-07,0.001657735436520369
2024-03-23,1.1046678961974228,-0.011668875348710306,0.03898069206627395,1.2461392614614153e-06,-0.0006391555454150488
2024-03-24,1.1047440031694922,-0.011600783490914868,0.03648841354335112,8.046913785825643e-07,6.889579423319248e-05
2024-03-25,1.1026733205742245,-0.013453394637868099,0.035031974870784646,7.647204229932828e-08,-0.0018743551350612897
2024-03-26,1.1025274387661954,-0.01358391307865181,0.03554242905802738,2.5522709362136784e-07,-0.0001322983020500823
2024-03-27,1.0999197235110787,-0.01591699993645912,0.10243851888401125,6.899047397101932e-05,-0.002365215742871185
2024-03-28,1.10202368723519,-0.014034612622738418,0.10343456465704076,4.980228865147582e-07,0.001912833890636234
2024-03-29,1.0991236972496103,-0.016629193649118967,0.10369817251909559,1.3180393102741467e-07,-0.002631513296102561
2024-03-30,1.1007528062531629,-0.015171652301893213,0.10422942306236838,2.6562527163639245e-07,0.001482188954371244
2024-03-31,1.103400039106618,-0.01280320959411163,0.10491509723750579,3.4283708756870786e-07,0.0024049294613754935
2024-04-01,1.097600307238295,-0.01799214967268825,0.10689175169494344,9.883272287188258e-07,-0.005256236779740742
2024-04-02,1.1002614762774119,-0.015611238451884946,0.10689175169494344,7.13049272300998e-05,0.0024245337957438107
2024-04-03,1.0992111812342127,-0.016550922935188894,0.03571810276525615,8.176940089746273e-07,-0.000954586764916443
2024-04-04,1.098826644606185,-0.016894962550494497,0.0340827147473069,9.972668128920073e-07,-0.0003498296183597205
2024-04-05,1.0991931752288249,-0.01656703265976467,0.032549355218145906,2.305870483115119e-07,0.00033356546680085586
2024-04-06,1.0990806662499673,-0.016667692890762975,0.034813627196019666,1.1321359889368797e-06,-0.00010235596562424565
2024-04-07,1.098458155807559,-0.017224644394260413,0.034813627196019666,3.6448413590454975e-09,-0.0005663919505901616
2024-04-08,1.0958172539879323,-0.01958742281343051,0.0349530891854644,7.337583608141296e-08,-0.0024041897323675565
2024-04-09,1.0924122723406036,-0.022633812911762807,0.10492483400152643,6.993896159349542e-05,-0.003107253180159364
2024-04-10,1.0909278711821808,-0.023961886146612654,0.10492483400152643,4.397679183915912e-06,-0.001358828709640214
2024-04-11,1.0918648819206533,-0.02312355556766421,0.0961294756336946,4.339731786317941e-07,0.000858911723886191
2024-04-12,1.0898116167460217,-0.024960583588698015,0.09728265922670629,1.0105649751376359e-06,-0.0018805121481854092
2024-04-13,1.0847024119424642,-0.02953171863023929,0.09728265922670629,1.2816783306427576e-07,-0.004688154103929976
2024-04-14,1.0778974359534412,-0.03562003675336689,0.09702632356057773,1.712803717320091e-07,-0.006273587957493443
2024-04-15,1.0767102470023793,-0.036682198327189774,0.09668376281711372,6.411014666945171e-05,-0.00110139324156322
2024-04-16,1.0782955098985074,-0.03526388548729331,0.0315365305217897,6.061987883396354e-07,0.0014723208036153679
2024-04-17,1.0789381753036,-0.034688901616777956,0.03032413294511043,3.3472976701855e-07,0.0005960011881627203
2024-04-18,1.077641810518215,-0.03584874130317439,0.02965467341107333,3.60782291853946e-07,-0.001201519062965839
2024-04-19,1.0774802994540584,-0.03599324302376483,0.029037586877986507,5.2239025310533985e-08,-0.000149874533986738
2024-04-20,1.077169982666944,-0.03627087917148186,0.029708208678903815,3.3531090045865393e-07,-0.0002880022839124585
2024-04-21,1.0766455249399407,-0.03674010426342622,0.029708208678903815,7.725049340524815e-09,-0.00048688483288661377
2024-04-22,1.076370924837758,-0.03698578518594953,0.03136618789335227,8.367146565647527e-07,-0.0002550515427965916
2024-04-23,1.0759077106250343,-0.037400216550698584,0.03199982718214426,3.1681964439599434e-07,-0.00043034812817599466
2024-04-24,1.0764354080223626,-0.036928092970415105,0.032129740062105665,6.495643998070261e-08,0.0004904671582104392
2024-04-25,1.0765920754378095,-0.03678792479549309,0.032129740062105665,5.7350054837330276e-08,0.00014554279269596293
2024-04-26,1.077065341145096,-0.03636450049724804,0.03360076166816434,7.928608578666695e-07,0.00043959612752209054
2024-04-27,1.0767310616441343,-0.03666357575440948,0.03363085159710547,1.5044964470564692e-08,-0.00031036139423656905
2024-04-28,1.0747438628848769,-0.03844149506518446,0.033769354684915154,6.925154390484064e-08,-0.0018455850583802835
2024-04-29,1.070032632815221,-0.04265656760351222,0.10188082304330011,6.782508886410762e-05,-0.0043835840634705026
2024-04-30,1.0637729941458296,-0.0482569799512651,0.10188082304330011,2.3054461778823298e-06,-0.005849951185993074
2024-05-01,1.0649553984801037,-0.047199099108064746,0.09726993068753545,6.451399673183781e-05,0.001111519413241835
2024-05-02,1.0637660423653967,-0.0482631996132985,0.03175806277614016,5.494077480189298e-07,-0.0011168130763030693
2024-05-03,1.0628214098893454,-0.04910834925569485,0.031083480157938846,2.1211643891827156e-07,-0.0008880077370706507
2024-05-04,1.062254099530161,-0.049615914006376105,0.03185548553491301,3.8600268848708317e-07,-0.0005337776920038007
2024-05-05,1.0618848993630232,-0.04994623230173423,0.03185548553491301,1.3350705248393186e-08,-0.0003475629487337262
2024-05-06,1.0626225496481332,-0.049286266769657416,0.031828784124416226,4.7143863354550536e-08,0.0006946612439382438
2024-05-07,1.0628162011007836,-0.049113009486950854,0.031734496397707125,1.974364549570812e-08,0.0001822391711139293
2024-05-08,1.0635058206732575,-0.04849601637074752,0.03169500910671571,9.227756816588065e-08,0.0006488606136800801
2024-05-09,1.0635060429449166,-0.04849581750736098,0.03167599337598695,8.276970280150093e-08,2.089990058795621e-07
2024-05-10,1.064582109835314,-0.04753307530796558,0.034474326686003275,1.3991666550081626e-06,0.0010118107908598795
2024-05-11,1.064468376845829,-0.047634830644383674,0.03475969508510918,1.4268419955295112e-07,-0.0001068334592865261
2024-05-12,1.0643174343238453,-0.047769876836115444,0.03475969508510918,1.5600456033304858e-07,-0.00014180085126380693
2024-05-13,1.0640064795941313,-0.048048083742274095,0.0345315922502862,4.1953142921560826e-08,-0.0002921635216027729
2024-05-14,1.0647807692421107,-0.04735533747778353,0.034596172667324655,3.229020851922698e-08,0.0007277114029158316
2024-05-15,1.063751981373717,-0.04827577978854247,0.03589131252929704,6.475699309861916e-07,-0.0009661968905845253
2024-05-16,1.0640023132352165,-0.04805181132610814,0.03909913639121242,1.6039119309576924e-06,0.00023532916119872738
2024-05-17,1.061854152365652,-0.049973741216038925,0.039599403374638076,2.5013349171282634e-07,-0.0020189437963048507
2024-05-18,1.0615922686110713,-0.05020804499782128,0.12601687837347963,8.280814087405886e-05,-0.0002466287427482783
2024-05-19,1.0602184463059026,-0.05143718485841853,0.12601687837347963,3.1820266520405995e-06,-0.0012941148365378519
2024-05-20,1.0619808001306348,-0.04986043120817951,0.12442895124431003,2.3880630874557953e-06,0.0016622553879053203
2024-05-21,1.0878405524719366,-0.026724067598211,0.12442895124431003,1.7969623534293267e-07,0.0243504895174389
2024-05-22,1.0873410081379278,-0.02717100302119524,0.12406955877362416,1.4060685714885336e-07,-0.00045920731018112004
2024-05-23,1.0885445459015821,-0.026094214390324888,0.12378834505932645,2.5167028730913402e-05,0.0011068632146193913
2024-05-24,1.0862242659424828,-0.028170136854783534,0.07345428759749965,3.347657931409426e-08,-0.0021315434153230672
2024-05-25,1.0873256019549626,-0.02718478672052138,0.07338733443887147,3.662338897890416e-09,0.0010139121791099548
2024-05-26,1.0891879538400244,-0.025518566185466995,0.07338000976107568,3.130477039820015e-07,0.0017127821525688702
2024-05-27,1.0919025719081183,-0.02308983485592131,0.0727809754233213,1.3530535104812336e-08,0.0024923320704410834
2024-05-28,1.0898309825122605,-0.024943257304850586,0.07284615635960032,3.2590468139505333e-08,-0.0018972291568475352
2024-05-29,1.0877919490324173,-0.026767552424924346,0.07284615635960032,2.275737944409592e-07,-0.001870963032395534
2024-05-30,1.0881465092028848,-0.0264503323325862,0.07318529485851967,3.9714304390063573e-07,0.0003259448378702956
2024-05-31,1.0875070756451024,-0.027022424713905813,0.07406078888456494,4.377470130226338e-07,-0.0005876355365536101
2024-06-01,1.0886992958720232,-0.025955761726992987,0.07741108360958637,1.6751473625107178e-06,0.0010962873287188035
2024-06-02,1.0887333064473803,-0.025925332934494838,0.07882814587061907,7.085311305163461e-07,3.123964118634248e-05
2024-06-03,1.0886707295230926,-0.025981319645226097,0.07942366965867328,2.9776189402710985e-07,-5.747681633361257e-05
2024-06-04,1.089001538021867,-0.025685349845829153,0.07973966633232155,1.5799833682413056e-07,0.00030386460277309624
2024-06-05,1.0891097041860145,-0.025588575071230246,0.07976965225412119,1.4992960899823383e-08,9.932599759676641e-05
2024-06-06,1.0898124788663262,-0.02495981226155697,0.07977866961786702,4.50868187291259e-09,0.0006452744637275298
2024-06-07,1.0888155190964082,-0.02585177841177,0.08048025818090966,3.507942815213216e-07,-0.0009147993707696589
2024-06-08,1.0862086285457255,-0.02818412741789933,0.08063867457402159,7.920819655596323e-08,-0.0023942444839920585
2024-06-09,1.0861511129945476,-0.028235585787945494,0.08063867457402159,5.3826498098798063e-05,-5.295074046240966e-05
2024-06-10,1.086059074849785,-0.028317931046133227,0.027014321623574537,1.9757993492749287e-07,-8.473788192264742e-05
2024-06-11,1.088132133920037,-0.026463193699801768,0.027007849742879512,1.9434399457998047e-07,0.0019087903395504924
2024-06-12,1.0866935617850633,-0.02775026433971517,0.027008817809581115,4.840333508015354e-10,-0.0013220564765359377
2024-06-13,1.0880455245485259,-0.0265406819094669,0.027008817809581115,8.27301721930556e-07,0.0012441067206072631
2024-06-14,1.0878915442238164,-0.02667844598138225,0.025354214365720003,2.1802052485327128e-07,-0.0001415201121973686
2024-06-15,1.0870943686064274,-0.027391668006925607,0.02491817331601346,2.6809744546034236e-07,-0.0007327712230339456
2024-06-16,1.0868987313891083,-0.027566701925881842,0.024481237315165088,4.9629445036156184e-08,-0.00017996341713255593
2024-06-17,1.0875950164404482,-0.0269437452977066,0.024481237315165088,4.723378408589586e-08,0.0006406163069587745
2024-06-18,1.088142678722062,-0.02645375941092587,0.024848850764247983,2.3104050862734344e-07,0.000503553504142662
2024-06-19,1.0873219209694334,-0.02718808004748463,0.024848850764247983,1.0793489846673901e-07,-0.0007542740200116027
2024-06-20,1.0874861628207537,-0.027041135129297955,0.024632980967314505,4.593712138365076e-08,0.00015105172456508775
2024-06-21,1.087578873926102,-0.02695818778255954,0.024541106724547204,6.911754558737438e-08,8.525267586545482e-05
2024-06-22,1.0873707775890913,-0.027144368703994504,0.04190272453346332,8.749926450045432e-06,-0.0001913390761838496
2024-06-23,1.0877539393994178,-0.026801559119116636,0.04190449041272773,8.829396322060368e-10,0.00035237457013215234
2024-06-24,1.0903702644093387,-0.024460769232482416,0.04216697638262997,1.3124298495112083e-07,0.002405254456135264
2024-06-25,1.0884102598483887,-0.026214358269254,0.043151632556174054,4.923280867720412e-07,-0.0017975587054460673
2024-06-26,1.0891359346460467,-0.02556510704056414,0.043151632556174054,1.4665432553252028e-06,0.000666729104299213
2024-06-27,1.0879985360795905,-0.02658272184428201,0.04021854604552365,6.087089568750231e-07,-0.0010443127715052958
2024-06-28,1.0884828519029752,-0.026149411159631986,0.04026646434656244,6.326681073944192e-07,0.00044514381896521016
2024-06-29,1.088719671219237,-0.025937532184977408,0.04026646434656244,2.39755050315503e-07,0.00021756825644625444
2024-06-30,1.088646219773207,-0.026003248180266114,0.04023263435325714,2.2284005366285387e-07,-6.746589409167836e-05
2024-07-01,1.0876892565007497,-0.026859430016068053,0.040284243761616184,2.580470417952105e-08,-0.0008790397239022418
2024-07-02,1.0884171355542318,-0.02620820667010637,0.040284243761616184,3.991943696469991e-10,0.0006691976123991417
2024-07-03,1.0898591480101574,-0.024918058022506462,0.04028344537287689,1.553872060006019e-07,0.0013248711443634154
2024-07-04,1.0920500159579332,-0.02295791869896746,0.039972670960875686,8.185189415509803e-08,0.0020102303602993477
2024-07-05,1.0940069705732622,-0.02120705840646009,0.03980896717256549,3.9361724029219126e-07,0.001792000903558577
2024-07-06,1.0936129150421154,-0.02155961445304566,0.03902173269198111,8.585906058900632e-07,-0.00036019471698300887
2024-07-07,1.0942435751866528,-0.02099537152350195,0.03730455148020098,5.929443391937093e-07,0.000576675838282581
2024-07-08,1.0942132059522283,-0.02102254245851054,0.03611866280181356,1.703172830472624e-08,-2.7753632842908438e-05
2024-07-09,1.0928949635910397,-0.022201955710114296,0.03608459934520411,1.930254010123339e-08,-0.001204739948316269
2024-07-10,1.092167657842228,-0.022852666128297727,0.036375233379908,1.6461955745317865e-07,-0.0006654854977277136
2024-07-11,1.0921980557862419,-0.022825469507215645,0.036375233379908,5.208321678012856e-07,2.7832671838812217e-05
2024-07-12,1.0920288303539847,-0.022976873166503764,0.03533356904430543,1.596647228625167e-07,-0.00015494024308415622
2024-07-13,1.0916974856347825,-0.023273322714918776,0.03835247079831808,1.6691155998688408e-06,-0.0003034212192841723
2024-07-14,1.0911842394012767,-0.023732517038325796,0.040906380529679126,1.2769548656805241e-06,-0.0004701359490723034
2024-07-15,1.0886234880831427,-0.02602358590971754,0.04311622784179216,1.1049236560565154e-06,-0.0023467634755608424
2024-07-16,1.0930387681471685,-0.022073295757944034,0.12887506599359932,8.599564691769574e-05,0.004055837589726385
2024-07-17,1.0915635392056622,-0.02339316273687586,0.12887506599359932,3.59407737959698e-06,-0.00134965838770007
2024-07-18,1.089780320476379,-0.024988583929325126,0.12168691123440536,1.5256521343476048e-06,-0.0016336371317219323
2024-07-19,1.0927108619201753,-0.02236666893482364,0.12021902498313784,7.917090087138437e-07,0.0026891120978576044
2024-07-20,1.0941884971710873,-0.021044649064068444,0.12095003543551265,3.6550522618740423e-07,0.0013522655465452171
2024-07-21,1.0940667615645037,-0.02115356423158543,0.12231248829235333,6.812264284203409e-07,-0.0001112565219840711
2024-07-22,1.092470257135749,-0.02258193471561354,0.12231248829235333,1.3838759311257665e-07,-0.0014592385810855424
2024-07-23,1.092430528277435,-0.022617479576973132,0.12208118984270525,2.273836828853293e-08,-3.636607775403533e-05
2024-07-24,1.090995010312071,-0.023901817693477767,0.12208118984270525,2.0306646963760832e-07,-0.00131405881491653
2024-07-25,1.080043418215683,-0.0337000560333478,0.12187661100407166,1.007770503208133e-07,-0.010038168821008164
2024-07-26,1.0782007191273162,-0.035348693482366245,0.12187661100407166,8.31342525393323e-05,-0.0017061342695031678
2024-07-27,1.0778503578317078,-0.03566215689930352,0.044391894074592944,2.7790353598309906e-06,-0.0003249499739658157
2024-07-28,1.0779909936843188,-0.035536331942449206,0.03883382335493096,5.044419536292568e-07,0.00013047808685762163
2024-07-29,1.0774873759053951,-0.03598691182039393,0.0384049529867518,2.9000676953967393e-07,-0.00046718180566829304
2024-07-30,1.0773018892942559,-0.03615286413205798,0.03848203047375766,3.853874350293052e-08,-0.00017214736366288896
2024-07-31,1.077520231100453,-0.035957516730707684,0.03848203047375766,6.427054081072776e-08,0.00020267467119605698
2024-08-01,1.079894674862306,-0.03383313465927118,0.0383534893921362,7.847556910665216e-09,0.002203618728742196
2024-08-02,1.0809237744895617,-0.03291241342216,0.03877758148299668,2.1989360234090512e-07,0.0009529629613060919
2024-08-03,1.0821666406321195,-0.031800438233333006,0.03877758148299668,1.1684322006750118e-06,0.0011498184903415698
2024-08-04,1.0837241590691051,-0.030406947978216525,0.03675509485781324,1.5718888808329e-07,0.0014392593326304493
2024-08-05,1.088926514357651,-0.02575247248303547,0.0379684883913223,6.066967667545317e-07,0.00480044229429355
2024-08-06,1.087533715282039,-0.026998590598309224,0.038542771925154824,2.8714176691626086e-07,-0.001279056995349026
2024-08-07,1.0889151604401226,-0.025762630676388176,0.038542771925154824,5.151158164602574e-06,0.0012702550170824445
2024-08-08,1.087695710992081,-0.026853655271732113,0.028240455595949676,2.1320470673770813e-07,-0.0011198755351581324
2024-08-09,1.0870547691995023,-0.02742709704991353,0.02781404618247426,2.544613967847432e-07,-0.0005892657165964543
2024-08-10,1.0865629439928197,-0.027867126276186593,0.027305123388904774,7.572524465489748e-08,-0.00045243829531016466
2024-08-11,1.0863900444865686,-0.028021817078782596,0.02715367289959498,1.9669836190727707e-08,-0.00015912516362093232
2024-08-12,1.0855177706557353,-0.028802228439698374,0.027114333227213523,7.189358991196645e-08,-0.0008029103683911964
2024-08-13,1.0859053635005647,-0.028455454469389685,0.02697054604738959,4.737302141665303e-09,0.0003570580374692156
2024-08-14,1.0856456736650781,-0.028687795382029924,0.02696107144310626,1.4505619581410729e-07,-0.00023914591843465782
2024-08-15,1.0856893220257045,-0.02864874379603244,0.02673463685720172,3.183890286183669e-08,4.0204978181357376e-05
2024-08-16,1.0868114853059707,-0.027644759792654017,0.02781227360838357,5.388183755909264e-07,0.0010335952076709898
2024-08-17,1.0863515834510753,-0.028056227636557685,0.028342271860504687,2.6499912606055794e-07,-0.00042316617105198073
2024-08-18,1.0855872484118883,-0.028740067649914214,0.028342271860504687,1.4078103052548447e-07,-0.0007035798086271194
2024-08-19,1.0865902517436685,-0.027842694408291346,0.028060709799453718,9.119460535335876e-08,0.0009239269650995752
2024-08-20,1.0866857238606742,-0.027757276822519272,0.027878320588747,2.9701865694842233e-08,8.786395502391464e-05
2024-08-21,1.0863594721995296,-0.028049169682163644,0.027818916857357316,2.7094084095537903e-08,-0.0003002263248490511
2024-08-22,1.0863753509741996,-0.028034963161559845,0.02777828809229978,6.779701566770116e-09,1.46165013321653e-05
2024-08-23,1.0855565090484807,-0.02876756973421679,0.02777828809229978,6.562685959896238e-08,-0.0007537375778857713
2024-08-24,1.0845415415545598,-0.029675647146626738,0.02764782661082444,3.961188612920663e-10,-0.0009349743522875098
2024-08-25,1.084560135573834,-0.029659011334140284,0.08173603999551388,5.469193330316915e-05,1.714458926516116e-05
2024-08-26,1.0831486637669923,-0.0309218356844011,0.08614079129852228,2.202375651504204e-06,-0.0013014232780163004
2024-08-27,1.078060517621248,-0.03547412983536158,0.08791418988590696,8.86699293692339e-07,-0.0046975510527345055
2024-08-28,1.0750972774118734,-0.0381252999642524,0.08803409132482658,5.995071945980729e-08,-0.0027486770556389706
2024-08-29,1.0737951391683687,-0.039290305083967136,0.08803409132482658,5.828723812197625e-05,-0.0012111817887190401
2024-08-30,1.0753312965093016,-0.03791592630675111,0.028540384919125934,2.721499306654156e-08,0.0014305869759461132
2024-08-31,1.0744663156508816,-0.03868981274587624,0.02848595493299285,2.5063379765281546e-07,-0.0008043854589107058
2024-09-01,1.074913329564657,-0.03828987556506647,0.02798468733768722,2.756814156415731e-07,0.00041603343656970715
2024-09-02,1.074504706421913,-0.03865546505274564,0.027780271191131634,1.7347334236378006e-07,-0.0003801452000860017
2024-09-03,1.0753341838201238,-0.03791334306959726,0.027867820032242096,4.377442055523116e-08,0.000771962554699801
2024-09-04,1.075172991496445,-0.03805755961748014,0.02797279408572025,5.24870267390766e-08,-0.00014989974847579024
2024-09-05,1.0762179243641747,-0.03712267259858204,0.028202500257214685,1.1485308574721818e-07,0.0009718741783821816
2024-09-06,1.0776318816047237,-0.03585762456507713,0.03907492584236489,5.436212792575102e-06,0.001313820564159851
2024-09-07,1.0774030747656924,-0.0360623348869088,0.03907492584236489,5.994926204339057e-08,-0.0002123237470406103
2024-09-08,1.078431515727324,-0.03514220294884329,0.039803896745311054,4.2443471351647293e-07,0.0009545554358583175
2024-09-09,1.0774810724252788,-0.03599255145707936,0.041445122986774274,8.206131207316101e-07,-0.0008813200357999929
2024-09-10,1.0768304733522776,-0.036574633470804696,0.04160426358484044,7.957029903308405e-08,-0.0006038148508126229
2024-09-11,1.0767732941460484,-0.036625790917666046,0.04160426358484044,1.1561825286638544e-07,-5.309954319088206e-05
2024-09-12,1.0768200688865592,-0.03658394220272332,0.04137302707910767,1.2502890834291402e-07,4.3439729386030024e-05
2024-09-13,1.0751698345172083,-0.03806038412324364,0.04228418606960104,5.806084035895991e-07,-0.0015325070706150301
2024-09-14,1.0749515351843446,-0.03825569352428848,0.04237498913451222,4.54015324555905e-08,-0.00020303706992164106
2024-09-15,1.075134983387471,-0.038091564948147805,0.04237498913451222,7.90748525867524e-07,0.00017065718511388717
2024-09-16,1.0773637180936098,-0.036097546758382504,0.040793492082777175,3.1414456292677695e-08,0.0020729812912576584
2024-09-17,1.0754785222724532,-0.037784205447862984,0.04207767860727075,6.735077185394643e-07,-0.001749823007306417
2024-09-18,1.0770716798040556,-0.036358829386536895,0.04207767860727075,1.0485905471886297e-06,0.0014813476035155926
2024-09-19,1.0744988718778776,-0.03866068513878984,0.03998049751289349,5.650598686361315e-07,-0.002388706317713707
2024-09-20,1.0724839623753533,-0.040463396869216184,0.038850377775621225,1.105950437021129e-07,-0.0018752085788630302
2024-09-21,1.0724585766141106,-0.040486109159530326,0.10649428084307551,7.256173426564626e-05,-2.367006140180372e-05
2024-09-22,1.0729498711958314,-0.040046554676089086,0.10649428084307551,2.1897442718439508e-06,0.0004581012194149192
2024-09-23,1.0773971851235817,-0.03606760426844069,0.10211487286475071,4.0282681551540024e-11,0.004144941014622816
2024-09-24,1.0747961266050325,-0.03839473543588978,0.1034956310936572,6.903791144532434e-07,-0.002414205786375856
2024-09-25,1.0743083699235887,-0.03883112460876881,0.1034956310936572,4.680791566471082e-07,-0.00045381321106019445
2024-09-26,1.0764784920186499,-0.0368895463134048,0.10255947278036298,4.4028746535347553e-07,0.0020200178606186725
2024-09-27,1.0778123440744616,-0.035696167283402414,0.10199631256938536,1.5870735986466682e-07,0.0012390884404103186
2024-09-28,1.0772557369599662,-0.03619415598874243,0.10675808412929999,2.3808857799573134e-06,-0.000516423028140478
2024-09-29,1.0770922706914428,-0.036340407003702224,0.10903144212748381,1.1366789990919086e-06,-0.00015174323321465177
2024-09-30,1.0739529045576781,-0.03914915456698009,0.1109077612776882,9.38159575102196e-07,-0.002914667776558799
2024-10-01,1.0704605433484575,-0.042273721953684174,0.11788498627552946,3.4886124989206293e-06,-0.003251875565860596
2024-10-02,1.0712437256329468,-0.04157301957000792,0.11788498627552946,7.854056166519321e-05,0.0007316311557328259
2024-10-03,1.0732780283820718,-0.039752956969433706,0.03919613705485696,2.539003049753588e-07,0.0018990101882936372
2024-10-04,1.0719309447512215,-0.04095817410705538,0.03868833644490624,2.127228971502207e-07,-0.0012551115323594653
2024-10-05,1.0719605500829723,-0.040931686625228725,0.0382628906506058,6.730674594431566e-07,2.7618693066777666e-05
2024-10-06,1.0714528516837847,-0.041385917377819714,0.036916755731719486,4.0218502323314045e-07,-0.00047361668220857744
2024-10-07,1.0709936505881794,-0.04179675826205542,0.03702344083128122,4.555275730140085e-07,-0.0004285779769822584
2024-10-08,1.0718901753974028,-0.04099464988538626,0.03796123155112881,4.688953599237926e-07,0.0008370962878521127
2024-10-09,1.071179522406991,-0.041630461310401934,0.03796123155112881,3.0908778753700046e-08,-0.0006629904879456028
2024-10-10,1.0721067071390504,-0.04080092192381335,0.03797666751677604,3.862676157731504e-08,0.0008655736154978833
2024-10-11,1.0714361581666774,-0.041400852837240376,0.03807599540773168,4.9663945477822905e-08,-0.0006254498436656375
2024-10-12,1.0709426685326286,-0.04184237120371237,0.03807599540773168,1.9456500236879685e-07,-0.0004605870637182097
2024-10-13,1.0714739269329867,-0.0413670616431524,0.03768686540299409,8.675081644321514e-08,0.0004960661443051961
2024-10-14,1.0683763187013346,-0.04413844898758068,0.03751336377010766,3.6842606590443276e-08,-0.0028909786358649603
2024-10-15,1.0651765990871886,-0.04700119397700564,0.11476635769077317,7.610301812384998e-05,-0.0029949368571160484
2024-10-16,1.066676244130881,-0.04565948224833838,0.11476635769077317,6.095978050306178e-06,0.0014078839555600187
2024-10-17,1.0676546762853962,-0.044784092499984385,0.10257440159016082,5.880389045074958e-07,0.0009172719087839898
2024-10-18,1.0686516023497858,-0.04389215650564249,0.10691302876700769,2.75735249293093e-06,0.0009337532879600818
2024-10-19,1.0683451489910034,-0.04416633609733811,0.10986439200860776,1.475681620800036e-06,-0.0002867663868288961
2024-10-20,1.0711238157225715,-0.041680301312317924,0.1138968259629961,2.016216977194174e-06,0.00260090733242313
2024-10-21,1.0698368080843699,-0.042831769288238286,0.12289382151671444,4.498497776859165e-06,-0.001201548895939486
2024-10-22,1.0669973457258661,-0.04537219708182694,0.12851075776649687,2.808468124891217e-06,-0.002654107932206995
2024-10-23,1.0626158328422433,-0.04929227620320942,0.12851075776649687,2.410016436187185e-07,-0.004106395298148269
2024-10-24,1.0618862070921546,-0.04994506229452422,0.12802875447925943,8.300044801504009e-07,-0.000686631732317311
2024-10-25,1.0618633372666326,-0.04996552361186368,0.12858108301982202,1.1061687504316935e-06,-2.1536983315750824e-05
2024-10-26,1.0582102119171184,-0.053233924456683956,0.13033289379439167,8.759053872848255e-07,-0.0034402970903171237
2024-10-27,1.0606907712222151,-0.0510146022728768,0.13038108859757502,2.4097401591677282e-08,0.002344108266169931
2024-10-28,1.0606483192195248,-0.051052583493936154,0.13038108859757502,3.4069383044389724e-07,-4.0022977327192066e-05
2024-10-29,1.068562088959029,-0.04397224290125745,0.12969970093668723,3.7888770841000563e-07,0.007461257040717095
2024-10-30,1.070418901602002,-0.042310978249670006,0.12895806508029345,8.069780213115774e-09,0.001737674078242657
2024-10-31,1.0646754619351337,-0.047449554472318134,0.12895806508029345,5.436295473160366e-06,-0.005365600007878446
2024-11-01,1.061583307375824,-0.0502160624913508,0.11970382944304245,8.09177654534865e-07,-0.0029043165451492214
2024-11-02,1.0610697311244506,-0.050675552077190544,0.11970382944304245,1.8598184753311903e-06,-0.0004837832771148465
2024-11-03,1.058793567050905,-0.052712004667549994,0.11612165770671912,6.87326071695249e-08,-0.0021451597447220694
2024-11-04,1.0588142239579694,-0.05269352321782095,0.12366685315752461,3.7725977254027474e-06,1.9509853208754535e-05
2024-11-05,1.0587944901178097,-0.052711178812326676,0.12555612806093114,9.446374517032632e-07,-1.863767950116557e-05
2024-11-06,1.069115489622862,-0.043477122963082815,0.12556150460515608,2.6882721124721343e-09,0.009747877988958376
2024-11-07,1.0797568388260697,-0.03395645465904651,0.12611473224171285,2.766138182783845e-07,0.00995341411334194
2024-11-08,1.083504904067543,-0.030603112402859622,0.12611473224171285,7.72026161858272e-06,0.0034712123199389655
2024-11-09,1.0873628722396986,-0.027151441511019114,0.11067420900454741,4.788685547346336e-06,0.00356063748089519
2024-11-10,1.0933854424164842,-0.021763131072557673,0.10109683790985474,4.3426325431521195e-07,0.005538693963666574
2024-11-11,1.094469163901916,-0.020793540412602285,0.1004275054019408,9.95970003582411e-08,0.0009911614362090315
2024-11-12,1.0954144961430166,-0.019947764700071646,0.1004275054019408,1.674479104829478e-06,0.0008637358385950034
2024-11-13,1.0970869588875778,-0.018451435358955215,0.09709212797922709,6.790393472622114e-09,0.0015267852949294447
2024-11-14,1.0894061271503401,-0.025323369535056983,0.09788943275225775,3.9865238651533295e-07,-0.007001114793152019
2024-11-15,1.0874418628290732,-0.027080769720608466,0.10616856358679859,4.139565417270417e-06,-0.0018030597334749432
2024-11-16,1.0915246670104013,-0.02342794115362179,0.10616856358679859,4.744573734725116e-06,0.0037545034092261176
2024-11-17,1.0897141735593254,-0.02504776466332559,0.09667941611734836,3.558084316115651e-07,-0.0016586830383207296
2024-11-18,1.0916660561311484,-0.023301442258159666,0.09596779925412523,7.814120091231211e-07,0.0017911876519385306
2024-11-19,1.0904664202083232,-0.024374739965877246,0.09440497523587899,3.7452969930746457e-07,-0.001098903749995106
2024-11-20,1.0913211783334757,-0.023609999665154424,0.09365591583726406,7.25964638497792e-08,0.0007838463517173544
2024-11-21,1.0961303624751604,-0.019307288970141334,0.09351203960953623,6.583499858672793e-10,0.004406754159234305
2024-11-22,1.097358520067258,-0.018208473318464313,0.09381062611723173,1.4929325384775012e-07,0.0011204484741447196
2024-11-23,1.1018369057308086,-0.014201723457519466,0.09381062611723173,5.787506570115661e-07,0.00408105972810735
2024-11-24,1.0967926980596334,-0.018714706461541053,0.09492495027493267,1.1359127358620338e-06,-0.00457799847231144
2024-11-25,1.1036001758118654,-0.012624150045389304,0.09492495027493267,6.369069268947203e-07,0.006206713232382199
2024-11-26,1.09732208824385,-0.01824106836818551,0.09365113642114323,2.161744959691271e-06,-0.005688733751240571
2024-11-27,1.1045875895649442,-0.011740724584727524,0.08932764650176069,9.436126599899827e-07,0.006621120087660026
2024-11-28,1.1044030741701618,-0.011905807962517834,0.08744042118178072,2.8854297340281456e-06,-0.00016704460246586006
2024-11-29,1.1061417503096882,-0.010350238410530621,0.08166956171372443,1.730664792928903e-06,0.001574313020480611
2024-11-30,1.1076437453982833,-0.009006424129114565,0.07987118286313018,8.314753676317774e-07,0.001357868544582086
2024-12-01,1.10896475237681,-0.007824537412524202,0.07987118286313018,3.78067474146801e-08,0.0011926280304608294
2024-12-02,1.1076133032027584,-0.009033660341412841,0.0826880802566341,1.4462554441666414e-06,-0.0012186583668790663
2024-12-03,1.1051020792415602,-0.01128041776992672,0.08406167402080936,6.867968820876286e-07,-0.0022672388945969013
2024-12-04,1.111417788141558,-0.005629840160500721,0.08406167402080936,2.4652435180712305e-07,0.005715045712634925
2024-12-05,1.1130860457190594,-0.00413727312433021,0.08356862531719511,3.124449113392491e-07,0.001501017524913273
2024-12-06,1.1155802242699533,-0.0019057659892250944,0.08294373549451661,1.2481337115745062e-06,0.0022407778450621585
2024-12-07,1.1158365706430684,-0.0016764164262358383,0.08066381215283994,1.0817204073616804e-07,0.00022978748416457861
2024-12-08,1.11553919487116,-0.001942474426206764,0.08409952763630833,1.7178577417341982e-06,-0.00026650477295064867
2024-12-09,1.1113651767327657,-0.005676910862021156,0.08860610886848044,2.253290616086055e-06,-0.003741704601311735
2024-12-10,1.1047471202318015,-0.011597994698275493,0.08884814298780441,1.2101705966198474e-07,-0.005954889211501335
2024-12-11,1.1105261725015272,-0.0064275563712293815,0.08884814298780441,1.1344860080470253e-06,0.005231108697989484
2024-12-12,1.114661652618394,-0.002727599371532663,0.08657917097171036,1.6694109203514857e-06,0.0037238925288418656
2024-12-13,1.113056283845331,-0.0041639006621041474,0.08324034913100739,1.3986137821482003e-06,-0.0014402296600857234
2024-12-14,1.1131389627919437,-0.004089928949364108,0.08044312156671099,6.298307497673434e-07,7.428101149220545e-05
2024-12-15,1.113301253417077,-0.0039447297663242065,0.0791834600671763,2.1382336196196228e-07,0.00014579547618143174
2024-12-16,1.1144549661114755,-0.0029125189374366034,0.08451939807726565,2.8817923670066344e-06,0.0010362987473990781
2024-12-17,1.114424630592473,-0.0034984197898857428,0.08516021871707394,3.20410319904145e-07,-2.7220049194753848e-05
2024-12-18,1.112744072879515,-0.005001148974636993,0.08612180513201463,4.807932074703466e-07,-0.001508004818653208
2024-12-19,1.1063132443974941,-0.010751498140005977,0.0867579056224265,3.1805024520593225e-07,-0.005779252065914675
2024-12-20,1.1081693723923542,-0.009091776675516194,0.0867579056224265,5.7741500433896127e-05,0.0016777598969028862
2024-12-21,1.1079995800966937,-0.00924360236770616,0.028725095245365755,8.442201168974185e-07,-0.00015321872259788094
2024-12-22,1.1087235085085791,-0.008596276575903339,0.027036655011570918,7.246369861991561e-07,0.0006533652402864742
2024-12-23,1.108907542665946,-0.008431716027262892,0.02610101496983958,2.5681696533348677e-07,0.00016598742243378872
2024-12-24,1.1070547014758647,-0.01008849848083515,0.02610101496983958,8.119893478092736e-08,-0.0016708707613460883
2024-12-25,1.1072111199080237,-0.009948631494283156,0.02646584222623781,2.636125629800427e-07,0.0001412924148616046
2024-12-26,1.1082874458398195,-0.008986197191942269,0.02646584222623781,2.2617417942466522e-07,0.0009721054209479441
2024-12-27,1.1084319271432101,-0.008857004204648855,0.02719483748851418,5.906718105628505e-07,0.0001303644681103222
2024-12-28,1.108027437628648,-0.009218692585697408,0.02809301307663271,4.490877940592653e-07,-0.00036492048330261095
2024-12-29,1.1079690589985203,-0.00927089387017721,0.030236382481235256,1.0716847023012725e-06,-5.26869896426696e-05
2024-12-30,1.1084504689141952,-0.008840424434622962,0.030236382481235256,4.475417888320267e-08,0.00043449761684288823
2024-12-31,1.1075400149333445,-0.009654538557481107,0.030340452668783078,9.67892726571138e-08,-0.0008213754302823784
2025-01-01,1.1081288075775717,-0.009128049116847836,0.030441192980871987,5.037015604445437e-08,0.0005316220057862697
2025-01-02,1.1070392787124792,-0.010102289281633148,0.030441192980871987,1.2042891740235083e-07,-0.0009832149995936401
2025-01-03,1.10606583818501,-0.010972725017918017,0.030200335146067285,1.4227587621434487e-08,-0.0008793188698772436
2025-01-04,1.107086224133327,-0.010060311399258448,0.089873131587765,6.002250577929471e-05,0.0009225363564140387
2025-01-05,1.1077166539874732,-0.009496590597848797,0.09504343598901481,2.585152200624906e-06,0.0005694496421335682
2025-01-06,1.1102019278274378,-0.007274296473334552,0.09530419981513955,1.3038191306236763e-07,0.002243600681650859
2025-01-07,1.1027422123746637,-0.013944660742522652,0.09649605862081284,5.95929402836648e-07,-0.006719242027772854
2025-01-08,1.0992788963441489,-0.017041505340564478,0.09649605862081284,4.876372700919271e-07,-0.0031406397539252007
2025-01-09,1.0985375071773353,-0.017704444274252218,0.09552078408062899,2.988073109621674e-06,-0.0006744322749024922
2025-01-10,1.0963389556690686,-0.019670355644136772,0.09029286685713733,3.741144978758465e-07,-0.0020013440541609695
2025-01-11,1.0958334482953556,-0.020122372660707155,0.09029286685713733,6.118213258093458e-05,-0.0004610867570674637
2025-01-12,1.0956646151785283,-0.020273340669751172,0.0340668630318108,9.977323635394844e-07,-0.00015406822732977332
2025-01-13,1.0985307969490175,-0.017710444458507668,0.03553825858764527,7.356977779172346e-07,0.002615929848225562
2025-01-14,1.0966153217152421,-0.01942323332274487,0.035571171159165825,1.645628576027805e-08,-0.0017436700355596413
2025-01-15,1.095106588374602,-0.020772319763219804,0.035571171159165825,1.3842447749013617e-06,-0.0013758091016599083
2025-01-16,1.0950973389803582,-0.0207805904310846,0.0328026816093631,7.517060160872197e-07,-8.446113227589258e-06
2025-01-17,1.094202188520198,-0.021581020378151683,0.03129926957718866,4.3173011470444904e-07,-0.000817416341269861
2025-01-18,1.0953068644091635,-0.0205932359746529,0.030435809347779764,7.405167416103809e-10,0.001009571997348413
2025-01-19,1.0944979886758799,-0.021316520371177927,0.030434328314296544,1.6817142477679354e-07,-0.0007384923436238866
2025-01-20,1.0948784519982036,-0.020976315846349847,0.03153327821254417,7.176463739006056e-07,0.0003476144554432903
2025-01-21,1.095255424283785,-0.020639232953559072,0.03359346426632011,1.0300930268879703e-06,0.00034430514629102404
2025-01-22,1.095421702433607,-0.020490549557209525,0.03359346426632011,5.1607343123323544e-08,0.00015181677819597894
2025-01-23,1.0956224706676532,-0.020311025651338355,0.03379931735194282,1.5453388593467815e-07,0.0001832794015330652
2025-01-24,1.0941974607478075,-0.02158524788042382,0.033817049953338216,8.866300697699114e-09,-0.0013006395523984526
2025-01-25,1.0947667111654742,-0.02107623280199855,0.036586511956693615,1.3847310016776998e-06,0.0005202446889991386
2025-01-26,1.0949867852627788,-0.020879445886394565,0.036586511956693615,5.40321330551527e-07,0.0002010237387182201
2025-01-27,1.0971900743604333,-0.01890929823602805,0.036347197214138434,4.2066395927393625e-07,0.0020121604455096698
2025-01-28,1.0965513249644205,-0.01948045824542821,0.036347197214138434,1.6177416679342972e-09,-0.0005821684054022613
2025-01-29,1.0975012781083893,-0.018631024570773036,0.036343961730802565,9.57756354571241e-07,0.0008663097862686708
2025-01-30,1.0956326814220656,-0.02030189534981075,0.03442844902166008,8.975860405001368e-08,-0.001702591808864451
2025-01-31,1.093702774975844,-0.022027588385054586,0.034248931813560056,1.194449667285165e-07,-0.0017614538877371855
2025-02-01,1.095587501149045,-0.020342294863805233,0.03401004188010302,5.034040158821141e-07,0.001723252620663862
2025-02-02,1.0974389167930652,-0.01868678711187144,0.033003233848338795,6.15134863802852e-07,0.0016898838678589545
2025-02-03,1.1011792494048236,-0.015342238493857518,0.03177296412073309,3.827300392342126e-07,0.0034082376290105465
2025-02-04,1.1001498267220766,-0.016262732623205767,0.031007504042264666,3.26827846931688e-07,-0.0009348366156588517
2025-02-05,1.100131177260593,-0.016279408688440022,0.03035384834840129,2.4654070770106005e-06,-1.695174696147994e-05
2025-02-06,1.1007837393865643,-0.015695897545681237,0.02542303419438009,1.4524309126335081e-07,0.0005931675598840336
2025-02-07,1.1005857058731356,-0.015872976105907655,0.025377382596023075,1.2241729208484383e-07,-0.00017990228810627062
2025-02-08,1.1018273259176878,-0.014762738318217172,0.026304507093959026,4.6356224896797544e-07,0.0011281448031965624
2025-02-09,1.1012915210373375,-0.01524184690510244,0.026442006671862382,6.874978895167819e-08,-0.0004862875223262675
2025-02-10,1.1012024280153092,-0.015321512532368575,0.026442006671862382,1.8058330456587578e-07,-8.089867244454041e-05
2025-02-11,1.1011472442037196,-0.015370857058630394,0.02608084006273063,5.406212905173687e-08,-5.0112322843687274e-05
2025-02-12,1.101717796280649,-0.014860678056260235,0.02601058051872082,1.8932357046832354e-08,0.000518143309111041
2025-02-13,1.100222178167215,-0.016198037059744874,0.07807756919536617,2.6033494338322673e-05,-0.0013575328623046667
2025-02-14,1.0972829476031558,-0.018826252392826426,0.08197395371759712,1.9481922611154777e-06,-0.002671488197916294
2025-02-15,1.098719262150879,-0.01754192173717317,0.08436769571553511,1.1968709989689936e-06,0.0013089737253775269
2025-02-16,1.0985868305858209,-0.017660340031445787,0.08519288448774584,4.1259438610536523e-07,-0.00012053266891864922
2025-02-17,1.0964187774707257,-0.01959898020132711,0.08519288448774584,2.1324926001750622e-08,-0.0019734927224156484
2025-02-18,1.0992199717788207,-0.017094194792009465,0.08629282303432426,5.712941992909587e-07,0.0025548580210879024
2025-02-19,1.0983484205266594,-0.017873522685678878,0.08629282303432426,8.405733974260061e-08,-0.0007928815655966481
2025-02-20,1.0977766527297046,-0.01838478876643279,0.08651570966595537,1.955006555581576e-07,-0.0005205705095699953
2025-02-21,1.097301418548366,-0.01880973595413271,0.08651570966595537,1.1473299530494197e-07,-0.00043290607443047247
2025-02-22,1.0954363218550687,-0.02047747709255976,0.08628624367534549,6.82202458169856e-08,-0.0016997122775668227
2025-02-23,1.0951627963171116,-0.020722059474642562,0.08614980318371152,5.86063291250008e-08,-0.0002496955162940573
2025-02-24,1.0993512571389144,-0.016976801416809018,0.08603259052546151,3.248303522210283e-07,0.0038245097768927483
2025-02-25,1.108535273429881,-0.008764593524599906,0.08736825861391466,9.926643964476013e-07,0.008354032645460974
2025-02-26,1.107732928883019,-0.009482037833414059,0.08736825861391466,7.758517271357763e-07,-0.0007237880165761323
2025-02-27,1.1114092921271745,-0.0061946896524253114,0.08581655515964311,3.7128291481495493e-06,0.0033188173324869563
2025-02-28,1.115096587229235,-0.005505934527861189,0.07998663089850616,7.978670175810763e-07,0.0033176752508501384
2025-03-01,1.117016938864318,-0.0037932772328952424,0.07998663089850616,2.539306181856202e-07,0.0017221392810979896
2025-03-02,1.1146866242341986,-0.005871558250771125,0.07947876966213492,3.7251172046068315e-07,-0.002086194532098129
2025-03-03,1.1120455235541424,-0.008227012462281857,0.08190597071977938,1.5861122492829145e-06,-0.0023693660824806173
2025-03-04,1.120907066735952,-0.003031494763472864,0.08452321133063476,1.3086203054276865e-06,0.007968687427008181
2025-03-05,1.115777469802044,-0.0075939127724484745,0.0846125384154258,4.466354239552467e-08,-0.0045762910112124855
2025-03-06,1.112882314027805,-0.01016895151591446,0.0846125384154258,2.5801543824461316e-06,-0.002594742995435162
2025-03-07,1.1148612210119255,-0.008408852042453452,0.09074244303116935,5.645106690317904e-06,0.0017781817171367287
2025-03-08,1.1160261610899713,-0.0073727192507480055,0.09074244303116935,1.590779263846015e-07,0.0010449193640349463
2025-03-09,1.1199701765328767,-0.0038647931278508185,0.09042428717840015,1.0294325654922054e-07,0.0035339811739285576
2025-03-10,1.123696410120977,-0.0013108582707871408,0.09056271948481655,1.7215940975742057e-07,0.003327082868967768
2025-03-11,1.1285033044793837,-0.007774315045692037,0.09056271948481655,4.995278472463491e-07,0.004277751815452646
2025-03-12,1.130739254308144,-0.00580837764740616,0.08996675704021656,2.0154662494635546e-07,0.001981340967177614
2025-03-13,1.1303051313584254,-0.006190076078796847,0.08996675704021656,6.332006187679817e-07,-0.00038392843271861654
2025-03-14,1.1277969471768758,-0.008395372915457555,0.08873040783859877,1.5026017959086923e-08,-0.0022190328186273423
2025-03-15,1.1269849540408734,-0.009109310076607424,0.08873040783859877,3.2090707944347486e-08,-0.0007199816758092226
2025-03-16,1.1291303584372052,-0.007222983879595191,0.08866622642271008,6.582240997740422e-07,0.001903667292664668
2025-03-17,1.1278208157717067,-0.008374386682842294,0.08772832564970721,1.8927371327261133e-07,-0.0011597798745877075
2025-03-18,1.1298310018269864,-0.0066069499126809594,0.08982225372479757,1.0469640375451798e-06,0.0017823629668538565
2025-03-19,1.1211879393914288,-0.014206279494777485,0.08982225372479757,3.5215890735133815e-07,-0.007649871902593697
2025-03-20,1.1200527541442138,-0.015204380213665214,0.0891179359100949,5.943002057403667e-05,-0.00101248435461343
2025-03-21,1.1197282333899883,-0.015489711968003084,0.029742105237978433,1.4085636841527846e-06,-0.0002897370262511245
2025-03-22,1.1202831783078946,-0.015001781982245999,0.026924977869672864,5.576607401013012e-08,0.000495606792219494
2025-03-23,1.1206032754251587,-0.014720339668192861,0.026921450692529436,5.400248543841607e-08,0.00028572875453702906
2025-03-24,1.1218228693632029,-0.013648023419105537,0.026921450692529436,8.379689712693927e-08,0.001088336938493084
2025-03-25,1.1215107434494784,-0.013922457129053822,0.026753856898275558,3.208987284475211e-08,-0.00027823101333257494
2025-03-26,1.1207281134022766,-0.01461057707657043,0.026689677152586053,2.3749119951088464e-07,-0.0006978355328079999
2025-03-27,1.1206349310122228,-0.014692506797493565,0.026255350817463143,2.0328031949429227e-08,-8.314451019908464e-05
2025-03-28,1.1186144992278786,-0.016468952026468142,0.026530144134300385,1.3739665841862142e-07,-0.001802934861680261
2025-03-29,1.1180573173242205,-0.01695884886044885,0.029223512611010118,1.346684238354866e-06,-0.0004981000193026164
2025-03-30,1.119543481683464,-0.0156521531304038,0.08389767022246122,5.656059141673567e-05,0.0013292380777067958
2025-03-31,1.1179783589849228,-0.017028272221445317,0.08513643178258265,6.193807800607132e-07,-0.001398000813855993
2025-04-01,1.113991106735489,-0.020534025442172532,0.08653270166734131,6.981349423793304e-07,-0.003566484286021687
2025-04-02,1.1148054619473562,-0.019818011448519468,0.08653270166734131,1.0908396753388227e-07,0.0007310248770755479
2025-04-03,1.1207870995207387,-0.014558714098800163,0.08631453373227355,6.110090156088293e-07,0.0053656335365781516
2025-04-04,1.1199994196223084,-0.015251274079477684,0.08611124491353307,5.093646062385923e-07,-0.0007027917244657456
2025-04-05,1.120713107419028,-0.01462377094312639,0.09208387250249221,2.9863137944795697e-06,0.0006372215772743051
2025-04-06,1.122047886666948,-0.013450179117321936,0.09666484091000813,2.290484203757957e-06,0.0011910088666620133
2025-04-07,1.1350610341291214,-0.009020647713660623,0.0990694806111466,1.2023198505692334e-06,0.01159767565788239
2025-04-08,1.1367342911633322,-0.00755978955527703,0.09933499162246008,1.3275550565674393e-07,0.0014741560003415088
2025-04-09,1.1393833586813573,-0.0056991003035774535,0.09933499162246008,8.103097486322736e-06,0.0023304192884978647
2025-04-10,1.1384521669824224,-0.006511719460234544,0.08391404366300581,3.9262350659560047e-07,-0.0008172768996829172
2025-04-11,1.1339713590872558,-0.010421967304021895,0.08431201821079704,1.989872738956122e-07,-0.003935877171759361
2025-04-12,1.1284432630188646,-0.015246147728046222,0.085975586387203,8.317840882029817e-07,-0.004874987383137963
2025-04-13,1.1323986306622666,-0.011794433626291734,0.085975586387203,1.2739836165575474e-06,0.003505154200505789
2025-04-14,1.1299233835211895,-0.01395449717346553,0.0834276191540879,1.6850037225384918e-06,-0.002185844343197796
2025-04-15,1.130238137624469,-0.013679822029503241,0.08005761170901092,2.2082809471751784e-07,0.0002785623413688043
2025-04-16,1.1318625411606564,-0.012262260604549269,0.07961595551957588,3.430780676144177e-07,0.0014372223712069143
2025-04-17,1.132226342978039,-0.011944783197512798,0.0791587564402113,1.1447852793212283e-07,0.0003214187272335689
2025-04-18,1.132202244695702,-0.011965812944547682,0.07930033600912037,7.07897844545377e-08,-2.128397955636352e-05
2025-04-19,1.1308178189954858,-0.01317395391729359,0.07947002868379861,8.484633733912145e-08,-0.0012227724390236894
2025-04-20,1.132899258248456,-0.011357553049119673,0.08789357356897076,4.211772442586075e-06,0.0018406494998641776
2025-04-21,1.1297385462545277,-0.014115798336185592,0.08834962847949006,2.2802745525964812e-07,-0.0027899320887655454
2025-04-22,1.1248702856145283,-0.018364162942730466,0.08834962847949006,1.0498641340982857e-07,-0.004309192295988029
2025-04-23,1.1262183807119943,-0.01718772644480049,0.0881396556526704,5.8605885106664284e-05,0.0011984449360094018
2025-04-24,1.1256860460970712,-0.01765227666183211,0.029072114560658176,4.7219025521669926e-07,-0.00047267441558129786
2025-04-25,1.126431818151031,-0.01700146688953652,0.028127734050224777,2.0528415004239867e-07,0.0006625044847485828
2025-04-26,1.1263390283183907,-0.017082441403842075,0.02771716575013998,1.854129166425564e-08,-8.237501031493899e-05
2025-04-27,1.1262384733722155,-0.017170192267227158,0.02768008316681147,4.265858203657963e-08,-8.927591394958245e-05
2025-04-28,1.1257157675249876,-0.017626339787914835,0.02759476600273831,1.577647092826373e-12,-0.0004641164900545114
2025-04-29,1.1266801080556914,-0.016784792779186986,0.029112127870231864,7.586825113938701e-07,0.0008566465519299626
2025-04-30,1.1257701326622596,-0.01757889719145267,0.02911267755171318,2.748407406574088e-10,-0.0008076608319613765
2025-05-01,1.1273746282545374,-0.01617870874846261,0.02911267755171318,1.2708560459645177e-07,0.0014252426367746818
2025-05-02,1.127173322746704,-0.01635438118217647,0.028858506342520275,8.908440669195411e-08,-0.00017856132539273428
2025-05-03,1.1270640022578635,-0.016449781434937027,0.028680337529136367,1.3496861098906236e-07,-9.698640540434234e-05
2025-05-04,1.127005751294808,-0.0165006150586976,0.028422467577868277,6.033635355017636e-09,-5.1683811156610915e-05
2025-05-05,1.1264671504047155,-0.016970633639815103,0.02998409677148781,7.80814596809766e-07,-0.00047790429593419503
2025-05-06,1.1258894593855806,-0.017474764839990886,0.029997768448672926,6.835838592558416e-09,-0.0005128343235952793
2025-05-07,1.126791844293955,-0.016687284384503398,0.029997768448672926,4.445420557244381e-08,0.0008014862390366417
2025-05-08,1.1309040711626215,-0.013098684600140298,0.02990886003752804,2.8784207386150368e-08,0.0036495000292118274
2025-05-09,1.1360728596168035,-0.008588059645707524,0.03889742593141646,4.52306715433036e-06,0.004570492392750092
2025-05-10,1.1380658425639685,-0.006848851571140568,0.03889742593141646,3.9201541280003225e-06,0.0017542738833129512
2025-05-11,1.138481235836764,-0.006486352064963508,0.031057117675415812,1.679659226173233e-06,0.0003649993324317258
2025-05-12,1.138837481358149,-0.006175468779081594,0.027697799223069346,2.4365747927197234e-07,0.00031291294944013615
2025-05-13,1.1398351396566238,-0.0053048464936104045,0.027483025498782582,1.3627061712859038e-07,0.0008760321949365935
2025-05-14,1.1402645005363694,-0.004930157934423751,0.02804299587407856,2.799851876479891e-07,0.00037668682496994066
2025-05-15,1.1398651105845916,-0.005278691889529008,0.029118765526865095,5.37884826393267e-07,-0.00035026079615108063
2025-05-16,1.1402966822291227,-0.004902074071503892,0.02915066236991077,1.5948421522837473e-08,0.0003786164174390816
2025-05-17,1.13874776227598,-0.006253763554444847,0.02915066236991077,7.766835100966874e-08,-0.0013583482064649655
2025-05-18,1.1401542399368423,-0.005026378589636504,0.029445906244879205,2.252902884938863e-07,0.0012351090447433322
2025-05-19,1.1387859291111218,-0.006220456662404672,0.029445906244879205,6.45349676166836e-07,-0.001200110281391109
2025-05-20,1.1390167776470081,-0.006019003038234549,0.028155206892545533,7.173503798144771e-08,0.0002027146015612935
2025-05-21,1.1400638533919198,-0.005105255836923006,0.028011736816582637,5.672059668969855e-07,0.000919280352544849
2025-05-22,1.1412716203580535,-0.004051278901152977,0.027243400725827174,1.8303792151925375e-07,0.0010593853691087673
2025-05-23,1.1401573505754683,-0.005023664041665543,0.027243400725827174,1.207024315948331e-08,-0.0009763405684589666
2025-05-24,1.1400175695157366,-0.005145646193144948,0.02740069703371128,9.071839710153573e-08,-0.00012259804285752463
2025-05-25,1.1394922190687573,-0.005604101565612307,0.02740069703371128,1.5678308795977897e-07,-0.0004608266232271063
2025-05-26,1.1401696007022524,-0.005012973774873419,0.027261280903387954,8.707502279811652e-08,0.000594459200472075
2025-05-27,1.1413948376185852,-0.003943751410891538,0.027261280903387954,1.0826650772948441e-07,0.0010746093524856004
2025-05-28,1.140930631790314,-0.004348847965249147,0.027080437723071983,1.7844917571499183e-08,-0.0004067004799471752
2025-05-29,1.1411428349386414,-0.004163665533284844,0.027080437723071983,6.74579567751625e-08,0.00018599127975882368
2025-05-30,1.1406293541471932,-0.004611762663213614,0.026976240229155422,1.535920981688213e-08,-0.0004499706572480555
2025-05-31,1.1399087637924377,-0.005240597227618049,0.027039411084298193,3.158542757138519e-08,-0.0006317480364099737
2025-06-01,1.1397526779379286,-0.005376808016011481,0.027274356013814522,1.1747246475816466e-07,-0.0001369283748563488
2025-06-02,1.14002258178084,-0.005141272160766874,0.02730883963275741,1.7241809471444174e-08,0.0002368091324893573
2025-06-03,1.1409940206940457,-0.004293530636335419,0.027321381043885727,6.270705564158374e-09,0.0008521225182120951
2025-06-04,1.1415279004637782,-0.0038276320155330446,0.027383527538911438,3.1073247512855215e-08,0.0004679075964040269
2025-06-05,1.1406077199611857,-0.004630642077633418,0.027383527538911438,3.009212881478936e-08,-0.000806095499041537
2025-06-06,1.139656051505967,-0.005461130599364705,0.02757781606243596,1.2723639057705094e-07,-0.0008343521077043281
2025-06-07,1.1397836340680403,-0.005349793659704893,0.02757781606243596,1.4341913545573396e-07,0.00011194830396998867
2025-06-08,1.139728953806807,-0.005397511254073506,0.027290977791524493,2.46934945582469e-07,-4.7974246688009536e-05
2025-06-09,1.1400129328036903,-0.0051496924932108445,0.03147005358313941,2.3364728413899274e-06,0.0002491636243284745
2025-06-10,1.1434326200011171,-0.002165448400847536,0.03946448459287299,3.997215504866789e-06,0.0029996915815855285
2025-06-11,1.1457553466256027,-0.00017926330363959853,0.04240520017884368,1.4703577929853462e-06,0.0020313629188630777
2025-06-12,1.143554418207122,-0.002099859946947613,0.04240520017884368,2.514964397088766e-06,-0.0019209409975360359
2025-06-13,1.1409683425411994,-0.004356547716348191,0.03737527138466615,6.833623540992116e-07,-0.0022614364692605804
2025-06-14,1.1404879409470234,-0.00477576066369656,0.036008546676467725,7.606518245011663e-07,-0.0004210472598270565
2025-06-15,1.1408157309303413,-0.004489721219440246,0.03448724302746539,1.142671562641931e-06,0.00028741205543858506
2025-06-16,1.1421185401077718,-0.003352850564295906,0.03220660096259444,2.3505302064533164e-09,0.001141997907383896
2025-06-17,1.1402304182225507,-0.0050004827746225056,0.03224434840407506,1.8873720740310297e-08,-0.0016531750592559957
2025-06-18,1.1404027576446352,-0.004850094187340059,0.03284194032454779,2.9879596023636715e-07,0.00015114438215846349
2025-06-19,1.1401881777345013,-0.005037343100873115,0.03284194032454779,2.8416010382050284e-07,-0.0001881615146017701
2025-06-20,1.1402124346415845,-0.005016175790782618,0.03332995639752502,5.281681403091175e-07,2.1274476925681185e-05
2025-06-21,1.1391398819860525,-0.005952117647268662,0.03332995639752502,1.698096647573255e-09,-0.0009406603742815323
2025-06-22,1.1512673934641047,-0.0005193294045843233,0.10196963785313418,6.764809902868202e-05,0.01064620040947628
2025-06-23,1.1471568339842666,-0.005827668567769395,0.10352380309601461,7.770826214402171e-07,-0.0035704646055113587
2025-06-24,1.1387590617980157,-0.013105516291733177,0.10352380309601461,7.247445767191045e-06,-0.007320509225476002
2025-06-25,1.1400378733972125,-0.011997246636379688,0.08902891156163252,8.505447066593578e-07,0.0011229869795095215
2025-06-26,1.1389266104872284,-0.012960311847102335,0.0873278221483138,3.3717238992206773e-06,-0.0009747596425662142
2025-06-27,1.13869549747723,-0.013160603693140871,0.08093093024500592,1.7327794756673288e-07,-0.00020292177552794222
2025-06-28,1.1387650679812387,-0.013100311091362116,0.0823569225511305,7.129961530622925e-07,6.109667085096859e-05
2025-06-29,1.1387272313637637,-0.013133101828508242,0.08248763756144134,6.53575051554195e-08,-3.322600818689292e-05
2025-06-30,1.1372370024862382,-0.014424594215291742,0.08255810352242504,3.523298049185053e-08,-0.0013086794066904384
2025-07-01,1.1391699549341172,-0.012749419745048396,0.08276345480830562,1.026756429402878e-07,0.0016996918352585322
2025-07-02,1.1362478661712034,-0.015281819598334523,0.08297807793898898,1.0731156534168201e-07,-0.0025651034336486855
2025-07-03,1.1335357175432763,-0.017632276872125208,0.08297807793898898,1.7921853920253167e-07,-0.002386933968079874
2025-07-04,1.1325034740970243,-0.01852686063187292,0.08261964086058392,5.4937261730674554e-05,-0.0009106404238349297
2025-07-05,1.1325949286482846,-0.018447602433034782,0.02730157024449485,2.334382186483172e-08,8.075432291931861e-05
2025-07-06,1.1332146461606554,-0.01791053026831324,0.02730157024449485,5.328250518982399e-08,0.0005471660667832889
2025-07-07,1.1329225673498176,-0.018163657533679434,0.027436562712302548,1.2077873909367362e-07,-0.00025774358973007505
2025-07-08,1.1333151275332392,-0.01782344906242428,0.027615780252452152,8.960877007480224e-08,0.0003465022188993139
2025-07-09,1.1344225394891163,-0.01686372124368607,0.027615780252452152,1.4655267600607174e-08,0.0009771438931409637
2025-07-10,1.1357461444309875,-0.015716631872841225,0.027586469717250938,2.139360459073314e-08,0.0011667653769202868
2025-07-11,1.1377587739185673,-0.013972406069794885,0.027543682508069472,1.7308041275021676e-07,0.001772076883068019
2025-07-12,1.137373561185872,-0.01430624694422089,0.02847030493184568,6.363916246383203e-07,-0.00033857153337513157
2025-07-13,1.1381893879068163,-0.013599218638083332,0.02847030493184568,3.122566326894862e-07,0.0007172900345022715
2025-07-14,1.1384474969461411,-0.013375530945356928,0.028768319646035684,4.6126398978448873e-07,0.0002267716094253025
2025-07-15,1.138770305486866,-0.013095772057965638,0.030395325279300184,8.135028166322503e-07,0.0002835515397840993
2025-07-16,1.1410595456689834,-0.011111824282351246,0.030536156746317822,7.041573350881867e-08,0.0020102738639107276
2025-07-17,1.142939332593005,-0.009482725197128783,0.03053624866760296,4.596064256956467e-11,0.0016474047574117634
2025-07-18,1.1443779588716334,-0.008235953701625331,0.03053624866760296,5.375150399323375e-07,0.0012587074725696201
2025-07-19,1.1439357345453536,-0.008619203120056373,0.09048331388265096,3.051104764745634e-05,-0.000386432054942043
2025-07-20,1.1504918688858898,-0.002937392953022755,0.09048331388265096,5.355362039177192e-07,0.005731208618239947
2025-07-21,1.1512831441301121,-0.0022516419457948578,0.08952034104884371,5.4049787014093244e-08,0.0006877712616855103
2025-07-22,1.1489101355959335,-0.004308186750343723,0.08952034104884371,1.390463805575573e-06,-0.002061185857079373
2025-07-23,1.146913892785838,-0.006038211198460819,0.08881494341277292,1.037764987540178e-06,-0.0017375099655280168
2025-07-24,1.1499974193863298,-0.0033659028107776434,0.11187216120579635,1.1528608896511715e-05,0.0026885423743503445
2025-07-25,1.146782468422533,-0.006152108846806059,0.11187216120579635,1.2704923571289426e-06,-0.002795615807132834
2025-07-26,1.1506223610241972,-0.002824303208419976,0.12018540063128388,5.42711206987271e-06,0.0033484053928238833
2025-07-27,1.153665219240066,-0.0005060671800778405,0.12018540063128388,1.2478020061287704e-06,0.0026445324886310573
2025-07-28,1.1533051299449535,-0.003983527984866675,0.11768979661902634,2.4444959416715375e-07,-0.00031212633362598385
2025-07-29,1.1517284843456224,-0.005345149421111306,0.11747592605968424,1.3751431449610108e-07,-0.001367067186638593
2025-07-30,1.153060481719715,-0.0041948108933181905,0.11747592605968424,9.87021572150179e-08,0.0011565203016110637
2025-07-31,1.1527627386053425,-0.004451947568291814,0.1172785217452542,6.901819542360771e-07,-0.00025821985844409756
2025-08-01,1.1466839527867598,-0.009701703810552909,0.11589815783678205,3.119833497203239e-08,-0.005273232396405314
2025-08-02,1.1407970826251363,-0.014785718003632264,0.11844278096695099,1.3035099000565028e-06,-0.005133821003876826
2025-08-03,1.1404347222296065,-0.015098659404292558,0.11844278096695099,7.757176877918359e-05,-0.00031763790515693113
2025-08-04,1.1385040839989737,-0.016765995679215884,0.03670075659141621,9.58047759085999e-07,-0.0016928967463060163
2025-08-05,1.1393508669029118,-0.016034697691680422,0.03571845538973372,4.66897158244755e-07,0.0007437679985839996
2025-08-06,1.1383042610286498,-0.016938566636165664,0.03571845538973372,4.2054212056983135e-07,-0.0009185983920009244
2025-08-07,1.1364998393420025,-0.0184968998783388,0.03487737114859406,3.253221226010225e-07,-0.0015851839867629947
2025-08-08,1.1352868207119826,-0.019544486076467193,0.03438778237501368,8.052773581083278e-08,-0.0010673284658988536
2025-08-09,1.1423517543689339,-0.013443073611273837,0.10119234796718757,6.779006517110061e-05,0.006223038555595473
2025-08-10,1.1426449099583282,-0.013189898811024725,0.10151113977466525,1.593959037388404e-07,0.00025662462396280894
2025-08-11,1.1456499216669214,-0.010594712955482755,0.10151113977466525,1.368849124919254e-06,0.0026298736225087715
2025-08-12,1.1495119165083874,-0.00725941999869073,0.10309011532413073,2.1583368996519954e-06,0.0033710078169824076
2025-08-13,1.1546999985429205,-0.002778892660008525,0.10389167912463651,4.0078190025288897e-07,0.004513291215192172
2025-08-14,1.1536723410135354,-0.003666397449748504,0.10389167912463651,1.903702537733379e-07,-0.0008899779429191179
2025-08-15,1.1488306265687802,-0.007847795082133957,0.10351093861708983,7.145863571903569e-07,-0.004196784713155655
2025-08-16,1.148073457827623,-0.008501700556675207,0.10208176590270912,4.826405258987407e-07,-0.0006590777819156513
2025-08-17,1.152254823341916,-0.004890592949835071,0.10111648485091164,1.186400091715209e-07,0.0036420714073521765
2025-08-18,1.1465790602769403,-0.009792290997636899,0.1038361378721952,1.4784665198133012e-06,-0.00492578807221733
2025-08-19,1.142349322044122,-0.013445174213720601,0.10448898842841436,3.264252781095822e-07,-0.0036890070465737113
2025-08-20,1.1441232511181811,-0.011913174977721597,0.10448898842841436,2.66393087972687e-06,0.001552877950577125
2025-08-21,1.1438769578545818,-0.012125878572912474,0.1021390835421696,1.4889784366044905e-06,-0.00021526812200078904
2025-08-22,1.1538889138275024,-0.0034793610059653535,0.1021390835421696,1.0610047257085531e-07,0.008752651152003521
2025-08-23,1.1573791885740137,-0.0028269670870071373,0.10333156111089416,7.023392569331308e-07,0.0030247926855671015
2025-08-24,1.158498016644519,-0.0018630088688292856,0.10333156111089416,4.4242309948861815e-06,0.000966691021881072
2025-08-25,1.1542779641205823,-0.0066702098929410925,0.0944830991211218,1.4342093118144966e-07,-0.003642692920751145
2025-08-26,1.15212270242141,-0.008524950014308419,0.09598298354541299,8.933631433270459e-07,-0.0018671947019407442
2025-08-27,1.1554368930247088,-0.005672877672393994,0.09598298354541299,1.3680590792953667e-06,0.0028765951719658123
2025-08-28,1.1519517241179034,-0.008672087746825485,0.09324686538682225,3.1930635439472723e-07,-0.003016321296161917
2025-08-29,1.1475114127395807,-0.012493258822199538,0.0926082526780328,3.278229785523348e-07,-0.003854598491726313
2025-08-30,1.1489860033809864,-0.011224279548704197,0.09195260672092813,7.855532753321334e-07,0.0012850335299774418
2025-08-31,1.1514700291643727,-0.009086616969386507,0.09038150017026386,1.3543917550506712e-06,0.002161928671087665
2025-09-01,1.1487037663184472,-0.01146716253773028,0.08767271666016252,1.9996156482099402e-08,-0.0024023750300620206
2025-09-02,1.1471595536827812,-0.012796055976699638,0.09050724932279054,1.4372624877961108e-06,-0.0013443088470165288
2025-09-03,1.1516547533522117,-0.008927650026901768,0.0923470868466866,9.199187619480312e-07,0.0039185479081744745
2025-09-04,1.147496008147821,-0.01250651545567516,0.0923470868466866,3.365321927030207e-07,-0.00361110410240828
2025-09-05,1.147016627778488,-0.012919052830945854,0.09231438158536961,3.201795620445258e-07,-0.0004177621237314577
2025-09-06,1.1467158974775873,-0.013177850430794336,0.09231438158536961,8.788698436590775e-07,-0.0002621847788563114
2025-09-07,1.147437473161879,-0.01255688854353354,0.09092109644935405,1.8222727565129353e-07,0.0006292541037231647
2025-09-08,1.1492526292024277,-0.010994831028086294,0.09312131780042063,1.1001106755332904e-06,0.001581921527760155
2025-09-09,1.1471422202044863,-0.012810972540033383,0.09413293933067865,5.058107651290111e-07,-0.0018363316683565056
2025-09-10,1.1502908797557394,-0.01010135022341252,0.09942761013320486,2.6473354012631067e-06,0.00274478569073211
2025-09-11,1.1505305798000551,-0.0098950730509203,0.09942761013320486,3.491254371014718e-07,0.00020838211320084454
2025-09-12,1.1538592887700088,-0.007030506728742725,0.09872935925900192,5.630779678063996e-08,0.002893194695039014
2025-09-13,1.1567725361960755,-0.004523471556786118,0.1003167137831872,8.499850588732788e-07,0.0025247856947729908
2025-09-14,1.1549739482478971,-0.006071271172292336,0.10205432362310392,8.688049199583603e-07,-0.0015548328577131842
2025-09-15,1.1528183980734799,-0.007926259545002368,0.10205432362310392,4.834796178951814e-07,-0.001866319303295172
2025-09-16,1.1519347803634366,-0.008686668927954555,0.10393139606936558,1.4220158410260114e-06,-0.0007664847399383445
2025-09-17,1.1525559081413888,-0.00815214886911153,0.10393139606936558,3.0452141265558536e-07,0.0005392039449982899
2025-09-18,1.1555777189115468,-0.0055516880170746186,0.10568091341257463,1.1792800842601105e-06,0.0026218344366735202
2025-09-19,1.1520975667592221,-0.008546580854384533,0.11066431274617952,2.4916996668024465e-06,-0.003011612369614558
2025-09-20,1.1527751481923796,-0.007963478825497083,0.1129438692805442,1.1397782671823398e-06,0.0005881285168094497
2025-09-21,1.1523410449499063,-0.00833705234603066,0.1129438692805442,8.693847397779134e-07,-0.00037657234644628
2025-09-22,1.1431541623495858,-0.01624295062077341,0.11122697595196042,1.0938075486022214e-08,-0.007972364293176826
2025-09-23,1.142843561888248,-0.016510242123044194,0.11122697595196042,7.767104033732974e-05,-0.00027170478975779844
2025-09-24,1.142993242987994,-0.016381431992369078,0.044115104722699056,2.1921828909969992e-06,0.00013097251866978077
2025-09-25,1.1447790646772713,-0.014844618556681732,0.039876492413696916,7.287673649592971e-08,0.0015624079146856484
2025-09-26,1.1454115282840542,-0.014300343294306184,0.041168629517312275,6.460685518076791e-07,0.0005524765662630049
2025-09-27,1.1445635083479078,-0.015030118522945113,0.041168629517312275,5.245432215649145e-07,-0.0007403626689694853
2025-09-28,1.1445231997074534,-0.015064806678317222,0.041282281316724824,5.813691212711893e-07,-3.521747824575261e-05
2025-09-29,1.142832188315952,-0.016520029807235326,0.041600465401481414,1.590920423782949e-07,-0.0014774810959998774
2025-09-30,1.1433614739015154,-0.01606454581121619,0.04341855446850673,9.090445335126589e-07,0.0004631350000272594
2025-10-01,1.1409895292608014,-0.01810575542046411,0.04341855446850673,6.736439500453981e-07,-0.0020745360892912013
2025-10-02,1.1397383823590646,-0.01918244710819139,0.04281229961224292,3.705165219134929e-07,-0.0010965454718486756
2025-10-03,1.1387114525019566,-0.02006618573192298,0.04281229961224292,1.0319747915389018e-06,-0.0009010224390076926
2025-10-04,1.1395085202444593,-0.019380258114856774,0.04074835002916512,1.8818547352971935e-07,0.0006999734135906266
2025-10-05,1.1386796825141814,-0.020093525832201586,0.04168684565144372,6.5743328466902e-07,-0.0007273642237416444
2025-10-06,1.1371674264635094,-0.02139491859208731,0.043199629671334866,7.563920099455737e-07,-0.0013280785403423367
2025-10-07,1.131735468982302,-0.02606946437083224,0.12885688228690723,8.602825597912105e-05,-0.004776743823996621
2025-10-08,1.129699994120877,-0.02782112028016781,0.12885688228690723,1.3219356218700241e-06,-0.0017985429609764791
2025-10-09,1.125580689482754,-0.03136604458675896,0.12621301104316718,2.2088515379711444e-06,-0.0036463704165341504
2025-10-10,1.1187786604495413,-0.03721962429796055,0.12179530796722489,1.014273320540382e-10,-0.006043128757237115
2025-10-11,1.1102041401834717,-0.044598545737089657,0.12179510511256078,8.026293005909263e-07,-0.00766417931373653
2025-10-12,1.1172153977247723,-0.03856491155332287,0.12018984651137893,2.224892486100222e-06,0.006315286790533614
2025-10-13,1.1203057635855946,-0.035905454674386994,0.11574006153917848,5.0499515545683466e-06,0.0027661325355146094
2025-10-14,1.119029454003318,-0.03700380045320484,0.10564015843004179,2.068504766920533e-06,-0.0011392511078331946
2025-10-15,1.116219716870423,-0.03942175841760298,0.10150340742263099,1.2926321513173632e-10,-0.0025108696851913193
2025-10-16,1.1141863097951283,-0.04117163486512199,0.10161488686872605,5.573972304753067e-08,-0.001821690698133982
2025-10-17,1.1111081624236905,-0.04382057695483643,0.10161488686872605,2.2676416930988985e-07,-0.0027626864056538025
2025-10-18,1.113505091636395,-0.04175786652826141,0.10116135853010627,1.7231212301384302e-07,0.0021572420163671335
2025-10-19,1.1164296105226623,-0.039241131546083,0.10081673428407859,3.8443892123367354e-07,0.0026264081845952525
2025-10-20,1.117165105150255,-0.03860819152057704,0.1003528521342699,1.524978463293275e-07,0.0006587917596105886
2025-10-21,1.1193618189402457,-0.03671777923188779,0.1003528521342699,3.608742032170445e-07,0.0019663286830788884
2025-10-22,1.112699600392729,-0.042451043105199315,0.0996311037278358,1.7316583792607866e-08,-0.005951800780401695
2025-10-23,1.1137802251000057,-0.041521096639071,0.09959647056025059,4.266967630143295e-07,0.0009711738072835097
2025-10-24,1.1141948797389516,-0.04116425988200367,0.10133622921957017,1.296576092674119e-06,0.00037229484740985974
2025-10-25,1.1154888592955006,-0.04005070796360688,0.10133622921957017,9.277087775261262e-08,0.0011613583764187307
2025-10-26,1.1195018960497498,-0.036597233947209706,0.10115068746406494,2.6013253663401125e-08,0.0035975587929968356
2025-10-27,1.1223064983006388,-0.03418369487620099,0.10348550823945465,1.1934236413582572e-06,0.0025052233147437875
2025-10-28,1.120273093080216,-0.035933569727484294,0.10348550823945465,9.289558152466987e-07,-0.001811809183591473
2025-10-29,1.1162421834503835,-0.03940242449297637,0.10162759660896126,1.9189674149425185e-07,-0.0035981491073252547
2025-10-30,1.1111683323152217,-0.04376879692646951,0.10124380312597275,3.196281758391789e-07,-0.0045454751758960965
2025-10-31,1.113754232435474,-0.041543464984310385,0.10064386613157784,1.965967864172441e-08,0.002327190260059009
2025-11-01,1.114758676314379,-0.040679076978629825,0.10064386613157784,1.5382100908352957e-06,0.0009018541520688927
2025-11-02,1.113586644906979,-0.041687684738718755,0.1009754051485548,1.7039795993237725e-06,-0.0010513767977767818
2025-11-03,1.1055934622419703,-0.04856632810342132,0.10220173994454272,6.131673979939619e-07,-0.007177872239724881
2025-11-04,1.1062502282034963,-0.04800113911516135,0.10220173994454272,6.834293139341961e-05,0.000594039295597204
2025-11-05,1.107282017635089,-0.047113218517717104,0.03448412284229651,1.1424798600269855e-06,0.0009326908192135441
2025-11-06,1.1082967865587177,-0.046239945152680484,0.03240760548861051,1.042211831839869e-07,0.0009164502876986003
2025-11-07,1.1082918577606133,-0.04624418669773167,0.03299078192706384,2.915882192266635e-07,-4.447182530342708e-06
2025-11-08,1.1073825800435728,-0.047026678152902956,0.0331329742987651,7.109618585062969e-08,-0.0008204316495472597
2025-11-09,1.105909890350468,-0.04829402153917228,0.0331329742987651,1.799816374064081e-08,-0.0013298833841591806
2025-11-10,1.105835078167642,-0.04835840219285703,0.03309697797128382,1.7703856066945966e-07,-6.764762977273797e-05
2025-11-11,1.1062108884454422,-0.04803499348544771,0.0327429008499449,6.884521790526122e-08,0.0003398429704573047
2025-11-12,1.106781359409992,-0.04754406684464496,0.035186378149478774,1.2905838676721994e-06,0.0005156982005061206
2025-11-13,1.1072411737887224,-0.047148367251903855,0.03752811149882117,1.170866674671197e-06,0.00041545186392966116
2025-11-14,1.109578071393945,-0.045137317851453806,0.03821581036441572,3.4384943279727744e-07,0.0021105588019560972
2025-11-15,1.1096913555792296,-0.04503982958650454,0.0382161535951426,1.716153634374884e-10,0.00010209663313065498
2025-11-16,1.1107061748510723,-0.04416651289361939,0.0382161535951426,8.791776507464898e-07,0.0009145058819648444
2025-11-17,1.109703745142928,-0.04502916757692765,0.10964816231996652,3.659518201315845e-05,-0.0009025156525083178
2025-11-18,1.1098906311436707,-0.04486834025659214,0.10964816231996652,3.6505702954091336e-05,0.00016841071462603274
2025-11-19,1.1152845232908823,-0.040226552124968284,0.1113636129725073,3.7363428280361724e-05,0.004859841137369703
2025-11-20,1.1158855618764454,-0.03970932009715389,0.1140697910754875,1.3530890514900988e-06,0.0005389105407767047
2025-11-21,1.126661259305778,-0.030436145352029764,0.1140697910754875,1.1860957504485001e-06,0.009656633079123234
2025-11-22,1.1249376681968766,-0.031919405405200774,0.11377010462349343,1.0362525244514697e-06,-0.0015298219359761722
2025-11-23,1.1207253735083402,-0.0355443535796387,0.11377010462349343,3.940074258877726e-06,-0.003744469411612439
2025-11-24,1.1201898089518418,-0.03600524103052294,0.10588995610573798,1.4135802389060593e-07,-0.00047787314283775917
2025-11-25,1.118138134241891,-0.037770837942490365,0.10560724005795677,1.801558607832876e-06,-0.001831542023997934
2025-11-26,1.1167951510146947,-0.03892656064417477,0.10251318343188465,2.545302947968148e-07,-0.0012010888333638947
2025-11-27,1.1134724681701775,-0.041785941101161295,0.10506922034566733,1.278018456891343e-06,-0.0029751945479836728
2025-11-28,1.1109852490007497,-0.04392635179279247,0.10653517637366704,7.329780139998521e-07,-0.00223375003920967
2025-11-29,1.1134506916204505,-0.04180468121077263,0.10653517637366704,1.4380787872018825e-06,0.0022191497339152377
2025-11-30,1.1126066474079275,-0.04253103507572353,0.10365901879926327,1.6938699539239406e-07,-0.000758043637563488
2025-12-01,1.124119116091037,-0.0326238216868584,0.10581898691816438,1.2493710548429489e-06,0.010347294535699936
2025-12-02,1.1131458417914741,-0.04206702392721007,0.10725834291384603,7.196779978408258e-07,-0.009761665060656455
2025-12-03,1.1102993458378778,-0.04451661520073025,0.10725834291384603,6.3891987418452924e-06,-0.002557163533055462
2025-12-04,1.106662369088321,-0.04764646560380359,0.09447994543015545,5.894402452757367e-06,-0.0032756722438754826
2025-12-05,1.1056656508297396,-0.04850420522057519,0.08269114052464072,5.564596984950799e-05,-0.0009006525263901555
2025-12-06,1.1050222486250876,-0.04905789384391146,0.028600799174375264,2.5364576876040975e-07,-0.0005819138942846358
2025-12-07,1.1048824994891657,-0.04917815688640892,0.028095232166827123,8.622649863392063e-10,-0.00012646725990739238
2025-12-08,1.1056697889317497,-0.04850064411993138,0.028213231314169956,5.899957367141648e-08,0.0007125549033011325
2025-12-09,1.107119071350785,-0.04725344418555244,0.028213231314169956,2.543909089682689e-10,0.0013107732828929741
2025-12-10,1.107917280609062,-0.046566534221374245,0.02821272253235202,2.0181643314801794e-09,0.0007209786904893711
2025-12-11,1.1065294052737957,-0.04776088944457657,0.02820868620368906,9.226957208650217e-08,-0.001252688589265527
2025-12-12,1.1054850337627702,-0.048659637723662996,0.028024147059516055,1.1941974239798072e-07,-0.0009438262607782688
2025-12-13,1.1058686764590333,-0.04832948872073595,0.027785307574720093,2.852778916332573e-07,0.0003470356310106837
2025-12-14,1.105636817447847,-0.04852901818424049,0.02721475179145358,1.2684278625295192e-07,-0.00020966233705899118
2025-12-15,1.104937540285966,-0.049130790771112265,0.026961066218947675,2.4692232187730617e-08,-0.0006324655174690941
2025-12-16,1.104471847605067,-0.04953154901769652,0.02786600870406112,4.77163474744453e-07,-0.00042146516334296
2025-12-17,1.1038823736196877,-0.050038828969641624,0.02786600870406112,8.315868195634193e-08,-0.0005337157182070396
2025-12-18,1.1019131283923274,-0.051733490055763554,0.08345450150690342,5.557709642352593e-05,-0.001783926688589621
2025-12-19,1.1018117143734725,-0.051820763285604476,0.08345450150690342,1.337262931790928e-07,-9.203449550132525e-05
2025-12-20,1.101397740030755,-0.052177014604388394,0.08318704892054524,2.4689918028843876e-07,-0.0003757214933519659
2025-12-21,1.1014641478159073,-0.052119866470804355,0.08452310789531729,9.149286676744667e-07,6.029409970342847e-05
2025-12-22,1.0990086798659766,-0.05423295321345689,0.08454176455931686,9.328331999784722e-09,-0.002229276327150198
2025-12-23,1.1032891161904923,-0.05054936481623995,0.09432581012206692,4.89202278137503e-06,0.003894815757999437
2025-12-24,1.103355575379585,-0.05049217244628734,0.09432581012206692,2.986624248918074e-07,6.023732864957054e-05
2025-12-25,1.1020999681635688,-0.05157270251886181,0.09372848527228331,5.959291351564159e-07,-0.0011379896418118873
2025-12-26,1.103376087716463,-0.05047452027244459,0.09253975664818612,1.5648231078205232e-09,0.001157898185055517
2025-12-27,1.1032236376922973,-0.05060571323914187,0.09272842421857574,9.433378519481394e-08,-0.00013816687334744504
2025-12-28,1.1024470615846798,-0.05127400649775016,0.09272842421857574,3.9780764440222605e-08,-0.0007039153994614633
2025-12-29,1.1028905619247364,-0.05089234617554461,0.09374937681227379,5.502570612892429e-07,0.0004022871986453236
2025-12-30,1.1009569322952613,-0.052556357768674844,0.09430698554102837,2.788043643772928e-07,-0.0017532379877309712
2025-12-31,1.1010607391490197,-0.05246702535182146,0.09489254286641213,2.9277866269188104e-07,9.428784243636912e-05
2026-01-01,1.1009080978599386,-0.0525983829141744,0.09489254286641213,2.130417613620955e-07,-0.00013863112511125486
2026-01-02,1.0969167701613565,-0.05603317490390247,0.11266549977138846,9.099520213850257e-06,-0.0036254867289450265
2026-01-03,1.097057044453098,-0.05591245993133587,0.11266549977138846,7.94923049668444e-05,0.00012788052435919184
2026-01-04,1.097625360367461,-0.05542338784863454,0.04631911016230032,2.494761151969338e-07,0.000518036794197263
2026-01-05,1.0986423023397427,-0.054548244436668614,0.04820217093609669,1.191006502095117e-06,0.0009264927806915679
2026-01-06,1.0999628299060105,-0.0534118462630877,0.04974616728436472,7.719981741340157e-07,0.001201963153479646
2026-01-07,1.0981431298733069,-0.05497781417352976,0.050060770983110736,1.57301849373008e-07,-0.0016543286584165262
2026-01-08,1.0971181502384708,-0.05585987450664154,0.050060770983110736,3.897000604089658e-07,-0.0009333752649807181
2026-01-09,1.0972846702329448,-0.05571657343332892,0.049281370862292805,6.306531970194894e-07,0.00015177945459776687
2026-01-10,1.0969777209877343,-0.055980722831304175,0.051325700195215776,1.6528178634809751e-06,-0.00027973528978941786
2026-01-11,1.0974092159049134,-0.05560939394100495,0.052816447565574874,7.453736851795491e-07,0.0003933488428502496
2026-01-12,1.0976557150103685,-0.05539726574286341,0.057786895966762994,2.48522420059406e-06,0.00022461913194238292
2026-01-13,1.0988274791757022,-0.05438888796161323,0.061424128801623165,1.8186164174300856e-06,0.001067515204731917
2026-01-14,1.108692195659977,-0.045899670407975046,0.18571707641445973,6.214647380641828e-05,0.008977493438438788
2026-01-15,1.1079133140755297,-0.04656994767640288,0.18571707641445973,1.061407421207014e-06,-0.0007025228350119317
2026-01-16,1.1064053308030093,-0.04786766343823745,0.1835942615720457,6.355756037445193e-05,-0.0013611022210496815
2026-01-17,1.1076513025110006,-0.04679542533472203,0.057397019955719934,4.5893956628903847e-07,0.0011261439847667365
2026-01-18,1.1077380753763932,-0.04672075175102153,0.057397019955719934,9.830545162591021e-09,7.83395146040089e-05
2026-01-19,1.100936189195599,-0.052574208528607946,0.17249274369804615,5.7557692416325704e-05,-0.006140337984211874
2026-01-20,1.0971950372609698,-0.055793708321116964,0.17249274369804615,5.748247371946897e-05,-0.0033981551077565397
2026-01-21,1.098693395274089,-0.05450427570874716,0.1605387018369505,0.00010903324904802936,0.0013656259481995559
2026-01-22,1.1016797368287676,-0.051934338378307854,0.1605387018369505,1.0333155493123095e-05,0.0027180845607366333
2026-01-23,1.1010308075391173,-0.05249278341071717,0.14258363084877929,1.355619999037494e-06,-0.000589036239807661
2026-01-24,1.1007476900032787,-0.05273642410316037,0.14944784470030362,3.4321069257621655e-06,-0.0002571386140125531
2026-01-25,1.1023741582025486,-0.05133674450672321,0.14944784470030362,2.7954179640465872e-08,0.0014776031001895173
2026-01-26,1.1038207707626693,-0.050091842156182675,0.1502017712576033,4.049174582903131e-07,0.0013122700213503702
2026-01-27,1.1016063923488537,-0.051997455980049456,0.15058314669447023,1.9068771843346043e-07,-0.002006103230224765
2026-01-28,1.097594362172764,-0.05545006377175643,0.15058314669447023,2.456364987041965e-07,-0.0036419815679696876
2026-01-29,1.1078885463815562,-0.046591261856367194,0.15009187369706184,3.231498258961657e-07,0.009378860318136839
2026-01-30,1.1132289996393379,-0.04199546129660303,0.1494455740452695,1.4345212618139675e-06,0.004820388544693799
2026-01-31,1.1238681783736142,-0.03283976959362411,0.14657653152164157,7.945914818854622e-06,0.009557044182036734
2026-02-01,1.1360650426605363,-0.02234359014752063,0.13068470188393233,1.8296231625017368e-06,0.010852575525870822
2026-02-02,1.1325154185459239,-0.025398268038225535,0.12702545555892886,7.035980065119172e-06,-0.0031244902195931568
2026-02-03,1.1357701606754307,-0.022597354898712507,0.11295349542869051,5.4696327225872005e-06,0.0028739053581188223
2026-02-04,1.143261023970341,-0.016150989382133663,0.10201422998351611,8.026093408798063e-07,0.0065954042061229234
2026-02-05,1.1535662267964109,-0.007282705243980003,0.10047093959920247,3.09641487229867e-08,0.009013867008501153
2026-02-06,1.1518205806894657,-0.012199796415769404,0.10047093959920247,1.8096979363032146e-06,-0.001513260414869655
2026-02-07,1.147922968344044,-0.015542384951559796,0.09685154372659605,3.163096277888994e-06,-0.003383871073991629
2026-02-08,1.1450208935218051,-0.018031201481047532,0.09052535117081806,2.509679752969937e-07,-0.002528109378651333
2026-02-09,1.147164600477576,-0.016192760492202085,0.09002341522022407,1.4821645410135684e-06,0.001872198985977569
2026-02-10,1.1489028850067076,-0.014702009379962244,0.08705908613819693,7.409937434804393e-07,0.0015152878047401952
2026-02-11,1.1534649484126658,-0.0107895882644512,0.08557709865123606,1.4944658580963444e-08,0.003970799852185625
2026-02-12,1.1523759351750598,-0.011723524952029107,0.0860098865124328,2.3133858917933487e-07,-0.0009441233902285351
2026-02-13,1.1480278680168634,-0.015452423094735712,0.0860098865124328,3.56896216356109e-07,-0.0037731325563767903
2026-02-14,1.1454743528490803,-0.01764231520543391,0.08574579760016864,2.248517602240277e-07,-0.002224262353661577
2026-02-15,1.1491048146475347,-0.01452883471746469,0.08658423302891288,4.192177143721235e-07,0.003169395970695321
2026-02-16,1.151715684529304,-0.012289755260141644,0.08658423302891288,8.46362354655586e-07,0.00227209028148323
2026-02-17,1.1510691148652332,-0.012844252771740283,0.08489150831960171,2.2210168591334235e-07,-0.0005613969426275789
2026-02-18,1.1501552483120399,-0.013627983834049395,0.08571427348801172,6.334842701183479e-07,-0.0007939284803976099
2026-02-19,1.15306519961344,-0.01113241244373564,0.08571427348801172,1.0557861951653036e-07,0.0025300508828478563
2026-02-20,1.1510911179144974,-0.012825382978209121,0.08550311624897866,1.4332174811566844e-07,-0.0017120295535840713
2026-02-21,1.1498382055813745,-0.013899879369818291,0.08699848472572637,8.910059864895223e-07,-0.0010884562599986491
2026-02-22,1.1515338727369087,-0.012445676875498246,0.08699848472572637,6.177537942978206e-07,0.0014747006555380082
2026-02-23,1.1544233971409115,-0.009967623572416096,0.08576297713713073,3.255472896805875e-07,0.002509283028845566
2026-02-24,1.1568890740633544,-0.007853061455020849,0.08539994024972596,1.440288459782016e-07,0.002135851480961737
2026-02-25,1.14829350573481,-0.015224612447603314,0.08539994024972596,3.1282635015242312e-09,-0.007429898441646876
2026-02-26,1.1482724924952974,-0.01524263338125964,0.08539368372272291,5.691257951535815e-05,-1.8299537007493427e-05
2026-02-27,1.1470468566672092,-0.016293737468825897,0.02843147530799339,1.484664732346699e-06,-0.0010673736731444672
2026-02-28,1.1463184243413669,-0.016918440319102834,0.025500060399158166,1.8957277929087733e-08,-0.0006350501913728879
2026-03-01,1.1477821993068498,-0.015663108340193355,0.025628164017019894,6.4051808930864e-08,0.0012769357400181924
2026-03-02,1.148624463453342,-0.014940783431848126,0.02623161921068605,3.0172759683307766e-07,0.0007338187915792993
2026-03-03,1.1475117079985537,-0.01589508142166296,0.02623161921068605,4.148655752076978e-07,-0.0009687722055335968
2026-03-04,1.1502086501882243,-0.013582186437257615,0.026188165806679257,3.931388732043017e-07,0.002350252438277245
2026-03-05,1.1473107231342936,-0.016067445844700656,0.08392282094042752,2.8867327566874135e-05,-0.0025194794470171367
2026-03-06,1.1455756491429823,-0.017555443602845555,0.08392282094042752,2.911298937042775e-05,-0.0015122965002705158
2026-03-07,1.1456400120018992,-0.017500246077981507,0.025696842199572023,3.4259073407386098e-09,5.618385740180365e-05
2026-03-08,1.1450658250617538,-0.017992668236328058,0.02612248541143018,2.1624751326981655e-07,-0.0005011931620125809
2026-03-09,1.1464181950785797,-0.016832877032439186,0.02875816569154107,1.3178401400554453e-06,0.001181041287957374
2026-03-10,1.1473553297365067,-0.016029191266265452,0.02875816569154107,4.875677798212366e-08,0.0008174457296168391
2026-03-11,1.1459442881573092,-0.01723929914466682,0.08562093350896408,2.8480140686693627e-05,-0.0012298209130379156
2026-03-12,1.1470545964041396,-0.016287099878003364,0.08562093350896408,2.6901924070420192e-08,0.0009689024661134749
2026-03-13,1.1497444117701434,-0.013980316850605079,0.0858885382470225,1.6070429309963247e-07,0.0023449758838289814
2026-03-14,1.147235227329436,-0.016132190973116023,0.08616885062443347,1.4015618870548418e-07,-0.0021823845500089645
2026-03-15,1.1481957200855253,-0.01530847332480112,0.08823297211554063,1.0320607455535786e-06,0.0008372239042273577
2026-03-16,1.156558623028885,-0.008136455939019571,0.08823297211554063,4.2598826493534663e-07,0.007283516910114196
2026-03-17,1.1585608616662981,-0.006419338041649625,0.0893485443855355,9.83774399932781e-07,0.0017312037604817476
2026-03-18,1.1531162164066169,-0.011088660491798685,0.0893485443855355,3.179970864568782e-06,-0.0046994900655062954
2026-03-19,1.1500893030405053,-0.01368453843442674,0.08442563101494177,7.185141792719202e-07,-0.00262498551581003
2026-03-20,1.1508016287629035,-0.013073648591512166,0.08442563101494177,1.3381916447832987e-06,0.0006193655749313631
2026-03-21,1.151736340820492,-0.012272040445019505,0.08174924772537517,5.47536856965819e-07,0.0008122269157684325
2026-03-22,1.1486144756991992,-0.014949348920033523,0.08066836095574717,7.093472151817326e-09,-0.0027105727332250584
2026-03-23,1.1477208118437916,-0.01571575416847859,0.08066836095574717,5.393916289588721e-05,-0.0007780363858483907
2026-03-24,1.1476088914988214,-0.015811736946873323,0.027209964836027258,1.6402681923511146e-07,-9.75153049581623e-05
2026-03-25,1.1472040279271518,-0.016158947550003577,0.026881911197557035,4.1581961426258656e-08,-0.00035278880694245007
2026-03-26,1.1485419455304737,-0.015011550721802158,0.026916014710823125,5.863371805930363e-08,0.0011662420726838985
2026-03-27,1.149743262862093,-0.01398130215302551,0.027236481680315037,1.6023348474595612e-07,0.001045949898735854
2026-03-28,1.1479430049570019,-0.015525201571881753,0.08046864558348564,2.6616081951585303e-05,-0.0015657912189994683
2026-03-29,1.1484674831950321,-0.01507540954785691,0.08046864558348564,2.5928392604007074e-05,0.0004568852597777173
2026-03-30,1.147138306338869,-0.016215310319843024,0.028611860375471494,4.0853621698254057e-08,-0.0011573482711650929
2026-03-31,1.147430971447746,-0.01596432100867995,0.029103227514604223,2.8653719126461865e-07,0.00025512626267931715
2026-04-01,1.1461487622902942,-0.01706394232818298,0.029103227514604223,1.2728116542428704e-07,-0.0011174608227939586
2026-04-02,1.1473494095521812,-0.016034268410553332,0.029632194422883923,3.9176461956413716e-07,0.0010475492373964723
2026-04-03,1.1474743748961767,-0.015927098253751937,0.029632194422883923,1.3948885017914074e-07,0.00010891655406375378
2026-04-04,1.1473926150469977,-0.015997215420451294,0.02944665895332302,4.6721115398688435e-08,-7.125200437829715e-05
2026-04-05,1.1474264731705028,-0.01596817872684464,0.03303473134270902,1.7940361946930001e-06,2.9508751456130966e-05
2026-04-06,1.145397714923254,-0.017708039815675036,0.03349806480703024,2.3166673216061183e-07,-0.00176809433518188
2026-04-07,1.1469849377303902,-0.01634683908848855,0.03532414827476542,9.130417338675881e-07,0.001385739456657431
2026-04-08,1.1445208684001476,-0.018460022536385012,0.03532414827476542,7.921027780230551e-07,-0.002148301384947593
2026-04-09,1.14458581170426,-0.01840432722228902,0.09902215096069548,6.63810468397074e-05,5.674278722778148e-05
2026-04-10,1.1449445198358346,-0.01809669947944681,0.09902215096069548,1.7379636368462653e-06,0.0003133955776042363
2026-04-11,1.146185610514894,-0.017032341326801648,0.09649588097832804,4.7482864566254084e-07,0.0010839745136632661
2026-04-12,1.1430866992757858,-0.019689964574901797,0.09692456753719896,2.1434327943545967e-07,-0.0027036731317214846
2026-04-13,1.1442840402834333,-0.01866312609767462,0.09692456753719896,3.3925102693663222e-09,0.0010474629863181928
2026-04-14,1.1518437431633959,-0.012179932300778518,0.09691778251666022,2.2548749748554919e-07,0.006606491582364038
2026-04-15,1.1503204225085375,-0.013486330604663976,0.09747376834311657,5.034804107137206e-07,-0.0013225063416003602
2026-04-16,1.1506634363158008,-0.013192162299002996,0.09747376834311657,2.9476248049844015e-06,0.0002981897917775367
2026-04-17,1.1557180582758027,-0.008857323449238397,0.1006987669867129,4.56012412678257e-06,0.004392789238341299
2026-04-18,1.1519343599782594,-0.012102219408969606,0.10125585547228717,2.7854424278713627e-07,-0.0032738938969142373
2026-04-19,1.1502843810856949,-0.013517239693647376,0.1045848656358769,1.6645050817948661e-06,-0.0014323549586562345
2026-04-20,1.1494649563114983,-0.014219977578647569,0.1045848656358769,5.704302191571198e-08,-0.0007123671221392902
2026-04-21,1.1493240643802818,-0.014340806361074487,0.10447077959204548,2.706320116872482e-07,-0.00012257174996810338
2026-04-22,1.154123778775811,-0.010224575989316587,0.10392951556867099,4.4269620074262327e-08,0.0041761192898350785
2026-04-23,1.150486605364962,-0.013343812349511652,0.10649139545382516,1.32520956265135e-06,-0.003151458689036435
2026-04-24,1.150047406498827,-0.01372046886759748,0.10649139545382516,9.635212682647387e-07,-0.00038175052546141064
2026-04-25,1.1492349715567398,-0.014417212279416391,0.10456435291729568,1.0448993617256375e-06,-0.0007064360455899532
2026-04-26,1.1513026820989787,-0.012643945740495655,0.10258181620967001,5.363100791280079e-08,0.0017992060748430738
2026-04-27,1.147423351827609,-0.01597085558745792,0.10660988127026848,2.014032530299234e-06,-0.003369513796575796
2026-04-28,1.1476982504174824,-0.01573510282561763,0.1103507509108047,1.8704348202681145e-06,0.00023957904415605746
2026-04-29,1.1473570544390173,-0.016027712163079078,0.1103507509108047,1.277277468835672e-06,-0.00029728718183563707
2026-04-30,1.1470092592832826,-0.01632598094851323,0.10873850250933652,4.711532681015776e-07,-0.00030312722128345015
2026-05-01,1.1494053126226393,-0.014271127947884876,0.11160245921051382,1.4319783505886488e-06,0.0020889572773410414
2026-05-02,1.1494576122102578,-0.01422627587268932,0.11187779369676917,1.3766724312767875e-07,4.5501431952477134e-05
2026-05-03,1.1505953892262422,-0.01325051941646227,0.11431356694657593,1.2178866249033803e-06,0.0009898381670638834
2026-05-04,1.151901742267004,-0.012130192326244016,0.11837797766237733,2.0322053579006976e-06,0.0011353713503419183
2026-05-05,1.1537324043200046,-0.010560218339874083,0.11849660551514854,5.9313926385605457e-08,0.00158925191778847
2026-05-06,1.1524795949254987,-0.011634626451425989,0.11849660551514854,2.7489502123625997e-08,-0.001085875190653618
2026-05-07,1.1487556155638288,-0.01482830751015396,0.11844162651090129,5.532389625437923e-08,-0.0032312757449799445
2026-05-08,1.1486960982211813,-0.014879349525003804,0.12494350130231108,3.306261291959274e-06,-5.181027351652823e-05
2026-05-09,1.150231191465481,-0.013562855059926382,0.12797584598535047,1.5161723415196976e-06,0.0013363789140357074
2026-05-10,1.152390449909079,-0.011711077130328817,0.14346104290092032,7.742598457784925e-06,0.0018772386452594603
2026-05-11,1.1521031988242183,-0.01195742337979011,0.14346104290092032,4.788830900527331e-05,-0.0002492654159743646
2026-05-12,1.1504191883311021,-0.01340162913181997,0.04768442489037371,1.0525702853523417e-07,-0.0014616837231503643
2026-05-13,1.1522074217228166,-0.011868041923876138,0.1425847029153183,9.502930687431077e-05,0.0015544189542853193
2026-05-14,1.147737783999032,-0.015701198864742305,0.1425847029153183,4.016259181574278e-07,-0.0038791953944382618
2026-05-15,1.1531375772555124,-0.01107034144867558,0.14178145107900345,1.245151182161647e-07,0.0047047272746123525
2026-05-16,1.1567490582331168,-0.007973138894105114,0.16473304265465583,1.1600310906042355e-05,0.0031318734631802236
2026-05-17,1.156220294152898,-0.008426606452199503,0.16473304265465583,3.1326549151624445e-06,-0.00045711217697030904
2026-05-18,1.162681370707985,-0.0028855935171224756,0.15846773282433094,9.106367679031085e-07,0.005588101668654533
2026-05-19,1.1623244152118835,-0.003191718201496996,0.1723637639456045,7.858652328539884e-06,-0.0003070105921496591
2026-05-20,1.1597974691278978,-0.005358824691913511,0.1723637639456045,1.0471143363282587e-06,-0.002174045430789251
2026-05-21,1.160170493820764,-0.0050389190801084505,0.1709854640684644,3.5796439775821755e-07,0.0003216291661216619
2026-05-22,1.1612956650882509,-0.004073973301465195,0.1709854640684644,9.22352155275502e-07,0.0009698326870719587
2026-05-23,1.1667760764203696,-0.004056452524049625,0.16915034495815384,4.7926001202208695e-09,0.004719221380806049
2026-05-24,1.1629924528960018,-0.00728610002139396,0.18672591880549672,8.787786923671437e-06,-0.0032428017687610167
2026-05-25,1.1597309212357472,-0.010070097291791202,0.18756834390291757,4.212125487104285e-07,-0.0028044306324859214
2026-05-26,1.1636827168401187,-0.00669690048680327,0.18756834390291757,2.3522118633381716e-06,0.0034075107699644835
2026-05-27,1.1651811324111867,-0.005417874159814096,0.18286392017624123,1.5199566275133498e-06,0.0012876495881475325
2026-05-28,1.173580438215098,-0.0019055642945452478,0.18171315548063188,9.445742797086765e-07,0.007208583773176125
2026-05-29,1.1689230727848523,-0.005866511810034836,0.19031951010447862,4.303177311923368e-06,-0.003968509766005268
2026-05-30,1.169409527552702,-0.005452796838991358,0.19031951010447862,6.668064219275238e-06,0.00041615635722469513
2026-05-31,1.1710156813481494,-0.0040868119316753715,0.17698338166592814,2.714115895942948e-06,0.0013734741829958264
2026-06-01,1.1751584634957866,-0.0006758996413348539,0.17155514987404225,4.36011057466934e-09,0.0035377682926163168
2026-06-02,1.1807749397995213,-0.0017793704950799238,0.17598165571243113,2.217613029769111e-06,0.004779335279628372
2026-06-03,1.189134512170918,-0.0018661201548432205,0.17598165571243113,1.0286649753067228e-06,0.007079733901548924
2026-06-04,1.1956048727274031,-0.005597665510624794,0.17392432576181768,1.1393840164966308e-06,0.005441235192708449
2026-06-05,1.2181851857957435,-0.0007322281795553165,0.17164555772882442,3.5695846168177364e-06,0.018886099900907727
2026-06-06,1.2205832580792033,-0.005364374163890462,0.16450638849518895,3.850403043125783e-07,0.001968561357851284
2026-06-07,1.214331863674096,-0.010458544959135563,0.1637363078865638,2.3721901363139535e-05,-0.005121645216520809
2026-06-08,1.2088737201527442,-0.01490630709361418,0.11684889738817344,2.781961139443623e-07,-0.004494770897999212
2026-06-09,1.2131790606132378,-0.01139794748355405,0.11684889738817344,3.639001444968315e-06,0.003561447642314919
2026-06-10,1.211390056089863,-0.012855781369077612,0.10957089449823681,1.9449834332295052e-06,-0.0014746417750314267
2026-06-11,1.2122668149369602,-0.012141323277982452,0.10590926577323925,1.1416907073072414e-07,0.0007237626251661577
2026-06-12,1.2110604674104117,-0.01312435841229409,0.10590926577323925,5.747967069905519e-07,-0.0009951171736164444
2026-06-13,1.2093607068883738,-0.014509468653171265,0.10552068783519838,3.8050773797011775e-07,-0.0014035306805660897
2026-06-14,1.210804171241368,-0.01333321044988256,0.10552068783519838,3.594274303095543e-07,0.0011935763621016005
2026-06-15,1.1973756187292153,-0.024275943478202833,0.10649982958263783,8.489983040292776e-07,-0.011090606417702764
2026-06-16,1.1962739057756537,-0.025173713413849774,0.10649982958263783,7.118934920503929e-05,-0.0009201063862760428
2026-06-17,1.1961067571856407,-0.025309920379933182,0.03587886882744075,3.2141197018760795e-06,-0.00013972434674636158
2026-06-18,1.194296574889407,-0.026785011725955155,0.02945062942368859,1.415302482377749e-07,-0.001513395259542194
2026-06-19,1.1948337865527026,-0.02634724571909597,0.029521128767903516,1.7677992034523769e-07,0.00044981428783330557
2026-06-20,1.1955048374730608,-0.025800416039333918,0.029521128767903516,3.856219434367151e-07,0.0005616270044512817
2026-06-21,1.1953051855339498,-0.02596310951402525,0.028749884881030086,1.846650519362128e-08,-0.0001670022009562233
2026-06-22,1.1956031772523892,-0.025720280376887672,0.028712951870642843,1.1979544073270275e-07,0.0002493017867293279
2026-06-23,1.1939159175614813,-0.027095203871459583,0.028473360989177438,4.8398736806481994e-12,-0.0014112204810194928
2026-06-24,1.1964900825126867,-0.02499755412057192,0.08572100604308483,5.709717867625745e-05,0.00215606887666131
2026-06-25,1.1994049117141503,-0.022622302004165262,0.08572100604308483,6.820606849035696e-07,0.002436149905516105
2026-06-26,1.1986422551352047,-0.02324377980887582,0.08461045451511537,1.2678492091883903e-07,-0.0006358624777127453
2026-06-27,1.1969812021387012,-0.024597347847588935,0.08461045451511537,1.7540944908693567e-07,-0.0013857787754317785
2026-06-28,1.198527614290504,-0.023337198973492956,0.0842596356169415,1.2045269055799972e-07,0.0012919268481739188
2026-06-29,1.1985086119665822,-0.023352683692147824,0.08445503803783244,2.1815390100347193e-07,-1.585472349874273e-05
2026-06-30,1.1994188675929291,-0.022610929560596627,0.08521823126788279,3.8159661502517454e-07,0.0007594902675374104
2026-07-01,1.1958647118528367,-0.025507159617388475,0.08521823126788279,1.4607516316496316e-08,-0.0029632314749447053
2026-07-02,1.1910647913765615,-0.029418545321954426,0.0851890162352498,5.724955083122318e-10,-0.004013765460844643
2026-07-03,1.1890318906984927,-0.0310751266528958,0.08518787124423317,7.944873501378111e-07,-0.001706792689026626
2026-07-04,1.1856939467014584,-0.0337951688905066,0.08359889654395755,1.0314307268444665e-06,-0.0028072787812898348
2026-07-05,1.1855075743816186,-0.033947040995711664,0.08153603509026862,5.4504987757749615e-05,-0.0001571841708046806
2026-07-06,1.1857741768079757,-0.03372979053824876,0.027473940425230603,2.6001769950679058e-08,0.00022488462505276807
2026-07-07,1.186006796075136,-0.03354023246521942,0.03310924662153321,2.843654868101982e-06,0.00019617501519686442
2026-07-08,1.1843554761766495,-0.03488586914327063,0.03329087662019862,9.081499933270495e-08,-0.0013923359494666387
2026-07-09,1.1847496533856772,-0.03456465984239221,0.03421220211420256,4.6066274700197127e-07,0.0003328200164198769
2026-07-10,1.1859338763394587,-0.033599653702116705,0.03421220211420256,2.164812992328409e-07,0.0009995554338391166
2026-07-11,1.1864721758251018,-0.03316100124457566,0.034453919765156014,3.3734012470956755e-07,0.000453903456493876
2026-07-12,1.1866115417031675,-0.03304743400822974,0.034453919765156014,1.8709323580781355e-07,0.00011746240737919855
2026-07-13,1.185635698072199,-0.033842634855187126,0.03408325457347785,1.7606399687307427e-09,-0.0008223783409062602
2026-07-14,1.1878393935470037,-0.03204687531709227,0.034102888371753015,9.81689913758313e-09,0.0018586615419833308
2026-07-15,1.1890364768872237,-0.031071389434096153,0.034102888371753015,1.8158391024463914e-07,0.0010077821519669516
2026-07-16,1.1880427605942123,-0.03188115445459816,0.03373972055126374,6.621441668072867e-07,-0.0008357323869597755
2026-07-17,1.186780183441985,-0.03291001029680274,0.038906776075414026,3.2456719288824312e-06,-0.0010627371287501575
2026-07-18,1.1871189730487361,-0.03263393555113736,0.03942147229912991,2.5734811185794055e-07,0.00028546955154773457
2026-07-19,1.1877943161635536,-0.03208360822425138,0.03942147229912991,3.6208643396279383e-07,0.0005688925290130431
2026-07-20,1.188632040545608,-0.03140095875359261,0.04160942086390578,1.4560607163507309e-06,0.0007052773116096311
2026-07-21,1.189402104564101,-0.030773444733636968,0.0416178515555394,4.215345816807603e-09,0.0006478573622699102
2026-07-22,1.189697721551486,-0.030532550730455243,0.04170731893975639,4.4733692108497175e-08,0.000248542512451877
2026-07-23,1.1884882200584574,-0.031518155986389296,0.04170731893975639,3.2478145864673485e-08,-0.0010166460531247923
2026-07-24,1.1876163182310413,-0.03222865616246451,0.041661776729497835,9.707040735395385e-09,-0.0007336226078656916
2026-07-25,1.1877855608159111,-0.032090742830288344,0.044178850036250945,1.2585366533765552e-06,0.00014250611268074032
2026-07-26,1.1891005975244804,-0.031019138455111617,0.04470685201848198,2.640009911155164e-07,0.0011071330987266759
2026-07-27,1.1894909361132349,-0.03070105719031957,0.04651179728209095,9.024726318044852e-07,0.00032826372265915005
2026-07-28,1.1892868613493788,-0.030867354760863663,0.04651179728209095,2.597463518306323e-07,-0.00017156479100577382
2026-07-29,1.188504998249471,-0.03150448368144099,0.046137453823036544,7.257462230342986e-08,-0.0006574217922636905
2026-07-30,1.1893078548229987,-0.030850247483146798,0.04670374283648969,2.8314450672657297e-07,0.0006755180455395582
2026-07-31,1.187691315561539,-0.03216754192362681,0.04670374283648969,2.9339785043600365e-07,-0.0013592269275805036
2026-08-01,1.18790482159908,-0.031993558944699574,0.04640163974980872,1.423463070955172e-07,0.00017976559628340993
2026-08-02,1.1875861432804098,-0.03225324529287188,0.04640163974980872,3.235545199038355e-07,-0.0002682692357830474
2026-08-03,1.1877459455148278,-0.0321230247656048,0.048630506247762946,1.4379877688809502e-06,0.0001345605414204698
2026-08-04,1.1880497712785782,-0.03187544154940658,0.04901587345000198,1.926836011195178e-07,0.00025580029542515703
2026-08-05,1.1880849506307312,-0.031846774404651335,0.05099744634933716,9.907864496675884e-07,2.9611008731444954e-05
2026-08-06,1.1892879440757058,-0.03086647246285501,0.05121224801166781,1.0740083116532462e-07,0.001012548340365127
2026-08-07,1.189531346114952,-0.030668127664962075,0.05128462911182341,3.61905500778012e-08,0.00020466199162316734
2026-08-08,1.1896799607122803,-0.030547023781188676,0.05128462911182341,3.078236240240812e-07,0.00012493541916125395
2026-08-09,1.189807588587333,-0.0304430216735595,0.05524247670101745,2.2867474186211016e-06,0.000107279166892571
2026-08-10,1.1881067501914644,-0.03182901025821616,0.05533361520844522,4.556925371388548e-08,-0.001429507100294769
2026-08-11,1.187602407947579,-0.032239991451069705,0.05721734968771923,9.418672396370037e-07,-0.0004244923646867793
2026-08-12,1.188659517394374,-0.03137856826733321,0.05721734968771923,8.757981142607716e-07,0.000890120666412697
2026-08-13,1.188226110499953,-0.03173174527088518,0.055465753459197686,8.539506675075622e-08,-0.0003646182006473708
2026-08-14,1.1882772045478291,-0.03169010947099238,0.05652484527901097,6.149409766573987e-07,4.3000273621585094e-05
2026-08-15,1.188409076775829,-0.03158264870159477,0.06600841882714337,4.741786774066198e-06,0.00011097766370982143
