timestamp,equity,drawdown,gross_exposure,trading_cost,net_return
2022-01-01,1.000099455132359,-0.0001758290831080922,0.006455872212667085,3.227936106333543e-06,9.945513235898318e-05
2022-01-02,1.0000090099902745,-0.0002662493295485513,0.006468583870201263,6.3558287670887995e-09,-9.043614774406628e-05
2022-01-03,0.9999933922648735,-0.00028186275606389977,0.006533383287825579,3.239970881215807e-08,-1.5617584685601038e-05
2022-01-04,0.9998778618594556,-0.0003973613609474791,0.006533383287825579,9.75337124528618e-09,-0.00011553116881490855
2022-01-05,0.9999309465565624,-0.0003442912757666283,0.007283429538187294,3.84776496426144e-07,5.309118156415771e-05
2022-01-06,1.0007739524613277,-0.00019538340556013445,0.007283429538187294,1.074572850554489e-08,0.0008430641212493484
2022-01-07,1.001347472482092,-0.00013784150953166652,0.007278446573630573,8.254246227184116e-09,0.0005730764868066007
2022-01-08,1.001274854070044,-0.00021035220558063283,0.007278446573630573,3.2868617302052144e-07,-7.252069241392434e-05
2022-01-09,1.001397219420664,-0.00020582411201497397,0.00662107422758953,1.5819307193723313e-07,0.00012220955128050548
2022-01-10,1.001583414219846,-0.00015996795748418613,0.006363422134165719,2.9367025225327664e-08,0.00018593500717845046
2022-01-11,1.001309006623618,-0.0004338979127030962,0.006434754657625264,3.5666261729772575e-08,-0.0002739737822458066
2022-01-12,1.0008537223977527,-0.0008883896589869655,0.006434754657625264,2.0500568689409484e-09,-0.00045468903491163726
2022-01-13,1.0009620048426728,-0.0007802956933107286,0.006430654543887382,8.006723697006994e-08,0.00010819008062323832
2022-01-14,1.001001206786575,-0.0007411619853331386,0.006270520069947242,9.832594027859091e-08,3.916426768379999e-05
2022-01-15,1.0008466415552335,-0.0008954581764072378,0.0060738681893900606,4.759066064824631e-09,-0.0001544106343654983
2022-01-16,1.000862001618994,-0.0008801248487738667,0.006113619905910965,2.463492432527685e-08,1.5347070294380316e-05
2022-01-17,1.0011009650525087,-0.0006415773612353792,0.0069264933718028755,4.0643673294595526e-07,0.00023875762405523027
2022-01-18,1.001370285098787,-0.0003727261004442539,0.007211251414636428,1.423790214167761e-07,0.000269023860410611
2022-01-19,1.0013508799073711,-0.00039209751467839116,0.007244866988529872,1.6807786946721957e-08,-1.937863715739674e-05
2022-01-20,1.0010381521393699,-0.0007042809405816142,0.007244866988529872,4.276184394077978e-08,-0.00031230588026454065
2022-01-21,1.0020438393692779,-0.0002506627756047042,0.007210363138965126,2.550991915840689e-08,0.001004644256323406
2022-01-22,1.0115198132409922,-0.0018983626281942056,0.05788149724278809,2.5335567051911483e-05,0.009456646006304581
2022-01-23,1.0104408433938932,-0.0029630195503496104,0.05788149724278809,4.808363082644894e-06,-0.0010666818711562165
2022-01-24,1.0130349733493997,-0.0020779593047138833,0.048264771077498304,3.985200073390833e-06,0.002567324918099745
2022-01-25,1.0103847777893997,-0.004688617999677458,0.04068125301824719,1.934410437652752e-07,-0.0026160948335607337
2022-01-26,1.007313904398123,-0.007713678655981937,0.04068125301824719,2.7360688383220796e-07,-0.003039310823743979
2022-01-27,1.0091390662030486,-0.0059157454741209925,0.04013403925058277,7.317399649253847e-07,0.001811909670814238
2022-01-28,1.0096295810153373,-0.0054325483927291085,0.038670559320732004,7.793713644641577e-07,0.00048607256295185586
2022-01-29,1.0080746479718163,-0.006964284213067606,0.03711181659180369,9.001087138683222e-09,-0.0015401025017082182
2022-01-30,1.0069790471910494,-0.00804354030559462,0.03712313141592172,1.4658499197697794e-08,-0.0010868250510747135
2022-01-31,1.0069027451375958,-0.008118704049092984,0.03712313141592172,2.7286488686492637e-07,-7.577322851382018e-05
2022-02-01,1.004862171359969,-0.010128835586433516,0.036577401642191865,5.4819542659397676e-08,-0.0020265847793939917
2022-02-02,1.0003673174729153,-0.014556633127090324,0.10931896715500489,7.289336485593898e-05,-0.0044731048845956245
2022-02-03,0.9994645334403447,-0.015445949002445891,0.10931896715500489,9.963526910398077e-07,-0.0009024525459809807
2022-02-04,1.0086818609588661,-0.006366129915225449,0.10732626177292527,1.4731084828783354e-07,0.009222265733424218
2022-02-05,1.015267778228541,-0.00027856133064196875,0.1074803595823138,2.2435975298210064e-07,0.006529231390570045
2022-02-06,1.0132736146085448,-0.002242189218649271,0.1074803595823138,2.255987421588189e-06,-0.0019641750312168194
2022-02-07,1.0179391512598988,-0.00016639605725710105,0.10686466455788945,1.9481399093760135e-06,0.004604419363231971
2022-02-08,1.0163905901272823,-0.005101787333676278,0.11000885689029724,1.572096166203893e-06,-0.0015212708251742812
2022-02-09,1.0201045586999633,-0.0014663535439985997,0.11000885689029724,4.935698890132512e-07,0.003654076108885018
2022-02-10,1.0212664832579246,-0.0022393842285305388,0.10913366259093218,5.5972739330723e-08,0.001139024963714208
2022-02-11,1.020570235247809,-0.002919607123035406,0.10913366259093218,4.774829965375999e-05,-0.0006817495937962992
2022-02-12,1.0123026928872283,-0.01099686050581039,0.10995538846774768,4.8159162592167734e-05,-0.008100904842257228
2022-02-13,1.013806640078262,-0.009527528749590841,0.1122462756726279,1.1454436024401146e-06,0.0014856694559812755
2022-02-14,1.0145598082890426,-0.008791695751947826,0.1122462756726279,1.3566889592468433e-06,0.0007429111045536008
2022-02-15,1.0153451691576103,-0.008024411055278735,0.10953289775413422,4.793020891518389e-05,0.0007740902627484392
2022-02-16,1.0150963592152542,-0.008267494291011035,0.013724387364051583,2.5953720142573613e-08,-0.00024504961457583185
2022-02-17,1.014759648800349,-0.008596454847751067,0.013724387364051583,1.4210754078634348e-07,-0.00033170290864581453
2022-02-18,1.0138857986521326,-0.009450192120313838,0.013493525352905319,2.6676535213211208e-08,-0.0008611400238929257
2022-02-19,1.0144990959940057,-0.008851010669135406,0.036115470033655846,2.480449769328058e-05,0.0006048978520929449
2022-02-20,1.0157162538253746,-0.007661867416883128,0.036115470033655846,3.3607961603192294e-07,0.0011997623617117092
2022-02-21,1.014698082022684,-0.008656604580461358,0.035795091689445856,1.7589044392692794e-07,-0.0010024175539772306
2022-02-22,1.0160994606169753,-0.007287480662178658,0.03939874871290553,1.8018285117298375e-06,0.0013810793763366913
2022-02-23,1.014851340563517,-0.00850687349794732,0.04853905572137479,4.5701535042346304e-06,-0.0012283443716289977
2022-02-24,1.019176238484408,-0.004281519113525256,0.04853905572137479,3.0608270518526354e-07,0.004261607338946538
2022-02-25,1.0136123028401458,-0.009717393046078437,0.05001169375366887,1.0424017213323047e-06,-0.00545924780638285
2022-02-26,1.0126221841480623,-0.01068472278037913,0.05001169375366887,1.1954785059561415e-06,-0.0009768218966028641
2022-02-27,1.0125705255933923,-0.01073519234161735,0.04762073674175659,2.0975143202870096e-05,-5.101463850765153e-05
2022-02-28,1.0123094319210095,-0.01099027658025764,0.046286507830579304,2.030802874728145e-05,-0.0002578523330353244
2022-03-01,1.0100637414367641,-0.013184279376907693,0.046417612078818,6.555212411934672e-08,-0.002218383444267058
2022-03-02,1.0102996313198032,-0.012953818827370678,0.14080391871938952,9.361076539910376e-05,0.0002335396008747992
2022-03-03,1.0043531490353457,-0.018763434557524827,0.14080391871938952,7.133903823743903e-07,-0.005885860095471984
2022-03-04,0.9965474624519022,-0.026389462415768672,0.13937713795464074,4.755974555570308e-10,-0.007771854542339418
2022-03-05,0.9950597758810968,-0.027842907812533735,0.14018089950937784,4.023563748241088e-07,-0.001492840659236272
2022-03-06,0.9942856061818471,-0.028599258920200432,0.14018089950937784,1.011198378099376e-06,-0.0007780132591166389
2022-03-07,0.9938789914197662,-0.028996514878411705,0.1381585027531791,2.1362857390572197e-08,-0.0004089516729944842
2022-03-08,0.9907502911428799,-0.032053203770102345,0.1471977019532356,4.54096245741882e-06,-0.0031479690222830925
2022-03-09,1.002258067120345,-0.020810295250469846,0.15302768477771023,2.9149914122373194e-06,0.011615213318979078
2022-03-10,0.9932410769647867,-0.029619746845625072,0.15302768477771023,7.406236328720562e-08,-0.00899667505941193
2022-03-11,0.9923979780931477,-0.0304434406249795,0.15287956005113582,2.910426785481757e-06,-0.0008488360894357561
2022-03-12,0.992633325785638,-0.030213509786722215,0.1470587064801723,1.8960336785409372e-06,0.00023715051590622593
2022-03-13,0.99233607244774,-0.03050392142592051,0.14521017350992654,9.717671934180578e-07,-0.0002994593574248139
2022-03-14,0.9921271410220686,-0.030708044004453594,0.14547623391270353,1.3303020138849543e-07,-0.00021054502750783577
2022-03-15,0.9921151717306098,-0.03071973780603432,0.1464313409712905,4.775535292934896e-07,-1.2064271766587531e-05
2022-03-16,0.9930475219148458,-0.0298088469570853,0.1464313409712905,6.364612720583471e-05,0.0009397600306957354
2022-03-17,0.9986400503753898,-0.02434503831165591,0.15351551078631345,6.718821211334618e-05,0.005631682610480748
2022-03-18,0.9993107581978001,-0.023689767761940095,0.15351551078631345,6.741345529898524e-05,0.0006716211933999183
2022-03-19,0.999778089589579,-0.02323319265164836,0.01917121798234236,2.4130889699969237e-07,0.0004676537182737306
2022-03-20,0.9990640120919626,-0.023930834663219658,0.01917121798234236,9.57880881642427e-08,-0.0007142359940186527
2022-03-21,0.9997182940600183,-0.023291611903991316,0.018979641806013876,3.323661275358644e-09,0.0006548949418001548
2022-03-22,1.0000446483353282,-0.022972769125900627,0.01950560511915904,2.6630531784794034e-07,0.00032644623715372134
2022-03-23,1.000237134751493,-0.02278471305212504,0.01950560511915904,5.814174063778141e-08,0.00019247782234610433
2022-03-24,1.0007815697063243,-0.022252809024444486,0.019643996457736797,1.2733740992666026e-07,0.000544305880993079
2022-03-25,1.000831315032041,-0.022204208656536162,0.019746221540875634,5.111254156941851e-08,4.970647664293004e-05
2022-03-26,1.0008014180932763,-0.022233417475703843,0.020013556949582394,1.3366770435337996e-07,-2.987210563643039e-05
2022-03-27,1.0011502843580091,-0.021892580852914345,0.020092575499247884,3.950927483274518e-08,0.0003485869008823528
2022-03-28,1.0024660801526275,-0.020607069927225496,0.02256005410362412,1.2337393021881175e-06,0.0013142839943025564
2022-03-29,1.0028342324343384,-0.02024739118194263,0.026535812534267532,1.9878792153217062e-06,0.00036724662210474435
2022-03-30,1.0026849416836947,-0.020393245798473347,0.026535812534267532,5.971760454273647e-07,-0.00014886882180409344
2022-03-31,1.0024630320515664,-0.020610047872004378,0.025341460443412803,1.0544083521350777e-08,-0.00022131541314829306
2022-04-01,1.003093272722741,-0.019994313065796354,0.0253203722763701,3.1286695999676456e-08,0.0006286921821774261
2022-04-02,1.0033072831981347,-0.019785228338929595,0.025943939687972248,3.430704018007498e-07,0.00021335052404025667
2022-04-03,1.0036110124659412,-0.019488489822349853,0.025943939687972248,8.61008755815209e-08,0.0003027280603811189
2022-04-04,1.0030440923020303,-0.020042361530772657,0.026945897986116803,5.870800246537984e-07,-0.0005648803738432795
2022-04-05,1.003290483057139,-0.01980164180133115,0.02945994770393908,1.2570248589111391e-06,0.0002456429951573913
2022-04-06,1.001624143809357,-0.021429627935417583,0.02945994770393908,1.7503736702737146e-07,-0.0016608741694615903
2022-04-07,1.0011193759134656,-0.021922777896649648,0.02926107659894955,7.560181453260609e-08,-0.0005039494095789854
2022-04-08,1.00086525271497,-0.022171052096546906,0.02926107659894955,1.9089113127596585e-05,-0.0002538390571694693
2022-04-09,1.001062066570727,-0.02197876818521549,0.008959815699549019,2.1333021652698846e-08,0.00019664370925109864
2022-04-10,1.000919868102936,-0.022117693757640278,0.009821435890849349,4.308100956501651e-07,-0.00014204760377756198
2022-04-11,1.0017787837293866,-0.02127854726806877,0.010763875393009902,4.712197510802763e-07,0.0008581262634759224
2022-04-12,1.0016248198916222,-0.021428967414125255,0.010807963145449155,2.2043876219626606e-08,-0.0001536904556801444
2022-04-13,1.0014726304554133,-0.02157765399894418,0.010807963145449155,8.780858056702725e-07,-0.00015194255692552172
2022-04-14,1.0016977290085896,-0.021357736401815264,0.00905179153410861,8.743448502773407e-10,0.00022476755363110001
2022-04-15,1.0016555242015455,-0.021398969806568302,0.009050042844408055,4.11208262555713e-09,-4.213327615754103e-05
2022-04-16,1.0016880842337585,-0.021367159188749096,0.00904181867915694,8.04081388496294e-08,3.250621738160042e-05
2022-04-17,1.0015220020415152,-0.021529418768513997,0.00924894583709481,1.8397171781856394e-07,-0.00016580230398466345
2022-04-18,1.0020172285435267,-0.02104559059272082,0.009453579585751815,1.0231687432850269e-07,0.0004944739117085373
2022-04-19,1.0013829764841515,-0.021665244459454724,0.00959989440900946,7.315741162882209e-08,-0.0006329752037257386
2022-04-20,1.0015029865117853,-0.021547996629399102,0.00959989440900946,2.3203006244100488e-07,0.0001198442858036941
2022-04-21,1.0013972784409277,-0.02165127168209091,0.00913583428412745,2.252998826432085e-07,-0.00010554943148677332
2022-04-22,1.0018427265582885,-0.02121607617224286,0.008811540328831538,6.31529049952527e-08,0.0004448265707783783
2022-04-23,1.0017956962416599,-0.02126202402077071,0.008829715314261185,9.08749271482344e-09,-4.694381201819642e-05
2022-04-24,1.0018546131515265,-0.021204463165468423,0.008829715314261185,1.9807941145190758e-07,5.881130263207801e-05
2022-04-25,1.0036312439496093,-0.019468723994396475,0.06838333307775976,2.9974888293201197e-05,0.001773341934807604
2022-04-26,1.0036758958785394,-0.019425099791668732,0.06838333307775976,2.9918740514619195e-05,4.449037353304597e-05
2022-04-27,1.0036492144027789,-0.019451167156182225,0.008545852048521378,4.228225680900314e-08,-2.6583756642439837e-05
2022-04-28,1.0035700382257378,-0.019528520983468356,0.008522430605614703,3.057153535566612e-08,-7.888829673396991e-05
2022-04-29,1.0036731755645563,-0.019427757493844844,0.009160374725207683,3.1897205979648965e-07,0.00010277044440054617
2022-04-30,1.0038035256629747,-0.01930040758410434,0.00919168434562263,1.5654810207473523e-08,0.00012987305189393616
2022-05-01,1.0038290881100298,-0.019275433492295435,0.00919168434562263,3.767763549523962e-09,2.5465588041173604e-05
2022-05-02,1.0035943628495565,-0.019504756224673625,0.027515474215965972,9.165662698721195e-06,-0.0002338299051618531
2022-05-03,1.0036400100566447,-0.019460159651497833,0.028047406891168997,2.6596633760151213e-07,4.548372208512674e-05
2022-05-04,1.0034248625323228,-0.019670355256531602,0.028050697127354855,1.6451180929293042e-09,-0.0002143672254654172
2022-05-05,1.0044364489333026,-0.01868205192249106,0.028233222799739374,9.126283619225947e-08,0.0010081336817040487
2022-05-06,1.0049656533053697,-0.018165027924544774,0.02824747402199731,7.125611128967063e-09,0.0005268669537361603
2022-05-07,1.004910940323294,-0.0182184816112968,0.02824747402199731,1.9306304317892945e-07,-5.444263880549638e-05
2022-05-08,1.0068783025404786,-0.01629640096981566,0.029403563143189794,7.711076037751723e-07,0.0019577478344028343
2022-05-09,1.0200239925887256,-0.0034532772481423724,0.23572171276810577,0.00010315907481245799,0.013055887702694058
2022-05-10,1.0209586343121189,-0.015969443031354502,0.23572171276810577,6.445666270629952e-06,0.000916293861896289
2022-05-11,1.0283922526687663,-0.01424897866370256,0.22283038022684587,4.229361453342046e-06,0.007281018159621455
2022-05-12,1.0567214974273278,-0.02331374054048263,0.2168727389091008,1.2505407944695124e-06,0.027547119968129863
2022-05-13,1.0404415847014787,-0.03836062574462351,0.2360441716693092,9.585716380104193e-06,-0.015406058044134197
2022-05-14,1.0520613010421127,-0.027620977392296076,0.2360441716693092,2.868017463674072e-05,0.011168062206940554
2022-05-15,1.0432081216598341,-0.03580362407475035,0.17868382239582775,5.192679598597483e-06,-0.008415079400326486
2022-05-16,1.0469796435969363,-0.03231775418170302,0.1682984631986328,2.2870948819837534e-06,0.0036153111337924315
2022-05-17,1.0430584221812442,-0.03594198543499805,0.16372427343466528,3.1373623214711183e-06,-0.0037452699674519474
2022-05-18,1.051547789705432,-0.028095595792540506,0.15744954879172304,2.0383340705934507e-08,0.008138918533861839
2022-05-19,1.0457111594501345,-0.03349016435745866,0.15740878211031117,2.9996208397543857e-07,-0.005550513550061198
2022-05-20,1.0507786832249508,-0.028806450765564096,0.15685031332919236,2.072769341603109e-08,0.004846007168448407
2022-05-21,1.0488829255245478,-0.030558625299493825,0.16386134482680056,3.505515748804103e-06,-0.00180414556430597
2022-05-22,1.0467089456628549,-0.03256794967155063,0.16386134482680056,2.67033381352616e-07,-0.0020726620758035885
2022-05-23,1.0415420910801783,-0.03734347083565259,0.16346151776333684,6.711984962075313e-08,-0.00493628587401318
2022-05-24,1.0443736253694027,-0.03472639468057592,0.16346151776333684,5.427091699609999e-05,0.0027185980417694378
2022-05-25,1.0441750884239178,-0.034909894597178526,0.16205232783721804,5.356632203304059e-05,-0.00019010145474873674
2022-05-26,1.0528452959163594,-0.026896361660499468,0.16205232783721804,1.265736376325738e-06,0.008303403891320338
2022-05-27,1.0614384932319905,-0.01895400621165677,0.15952085508456657,2.5039606330559685e-08,0.008161880334138782
2022-05-28,1.0584270694982039,-0.02173734712916464,0.15947077587190545,1.274876807028008e-06,-0.002837115624684805
2022-05-29,1.0581158906197459,-0.022024957569156456,0.15692102225784943,9.107781680659649e-07,-0.00029400124715739384
2022-05-30,1.0479143917897136,-0.031453803066709196,0.1550994659217175,3.8066610126016863e-07,-0.009641192349973848
2022-05-31,1.0416178396114637,-0.03727345943732219,0.15433813371919716,2.1204474279498675e-07,-0.006008651305473234
2022-06-01,1.0497864919236504,-0.029723494294151998,0.1539140442336072,4.122825211758497e-06,0.00784227381823177
2022-06-02,1.0548432587522665,-0.025049722925987172,0.1456683938100902,1.5521793670217194e-06,0.0048169478913295816
2022-06-03,1.0591484136664315,-0.021070636989203972,0.14256403507604676,8.091533238515775e-07,0.004081321920055947
2022-06-04,1.0577979571125111,-0.022318811047763565,0.1409457284283436,1.7505089478216109e-07,-0.001275039962759128
2022-06-05,1.0550054355357488,-0.02489982928190393,0.1409584346146025,1.8140398791161027e-07,-0.0026399385232143135
2022-06-06,1.048888487552208,-0.03055348453534379,0.1409584346146025,6.440293352706627e-08,-0.005798025088313952
2022-06-07,1.0571455382214283,-0.022921816255742966,0.14082962874754837,5.829599223373533e-07,0.007872191150167573
2022-06-08,1.0542075929424288,-0.02563724391764688,0.13966370890287366,1.4720591676915252e-06,-0.002779130377773442
2022-06-09,1.0553727642466537,-0.024560321752702285,0.1378329575893627,5.566835109360457e-07,0.001105257932148218
2022-06-10,1.0612816471715691,-0.019098972877364617,0.1391478412762998,6.574418434685536e-07,0.005598858645118776
2022-06-11,1.080209810034896,-0.0016044138753654735,0.13914843637391727,2.975488087308964e-10,0.01783519286682611
2022-06-12,1.078907158367916,-0.00917550083410612,0.13921481347124542,3.3188548664075943e-08,-0.0012059246776682242
2022-06-13,1.1112840072919548,-0.006559858562493304,0.1423675131853513,1.5763498570529334e-06,0.030008929566300857
2022-06-14,1.1070864403037786,-0.022154555040920232,0.14854632923473848,3.0894080246935962e-06,-0.003777222528745683
2022-06-15,1.1202224194324042,-0.011075286073968904,0.14854632923473848,1.769403008253194e-05,0.011865359966853006
2022-06-16,1.1197712005642482,-0.01147361901425703,0.11513599048185683,9.888607060911104e-07,-0.00040279399905363
2022-06-17,1.1227752659381283,-0.008821650584644014,0.11513599048185683,2.5357004320510426e-06,0.0026827492726733126
2022-06-18,1.1338036953588977,-0.0015349734996179532,0.11099303028836191,4.642203353035848e-07,0.009822472720356412
2022-06-19,1.1228827791836251,-0.022022051372689866,0.11157352188942588,2.9024580053198244e-07,-0.00963210494019362
2022-06-20,1.115430150310008,-0.02851293967627555,0.11157352188942588,4.877352145272116e-07,-0.0066370497542359574
2022-06-21,1.1116378500595339,-0.031815854360062845,0.11059805146037145,2.6894836720128545e-06,-0.003399854530942714
2022-06-22,1.1209916589677538,-0.02366912790072262,0.10521908411634574,1.1592984728412346e-06,0.008414439025908882
2022-06-23,1.1187900164491116,-0.025586654711097,0.10290048717066327,3.1518358256592274e-07,-0.001964013292189315
2022-06-24,1.1083158336146584,-0.03470917402645546,0.10227012000553143,3.528893522629778e-07,-0.009362063193679826
2022-06-25,1.107969936740652,-0.03501043389217651,0.10156434130100547,6.76729066429536e-05,-0.0003120923328158165
2022-06-26,1.1091576189360348,-0.03397601870780065,0.03378147198490172,7.872685175411218e-07,0.0010719444237612397
2022-06-27,1.1081250933694038,-0.03487529978529047,0.032390909921081845,9.198748563118281e-08,-0.000930909682272496
2022-06-28,1.1080610286521007,-0.03493109713294695,0.032390909921081845,3.695407642929222e-08,-5.781361480139413e-05
2022-06-29,1.1059167965149623,-0.036798622208346066,0.032395940376090906,3.946930393382286e-08,-0.0019351209741126363
2022-06-30,1.103209335272101,-0.03915669327450533,0.032409658088067714,6.858855988403634e-09,-0.0024481599803871656
2022-07-01,1.1002091150465414,-0.041769743608892185,0.09885400829380278,6.563183319093524e-05,-0.0027195384680265278
2022-07-02,1.10049128743626,-0.04152398476391561,0.0988939579941546,1.9974850175907832e-08,0.00025647159785879836
2022-07-03,1.1006463757324132,-0.04138891017150059,0.0988939579941546,1.715676524518539e-07,0.00014092641888896473
2022-07-04,1.0943872796018925,-0.046840287739547515,0.09857292063423573,1.104897249241954e-08,-0.0056867457782274755
2022-07-05,1.0960974782183743,-0.04535078539282156,0.09857292063423573,2.0113954651401757e-08,0.0015626996478834698
2022-07-06,1.0921335454964956,-0.04880318386549043,0.09853269272493292,9.340315722805026e-07,-0.0036164052930063306
2022-07-07,1.0842336046210956,-0.05568365982863388,0.09712495037072713,2.30160395177606e-07,-0.00723349347519886
2022-07-08,1.082730053105704,-0.056993182295215106,0.09731967363219833,9.736163073559984e-08,-0.0013867412972432547
2022-07-09,1.084394005684681,-0.05554395806632084,0.09731967363219833,1.1290955655412424e-06,0.0015368120374996685
2022-07-10,1.0888230451323853,-0.05168647356860301,0.09517930215921694,5.890982905054632e-08,0.004084345196015082
2022-07-11,1.0905640885018735,-0.05017010689656154,0.09518012955481917,4.13697801113222e-10,0.001599014070537974
2022-07-12,1.0967976456230675,-0.044740972601289286,0.09518012955481917,2.5103922877842132e-08,0.005715901694280934
2022-07-13,1.0982027070753164,-0.04351723033518673,0.10066176529027918,2.7659217906078475e-06,0.0012810580491822154
2022-07-14,1.0900250719664033,-0.05063956488042931,0.10066176529027918,4.7476490283007015e-07,-0.007446380396106234
2022-07-15,1.080557541212888,-0.05888533770421456,0.12498662904963327,1.2637196782507118e-05,-0.008685608246086773
2022-07-16,1.0749627728078528,-0.06375811715121904,0.12498662904963327,2.1773440715497153e-06,-0.0051776681867024
2022-07-17,1.0666113355319993,-0.0710318251878379,0.1264966448811453,2.932351987305723e-06,-0.007769047902967285
2022-07-18,1.0720818165023593,-0.06626729423538436,0.1264966448811453,8.413674925182577e-05,0.005128841957817709
2022-07-19,1.0727404164704468,-0.0656936847209304,0.04177685362250624,2.3082255831865725e-07,0.0006143187562255292
2022-07-20,1.0744178248715628,-0.06423274110549237,0.04131520850586892,1.4598995108203173e-07,0.0015636666386042997
2022-07-21,1.071990412276823,-0.06634690300545654,0.042217867437460505,5.973194168778229e-07,-0.002259281760362275
2022-07-22,1.073962863506612,-0.0646289909996467,0.04262603621920351,2.0408439087150204e-07,0.001839989618565241
2022-07-23,1.0725516157213226,-0.06585812127009727,0.04262603621920351,5.487275535239859e-07,-0.0013140564103687469
2022-07-24,1.075263188945108,-0.06349646886246263,0.04385628595828874,1.1638524230666025e-06,0.0025281517309176937
2022-07-25,1.0727705700408785,-0.06566742238304324,0.04385628595828874,3.0656809320307386e-07,-0.002318147714771235
2022-07-26,1.0676481468581616,-0.07012881141590088,0.044663802708588225,7.103264683528156e-07,-0.004774947529112783
2022-07-27,1.0716054862179807,-0.06668215545066136,0.044663802708588225,6.012026823856605e-07,0.003706595072037855
2022-07-28,1.078135685902104,-0.06099465947191918,0.043461397343816904,1.7223779138222442e-06,0.006093846819661852
2022-07-29,1.0780444687269721,-0.061074105329909756,0.040016641516172416,5.708170157593604e-07,-8.460639632701383e-05
2022-07-30,1.0784139344533337,-0.060752318105229186,0.038875007484653695,1.8399175321668731e-06,0.0003427184472244438
2022-07-31,1.0778879807442814,-0.06121039898329361,0.03609557576687858,4.50201673279315e-07,-0.00048771041642448054
2022-08-01,1.0769824376902364,-0.061999084280464634,0.03774052712000747,8.224756765644465e-07,-0.0008401086849693096
2022-08-02,1.0759691164626413,-0.06288163928427759,0.03774052712000747,9.13430250442035e-08,-0.0009408892774219746
2022-08-03,1.076662447014682,-0.06227778106899862,0.037557841069919065,1.120383821272622e-07,0.0006443777441529353
2022-08-04,1.0756977869242406,-0.06311795451707514,0.03733376430566454,1.3887719561787165e-07,-0.0008959726357294917
2022-08-05,1.0770858348644134,-0.06190903021768068,0.03741656860269971,1.802793441354547e-07,0.0012903698018573717
2022-08-06,1.0772360807363943,-0.061778173148364535,0.03741656860269971,1.637641118087331e-05,0.00013949294208903673
2022-08-07,1.0771897347161428,-0.06181853834645368,0.004666524149332224,1.388954189568241e-09,-4.302308573100877e-05
2022-08-08,1.0774166094569213,-0.0616209411460199,0.0047573601757353555,4.541801320156591e-08,0.0002106172510463189
2022-08-09,1.077154005378217,-0.06184965691489053,0.0047573601757353555,5.477755145925217e-09,-0.00024373494560980813
2022-08-10,1.0776018005632595,-0.061459648425499,0.004746404665443505,2.8589569503263865e-09,0.0004157206702188887
2022-08-11,1.0777527379144183,-0.061328189110427145,0.004740686751542852,1.326452843494275e-08,0.00014006783496722797
2022-08-12,1.0777733843162551,-0.061310207068054345,0.004714157694672967,5.2410056653945555e-08,1.9156900379790898e-05
2022-08-13,1.0780154565518283,-0.06109937356632622,0.004758262168313837,7.446229347438062e-08,0.00022460402074964136
2022-08-14,1.0780082662384451,-0.061105635990207685,0.004782295013978866,1.2016422832514338e-08,-6.669953892424196e-06
2022-08-15,1.0778329652479677,-0.06125831488620437,0.0048421456121979746,2.992529910955449e-08,-0.00016261562732344803
2022-08-16,1.0777551505496046,-0.06132608781895299,0.004906202782293126,3.202858504757584e-08,-7.219550790737994e-05
2022-08-17,1.0776007735627553,-0.06146054289450764,0.004906202782293126,2.4248460014939922e-08,-0.0001432393867704107
2022-08-18,1.0777216844344115,-0.061355235227116944,0.004897320930772603,1.9807534254678417e-08,0.0001122037721394964
2022-08-19,1.0771776833576023,-0.061829034511433734,0.005224241150221938,1.6346010972466753e-07,-0.0005047695380606676
2022-08-20,1.0769697910809424,-0.06201009888078057,0.005224241150221938,3.796959544326295e-09,-0.00019299719987464492
2022-08-21,1.077089923764976,-0.06190546897811189,0.01475430464647635,9.985475938804818e-06,0.00011154693941040073
2022-08-22,1.0773852296267405,-0.06164827149832153,0.014904560221687943,7.512778760579691e-08,0.00027417010896280125
2022-08-23,1.0768592141236555,-0.06210640619607444,0.015039289722156693,6.736475023437494e-08,-0.0004882334457730897
2022-08-24,1.0764238781369007,-0.06248556331129862,0.015104240673996114,3.247547591971045e-08,-0.0004042645324882077
2022-08-25,1.076240239657054,-0.062645503767363,0.015306653237685965,1.012062818449254e-07,-0.0001706005260351251
2022-08-26,1.077312476934865,-0.06171163566212967,0.015573121507159098,1.3323413473656682e-07,0.000996280605669364
2022-08-27,1.0787807112532477,-0.06043287280868204,0.017096322534250634,7.616005135457679e-07,0.001362867645013921
2022-08-28,1.0785478934536905,-0.06063564613305372,0.017287679561895,9.56785138221828e-08,-0.00021581568629280845
2022-08-29,1.0780308424175484,-0.06108597320283882,0.02015841644734642,1.4353684427257096e-06,-0.0004793955273361128
2022-08-30,1.0779764713651194,-0.06113332782551628,0.02015841644734642,3.1262529742859606e-08,-5.043552585448641e-05
2022-08-31,1.077437464932411,-0.06160277701035488,0.0200958913878607,6.483306212562434e-08,-0.0005000168807248739
2022-09-01,1.0777414964455219,-0.06133797989971934,0.01998070062176091,7.237679075729892e-09,0.0002821801942156643
2022-09-02,1.0763699198958758,-0.06253255839471006,0.01998070062176091,3.138233544169519e-08,-0.001272639639630313
2022-09-03,1.077541623046389,-0.0615120602048882,0.020006767680964363,4.441586504342135e-08,0.0010885692073423492
2022-09-04,1.0773737981766847,-0.06165822775224472,0.020006767680964363,3.8876088382765704e-07,-0.00015574792296879636
2022-09-05,1.076859114062069,-0.06210649334499774,0.01922924591330905,2.186708815460764e-07,-0.0004777210244824026
2022-09-06,1.0759739707011036,-0.0628774114714894,0.019005121929913465,1.066088898482847e-07,-0.000821967655195821
2022-09-07,1.075440544498925,-0.06334200053868477,0.019005121929913465,1.2672592693890377e-05,-0.0004957612513867282
2022-09-08,1.0758108992926148,-0.06301943897828721,0.006340063457867289,5.622764119824798e-08,0.0003443749592584311
2022-09-09,1.0761630909733046,-0.06271269663279044,0.006227608175470793,9.983891151513821e-08,0.00032737322230014243
2022-09-10,1.0761528194678291,-0.06272164262968383,0.006027930352440517,2.2114105777050042e-08,-9.544562121877043e-06
2022-09-11,1.0763599013668042,-0.06254128406108539,0.006246585403473399,1.3144163129349094e-07,0.00019242796676510743
2022-09-12,1.0761216797775766,-0.06274876383143235,0.0063051256817582575,2.927013914242943e-08,-0.00022132150122367023
2022-09-13,1.0756786546320294,-0.0631346178413652,0.0063051256817582575,3.170754029865539e-08,-0.00041168685091219626
2022-09-14,1.0756881498765565,-0.06312634793115146,0.006332473220516945,4.538130967799911e-08,8.82721292483346e-06
2022-09-15,1.075275790000488,-0.06348549393745773,0.006332473220516945,1.1127407471911173e-07,-0.0003833451880250749
2022-09-16,1.0750934129018603,-0.06364433578996342,0.0061503310446139655,2.020298676762202e-08,-0.00016960960185830043
2022-09-17,1.0751240096445327,-0.06361768746995344,0.01791390160024095,1.2032116322427459e-05,2.8459613190756627e-05
2022-09-18,1.0754717179530018,-0.06331484993023762,0.0179255301305832,5.814265171124461e-09,0.00032341228113996756
2022-09-19,1.0765012035608612,-0.06241821651348178,0.018071595201311526,7.303253536416338e-08,0.0009572409861382525
2022-09-20,1.0759336762488658,-0.06291250603921372,0.019520581185576025,7.244929921322498e-07,-0.0005271961704428341
2022-09-21,1.0764329056843596,-0.062477700743176046,0.019520581185576025,1.3134044633917977e-07,0.00046399647721284687
2022-09-22,1.0774634675702732,-0.061580129938989314,0.019257900292897666,9.617704952144188e-08,0.0009573860855329741
2022-09-23,1.0770713190713335,-0.061921672788928794,0.019065546193854782,1.624291588086385e-08,-0.00036395526228027997
2022-09-24,1.0763437858432703,-0.06255531992211993,0.019033060362093054,7.26232847253587e-08,-0.0006754735876667306
2022-09-25,1.076781871021622,-0.062173768390659245,0.018978836779838214,4.551149359793838e-08,0.0004070123171717732
2022-09-26,1.0765536012173704,-0.06237258062559059,0.018978836779838214,1.3601563402451145e-07,-0.000211992614651213
2022-09-27,1.0759069160046997,-0.06293581294994344,0.019290977076343606,2.9208578227720754e-07,-0.0006006995025040762
2022-09-28,1.0764325727719946,-0.06247799069414672,0.020466824178979846,5.879235513181203e-07,0.000488570860056825
2022-09-29,1.0764917078081353,-0.06242648686631269,0.020466824178979846,1.0293286807728196e-07,5.493612664597691e-05
2022-09-30,1.0760681968430865,-0.06279534494526606,0.020318162984946243,2.8602271060480453e-08,-0.00039341776808821116
2022-10-01,1.0765272946947695,-0.06239549236623332,0.020326847077268947,4.342046161351712e-09,0.0004266438252027438
2022-10-02,1.077016332050692,-0.06196956389087194,0.020382705076749063,2.792899974005808e-08,0.0004542730670533679
2022-10-03,1.0765798747424327,-0.062349697624248024,0.020382705076749063,1.8173765857627118e-08,-0.00040524669428709803
2022-10-04,1.0759681303022004,-0.06288249818351699,0.021470309008589334,5.619757317777626e-07,-0.0005682294965630996
2022-10-05,1.0763797954318595,-0.06252395726857118,0.021933003247747704,2.313471195791849e-07,0.00038259974256438234
2022-10-06,1.0758227195026338,-0.06300914413276903,0.021933003247747704,1.1359192612998836e-07,-0.0005175458807334943
2022-10-07,1.0762882326853156,-0.06260370410296545,0.021924849511129656,1.095150578209643e-07,0.00043270436126796596
2022-10-08,1.0764611337045003,-0.062453115468788734,0.022366998518706275,2.2107450378830962e-07,0.00016064564670892345
2022-10-09,1.076426954494441,-0.062482883948953516,0.02406791971181918,8.504605965564526e-07,-3.175145761180609e-05
2022-10-10,1.0767925859700076,-0.062164436175902615,0.025550264429429943,7.411723588053813e-07,0.00033967142317270493
2022-10-11,1.07711837394996,-0.06188069020862286,0.02738814959585388,9.18942583211969e-07,0.00030255407048462857
2022-10-12,1.0769746664605218,-0.06200585265507641,0.027401550136358865,6.7002702524923685e-09,-0.00013341847369208182
2022-10-13,1.0779160691174297,-0.06118593533485128,0.028337853777595793,4.681518206184638e-07,0.0008741177357509677
2022-10-14,1.076609500930865,-0.06232389461121257,0.028637391030850917,1.4976862662756212e-07,-0.0012121242311857738
2022-10-15,1.0772201626114284,-0.06179203708455516,0.030700993690696225,1.031801329922654e-06,0.0005672081474608071
2022-10-16,1.0772167365568202,-0.06179502101655565,0.030700993690696225,8.435919440010417e-07,-3.1804590453488046e-06
2022-10-17,1.0760951342438714,-0.06277188373947573,0.031516764649242926,1.251477423274392e-06,-0.0010412039424271269
2022-10-18,1.0766374739253997,-0.062299531452101764,0.0320036904805095,2.434629156332878e-07,0.0005039886012609962
2022-10-19,1.076713295351246,-0.06223349456571803,0.0320036904805095,5.48368804615753e-07,7.04242864280058e-05
2022-10-20,1.0768262543798972,-0.06213511257859772,0.0309676052107939,3.032616975795141e-08,0.00010491096296116886
2022-10-21,1.0768731334264072,-0.0620942831397735,0.03348433044584774,1.258362617526921e-06,4.353445722315996e-05
2022-10-22,1.076345085281231,-0.06255418817293401,0.03426237771297768,3.890236335649701e-07,-0.0004903531611942791
2022-10-23,1.076404997837187,-0.0625020071620066,0.034874689728266725,3.061560076445223e-07,5.5662962350488954e-05
2022-10-24,1.0755328141767777,-0.06326163800045748,0.03860574953275672,1.8655299022449988e-06,-0.0008102746291289709
2022-10-25,1.073480603474882,-0.06504901674523622,0.03904263862340337,2.184445453233229e-07,-0.0019080874844953355
2022-10-26,1.0751776599940153,-0.063570960545556,0.03904263862340337,2.6249974738275516e-05,0.00158089164689601
2022-10-27,1.0749848292300106,-0.0637389070476394,0.013457310853147662,4.5897148472585654e-07,-0.0001793478149527683
2022-10-28,1.0749551536495836,-0.06376475307877316,0.012539367883695949,1.6206705946569567e-06,-2.7605580668499385e-05
2022-10-29,1.0755677563753032,-0.06323120499331902,0.009347135327955974,2.4554316786969468e-08,0.0005698867749410752
2022-10-30,1.0752840542219533,-0.06347829619027912,0.009509257894407151,8.106128322558828e-08,-0.00026376967110675054
2022-10-31,1.0751801242807844,-0.0635688142679891,0.009509257894407151,2.7323198355170936e-07,-9.665347565979143e-05
2022-11-01,1.0752137527715233,-0.06353952543838193,0.008962793927303732,8.813477600987541e-08,3.127707625982801e-05
2022-11-02,1.0751220605582716,-0.06361938503217335,0.00885863503575285,3.605533023443453e-08,-8.527812540937152e-05
2022-11-03,1.0750367425077394,-0.06369369303082395,0.008999489385573965,7.042717491055704e-08,-7.935661787328296e-05
2022-11-04,1.075548008622573,-0.0632484043546977,0.008999489385573965,7.19644571600675e-09,0.0004755801310025731
2022-11-05,1.0756121930468543,-0.06319250274790844,0.009025114019269455,2.0008762563751904e-08,5.967601982481696e-05
2022-11-06,1.075543059355451,-0.06325271493296736,0.009025114019269455,1.400058990507439e-07,-6.427380784146397e-05
2022-11-07,1.075362211490578,-0.06341022489498715,0.00879218313078159,2.354045480681185e-08,-0.00016814562959044377
2022-11-08,1.0745634760278668,-0.06410588581685672,0.008877434916407493,4.2625892812951305e-08,-0.0007427594666935544
2022-11-09,1.1246199329561268,-0.02050907235620114,0.21108748437534042,0.00010998245964587395,0.04658306190835404
2022-11-10,1.0963102935535842,-0.04516543327163547,0.21108748437534042,1.3025469380453875e-05,-0.025172628167926536
2022-11-11,1.10176061391685,-0.04041846125724258,0.18503654561443267,3.4070204423841696e-05,0.004971512531909861
2022-11-12,1.1001586861491335,-0.04181366480044735,0.11689613676674927,4.813783917927313e-06,-0.001453970805889493
2022-11-13,1.1039930132930118,-0.038474146674376875,0.10726856893089465,5.493530395686286e-07,0.0034852491664663088
2022-11-14,1.1024345088119345,-0.03983153058264077,0.10665353010374415,2.4183362599337897e-07,-0.001411697775539622
2022-11-15,1.1005659603951663,-0.041458948138078155,0.10703968811991049,1.9307900808317181e-07,-0.0016949291788610488
2022-11-16,1.1073197056281765,-0.03557675452804443,0.10711289592195275,3.660390102112887e-08,0.00613661104926555
2022-11-17,1.1072183657294647,-0.035665016800913496,0.10711289592195275,6.357485849085853e-08,-9.151819316488563e-05
2022-11-18,1.1053668037727842,-0.03727763995064892,0.10698574620497103,4.91062108656938e-07,-0.001672264490899189
2022-11-19,1.1055181751243919,-0.03714580264165224,0.10607829492171107,3.73364670269577e-08,0.00013694219068249858
2022-11-20,1.1086482859080478,-0.034419623756442586,0.10607829492171107,8.237472132061746e-08,0.002831351717313524
2022-11-21,1.1132642117954212,-0.030399369982819557,0.10591382206605726,1.3829349371219378e-10,0.004163562011544775
2022-11-22,1.1126550027292943,-0.03092996235080403,0.10591382206605726,1.479831024981948e-07,-0.0005472277467215569
2022-11-23,1.1098991377111895,-0.03333019082261246,0.10561785586106087,2.3749944163824199e-07,-0.0024768369452817796
2022-11-24,1.1064562645908973,-0.03632877095402687,0.10514285697778439,1.6026488400808226e-08,-0.003101969362183321
2022-11-25,1.1070015020504211,-0.035853894838669964,0.10511080400098277,3.1550280617423376e-08,0.000492778139518979
2022-11-26,1.1067206424836515,-0.03609851027676714,0.10504770343974792,4.590484795320153e-05,-0.000253712001513251
2022-11-27,1.10662975033599,-0.036177673051158266,0.014153476254668125,4.5773436066163035e-07,-8.21274531006555e-05
2022-11-28,1.1073354209465893,-0.035563067226797695,0.014153476254668125,2.550307210794512e-08,0.0006376754378654148
2022-11-29,1.1024697746108922,-0.03980081573478589,0.11271685748660529,4.9307193688076524e-05,-0.004394013090936122
2022-11-30,1.0964430451158662,-0.0450498129210839,0.11492749147466866,1.1053169940316854e-06,-0.005466571178475488
2022-12-01,1.0963434227647149,-0.04513657929102255,0.11492749147466866,5.983165622816883e-05,-9.085957687915425e-05
2022-12-02,1.0965747674019823,-0.04493508902153487,0.03727902340193873,1.6271601210134866e-05,0.0002110147536473761
2022-12-03,1.0964932413358055,-0.04500609438063141,0.03727902340193873,1.630970874608802e-05,-7.434610808909614e-05
2022-12-04,1.096448859207475,-0.04504474912146905,0.004659605909762696,1.8290165425282648e-09,-4.047642672022622e-05
2022-12-05,1.0966185926558425,-0.04489691929210027,0.037249879904472025,1.6296966013897192e-05,0.00015480288655567165
2022-12-06,1.0962174710935046,-0.04524627725711472,0.037970507158114834,3.603136268214048e-07,-0.00036578037708367983
2022-12-07,1.09614432980135,-0.04530997987344065,0.037970507158114834,1.6611805104088643e-05,-6.672151656228476e-05
2022-12-08,1.0945249545650368,-0.046720379339018736,0.11392508879204857,5.9335992870993064e-05,-0.0014773376026235852
2022-12-09,1.0916902408386546,-0.04918928131745004,0.11396024909843316,1.7580153192295334e-08,-0.0025899032402665334
2022-12-10,1.0916244826116144,-0.0492465536322263,0.11769512408984045,1.8674374957036443e-06,-6.0235243087514156e-05
2022-12-11,1.0923722781094918,-0.04859525901753947,0.18628495895645208,3.429491743330582e-05,0.0006850299803518034
2022-12-12,1.0976615546406308,-0.04398854858654799,0.2533888569635742,3.355194900356107e-05,0.004842009118259272
2022-12-13,1.080150820943607,-0.05923957187895701,0.26947514022173413,8.043141629079958e-06,-0.015952762145116872
2022-12-14,1.0797744793589492,-0.05956734765196725,0.26947514022173413,0.00014031096120617852,-0.00034841577431354853
2022-12-15,1.079197345463524,-0.06007000405884666,0.011146782190622937,3.3103554830716043e-07,-0.0005344948472619793
2022-12-16,1.0785917535520708,-0.06059744605568529,0.010486790293263937,1.0395996276604466e-09,-0.0005611502974861571
2022-12-17,1.0792129627728289,-0.06005640211891117,0.029466091021535336,1.9976440657399638e-05,0.0005759447156081787
2022-12-18,1.0790400371170648,-0.06020701221038682,0.029777104014542727,1.555064965036955e-07,-0.00016023311591895073
2022-12-19,1.0792026321589614,-0.06006539959642665,0.029777104014542727,1.3873740395704478e-07,0.0001506849016752465
2022-12-20,1.0781934039407068,-0.060944389782119024,0.029652234808985198,7.630280117828029e-08,-0.0009351610051511194
2022-12-21,1.0782400168872592,-0.06090379210380925,0.029652234808985198,7.152985086592012e-09,4.3232453823538464e-05
2022-12-22,1.0789956172776676,-0.06024569979578509,0.029637928838812014,7.463135064041463e-08,0.0007007719789429157
2022-12-23,1.078081973591979,-0.06104144036111425,0.03077775451429752,6.445441883831671e-07,-0.0008467538431637944
2022-12-24,1.078089733866715,-0.06103468152777236,0.03077775451429752,2.5465022133866826e-07,7.198223256787983e-06
2022-12-25,1.0782899187760757,-0.06086032991188495,0.030268454071620182,7.311817114671362e-08,0.00018568483037118
2022-12-26,1.0781646758796273,-0.060969410568583515,0.030712072273202395,2.9492727193781985e-07,-0.00011614955706473751
2022-12-27,1.0782716890198278,-0.060876207169912044,0.030712072273202395,5.8984420033582346e-09,9.925491216167259e-05
2022-12-28,1.078883994194387,-0.06034291823748705,0.030939276085096678,1.1950034795049981e-07,0.0005678579719663457
2022-12-29,1.0785473930847804,-0.06063608193077841,0.03095672871429639,8.726314599855415e-09,-0.00031199008551419105
2022-12-30,1.0787177482478578,-0.060487710617215584,0.03246929943396891,7.562853598362604e-07,0.00015794870412322304
2022-12-31,1.0784791612411255,-0.0606955086489771,0.03378960868106878,6.60154623549937e-07,-0.00022117649136454975
2023-01-01,1.0786923518576856,-0.06050982967543217,0.03645640115721747,1.333396238074342e-06,0.00019767708474827117
2023-01-02,1.0779592589499236,-0.061148319027461984,0.03645640115721747,2.5354355827761353e-08,-0.0006796125943543396
2023-01-03,1.0781795338416549,-0.06095646998431781,0.03646947776130786,3.1892657872956145e-08,0.00020434435708893695
2023-01-04,1.076794178403825,-0.062163049241142354,0.03646947776130786,2.5560770293436493e-07,-0.0012849023695445938
2023-01-05,1.0767535002995676,-0.06219847795168387,0.03595826235543913,2.398029857386237e-05,-3.777704696739104e-05
2023-01-06,1.0768838561895204,-0.062084944118757646,0.012002334792285619,2.530985618619036e-07,0.0001210638181483592
2023-01-07,1.0769064219267774,-0.06206529042574449,0.01152193299424862,1.2897662843403858e-08,2.0954662024674775e-05
2023-01-08,1.0770021200419988,-0.06198194188024475,0.011592654620427337,3.536081308935877e-08,8.886390987550286e-05
2023-01-09,1.077593551412454,-0.06146683304684353,0.011649088925380122,2.8217152476392276e-08,0.0005491459668012233
2023-01-10,1.0775751603389265,-0.0614828508046138,0.01182061820738537,8.576464100262457e-08,-1.706679990609583e-05
2023-01-11,1.0774829874701122,-0.061563129026734,0.01182061820738537,3.8738377839894755e-07,-8.553729912119667e-05
2023-01-12,1.078040079192799,-0.061077928407176185,0.01105150320009455,2.826274753536806e-09,0.0005170306437920491
2023-01-13,1.078356806349065,-0.060802073990044,0.011170293784210009,5.9395292057729845e-08,0.00029379905477000534
2023-01-14,1.0792767953672073,-0.06000080693937593,0.011632420091053293,2.310631534216418e-07,0.000853139714729112
2023-01-15,1.0795357692650402,-0.059775252886855146,0.011632420091053293,9.516501025598565e-08,0.00023995132568521704
2023-01-16,1.079491894873698,-0.05981346541271937,0.011442090070541321,2.1745658582924059e-07,-4.06419060783314e-05
2023-01-17,1.0796830669581317,-0.05964696354232368,0.01240733567439856,7.000793877578598e-07,0.0001770945065360241
2023-01-18,1.0795059132771962,-0.0598012560443415,0.012722268004007284,1.574661648043622e-07,-0.00016407933620321558
2023-01-19,1.0793628221474634,-0.05992588167055757,0.012722268004007284,1.2506341201265828e-09,-0.00013255242789822486
2023-01-20,1.0796260955383183,-0.059696582962366684,0.012719766735767031,7.266956852791576e-08,0.00024391556337799436
2023-01-21,1.0803518065744098,-0.05906452287245345,0.012639648391866945,3.261039657787273e-08,0.0006721873795840771
2023-01-22,1.0794690145336179,-0.059833393109955724,0.10099720575480926,4.417877868147116e-05,-0.0008171338590077237
2023-01-23,1.0794086855666525,-0.059885936795235684,0.10099720575480926,4.435051707679154e-05,-5.588763193098423e-05
2023-01-24,1.0794121867869368,-0.059882887397475826,0.012296171601226195,5.380697259258285e-09,3.2436465711160878e-06
2023-01-25,1.0787875523453065,-0.060426914540105736,0.012285410206707679,5.4189147421859936e-08,-0.000578680182864777
2023-01-26,1.0791838362460802,-0.060081769950182995,0.012247135712110462,3.505190012325146e-08,0.0003673419292844482
2023-01-27,1.0790718151923806,-0.06017933500535266,0.012247135712110462,6.139516625832554e-07,-0.00010380164151357896
2023-01-28,1.0791030791102292,-0.06015210560722639,0.011019232386943951,4.79902927081775e-08,2.897297232751228e-05
2023-01-29,1.079355764606895,-0.059932028455578545,0.011054798276793855,6.577323763312919e-08,0.00023416252029906381
2023-01-30,1.0791605938909017,-0.06010201294549833,0.011054798276793855,7.560265202921461e-09,-0.0001808214885089532
2023-01-31,1.0791969235604284,-0.06007037151654715,0.011067833262513977,1.4077758062982539e-08,3.366474807098285e-05
2023-02-01,1.0791038013800833,-0.060151476544243576,0.011067833262513977,1.0966205914701103e-07,-8.628840419400152e-05
2023-02-02,1.0798508230265613,-0.05950085591763299,0.010903126225204826,2.7308540492435725e-08,0.0006922611573836335
2023-02-03,1.0797555172338944,-0.059583862768688656,0.010903126225204826,3.200039821675462e-08,-8.825829515846095e-05
2023-02-04,1.0798722451467015,-0.059482198261198715,0.010839125428771317,3.5856190266887224e-07,0.00010810587299281416
2023-02-05,1.0796399289107848,-0.05968453474729207,0.010196098333705148,3.704835513578756e-08,-0.00021513307426845873
2023-02-06,1.079665719831355,-0.05966207207170371,0.010252525141805538,2.8213404050195234e-08,2.3888446399666918e-05
2023-02-07,1.0795555880449663,-0.05975799166413831,0.010252525141805538,1.1906983819967056e-07,-0.00010200544887573049
2023-02-08,1.0807089272097132,-0.05875348763992416,0.08012255849490393,3.505408651474887e-05,0.0010683462505545194
2023-02-09,1.079627249471308,-0.0596955779411491,0.08012255849490393,3.43551286182478e-07,-0.0010008964589566238
2023-02-10,1.0734954017487888,-0.06503612814650905,0.08246360553410415,1.5140748057825837e-06,-0.0056795970326996015
2023-02-11,1.0731390957721796,-0.06534645384973281,0.24536975180646345,0.00016391667867028382,-0.0003319119728182329
2023-02-12,1.0711136105452628,-0.06711055596610438,0.24536975180646345,1.4281891126768352e-05,-0.0018874396011585581
2023-02-13,1.0806033479029689,-0.05884544223727084,0.22476199453407125,3.978012490572253e-06,0.00885969262669617
2023-02-14,1.0693226413434538,-0.06867040568373317,0.22719742095789916,1.2177132119139538e-06,-0.010439266712807593
2023-02-15,1.0634195582739663,-0.07381171266420994,0.24473912600986086,8.770852525980851e-06,-0.0055203947258365416
2023-02-16,1.0415620744327767,-0.09284855035149053,0.24473912600986086,4.894997795540895e-06,-0.020553960730856802
2023-02-17,1.0383258928035854,-0.09566711194115429,0.23494913041877907,0.00015621139243095968,-0.003107046338022279
2023-02-18,1.0392992897542537,-0.09481932909982627,0.07747365444314024,5.144181967438148e-06,0.0009374676654192449
2023-02-19,1.0399666805130956,-0.09423806322117456,0.06718529050826394,4.74687028490732e-07,0.0006421545414523333
2023-02-20,1.039827292788319,-0.09435946335631595,0.06633572866362755,4.990610617253838e-08,-0.00013403095251907082
2023-02-21,1.0384226872449964,-0.0955828085472431,0.0665760773965201,1.2017436644627678e-07,-0.0013508065743854658
2023-02-22,1.0358809387113042,-0.0977965516582685,0.06957372506159468,1.4988238325372855e-06,-0.0024477012732009307
2023-02-23,1.037745953233112,-0.09617221195869297,0.06957372506159468,2.5382559340523384e-07,0.001800413978199078
2023-02-24,1.0355096813655762,-0.0981198992989295,0.06906607387478421,7.306385581448624e-07,-0.0021549319084973595
2023-02-25,1.035257222231076,-0.09833977929980553,0.06760479675849448,3.723819150625585e-07,-0.00024380180991678824
2023-02-26,1.0356103507963217,-0.09803222097204167,0.06840026651357795,7.701167926042891e-07,0.00034110224750172335
2023-02-27,1.037363487717217,-0.09650532138702295,0.06939912901927427,4.994312528481607e-07,0.0016928538031275586
2023-02-28,1.0372398419209552,-0.09661301104477382,0.06950784890690215,5.435994381394055e-08,-0.0001191923542022133
2023-03-01,1.037968188560903,-0.09597865546818951,0.06950784890690215,3.3634683659194974e-07,0.0007021969370200054
2023-03-02,1.0367134015139055,-0.09707151581384277,0.06931312720473692,2.389859855093379e-07,-0.0012088877682639998
2023-03-03,1.0339952331899838,-0.0994389122426893,0.06961825831944465,1.525655573538648e-07,-0.002621909121610533
2023-03-04,1.0337886110804135,-0.0996188703563986,0.06961825831944465,2.2420228799920755e-07,-0.00019982888019109968
2023-03-05,1.0341004923097623,-0.09934723651309074,0.06916985374344624,8.553337172219136e-07,0.0003016876235637511
2023-03-06,1.0344875095253983,-0.09901016276893182,0.07279886495084732,2.6698393209224555e-06,0.0003742549380005844
2023-03-07,1.0337359857030939,-0.09966470457837706,0.07280192171980497,1.5283844788244183e-09,-0.00072646969188217
2023-03-08,1.0337138008257867,-0.09968402656033426,0.07295692395721093,7.750111870297865e-08,-2.146087358367854e-05
2023-03-09,1.0324235198146148,-0.10080780047498639,0.07341353112029805,2.2830358154356245e-07,-0.0012481994630798576
2023-03-10,1.0264895242614802,-0.10597603077097273,0.07343293343219238,9.701155947165751e-09,-0.005747636933147504
2023-03-11,1.0260594421323392,-0.10635061202397256,0.07343293343219238,5.044033736873552e-05,-0.0004189834567028816
2023-03-12,1.025524383163707,-0.10681662315375229,0.02744774130527864,1.3130064138347635e-06,-0.0005214697576589877
2023-03-13,0.9980779856719866,-0.13072114107295807,0.1981242130909171,8.6651242306654e-05,-0.026763281246472093
2023-03-14,0.9852137658393657,-0.1419252699061957,0.21241628018540337,7.146033547243136e-06,-0.012888992661189924
2023-03-15,0.9811596558840441,-0.14545620849668472,0.21241628018540337,0.0001336053530895382,-0.004114954638160029
2023-03-16,0.9820668799148909,-0.14466605914798947,0.054794425993673,9.168238832902819e-07,0.0009246446543207387
2023-03-17,0.9836996465370001,-0.1432439964168838,0.052960778227092435,1.3387540552890279e-06,0.001662581903025373
2023-03-18,0.9857298807819068,-0.14147575812979352,0.051081718464582725,3.992241740341726e-07,0.002063876155746991
2023-03-19,0.9859521807936981,-0.1412821453025762,0.051081718464582725,1.2623776129190233e-07,0.00022551818314919814
2023-03-20,0.9850781461981118,-0.14204338821828122,0.05407895593167203,1.6248564948365546e-06,-0.0008864878161565226
2023-03-21,0.9866149934588673,-0.14070486672762317,0.05470685864134515,3.1395135483655924e-07,0.0015601272515146647
2023-03-22,0.9864536238282102,-0.14084541206618062,0.05470685864134515,7.0011967558882e-08,-0.00016355886716346024
2023-03-23,0.9874230461706253,-0.14000109092120971,0.054566834706227384,1.921955490711523e-07,0.0009827348382089873
2023-03-24,0.9853716244431946,-0.1417877825064353,0.05418244360808508,3.14212080164758e-09,-0.0020775509903144807
2023-03-25,0.9850120498195415,-0.14210095504709386,0.05437137092786855,9.760578069338207e-08,-0.00036491270373006923
2023-03-26,0.9852987236108186,-0.14185127569363343,0.05437137092786855,8.981307210174234e-08,0.0002910358216736686
2023-03-27,0.9837215607939099,-0.14322491013253102,0.0544657513228641,1.370032695995199e-07,-0.0016006950776593643
2023-03-28,0.9847446805630655,-0.14233382106109083,0.05522319548916396,3.787220831499294e-07,0.001040050162492756
2023-03-29,0.98670857761098,-0.14062335934430248,0.05522319548916396,3.176930554559601e-07,0.0019943210526265354
2023-03-30,0.9861767394421337,-0.1410865653093526,0.05458780937825204,7.727069041112838e-08,-0.000539002275759981
2023-03-31,0.9874063625100653,-0.14001562160280212,0.054433267997429785,1.9681738402973353e-07,0.00124685872091157
2023-04-01,0.9871296007291576,-0.1402566680626538,0.05403963322937032,4.488706398509887e-08,-0.00028029167262466625
2023-04-02,0.986470929947777,-0.14083033925214672,0.05394985910140012,1.006670480242014e-07,-0.0006672586668414748
2023-04-03,0.9864458652777054,-0.14085216939779865,0.053969457242974694,1.1046611881148846e-07,-2.5408422398620623e-05
2023-04-04,0.9884302412619386,-0.13912387149320649,0.05489970350601131,4.65123131518308e-07,0.0020116420516114175
2023-04-05,0.989452317279193,-0.13823369148045184,0.05491867702269074,9.486758339713464e-09,0.0010340396060204426
2023-04-06,0.9888273175496459,-0.13877803677163125,0.05491867702269074,2.9341281064451315e-07,-0.0006316623031070723
2023-04-07,0.9884281816805592,-0.13912566529146375,0.05433185140140171,4.635118958467091e-08,-0.00040364567402617624
2023-04-08,0.9886391386148244,-0.13894193174986347,0.05423914902223237,1.598271555806885e-08,0.00021342666890067363
2023-04-09,0.9877565125555613,-0.13971065742528144,0.05420718359111623,4.3216049503230076e-08,-0.0008927686804897084
2023-04-10,0.9884602863579313,-0.13909770363144036,0.05444877458504739,1.640115464688098e-07,0.0007124972535499374
2023-04-11,0.9901177284719936,-0.13765414971047119,0.05933777454767815,2.444499981315379e-06,0.0016767918113986813
2023-04-12,0.9900762977738157,-0.13769023389482726,0.05933777454767815,6.912319076068929e-09,-4.1844214061392826e-05
2023-04-13,0.9926521616742614,-0.13544677790814574,0.05932394990952601,9.037430958958037e-08,0.002601682220087387
2023-04-14,0.9951473284678215,-0.13327360529610965,0.07795805853342026,9.407428621536707e-06,0.002513636588822088
2023-04-15,0.9966771423387938,-0.13194120955627753,0.08084798287038131,1.4449621684805223e-06,0.0015372737555618965
2023-04-16,0.9964888339057171,-0.13210521732138325,0.09913154793202558,9.141782530822138e-06,-0.0001889362413143303
2023-04-17,0.9954757291783001,-0.13298758376375064,0.09913154793202558,6.971365714705109e-08,-0.001016674440243559
2023-04-18,0.9966452452736417,-0.13196899039584775,0.10109238030900831,1.0501298456384173e-06,0.001174831350544192
2023-04-19,0.9909429676786835,-0.13693540527743953,0.10470671149520776,1.8071655930997217e-06,-0.005721471729284611
2023-04-20,0.9890652948440359,-0.1385707697705676,0.10470671149520776,8.670465394600841e-08,-0.0018948344111525683
2023-04-21,0.9871027001020735,-0.140280097240285,0.10453330218731574,5.691467306144227e-06,-0.0019842923942365864
2023-04-22,0.9868557506117542,-0.1404951786008991,0.09315036757502729,4.0725726172440004e-05,-0.0002501760863338198
2023-04-23,0.9868158633071549,-0.1405299185622303,0.011698915230147277,1.0160850629988005e-07,-4.041857644543345e-05
2023-04-24,0.9866654996112963,-0.1406608782505877,0.011495698217547517,3.6637935387590255e-08,-0.00015237259700462413
2023-04-25,0.9865420846031441,-0.14076836690277839,0.012053096463350363,3.1533705828901313e-07,-0.00012508292648261143
2023-04-26,0.9838884826378471,-0.14307952907803345,0.035959661477629606,2.4006378970489986e-05,-0.00268980108067296
2023-04-27,0.9911180980446418,-0.13678287498735286,0.2864017877331881,0.00012522106312777925,0.007348002882822335
2023-04-28,0.9909488042821539,-0.1369303218710548,0.2864017877331881,0.00012736198331940877,-0.00017081088804526967
2023-04-29,0.9906394658658833,-0.13719974104408372,0.03167782109437056,3.252043608572078e-07,-0.0003121638725795961
2023-04-30,0.9904025079162444,-0.1374061202439386,0.03193136229434346,4.519749608436555e-07,-0.00023919696095608955
2023-05-01,0.9918415555502788,-0.13615277761619515,0.03199885239565095,3.3745050653746777e-08,0.0014529927201618609
2023-05-02,0.9914031163585897,-0.13653463747657846,0.03236498538891999,1.830664966345208e-07,-0.00044204559613048033
2023-05-03,0.9914862327390482,-0.13646224702873733,0.03236498538891999,8.977209365080737e-07,8.383711840864727e-05
2023-05-04,0.9909419042993274,-0.1369363314307127,0.03057908014570342,4.768314899787282e-09,-0.0005490025193979342
2023-05-05,0.9898762475118809,-0.1378644682391562,0.03057908014570342,5.009566939814803e-09,-0.0010753978440332101
2023-05-06,0.9894186508593299,-0.1382630133445375,0.03056906101182379,2.050714764088688e-05,-0.00046227662669817704
2023-05-07,0.9896329558543494,-0.1380763637999055,0.010445234269949975,1.1484726097586457e-07,0.00021659688225716955
2023-05-08,0.9893679645236652,-0.1383071587526743,0.010215539747998246,1.788837351497149e-07,-0.0002677672859592306
2023-05-09,0.9892382885684537,-0.13842010039450459,0.009857772277698816,4.057522923205624e-08,-0.00013106949068719675
2023-05-10,0.9894081943002111,-0.1382721205144276,0.009776621819234704,8.594525725590889e-08,0.0001717540998167344
2023-05-11,0.9890786555953683,-0.13855913318621305,0.009624198853303935,9.733774290524542e-09,-0.000333066480287747
2023-05-12,0.9888593007169449,-0.13875018094115144,0.009624198853303935,1.5424545626298475e-08,-0.00022177698121328415
2023-05-13,0.9883465390344092,-0.1391967721862194,0.028558103768840316,1.9075726765445828e-05,-0.0005185385647479279
2023-05-14,0.9879922471248505,-0.13950534373201995,0.028558103768840316,1.400655970592978e-07,-0.00035846931776084556
2023-05-15,0.9867342072841105,-0.14060103710763006,0.2353881142122331,0.00010355507081875569,-0.001273329668730172
2023-05-16,0.9867328593642589,-0.14060221108225668,0.2353881142122331,0.00010265431795842273,-1.3660414732719062e-06
2023-05-17,0.9871026277552192,-0.14028016025098344,0.03041678323133861,1.6865246797547265e-07,0.0003747401208480383
2023-05-18,0.9869140517139822,-0.14044440109017708,0.030421634901690926,2.4258351761577423e-09,-0.00019103995464908596
2023-05-19,0.9867900220956154,-0.14055242503888132,0.030421634901690926,9.641954083528665e-09,-0.00012567418424280774
2023-05-20,0.9867646564255017,-0.1405745173413756,0.030513977714783917,5.581336063002415e-08,-2.57052357102161e-05
2023-05-21,0.9869276075100167,-0.1404325946310847,0.03271814423141102,1.1020832583135513e-06,0.0001651367258141967
2023-05-22,0.9867627486582884,-0.1405761789166533,0.03294992354103087,1.15889654809926e-07,-0.00016704249680843386
2023-05-23,0.9860253039916909,-0.14121845844541192,0.033322166353401225,1.8612140618517667e-07,-0.0007473373590561883
2023-05-24,0.9856215688902541,-0.1415700926797343,0.033322166353401225,2.2268313459507826e-05,-0.00040945714050621973
2023-05-25,0.9856136583356762,-0.14157698239973182,0.011214460565614426,8.476805585163825e-08,-8.025955223978087e-06
2023-05-26,0.9858419160359221,-0.1413781807068185,0.01104492445391115,1.6231008935441246e-07,0.00023158942483370026
2023-05-27,0.985802665562049,-0.1414123660186184,0.010750876778276094,1.528625153688484e-08,-3.981416617981903e-05
2023-05-28,0.9862193407671841,-0.14104946156419418,0.03821119588736055,1.3730159554542227e-05,0.0004226760787870987
2023-05-29,0.987175855326309,-0.14021638248977353,0.039289723514377296,5.392638135083734e-07,0.0009698801469295582
2023-05-30,0.9873968790001838,-0.14002388129269294,0.039289723514377296,9.707762887939051e-08,0.0002238949349138153
2023-05-31,0.9870993139685668,-0.1402830464028887,0.039095568256618515,1.3165668755904958e-05,-0.0003013631478289147
2023-06-01,0.9871376537257193,-0.14024965428240554,0.012776183899168254,5.976577179826054e-09,3.884083050986753e-05
2023-06-02,0.9887472431514941,-0.13884777779633473,0.1093336575400904,4.827873682046108e-05,0.0016305622824788202
2023-06-03,0.9905903972514246,-0.1372424774933373,0.33049117471777845,0.00011057875858884403,0.0018641307095383919
2023-06-04,0.990270146338826,-0.13752140093606458,0.33049117471777845,1.524066390153206e-06,-0.0003232929710259569
2023-06-05,0.9760926389950111,-0.14986934126055096,0.3314182767070236,1.9876173847757918e-06,-0.014316807788497088
2023-06-06,0.9733897875376882,-0.15222339742089097,0.3314182767070236,0.0001730471198079734,-0.0027690521876145846
2023-06-07,0.9737496862130333,-0.15190994264649016,0.34611359305894884,0.00016571881507501286,0.0003697374679236809
2023-06-08,0.9728992986384922,-0.15265059012199278,0.34611359305894884,0.00011441572177853263,-0.0008733122963529016
2023-06-09,0.9737770612850749,-0.15188610024967442,0.12191622547580695,2.31703798696168e-06,0.0009022132586666842
2023-06-10,0.9807194073630483,-0.14583964419757123,0.12266287494311841,3.733247336557277e-07,0.0071292972015732925
2023-06-11,0.9804184294037235,-0.1461017818068563,0.12454116387027124,9.391444635764163e-07,-0.0003068950783138291
2023-06-12,0.9804319587697714,-0.14608999836703596,0.12454116387027124,5.5305969530900855e-05,1.379958356584332e-05
2023-06-13,0.9804404422867148,-0.14608260962383746,0.014273702508461907,1.722388499961862e-07,8.652835993938623e-06
2023-06-14,0.9803536481479761,-0.1461582032257076,0.014494750921305028,1.1052420642156027e-07,-8.852566152306451e-05
2023-06-15,0.9811830694849379,-0.1454358163544267,0.014641139581004006,7.319432984948925e-08,0.0008460429953283111
2023-06-16,0.9808348124722831,-0.14573913178961306,0.014641139581004006,6.062836186399023e-09,-0.0003549358152276083
2023-06-17,0.9804976168593502,-0.14603281326726647,0.014629013908631208,9.62037788502645e-07,-0.00034378430357917544
2023-06-18,0.9804257122148449,-0.14609543882180676,0.012704938331625918,1.5136464192198104e-07,-7.333484882565688e-05
2023-06-19,0.9805368588122643,-0.14599863537682012,0.012402209047781956,1.6900333361134604e-07,0.00011336564926023307
2023-06-20,0.9804630316045762,-0.1460629353932298,0.012064202380559264,5.1977110823225524e-09,-7.529263895167393e-05
2023-06-21,0.9796827981119184,-0.14674248197168438,0.012053806958394619,1.1998617722297836e-08,-0.0007957806337504092
2023-06-22,0.9802291428124066,-0.1462666415016619,0.03603128779500037,2.4030548758975196e-05,0.0005576750980404999
2023-06-23,0.9808894641484758,-0.14569153275687086,0.03603128779500037,2.2433612706204176e-06,0.0006736397717972409
2023-06-24,0.9801743853189794,-0.1463143326962253,0.031771185090292704,1.1330991826658325e-07,-0.0007290106129521634
2023-06-25,0.980398503734165,-0.14611913612540228,0.032611229711810824,4.2002231075905993e-07,0.0002286515731755312
2023-06-26,0.9804427186554574,-0.1460806270140098,0.032611229711810824,2.844052144001415e-07,4.509892776138891e-05
2023-06-27,0.9801543259989416,-0.1463318034180362,0.03238642204442518,1.7200138070731786e-07,-0.0002941453396816396
2023-06-28,0.9799613674167701,-0.1464998612437154,0.032408049839682415,1.0813897628619146e-08,-0.00019686551092124027
2023-06-29,0.9798398982071068,-0.1466056551971806,0.03241345831236478,2.7042363411819427e-09,-0.00012395305947798807
2023-06-30,0.9798649139761805,-0.14658386764199183,0.03293981211670817,2.6317690217169537e-07,2.5530465865841734e-05
2023-07-01,0.9810791578904599,-0.1455263184530342,0.03296749737643698,1.3842629864403711e-08,0.001239195216562683
2023-07-02,0.981009297398973,-0.1455871636466919,0.03344538852538319,2.389455744731053e-07,-7.120780308655927e-05
2023-07-03,0.9818293747603547,-0.14487291493750531,0.03344538852538319,6.41264141476635e-07,0.0008359526903101155
2023-07-04,0.9816112352165522,-0.1450629041933006,0.0323388902292861,8.801499342809064e-08,-0.0002221766321213181
2023-07-05,0.9807753648591779,-0.1457909078572428,0.0323388902292861,2.653403096063711e-07,-0.0008515289224338973
2023-07-06,0.9805463348828142,-0.1459903821662364,0.03180820961007336,2.5986497366892875e-08,-0.00023351929970039098
2023-07-07,0.9802808438239574,-0.1462216123586777,0.03287933377043643,5.615485775484278e-07,-0.000270758300154883
2023-07-08,0.9800593019863184,-0.1464145648519618,0.03291719275091493,1.8929490239252835e-08,-0.0002259983340838767
2023-07-09,0.980177876367692,-0.14631129215742478,0.03291719275091493,3.898401557200434e-08,0.00012098694551920808
2023-07-10,0.9802594034646518,-0.14624028590056493,0.03285758781592647,9.181548077774604e-09,8.317581831263077e-05
2023-07-11,0.9802830581639923,-0.14621968377292938,0.03290490539547043,2.3658789771979772e-08,2.413106087950645e-05
2023-07-12,0.9805192334781153,-0.14601398621170192,0.03699409456793483,2.0445945862321983e-06,0.0002409256307722707
2023-07-13,0.9814500013347766,-0.14520333130098395,0.03699409456793483,2.3039945111352765e-09,0.0009492601724532257
2023-07-14,0.9826891162360715,-0.14412412065518265,0.03705271547010497,3.161444559620502e-08,0.0012625349224213434
2023-07-15,0.9815429633882431,-0.1451223657362476,0.03705271547010497,3.199099105336313e-07,-0.0011663432807901275
2023-07-16,0.9815771906718572,-0.14509255538628352,0.036412895649037706,5.395529990799945e-07,3.487089703613222e-05
2023-07-17,0.9810148282108737,-0.1455823465703442,0.0389773249273833,1.8217676382527927e-06,-0.0005729172054191878
2023-07-18,0.9807959776479959,-0.14577295509022448,0.03953846194942286,2.80568511019777e-07,-0.00022308588676511754
2023-07-19,0.9809880743496123,-0.14560564792186492,0.039824437713494636,1.4298788203588945e-07,0.00019585796230447983
2023-07-20,0.980631001124294,-0.14591664186253284,0.039824437713494636,6.195266332298041e-08,-0.000363993441566568
2023-07-21,0.9806865410269302,-0.1458682692264447,0.03997013143924446,1.3479952619789225e-07,5.663690274304578e-05
2023-07-22,0.9806404818431383,-0.14590838460350386,0.03997013143924446,1.2697293805193773e-07,-4.6966264818926184e-05
2023-07-23,0.9802659408757446,-0.1462345921237893,0.04918769687721131,4.735755657035361e-06,-0.0003819350458496018
2023-07-24,0.9794769508524607,-0.14692176522748546,0.04986634262636841,3.393228745785515e-07,-0.000804873443404519
2023-07-25,0.9793405959630936,-0.1470405239060053,0.04986634262636841,3.348297937783524e-05,-0.00013921194291532935
2023-07-26,0.9793162070535085,-0.14706176549614047,0.017427083021781604,1.6373344623976835e-07,-2.4903398967324186e-05
2023-07-27,0.9792331927105388,-0.14713406707414067,0.017427083021781604,6.89422894330563e-09,-8.476765969189781e-05
2023-07-28,0.9791759247796273,-0.14718394474136753,0.017413294563894993,4.3899131279244444e-10,-5.84824241433024e-05
2023-07-29,0.9791999824945499,-0.1471629916061652,0.017486430042261365,3.700673049597883e-08,2.4569348894720733e-05
2023-07-30,0.9791666255191526,-0.14719204395871366,0.017527208880420295,2.0389419079464706e-08,-3.40655392119249e-05
2023-07-31,0.9793344766650568,-0.14704585352602617,0.01754782369357824,1.0307406578972945e-08,0.0001714224540805276
2023-08-01,0.9795435480192436,-0.14686376223575548,0.01754782369357824,1.4992774934399766e-09,0.00021348309404678467
2023-08-02,0.9794550958801643,-0.14694079987773567,0.019592234740819663,1.023704801114151e-06,-9.029934325710531e-05
2023-08-03,0.9794841382493239,-0.1469155053437553,0.019592234740819663,1.0916107400182895e-07,2.9651557565291142e-05
2023-08-04,0.9794023201792648,-0.14698676502446328,0.020792573227171506,7.093303171777504e-07,-8.353179685283152e-05
2023-08-05,0.9795488437847399,-0.14685914987374182,0.02084427181977396,2.5849296301228008e-08,0.00014960512391892777
2023-08-06,0.9796003817457357,-0.1468142627401019,0.02235260849199884,7.541683361124395e-07,5.261397766953557e-05
2023-08-07,0.979729295737441,-0.14670198473255336,0.02236613185426591,6.761681133534217e-09,0.00013159855192745873
2023-08-08,0.9794325135587313,-0.14696046801478402,0.02251912191716867,7.649503145138078e-08,-0.0003029226338331359
2023-08-09,0.9793044548416238,-0.14707200111849028,0.022550460151340743,1.5669117086036452e-08,-0.00013074787219713446
2023-08-10,0.9792992230247911,-0.14707655778423356,0.022550460151340743,2.3798738416998428e-07,-5.3423803041408036e-06
2023-08-11,0.9793865968000575,-0.1470004593462818,0.022074485383000775,3.7675925243842513e-08,8.922071335737414e-05
2023-08-12,0.9792071656404562,-0.147156735424818,0.06600176115841912,2.200131381295301e-05,-0.00018320769365809397
2023-08-13,0.9792786868964999,-0.1470944437835483,0.06627606848189185,1.3715366173636807e-07,7.303996391749834e-05
2023-08-14,0.9790948329695686,-0.1472545718838636,0.0725061533956843,3.1150424568962207e-06,-0.00018774423398570939
2023-08-15,0.9796052236125374,-0.1468100457024467,0.07500000000000001,1.2469233021578583e-06,0.0005212882611360659
2023-08-16,0.9803906874063307,-0.14612594377834964,0.07500000000000001,0.0,0.0008018166653867009
2023-08-17,0.9837372366909897,-0.1432112571654064,0.07500000000000001,0.0,0.0034134853866347736
2023-08-18,0.9867142064492112,-0.14061845689164343,0.07500000000000001,0.0,0.003026183870236565
2023-08-19,0.9781025265885303,-0.14811882394732756,0.6000000000000001,0.0002625000000000001,-0.008727633396172108
2023-08-20,0.9815211630522287,-0.1451413528008727,0.6000000000000001,5.429297010083589e-05,0.0034951718973843526
2023-08-21,0.9826631627721223,-0.14414672489838898,0.4914140597983283,0.0001661285331342129,0.0011634998437974886
2023-08-22,0.9833327204086103,-0.14356357177149137,0.159432011071694,1.3750877089571678e-07,0.0006813704449852853
2023-08-23,0.9826197190257491,-0.1441845623527933,0.159432011071694,5.519158947270286e-08,-0.0007250866040184878
2023-08-24,0.983868857186453,-0.14309662192071582,0.1595078864098686,9.312925856000409e-08,0.0012712325394210744
2023-08-25,0.9826449427765217,-0.14416259365535256,0.48288284552222804,0.00016168747955617975,-0.001243981249119508
2023-08-26,0.9810556591976041,-0.14554678470637827,0.4881373078615996,2.627231169685773e-06,-0.0016173528298282225
2023-08-27,0.9805263628630239,-0.14600777685364863,0.4881373078615996,0.00016274680698079248,-0.0005395171309812152
2023-08-28,0.9811491573580315,-0.14546535221776025,0.16308909249516718,2.2269929757627595e-07,0.0006351634373096271
2023-08-29,0.9746703002383036,-0.15110813124408706,0.1633204524876496,1.1567999624120806e-07,-0.006603335559268064
2023-08-30,0.9712770520365437,-0.1540634904116337,0.49034071790703504,0.0003268305851973423,-0.0034814318246211284
2023-08-31,0.9677336633615077,-0.15714961485119483,0.49034071790703504,3.663873676468246e-05,-0.003648175016181532
2023-09-01,0.9545759639796876,-0.16860935053210235,0.4179960979146882,4.6642676850905394e-07,-0.013596405581378868
2023-09-02,0.9556890317542515,-0.16763992098965041,0.4197483844367681,8.761432610399356e-07,0.0011660337328474046
2023-09-03,0.9542960876298834,-0.16885310963458844,0.4197483844367681,1.1613568564962096e-05,-0.0014575286291702572
2023-09-04,0.9528203720219236,-0.17013838833846084,0.3965212473068439,5.048432928369539e-07,-0.0015463917615160527
2023-09-05,0.9552201873743147,-0.168048262335173,0.3971420132455187,8.1522626217434e-07,0.002518644041265894
2023-09-06,0.9521782153785486,-0.17069767649251189,0.3974068919513214,1.32439352901359e-07,-0.003184576745730916
2023-09-07,0.952545794899031,-0.1703775320642037,0.3974068919513214,0.00013290828069341954,0.00038604067446978974
2023-09-08,0.9519351223718053,-0.17090939903779234,0.3944105933643234,0.00013141013139992053,-0.0006410951898582207
2023-09-09,0.9516549819040256,-0.17115338817458003,0.3944105933643234,0.00018886350449057168,-0.00029428525242347625
2023-09-10,0.9515041376904207,-0.17128476637123458,0.016786748499729817,5.158205827489153e-08,-0.00015850724944832528
2023-09-11,0.9509342963283546,-0.17178107132545395,0.016786748499729817,2.9742583241194193e-08,-0.0005988847967071109
2023-09-12,0.9405783521504668,-0.18080061034675132,0.4007124071302335,0.00020871983523174046,-0.010890283606213913
2023-09-13,0.9395519744088466,-0.18169453695857118,0.4007124071302335,1.1411674762404012e-05,-0.0010912198215863311
2023-09-14,0.938983656631191,-0.18218951494261704,0.37788905760542546,0.00018150014427997433,-0.0006048816809874902
2023-09-15,0.9391091261929743,-0.18208023687110075,0.014888897059748262,6.400713571663719e-11,0.00013362273230010935
2023-09-16,0.9389841732703527,-0.18218906497427045,0.014888897059748262,1.6252266327277267e-07,-0.00013305474213276547
2023-09-17,0.9390229254862132,-0.18215531362170312,0.014579088704038106,7.61848541769479e-09,4.127036105994186e-05
2023-09-18,0.9387817932217284,-0.18236532845293973,0.016038071204913573,7.294912504377336e-07,-0.0002567906042982848
2023-09-19,0.9387673213159973,-0.1823779328003765,0.018553398657970396,1.2576637265284113e-06,-1.5415622495296155e-05
2023-09-20,0.940898456464744,-0.18052181458424876,0.1476041600419145,6.452538069197206e-05,0.0022701420259962912
2023-09-21,0.9448056344264362,-0.1771188468313052,0.14814462737522277,2.702336666541294e-07,0.0041526032217937825
2023-09-22,0.9439217071032218,-0.1778887058462607,0.14814462737522277,1.304754121106838e-06,-0.0009355652538526327
2023-09-23,0.9441264763117861,-0.17771036152194986,0.1455351191330091,3.955839676290068e-06,0.00021693452648308131
2023-09-24,0.9441217471130121,-0.17771448043106608,0.13762343978042896,1.4379036173886584e-07,-5.0090733528795894e-06
2023-09-25,0.9445914478162186,-0.17730539326835737,0.13782088154659644,2.4251124482260746e-07,0.0004975001419487146
2023-09-26,0.9447139732159792,-0.1771986794231244,0.13788985864416187,3.4488548782712905e-08,0.00012971258637306526
2023-09-27,0.943155873096017,-0.1785557111519256,0.13800941401281344,5.977768432578745e-08,-0.0016492823903714315
2023-09-28,0.9390644539377634,-0.18211914429876963,0.1381464805363045,6.853326174552366e-08,-0.004338009522033115
2023-09-29,0.937530379439202,-0.18345525084431247,0.1381464805363045,7.948106506539127e-07,-0.0016336200269602141
2023-09-30,0.9398049054903842,-0.18147424591408123,0.4299941737003279,0.00028327551646766224,0.0024260825046973356
2023-10-01,0.9398690878039885,-0.18141834614559205,0.4299941737003279,1.9931304075322953e-06,6.829323110801866e-05
2023-10-02,0.9422490355181063,-0.17934552391833736,0.4266076934520161,2.998902833764028e-07,0.0025322119271682375
2023-10-03,0.9309003603145611,-0.18922968484853697,0.46850400500848266,2.094815577823328e-05,-0.012044241782965148
2023-10-04,0.9267782888193407,-0.19281981473539989,0.46850400500848266,2.6084018641125973e-07,-0.004428048017758646
2023-10-05,0.9232022094718326,-0.19593441120908273,0.46798232463566014,1.3804414873046484e-05,-0.003858613641096409
2023-10-06,0.9292828228170004,-0.19063848373032444,0.4403734948895672,1.4137232448764025e-06,0.006586437167051651
2023-10-07,0.9282541903679712,-0.19153437408597174,0.43754604839981437,6.105525156699654e-07,-0.0011069099995960618
2023-10-08,0.926526820413245,-0.19303883185855575,0.43632494336847444,2.7069328582511045e-06,-0.0018608803199070545
2023-10-09,0.915408520538856,-0.2027223467409227,0.4312521152603168,1.7051880417229272e-07,-0.011999976287177416
2023-10-10,0.916613898497918,-0.2016725193808656,0.4312521152603168,0.0002874030176850233,0.0013167650639194228
2023-10-11,0.9172138440905561,-0.20114999506145015,0.14355392010972978,3.827205789401794e-06,0.0006545237789006286
2023-10-12,0.9186284118966715,-0.19991797320942317,0.1358995085309262,1.9821165488081994e-07,0.0015422442816697135
2023-10-13,0.918794346600976,-0.19977345190699503,0.1491015509731469,6.799232875991171e-06,0.00018063310709193203
2023-10-14,0.9172163191075098,-0.20114783943839842,0.15752078530585514,4.209617166354123e-06,-0.0017174980443719345
2023-10-15,0.9174143914719625,-0.20097532774950422,0.15773981445742427,1.0951457578456392e-07,0.0002159494552458341
2023-10-16,0.9150741200514735,-0.20301359379603223,0.16028937103027116,1.2747782864234448e-06,-0.0025509425644967276
2023-10-17,0.9152726361996908,-0.20284069559240658,0.16119196817035378,4.512985700413086e-07,0.0002169399657028226
2023-10-18,0.91575035882946,-0.20242462170995357,0.16119196817035378,1.3291290766511144e-06,0.0005219457141791839
2023-10-19,0.916563154624669,-0.20171671490152498,0.1585764286089825,2.1359295965472923e-08,0.0008875735481532754
2023-10-20,0.9123089529988502,-0.20542192390124803,0.16320474736264107,2.314159376829286e-06,-0.004641471353450499
2023-10-21,0.9101991684032249,-0.2072594467924399,0.16320474736264107,6.398890094377885e-08,-0.0023125768838395677
2023-10-22,0.9103870622219625,-0.20709580013687157,0.1630767695607535,4.665194769642819e-06,0.00020643154296462463
2023-10-23,0.9057724967135491,-0.211114869084572,0.16312290618030542,4.688263079418775e-06,-0.005068795131106807
2023-10-24,0.9322923974482817,-0.18801728614968183,0.4906010681893359,0.00032686198718482066,0.029278765728651956
2023-10-25,0.9334899882965321,-0.18697424099592308,0.4906010681893359,0.00021702106567439522,0.0012845657129998411
2023-10-26,0.9328351761130014,-0.18754455152864946,0.056558936840545485,5.4992968622063625e-06,-0.0007014667449420919
2023-10-27,0.9329739943569658,-0.18742364738444028,0.04556034311613276,9.225146024582215e-08,0.00014881326039106746
2023-10-28,0.9331611129155154,-0.18726067594393647,0.045375840195641115,4.5230493386677617e-07,0.00020056138721913364
2023-10-29,0.9331956512014468,-0.1872305947256202,0.044625626948297484,7.719831019496054e-08,3.701213589768493e-05
2023-10-30,0.9338711255737284,-0.18664228840086328,0.046657599372868425,1.0159862122854705e-06,0.0007238293185474198
2023-10-31,0.9331967680784844,-0.18722962197838922,0.046880755941153096,1.1157828414233573e-07,-0.0007221098037822893
2023-11-01,0.9332223612757092,-0.18720733151051072,0.046880755941153096,2.0107060018924317e-07,2.742529560495477e-05
2023-11-02,0.93349357544292,-0.18697111676057898,0.04647861474077461,4.202898761284969e-07,0.00029062116218625533
2023-11-03,0.933724257952682,-0.1867702031729246,0.04565278726943373,7.376140458058289e-09,0.00024711740480021227
2023-11-04,0.9342190858066858,-0.1863392314467982,0.04787292062811173,1.1100666793389982e-06,0.0005299507320206676
2023-11-05,0.9352650502634522,-0.18542824572974126,0.048358082172296674,2.425807720924725e-07,0.0011196136673485846
2023-11-06,0.9359226318893131,-0.1848555231433444,0.048692959818087175,1.6743882289525086e-07,0.0007030965453875826
2023-11-07,0.9350211848941065,-0.18564064096642607,0.048692959818087175,3.593833808326688e-07,-0.0009631640100304928
2023-11-08,0.9356385670900955,-0.18510293018775392,0.04797419305642184,5.478713045252437e-08,0.0006602868533465145
2023-11-09,0.9389659596213829,-0.182204928203618,0.04786461879551679,7.657319205514532e-07,0.0035562797947024105
2023-11-10,0.9472338413007961,-0.17500399315124804,0.39503987123998896,0.00017435335814278754,0.00880530502165322
2023-11-11,0.944123584932912,-0.17771287977659977,0.39503987123998896,4.006006307541676e-05,-0.0032835148326344488
2023-11-12,0.9427255675645982,-0.17893048697777436,0.31491974508915543,2.848722103221402e-07,-0.0014807567469163896
2023-11-13,0.9495560193369351,-0.17298148558925508,0.3149274035549417,2.8870144321527234e-07,0.007245429642881884
2023-11-14,0.9401126340290535,-0.18120622886852567,0.3149274035549417,5.774383067128353e-07,-0.009945053388714542
2023-11-15,0.9378007913665488,-0.1832197348074709,0.31377252694151603,1.0524985045832768e-06,-0.0024591124284721877
2023-11-16,0.9343640539095314,-0.18621297106551393,0.3116675299323495,9.459882284471199e-06,-0.0036646774972456386
2023-11-17,0.9239947011492227,-0.1952441883297884,0.2927477653634071,1.2830608493770713e-06,-0.011097765070182009
2023-11-18,0.9286131995215392,-0.1912216940430913,0.29018164366465293,1.7831619776304542e-06,0.004998403526090156
2023-11-19,0.9305421256963897,-0.18954169030761203,0.286615319709392,9.068573725404928e-06,0.0020772116698797305
2023-11-20,0.9399620996569118,-0.18133733720787715,0.2689963663840758,2.5909706274682145e-07,0.01012310318941334
2023-11-21,0.9331905197124806,-0.18723506401052292,0.2727527174890425,1.8781755524833466e-06,-0.007204098917288904
2023-11-22,0.9389885638558174,-0.18218524098137856,0.2727527174890425,3.5596421894745767e-06,0.00621314085479896
2023-11-23,0.9399488608942965,-0.1813488675458117,0.26563343311009335,4.077073947154064e-06,0.0010226930076082663
2023-11-24,0.9487804961765184,-0.17365692969045388,0.25980744611564255,1.1640804499286616e-06,0.009395867849469663
2023-11-25,0.9439213890366343,-0.1778889828672593,0.28368654818725514,1.1939551035806296e-05,-0.005121423932581304
2023-11-26,0.9423179345074747,-0.17928551614768307,0.28368654818725514,3.876312437242069e-06,-0.0016987161725372513
2023-11-27,0.934511997330003,-0.18608411932288504,0.275933923312771,4.616824972524525e-07,-0.008283761660073607
2023-11-28,0.9387794231860596,-0.1823673926422429,0.2750105583182661,5.365582461468732e-07,0.00456647519587805
2023-11-29,0.9382106020503298,-0.18286280902743435,0.27393744182597235,4.955111904350107e-06,-0.0006059156407608457
2023-11-30,0.9384959596919625,-0.1826142759782482,0.26402721801727214,5.504616074128999e-07,0.00030415094543823074
2023-12-01,0.9441692107710714,-0.17767314182315108,0.2636092615704894,3.414833840215403e-07,0.006045045820943562
2023-12-02,0.9471127243980509,-0.17510948026200146,0.26656433796270784,1.4775381961092127e-06,0.0031175700217660474
2023-12-03,0.9537980664048442,-0.169286862636296,0.26656433796270784,1.2191129274851664e-06,0.007058655041345396
2023-12-04,0.9598025814865532,-0.16405721315642707,0.2641261121077375,1.6302892330902209e-07,0.006295373510605273
2023-12-05,0.9617562807813952,-0.1623556332016669,0.26380005426111947,1.6576499529938339e-06,0.002035522025602532
2023-12-06,0.964518457698731,-0.15994990736327996,0.2604847543551318,1.011806010716182e-06,0.0028720133910569157
2023-12-07,0.9722438866163442,-0.15322142308586817,0.2605576364918869,1.0482470790937337e-06,0.008009622683678996
2023-12-08,0.9749986331937988,-0.1508221687231236,0.26091410853896824,1.782360235406677e-07,0.0028333904850175173
2023-12-09,0.9768975321974123,-0.14916831723779356,0.26201957988381896,5.52735672425364e-07,0.0019475914518933823
2023-12-10,0.975677298001853,-0.15023108367926086,0.2622425842871427,1.1150220166186719e-07,-0.0012490912867924031
2023-12-11,0.9587662991987219,-0.16495976616092578,0.3097456787363597,2.375154722460851e-05,-0.017332573831287723
2023-12-12,0.9553575126134616,-0.16792865852775407,0.3141194070854575,2.186864174548886e-06,-0.003555388407069149
2023-12-13,0.958253329743449,-0.16540653836624974,0.3141194070854575,1.9079465644881555e-05,0.0030311345143090307
2023-12-14,0.9651012058549069,-0.15944236120003963,0.2759604757956944,6.289976183913026e-07,0.007146206435088676
2023-12-15,0.9600083721956457,-0.16387797915332725,0.27784139740646585,1.5694584237770371e-06,-0.00527699440054985
2023-12-16,0.9631022240238938,-0.16118338010840583,0.2843636665071024,3.2611345503182622e-06,0.003222734215506451
2023-12-17,0.9589460667541507,-0.16480319709748725,0.2843636665071024,1.7873294811810714e-06,-0.004315385393231619
2023-12-18,0.9507806033522305,-0.17191493065992303,0.2829022898192185,1.0566411372391337e-06,-0.008515039255084123
2023-12-19,0.9555852551057912,-0.16773030555664004,0.2982050614845231,7.651385832652291e-06,0.005053375864655152
2023-12-20,0.9626149410544346,-0.16160778059588965,0.2982050614845231,5.437976694106645e-06,0.007356419441474582
2023-12-21,0.9608884348125879,-0.16311148611528592,0.2873291080963098,8.002864632817297e-07,-0.0017935585333420656
2023-12-22,0.9718770523246825,-0.15354091845501638,0.2926236304473587,3.4475476388061698e-06,0.011435893194240654
2023-12-23,0.9674801482545281,-0.15737041455430378,0.30172244052089503,4.5494050367681785e-06,-0.004524136113350341
2023-12-24,0.9684235765624356,-0.1565487329875822,0.30172244052089503,4.598402972932236e-06,0.0009751397065955736
2023-12-25,0.967827372100709,-0.15706799895839507,0.29252563457503056,1.941691010155289e-06,-0.0006156443070515216
2023-12-26,0.9603838782600935,-0.16355093107901908,0.3000694970496857,5.7136222474828695e-06,-0.007690931311912896
2023-12-27,0.9751216125596948,-0.15071505949479436,0.30494773060478525,2.4391167775497657e-06,0.015345670240010323
2023-12-28,0.9773041909511094,-0.1488141366402237,0.30494773060478525,4.272328226224698e-06,0.0022382627595414206
2023-12-29,0.9735523409861927,-0.15208182103281398,0.29640307415233585,4.824172032997343e-06,-0.003838978692260797
2023-12-30,0.9718870265391077,-0.15353223138460836,0.28799402784889283,6.196488812758305e-07,-0.001710554612191717
2023-12-31,0.9703476202270678,-0.15487298168825747,0.28799402784889283,1.429197970326257e-06,-0.0015839354472338973
2024-01-01,0.9723081129590437,-0.15316548497011329,0.2851356319082403,4.956093505388836e-07,0.0020204024734100656
2024-01-02,0.9773901293558349,-0.14873928834232497,0.2867405558528672,1.2980713228523121e-06,0.005226755108857395
2024-01-03,0.9638348501356859,-0.16054529731365308,0.287295564079312,2.7750411322241543e-07,-0.013868852173780644
2024-01-04,0.9614942234788678,-0.16258387275427166,0.287295564079312,0.00019207976720683918,-0.0024284519868621457
2024-01-05,0.9634275688520877,-0.16090002010540994,0.09686397033436633,3.585483983888138e-06,0.0020107716988919666
2024-01-06,0.9626118298571237,-0.161610490302032,0.08969300236659006,2.8591189164334924e-07,-0.000846705057378383
2024-01-07,0.9631854298513022,-0.1611109117564895,0.08912117858330336,5.718878696239008e-07,0.0005958788126065873
2024-01-08,0.9616221579589237,-0.16247244785517878,0.09032081293780687,1.1717050468756582e-06,-0.001623022778300065
2024-01-09,0.9620613046107792,-0.16208997183035234,0.09063573288232392,1.5745997225852238e-07,0.0004566727671779791
2024-01-10,0.9548747585511719,-0.16834911455066393,0.09063573288232392,3.996944588796833e-07,-0.007469946068057842
2024-01-11,0.9724110879406199,-0.15307579861717535,0.26945110088018204,0.0001796437224223733,0.01836505702177771
2024-01-12,0.9755455757941177,-0.15034580751054383,0.26945110088018204,1.1128976477060986e-05,0.0032234184619768236
2024-01-13,0.9686202791751416,-0.15637741428786567,0.24719314792606006,9.628783796003182e-06,-0.0070988960339863905
2024-01-14,0.9663893269980443,-0.15832046842859215,0.2279355803340537,5.0059588841022687e-08,-0.0023032267907883153
2024-01-15,0.9645131441185449,-0.1599545352410483,0.22783546115637165,2.284993605522215e-06,-0.0019414358448320845
2024-01-16,0.9684224719921558,-0.1565496950162074,0.2248749595052063,8.047427799395407e-07,0.004053161843827979
2024-01-17,0.9667656190406567,-0.15799273580436723,0.2248749595052063,2.7457081607316914e-07,-0.0017108782575908643
2024-01-18,0.9655957712319867,-0.1590116180789365,0.22530635398751242,4.902680572262258e-07,-0.0012100635207028532
2024-01-19,0.9600986467278889,-0.16379935429284032,0.23081452590881213,2.7540859606498546e-06,-0.005692987343018596
2024-01-20,0.960192174796735,-0.16371789575540008,0.23093901917835963,6.224663477374936e-08,9.741506163418734e-05
2024-01-21,0.9605875539247399,-0.16337353917989228,0.23093901917835963,9.723430658546972e-07,0.00041177082919507946
2024-01-22,0.9526417711399549,-0.17029394128433273,0.22943679633282577,2.2123164308776588e-07,-0.008271794436975455
2024-01-23,0.9371537108696537,-0.18378331140574256,0.23628168661038884,3.422445138781538e-06,-0.016258010869885986
2024-01-24,0.9387072639296267,-0.18243023995176533,0.23628168661038884,3.11972589073653e-06,0.001657735590172349
2024-01-25,0.934690326352695,-0.18592880315362303,0.23004223482891578,1.0872718883356725e-05,-0.004279222853901032
2024-01-26,0.9407752672920876,-0.18062910654437236,0.20829679706220233,1.1591135926725115e-07,0.006510114385304133
2024-01-27,0.9419036269215678,-0.17964635851740973,0.20894699321201898,4.410094341755766e-07,0.0011993933819371971
2024-01-28,0.9419481580777282,-0.17960757398035998,0.2151784743738268,3.115740580903914e-06,4.727782640157052e-05
2024-01-29,0.942484919853626,-0.17914007978575164,0.2152724903915515,4.700800886234258e-08,0.0005698421630708772
2024-01-30,0.948263142106346,-0.17410752068858903,0.2159387881004903,3.3314885446940333e-07,0.006130837885040208
2024-01-31,0.9472882265317094,-0.17495662617977936,0.21602495119451404,4.3081547011866726e-08,-0.0010281065785939791
2024-02-01,0.9438027823880079,-0.17799228366505193,0.21602495119451404,1.5725551333754528e-06,-0.0036793913891017827
2024-02-02,0.9460812315002413,-0.1760078619336457,0.2129373434651213,2.8751268679086394e-08,0.002414115697420227
2024-02-03,0.945183343838205,-0.17678987974538418,0.213090716499364,7.66865171213521e-08,-0.0009490597975539972
2024-02-04,0.9451859524388833,-0.1767876077772078,0.213090716499364,9.253666638534431e-05,2.7598885399271467e-06
2024-02-05,0.9451471883449325,-0.17682136947503158,0.02815390627627165,6.826127379811614e-08,-4.101213507612389e-05
2024-02-06,0.9496341791132326,-0.17291341210989852,0.22802040306026344,9.99332483919959e-05,0.004747398948684811
2024-02-07,0.9520672062374244,-0.17079436021954741,0.22832985521537874,1.5472607755764866e-07,0.0025620677706272854
2024-02-08,0.9528358134244446,-0.17012493960503883,0.22832985521537874,9.998072597160507e-05,0.0008073034991484818
2024-02-09,0.953294558045649,-0.16972539467309544,0.02847070008737261,5.114840760200509e-08,0.00048145190886383915
2024-02-10,0.9532506080058973,-0.16976367308515705,0.02847070008737261,3.060928637826435e-07,-4.61033154763868e-05
2024-02-11,0.9534881621181106,-0.1695567746558132,0.032388407555386425,2.264946597789551e-06,0.00024920425984409356
2024-02-12,0.9541871226313526,-0.1689480130098212,0.037266709802320566,2.4391511234670706e-06,0.0007330563094669618
2024-02-13,0.9623972129862698,-0.16179741147580862,0.29943331215217406,0.00013108330117492676,0.008604277043974484
2024-02-14,0.9754464800528566,-0.15043211522810152,0.30589235397827297,3.229520913049455e-06,0.013559128071552795
2024-02-15,0.9836298950052071,-0.1433047467117864,0.30589235397827297,3.7837859099115744e-06,0.00838940435964064
2024-02-16,0.9787027122892696,-0.14759609050507871,0.2983247821584498,8.302122600545553e-06,-0.005009183577030951
2024-02-17,0.9766501428147409,-0.1493837817239022,0.2817205369573587,1.8072942560606875e-06,-0.0020972348893633086
2024-02-18,0.9817294094574267,-0.14495998000226884,0.27810594844523734,1.4735069016762748e-06,0.005200702298622906
2024-02-19,0.9914780668969174,-0.13646935909215474,0.2751589346418848,1.831500891301685e-07,0.009930085974380276
2024-02-20,0.9931881015389847,-0.1349799995594113,0.28013620553979945,2.6717855380875013e-06,0.001724732698742626
2024-02-21,0.992324273322941,-0.13573235319983934,0.28013620553979945,4.1025352428210035e-06,-0.0008697528843775171
2024-02-22,0.9989718315007119,-0.1299426435074318,0.27205691677456395,6.289086020325185e-08,0.0066989776996055905
2024-02-23,0.9922561949187102,-0.13579164627953544,0.28800798702407326,7.975535124754657e-06,-0.006722548494596636
2024-02-24,0.9972585778973154,-0.13143480660369566,0.375873464107234,4.393273854158036e-05,0.005041422773898185
2024-02-25,1.0077349779689677,-0.12231035617929564,0.375873464107234,1.1202222501539822e-05,0.01050519925708615
2024-02-26,1.0205995340731575,-0.111105934469379,0.37155526961774704,9.043125256796347e-06,0.012765812823243294
2024-02-27,1.0305956712001452,-0.10239977042191162,0.3729070275279202,6.758789550865841e-07,0.00979437751366774
2024-02-28,1.0443203781990653,-0.09044619784501862,0.3729070275279202,5.51838220947018e-06,0.013317256594859161
2024-02-29,1.0585277277781477,-0.07807226634089148,0.36187026310897985,8.068304767801515e-07,0.013604397535148305
2024-03-01,1.0503307958458827,-0.0852114075092888,0.36025660215541955,4.492890858011689e-06,-0.007743710171361107
2024-03-02,1.053465714356827,-0.08248104132033007,0.35127082043939617,2.299869706572172e-06,0.002984696367416051
2024-03-03,1.053788004605196,-0.08220034171231605,0.3466710810262518,7.742328187100329e-06,0.0003059333056385505
2024-03-04,1.068551069072407,-0.0693424087466038,0.34620877729709354,7.511176322521185e-06,0.014009520323532643
2024-03-05,1.0913934804514906,-0.04944774562027199,0.34620877729709354,1.3096498059695095e-06,0.02137699548503269
2024-03-06,1.0929613838116559,-0.048082175731547716,0.3435894776851545,2.860313821921118e-06,0.0014366068592595038
2024-03-07,1.0973526756854568,-0.0442575675906286,0.3378688500413123,1.2894347228433884e-05,0.004017792338173232
2024-03-08,1.1032923297306243,-0.039084409014920385,0.3135677626420611,7.4380352880829e-07,0.005412712044880363
2024-03-09,1.10477446594842,-0.03779353826265908,0.3135677626420611,5.9355461002802424e-08,0.0013433758015455322
2024-03-10,1.1018249467359473,-0.04036243040556642,0.31384011842946347,1.9553335470398615e-07,-0.0026697930694303817
2024-03-11,1.1139978517870077,-0.029760404146577657,0.31653490095703724,1.3473912637868847e-06,0.011047948303510191
2024-03-12,1.111715824188422,-0.03174794257084523,0.31653490095703724,3.667877967220984e-06,-0.0020485026922857363
2024-03-13,1.1095254689110936,-0.03365563872631039,0.30919914502259527,3.7744763905694925e-07,-0.001970247458635721
2024-03-14,1.0995731355901717,-0.04232365172436059,0.30844424974448137,2.707650423097896e-06,-0.008969900736654934
2024-03-15,1.0866447409015505,-0.05358367383086615,0.3030289488982856,2.645167129609993e-06,-0.011757648736734017
2024-03-16,1.0870902813035346,-0.05319562915118925,0.2977386146390656,0.00019561208065373452,0.0004100147777945651
2024-03-17,1.0883163115470207,-0.05212781462530325,0.0934855466684034,2.4198838230562805e-06,0.0011278090371846794
2024-03-18,1.0910186377440905,-0.04977421594187381,0.08914770432349324,2.509626506011983e-07,0.0024830338095607196
2024-03-19,1.0972656132234377,-0.04433339488942256,0.08971141157870144,2.818536276040992e-07,0.0057258192144766795
2024-03-20,1.0973238314362872,-0.04428268957144044,0.08971141157870144,1.4574880682249048e-06,5.305753880224806e-05
2024-03-21,1.0921361478942877,-0.04880091729973535,0.08679643544225163,5.204717419260749e-06,-0.004727577578635511
2024-03-22,1.095756045142132,-0.045648157501190556,0.0779613841325479,7.87191764408883e-07,0.0033145109744991963
2024-03-23,1.0943533389238265,-0.04686984846959463,0.0779613841325479,2.4922785229228306e-06,-0.0012801263789661288
2024-03-24,1.0945029401993123,-0.04673955281342834,0.07297682708670224,1.6093827571651287e-06,0.00013670290039735633
2024-03-25,1.0904023035168395,-0.05031101398919435,0.07006394974156929,1.5294408459865656e-07,-0.0037465743872066026
2024-03-26,1.090112240815643,-0.050563644923383055,0.07108485811605476,5.104541872427357e-07,-0.00026601438777229536
2024-03-27,1.0849452455169615,-0.05506385416734816,0.2048770377680225,0.00013798094794203864,-0.004739874579168135
2024-03-28,1.0890885764157299,-0.05145520834252959,0.20686912931408152,9.960457730295163e-07,0.0038189308777476505
2024-03-29,1.0833580267999088,-0.05644624682106281,0.20739634503819118,2.6360786205482933e-07,-0.005261784706875772
2024-03-30,1.0865677097649147,-0.05365076431830085,0.20845884612473675,5.312505432727849e-07,0.0029627167433201596
2024-03-31,1.0917955364085739,-0.04909757384149782,0.20983019447501158,6.856741751374157e-07,0.004811321555648451
2024-04-01,1.0803389123895384,-0.05907575309942237,0.2137835033898869,1.9766544574376517e-06,-0.010493378693158695
2024-04-02,1.0855811930305177,-0.054509973872563955,0.2137835033898869,0.0001426098544601996,0.0048524408228314275
2024-04-03,1.083507722621736,-0.05631586881949158,0.0714362055305123,1.6353880179492547e-06,-0.0019100095157238428
2024-04-04,1.082748941258438,-0.05697673160489691,0.0681654294946138,1.9945336257840146e-06,-0.0007003008353894113
2024-04-05,1.0834697576320984,-0.056348934535142225,0.06509871043629181,4.611740966230238e-07,0.0006657280798800791
2024-04-06,1.0832473049887186,-0.056542680297275494,0.06962725439203933,2.2642719778737593e-06,-0.00020531504623222396
2024-04-07,1.0820199756587492,-0.05761162626622718,0.06962725439203933,7.289682718090995e-09,-0.001133009354664205
2024-04-08,1.0768222915163326,-0.0621385640458848,0.0699061783709288,1.4675167216282593e-07,-0.004803685938656654
2024-04-09,1.0701275619653319,-0.06796935777990432,0.20984966800305285,0.00013987792318699083,-0.0062171164209199326
2024-04-10,1.0672078944229164,-0.07051225052591403,0.20984966800305285,8.795358367831824e-06,-0.002728335991134312
2024-04-11,1.069031607974294,-0.06892388202394373,0.1922589512673892,8.679463572635882e-07,0.0017088643748883747
2024-04-12,1.0650084285504637,-0.07242788158010194,0.19456531845341257,2.0211299502752718e-06,-0.003763386782784761
2024-04-13,1.0550092300266414,-0.0811367119598454,0.19456531845341257,2.563356661285515e-07,-0.009388844497153603
2024-04-14,1.0417394428052056,-0.09269407086330617,0.19405264712115547,3.425607434640182e-07,-0.012577887324357828
2024-04-15,1.0414926104991755,-0.09290905016193052,0.19336752563422743,0.00010062582913233743,-0.0002369424597794545
2024-04-16,1.0418760059194538,-0.0925751308307341,0.007884132630447425,1.5154969708490885e-07,0.00036812111426920424
2024-04-17,1.0420313457606856,-0.09243983715441795,0.007581033236277608,8.36824417546375e-08,0.00014909628434556232
2024-04-18,1.0417183467390019,-0.09271244454213756,0.007413668352768333,9.01955729634865e-08,-0.00030037390233994543
2024-04-19,1.0416795156587764,-0.09274626458184776,0.007259396719496627,1.3059756327633496e-08,-3.727598765146389e-05
2024-04-20,1.0416045934292526,-0.09281151831063816,0.007427052169725954,8.382772511466348e-08,-7.192445315806761e-05
2024-04-21,1.041477849618599,-0.09292190619283036,0.007427052169725954,1.9312623351312036e-09,-0.00012168130925338527
2024-04-22,1.040953815213501,-0.09337831544765973,0.06273237578670454,2.7654593070824425e-05,-0.0005031642346357001
2024-04-23,1.040057455050347,-0.09415900287990442,0.06399965436428852,6.336392887919887e-07,-0.0008610950361609415
2024-04-24,1.0410772276551692,-0.09327082903075568,0.06425948012421133,1.2991287996140523e-07,0.0009804964137964944
2024-04-25,1.041379087516113,-0.09300792332674845,0.06425948012421133,1.1470010967466055e-07,0.0002899495377741701
2024-04-26,1.0422940418551447,-0.09221104124416413,0.06720152333632869,1.585721715733339e-06,0.000878598725482016
2024-04-27,1.0416464385029827,-0.09277507322471701,0.06726170319421095,3.0089928941129384e-08,-0.0006213250063371589
2024-04-28,1.037804189433619,-0.09612149097430922,0.06753870936983031,1.3850308780968129e-07,-0.0036886307362463677
2024-04-29,1.0287142318384221,-0.10403841538250347,0.20376164608660022,0.00013565017772821525,-0.00875883686705814
2024-04-30,1.0166992163273756,-0.11450292729777356,0.20376164608660022,4.6108923557646595e-06,-0.011679643519247995
2024-05-01,1.016957161490079,-0.11427826922503825,0.1945398613750709,0.00010123968853455297,0.00025370843073102556
2024-05-02,1.0166732558913232,-0.11452553761335293,0.00793951569403504,1.3735193700473246e-07,-0.00027917164016999507
2024-05-03,1.0164475646007545,-0.11472210408446215,0.0077708700394847115,5.302910972956789e-08,-0.0002219899945836712
2024-05-04,1.0153555499808065,-0.11567319732205217,0.06371097106982603,2.7970050515170658e-05,-0.0010743442731088182
2024-05-05,1.0146491845843764,-0.11628840827210718,0.06371097106982603,2.6701410496786372e-08,-0.0006956828043594987
2024-05-06,1.016058506973191,-0.11506095493118995,0.06365756824883245,9.428772670910107e-08,0.00138897503711366
2024-05-07,1.0161301585471814,-0.11499854978913404,0.06346899279541425,2.7772620259367662e-05,7.051914185662866e-05
2024-05-08,1.0162950330095237,-0.11485495190745676,0.007923752276678927,2.3069392041470163e-08,0.00016225722753770988
2024-05-09,1.0162951588970757,-0.1148548422653356,0.007918998343996737,2.069242570037523e-08,1.2386909808981272e-07
2024-05-10,1.016552201431765,-0.11463097033903513,0.008618581671500819,3.4979166375204065e-07,0.0002529211444486368
2024-05-11,1.0165251216298443,-0.11465455556949955,0.008689923771277294,3.567104988823778e-08,-2.6638869977890778e-05
2024-05-12,1.0164891142467793,-0.11468591630214076,0.008689923771277294,3.9001140083262146e-08,-3.5422029718623627e-05
2024-05-13,1.0164149430546765,-0.11475051591275431,0.00863289806257155,1.0488285730390207e-08,-7.296801418366083e-05
2024-05-14,1.016599891469475,-0.11458943456511983,0.008649043166831164,8.072552129806745e-09,0.00018196152670246768
2024-05-15,1.016354343713307,-0.11480329508139009,0.00897282813232426,1.618924827465479e-07,-0.00024153824747341623
2024-05-16,1.0164142105858693,-0.11475115385854417,0.009774784097803106,4.009779827394231e-07,5.890354375925888e-05
2024-05-17,1.0159009028830859,-0.1151982206614991,0.009899850843659519,6.253337292820658e-08,-0.000505018227253351
2024-05-18,1.015838820881771,-0.11525229115702906,0.03150421959336991,2.0702035218514715e-05,-6.111029249122879e-05
2024-05-19,1.0155104244301434,-0.11553830898012973,0.03150421959336991,7.955066630101499e-07,-0.00032327613876492745
2024-05-20,1.0159329869651514,-0.11517027693901638,0.031107237811077507,5.970157718639488e-07,0.00041610851532714044
2024-05-21,1.022068481150894,-0.1098265508361459,0.031107237811077507,4.492405883573317e-08,0.006039270566522648
2024-05-22,1.0219535514999436,-0.10992664914235972,0.03101738969340604,3.515171428721334e-08,-0.00011244809234534081
2024-05-23,1.02223748374648,-0.10967935754508473,0.030947086264831614,6.2917571827283505e-06,0.00027783282921012287
2024-05-24,1.0216954819055557,-0.11015141558922437,0.018363571899374913,8.369144828523565e-09,-0.0005302112762888278
2024-05-25,1.0219546337464451,-0.10992570655669265,0.018346833609717866,9.15584724472604e-10,0.00025364880776712617
2024-05-26,1.0223921672015313,-0.10954463555017846,0.01834500244026892,7.826192599550037e-08,0.00042813393143359413
2024-05-27,1.023028976939546,-0.10899000429855099,0.018195243855830327,3.382633776203084e-09,0.0006228624968367402
2024-05-28,1.0225438453009348,-0.10941253107831705,0.01821153908990008,8.147617034876333e-09,-0.00047421104342382225
2024-05-29,1.0220656394523246,-0.10982902582159315,0.01821153908990008,5.68934486102398e-08,-0.0004676629279093403
2024-05-30,1.0221492409620805,-0.10975621284901149,0.018296323714629917,9.928576097515893e-08,8.179661513318948e-05
2024-05-31,1.0219994419329714,-0.10988668073925822,0.018515197221141234,1.0943675325565845e-07,-0.0001465529915805064
2024-06-01,1.0222796199355944,-0.10964265891139213,0.019352770902396593,4.1878684062767945e-07,0.0002741469233107363
2024-06-02,1.0222877239033745,-0.10963560073761636,0.019707036467654766,1.7713278262908653e-07,7.927349449543541e-06
2024-06-03,1.022273282204141,-0.10964817877661825,0.01985591741466832,7.444047350677746e-08,-1.412684403001574e-05
2024-06-04,1.0223511943631527,-0.10958032096024062,0.019934916583080386,3.949958420603264e-08,7.62146095070193e-05
2024-06-05,1.0223767916995379,-0.10955802688734861,0.019942413063530298,3.748240224955846e-09,2.5037713579534326e-05
2024-06-06,1.0225418692284483,-0.1094142521442667,0.019944667404466754,1.1271704682281475e-09,0.0001614644720517866
2024-06-07,1.022308235807484,-0.10961773583642154,0.020120064545227415,8.76985703803304e-08,-0.00022848298734690076
2024-06-08,1.0216964089211311,-0.11015060820237366,0.020159668643505397,1.9802049138990808e-08,-0.0005984759438723009
2024-06-09,1.0216828935119835,-0.11016237948639196,0.020159668643505397,1.3456624524699516e-05,-1.3228400360110193e-05
2024-06-10,1.0216612623241172,-0.11018121923095658,0.006753580405893634,4.939498373187322e-08,-2.1172115145295933e-05
2024-06-11,1.0221485547145832,-0.10975681053822006,0.006751962435719878,4.858599864499512e-08,0.00047696081708670235
2024-06-12,1.02181060477147,-0.1100511490018885,0.006752204452395279,1.2100833770038385e-10,-0.00033062703220443357
2024-06-13,1.022128332424595,-0.10977442319917252,0.006752204452395279,2.06825430482639e-07,0.0003109457385155334
2024-06-14,1.022092195905324,-0.10980589640335958,0.006338553591430001,5.450513121331782e-08,-3.5354190004111e-05
2024-06-15,1.02190496091593,-0.10996896924963817,0.006229543329003365,6.702436136508559e-08,-0.0001831879649840662
2024-06-16,1.021858996426361,-0.11000900215249487,0.006120309328791272,1.2407361259039046e-08,-4.497922148383182e-05
2024-06-17,1.022022649628187,-0.10986646793113608,0.006120309328791272,1.1808446021473965e-08,0.00016015243042022398
2024-06-18,1.0221513732253953,-0.1097543557482159,0.006212212691061996,5.776012715683586e-08,0.0001259498478320964
2024-06-19,1.0219586202188098,-0.10992223452725403,0.006212212691061996,2.6983724616684753e-08,-0.00018857579379838452
2024-06-20,1.0219972495634972,-0.10988859018968411,0.006158245241828626,1.148428034591269e-08,3.779932369352146e-05
2024-06-21,1.0220190759799948,-0.10986958041018813,0.006135276681136801,1.7279386396843594e-08,2.1356629390734128e-05
2024-06-22,1.0219702331893858,-0.10991212017751784,0.01047568113336583,2.187481612511358e-06,-4.779048821657028e-05
2024-06-23,1.0220602702085386,-0.1098337021797322,0.010476122603181932,2.207349080515092e-10,8.810141061710297e-05
2024-06-24,1.0226744789683584,-0.10929875531431299,0.010541744095657493,3.281074623778021e-08,0.0006009516050364816
2024-06-25,1.0222147879640637,-0.10969912450129915,0.010787908139043513,1.230820216930103e-07,-0.00044949885202616446
2024-06-26,1.0223851904398005,-0.10955071198064126,0.010787908139043513,3.666358138313007e-07,0.00016669928643175957
2024-06-27,1.0221182311249153,-0.10978322095484438,0.010054636511380912,1.5217723921875578e-07,-0.0002611142232729069
2024-06-28,1.0222320224094532,-0.10968411411209367,0.01006661608664061,1.581670268486048e-07,0.00011132888649711958
2024-06-29,1.022287652399804,-0.10963566301385441,0.01006661608664061,5.993876257887575e-08,5.442012100065341e-05
2024-06-30,1.0222704366300999,-0.10965065713741862,0.010058158588314286,5.571001341571347e-08,-1.6840435924425634e-05
2024-07-01,1.0220457633586826,-0.10984633696185386,0.010071060940404046,6.451176044880262e-09,-0.00021977870372691388
2024-07-02,1.0222167561793096,-0.10969741027863555,0.010071060940404046,9.979859241174977e-11,0.0001673044659591394
2024-07-03,1.022555241925911,-0.10940260515539602,0.010070861343219223,3.884680150015047e-08,0.0003311291314240794
2024-07-04,1.02306905787432,-0.1089550956944687,0.009993167740218922,2.0462973538774507e-08,0.0005024823377166587
2024-07-05,1.023527648868065,-0.10855568456479792,0.009952241793141373,9.840431007304782e-08,0.00044825028204287243
2024-07-06,1.0234355641627475,-0.10863588600066976,0.009755433172995277,2.146476514725158e-07,-8.996797050242478e-05
2024-07-07,1.0235831501829902,-0.10850734553678631,0.009326137870050245,1.4823608479842733e-07,0.00014420646048485253
2024-07-08,1.0235764071243374,-0.10851321842288886,0.00902966570045339,4.25793207618156e-09,-6.587699936555502e-06
2024-07-09,1.0232681712680145,-0.10878167731819688,0.009021149836301028,4.825635025308348e-09,-0.00030113614789928356
2024-07-10,1.0230980042937592,-0.10892988472817011,0.009093808344977,4.115488936329466e-08,-0.00016629753473129671
2024-07-11,1.0231052507776843,-0.10892357338239544,0.009093808344977,1.302080419503214e-07,7.082883449527344e-06
2024-07-12,1.0230657152206166,-0.108958006988214,0.008833392261076357,3.9916180715629175e-08,-3.864270761544386e-05
2024-07-13,1.0229881613776552,-0.10902555272820902,0.00958811769957952,4.172788999672102e-07,-7.580533860740424e-05
2024-07-14,1.0228679759743773,-0.10913022854685339,0.010226595132419782,3.1923871642013103e-07,-0.00011748464724670171
2024-07-15,1.0222674647456849,-0.10965324550859823,0.01077905696044804,2.7623091401412884e-07,-0.0005870857655134731
2024-07-16,1.0233044104782887,-0.10875011467498885,0.03221876649839983,2.1498911729423936e-05,0.0010143585395816501
2024-07-17,1.0229601553588608,-0.1090499446498927,0.03221876649839983,8.98519344899245e-07,-0.0003364151623925782
2024-07-18,1.022543065742679,-0.10941321003679594,0.03042172780860134,3.814130335869012e-07,-0.0004077281153109791
2024-07-19,1.0232306959796083,-0.108814316527168,0.03005475624578446,1.9792725217846093e-07,0.0006724706860428142
2024-07-20,1.0235770237526456,-0.10851268136871095,0.030237508858878163,9.137630654685106e-08,0.00033846499562462107
2024-07-21,1.0235490191292622,-0.10853707207505736,0.030578122073088333,1.7030660710508523e-07,-2.7359566238449595e-05
2024-07-22,1.0231766069110644,-0.10886142555517897,0.030578122073088333,3.459689827814416e-08,-0.00036384404776257373
2024-07-23,1.0231688795837828,-0.10886815569284192,0.03052029746067631,5.684592072133232e-09,-7.552290802403938e-06
2024-07-24,1.0228337433213102,-0.10916004357335773,0.03052029746067631,5.076661740940208e-08,-0.0003275473571968668
2024-07-25,1.0202598195761319,-0.11140180977629366,0.030469152751017914,2.5194262580203326e-08,-0.0025164634643577433
2024-07-26,1.0198245646606854,-0.11178089628223131,0.030469152751017914,2.0783563134833074e-05,-0.00042661183661141244
2024-07-27,1.0197417597955993,-0.11185301541487314,0.011097973518648236,6.947588399577477e-07,-8.119520548133252e-05
2024-07-28,1.0197751372883417,-0.11182394519268468,0.00970845583873274,1.261104884073142e-07,3.273131891345926e-05
2024-07-29,1.0196560979305078,-0.11192762285979163,0.00960123824668795,7.250169238491848e-08,-0.00011673098654851888
2024-07-30,1.0196123185931603,-0.11196575259810904,0.009620507618439415,9.63468587573263e-09,-4.293539501987187e-05
2024-07-31,1.0196640612685763,-0.11192068716786285,0.009620507618439415,1.606763520268194e-08,5.0747401212802856e-05
2024-08-01,1.0202255105455778,-0.11143169132398745,0.00958837234803405,1.961889227666304e-09,0.0005506218158770615
2024-08-02,1.0204686973748018,-0.11121988706375052,0.00969439537074917,5.497340058522628e-08,0.00023836576003222198
2024-08-03,1.0207620758035665,-0.11096436828721057,0.00969439537074917,2.9210805016875295e-07,0.00028749380506587485
2024-08-04,1.021129324826959,-0.11064451170628231,0.00918877371445331,3.92972220208225e-08,0.0003597792591421012
2024-08-05,1.0223571024873945,-0.10957517526263671,0.009492122097830576,1.5167419168863293e-07,0.0012023723446037415
2024-08-06,1.0220306443426939,-0.10985950491180918,0.009635692981288706,7.178544172906522e-08,-0.00031931909496574207
2024-08-07,1.022355277529745,-0.10957676471468947,0.009635692981288706,1.2877895411506436e-06,0.00031763547291552285
2024-08-08,1.0220691887486597,-0.1098259345518603,0.007060113898987419,5.330117668442703e-08,-0.00027983303590783937
2024-08-09,1.021918775440769,-0.10995693744995816,0.006953511545618565,6.36153491961858e-08,-0.00014716548502735627
2024-08-10,1.021803243819377,-0.11005756004403944,0.006826280847226193,1.893131116372437e-08,-0.0001130536243867386
2024-08-11,1.0217626492579792,-0.11009291599268978,0.006788418224898745,4.917459047681927e-09,-3.97283544011362e-05
2024-08-12,1.0215576699279345,-0.11027144332290129,0.006778583306803381,1.7973397477991613e-08,-0.00020061344989652508
2024-08-13,1.0216489545975076,-0.11019193868043531,0.006742636511847398,1.1843255354163258e-09,8.93583125667341e-05
2024-08-14,1.0215879660460399,-0.11024505683271246,0.006740267860776565,3.626404895352682e-08,-5.9696191329505766e-05
2024-08-15,1.0215983015288852,-0.11023605511454693,0.00668365921430043,7.959725715459172e-09,1.0117075755600169e-05
2024-08-16,1.021862310980796,-0.11000611533188709,0.006953068402095893,1.347045938977316e-07,0.00025842784930074636
2024-08-17,1.0217542285208603,-0.1101002500576217,0.007085567965126172,6.624978151513949e-08,-0.00010577008152001799
2024-08-18,1.0215744937716607,-0.11025679054838167,0.007085567965126172,3.519525763137112e-08,-0.00017590800622846459
2024-08-19,1.0218104350108717,-0.11005129685536419,0.0070151774498634295,2.279865133833969e-08,0.0002309584280446586
2024-08-20,1.0219204769417753,-0.10995545552281971,0.05563783371471463,2.4334126783763942e-05,0.00010769309759317558
2024-08-21,1.0213062889757436,-0.11049038427783009,0.05563783371471463,5.4188168191075806e-08,-0.0006010134642483456
2024-08-22,1.0213356080150962,-0.11046484877715868,0.05555657618459956,1.3559403133540232e-08,2.870739138627343e-05
2024-08-23,1.0197960445255465,-0.11180573597500665,0.05555657618459956,1.3125371919792476e-07,-0.001507402148191006
2024-08-24,1.0178894340788134,-0.11346630376364364,0.05529565322164888,7.922377225841326e-10,-0.0018695997665081343
2024-08-25,1.0179201807432368,-0.11343952486885844,0.16347207999102775,0.0001093838666063383,3.0206290971834804e-05
2024-08-26,1.015268203941461,-0.11574927160332482,0.17228158259704457,4.404751303008408e-06,-0.002605289542289224
2024-08-27,1.0057463104212971,-0.12404239183326349,0.17582837977181393,1.773398587384678e-06,-0.009378697651712065
2024-08-28,1.0002024680103974,-0.12887081714090476,0.17606818264965315,1.1990143891961458e-07,-0.005512167783720101
2024-08-29,0.9977800334837731,-0.13098064337829207,0.17606818264965315,0.0001165744762439525,-0.00242194416040864
2024-08-30,1.0006361458854067,-0.128493104162819,0.05708076983825187,5.442998613308312e-08,0.0028624669824939275
2024-08-31,0.9990265293149228,-0.12989500429065148,0.0569719098659857,5.012675953056309e-07,-0.0016085932704940076
2024-09-01,0.9998575564826956,-0.12917121881646076,0.05596937467537444,5.513628312831462e-07,0.0008318369366429046
2024-09-02,0.9990966713961899,-0.12983391384557408,0.05556054238226327,3.469466847275601e-07,-0.0007609934850943967
2024-09-03,1.0006393400845945,-0.12849032216595602,0.05573564006448419,8.754884111046233e-08,0.0015440634851173751
2024-09-04,1.0003381596882486,-0.1287526360883401,0.0559455881714405,1.049740534781532e-07,-0.00030098796267741257
2024-09-05,1.0022826822737056,-0.12705904861470596,0.05640500051442937,2.2970617149443636e-07,0.0019438652485908037
2024-09-06,1.0049150289106472,-0.12476639882810603,0.07814985168472978,1.0872425585150204e-05,0.0026263515109004043
2024-09-07,1.0044857006865786,-0.12514032346534,0.07814985168472978,1.1989852408678115e-07,-0.0004272283842060576
2024-09-08,1.0064033874242548,-0.12347010874961872,0.07960779349062211,8.488694270329459e-07,0.0019091229833938517
2024-09-09,1.004628532169363,-0.12501592397937178,0.08289024597354855,1.6412262414632201e-06,-0.0017635624810792283
2024-09-10,1.0034138540708182,-0.12607385132234972,0.08320852716968088,1.591405980661681e-07,-0.001209081824425362
2024-09-11,1.0033053164191363,-0.1261683824986296,0.08320852716968088,2.3123650573277088e-07,-0.00010816838061811218
2024-09-12,1.0033911298805132,-0.12609364302049553,0.08274605415821534,2.5005781668582804e-07,8.553075516948283e-05
2024-09-13,1.0003170368335619,-0.12877103309867688,0.08456837213920208,1.1612168071791982e-06,-0.0030637036300271703
2024-09-14,0.999910110944813,-0.12912544635827938,0.08474997826902445,9.0803064911181e-08,-0.00040679691914113913
2024-09-15,1.0002509057315543,-0.12882863016996593,0.08474997826902445,1.581497051735048e-06,0.00034082542322044773
2024-09-16,1.004400366213558,-0.12521464576720343,0.08158698416555435,6.282891258535539e-08,0.004148419619744548
2024-09-17,1.0008869585943667,-0.12827465812094752,0.0841553572145415,1.3470154370789286e-06,-0.003498015071853322
2024-09-18,1.0038532849199757,-0.12569112777507518,0.0841553572145415,2.0971810943772594e-06,0.002963697648510788
2024-09-19,0.9990612010061439,-0.1298648068826188,0.07996099502578698,1.130119737272263e-06,-0.004773689527959091
2024-09-20,0.99531628484549,-0.13312645225867514,0.07770075555124245,2.211900874042258e-07,-0.0037484351878367406
2024-09-21,0.9953035232639732,-0.1331375669943754,0.077258375376434,5.194097279360144e-05,-1.2821634398307857e-05
2024-09-22,0.9954179018941828,-0.1330379486012423,0.026623570210768877,5.474360679609877e-07,0.0001149183415276589
2024-09-23,0.9964488131205865,-0.13214007353796253,0.025528718216187678,1.0070670387885006e-11,0.0010356567070426426
2024-09-24,0.995847696105483,-0.1326636181111044,0.0258739077734143,1.7259477861331086e-07,-0.0006032593016200849
2024-09-25,0.9957352897104615,-0.13276151878039377,0.0258739077734143,1.1701978916177705e-07,-0.00011287508668200719
2024-09-26,0.9962384665905877,-0.1323232754462318,0.025639868195090745,1.1007186633836888e-07,0.0005053319745980112
2024-09-27,0.9965475586016831,-0.13205407088049081,0.02549907814234634,3.9676839966166705e-08,0.000310259060916529
2024-09-28,0.9964193224599497,-0.13216575851267942,0.026689521032324998,5.952214449893283e-07,-0.00012868040328495312
2024-09-29,0.9963818363269693,-0.13219840716676312,0.027257860531870952,2.8416974977297715e-07,-3.762084107983288e-05
2024-09-30,0.9956556802204983,-0.13283085489198865,0.02772694031942205,2.34539893775549e-07,-0.0007287929988215591
2024-10-01,0.9948464513230849,-0.13353565510064247,0.029471246568882364,8.721531247301573e-07,-0.0008127597858298419
2024-10-02,0.9950286100210917,-0.1333770034647782,0.029471246568882364,1.9635140416298303e-05,0.00018310232475449162
2024-10-03,0.9955009164878069,-0.13296564680493395,0.00979903426371424,6.34750762438397e-08,0.00047466621759295613
2024-10-04,0.9951885052288314,-0.13323774227905194,0.00967208411122656,5.3180724287555175e-08,-0.0003138231756509846
2024-10-05,0.9951954160202676,-0.13323172330560484,0.00956572266265145,1.6826686486078915e-07,6.944203434944285e-06
2024-10-06,0.9950775878478343,-0.13333434608734407,0.009229188932929872,1.0054625580828511e-07,-0.00011839702086158255
2024-10-07,0.9949710396377257,-0.1334271445538301,0.009255860207820306,1.1388189325350212e-07,-0.00010707527876285816
2024-10-08,0.9951793056795162,-0.1332457546526803,0.009490307887782202,1.1722383998094814e-07,0.00020931869722207175
2024-10-09,0.9950143988098661,-0.13338938075959428,0.009490307887782202,7.727194688425011e-09,-0.00016570568610774217
2024-10-10,0.9952297392478427,-0.1332018293929752,0.00949416687919401,9.65669039432876e-09,0.0002164194188856161
2024-10-11,0.9950741855405747,-0.13333730933652377,0.00951899885193292,1.2415986369455726e-08,-0.00015629929566485234
2024-10-12,0.9949596321048956,-0.1334370799769775,0.00951899885193292,4.864125059219921e-08,-0.00011512049788886536
2024-10-13,0.9950830310843805,-0.13332960528500026,0.009421716350748522,2.1687704110803785e-08,0.0001240241066091663
2024-10-14,0.9892434759618867,-0.13841558241944762,0.07487935711385355,3.2750508085663315e-05,-0.005868409911613526
2024-10-15,0.9883753042727993,-0.13917171902007053,0.07487935711385355,5.1785473268273414e-05,-0.0008776117408736406
2024-10-16,0.9887239098134964,-0.138868100033395,0.028691589422693294,1.5239945125765446e-06,0.0003527056364061032
2024-10-17,0.9889510779577673,-0.13867024729235566,0.025643600397540205,1.4700972612687394e-07,0.0002297589266475608
2024-10-18,0.9891824180647995,-0.13846876096848926,0.02672825719175192,6.893381232327325e-07,0.00023392472306471568
2024-10-19,0.9891117678121663,-0.13853029400686256,0.02746609800215194,3.68920405200009e-07,-7.142287543837611e-05
2024-10-20,0.9897545762858294,-0.13797043813936904,0.028474206490749027,5.040542442985435e-07,0.0006498845677294085
2024-10-21,0.9894580847451039,-0.13822866828962121,0.03072345537917861,1.1246244442147912e-06,-0.00029956066668068715
2024-10-22,0.988801938518085,-0.13880014071131608,0.03212768944162422,7.021170312228043e-07,-0.0006631369606615589
2024-10-23,0.9877860091316492,-0.13968496729848578,0.03212768944162422,6.025041090467962e-08,-0.0010274346629619568
2024-10-24,0.9876174899595508,-0.139831739550486,0.03200718861981486,2.0750112003760023e-07,-0.00017060291454085164
2024-10-25,0.9876131038557235,-0.1398355596400831,0.032145270754955504,2.765421876079234e-07,-4.4410957347196245e-06
2024-10-26,0.9867644840297901,-0.14057466748991065,0.03258322344859792,2.1897634682120638e-07,-0.0008592634328348225
2024-10-27,0.9912319846160387,-0.13668368515424145,0.26076217719515005,0.00011408947687327605,0.0045274233705725475
2024-10-28,0.9911438638493361,-0.13676043418650807,0.26076217719515005,6.813876608877945e-07,-8.890024542418384e-05
2024-10-29,1.0059771903001717,-0.12384130634641921,0.25939940187337446,7.577754168200113e-07,0.014965866199508682
2024-10-30,1.0063763385499995,-0.12349366704354514,0.25788385103973444,0.00011282216738483054,0.00039677664033566096
2024-10-31,1.0050247414228992,-0.12467084440367271,0.03223951627007336,1.3590738682900915e-06,-0.0013430334908763886
2024-11-01,1.004295835740848,-0.12530568687956634,0.029925957360760612,2.0229441363371626e-07,-0.0007252614308973504
2024-11-02,1.0041751055250896,-0.12541083720418933,0.029925957360760612,4.6495461883279757e-07,-0.00012021379703530677
2024-11-03,1.0036369141630554,-0.1258795765009072,0.02903041442667978,1.7183151792381224e-08,-0.0005359536987828983
2024-11-04,1.0036427157911587,-0.12587452355641793,0.030916713289381153,9.431494313506869e-07,5.780604534155742e-06
2024-11-05,1.003639439972655,-0.1258773766398562,0.031389032015232785,2.361593629258158e-07,-3.263928936125815e-06
2024-11-06,1.006079893271689,-0.12375185690141544,0.03139037615128902,6.720680281180336e-10,0.0024316036236093908
2024-11-07,1.0085766550160034,-0.12157729516248572,0.03152868306042821,6.915345456959612e-08,0.002481673434692633
2024-11-08,1.0094524165614365,-0.12081454815490222,0.03152868306042821,1.93006540464568e-06,0.0008683143131218429
2024-11-09,1.0103507231384454,-0.12003216548797746,0.027668552251136853,1.197171386836584e-06,0.0008898949195383921
2024-11-10,1.0117482015456944,-0.11881502769647434,0.025274209477463686,1.0856581357880299e-07,0.0013831616836019744
2024-11-11,1.0120012410318857,-0.11859464223664307,0.0251068763504852,2.4899250089560275e-08,0.00025010124634472497
2024-11-12,1.012223331353252,-0.1184012120398974,0.0251068763504852,4.186197762073695e-07,0.00021945657017341524
2024-11-13,1.0126117110157937,-0.11806295166873271,0.024273031994806772,1.6975983681555285e-09,0.0003836896962485792
2024-11-14,1.0108370519574568,-0.11960859602053864,0.02447235818806444,9.966309662883324e-08,-0.0017525563244331632
2024-11-15,1.010383225279022,-0.12000385765624622,0.026542140896699647,1.0348913543176043e-06,-0.00044896126191296126
2024-11-16,1.0113313835987272,-0.11917805647230295,0.026542140896699647,1.186143433681279e-06,0.0009384145500312968
2024-11-17,1.0109127600283994,-0.11954265786093055,0.02416985402933709,8.895210790289127e-08,-0.00041393313519022534
2024-11-18,1.0113661005677848,-0.11914781962941001,0.023991949813531307,1.9535300228078027e-07,0.00044844674765065484
2024-11-19,1.0110893248752175,-0.11938887820566102,0.023601243808969746,9.363242482686614e-08,-0.00027366518653493266
2024-11-20,1.0112882625188686,-0.1192156128993892,0.023413978959316014,1.81491159624448e-08,0.00019675575515720745
2024-11-21,1.0124022107635033,-0.11824541650902598,0.023378009902384058,1.6458749646681982e-10,0.001101514064701048
2024-11-22,1.012687102333708,-0.11799728938607501,0.023452656529307933,3.732331346193753e-08,0.0002814015686409821
2024-11-23,1.0137197553165584,-0.1170978973350667,0.023452656529307933,1.4468766425289154e-07,0.0010197157448401661
2024-11-24,1.0125588171871271,-0.11810901969917487,0.023731237568733167,2.8397818396550846e-07,-0.001145225910160641
2024-11-25,1.0141277157427653,-0.11674258304212426,0.023731237568733167,1.5922673172368007e-07,0.00154943942910446
2024-11-26,1.002165455857211,-0.12716114729539973,0.17865529300352137,7.762125444911779e-05,-0.01179561479275204
2024-11-27,1.0038623245327631,-0.12568325469862052,0.17865529300352137,7.839759385403809e-05,0.0016932021210975812
2024-11-28,1.0031681757765545,-0.1262878255311456,0.16333912342744886,7.073950906600184e-05,-0.0006914780435897105
2024-11-29,1.0063252778544505,-0.12353813850148743,0.16333912342744886,3.461329585857806e-06,0.003147131412391646
2024-11-30,1.0090552239955701,-0.12116048414927061,0.15974236572626035,1.6629507352635548e-06,0.002712787009522044
2024-12-01,1.0114594559382502,-0.11906651150411529,0.15974236572626035,7.56134948293602e-08,0.002382656454777976
2024-12-02,1.0089880402356695,-0.12121899803594405,0.1653761605132682,2.892510888333283e-06,-0.002443415490429368
2024-12-03,1.0044086113180861,-0.1252074646699758,0.16812334804161871,1.3735937641752572e-06,-0.00453863547928357
2024-12-04,1.0159140421627617,-0.11518677696851343,0.16812334804161871,4.930487036142461e-07,0.011454930508389305
2024-12-05,1.0189534055148297,-0.11253963481681928,0.16713725063439022,6.248898226784982e-07,0.0029917524770060044
2024-12-06,1.0235102723455103,-0.1085708186965143,0.16588747098903323,2.4962674231490124e-06,0.0044721052071807765
2024-12-07,1.0239770112076496,-0.10816431115770286,0.16132762430567987,2.163440814723361e-07,0.00045601776039938535
2024-12-08,1.0234290022873909,-0.10864160108466547,0.16819905527261667,3.4357154834683964e-06,-0.00053517697590999
2024-12-09,1.0157776003563517,-0.11530561134767892,0.1772122177369609,4.50658123217211e-06,-0.007476241062089883
2024-12-10,1.0036779781575746,-0.12584381169814518,0.17769628597560883,2.4203411932396947e-07,-0.011911684402704736
2024-12-11,1.0141926418145495,-0.11668603549533396,0.17769628597560883,2.2689720160940506e-06,0.010476132669841265
2024-12-12,1.0217523319338973,-0.11010190189542868,0.17315834194342072,3.3388218407029714e-06,0.007453899592312574
2024-12-13,1.0188047538805878,-0.11266910338024472,0.16648069826201478,2.7972275642964007e-06,-0.0028848263529073215
2024-12-14,1.0189525421178396,-0.11254038679488221,0.16088624313342198,1.2596614995346868e-06,0.00014506041191153507
2024-12-15,1.0192466542829672,-0.11228422896857115,0.1583669201343526,4.2764672392392455e-07,0.0002886416716869622
2024-12-16,1.0213534127549702,-0.11044934168835063,0.1690387961545313,5.763584734013269e-06,0.002066976097641282
2024-12-17,1.0212897156523386,-0.11050481886096386,0.17032043743414788,6.4082063980829e-07,-6.2365388740937e-05
2024-12-18,1.0182037083216524,-0.1131925857184336,0.17224361026402926,9.615864149406933e-07,-0.0030216766930938332
2024-12-19,1.0064494265093433,-0.12343001087758243,0.173515811244853,6.361004904118645e-07,-0.011544135732604932
2024-12-20,1.0098230223418223,-0.12049176799692829,0.173515811244853,0.00011548300086779225,0.003351977499932657
2024-12-21,1.0098160872862258,-0.12049780810331479,0.05745019049073151,2.5345513368919388e-05,-6.86759505141854e-06
2024-12-22,1.0099810889827283,-0.12035409940668407,0.006759163752892729,1.8115924654978903e-07,0.0001633977697328426
2024-12-23,1.0100231329180551,-0.12031748112168994,0.006525253742459895,6.420424133337169e-08,4.162843817989703e-05
2024-12-24,1.009601054730077,-0.12068509131938054,0.006525253742459895,2.029973369523184e-08,-0.00041788962472677493
2024-12-25,1.0096367778265578,-0.12065397818694812,0.006616460556559452,6.590314074501067e-08,3.538337872943664e-05
2024-12-26,1.0098821141835224,-0.12044030178941512,0.006616460556559452,5.6543544856166305e-08,0.0002429946713002895
2024-12-27,1.0099151165451938,-0.1204115582886992,0.006798709372128545,1.4766795264071262e-07,3.2679419913916874e-05
2024-12-28,1.0098230130707933,-0.12049177607155737,0.007023253269158178,1.1227194851481633e-07,-9.119922347000653e-05
2024-12-29,1.009809742055101,-0.12050333450040085,0.007559095620308814,2.679211755753181e-07,-1.3141922414194873e-05
2024-12-30,1.0099194833724234,-0.12040775498810974,0.007559095620308814,1.1188544720800668e-08,0.00010867524124003047
2024-12-31,1.0097121185580529,-0.12058835996267614,0.0075851131671957695,2.419731816427845e-08,-0.0002053280660369028
2025-01-01,1.0107166644813885,-0.11971344783505411,0.06088238596174397,2.66486363972741e-05,0.0009948834968638298
2025-01-02,1.0087295676153558,-0.12144411549938439,0.06088238596174397,2.4085783480470166e-07,-0.0019660276078012906
2025-01-03,1.0069558751926508,-0.12298891795713862,0.06040067029213457,2.8455175242868975e-08,-0.0017583428499087228
2025-01-04,1.008811060250584,-0.12137313925706761,0.17974626317553,0.00012004501155858942,0.001842369763797258
2025-01-05,1.0099573695708375,-0.12037475789589924,0.19008687197802962,5.170304401249812e-06,0.0011362973359638762
2025-01-06,1.0144891460626615,-0.11642779427754746,0.1906083996302791,2.6076382612473526e-07,0.004487096810581015
2025-01-07,1.0008886400230654,-0.12827319367584245,0.19299211724162568,1.191858805673296e-06,-0.013406260769157852
2025-01-08,0.9945978978054153,-0.1337521334934373,0.19299211724162568,9.752745401838542e-07,-0.00628515697560883
2025-01-09,0.9932445499750072,-0.13493083563358754,0.19104156816125797,5.976146219243348e-06,-0.001360698462558374
2025-01-10,0.9892586653651231,-0.13840235316551885,0.18058573371427467,7.48228995751693e-07,-0.004012994191597508
2025-01-11,0.9888994051798495,-0.13871525184517686,0.18058573371427467,9.430179164522881e-05,-0.00036316101930833344
2025-01-12,0.9888613512958347,-0.138748394983638,0.0085167157579527,2.494330908848711e-07,-3.8481046521599005e-05
2025-01-13,0.9895077244792607,-0.1381854344220429,0.008884564646911317,1.8392444447930865e-07,0.0006536540057733298
2025-01-14,0.9890762890959942,-0.13856119429557046,0.008892792789791456,4.114071440069512e-09,-0.0004360101215904466
2025-01-15,0.9887360292022553,-0.13885754461730282,0.008892792789791456,3.460611937253404e-07,-0.00034401784522442025
2025-01-16,0.988734052006552,-0.13885926666152137,0.008200670402340775,1.8792650402180492e-07,-1.9997204971922145e-06
2025-01-17,0.9885320230184471,-0.13903522438303328,0.007824817394297166,1.0793252867611226e-07,-0.00020433097018857094
2025-01-18,0.988781560004522,-0.1388178894356351,0.007608952336944941,1.8512918540259521e-10,0.00025243186893497693
2025-01-19,0.988599199388828,-0.13897671693228308,0.007608582078574136,4.2042856194198385e-08,-0.00018442962841669353
2025-01-20,0.9886857441880186,-0.13890134049340108,0.007883319553136042,1.794115934751514e-07,8.754285785639304e-05
2025-01-21,0.988771243772925,-0.13882687438687114,0.008398366066580027,2.5752325672199257e-07,8.647801933947541e-05
2025-01-22,0.9888088684105297,-0.13879410510179113,0.008398366066580027,1.2901835780830886e-08,3.805191326522461e-05
2025-01-23,0.9888542900753414,-0.1387545449737001,0.008449829337985704,3.863347148366954e-08,4.59357376958458e-05
2025-01-24,0.9885327959990374,-0.1390345511533907,0.008454262488334554,2.2165751744247785e-09,-0.0003251177443747144
2025-01-25,0.9895334823624062,-0.13816300052049357,0.07317302391338723,3.235938071252634e-05,0.0010122945514994264
2025-01-26,0.9895777909975159,-0.1381244097887856,0.07317302391338723,3.21482782947448e-05,4.4777297483200584e-05
2025-01-27,0.9900754746482097,-0.13769095079841376,0.009086799303534608,1.0516598981848406e-07,0.000502925242684471
2025-01-28,0.989931520285375,-0.1378163282599537,0.009086799303534608,4.044354169835743e-10,-0.000145397362649069
2025-01-29,0.990145960576224,-0.13762956087903444,0.009085990432700641,2.3943908864281024e-07,0.0002166213384058313
2025-01-30,0.9897244376186011,-0.1379966874972689,0.00860711225541502,2.243965101250342e-08,-0.0004257179995764693
2025-01-31,0.9892884065916765,-0.13837644995970466,0.008562232953390014,2.9861241682129125e-08,-0.0004405580082207372
2025-02-01,0.9927403381028916,-0.13536998039696502,0.06600646769667759,2.8751978613325917e-05,0.0034893075550213037
2025-02-02,0.9931566808449006,-0.13500736550224568,0.06600646769667759,2.9031613333247157e-05,0.0004193873523863356
2025-02-03,0.9940055970920785,-0.13426799948349255,0.007943241030183273,9.568250980855316e-08,0.0008547656815369731
2025-02-04,0.9937736144995554,-0.13447004538192364,0.007751876010566166,8.1706961732922e-08,-0.00023338157571650697
2025-02-05,0.9937695927779416,-0.13447354811179602,0.007588462087100322,6.163517692526501e-07,-4.0469192906789075e-06
2025-02-06,0.9939170629577512,-0.13434510853946713,0.006355758548595022,3.6310772815837703e-08,0.00014839473946914872
2025-02-07,0.993872481014137,-0.13438393730999398,0.006344345649005769,3.060432302121096e-08,-4.4854792490833795e-05
2025-02-08,0.9941527679832102,-0.1341398205774884,0.0065761267734897565,1.1589056224199386e-07,0.00028201502147484625
2025-02-09,0.9940319312143604,-0.13424506370482925,0.0066105016679655956,1.7187447237919548e-08,-0.00012154748519721537
2025-02-10,0.9940119407689122,-0.13426247444012063,0.0066105016679655956,4.5145826141468945e-08,-2.0110466095069057e-05
2025-02-11,0.9939995466505714,-0.13427326913272308,0.006520210015682658,1.3515532262934217e-08,-1.2468782149333002e-05
2025-02-12,0.9941284203425504,-0.1341610262243358,0.006502645129680205,4.7330892617080885e-09,0.00012965166072143042
2025-02-13,0.993791882696751,-0.13445413464364386,0.019519392298841542,6.508373584580668e-06,-0.0003385253242034203
2025-02-14,0.9931279855361069,-0.1350323577630137,0.02049348842939928,4.870480652788694e-07,-0.0006680444590111412
2025-02-15,0.9934532930632624,-0.1347490302474632,0.021091923928883777,2.992177497422484e-07,0.0003275585140070092
2025-02-16,0.9934236022376955,-0.13477488955639483,0.02129822112193646,1.0314859652634131e-07,-2.988648361545998e-05
2025-02-17,0.9929338125128375,-0.1352014733096194,0.02129822112193646,5.3312315004376555e-09,-0.0004930321000577997
2025-02-18,0.9935682756072445,-0.1346488858739131,0.021573205758581064,1.4282354982273969e-07,0.0006389782344129458
2025-02-19,0.9933719499839718,-0.1348198762336109,0.021573205758581064,2.1014334935650152e-08,-0.00019759650956585606
2025-02-20,0.993243083768236,-0.13493211263054306,0.021628927416488843,4.88751638895394e-08,-0.00012972604646088737
2025-02-21,0.9931366241907511,-0.13502483390219366,0.021628927416488843,2.8683248826235492e-08,-0.00010718380950991424
2025-02-22,0.9927153619347243,-0.1353917334616318,0.02157156091883637,1.70550614542464e-08,-0.0004241735182900497
2025-02-23,0.9926538604058677,-0.13544529839302422,0.02153745079592788,1.46515822812502e-08,-6.195283282073305e-05
2025-02-24,0.9936024616510286,-0.1346191114418962,0.02150814763136538,8.120758805525708e-08,0.0009556213731656271
2025-02-25,0.9956752563688289,-0.13281380498994966,0.021842064653478665,2.481660991119003e-07,0.0020861408841075235
2025-02-26,0.9943824461544218,-0.13393978172134946,0.17163311031928621,7.489552283290378e-05,-0.0012984255721321114
2025-02-27,1.0009706289772993,-0.12820178516307668,0.17163311031928621,7.425658296299099e-06,0.006625401371826101
2025-02-28,1.0075896767918318,-0.12243690665258,0.15997326179701232,1.5957340351621525e-06,0.006612629404806558
2025-03-01,1.0110532822661364,-0.11942026961850105,0.15997326179701232,5.078612363712404e-07,0.0034375158401134254
2025-03-02,1.0068296411687323,-0.12309886183912477,0.15895753932426984,7.450234409213663e-07,-0.0041774663823270775
2025-03-03,1.0020201241475468,-0.12728772436107638,0.16381194143955877,3.172224498565829e-06,-0.004776892559106183
2025-03-04,1.0180031457181686,-0.11336726628809113,0.1690464226612695,2.617240610855373e-06,0.015950798976438252
2025-03-05,1.0086839816472908,-0.12148381872786107,0.1692250768308516,8.932708479104934e-08,-0.009154356850542444
2025-03-06,1.0034455561359599,-0.1260462403185929,0.1692250768308516,5.160308764892263e-06,-0.005193326757081618
2025-03-07,1.0069919242515555,-0.12295752092680645,0.1814848860623387,1.1290213380635808e-05,0.0035341908625730056
2025-03-08,1.009079862356376,-0.12113902529888565,0.1814848860623387,3.18155852769203e-07,0.002073440764058798
2025-03-09,1.0162168147839732,-0.11492307629335641,0.1808485743568003,2.0588651309844109e-07,0.007072732985606622
2025-03-10,1.022959958465643,-0.10905011613460036,0.1811254389696331,3.4431881951484114e-07,0.006635536416604193
2025-03-11,1.0316592527071005,-0.10147344108491152,0.1811254389696331,9.990556944926982e-07,0.008504041795054595
2025-03-12,1.0357234966749909,-0.09793367624736704,0.17993351408043312,4.030932498927109e-07,0.003939521656232792
2025-03-13,1.034914689018007,-0.09863810957547126,0.17993351408043312,1.2664012375359635e-06,-0.0007809107928721248
2025-03-14,1.0303169351895218,-0.10264253634274645,0.17746081567719754,3.0052035918173846e-08,-0.004442640419805355
2025-03-15,1.0288301243235636,-0.10393747849311386,0.17746081567719754,6.418141588869497e-08,-0.00144306165916408
2025-03-16,1.0327459966856718,-0.10052693832741177,0.17733245284542015,1.3164481995480844e-06,0.0038061408482579218
2025-03-17,1.0303448266493478,-0.10261824419652199,0.17545665129941443,3.7854742654522266e-07,-0.0023250344654274224
2025-03-18,1.0340153642563772,-0.09942137903318604,0.17964450744959515,2.0939280750903596e-06,0.0035624361010937466
2025-03-19,1.0182466635226972,-0.11315517376397188,0.17964450744959515,7.043178147026763e-07,-0.015249967533141562
2025-03-20,1.0161846962898544,-0.1149510499871147,0.1782358718201898,0.00011886004114807334,-0.0020250174213296557
2025-03-21,1.0155954191788839,-0.11546428256209373,0.05948421047595687,2.817127368305569e-06,-0.0005798917392896286
2025-03-22,1.016602087910495,-0.11458752156856955,0.05384995573934573,1.1153214802026024e-07,0.0009912103900815428
2025-03-23,1.017182890267774,-0.11408167010440984,0.05384290138505887,1.0800497087683214e-07,0.0005713172972876546
2025-03-24,1.0193976358198011,-0.11215273116985991,0.05384290138505887,1.6759379425387854e-07,0.002177332683455546
2025-03-25,1.0188300139153643,-0.11264710308114756,0.053507713796551115,6.417974568950422e-08,-0.0005568208954850329
2025-03-26,1.0174081605720298,-0.1138854702925266,0.05337935430517211,4.749823990217693e-07,-0.0013955746531951752
2025-03-27,1.0172385199078129,-0.11403321931127575,0.052510701634926285,4.0656063898858453e-08,-0.00016673806126876745
2025-03-28,1.0135727473851732,-0.1172259343108164,0.05306028826860077,2.7479331683724283e-07,-0.0036036509146101237
2025-03-29,1.0125625511143512,-0.11810576762464431,0.058447025222020235,2.693368476709732e-06,-0.0009966687378151207
2025-03-30,1.0152493610513391,-0.11576568287204236,0.16779534044492245,0.00011312118283347133,0.00265347551519568
2025-03-31,1.012400852914331,-0.11824659913162283,0.1702728635651653,1.2387615601214264e-06,-0.0028057226591696738
2025-04-01,1.0051836066423299,-0.1245324802891924,0.17306540333468262,1.3962698847586608e-06,-0.007128842544164571
2025-04-02,1.006645039908591,-0.12325964083142371,0.17306540333468262,2.1816793506776454e-07,0.0014538968369639527
2025-04-03,1.0174558035705699,-0.11384397548751002,0.1726290674645471,1.2220180312176587e-06,0.010739399920906445
2025-04-04,1.0160128957114913,-0.11510068018922948,0.17222248982706614,1.0187292124771847e-06,-0.0014181528612999816
2025-04-05,1.0173022757331973,-0.11397769099391397,0.18416774500498442,5.972627588959139e-06,0.0012690587168189271
2025-04-06,1.0197196483989623,-0.11187227339863182,0.19332968182001625,4.580968407515914e-06,0.002376257994725295
2025-04-07,1.0433915337891204,-0.09125517752435108,0.1981389612222932,2.4046397011384667e-06,0.023214111277862548
2025-04-08,1.0464433915902474,-0.08859715329673012,0.19866998324492016,2.6551101131348786e-07,0.002924940161287415
2025-04-09,1.0512909506719728,-0.08437515793400652,0.19866998324492016,1.620619497264547e-05,0.004632414061458201
2025-04-10,1.0495375257040094,-0.08590230839443791,0.16782808732601162,7.852470131912009e-07,-0.001667877923654415
2025-04-11,1.0412744359231203,-0.09309906992916583,0.16862403642159407,3.979745477912244e-07,-0.007873077025376207
2025-04-12,1.0311350222734497,-0.10193002107136617,0.171951172774406,1.6635681764059634e-06,-0.009737503678064363
2025-04-13,1.0383678275888204,-0.09563058872074293,0.171951172774406,2.547967233115095e-06,0.007014411458379444
2025-04-14,1.0338144277111048,-0.09959638528850734,0.1668552383081758,3.3700074450769836e-06,-0.004385151154277622
2025-04-15,1.0343814814100065,-0.09910250825744571,0.16011522341802184,4.416561894350357e-07,0.0005485062731815926
2025-04-16,1.0373488116619836,-0.09651810353904933,0.15923191103915177,6.861561352288354e-07,0.0028687000930593953
2025-04-17,1.0380061260614792,-0.09594561369421495,0.1583175128804226,2.2895705586424565e-07,0.0006336483852926733
2025-04-18,1.037957636495423,-0.09598784581961628,0.15860067201824074,1.415795689090754e-07,-4.6714142469928e-05
2025-04-19,1.0354190838172823,-0.098198805491164,0.15894005736759723,1.696926746782429e-07,-0.0024457189666348134
2025-04-20,1.0392308004501716,-0.09487898005391593,0.17578714713794152,8.42354488517215e-06,0.003681327389519762
2025-04-21,1.0334328884114563,-0.09992868802616461,0.17669925695898012,4.5605491051929624e-07,-0.00557904176454993
2025-04-22,1.0245313252987203,-0.10768152972429745,0.17669925695898012,2.0997282681965713e-07,-0.008613586051455346
2025-04-23,1.0269855779882673,-0.10554399136746095,0.1762793113053408,0.00011721177021332857,0.002395488189513406
2025-04-24,1.0260140741708823,-0.10639012537897419,0.05814422912131635,9.443805104333985e-07,-0.0009459761054184668
2025-04-25,1.0273730512857275,-0.10520652039754053,0.056255468100449554,4.1056830008479735e-07,0.00132452092915325
2025-04-26,1.0272030316296705,-0.10535459950031012,0.05543433150027996,3.708258332851128e-08,-0.00016548969806451375
2025-04-27,1.0270190301731759,-0.10551485609191791,0.05536016633362294,8.531716407315926e-08,-0.0001791286151122673
2025-04-28,1.0260652667709977,-0.10634553903837485,0.05518953200547662,3.155294185652746e-12,-0.0009286715963032766
2025-04-29,1.027823094357316,-0.10481455410497176,0.05822425574046373,1.5173650227877403e-06,0.0017131732680670808
2025-04-30,1.0261626754543973,-0.10626070066865745,0.05822535510342636,5.496814813148176e-10,-0.0016154714872953502
2025-05-01,1.0290890665497716,-0.10371195202508487,0.05822535510342636,2.5417120919290355e-07,0.0028517808778045772
2025-05-02,1.0287210978001344,-0.10403243545363183,0.05771701268504055,1.7816881338390823e-07,-0.0003575674463934808
2025-05-03,1.0285211938779393,-0.10420654234294857,0.057360675058272734,2.699372219781247e-07,-0.00019432275921960063
2025-05-04,1.0284145264304292,-0.1042994446595884,0.056844935155736555,1.2067270710035273e-08,-0.00010370952795735189
2025-05-05,1.0274312180025842,-0.10515585993013965,0.05996819354297562,1.561629193619532e-06,-0.0009561401580560069
2025-05-06,1.0263771723767785,-0.10607388396434425,0.05999553689734585,1.3671677185116832e-08,-0.0010259038340834081
2025-05-07,1.0280223738611165,-0.10464099105463087,0.05999553689734585,8.890841114488762e-08,0.0016029209618231288
2025-05-08,1.0355378196803318,-0.09809539215370233,0.05981772007505608,5.7568414772300735e-08,0.007310585849397366
2025-05-09,1.0450158434206738,-0.08984048043321113,0.07779485186283291,9.04613430866072e-06,0.009152754790997752
2025-05-10,1.0454362930612795,-0.08947428862348406,0.07779485186283291,3.5015286221989485e-05,0.00040233805377454246
2025-05-11,1.0455319094682372,-0.08939101124202886,0.007764279418853953,4.1991480654330824e-07,9.146076866972663e-05
2025-05-12,1.0456138712833196,-0.08931962636618418,0.006924449805767337,6.091436981799308e-08,7.83924568317218e-05
2025-05-13,1.0458429417873962,-0.08912011675946396,0.006870756374695646,3.4067654282147595e-08,0.0002190775298303027
2025-05-14,1.0459416152672012,-0.08903417681172177,0.00701074896851964,6.999629691199728e-08,9.434827722154537e-05
2025-05-15,1.0458501688003419,-0.08911382237199417,0.007279691381716274,1.3447120659831675e-07,-8.74298006018348e-05
2025-05-16,1.0459492970166397,-0.08902748637021085,0.007287665592477692,3.987105380709368e-09,9.4782426062201e-05
2025-05-17,1.0455940215557722,-0.08933691454281978,0.007287665592477692,1.9417087752417186e-08,-0.0003396679570222272
2025-05-18,1.0459168028282197,-0.08905578727598873,0.007361476561219801,5.632257212347157e-08,0.0003087061189996909
2025-05-19,1.0456031968154802,-0.08932892332429399,0.007361476561219801,1.61337419041709e-07,-0.00029983839239333676
2025-05-20,1.0456563010288407,-0.08928267205870466,0.007038801723136383,1.7933759495361927e-08,5.078811304626285e-05
2025-05-21,1.0458966493283348,-0.08907334002400524,0.007002934204145659,1.4180149172424638e-07,0.0002298540153775619
2025-05-22,1.0461737568816614,-0.08883199241268258,0.006810850181456793,4.575948037981344e-08,0.0002649473573723693
2025-05-23,1.0459184647268012,-0.08905433984069488,0.006810850181456793,3.0175607898708276e-09,-0.0002440246213204489
2025-05-24,1.04588648315911,-0.0890821942779918,0.00685017425842782,2.2679599275383934e-08,-3.0577496021422235e-05
2025-05-25,1.0457660328834617,-0.08918710078797998,0.00685017425842782,3.919577198994474e-08,-0.00011516572552239257
2025-05-26,1.04592146146057,-0.0890517298268998,0.006815320225846988,2.176875569952913e-08,0.00014862653043090646
2025-05-27,1.0462024172672935,-0.08880703056834138,0.006815320225846988,2.7066626932371103e-08,0.00026862036689800917
2025-05-28,1.046096098833406,-0.08889962891057446,0.006770109430767996,4.461229392874796e-09,-0.00010162319655648844
2025-05-29,1.0461448408310274,-0.08885717692918382,0.006770109430767996,1.6864489193790625e-08,4.6594187350423866e-05
2025-05-30,1.0460272399212744,-0.0889596017758455,0.006744060057288856,3.839802454220533e-09,-0.00011241360198166461
2025-05-31,1.0458620951684652,-0.0891034350677733,0.006759852771074548,7.896356892846297e-09,-0.00015787806140066252
2025-06-01,1.0458263284149205,-0.08913458622344961,0.0068185890034536305,2.9368116189541164e-08,-3.4198345750025005e-05
2025-06-02,1.0458882956928264,-0.08908061564659886,0.006827209908189353,4.3104523678610434e-09,5.925197733280818e-05
2025-06-03,1.0461110850919542,-0.08888657658608945,0.006830345260971432,1.5676763910395935e-09,0.00021301452558852851
2025-06-04,1.0462334851689867,-0.0887799718910427,0.006845881884727859,7.768311878213804e-09,0.00011700485615673273
2025-06-05,1.0460226353285789,-0.08896361215894355,0.006845881884727859,7.52303220369734e-09,-0.00020153229981323406
2025-06-06,1.0458045517530854,-0.08915355266898095,0.00689445401560899,3.1809097644262734e-08,-0.00020848839033416056
2025-06-07,1.0458338496156343,-0.08912803561230698,0.00689445401560899,3.585478386393349e-08,2.8014663443043375e-05
2025-06-08,1.0458213266814336,-0.08913894249744891,0.006822744447881123,6.173373639561724e-08,-1.1974114436874572e-05
2025-06-09,1.0458865079535484,-0.08908217268320506,0.007867513395784852,5.841182103474819e-07,6.23254378648852e-05
2025-06-10,1.0521190775508205,-0.08365389847469995,0.07892896918574598,3.553072789498056e-05,0.005959126109648771
2025-06-11,1.0563949794067895,-0.07992978959783881,0.08481040035768736,2.9407155859706923e-06,0.004064085470171452
2025-06-12,1.0523385743484281,-0.0834627271148447,0.08481040035768736,5.029928794177532e-06,-0.003839856433844213
2025-06-13,1.0475809176852238,-0.08760642171058552,0.0747505427693323,1.3667247081984232e-06,-0.004521032279132253
2025-06-14,1.047383876360666,-0.0877780354123523,0.07201709335293545,3.169764129803455e-05,-0.00018809174664369266
2025-06-15,1.0474591776976225,-0.08771245149886564,0.008621810756866348,2.8566789066048274e-07,7.189468795565368e-05
2025-06-16,1.047758195155367,-0.08745202139400532,0.00805165024064861,5.876325516133291e-10,0.0002854693186249424
2025-06-17,1.0442209190760643,-0.09053282205093582,0.06448869680815011,2.8218523283750756e-05,-0.0033760423880798696
2025-06-18,1.0442432177536738,-0.09051340095428173,0.06448869680815011,2.8139105863506583e-05,2.135436783379241e-05
2025-06-19,1.0441941921911209,-0.09055609990735569,0.008210485081136948,7.104002595512571e-08,-4.6948413655600874e-05
2025-06-20,1.044199810449439,-0.09055120666930205,0.008332489099381255,1.3204203507727938e-07,5.380472677618542e-06
2025-06-21,1.0439542819773662,-0.0907650503900348,0.008332489099381255,4.2452416189331377e-10,-0.0002351355263796595
2025-06-22,1.0467285501608756,-0.08834879362900128,0.025492409463283544,1.6912024757170506e-05,0.002657461376806003
2025-06-23,1.0457951617949333,-0.08916173087972712,0.025880950774003653,1.9427065536005428e-07,-0.0008917196018017881
2025-06-24,1.0438777810107576,-0.09083167912437717,0.025880950774003653,1.8118614417977612e-06,-0.0018334190616133839
2025-06-25,1.0441715641840839,-0.09057580783441077,0.02225722789040813,2.1263617666483944e-07,0.0002814344539845415
2025-06-26,1.04391774107951,-0.09079687578890006,0.02183195553707845,8.429309748051693e-07,-0.00024308563197783517
2025-06-27,1.043865297827782,-0.09084255138807662,0.02023273256125148,4.331948689168322e-08,-5.023695800876471e-05
2025-06-28,1.0438814606446358,-0.09082847433679064,0.020589230637782625,1.7824903826557313e-07,1.5483623113876632e-05
2025-06-29,1.0439616848367799,-0.09075860284858384,0.16497527512288268,7.219302224255004e-05,7.68518219407266e-05
2025-06-30,1.0434771382607868,-0.09118062006639938,0.16497527512288268,7.216787462113822e-05,-0.0004641421069662144
2025-07-01,1.0439206771075735,-0.09079431864691168,0.020690863702076404,2.566891073507195e-08,0.0004250585187988154
2025-07-02,1.043251022843011,-0.09137755593230534,0.020744519484747245,2.6827891335420503e-08,-0.0006414800274111565
2025-07-03,1.0381172345176237,-0.0958488434684801,0.16523928172116784,7.22473811182103e-05,-0.00492095211313226
2025-07-04,1.036227010328752,-0.09749513959925027,0.16523928172116784,0.00010987452346134911,-0.0018208195818560924
2025-07-05,1.0363941394236649,-0.09734957803892641,0.0546031404889897,4.668764372966344e-08,0.0001612861788480302
2025-07-06,1.0375283572505138,-0.09636172779831209,0.0546031404889897,1.0656501037964797e-07,0.001094388499220278
2025-07-07,1.0369929763343322,-0.09682801932922525,0.054873125424605096,2.4155747818734723e-07,-0.0005160156948389449
2025-07-08,1.0377112759405978,-0.09620241424518772,0.055231560504904305,1.7921754014960448e-07,0.0006926754786742428
2025-07-09,1.0397397236338144,-0.0944357319603707,0.055231560504904305,2.931053520121435e-08,0.0019547322460906624
2025-07-10,1.042166512022873,-0.09232211371411925,0.055172939434501876,4.278720918146628e-08,0.0023340345029647658
2025-07-11,1.0458615822585373,-0.089103881788133,0.055087365016138944,3.461608255004335e-07,0.0035455660808914047
2025-07-12,1.0451527916505676,-0.08972120498307279,0.05694060986369136,1.2727832492766406e-06,-0.0006777097657967301
2025-07-13,1.046652340397171,-0.08841516873934663,0.05694060986369136,6.245132653789725e-07,0.0014347650971049397
2025-07-14,1.0471261397051177,-0.08800251188518804,0.05753663929207137,9.225279795689775e-07,0.00045268069411763534
2025-07-15,1.0477188606679821,-0.08748627987761193,0.06079065055860037,1.6270056332645007e-06,0.0005660454269875714
2025-07-16,1.0519340702160036,-0.083815031138892,0.061072313492635644,1.4083146701763734e-07,0.004023225796782937
2025-07-17,1.0554010303061148,-0.08079547239263996,0.06107249733520592,9.192128513912934e-11,0.0032957959897590428
2025-07-18,1.0580572220284288,-0.07848205466114877,0.06107249733520592,1.075030079864675e-06,0.002516760592456979
2025-07-19,1.057227931118185,-0.0792043279369089,0.18096662776530192,6.102209529491268e-05,-0.0007837864465021216
2025-07-20,1.0693727127603678,-0.06862679584083031,0.18096662776530192,1.0710724078354383e-06,0.01148738250732606
2025-07-21,1.0708311489598885,-0.0673565666868593,0.17904068209768742,1.0809957402818649e-07,0.0013638240270392732
2025-07-22,1.0664085477122758,-0.07120844381590519,0.17904068209768742,2.780927611151146e-06,-0.004130064064634342
2025-07-23,1.062695590164671,-0.07444225474707533,0.17762988682554584,2.075529975080356e-06,-0.0034817402350848514
2025-07-24,1.0683944191488428,-0.06947884344285171,0.2237443224115927,2.305721779302343e-05,0.005362616573282963
2025-07-25,1.0624042383910384,-0.07469600840256685,0.2237443224115927,2.5409847142578852e-06,-0.00560671288658976
2025-07-26,1.0695206437412086,-0.06849795493253341,0.24037080126256777,1.085422413974542e-05,0.00669839698770236
2025-07-27,1.0751763292087486,-0.06357211959676712,0.24037080126256777,2.495604012257541e-06,0.005288056383606188
2025-07-28,1.0744916991639406,-0.06416840008053837,0.2353795932380527,4.888991883343075e-07,-0.0006367607118996643
2025-07-29,1.0715376756361183,-0.06674121526970422,0.23495185211936848,2.7502862899220216e-07,-0.0027492288029002943
2025-07-30,1.0740021951966332,-0.06459473495241186,0.23495185211936848,1.974043144300358e-07,0.0022999840477360145
2025-07-31,1.0734339444787206,-0.0650896545305838,0.2345570434905084,1.3803639084721543e-06,-0.0005290964212691929
2025-08-01,1.062117123317737,-0.07494607209186066,0.2317963156735641,6.239666994406478e-08,-0.010542633963825265
2025-08-02,1.051214995984483,-0.0844413108849974,0.23688556193390198,2.6070198001130057e-06,-0.01026452459329219
2025-08-03,1.0505456920445368,-0.08502424305417056,0.23688556193390198,0.00015514353755836718,-0.0006366955784496975
2025-08-04,1.0469907872365434,-0.0881203975024688,0.07340151318283242,1.916095518171998e-06,-0.003383865009314313
2025-08-05,1.0485472357172207,-0.086764804273598,0.07143691077946744,9.3379431648951e-07,0.0014865923364884015
2025-08-06,1.0466204257142828,-0.08844296492313419,0.07143691077946744,8.410842411396627e-07,-0.001837599620989061
2025-08-07,1.0433039647031612,-0.09133144606870602,0.06975474229718812,6.50644245202045e-07,-0.003168733315003891
2025-08-08,1.041076580553148,-0.09327139262610062,0.06877556475002736,1.6105547162166556e-07,-0.0021349330831386126
2025-08-09,1.054061741609772,-0.08196192969000926,0.20238469593437514,0.00013558013034220122,0.012472820250865269
2025-08-10,1.0545910796706575,-0.08150090120109477,0.2030222795493305,3.187918074776808e-07,0.0005021888566840715
2025-08-11,1.0601335968573682,-0.07667363010122819,0.2030222795493305,2.737698249838508e-06,0.005255607878306812
2025-08-12,1.0672765962607067,-0.07045241446498707,0.20618023064826146,4.316673799303991e-06,0.006737829481600066
2025-08-13,1.076914516715444,-0.06205824024654383,0.20778335824927302,8.015638005057779e-07,0.009030386769935284
2025-08-14,1.0749696969063947,-0.06375208658791043,0.20778335824927302,3.807405075466758e-07,-0.0018059184632216452
2025-08-15,1.065945903634587,-0.07161138499055886,0.20702187723417967,1.4291727143807137e-06,-0.008394462930233604
2025-08-16,1.064527650005605,-0.07284661702048956,0.20416353180541824,9.652810517974814e-07,-0.0013305118244214542
2025-08-17,1.072290554101259,-0.06608549363022964,0.20223296970182328,2.372800183430418e-07,0.007292346136441807
2025-08-18,1.0617318011002759,-0.0752816695725409,0.2076722757443904,2.9569330396266025e-06,-0.009846914122858208
2025-08-19,1.0538963961403058,-0.08210593779667996,0.20897797685682873,6.528505562191644e-07,-0.007379834485366388
2025-08-20,1.0571545575323762,-0.07926823287005325,0.20897797685682873,5.32786175945374e-06,0.0030915386028493863
2025-08-21,1.0566826399727896,-0.07967925081012828,0.2042781670843392,2.977956873208981e-06,-0.00044640356154324046
2025-08-22,1.0752330300610535,-0.06352273582826473,0.2042781670843392,2.1220094514171062e-07,0.01755530883780021
2025-08-23,1.0817301241103454,-0.05786407329629073,0.20666312222178831,1.4046785138662616e-06,0.00604249857253869
2025-08-24,1.0838180178676708,-0.05604561629294669,0.20666312222178831,8.848461989772363e-06,0.0019301429356459732
2025-08-25,1.0759152583395686,-0.062928547169674,0.1889661982422436,2.868418623628993e-07,-0.007291592682364567
2025-08-26,1.0718772693549299,-0.06644544515491857,0.19196596709082597,1.7867262866540918e-06,-0.0037530734445295755
2025-08-27,1.0780410506844487,-0.061077082283762296,0.19196596709082597,2.7361181585907334e-06,0.005750454371723279
2025-08-28,1.0715338493028936,-0.06674454782550365,0.1864937307736445,6.386127087894545e-07,-0.0060361350594396734
2025-08-29,1.06327465878521,-0.07393791328585819,0.1852165053560656,6.556459571046696e-07,-0.007707820451081093
2025-08-30,1.0660017994286526,-0.07156270238981866,0.18390521344185626,1.5711065506642669e-06,0.0025648505970816693
2025-08-31,1.0706122611065396,-0.06754720768498135,0.18076300034052772,2.7087835101013423e-06,0.004325003654175985
2025-09-01,1.0654682432265576,-0.0720274046808107,0.17534543332032504,3.9992312964198805e-08,-0.0048047440393289564
2025-09-02,1.062595309239412,-0.07452959470400533,0.18101449864558108,2.8745249755922215e-06,-0.0026964050833195863
2025-09-03,1.0709301126227215,-0.06727037400338398,0.1846941736933732,1.8398375238960624e-06,0.0078438172188795
2025-09-04,1.0632039098107458,-0.07399953230629086,0.1846941736933732,6.730643854060414e-07,-0.007214479003726293
2025-09-05,1.062305833537689,-0.0747817143893339,0.18462876317073923,6.403591240890516e-07,-0.0008446886479349658
2025-09-06,1.0617455120802766,-0.0752697279555321,0.18462876317073923,1.757739687318155e-06,-0.000527457761902661
2025-09-07,1.0630802487272837,-0.07410723527847218,0.1818421928987081,3.6445455130258706e-07,0.0012571154121405748
2025-09-08,1.0664422992244327,-0.07117904784044438,0.18624263560084126,2.2002213510665808e-06,0.003162555697158176
2025-09-09,1.0625244349515945,-0.07459132286645931,0.1882658786613573,1.0116215302580223e-06,-0.003673770513127228
2025-09-10,1.068360217282042,-0.06950863165596999,0.19885522026640973,5.294670802526213e-06,0.005492374705451608
2025-09-11,1.0687943981462895,-0.06913048059797722,0.19885522026640973,6.982508742029436e-07,0.0004063993185274839
2025-09-12,1.0749828171231404,-0.06374065949783803,0.19745871851800384,1.1261559356127992e-07,0.005790093012823849
2025-09-13,1.0804110543818015,-0.059012920826177706,0.2006334275663744,1.6999701177465576e-06,0.005049603744542885
2025-09-14,1.0770494765593757,-0.06194069658681167,0.20410864724620784,1.7376098399167206e-06,-0.0031113878452022625
2025-09-15,1.073026138710643,-0.06544483412358904,0.20410864724620784,9.66959235790363e-07,-0.003735518131984694
2025-09-16,1.0713767254271065,-0.0668813953117875,0.20786279213873116,2.844031682052023e-06,-0.0015371603952919477
2025-09-17,1.0725274965247231,-0.06587912795294093,0.20786279213873116,6.090428253111707e-07,0.0010741049999571928
2025-09-18,1.078141421328007,-0.0609896641864246,0.21136182682514926,2.358560168520221e-06,0.005234294525292338
2025-09-19,1.071652105372114,-0.06664155236584146,0.22132862549235904,4.983399333604893e-06,-0.006018983991826987
2025-09-20,1.0729103410361858,-0.06554568843734365,0.2258877385610884,2.2795565343646797e-06,0.001174108330274093
2025-09-21,1.072100412831816,-0.06625109770937909,0.2258877385610884,1.7387694795558267e-06,-0.0007548889906158207
2025-09-22,1.0550507557489888,-0.08110054501391883,0.22245395190392084,2.1876150972044427e-08,-0.015903041243861438
2025-09-23,1.0544763151768344,-0.08160085566323905,0.22245395190392084,0.0001553420806746595,-0.0005444672391565764
2025-09-24,1.0547514643302132,-0.08136121372591809,0.08823020944539811,4.3843657819939984e-06,0.00026093440830732284
2025-09-25,1.058047389013101,-0.07849061875380148,0.07975298482739383,1.4575347299185942e-07,0.0031248353705626286
2025-09-26,1.0592139434625119,-0.07747460483984125,0.08233725903462455,1.2921371036153581e-06,0.0011025540647104926
2025-09-27,1.0576453872958373,-0.07884074329225066,0.08233725903462455,1.049086443129829e-06,-0.0014808681252278522
2025-09-28,1.0575704013911074,-0.07890605247914295,0.08256456263344965,1.1627382425423786e-06,-7.08989096251944e-05
2025-09-29,1.0544465273676948,-0.08162679944028906,0.08320093080296283,3.181840847565898e-07,-0.002953821343052443
2025-09-30,1.055422333647822,-0.0807769181866197,0.08683710893701346,1.8180890670253179e-06,0.0009254203554147633
2025-10-01,1.0510464572563951,-0.08458810016934237,0.08683710893701346,1.3472879000907962e-06,-0.00414609038668412
2025-10-02,1.0487414760307348,-0.08659563012036242,0.08562459922448584,7.410330438269858e-07,-0.0021930345797195328
2025-10-03,1.0468513450197172,-0.08824184509761568,0.08562459922448584,2.0639495830778036e-06,-0.0018022849808245756
2025-10-04,1.0483162939901027,-0.08696594362734555,0.08149670005833023,3.763709470594387e-07,0.0013993858606151655
2025-10-05,1.0467909404502382,-0.08829445462911967,0.08337369130288744,1.31486656933804e-06,-0.001455050874065389
2025-10-06,1.044011186408095,-0.09071548931432538,0.08639925934266973,1.5127840198911474e-06,-0.0026555006684917393
2025-10-07,1.0340475412990815,-0.09939335434637075,0.25771376457381445,0.0001720565119582421,-0.009543619109385504
2025-10-08,1.0303177912066057,-0.10264179079223368,0.25771376457381445,2.6438712437400482e-06,-0.0036069425664817523
2025-10-09,1.0228052089177226,-0.10918489569327905,0.25242602208633436,4.417703075942289e-06,-0.007291519522422352
2025-10-10,1.021299606446554,-0.11049620444562469,0.24359061593444978,0.0001065709198281548,-0.0014720324633120674
2025-10-11,1.019356988692132,-0.11218813290125362,0.030448776278140195,2.0065732514773158e-07,-0.0019021036943156489
2025-10-12,1.0209657434046369,-0.11078698341107818,0.030047461627844732,5.562231215250555e-07,0.0015782054082666974
2025-10-13,1.0216737703377754,-0.11017032534090354,0.02893501538479462,1.2624878886420866e-06,0.0006934874531432378
2025-10-14,1.0213849834181674,-0.11042184512949094,0.026410039607510448,5.171261917301332e-07,-0.0002826605987091835
2025-10-15,1.0207454889946364,-0.11097881461560077,0.025375851855657747,3.231580378293408e-11,-0.0006261051747471491
2025-10-16,1.0202820369830083,-0.1113824594626156,0.025403721717181513,1.3934930761882667e-08,-0.0004540328775642921
2025-10-17,1.0195791331466948,-0.11199465555704669,0.025403721717181513,5.669104232747246e-08,-0.0006889309140362121
2025-10-18,1.020129470849135,-0.11151533737062291,0.025290339632526568,4.3078030753460754e-08,0.000539769483850483
2025-10-19,1.020799427586615,-0.11093183664558193,0.025204183571019646,9.610973030841839e-08,0.0006567369697929593
2025-10-20,1.020968263512537,-0.11078478851593854,0.025088213033567473,3.812446158233188e-08,0.00016539578820040646
2025-10-21,1.0214708637739396,-0.11034704738949308,0.025088213033567473,9.021855080426112e-08,0.0004922780456220188
2025-10-22,1.0199492898880849,-0.11167226649086259,0.02490777593195895,4.3291459481519665e-09,-0.0014895910787265931
2025-10-23,1.0201981799810087,-0.11145549495689333,0.024899117640062647,1.0667419075358238e-07,0.0002440220267738713
2025-10-24,1.020294176016393,-0.11137188693698075,0.025334057304892542,3.241440231685298e-07,9.409547797978313e-05
2025-10-25,1.020590597422695,-0.11111371787050417,0.025334057304892542,2.3192719438153154e-08,0.0002905254320380024
2025-10-26,1.0215076954301106,-0.11031496875384705,0.025287671866016236,6.503313415850281e-09,0.0008985953914701916
2025-10-27,1.0221478885018973,-0.1097573907780528,0.025871377059863664,2.983559103395643e-07,0.0006267139001041588
2025-10-28,1.0216854630677057,-0.11016014152453102,0.025871377059863664,2.3223895381167468e-07,-0.00045240560529180573
2025-10-29,1.020766101288875,-0.11096086227933766,0.025406899152240314,4.797418537356296e-08,-0.0008998481549040704
2025-10-30,1.0196066656303207,-0.11197067606216426,0.02531095078149319,7.990704395979472e-08,-0.0011358485132775265
2025-10-31,1.0202003376055078,-0.1114536157677023,0.02516096653289446,4.914919660431102e-09,0.0005822558788601828
2025-11-01,1.0204308279119667,-0.11125286958006098,0.02516096653289446,3.8455252270882393e-07,0.000225926514589192
2025-11-02,1.020162799043402,-0.11148631008508181,0.0252438512871387,4.2599489983094313e-07,-0.0002626624571049341
2025-11-03,1.0183285234936603,-0.11308387758955252,0.02555043498613568,1.5329184949849049e-07,-0.0017980223857035904
2025-11-04,1.0184799986305375,-0.11295194988848034,0.02555043498613568,1.7085732848354904e-05,0.00014874879116244522
2025-11-05,1.0187179670853668,-0.11274469058625725,0.008621030710574127,2.8561996500674637e-07,0.0002336505922064802
2025-11-06,1.018951424440321,-0.11254136023929429,0.008101901372152628,2.6055295795996726e-08,0.00022916779962711686
2025-11-07,1.0189505265323817,-0.11254214227476667,0.00824769548176596,7.289705480666588e-08,-8.812077982867095e-07
2025-11-08,1.018741593755303,-0.11272411287091111,0.008283243574691275,1.7774046462657422e-08,-0.000205047027933003
2025-11-09,1.0184028030128016,-0.1130191836311969,0.008283243574691275,4.499540935160203e-09,-0.00033255807417476024
2025-11-10,1.0183856869904027,-0.11303409087956218,0.008274244492820954,4.4259640167364914e-08,-1.6806731423790744e-05
2025-11-11,1.0184723313237007,-0.11295862775116627,0.008185725212486224,1.7211304476315305e-08,8.508007762242364e-05
2025-11-12,1.0186037671075072,-0.11284415338161835,0.008796594537369693,3.2264596691804986e-07,0.0001290518944505603
2025-11-13,1.0187098421529956,-0.1127517670192032,0.009382027874705292,2.9271666866779927e-07,0.00010413769211004009
2025-11-14,1.0192475850934049,-0.1122834182765744,0.00955395259110393,8.596235819931936e-08,0.0005278666389232356
2025-11-15,1.0192738302980242,-0.11226055994100215,0.00955403839878565,4.29038408593721e-11,2.5749587253098838e-05
2025-11-16,1.0195069067595206,-0.11205756133427913,0.00955403839878565,2.1979441268662246e-07,0.00022866913146124546
2025-11-17,1.0192801154315279,-0.11225508588610988,0.02741204057999163,9.148795503289612e-06,-0.00022245197799763972
2025-11-18,1.0193234415741466,-0.11221735085902995,0.02741204057999163,9.126425738522834e-06,4.2506610266723754e-05
2025-11-19,1.0205614492876045,-0.11113910452162268,0.027840903243126824,9.340857070090431e-06,0.0012145386468778163
2025-11-20,1.0207015388524538,-0.1110170931168748,0.028517447768871874,3.382722628725247e-07,0.00013726715324313687
2025-11-21,1.040428722580741,-0.09383564636887964,0.223395199149181,9.743887569015456e-05,0.019327083361173836
2025-11-22,1.0372215296701806,-0.09662896015164357,0.22754020924698687,2.0725050489029394e-06,-0.003082568599800939
2025-11-23,1.0294585980773374,-0.10339010749065825,0.22754020924698687,7.880148517755452e-06,-0.007484352542615813
2025-11-24,1.028454376697104,-0.10426473695654292,0.21177991221147596,2.8271604778121186e-07,-0.0009754849608436533
2025-11-25,1.0246767876748624,-0.10755483885428052,0.21121448011591354,3.603117215665752e-06,-0.00367307399125949
2025-11-26,1.022204872554329,-0.10970776035559493,0.2050263668637693,5.090605895936296e-07,-0.002412385203087064
2025-11-27,1.01612207674899,-0.11500558865424348,0.21013844069133467,2.556036913782686e-06,-0.005950662111539051
2025-11-28,1.0154625901944194,-0.11557997034371525,0.21013844069133467,9.175232329895896e-05,-0.0006490229566511463
2025-11-29,1.0160259916129575,-0.11508927427661897,0.02663379409341676,3.5951969680047063e-07,0.0005548224267215573
2025-11-30,1.0143173153905587,-0.11657745068989045,0.20664048961695697,9.036286745857058e-05,-0.001681724913056848
2025-12-01,1.0168564528272341,-0.11436598172123458,0.20664048961695697,9.009287144370794e-05,0.0025032969447964515
2025-12-02,0.9971326910938186,-0.1315444480730683,0.21451668582769207,9.403096954907548e-05,-0.019396800481110144
2025-12-03,0.9961602555221482,-0.13239139359862528,0.21451668582769207,9.54483497350766e-05,-0.0009752318626754519
2025-12-04,0.9953444124006446,-0.1331019544845531,0.023619986357538862,1.4736006131893417e-06,-0.0008189878254869498
2025-12-05,0.9951203242390514,-0.1332971247059238,0.02067278513116018,1.3911492462376997e-05,-0.00022513630337939183
2025-12-06,0.9949755942607192,-0.1334231776919862,0.007150199793593816,6.341144219010244e-08,-0.00014543967679725434
2025-12-07,0.9949442020600202,-0.13345051881842573,0.007023808041706781,2.1556624658480157e-10,-3.155072433547179e-05
2025-12-08,0.9951215254253271,-0.13329607852932224,0.007053307828542489,1.474989341785412e-08,0.00017822443202808458
2025-12-09,0.9954475553698223,-0.13301212182233602,0.007053307828542489,6.359772724206723e-11,0.0003276282706892175
2025-12-10,0.995627031404708,-0.13285580665954333,0.007053180633088005,5.045410828700448e-10,0.00018029682620901433
2025-12-11,0.995315242865624,-0.13312735977400159,0.007052171550922265,2.3067393021625542e-08,-0.00031315796904807236
2025-12-12,0.9950804117909607,-0.13333188656605022,0.007006036764879014,2.985493559949518e-08,-0.00023593637930074962
2025-12-13,0.9957222558716844,-0.13277287063932897,0.05442950358290716,2.374158834461357e-05,0.0006450173002294779
2025-12-14,0.9956903207167499,-0.1328006846533034,0.05442950358290716,2.384461851408512e-05,-3.207235224966798e-05
2025-12-15,0.9955329458787016,-0.1329377507158821,0.006740266554736919,6.173058046932654e-09,-0.00015805600875318238
2025-12-16,0.9954281630957822,-0.13302901157853908,0.00696650217601528,1.1929086868611326e-07,-0.00010525295356100806
2025-12-17,0.9944087054607037,-0.13391691110389414,0.05539938268029687,2.4216440252140797e-05,-0.0010241398353738607
2025-12-18,0.990853091031492,-0.1370136835988096,0.16690900301380684,0.00011115419284705186,-0.003575606699426581
2025-12-19,0.9906535143844583,-0.13718750544689406,0.16690900301380684,2.674525863581856e-07,-0.00020141900836312399
2025-12-20,0.9899052681847101,-0.13783919260165645,0.16637409784109047,4.937983605768775e-07,-0.0007553056531685032
2025-12-21,0.9900226349222968,-0.13773697170790877,0.16904621579063459,1.8298573353489335e-06,0.0001185636053817607
2025-12-22,0.9894426690697734,-0.13824209461587345,0.16904621579063459,7.395538732540269e-05,-0.0005858106997383983
2025-12-23,0.9904053624845898,-0.13740363404952327,0.02358145253051673,1.2230056953437575e-06,0.0009729653318104603
2025-12-24,0.990420900415811,-0.1373901012441554,0.02358145253051673,7.466560622295185e-08,1.56884562707571e-05
2025-12-25,0.9901392591774771,-0.13763539748132347,0.023432121318070827,1.4898228378910396e-07,-0.0002843652009150155
2025-12-26,0.9904262938442809,-0.13738540382229725,0.02313493916204653,3.912057769551308e-10,0.0002898932287969114
2025-12-27,0.9903922149473408,-0.13741508493446575,0.023182106054643936,2.3583446298703486e-08,-3.4408312011402487e-05
2025-12-28,0.9902180143406221,-0.13756680544809963,0.023182106054643936,9.945191110055651e-09,-0.00017589052507649416
2025-12-29,0.9903182030227092,-0.1374795458306225,0.023437344203068446,1.3756426532231074e-07,0.00010117840782331022
2025-12-30,0.9898843407335824,-0.13785741942470808,0.023576746385257093,6.97010910943232e-08,-0.0004381039223561034
2025-12-31,0.9899079903409901,-0.13783682173190603,0.023723135716603033,7.319466567297026e-08,2.389128349133962e-05
2026-01-01,0.9896099624799527,-0.1380963899447012,0.18893291868737588,8.260489148538643e-05,-0.00030106622428083263
2026-01-02,0.982440043492719,-0.14434105126906205,0.2253309995427769,1.8199040427700514e-05,-0.007245196854391178
2026-01-03,0.9823533486003326,-0.1444165584320395,0.2253309995427769,0.000118455388541676,-8.824446128918861e-05
2026-01-04,0.983315774043758,-0.14357833125613417,0.09164031586381291,4.003026916161891e-05,0.0009797141169167745
2026-01-05,0.985137363198507,-0.14199181300344677,0.09640434187219338,2.382013004190234e-06,0.0018524966270561105
2026-01-06,0.9853490564120382,-0.14180743819732666,0.09640434187219338,4.1983900025551104e-05,0.00021488700097860303
2026-01-07,0.9849415081563972,-0.14216239350914306,0.012515192745777684,3.9325462343252e-08,-0.0004136080031598155
2026-01-08,0.9847117935604531,-0.14236246408950626,0.012515192745777684,9.742501510224144e-08,-0.00023322663736080607
2026-01-09,0.9847493353947996,-0.14232976692215948,0.012320342715573201,1.5766329925487235e-07,3.81246925162948e-05
2026-01-10,0.9846805321431166,-0.1423896913098046,0.012831425048803944,4.132044658702438e-07,-6.986879727699513e-05
2026-01-11,0.9847773722410768,-0.1423053481511921,0.013204111891393719,1.8634342129488728e-07,9.834671733766065e-05
2026-01-12,0.9848328604910346,-0.14225702050215094,0.014446723991690748,6.21306050148515e-07,5.634598389869794e-05
2026-01-13,0.9850957779941558,-0.14202803175539358,0.015356032200405791,4.546541043575214e-07,0.00026696662314096287
2026-01-14,0.9873036386687506,-0.14010508922441545,0.04642926910361493,1.553661845160457e-05,0.0022412649855150235
2026-01-15,0.9871335262444643,-0.1402532491239381,0.04642926910361493,2.653518553017535e-07,-0.00017230000743728713
2026-01-16,0.9867976313973408,-0.14054579769591202,0.045898565393011424,1.5889390093612984e-05,-0.00034027296023608766
2026-01-17,0.9870753894029446,-0.14030388357132928,0.014349254988929984,1.1473489157225962e-07,0.00028147413083345896
2026-01-18,0.9870947630112642,-0.14028701007208866,0.014349254988929984,2.4576362906477552e-09,1.9627283314394006e-05
2026-01-19,0.9855783530460085,-0.1416077316421327,0.04312318592451154,1.4389423104081426e-05,-0.001536235447779477
2026-01-20,0.9847402609827494,-0.14233767030713107,0.04312318592451154,1.4370618429867242e-05,-0.0008503555913821348
2026-01-21,0.985079638136739,-0.14204208881009261,0.04013467545923762,2.725831226200734e-05,0.00034463621265046207
2026-01-22,0.9857514189783706,-0.14145699937635525,0.04013467545923762,2.5832888732807737e-06,0.0006819558699893147
2026-01-23,0.985607920872147,-0.1415819794599028,0.03564590771219482,3.389049997593735e-07,-0.00014557230500511498
2026-01-24,0.9855455017743138,-0.14163634355060384,0.037361961175075904,8.580267314405414e-07,-6.333055621010608e-05
2026-01-25,0.9859097371765189,-0.14131911169161582,0.037361961175075904,6.988544910116468e-09,0.00036957745893118066
2026-01-26,0.988274312636737,-0.13925967797259498,0.3004035425152066,0.00013152777921497546,0.0023983691113482752
2026-01-27,0.9842982065884572,-0.14272267883849876,0.30116629338894046,3.8137543686692086e-07,-0.004023281792758238
2026-01-28,0.9831257307473741,-0.14374385000536904,0.30116629338894046,0.0001318216624823375,-0.0011911794954372334
2026-01-29,0.9854249017905895,-0.14174138044926643,0.03752296842426546,8.078745647404143e-08,0.0023386337792905554
2026-01-30,0.9866154149438833,-0.1407044996340503,0.03736139351131738,3.5863031545349186e-07,0.0012081216449180143
2026-01-31,1.0054762051523067,-0.12427764078513781,0.26136940376786466,0.00011236263544372713,0.019116658753498772
2026-02-01,1.0272725156737124,-0.10529408217462477,0.26136940376786466,3.6592463250034735e-06,0.021677599539117187
2026-02-02,1.020768062103512,-0.11095915450225535,0.2540509111178577,1.4071960130238343e-05,-0.0063317702663677755
2026-02-03,1.0266170927176483,-0.10586492466142527,0.22590699085738103,1.0939265445174401e-05,0.005730029015689864
2026-02-04,1.0401536029250447,-0.09407526261511012,0.20402845996703223,1.6052186817596126e-06,0.013185549221239379
2026-02-05,1.0589167258098753,-0.07773346739932652,0.20094187919840495,6.19282974459734e-08,0.01803880006959413
2026-02-06,1.0556152818631612,-0.08060886938996248,0.20094187919840495,3.6193958726064293e-06,-0.003117755972916969
2026-02-07,1.0484555273548013,-0.08684467793255302,0.1937030874531921,6.326192555777988e-06,-0.006782541548397192
2026-02-08,1.0431425388916298,-0.0914720403381557,0.18105070234163612,5.019359505939874e-07,-0.005067442847650483
2026-02-09,1.0470354789207494,-0.08808147315306136,0.18004683044044814,2.964329082027137e-06,0.0037319348832800525
2026-02-10,1.0501932432739458,-0.08533120931284754,0.17411817227639387,1.4819874869608785e-06,0.0030159096007418285
2026-02-11,1.05853481692022,-0.07806609203245085,0.1711541973024721,2.988931716192689e-08,0.007942894033742709
2026-02-12,1.056524051809017,-0.07981737362219554,0.1720197730248656,4.6267717835866974e-07,-0.0018995739006987256
2026-02-13,1.0485524652117706,-0.08676024963045359,0.1720197730248656,7.13792432712218e-07,-0.007545106600836404
2026-02-14,1.0438867372718164,-0.09082387864334751,0.17149159520033727,4.497035204480554e-07,-0.004449684774724627
2026-02-15,1.0447684191249178,-0.09005597532697018,0.17149159520033727,7.492276847155452e-05,0.0008446144793501364
2026-02-16,1.0493511372351343,-0.08606464396126412,0.16978301663920342,7.406847919098761e-05,0.004386348234049375
2026-02-17,1.0481641009342175,-0.08709849660201863,0.16978301663920342,4.442033718266847e-07,-0.0011312098103238855
2026-02-18,1.0478081929634044,-0.08740847566096277,0.16889460989555005,7.373302076177356e-05,-0.00033955367340543496
2026-02-19,1.0484712490700987,-0.08683098505992148,0.02142856837200293,2.639465487913259e-08,0.0006328029415569869
2026-02-20,1.0480231597303422,-0.0872212497441972,0.021375779062244665,3.583043702891711e-08,-0.0004273739887085126
2026-02-21,1.0477382913576276,-0.08746935666322819,0.021749621181431592,2.2275149662238057e-07,-0.00027181495949868406
2026-02-22,1.0481245485734827,-0.0871329448430389,0.021749621181431592,1.5443844857445516e-07,0.00036865810769848295
2026-02-23,1.048782361873346,-0.08656002047951106,0.021440744284282682,8.138682242014687e-08,0.0006276098587272294
2026-02-24,1.0532010143663686,-0.08271158252950095,0.1707998804994519,7.476095493000476e-05,0.0042131262439686346
2026-02-25,1.037597636972402,-0.09630138842758718,0.1707998804994519,6.2565270030484625e-09,-0.014815194042848034
2026-02-26,1.0371488989205255,-0.0966922181095281,0.17078736744544581,8.894761813622209e-05,-0.0004324779046180893
2026-02-27,1.0368721384937085,-0.09693326339003061,0.007107868826998347,3.7116618308667474e-07,-0.0002668473418840911
2026-02-28,1.0367076014400352,-0.0970765674046683,0.006375015099789542,4.739319482271933e-09,-0.00015868596287760273
2026-03-01,1.0393853241844764,-0.09474439716824778,0.05125632803403979,2.2440656467125124e-05,0.0025829103025043487
2026-03-02,1.0394942348687155,-0.09464954109820167,0.05125632803403979,2.2349211615684136e-05,0.00010478374256805978
2026-03-03,1.0392425084463295,-0.09486878294137902,0.006557904802671512,1.0371639380192446e-07,-0.00024216240354701934
2026-03-04,1.0441413189971525,-0.09060214996594873,0.052376331613358515,2.3012929799145425e-05,0.004713828111351681
2026-03-05,1.0435136924259771,-0.09114878311231178,0.052376331613358515,1.5697813189125818e-05,-0.0006010935107712001
2026-03-06,1.043119029374922,-0.09149251601856456,0.02098070523510688,7.278247342606937e-06,-0.0003782059151851147
2026-03-07,1.0431337159737597,-0.09147972468355614,0.006424210549893006,8.564768351846524e-10,1.4079504274677745e-05
2026-03-08,1.043003032266649,-0.09159354402976794,0.006530621352857545,5.406187831745414e-08,-0.00012527991868382937
2026-03-09,1.0454643605219531,-0.08944984318882099,0.05751633138308214,2.54928550151123e-05,0.0023598476506414556
2026-03-10,1.0471730696260326,-0.08796163813715618,0.05751633138308214,9.751355596424732e-08,0.0016344020596028574
2026-03-11,1.0445904091892615,-0.09021101358647132,0.17124186701792815,5.696028137338725e-05,-0.002466316707025462
2026-03-12,1.0466075591786794,-0.08845417106889453,0.17124186701792815,5.3803848140840385e-08,0.001931043949542799
2026-03-13,1.0470003213793975,-0.08811209371364659,0.17113425932164647,7.483106237994542e-05,0.00037527170262285914
2026-03-14,1.0464289974089431,-0.08860968994985641,0.021542212656108367,3.5039047176371045e-08,-0.0005456769771586822
2026-03-15,1.0466482135102082,-0.08841876306327867,0.022058243028885156,2.5801518638839466e-07,0.00020948970432255187
2026-03-16,1.048550182095253,-0.0867622381172749,0.022058243028885156,1.0649706623383666e-07,0.0018171994759081933
2026-03-17,1.049004964466259,-0.08636614411840571,0.022337136096383874,2.4594359998319526e-07,0.00043372494590343535
2026-03-18,1.047770958995568,-0.08744090469109755,0.022337136096383874,7.949927161421955e-07,-0.0011763580845589594
2026-03-19,1.047083748504468,-0.08803943262190239,0.021106407753735443,1.7962854481798005e-07,-0.0006558785440672343
2026-03-20,1.0472465888859535,-0.0878976063287299,0.021106407753735443,3.345479111958247e-07,0.00015551801058544257
2026-03-21,1.0474594280542244,-0.08771223345007151,0.020437311931343793,1.3688421424145474e-07,0.00020323691720580683
2026-03-22,1.0467494903946644,-0.08833055567285464,0.020167090238936793,1.7733680379543315e-09,-0.000677771033936847
2026-03-23,1.0465461217678242,-0.08850768015653132,0.020167090238936793,1.3484790723971802e-05,-0.00019428586181247098
2026-03-24,1.046520679289587,-0.08852983935527925,0.006802491209006814,4.1006704808777865e-08,-2.4310900122781476e-05
2026-03-25,1.0464284218861133,-0.0886101912031011,0.006720477799389259,1.0395490356564664e-08,-8.815631195846496e-05
2026-03-26,1.0467334423956816,-0.08834453272318954,0.006729003677705781,1.4658429514825908e-08,0.00029148721803640143
2026-03-27,1.0470071347392185,-0.08810615959854173,0.006809120420078759,4.005837118648903e-08,0.0002614728186307591
2026-03-28,1.0465973897455452,-0.08846302816559215,0.02011716139587141,6.654020487896326e-06,-0.00039134880754720935
2026-03-29,1.0467169393513718,-0.08835890609654551,0.02011716139587141,6.4820981510017685e-06,0.00011422692910012522
2026-03-30,1.0464140464028306,-0.08862271157113233,0.007152965093867873,1.0213405424563514e-08,-0.00028937426839914515
2026-03-31,1.0464808726149173,-0.08856450909174396,0.007275806878651056,7.163429781615466e-08,6.386211300690725e-05
2026-04-01,1.0461884912342976,-0.08881915948636765,0.007275806878651056,3.182029135607176e-08,-0.0002793948635587684
2026-04-02,1.0464624754303056,-0.08858053217198048,0.007408048605720981,9.794115489103429e-08,0.00026188798510395905
2026-04-03,1.046491003990094,-0.08855568514173251,0.007408048605720981,3.4872212544785186e-08,2.726190422830399e-05
2026-04-04,1.0464723723036287,-0.08857191246202523,0.007361664738330755,1.1680278849672109e-08,-1.7803962382156868e-05
2026-04-05,1.0464801210937678,-0.08856516363122557,0.008258682835677255,4.4850904867325003e-07,7.404677222044853e-06
2026-04-06,1.0427911502753746,-0.09177808325240011,0.06699612961406048,2.9368723389191617e-05,-0.003525122688940785
2026-04-07,1.043147370007819,-0.0914678326637769,0.06699612961406048,2.9082546272684565e-05,0.00034160218213341587
2026-04-08,1.042586818711118,-0.091956046409157,0.008831037068691355,1.9802569450576377e-07,-0.0005373653932444489
2026-04-09,1.0426023148543568,-0.09194254999915119,0.02475553774017387,1.659526170992685e-05,1.4863168192880138e-05
2026-04-10,1.042684732960771,-0.09187076771507419,0.02475553774017387,4.344909092115663e-07,7.905037734823317e-05
2026-04-11,1.0429674374373952,-0.09162454544749443,0.02412397024458201,1.1870716141563521e-07,0.0002711313090990597
2026-04-12,1.0422625361449533,-0.09223848123201883,0.02423114188429974,5.358581985886492e-08,-0.0006758612657888907
2026-04-13,1.0425360302827633,-0.09200028073521238,0.02423114188429974,8.481275673415806e-10,0.00026240426795021143
2026-04-14,1.0442547656154137,-0.09050334331127141,0.024229445629165056,5.6371874371387296e-08,0.0016486100074493137
2026-04-15,1.043910009379055,-0.09080360973539081,0.02436844208577914,1.2587010267843014e-07,-0.000330145715116692
2026-04-16,1.0439884486226687,-0.09073529285318072,0.02436844208577914,7.369062012461004e-07,7.513985201490492e-05
2026-04-17,1.0451340970022422,-0.08973748714017638,0.025174691746678225,1.1400310316956424e-06,0.001097376490218016
2026-04-18,1.0442782335928051,-0.09048290380964841,0.025313963868071793,6.963606069678407e-08,-0.0008189029636427314
2026-04-19,1.0439045741192148,-0.0908083435903998,0.026146216408969226,4.1612627044871653e-07,-0.00035781601260165274
2026-04-20,1.0437197471434954,-0.09096931917032314,0.026146216408969226,1.4260755478927995e-08,-0.00017705351648311662
2026-04-21,1.0436884247083689,-0.09099659953423911,0.02611769489801137,6.765800292181205e-08,-3.0010388528234344e-05
2026-04-22,1.0447773533153295,-0.09004819406843323,0.025982378892167746,1.1067405018565582e-08,0.0010433464443817542
2026-04-23,1.0439539518395495,-0.0907653379245047,0.02662284886345629,3.313023906628375e-07,-0.0007881119103196887
2026-04-24,1.0438548469167366,-0.09085165363876113,0.02662284886345629,2.408803170661847e-07,-9.493227420531714e-05
2026-04-25,1.0436706116348835,-0.09101211388122965,0.02614108822932392,2.612248404314094e-07,-0.00017649511557982223
2026-04-26,1.0441398901563146,-0.09060339441893839,0.025645454052417502,1.3407751978200198e-08,0.00044964236436095817
2026-04-27,1.0432599229087527,-0.09136980439474673,0.02665247031756712,5.035081325748085e-07,-0.0008427675791876643
2026-04-28,1.0433228292334868,-0.09131501595239133,0.027587687727701177,4.6760870506702863e-07,6.0297844628021124e-05
2026-04-29,1.0432457732768903,-0.09138212805684154,0.027587687727701177,3.19319367208918e-07,-7.385629302281149e-05
2026-04-30,1.0431676041555515,-0.09145020967528827,0.02718462562733413,1.177883170253944e-07,-7.492876879344745e-05
2026-05-01,1.043712378593867,-0.09097573682956916,0.027900614802628454,3.579945876471622e-07,0.0005222309781691692
2026-05-02,1.0437244615824484,-0.090965213116315,0.027969448424192293,3.441681078191969e-08,1.157693328912579e-05
2026-05-03,1.0439829179474769,-0.09074010981046143,0.028578391736643984,3.044716562258451e-07,0.0002476289236705842
2026-05-04,1.0442804050568546,-0.09048101256686147,0.029594494415594332,5.080513394751744e-07,0.00028495400094397105
2026-05-05,1.0446956600985935,-0.09011934500778451,0.029624151378787135,1.4828481596401364e-08,0.000397647068477891
2026-05-06,1.0444127173034605,-0.09036577483954678,0.029624151378787135,6.872375530906499e-09,-0.00027083753281786915
2026-05-07,1.0435685970711548,-0.09110096375551302,0.029610406627725322,1.3830974063594807e-08,-0.0008082247739061854
2026-05-08,1.0435557028063414,-0.09111219405210769,0.03123587532557777,8.265653229898185e-07,-1.2355934104646416e-05
2026-05-09,1.0439044700345,-0.09080843424327811,0.03199396149633762,3.790430853799244e-07,0.00033421045682668904
2026-05-10,1.0443942888811122,-0.09038182512637882,0.03586526072523008,1.9356496144462313e-06,0.00046921807566691065
2026-05-11,1.0443293319546738,-0.09043839954611799,0.03586526072523008,1.1972077251318327e-05,-6.219578863042585e-05
2026-05-12,1.0439475879369715,-0.09077088058354621,0.011921106222593427,2.6314257133808543e-08,-0.00036553987906573493
2026-05-13,1.0443537032786891,-0.09041717327218468,0.035646175728829575,2.3757326718577692e-05,0.0003890188994262189
2026-05-14,1.043340130681178,-0.09129994720734069,0.035646175728829575,1.0040647953935695e-07,-0.0009705261678443211
2026-05-15,1.0445662969382135,-0.09023201422006721,0.03544536276975086,3.112877955404117e-08,0.0011752315673307923
2026-05-16,1.045384023548963,-0.08951981290382627,0.041183260663663956,2.9000777265105888e-06,0.0007828384020689416
2026-05-17,1.045264910868705,-0.08962355443130687,0.041183260663663956,7.831637287906111e-07,-0.00011394155408439577
2026-05-18,1.0467265107599546,-0.08835056985103096,0.039616933206082734,2.2765919197577713e-07,0.0013983057080113603
2026-05-19,1.0466482129552752,-0.08841876354659917,0.04309094098640112,1.964663082134971e-06,-7.480254285663346e-05
2026-05-20,1.0460800823185596,-0.08891357853971116,0.04309094098640112,2.617785840820647e-07,-0.000542809541624667
2026-05-21,1.0461653583626909,-0.088839307126655,0.0427463660171161,8.949109943955439e-08,8.151961362723448e-05
2026-05-22,1.0464198387355315,-0.08861766672250027,0.0427463660171161,2.305880388188755e-07,0.00024325062075902792
2026-05-23,1.0476547675435486,-0.08754210196653933,0.04228758623953846,1.1981500300552174e-09,0.001180146593467768
2026-05-24,1.046806405829155,-0.08828098501338755,0.04668147970137418,2.1969467309178593e-06,-0.0008097722080580017
2026-05-25,1.0460731880682614,-0.08891958310660719,0.04689208597572939,1.0530313717760712e-07,-0.0007004330092132971
2026-05-26,1.046964767596107,-0.08814305938227474,0.04689208597572939,5.880529658345429e-07,0.0008523108497695553
2026-05-27,1.0473031830714663,-0.08784831546197314,0.04571598004406031,3.7998915687833744e-07,0.0003232348268367158
2026-05-28,1.04918827265641,-0.08620649132909064,0.04542828887015797,2.3614356992716912e-07,0.0017999463912801161
2026-05-29,1.048147506847388,-0.08711294926911595,0.047579877526119654,1.075794327980842e-06,-0.000991972400140373
2026-05-30,1.0482574595645808,-0.0870171856375066,0.047579877526119654,1.6670160548188095e-06,0.00010490194984491552
2026-05-31,1.0486176832448444,-0.08670344779914807,0.044245845416482035,6.78528973985737e-07,0.00034364046444834706
2026-06-01,1.0495455987936528,-0.08589527711406297,0.04288878746851056,1.090027643667335e-09,0.000884894050173779
2026-06-02,1.050800233892243,-0.08480254910830698,0.04399541392810778,5.544032574422777e-07,0.001195407898456624
2026-06-03,1.0526599534643044,-0.08318282106026531,0.04399541392810778,2.571662438266807e-07,0.0017698126742609066
2026-06-04,1.0540977862837315,-0.08193053647875748,0.04348108144045442,2.848460041241577e-07,0.0013659043594256293
2026-06-05,1.059048744679545,-0.07761848518948844,0.042911389432206105,8.923961542044341e-07,0.004696868222505701
2026-06-06,1.0595798563245928,-0.07715591199240579,0.04112659712379724,9.626007607814457e-08,0.0005014987721005948
2026-06-07,1.0582221703683832,-0.07833839243555529,0.04093407697164095,5.930475340784884e-06,-0.0012813436836324188
2026-06-08,1.0570347159644427,-0.07937260922432698,0.02921222434704336,6.954902848609057e-08,-0.0011221220242657592
2026-06-09,1.057976174101974,-0.07855264358309522,0.02921222434704336,9.097503612420787e-07,0.0008906596191322613
2026-06-10,1.057587602778616,-0.0788910708817927,0.027392723624559204,4.862458583073763e-07,-0.00036727795282387454
2026-06-11,1.0577802617019014,-0.07872327404487223,0.026477316443309813,2.8542267682681034e-08,0.0001821682882583442
2026-06-12,1.057518220318852,-0.07895149973236248,0.026477316443309813,1.4369917674763797e-07,-0.00024772761653413244
2026-06-13,1.0571473377528398,-0.07927452095756471,0.026380171958799596,9.512693449252944e-08,-0.0003507103318761695
2026-06-14,1.0574628892346516,-0.07899969049744038,0.026380171958799596,8.985685757738858e-08,0.00029849337981890933
2026-06-15,1.0341645800912491,-0.09929141907761807,0.21299965916527566,9.339960046081543e-05,-0.02203227118472828
2026-06-16,1.0343422208011195,-0.09913670239636474,0.21299965916527566,0.00011098468818606793,0.000171772185292296
2026-06-17,1.0343061608456765,-0.09916810891706795,0.008969717206860187,8.035299254690199e-07,-3.486269314001422e-05
2026-06-18,1.033914728355446,-0.09950902815718676,0.0073626573559221475,3.5382562059443726e-08,-0.00037844934608854963
2026-06-19,1.0340310368888919,-0.09940772890934368,0.007380282191975879,4.419498008630942e-08,0.00011249335197649479
2026-06-20,1.0341762274779707,-0.09928127475304205,0.007380282191975879,9.640548585917877e-08,0.00014041221578464658
2026-06-21,1.034133067743464,-0.09931886484650387,0.007187471220257521,4.61662629840532e-09,-4.173344286817482e-05
2026-06-22,1.034197586010647,-0.09926267247829024,0.007178237967660711,2.9948860183175686e-08,6.2388747822828e-05
2026-06-23,1.03383258922496,-0.0995805674663861,0.007118340247294359,1.2099684201620499e-12,-0.0003529275165871093
2026-06-24,1.0343899730658859,-0.09909511242561775,0.021430251510771207,1.4274294669064363e-05,0.0005391432295127618
2026-06-25,1.0350210710313192,-0.09854545585855734,0.021430251510771207,1.705151712258924e-07,0.0006101160895457536
2026-06-26,1.0348580447752944,-0.09868744403968821,0.021152613628778842,3.169623022970976e-08,-0.0001575100841803012
2026-06-27,1.0344996955220378,-0.09899954934051658,0.021152613628778842,4.385236227173392e-08,-0.00034627865634451194
2026-06-28,1.0348339750142614,-0.0987084076664847,0.021064908904235374,3.011317263949993e-08,0.00032313155206598054
2026-06-29,1.0348307382420903,-0.09871122674240862,0.02111375950945811,5.453847525086798e-08,-3.1278178410643065e-06
2026-06-30,1.0350277800576497,-0.09853961261300259,0.021304557816970698,9.539915375629363e-08,0.00019040970497097298
2026-07-01,1.0289766936496105,-0.10380982352193047,0.1703780324704996,7.453673732676446e-05,-0.005846303379127504
2026-07-02,1.0280061387771495,-0.1046551310471645,0.1703780324704996,7.454053232972064e-05,-0.0009432233776066612
2026-07-03,1.0275677165357269,-0.10503697614466512,0.021296967811058293,1.9862183753445278e-07,-0.00042647823285091313
2026-07-04,1.0268461776400724,-0.1056654024970044,0.020899724135989388,2.578576817111166e-07,-0.00070218135899347
2026-07-05,1.0268058561203721,-0.10570052063921209,0.020384008772567155,1.3626246939437404e-05,-3.926734167025714e-05
2026-07-06,1.0268636476798083,-0.10565018691623307,0.006868485106307651,6.5004424876697645e-09,5.628284947389872e-05
2026-07-07,1.0269141128085169,-0.10560623416892367,0.008277311655383302,7.109137170254955e-07,4.914491697127765e-05
2026-07-08,1.0265565689705685,-0.10591763799099962,0.008322719155049655,2.2703749833176238e-08,-0.0003481730687018292
2026-07-09,1.0266420363311648,-0.10584319995032421,0.00855305052855064,1.1516568675049282e-07,8.325635739692139e-05
2026-07-10,1.0268985569785771,-0.10561978256323123,0.00855305052855064,5.4120324808210226e-08,0.00024986376782965003
2026-07-11,1.0270150912353107,-0.10551828672104913,0.008613479941289004,8.433503117739189e-08,0.00011348176111214414
2026-07-12,1.0270452847540394,-0.1054919895900791,0.008613479941289004,4.677330895195339e-08,2.939929411871489e-05
2026-07-13,1.026834146350651,-0.10567588118272819,0.008520813643369462,4.401599921826857e-10,-0.00020557847499569348
2026-07-14,1.0306420904526175,-0.10235934144201164,0.06820577674350603,2.9842481550068284e-05,0.0037084315081419295
2026-07-15,1.0308273099706509,-0.102198023976244,0.06820577674350603,2.988542330284505e-05,0.00017971274387984515
2026-07-16,1.03061192936766,-0.10238561032469629,0.008434930137815934,1.6553604170182167e-07,-0.000208939558457355
2026-07-17,1.0303380859077136,-0.10262411506461067,0.009726694018853507,8.114179822206078e-07,-0.00026570957713467624
2026-07-18,1.0304116431135932,-0.10256005020704362,0.009855368074782477,6.433702796448514e-08,7.139132958555727e-05
2026-07-19,1.030558190773634,-0.10243241410592974,0.009855368074782477,9.052160849069846e-08,0.00014222244189276978
2026-07-20,1.0307399789765008,-0.10227408515386094,0.010402355215976445,3.640151790876827e-07,0.0001763978050870474
2026-07-21,1.0309069614959028,-0.10212865125389492,0.01040446288888485,1.0538364542019008e-09,0.00016200256398901658
2026-07-22,1.0309710966264614,-0.10207279257961355,0.010426829734939098,1.1183423027124294e-08,6.221233627923262e-05
2026-07-23,1.030709041646243,-0.10230103010959668,0.010426829734939098,8.119536466168371e-09,-0.00025418266436305625
2026-07-24,1.0305200319351622,-0.10246564865477359,0.010415444182374459,2.426760183848846e-09,-0.0001833783380633669
2026-07-25,1.030556768926148,-0.10243365246803982,0.011044712509062736,3.146341633441388e-07,3.5648982887659386e-05
2026-07-26,1.030841920626273,-0.10218529878419524,0.011176713004620495,6.60002477788791e-08,0.0002766967417222599
2026-07-27,1.030926650124774,-0.10211150338660924,0.011627949320522737,2.256181579511213e-07,8.219446338175729e-05
2026-07-28,1.0308825840549174,-0.10214988285542059,0.011627949320522737,6.493658795765808e-08,-4.2744136890870976e-05
2026-07-29,1.030713230832666,-0.10229738152577261,0.011534363455759136,1.8143655575857466e-08,-0.0001642798363958864
2026-07-30,1.0308873856944358,-0.10214570085383201,0.011675935709122422,7.078612668164324e-08,0.00016896538877531064
2026-07-31,1.0305370020587477,-0.10245086847739471,0.011675935709122422,7.334946260900091e-08,-0.0003398854623194447
2026-08-01,1.030583337782085,-0.10241051224743225,0.01160040993745218,3.55865767738793e-08,4.496269735398961e-05
2026-08-02,1.0305142889011139,-0.1024706505666041,0.01160040993745218,8.088862997595887e-08,-6.699980335245215e-05
2026-08-03,1.0305490730757367,-0.10244035519083294,0.012157626561940737,3.5949694222023755e-07,3.375418953366349e-05
2026-08-04,1.0306150664239029,-0.1023828780966437,0.012253968362500495,4.817090027987945e-08,6.403707488455979e-05
2026-08-05,1.0306227823253238,-0.1023761579103667,0.01274936158733429,2.476966124168971e-07,7.486695733804893e-06
2026-08-06,1.0308836767150524,-0.10214893119996982,0.012803062002916952,2.6850207791331156e-08,0.0002531424631886381
2026-08-07,1.0309365042216292,-0.10210292093294027,0.012821157277955852,9.0476375194503e-09,5.124487638252795e-05
2026-08-08,1.0309687284012083,-0.10207485519212989,0.012821157277955852,7.69559060060203e-08,3.125719134700056e-05
2026-08-09,1.0309963917349307,-0.10205076173298389,0.013810619175254363,5.716868546552754e-07,2.6832369367291165e-05
2026-08-10,1.0306278395864952,-0.10237175327437287,0.013833403802111306,1.139231342847137e-08,-0.00035747181211487344
2026-08-11,1.0305185261854428,-0.10246696009177225,0.014304337421929807,2.3546680990925093e-07,-0.00010606486343389676
2026-08-12,1.030747869573652,-0.10226721281584095,0.014304337421929807,2.189495285651929e-07,0.0002225514460758582
2026-08-13,1.0306539712079996,-0.10234899386433738,0.013866438364799422,2.1348766687689056e-08,-9.109731722900527e-05
2026-08-14,1.0306651244620697,-0.10233927990599889,0.014131211319752743,1.5373524416434968e-07,1.0821531168270226e-05
2026-08-15,1.0306937493686896,-0.10231434896220426,0.016502104706785842,1.1854466935165495e-06,2.777323685587696e-05
