timestamp,equity,drawdown,gross_exposure,trading_cost,net_return
2022-01-01,1.000099455132359,-0.0001758290831080922,0.006455872212667085,3.227936106333543e-06,9.945513235898318e-05
2022-01-02,1.0000090099902745,-0.0002662493295485513,0.006468583870201263,6.3558287670887995e-09,-9.043614774406628e-05
2022-01-03,0.9999933922648735,-0.00028186275606389977,0.006533383287825579,3.239970881215807e-08,-1.5617584685601038e-05
2022-01-04,0.9998778618594556,-0.0003973613609474791,0.006533383287825579,9.75337124528618e-09,-0.00011553116881490855
2022-01-05,0.9999309465565624,-0.0003442912757666283,0.007283429538187294,3.84776496426144e-07,5.309118156415771e-05
2022-01-06,1.0007739524613277,-0.00019538340556013445,0.007283429538187294,1.074572850554489e-08,0.0008430641212493484
2022-01-07,1.001347472482092,-0.00013784150953166652,0.007278446573630573,8.254246227184116e-09,0.0005730764868066007
2022-01-08,1.001274854070044,-0.00021035220558063283,0.007278446573630573,3.2868617302052144e-07,-7.252069241392434e-05
2022-01-09,1.001397219420664,-0.00020582411201497397,0.00662107422758953,1.5819307193723313e-07,0.00012220955128050548
2022-01-10,1.001583414219846,-0.00015996795748418613,0.006363422134165719,2.9367025225327664e-08,0.00018593500717845046
2022-01-11,1.001309006623618,-0.0004338979127030962,0.006434754657625264,3.5666261729772575e-08,-0.0002739737822458066
2022-01-12,1.0008537223977527,-0.0008883896589869655,0.006434754657625264,2.0500568689409484e-09,-0.00045468903491163726
2022-01-13,1.0009620048426728,-0.0007802956933107286,0.006430654543887382,8.006723697006994e-08,0.00010819008062323832
2022-01-14,1.001001206786575,-0.0007411619853331386,0.006270520069947242,9.832594027859091e-08,3.916426768379999e-05
2022-01-15,1.0008466415552335,-0.0008954581764072378,0.0060738681893900606,4.759066064824631e-09,-0.0001544106343654983
2022-01-16,1.000862001618994,-0.0008801248487738667,0.006113619905910965,2.463492432527685e-08,1.5347070294380316e-05
2022-01-17,1.0011009650525087,-0.0006415773612353792,0.0069264933718028755,4.0643673294595526e-07,0.00023875762405523027
2022-01-18,1.001370285098787,-0.0003727261004442539,0.007211251414636428,1.423790214167761e-07,0.000269023860410611
2022-01-19,1.0013508799073711,-0.00039209751467839116,0.007244866988529872,1.6807786946721957e-08,-1.937863715739674e-05
2022-01-20,1.0010381521393699,-0.0007042809405816142,0.007244866988529872,4.276184394077978e-08,-0.00031230588026454065
2022-01-21,1.0020438393692779,-0.0002506627756047042,0.007210363138965126,2.550991915840689e-08,0.001004644256323406
2022-01-22,1.00324431201578,-0.00023705931997997087,0.0072351871553485115,1.2412008191692824e-08,0.001198024077728066
2022-01-23,1.0031112060226703,-0.0003697034202251315,0.0072351871553485115,6.010453853306117e-07,-0.00013267555221996297
2022-01-24,1.0034333738524255,-0.00025987273683192313,0.006033096384687288,4.981500091738541e-07,0.00032116860804465297
2022-01-25,1.0031052715321693,-0.0005867674405120038,0.005085156627280899,2.41801304706594e-08,-0.00032697967677852713
2022-01-26,1.0027239082550325,-0.0009667270682792717,0.005085156627280899,3.4200860479025995e-08,-0.00038018270660067355
2022-01-27,1.0029513399734757,-0.0007401324372205975,0.005016754906322847,9.146749561567309e-08,0.00022681389819290132
2022-01-28,1.0030125221772603,-0.0006791754212475132,0.0048338199150915005,9.742142055801972e-08,6.100216565019245e-05
2022-01-29,1.0028194392825354,-0.0008715476532010769,0.004638977073975461,1.1251358923354028e-09,-0.0001925029752402052
2022-01-30,1.0026832452236452,-0.0010072404349197317,0.004640391426990215,1.8323123997122243e-09,-0.00013581114760363722
2022-01-31,1.0026738835382563,-0.0010165676635986998,0.004640391426990215,3.4108110858115796e-08,-9.336632918799381e-06
2022-02-01,1.0024197852435335,-0.0012697307216782416,0.004572175205273983,6.8524428324247095e-09,-0.0002534206773485703
2022-02-02,1.0018592642647177,-0.0018281886415534299,0.01366487089437561,9.111670606992373e-06,-0.0005591679125483973
2022-02-03,1.0017476357007506,-0.0019394063443473053,0.01366487089437561,1.2454408637997596e-07,-0.00011142140213349361
2022-02-04,1.0028992621410537,-0.0007920185914683797,0.013415782721615659,1.8413856035979193e-08,0.0011496173280187705
2022-02-05,1.00371640321646,-3.481355730106106e-05,0.013435044947789226,2.804496912276258e-08,0.0008147788180203897
2022-02-06,1.003470362945557,-0.00027993429516848245,0.013435044947789226,2.8199842769852364e-07,-0.0002451292716865172
2022-02-07,1.004047364603593,-2.075816144608833e-05,0.013358083069736182,2.435174886720017e-07,0.0005750061779075111
2022-02-08,1.003857279530231,-0.0006386322659883703,0.013751107111287155,1.9651202077548661e-07,-0.00018931883102368818
2022-02-09,1.004315907218552,-0.0001820586043463912,0.013751107111287155,6.16962361266564e-08,0.0004568654306447151
2022-02-10,1.0044601365754176,-0.00027937833417324143,0.013641707823866523,6.996592416340375e-09,0.00014360955136116793
2022-02-11,1.0040090747972965,-0.0007283117908759573,0.013641707823866523,2.3222702271522013e-09,-0.0004490589140340173
2022-02-12,1.0030077449853319,-0.001724916858273362,0.01374442355846846,5.3680137528120366e-08,-0.000997331435641513
2022-02-13,1.0031946991674574,-0.001538844813826934,0.014030784459078488,1.4318045030501432e-07,0.0001863935578358955
2022-02-14,1.0032887373562356,-0.001445250341410964,0.014030784459078488,1.6958611990585542e-07,9.373872176143827e-05
2022-02-15,1.0041387240951414,-0.0005992742393391426,0.013691612219266777,9.566147750170521e-09,0.0008472005189115173
2022-02-16,1.0038926602878253,-0.0008441770019894657,0.013724387364051583,2.5953720142573613e-08,-0.00024504961457583185
2022-02-17,1.0035596661724397,-0.0011755998946682,0.013724387364051583,1.4210754078634348e-07,-0.00033170290864581453
2022-02-18,1.002695460777535,-0.0020357275624389715,0.013493525352905319,2.6676535213211208e-08,-0.0008611400238929257
2022-02-19,1.0027504881832028,-0.0019809598019278063,0.013493525352905319,9.00397955355615e-06,5.487948018134681e-05
2022-02-20,1.002900888073268,-0.0018312695692153103,0.004514433754206981,4.200995200399037e-08,0.00014998735162197185
2022-02-21,1.002775331301913,-0.001956233904725213,0.004474386461180732,2.1986305490865993e-08,-0.0001251935987333086
2022-02-22,1.0029487203105696,-0.0017836630268850406,0.004924843589113191,2.252285639662297e-07,0.00017290912853895612
2022-02-23,1.002794869276957,-0.0019367881190280878,0.006067381965171849,5.712691880293288e-07,-0.00015339870374131426
2022-02-24,1.0033286411888964,-0.0014055347937830254,0.006067381965171849,3.826033814815794e-08,0.0005322842470505407
2022-02-25,1.0026428692258407,-0.002088070962480093,0.006251461719208609,1.303002151665381e-07,-0.0006834968472969605
2022-02-26,1.0025207377799603,-0.0022096261348104607,0.006251461719208609,1.4943481324451768e-07,-0.00012180951924822825
2022-02-27,1.0024675379846997,-0.0022625749084390634,0.005952592092719574,1.4107087835158642e-07,-5.306602971200114e-05
2022-02-28,1.0024439757556214,-0.0022860259598488364,0.005785813478822413,5.768157140300604e-08,-2.3504231491222605e-05
2022-03-01,1.0021660031724378,-0.0025626869377686212,0.00580220150985225,8.19401551491834e-09,-0.0002772948812185261
2022-03-02,1.0021980051659856,-0.002530835944663856,0.01760048983992369,1.170134567488797e-05,3.1932826941805104e-05
2022-03-03,1.001460124203583,-0.003265235237963293,0.01760048983992369,8.917379779679879e-08,-0.0007362626532906313
2022-03-04,1.0004858973164255,-0.0042348652648882545,0.017422142244330092,5.944968194462885e-11,-0.0009728064688858673
2022-03-05,1.000300349576386,-0.0044195375035033235,0.01752261243867223,5.02945468530136e-08,-0.00018545762667687704
2022-03-06,1.0002037793283196,-0.0045156520877619455,0.01752261243867223,1.26399797262422e-07,-9.654125194102914e-05
2022-03-07,1.000154261527484,-0.004564936240345263,0.017269812844147386,2.6703571738215247e-09,-4.9507712190366426e-05
2022-03-08,0.9997634862675658,-0.004953867638965992,0.01839971274415445,5.676203071773526e-07,-0.0003907149876289928
2022-03-09,1.0012099374958436,-0.0035142414472554284,0.01912846059721378,3.643739265296649e-07,0.0014467934147857076
2022-03-10,1.0000819372484142,-0.004636919259482064,0.01912846059721378,9.257795410900702e-09,-0.0011266370869705833
2022-03-11,0.9999775960049435,-0.0047407681719372485,0.019109945006391977,3.638033481852196e-07,-0.0001043326947403056
2022-03-12,1.000008091240687,-0.004710416827045316,0.018382338310021538,2.3700420981761715e-07,3.0495918975192993e-05
2022-03-13,0.9999712207020396,-0.004747113393166358,0.018151271688740818,1.2147089917725723e-07,-3.687024032261732e-05
2022-03-14,0.9999463895672327,-0.004771827363011294,0.018184529239087942,1.662877517356193e-08,-2.4831849449347132e-05
2022-03-15,0.9999460595890306,-0.004772155784221188,0.018303917621411314,5.96941911616862e-08,-3.299958908353773e-07
2022-03-16,1.0009131626834202,-0.0038096159366625137,0.0191390865596211,4.1758446910489245e-07,0.000967155263141839
2022-03-17,1.00161726264171,-0.0031088382528251524,0.01918943884828918,2.5176144334041266e-08,0.0007034575870681348
2022-03-18,1.0022400668340254,-0.002488972743338036,0.01918943884828918,2.504193299731027e-07,0.0006217985806948878
2022-03-19,1.0027087681278783,-0.0020224830024273555,0.01917121798234236,2.4130889699969237e-07,0.0004676537182737306
2022-03-20,1.0019925974341657,-0.002735274466286075,0.01917121798234236,9.57880881642427e-08,-0.0007142359940186527
2022-03-21,1.00264879731795,-0.0020821708418947704,0.018979641806013876,3.323661275358644e-09,0.0006548949418001548
2022-03-22,1.0029761082450217,-0.0017564043215769765,0.01950560511915904,2.6630531784794034e-07,0.00032644623715372134
2022-03-23,1.0031691589022058,-0.0015642645681059886,0.01950560511915904,5.814174063778141e-08,0.00019247782234610433
2022-03-24,1.0037151897750287,-0.001020810125515137,0.019643996457736797,1.2733740992666026e-07,0.000544305880993079
2022-03-25,1.0037650809206644,-0.0009711543897479302,0.019746221540875634,5.111254156941851e-08,4.970647664293004e-05
2022-03-26,1.0037350963441352,-0.0010009974849556347,0.020013556949582394,1.3366770435337996e-07,-2.987210563643039e-05
2022-03-27,1.004084985250677,-0.0006527595186840429,0.020092575499247884,3.950927483274518e-08,0.0003485869008823528
2022-03-28,1.0054046380757036,-0.0002616348322015405,0.02256005410362412,1.2337393021881175e-06,0.0013142839943025564
2022-03-29,1.005773869532882,-0.0005793773801462399,0.026535812534267532,1.9878792153217062e-06,0.00036724662210474435
2022-03-30,1.0056241411619193,-0.0007281599507262815,0.026535812534267532,5.971760454273647e-07,-0.00014886882180409344
2022-03-31,1.0054015810396477,-0.0009493142108527586,0.025341460443412803,1.0544083521350777e-08,-0.00022131541314829306
2022-04-01,1.006033669153597,-0.00032121885509728276,0.0253203722763701,3.1286695999676456e-08,0.0006286921821774261
2022-04-02,1.0062483069641108,-0.0005049203055137452,0.025943939687972248,3.430704018007498e-07,0.00021335052404025667
2022-04-03,1.0065529265623376,-0.0002023450986795572,0.025943939687972248,8.61008755815209e-08,0.0003027280603811189
2022-04-04,1.0059843445688894,-0.0011727870716601307,0.026945897986116803,5.870800246537984e-07,-0.0005648803738432795
2022-04-05,1.0062314575763698,-0.0009274321634327176,0.02945994770393908,1.2570248589111391e-06,0.0002456429951573913
2022-04-06,1.004560233739979,-0.0025867659847724767,0.02945994770393908,1.7503736702737146e-07,-0.0016608741694615903
2022-04-07,1.004053986203298,-0.003089411795161978,0.02926107659894955,7.560181453260609e-08,-0.0005039494095789854
2022-04-08,1.00379911808609,-0.003342466638957209,0.02926107659894955,1.9089113127596585e-05,-0.0002538390571694693
2022-04-09,1.003996508868018,-0.003146480204739288,0.008959815699549019,2.1333021652698846e-08,0.00019664370925109864
2022-04-10,1.0038538935697294,-0.0032880808585463717,0.009821435890849349,4.308100956501651e-07,-0.00014204760377756198
2022-04-11,1.0047153269604996,-0.0024327761836061557,0.010763875393009902,4.712197510802763e-07,0.0008581262634759224
2022-04-12,1.004560911804071,-0.0025860927448052573,0.010807963145449155,2.2043876219626606e-08,-0.0001536904556801444
2022-04-13,1.0044082762505429,-0.002737642364187942,0.010807963145449155,8.780858056702725e-07,-0.00015194255692552172
2022-04-14,1.0046340346416385,-0.0025134901437378065,0.00905179153410861,8.743448502773407e-10,0.00022476755363110001
2022-04-15,1.0045917061184155,-0.0025555175183250567,0.009050042844408055,4.11208262555713e-09,-4.213327615754103e-05
2022-04-16,1.0046243615947923,-0.0025230943711535003,0.00904181867915694,8.04081388496294e-08,3.250621738160042e-05
2022-04-17,1.0044577925609983,-0.002688478340280631,0.00924894583709481,1.8397171781856394e-07,-0.00016580230398466345
2022-04-18,1.0049544707348301,-0.002195333810975475,0.009453579585751815,1.0231687432850269e-07,0.0004944739117085373
2022-04-19,1.0043183594739806,-0.0028269194228360828,0.00959989440900946,7.315741162882209e-08,-0.0006329752037257386
2022-04-20,1.0044387212904926,-0.0027074139271703324,0.00959989440900946,2.3203006244100488e-07,0.0001198442858036941
2022-04-21,1.004332703354495,-0.0028126775926582415,0.00913583428412745,2.252998826432085e-07,-0.00010554943148677332
2022-04-22,1.0047794572268465,-0.0023691021756104824,0.008811540328831538,6.31529049952527e-08,0.0004448265707783783
2022-04-23,1.0047322890488894,-0.002415934772938777,0.008829715314261185,9.08749271482344e-09,-4.694381201819642e-05
2022-04-24,1.0047913786636018,-0.002357265554580823,0.008829715314261185,1.9807941145190758e-07,5.881130263207801e-05
2022-04-25,1.006573217351119,-0.0016692117986523147,0.06838333307775976,2.9974888293201197e-05,0.001773341934807604
2022-04-26,1.006618000169549,-0.0016247956889740012,0.06838333307775976,2.9918740514619195e-05,4.449037353304597e-05
2022-04-27,1.006591240481604,-0.001651336252439961,0.008545852048521378,4.228225680900314e-08,-2.6583756642439837e-05
2022-04-28,1.0065118322131417,-0.0017300942780631434,0.008522430605614703,3.057153535566612e-08,-7.888829673396991e-05
2022-04-29,1.0066152718814374,-0.0016275016362156114,0.009160374725207683,3.1897205979648965e-07,0.00010277044440054617
2022-04-30,1.0067460040788754,-0.001497839952930402,0.00919168434562263,1.5654810207473523e-08,0.00012987305189393616
2022-05-01,1.0067716414578785,-0.0014724125082633543,0.00919168434562263,3.767763549523962e-09,2.5465588041173604e-05
2022-05-02,1.0065362281404375,-0.0017058981193471823,0.027515474215965972,9.165662698721195e-06,-0.0002338299051618531
2022-05-03,1.0065820091545064,-0.001660491987858559,0.028047406891168997,2.6596633760151213e-07,4.548372208512674e-05
2022-05-04,1.0063662309619958,-0.001874503258268212,0.028050697127354855,1.6451180929293042e-09,-0.0002143672254654172
2022-05-05,1.0073807826555536,-0.0008682593264398575,0.028233222799739374,9.126283619225947e-08,0.0010081336817040487
2022-05-06,1.007911538299763,-0.0005643396997561112,0.02824747402199731,7.125611128967063e-09,0.0005268669537361603
2022-05-07,1.0078566649359388,-0.0006187516144158245,0.02824747402199731,1.9306304317892945e-07,-5.444263880549638e-05
2022-05-08,1.0098297941391046,-2.5375044512609968e-05,0.029403563143189794,7.711076037751723e-07,0.0019577478344028343
2022-05-09,1.0230140185302163,-0.0032060360680817857,0.23572171276810577,0.00010315907481245799,0.013055887702694058
2022-05-10,1.0239513999960337,-0.015969443031347508,0.23572171276810577,6.445666270629952e-06,0.000916293861896289
2022-05-11,1.0314068087339756,-0.014248978663701672,0.22283038022684587,4.229361453342046e-06,0.007281018159621455
2022-05-12,1.0598190958301124,-0.023313740540483296,0.2168727389091008,1.2505407944695124e-06,0.027547119968129863
2022-05-13,1.0434914613234718,-0.038360625744624954,0.2360441716693092,9.585716380104193e-06,-0.015406058044134197
2022-05-14,1.0551452388759408,-0.027620977392300183,0.2360441716693092,2.868017463674072e-05,0.011168062206940554
2022-05-15,1.046266107911924,-0.035803624074755236,0.17868382239582775,5.192679598597483e-06,-0.008415079400326486
2022-05-16,1.0500486854207673,-0.03231775418171068,0.1682984631986328,2.2870948819837534e-06,0.0036153111337924315
2022-05-17,1.0461159696149005,-0.03594198543500848,0.16372427343466528,3.1373623214711183e-06,-0.0037452699674519474
2022-05-18,1.0546302222685644,-0.02809559579255083,0.15744954879172304,2.0383340705934507e-08,0.008138918533861839
2022-05-19,1.0487764829295574,-0.033490164357469654,0.15740878211031117,2.9996208397543857e-07,-0.005550513550061198
2022-05-20,1.053858861283928,-0.028806450765575753,0.15685031332919236,2.072769341603109e-08,0.004846007168448407
2022-05-21,1.0519575464939386,-0.030558625299509035,0.16386134482680056,3.505515748804103e-06,-0.00180414556430597
2022-05-22,1.0497771939819678,-0.03256794967156329,0.16386134482680056,2.67033381352616e-07,-0.0020726620758035885
2022-05-23,1.0445951936484548,-0.037343470835665915,0.16346151776333684,6.711984962075313e-08,-0.00493628587401318
2022-05-24,1.0474350280963398,-0.03472639468059191,0.16346151776333684,5.427091699609999e-05,0.0027185980417694378
2022-05-25,1.0472359091737384,-0.03490989459719873,0.16205232783721804,5.356632203304059e-05,-0.00019010145474873674
2022-05-26,1.0559315318971019,-0.02689636166052245,0.16205232783721804,1.265736376325738e-06,0.008303403891320338
2022-05-27,1.0645499187014915,-0.018954006211679086,0.15952085508456657,2.5039606330559685e-08,0.008161880334138782
2022-05-28,1.061529667493883,-0.021737347129193618,0.15947077587190545,1.274876807028008e-06,-0.002837115624684805
2022-05-29,1.0612175764477472,-0.022024957569183323,0.15692102225784943,9.107781680659649e-07,-0.00029400124715739384
2022-05-30,1.0509861736680415,-0.03145380306673262,0.1550994659217175,3.8066610126016863e-07,-0.009641192349973848
2022-05-31,1.0446711642235957,-0.03727345943734772,0.15433813371919716,2.1204474279498675e-07,-0.006008651305473234
2022-06-01,1.0528637615434515,-0.029723494294173203,0.1539140442336072,4.122825211758497e-06,0.00784227381823177
2022-06-02,1.0579353514194765,-0.025049722926006046,0.1456683938100902,1.5521793670217194e-06,0.0048169478913295816
2022-06-03,1.062253126159222,-0.021070636989223845,0.14256403507604676,8.091533238515775e-07,0.004081321920055947
2022-06-04,1.0608987109728019,-0.022318811047782217,0.1409457284283436,1.7505089478216109e-07,-0.001275039962759128
2022-06-05,1.0580980035964762,-0.02489982928191925,0.1409584346146025,1.8140398791161027e-07,-0.0026399385232143135
2022-06-06,1.0519631248257337,-0.030553484535357445,0.1409584346146025,6.440293352706627e-08,-0.005798025088313952
2022-06-07,1.0602443796272885,-0.022921816255756844,0.14082962874754837,5.829599223373533e-07,0.007872191150167573
2022-06-08,1.0572978222640004,-0.02563724391766231,0.13966370890287366,1.4720591676915252e-06,-0.002779130377773442
2022-06-09,1.058466409068696,-0.02456032175271694,0.1378329575893627,5.566835109360457e-07,0.001105257932148218
2022-06-10,1.0643926128736738,-0.019098972877374165,0.1391478412762998,6.574418434685536e-07,0.005598858645118776
2022-06-11,1.0833762604103006,-0.0016044138753744663,0.13914843637391727,2.975488087308964e-10,0.01783519286682611
2022-06-12,1.0820697902426706,-0.0091755008341049,0.13921481347124542,3.3188548664075943e-08,-0.0012059246776682242
2022-06-13,1.1145415463638844,-0.006559858562493526,0.1423675131853513,1.5763498570529334e-06,0.030008929566300857
2022-06-14,1.1103316749257335,-0.02215455504092345,0.14854632923473848,3.0894080246935962e-06,-0.003777222528745683
2022-06-15,1.1235061599313227,-0.011075286073971347,0.14854632923473848,1.769403008253194e-05,0.011865359966853006
2022-06-16,1.1230536183921984,-0.01147361901426025,0.11513599048185683,9.888607060911104e-07,-0.00040279399905363
2022-06-17,1.1260664896701134,-0.00882165058465223,0.11513599048185683,2.5357004320510426e-06,0.0026827492726733126
2022-06-18,1.1371272470462084,-0.001534973499617287,0.11099303028836191,4.642203353035848e-07,0.009822472720356412
2022-06-19,1.1261743180723098,-0.022022051372690643,0.11157352188942588,2.9024580053198244e-07,-0.00963210494019362
2022-06-20,1.1186998430913224,-0.028512939676274662,0.11157352188942588,4.877352145272116e-07,-0.0066370497542359574
2022-06-21,1.1148964263610255,-0.03181585436006673,0.11059805146037145,2.6894836720128545e-06,-0.003399854530942714
2022-06-22,1.124277654360842,-0.023669127900729725,0.10521908411634574,1.1592984728412346e-06,0.008414439025908882
2022-06-23,1.1220695581035696,-0.025586654711104218,0.10290048717066327,3.1518358256592274e-07,-0.001964013292189315
2022-06-24,1.111564671992899,-0.03470917402646423,0.10227012000553143,3.528893522629778e-07,-0.009362063193679826
2022-06-25,1.111217761181343,-0.03501043389218639,0.10156434130100547,6.76729066429536e-05,-0.0003120923328158165
2022-06-26,1.1124089248640252,-0.03397601870780986,0.03378147198490172,7.872685175411218e-07,0.0010719444237612397
2022-06-27,1.1113733726252217,-0.03487529978530324,0.032390909921081845,9.198748563118281e-08,-0.000930909682272496
2022-06-28,1.1113091201131586,-0.034931097132954725,0.032390909921081845,3.695407642929222e-08,-5.781361480139413e-05
2022-06-29,1.109158602526105,-0.0367986222083565,0.032395940376090906,3.946930393382286e-08,-0.0019351209741126363
2022-06-30,1.1064432048234967,-0.039156693274521426,0.032409658088067714,6.858855988403634e-09,-0.0024481599803871656
2022-07-01,1.1034341899652877,-0.04176974360891139,0.09885400829380278,6.563183319093524e-05,-0.0027195384680265278
2022-07-02,1.1037171894951239,-0.04152398476393493,0.0988939579941546,1.9974850175907832e-08,0.00025647159785879836
2022-07-03,1.1038727324061046,-0.04138891017151758,0.0988939579941546,1.715676524518539e-07,0.00014092641888896473
2022-07-04,1.097595288805393,-0.04684028773956239,0.09857292063423573,1.104897249241954e-08,-0.0056867457782274755
2022-07-05,1.0993105005767254,-0.04535078539283832,0.09857292063423573,2.0113954651401757e-08,0.0015626996478834698
2022-07-06,1.0953349482637809,-0.0488031838655093,0.09853269272493292,9.340315722805026e-07,-0.0036164052930063306
2022-07-07,1.0874118500623595,-0.055683659828646315,0.09712495037072713,2.30160395177606e-07,-0.00723349347519886
2022-07-08,1.0859038911427634,-0.0569931822952261,0.09731967363219833,9.736163073559984e-08,-0.0013867412972432547
2022-07-09,1.087572721314244,-0.05554395806632895,0.09731967363219833,1.1290955655412424e-06,0.0015368120374996685
2022-07-10,1.0920147437338632,-0.051686473568607894,0.09517930215921694,5.890982905054632e-08,0.004084345196015082
2022-07-11,1.093760890674329,-0.050170106896562205,0.09518012955481917,4.13697801113222e-10,0.001599014070537974
2022-07-12,1.100012720402478,-0.04474097260128884,0.09518012955481917,2.5103922877842132e-08,0.005715901694280934
2022-07-13,1.101421900552153,-0.043517230335185286,0.10066176529027918,2.7659217906078475e-06,0.0012810580491822154
2022-07-14,1.093220294104039,-0.05063956488043109,0.10066176529027918,4.7476490283007015e-07,-0.007446380396106234
2022-07-15,1.0837250109027816,-0.05888533770421234,0.12498662904963327,1.2637196782507118e-05,-0.008685608246086773
2022-07-16,1.0781138423906977,-0.06375811715121948,0.12498662904963327,2.1773440715497153e-06,-0.0051776681867024
2022-07-17,1.0697379243043137,-0.07103182518783469,0.1264966448811453,2.932351987305723e-06,-0.007769047902967285
2022-07-18,1.075224441054353,-0.06626729423538202,0.1264966448811453,8.413674925182577e-05,0.005128841957817709
2022-07-19,1.0758849715956444,-0.06569368472092985,0.04177685362250624,2.3082255831865725e-07,0.0006143187562255292
2022-07-20,1.0775672970327081,-0.06423274110548738,0.04131520850586892,1.4598995108203173e-07,0.0015636666386042997
2022-07-21,1.075132768892959,-0.0663469030054521,0.042217867437460505,5.973194168778229e-07,-0.002259281760362275
2022-07-22,1.0771110020263002,-0.06462899099964192,0.04262603621920351,2.0408439087150204e-07,0.001839989618565241
2022-07-23,1.0756956174094083,-0.06585812127009227,0.04262603621920351,5.487275535239859e-07,-0.0013140564103687469
2022-07-24,1.0784151391465047,-0.06349646886245675,0.04385628595828874,1.1638524230666025e-06,0.0025281517309176937
2022-07-25,1.0759152135561185,-0.06566742238303758,0.04385628595828874,3.0656809320307386e-07,-0.002318147714771235
2022-07-26,1.0707777748656135,-0.07012881141589955,0.044663802708588225,7.103264683528156e-07,-0.004774947529112783
2022-07-27,1.0747467144891771,-0.06668215545066447,0.044663802708588225,6.012026823856605e-07,0.003706595072037855
2022-07-28,1.0812960563372114,-0.06099465947192184,0.043461397343816904,1.7223779138222442e-06,0.006093846819661852
2022-07-29,1.0812045717745238,-0.06107410532991431,0.040016641516172416,5.708170157593604e-07,-8.460639632701383e-05
2022-07-30,1.0815751205264914,-0.060752318105236625,0.038875007484653695,1.8399175321668731e-06,0.0003427184472244438
2022-07-31,1.0810476250740604,-0.06121039898330338,0.03609557576687858,4.50201673279315e-07,-0.00048771041642448054
2022-08-01,1.0801394275753708,-0.06199908428047585,0.03774052712000747,8.224756765644465e-07,-0.0008401086849693096
2022-08-02,1.0791231359698414,-0.06288163928429091,0.03774052712000747,9.13430250442035e-08,-0.0009408892774219746
2022-08-03,1.0798184989018553,-0.062277781069013494,0.037557841069919065,1.120383821272622e-07,0.0006443777441529353
2022-08-04,1.078851011075285,-0.06311795451709112,0.03733376430566454,1.3887719561787165e-07,-0.0008959726357294917
2022-08-05,1.0802431278406806,-0.06190903021769689,0.03741656860269971,1.802793441354547e-07,0.0012903698018573717
2022-08-06,1.0803938141327578,-0.06177817314837197,0.03741656860269971,1.637641118087331e-05,0.00013949294208903673
2022-08-07,1.0803473322570665,-0.06181853834646556,0.004666524149332224,1.388954189568241e-09,-4.302308573100877e-05
2022-08-08,1.0805748720423523,-0.06162094114603767,0.0047573601757353555,4.541801320156591e-08,0.0002106172510463189
2022-08-09,1.0803114981846886,-0.06184965691490796,0.0047573601757353555,5.477755145925217e-09,-0.00024373494560980813
2022-08-10,1.0807606060047539,-0.06145964842551921,0.004746404665443505,2.8589569503263865e-09,0.0004157206702188887
2022-08-11,1.0809119858029597,-0.06132818911044058,0.004740686751542852,1.326452843494275e-08,0.00014006783496722797
2022-08-12,1.08093269272619,-0.06131020706807089,0.004714157694672967,5.2410056653945555e-08,1.9156900379790898e-05
2022-08-13,1.081175474555133,-0.06109937356634443,0.004758262168313837,7.446229347438062e-08,0.00022460402074964136
2022-08-14,1.08116826316457,-0.061105635990230556,0.004782295013978866,1.2016422832514338e-08,-6.669953892424196e-06
2022-08-15,1.0809924483092148,-0.06125831488622313,0.0048421456121979746,2.992529910955449e-08,-0.00016261562732344803
2022-08-16,1.0809144055103648,-0.061326087818974084,0.004906202782293126,3.202858504757584e-08,-7.219550790737994e-05
2022-08-17,1.080759575993766,-0.061460542894534065,0.004906202782293126,2.4248460014939922e-08,-0.0001432393867704107
2022-08-18,1.0808808412949775,-0.06135523522713726,0.004897320930772603,1.9807534254678417e-08,0.0001122037721394964
2022-08-19,1.0803352455720203,-0.06182903451145305,0.005224241150221938,1.6346010972466753e-07,-0.0005047695380606676
2022-08-20,1.0801267438947029,-0.062010098880792675,0.005224241150221938,3.796959544326295e-09,-0.00019299719987464492
2022-08-21,1.08024722872716,-0.061905468978124656,0.01475430464647635,9.985475938804818e-06,0.00011154693941040073
2022-08-22,1.0805434002275665,-0.061648271498337404,0.014904560221687943,7.512778760579691e-08,0.00027417010896280125
2022-08-23,1.0800158427999655,-0.06210640619609131,0.015039289722156693,6.736475023437494e-08,-0.0004882334457730897
2022-08-24,1.0795792307001963,-0.06248556331131394,0.015104240673996114,3.247547591971045e-08,-0.0004042645324882077
2022-08-25,1.0793950539155384,-0.06264550376738198,0.015306653237685965,1.012062818449254e-07,-0.0001706005260351251
2022-08-26,1.0804704342736104,-0.06171163566214788,0.015573121507159098,1.3323413473656682e-07,0.000996280605669364
2022-08-27,1.0819429724698746,-0.06043287280870013,0.017096322534250634,7.616005135457679e-07,0.001362867645013921
2022-08-28,1.0817094722047427,-0.06063564613307193,0.017287679561895,9.56785138221828e-08,-0.00021581568629280845
2022-08-29,1.0811909055218913,-0.06108597320285403,0.02015841644734642,1.4353684427257096e-06,-0.0004793955273361128
2022-08-30,1.081136375090018,-0.06113332782553138,0.02015841644734642,3.1262529742859606e-08,-5.043552585448641e-05
2022-08-31,1.0805957886521074,-0.06160277701036854,0.0200958913878607,6.483306212562434e-08,-0.0005000168807248739
2022-09-01,1.0809007113816218,-0.061337979899730444,0.01998070062176091,7.237679075729892e-09,0.0002821801942156643
2022-09-02,1.0795251142898175,-0.0625325583947216,0.01998070062176091,3.138233544169519e-08,-0.001272639639630313
2022-09-03,1.080700252087792,-0.061512060204898966,0.020006767680964363,4.441586504342135e-08,0.0010885692073423492
2022-09-04,1.0805319352681746,-0.06165822775225582,0.020006767680964363,3.8876088382765704e-07,-0.00015574792296879636
2022-09-05,1.0800157424450758,-0.06210649334500562,0.01922924591330905,2.186708815460764e-07,-0.0004777210244824026
2022-09-06,1.0791280044376839,-0.06287741147149406,0.019005121929913465,1.066088898482847e-07,-0.000821967655195821
2022-09-07,1.0785930145878007,-0.06334200053868289,0.019005121929913465,1.2672592693890377e-05,-0.0004957612513867282
2022-09-08,1.0789644550132578,-0.06301943897827755,0.006340063457867289,5.622764119824798e-08,0.0003443749592584311
2022-09-09,1.0793176790836467,-0.06271269663277979,0.006227608175470793,9.983891151513821e-08,0.00032737322230014243
2022-09-10,1.0793073774690063,-0.06272164262967561,0.006027930352440517,2.2114105777050042e-08,-9.544562121877043e-06
2022-09-11,1.079515066393168,-0.06254128406107318,0.006246585403473399,1.3144163129349094e-07,0.00019242796676510743
2022-09-12,1.07927614649808,-0.06274876383142025,0.0063051256817582575,2.927013914242943e-08,-0.00022132150122367023
2022-09-13,1.0788318227000624,-0.0631346178413531,0.0063051256817582575,3.170754029865539e-08,-0.00041168685091219626
2022-09-14,1.0788413457782744,-0.06312634793114036,0.006332473220516945,4.538130967799911e-08,8.82721292483346e-06
2022-09-15,1.0784277771397273,-0.06348549393744884,0.006332473220516945,1.1127407471911173e-07,-0.0003833451880250749
2022-09-16,1.0782448654338197,-0.06364433578995143,0.0061503310446139655,2.020298676762202e-08,-0.00016960960185830043
2022-09-17,1.078275551865616,-0.06361768746993812,0.01791390160024095,1.2032116322427459e-05,2.8459613190756627e-05
2022-09-18,1.0786242794215457,-0.06331484993022063,0.0179255301305832,5.814265171124461e-09,0.00032341228113996756
2022-09-19,1.0796567827904529,-0.06241821651346591,0.018071595201311526,7.303253536416338e-08,0.0009572409861382525
2022-09-20,1.0790875918691745,-0.06291250603919585,0.019520581185576025,7.244929921322498e-07,-0.0005271961704428341
2022-09-21,1.0795882847104028,-0.06247770074316039,0.019520581185576025,1.3134044633917977e-07,0.00046399647721284687
2022-09-22,1.0806218675122883,-0.06158012993897566,0.019257900292897666,9.617704952144188e-08,0.0009573860855329741
2022-09-23,1.0802285694970732,-0.0619216727889117,0.019065546193854782,1.624291588086385e-08,-0.00036395526228027997
2022-09-24,1.0794989036297369,-0.06255531992210372,0.019033060362093054,7.26232847253587e-08,-0.0006754735876667306
2022-09-25,1.0799382729798863,-0.06217376839064592,0.018978836779838214,4.551149359793838e-08,0.0004070123171717732
2022-09-26,1.0797093340417319,-0.06237258062557638,0.018978836779838214,1.3601563402451145e-07,-0.000211992614651213
2022-09-27,1.0790607531819214,-0.062935812949931,0.019290977076343606,2.9208578227720754e-07,-0.0006006995025040762
2022-09-28,1.0795879508221533,-0.06247799069413873,0.020466824178979846,5.879235513181203e-07,0.000488570860056825
2022-09-29,1.0796472592025474,-0.062426486866300146,0.020466824178979846,1.0293286807728196e-07,5.493612664597691e-05
2022-09-30,1.079222506787511,-0.06279534494525452,0.020318162984946243,2.8602271060480453e-08,-0.00039341776808821116
2022-10-01,1.0796829504060546,-0.06239549236622166,0.020326847077268947,4.342046161351712e-09,0.0004266438252027438
2022-10-02,1.080173421291375,-0.061969563890860835,0.020382705076749063,2.792899974005808e-08,0.0004542730670533679
2022-10-03,1.0797356845831405,-0.062349697624234146,0.020382705076749063,1.8173765857627118e-08,-0.00040524669428709803
2022-10-04,1.0791221469186698,-0.06288249818350433,0.021470309008589334,5.619757317777626e-07,-0.0005682294965630996
2022-10-05,1.0795350187742752,-0.06252395726855786,0.021933003247747704,2.313471195791849e-07,0.00038259974256438234
2022-10-06,1.0789763098721998,-0.06300914413276082,0.021933003247747704,1.1359192612998836e-07,-0.0005175458807334943
2022-10-07,1.0794431876271886,-0.0626037041029569,0.021924849511129656,1.095150578209643e-07,0.00043270436126796596
2022-10-08,1.079616595476149,-0.062453115468781295,0.022366998518706275,2.2107450378830962e-07,0.00016064564670892345
2022-10-09,1.0795823160755835,-0.06248288394894219,0.02406791971181918,8.504605965564526e-07,-3.175145761180609e-05
2022-10-10,1.0799490193373067,-0.06216443617589329,0.025550264429429943,7.411723588053813e-07,0.00033967142317270493
2022-10-11,1.080275762309024,-0.0618806902086122,0.02738814959585388,9.18942583211969e-07,0.00030255407048462857
2022-10-12,1.0801316335656537,-0.06200585265506264,0.027401550136358865,6.7002702524923685e-09,-0.00013341847369208182
2022-10-13,1.0810757957834982,-0.061185935334838626,0.028337853777595793,4.681518206184638e-07,0.0008741177357509677
2022-10-14,1.0797653976156787,-0.062323894611198916,0.028637391030850917,1.4976862662756212e-07,-0.0012121242311857738
2022-10-15,1.080377849346554,-0.06179203708454184,0.030700993690696225,1.031801329922654e-06,0.0005672081474608071
2022-10-16,1.080374413249054,-0.061795021016540885,0.030700993690696225,8.435919440010417e-07,-3.1804590453488046e-06
2022-10-17,1.0792495231506791,-0.06277188373946552,0.031516764649242926,1.251477423274392e-06,-0.0010412039424271269
2022-10-18,1.0797934526082666,-0.06229953145208611,0.0320036904805095,2.434629156332878e-07,0.0005039886012609962
2022-10-19,1.079869496291658,-0.06223349456570393,0.0320036904805095,5.48368804615753e-07,7.04242864280058e-05
2022-10-20,1.0799827864403928,-0.0621351125785804,0.0309676052107939,3.032616975795141e-08,0.00010491096296116886
2022-10-21,1.0800298029048119,-0.062094283139756956,0.03348433044584774,1.258362617526921e-06,4.353445722315996e-05
2022-10-22,1.0795002068767738,-0.06255418817292124,0.03426237771297768,3.890236335649701e-07,-0.0004903531611942791
2022-10-23,1.079560295056139,-0.0625020071619985,0.034874689728266725,3.061560076445223e-07,5.5662962350488954e-05
2022-10-24,1.0786855547384446,-0.06326163800045037,0.03860574953275672,1.8655299022449988e-06,-0.0008102746291289709
2022-10-25,1.076627328331739,-0.06504901674523134,0.03904263862340337,2.184445453233229e-07,-0.0019080874844953355
2022-10-26,1.078329359481917,-0.063570960545548,0.03904263862340337,2.6249974738275516e-05,0.00158089164689601
2022-10-27,1.078135963467496,-0.06373890704763108,0.013457310853147662,4.5897148472585654e-07,-0.0001793478149527683
2022-10-28,1.0781062008981843,-0.06376475307875995,0.012539367883695949,1.6206705946569567e-06,-2.7605580668499385e-05
2022-10-29,1.0787205993640547,-0.06323120499330881,0.009347135327955974,2.4554316786969468e-08,0.0005698867749410752
2022-10-30,1.0784360655863545,-0.06347829619026202,0.009509257894407151,8.106128322558828e-08,-0.00026376967110675054
2022-10-31,1.078331830992334,-0.06356881426797023,0.009509257894407151,2.7323198355170936e-07,-9.665347565979143e-05
2022-11-01,1.078365558059246,-0.06353952543836139,0.008962793927303732,8.813477600987541e-08,3.127707625982801e-05
2022-11-02,1.0782735970659507,-0.06361938503215014,0.00885863503575285,3.605533023443453e-08,-8.527812540937152e-05
2022-11-03,1.0781880289201442,-0.0636936930307973,0.008999489385573965,7.042717491055704e-08,-7.935661787328296e-05
2022-11-04,1.0787007937241826,-0.06324840435467105,0.008999489385573965,7.19644571600675e-09,0.0004755801310025731
2022-11-05,1.0787651662941329,-0.06319250274787935,0.009025114019269455,2.0008762563751904e-08,5.967601982481696e-05
2022-11-06,1.0786958299491283,-0.06325271493294227,0.009025114019269455,1.400058990507439e-07,-6.427380784146397e-05
2022-11-07,1.0785144519596717,-0.06341022489495118,0.00879218313078159,2.354045480681185e-08,-0.00016814562959044377
2022-11-08,1.0777133751405101,-0.06410588581682108,0.008877434916407493,4.2625892812951305e-08,-0.0007427594666935544
2022-11-09,1.0839341906033428,-0.058703684534568534,0.026385935546917552,1.7631685231662523e-05,0.005772235555690619
2022-11-10,1.0566472928131725,-0.08239982455213934,0.18503654561443267,7.932530503375756e-05,-0.025173943240025975
2022-11-11,1.0575004204802363,-0.08165896229630287,0.18503654561443267,8.52122642592945e-05,0.0008073911444921311
2022-11-12,1.0573102377725125,-0.0818241183395364,0.014612017095843659,6.017229897409141e-07,-0.00017984173248075663
2022-11-13,1.0577710561259834,-0.08142394033797384,0.013408571116361831,6.866912994607857e-08,0.00043584024537546284
2022-11-14,1.0561411414794732,-0.08283937004263986,0.10665353010374415,4.669114862363724e-05,-0.0015408954868517677
2022-11-15,1.05435105704178,-0.08439389235606076,0.10703968811991049,1.9307900808317181e-07,-0.0016949291788610488
2022-11-16,1.0608211993882295,-0.07877517379911614,0.10711289592195275,3.660390102112887e-08,0.00613661104926555
2022-11-17,1.0607241149487965,-0.07885948263070341,0.10711289592195275,6.357485849085853e-08,-9.151819316488563e-05
2022-11-18,1.0589503036767278,-0.08039987320902797,0.10698574620497103,4.91062108656938e-07,-0.001672264490899189
2022-11-19,1.0590953186511318,-0.08027394115311803,0.10607829492171107,3.73364670269577e-08,0.00013694219068249858
2022-11-20,1.0620939900003945,-0.07766987319694296,0.10607829492171107,8.237472132061746e-08,0.002831351717313524
2022-11-21,1.0665160841898467,-0.07382969451888555,0.10591382206605726,1.3829349371219378e-10,0.004163562011544775
2022-11-22,1.065932456996255,-0.07433652060823281,0.10591382206605726,1.479831024981948e-07,-0.0005472277467215569
2022-11-23,1.0632923161056005,-0.0766292381128808,0.10561785586106087,2.3749944163824199e-07,-0.0024768369452817796
2022-11-24,1.059994015918,-0.07949350592618709,0.10514285697778439,1.6026488400808226e-08,-0.003101969362183321
2022-11-25,1.0605163577970673,-0.07903990044862041,0.10511080400098277,3.1550280617423376e-08,0.000492778139518979
2022-11-26,1.060247292069291,-0.0792735590787933,0.10504770343974792,4.590484795320153e-05,-0.000253712001513251
2022-11-27,1.0601602166595356,-0.07934917599638924,0.014153476254668125,4.5773436066163035e-07,-8.21274531006555e-05
2022-11-28,1.0608362547899026,-0.07876209957907065,0.014153476254668125,2.550307210794512e-08,0.0006376754378654148
2022-11-29,1.056174926399016,-0.0828100309733869,0.11271685748660529,4.9307193688076524e-05,-0.004394013090936122
2022-11-30,1.0504012709869353,-0.08782391522325406,0.11492749147466866,1.1053169940316854e-06,-0.005466571178475488
2022-12-01,1.050305831971897,-0.0879067951563588,0.11492749147466866,5.983165622816883e-05,-9.085957687915425e-05
2022-12-02,1.0505274619982854,-0.08771433003343487,0.03727902340193873,1.6271601210134866e-05,0.0002110147536473761
2022-12-03,1.0504493593700492,-0.08778215492245878,0.03727902340193873,1.630970874608802e-05,-7.434610808909614e-05
2022-12-04,1.0504068409335303,-0.08781907824121882,0.004659605909762696,1.8290165425282648e-09,-4.047642672022622e-05
2022-12-05,1.050569446944563,-0.08767787000147098,0.037249879904472025,1.6296966013897192e-05,0.00015480288655567165
2022-12-06,1.0501851692561055,-0.08801157953420502,0.037970507158114834,3.603136268214048e-07,-0.00036578037708367983
2022-12-07,1.0501150993089419,-0.08807242878470534,0.037970507158114834,1.6611805104088643e-05,-6.672151656228476e-05
2022-12-08,1.048563724785652,-0.08941965367652915,0.11392508879204857,5.9335992870993064e-05,-0.0014773376026235852
2022-12-09,1.0458480461972057,-0.09177796866599364,0.11396024909843316,1.7580153192295334e-08,-0.0025899032402665334
2022-12-10,1.0457850492859087,-0.09183267564082997,0.11769512408984045,1.8674374957036443e-06,-6.0235243087514156e-05
2022-12-11,1.0465014433976783,-0.0912105537964637,0.18628495895645208,3.429491743330582e-05,0.0006850299803518034
2022-12-12,1.051568612928879,-0.08681018701137033,0.2533888569635742,3.355194900356107e-05,0.004842009118259272
2022-12-13,1.0347931889675535,-0.10137808689132233,0.26947514022173413,8.043141629079958e-06,-0.015952762145116872
2022-12-14,1.0344326506973647,-0.10169118094099339,0.26947514022173413,0.00014031096120617852,-0.00034841577431354853
2022-12-15,1.03387975177573,-0.1021713223760281,0.011146782190622937,3.3103554830716043e-07,-0.0005344948472619793
2022-12-16,1.0332995898454551,-0.10267513920556937,0.010486790293263937,1.0395996276604466e-09,-0.0005611502974861571
2022-12-17,1.033894713283869,-0.102158329693809,0.029466091021535336,1.9976440657399638e-05,0.0005759447156081787
2022-12-18,1.0337290491124276,-0.1023021936622438,0.029777104014542727,1.555064965036955e-07,-0.00016023311591895073
2022-12-19,1.0338848164725492,-0.10216692415656414,0.029777104014542727,1.3873740395704478e-07,0.0001506849016752465
2022-12-20,1.0329179677083644,-0.10300654263822939,0.029652234808985198,7.630280117828029e-08,-0.0009351610051511194
2022-12-21,1.0329626232867082,-0.1029677634100028,0.029652234808985198,7.152985086592012e-09,4.3232453823538464e-05
2022-12-22,1.0336864945484092,-0.10233914835438651,0.029637928838812014,7.463135064041463e-08,0.0007007719789429157
2022-12-23,1.0328112165365253,-0.10309924613037391,0.03077775451429752,6.445441883831671e-07,-0.0008467538431637944
2022-12-24,1.0328186509422435,-0.10309279003850891,0.03077775451429752,2.5465022133866826e-07,7.198223256787983e-06
2022-12-25,1.0330104296982485,-0.10292624797536787,0.030268454071620182,7.311817114671362e-08,0.00018568483037118
2022-12-26,1.032890445994399,-0.10303044269431716,0.030712072273202395,2.9492727193781985e-07,-0.00011614955706473751
2022-12-27,1.0329929654448853,-0.10294141405969814,0.030712072273202395,5.8984420033582346e-09,9.925491216167259e-05
2022-12-28,1.0335795587353007,-0.10243201219034903,0.030939276085096678,1.1950034795049981e-07,0.0005678579719663457
2022-12-29,1.033257092160387,-0.10271204450361904,0.03095672871429639,8.726314599855415e-09,-0.00031199008551419105
2022-12-30,1.033420293779118,-0.10257031903382463,0.03246929943396891,7.562853598362604e-07,0.00015794870412322304
2022-12-31,1.0331917255044385,-0.10276880938190402,0.03378960868106878,6.60154623549937e-07,-0.00022117649136454975
2023-01-01,1.0333959638327237,-0.10259144733579617,0.03645640115721747,1.333396238074342e-06,0.00019767708474827117
2023-01-02,1.0326936549207455,-0.10320133749047034,0.03645640115721747,2.5354355827761353e-08,-0.0006796125943543396
2023-01-03,1.0329046800417245,-0.10301808174434646,0.03646947776130786,3.1892657872956145e-08,0.00020434435708893695
2023-01-04,1.0315774983708232,-0.10417061593655352,0.03646947776130786,2.5560770293436493e-07,-0.0012849023695445938
2023-01-05,1.031538528419216,-0.10420445772527065,0.03595826235543913,2.398029857386237e-05,-3.777704696739104e-05
2023-01-06,1.031663410412039,-0.10409600929663787,0.012002334792285619,2.530985618619036e-07,0.0001210638181483592
2023-01-07,1.0316850285701333,-0.10407723593130103,0.01152193299424862,1.2897662843403858e-08,2.0954662024674775e-05
2023-01-08,1.0317767081355318,-0.10399762073153962,0.011592654620427337,3.536081308935877e-08,8.886390987550286e-05
2023-01-09,1.032343304153444,-0.10350558463871995,0.011649088925380122,2.8217152476392276e-08,0.0005491459668012233
2023-01-10,1.0323256853568359,-0.10352088492952538,0.01182061820738537,8.576464100262457e-08,-1.706679990609583e-05
2023-01-11,1.0322373830058964,-0.10359756733174763,0.01182061820738537,3.8738377839894755e-07,-8.553729912119667e-05
2023-01-12,1.032771081364574,-0.10313409980489197,0.01105150320009455,2.826274753536806e-09,0.0005170306437920491
2023-01-13,1.0330745085320747,-0.10287060145115745,0.011170293784210009,5.9395292057729845e-08,0.00029379905477000534
2023-01-14,1.0339558654235759,-0.102105224732006,0.011632420091053293,2.310631534216418e-07,0.000853139714729112
2023-01-15,1.0342039645041887,-0.1018897736903508,0.011632420091053293,9.516501025598565e-08,0.00023995132568521704
2023-01-16,1.0341619324837963,-0.10192627460181747,0.011442090070541321,2.1745658582924059e-07,-4.06419060783314e-05
2023-01-17,1.0343450768809106,-0.10176723067858273,0.01240733567439856,7.000793877578598e-07,0.0001770945065360241
2023-01-18,1.0341753622272876,-0.10191461211513186,0.012722268004007284,1.574661648043622e-07,-0.00016407933620321558
2023-01-19,1.0340382797721506,-0.10203365551375698,0.012722268004007284,1.2506341201265828e-09,-0.00013255242789822486
2023-01-20,1.0342904978017224,-0.10181462754694126,0.012719766735767031,7.266956852791576e-08,0.00024391556337799436
2023-01-21,1.0349857348211666,-0.10121087867505285,0.012639648391866945,3.261039657787273e-08,0.0006721873795840771
2023-01-22,1.0348985036534235,-0.10128663085401557,0.012639648391866945,7.498836257893541e-09,-8.428248313951947e-05
2023-01-23,1.0347930040613875,-0.10137824746517832,0.012624650719351158,1.6423955906248126e-07,-0.00010194196983326353
2023-01-24,1.034796360564169,-0.10137533265381027,0.012296171601226195,5.380697259258285e-09,3.2436465711160878e-06
2023-01-25,1.0341975444170137,-0.10189534894063368,0.012285410206707679,5.4189147421859936e-08,-0.000578680182864777
2023-01-26,1.0345774485382428,-0.10156543744541269,0.012247135712110462,3.505190012325146e-08,0.0003673419292844482
2023-01-27,1.0344700577008128,-0.10165869642779735,0.012247135712110462,6.139516625832554e-07,-0.00010380164151357896
2023-01-28,1.0345000293731708,-0.10163266881006605,0.011019232386943951,4.79902927081775e-08,2.897297232751228e-05
2023-01-29,1.0347422705072935,-0.10142230485164438,0.011054798276793855,6.577323763312919e-08,0.00023416252029906381
2023-01-30,1.0345551668697157,-0.10158478700802342,0.011054798276793855,7.560265202921461e-09,-0.0001808214885089532
2023-01-31,1.034589994908772,-0.1015545420862165,0.011067833262513977,1.4077758062982539e-08,3.366474807098285e-05
2023-02-01,1.034500721789117,-0.10163206751103471,0.011067833262513977,1.0966205914701103e-07,-8.628840419400152e-05
2023-02-02,1.035216866456095,-0.10101016228633508,0.010903126225204826,2.7308540492435725e-08,0.0006922611573836335
2023-02-03,1.0351254999803383,-0.10108950559677998,0.010903126225204826,3.200039821675462e-08,-8.825829515846095e-05
2023-02-04,1.035237403126174,-0.10099232809303738,0.010839125428771317,3.5856190266887224e-07,0.00010810587299281416
2023-02-05,1.0350146893210452,-0.10118573437728262,0.010196098333705148,3.704835513578756e-08,-0.00021513307426845873
2023-02-06,1.035039414213975,-0.10116426310087423,0.010252525141805538,2.8213404050195234e-08,2.3888446399666918e-05
2023-02-07,1.0349338345539236,-0.10125594924368242,0.010252525141805538,1.1906983819967056e-07,-0.00010200544887573049
2023-02-08,1.0350798354936837,-0.10112916096830371,0.010015319811862992,4.671732283974273e-10,0.00014107272841146212
2023-02-09,1.0349505055904706,-0.10124147199459044,0.010015319811862992,4.294391077280975e-08,-0.00012494679036378908
2023-02-10,1.0342145390440312,-0.10188059068322941,0.010307950691763018,1.8925935072282296e-07,-0.0007111127947301288
2023-02-11,1.0341736675398543,-0.10191608379399453,0.03067121897580793,2.0489584833785478e-05,-3.9519367241558356e-05
2023-02-12,1.0339301634771072,-0.10212754448879657,0.03067121897580793,1.785236390846044e-06,-0.0002354576125749297
2023-02-13,1.035073123417134,-0.10113498978427804,0.028095249316758907,4.972515613215316e-07,0.0011054517804094388
2023-02-14,1.0337197059188596,-0.10231030735932656,0.028399677619737395,1.5221415148924423e-07,-0.0013075573770172655
2023-02-15,1.033006665499967,-0.1029295168324662,0.030592390751232608,1.0963565657476064e-06,-0.0006897811996965375
2023-02-16,1.0303321294436825,-0.105252103348497,0.030592390751232608,6.118747244426119e-07,-0.0025890791856485462
2023-02-17,1.0299318822221784,-0.1055996809395936,0.029368641302347384,1.952642405386996e-05,-0.00038846427289396246
2023-02-18,1.030052719508224,-0.10549474496367206,0.00968420680539253,6.430227459297685e-07,0.00011732551261678381
2023-02-19,1.0301354698860514,-0.10542288393518207,0.008398161313532992,5.93358785613415e-08,8.033606072821442e-05
2023-02-20,1.030118402665027,-0.10543770523374874,0.008291966082953444,6.238263271567297e-09,-1.6567938414757677e-05
2023-02-21,1.029944525775411,-0.10558870118623276,0.008322009674565013,1.5021795805784598e-08,-0.00016879311073858538
2023-02-22,1.0296292929125215,-0.10586245169149755,0.008696715632699335,1.8735297906716069e-07,-0.0003060678075404999
2023-02-23,1.0298610701564224,-0.1056611746512639,0.008696715632699335,3.172819917565423e-08,0.00022510746877446586
2023-02-24,1.0295835689628143,-0.10590215870116748,0.008633259234348026,9.13298197681078e-08,-0.0002694549795585477
2023-02-25,1.029552347510112,-0.10592927163721744,0.00845059959481181,4.654773938281981e-08,-3.0324350198784877e-05
2023-02-26,1.0295963322929444,-0.1058910749326798,0.008550033314197243,9.626459907553613e-08,4.272224033763372e-05
2023-02-27,1.0298141716450697,-0.10570190165878868,0.008674891127409283,6.242890660602008e-08,0.00021157743602273626
2023-02-28,1.0297989746062528,-0.10571509887755748,0.008688481113362768,6.794992976742569e-09,-1.475706902820395e-05
2023-03-01,1.029889505415215,-0.10563648126621994,0.008688481113362768,4.204335457399372e-08,8.791114692274782e-05
2023-03-02,1.0297339368965241,-0.10577157809655857,0.008664140900592116,2.987324818866724e-08,-0.00015105360125622358
2023-03-03,1.029396354079411,-0.1060647374642284,0.008702282289930582,1.90706946692331e-08,-0.0003278349921423951
2023-03-04,1.0293707181313008,-0.10608699990756576,0.008702282289930582,2.8025285999900943e-08,-2.4903865268655068e-05
2023-03-05,1.0294096203574383,-0.10605321693213776,0.00864623171793078,1.069167146527392e-07,3.779224088495958e-05
2023-03-06,1.0294578703080508,-0.10601131632495464,0.009099858118855915,3.3372991511530693e-07,4.6871478234677966e-05
2023-03-07,1.0293645641057354,-0.10609234410801649,0.009100240214975621,1.910480598530523e-10,-9.063625137784026e-05
2023-03-08,1.029361923161144,-0.10609463752346071,0.009119615494651366,9.687639837872332e-09,-2.565606670112963e-06
2023-03-09,1.0292013312254549,-0.10623409672556727,0.009176691390037257,2.8537947692945306e-08,-0.00015601114834129515
2023-03-10,1.0284607907747951,-0.10687718742581653,0.009179116679024048,1.212644493395719e-09,-0.0007195292390214103
2023-03-11,1.0281160881979954,-0.10717652964445468,0.02744774130527864,1.8313428992151344e-05,-0.0003351635569338596
2023-03-12,1.0275799567506398,-0.10764211008317126,0.02744774130527864,1.3130064138347635e-06,-0.0005214697576589877
2023-03-13,1.024141759729424,-0.11062786532179258,0.024821728477609113,2.810092062223782e-08,-0.0033459167811040746
2023-03-14,1.0224884164169084,-0.11206364065000152,0.02655203502317542,8.93254193405392e-07,-0.0016143695897670174
2023-03-15,1.0219619484364446,-0.11252082926395712,0.02655203502317542,1.6700669136192276e-05,-0.0005148889434942738
2023-03-16,1.0220802139411824,-0.11241812664158257,0.006849303249209125,1.1460298541128523e-07,0.00011572398064596534
2023-03-17,1.022292660892065,-0.11223363616805448,0.006620097278386554,1.6734425691112848e-07,0.0002078574147017509
2023-03-18,1.0225564046745923,-0.11200459915374861,0.006385214808072841,4.9903021754271574e-08,0.0002579924444530146
2023-03-19,1.0225853862725327,-0.11197943132382493,0.006385214808072841,1.577972016148779e-08,2.8342297610839395e-05
2023-03-20,1.022472297161239,-0.1120776387285759,0.006759869491459004,2.0310706185456932e-07,-0.00011059136265045844
2023-03-21,1.0226717749869874,-0.11190441073741031,0.0068383573301681435,3.9243919354569905e-08,0.00019509362385705664
2023-03-22,1.0226510276761958,-0.11192242785263118,0.0068383573301681435,8.75149594486025e-09,-2.028736032344547e-05
2023-03-23,1.0227769521147554,-0.11181307415655739,0.006820854338278423,2.4024443633894036e-08,0.0001231352975301636
2023-03-24,1.0225113981260037,-0.11204368316708224,0.006772805451010635,3.927651002059475e-10,-0.00025964017687596375
2023-03-25,1.0224648699025383,-0.11208408861391916,0.0067964213659835685,1.220072258667276e-08,-4.5503867782459295e-05
2023-03-26,1.022502179478606,-0.11205168870736715,0.0067964213659835685,1.1226634012717792e-08,3.648983663517846e-05
2023-03-27,1.0222975541532722,-0.11222938682451977,0.006808218915358013,1.712540869993999e-08,-0.00020012214100095793
2023-03-28,1.0224305038620731,-0.11211393233279754,0.006902899436145495,4.734026039374118e-08,0.0001300499138030542
2023-03-29,1.0226853039766748,-0.1118926620646079,0.006902899436145495,3.9711631931995014e-08,0.0002492102041540267
2023-03-30,1.022616502147791,-0.1119524100719933,0.006823476172281505,9.658836301391048e-09,-6.727566008224439e-05
2023-03-31,1.0227758987249396,-0.11181398892791616,0.006804158499678723,2.460217300371669e-08,0.00015587131326300074
2023-04-01,1.0227401004387016,-0.1118450764194151,0.00675495415367129,5.6108829981373585e-09,-3.500110462628658e-05
2023-04-02,1.0226548034671186,-0.11191914892839905,0.006743732387675015,1.2583381003025175e-08,-8.340043726917656e-05
2023-04-03,1.0226516309709912,-0.1119219039470537,0.006746182155371837,1.3808264851436058e-08,-3.102216033723515e-06
2023-04-04,1.02290878215742,-0.11169859199103138,0.006862462938251414,5.81403914397885e-08,0.0002514553134584929
2023-04-05,1.0230411180109573,-0.11158367057567387,0.006864834627836342,1.185844792464183e-09,0.00012937209636465496
2023-04-06,1.0229603964815166,-0.11165376973750485,0.006864834627836342,3.6676601330564143e-08,-7.890350447803396e-05
2023-04-07,1.0229088339260168,-0.1116985470348063,0.006791481425175214,5.793898698083864e-09,-5.0405231401540185e-05
2023-04-08,1.0229361470982514,-0.11167482807787066,0.006779893627779046,1.997839444758606e-09,2.6701472636059265e-05
2023-04-09,1.022822009844356,-0.11177394569726173,0.006775897948889529,5.4020061879037595e-09,-0.00011157808257677981
2023-04-10,1.022913120635098,-0.11169482442553846,0.006806096823130924,2.0501443308601226e-08,8.907785505885002e-05
2023-04-11,1.023127468194689,-0.11150868344961862,0.007417221818459769,3.055624976644224e-07,0.00020954620217938924
2023-04-12,1.0231222679366303,-0.11151319939144655,0.007417221818459769,8.640398845086161e-10,-5.0827078905690826e-06
2023-04-13,1.0234547717834825,-0.11122445063840103,0.007415493738690751,1.1296788698697547e-08,0.0003249893558880945
2023-04-14,1.0237772483171654,-0.1109444096768637,0.009744757316677533,1.1759285776920884e-06,0.0003150862574259339
2023-04-15,1.0239740413345069,-0.11077351319279782,0.010105997858797663,1.806202710600653e-07,0.00019222249534234237
2023-04-16,1.0239500303364872,-0.11079436451768687,0.012391443491503198,1.1427228163527673e-06,-2.3448834688633013e-05
2023-04-17,1.0238202643225403,-0.11090705426569902,0.012391443491503198,8.714207143381386e-09,-0.00012673080726577357
2023-04-18,1.0239707223084469,-0.11077639545910911,0.01263654753862604,1.3126623070480216e-07,0.0001469574212831226
2023-04-19,1.02323735200316,-0.11141325955309456,0.01308833893690097,2.258956991374652e-07,-0.0007162024160571878
2023-04-20,1.0229953505546006,-0.11162341536683396,0.01308833893690097,1.0838081743251051e-08,-0.00023650568275856987
2023-04-21,1.0227418026770925,-0.11184359818324607,0.013066662773414468,7.114334132680284e-07,-0.0002478485140408049
2023-04-22,1.0225043613355516,-0.11204979396696535,0.011698915230147277,2.7559641634433003e-08,-0.00023216156895422557
2023-04-23,1.0224630331648532,-0.11208568365025107,0.011698915230147277,1.0160850629988005e-07,-4.041857644543345e-05
2023-04-24,1.0223072378171503,-0.11222097746054949,0.011495698217547517,3.6637935387590255e-08,-0.00015237259700462413
2023-04-25,1.0221793646360742,-0.11233202345876347,0.012053096463350363,3.1533705828901313e-07,-0.00012508292648261143
2023-04-26,1.01942990547643,-0.11471967374134673,0.035959661477629606,2.4006378970489986e-05,-0.00268980108067296
2023-04-27,1.020397634567628,-0.11387929077731607,0.035959661477629606,7.971900549054791e-08,0.0009492845815042283
2023-04-28,1.0206015796694563,-0.11370218337119087,0.03580022346664851,2.0612011861389745e-06,0.00019986826205786734
2023-04-29,1.0202829847279864,-0.11397885352988801,0.03167782109437056,3.252043608572078e-07,-0.0003121638725795961
2023-04-30,1.0200389361387205,-0.1141907870954697,0.03193136229434346,4.519749608436555e-07,-0.00023919696095608955
2023-05-01,1.0215210452872134,-0.11290371275766564,0.03199885239565095,3.3745050653746777e-08,0.0014529927201618609
2023-05-02,1.021069486407792,-0.1132958497647828,0.03236498538891999,1.830664966345208e-07,-0.00044204559613048033
2023-05-03,1.0211550899312318,-0.11322151104394229,0.03236498538891999,8.977209365080737e-07,8.383711840864727e-05
2023-05-04,1.0205944732141625,-0.11370835466852791,0.03057908014570342,4.768314899787282e-09,-0.0005490025193979342
2023-05-05,1.0194969281180382,-0.11466147079309996,0.03057908014570342,5.009566939814803e-09,-0.0010753978440332101
2023-05-06,1.0190256385171825,-0.1150707421018643,0.03056906101182379,2.050714764088688e-05,-0.00046227662669817704
2023-05-07,1.019246356293423,-0.11487906918358748,0.010445234269949975,1.1484726097586457e-07,0.00021659688225716955
2023-05-08,1.0189734354628763,-0.11511607561297632,0.010215539747998246,1.788837351497149e-07,-0.0002677672859592306
2023-05-09,1.018839879133666,-0.11523205689826344,0.009857772277698816,4.057522923205624e-08,-0.00013106949068719675
2023-05-10,1.0190148690599667,-0.1150800943766469,0.009776621819234704,8.594525725590889e-08,0.0001717540998167344
2023-05-11,1.0186754693641649,-0.1153748315349522,0.009624198853303935,9.733774290524542e-09,-0.000333066480287747
2023-05-12,1.0184495505937343,-0.11557102103431871,0.009624198853303935,1.5424545626298475e-08,-0.00022177698121328415
2023-05-13,1.017921445225498,-0.11602963156769586,0.028558103768840316,1.9075726765445828e-05,-0.0005185385647479279
2023-05-14,1.017556551619488,-0.1163465078225937,0.028558103768840316,1.400655970592978e-07,-0.00035846931776084556
2023-05-15,1.017403463730748,-0.11647945045588504,0.029423514276529138,5.727708509037088e-07,-0.00015044656584484173
2023-05-16,1.0175256843420388,-0.11637331319028421,0.030079478295387665,3.279820094292639e-07,0.00012012993433563324
2023-05-17,1.0179069920399575,-0.11604218281888257,0.03041678323133861,1.6865246797547265e-07,0.0003747401208480383
2023-05-18,1.017712531134359,-0.11621105408019028,0.030421634901690926,2.4258351761577423e-09,-0.00019103995464908596
2023-05-19,1.0175846309422156,-0.11632212353501115,0.030421634901690926,9.641954083528665e-09,-0.00012567418424280774
2023-05-20,1.017558473689422,-0.11634483868311762,0.030513977714783917,5.581336063002415e-08,-2.57052357102161e-05
2023-05-21,1.0177265099640929,-0.1161989147630279,0.03271814423141102,1.1020832583135513e-06,0.0001651367258141967
2023-05-22,1.017556506386797,-0.11634654710299075,0.03294992354103087,1.15889654809926e-07,-0.00016704249680843386
2023-05-23,1.0167960483946223,-0.11700693434080067,0.033322166353401225,1.8612140618517667e-07,-0.0007473373590561883
2023-05-24,1.0163797139921715,-0.11736848215654982,0.033322166353401225,2.2268313459507826e-05,-0.00040945714050621973
2023-05-25,1.0163715565740985,-0.11737556611758959,0.011214460565614426,8.476805585163825e-08,-8.025955223978087e-06
2023-05-26,1.016606937478305,-0.11717115963260061,0.01104492445391115,1.6231008935441246e-07,0.00023158942483370026
2023-05-27,1.0165664621207546,-0.11720630872676119,0.010750876778276094,1.528625153688484e-08,-3.981416617981903e-05
2023-05-28,1.0169961404467915,-0.11683317295095474,0.03821119588736055,1.3730159554542227e-05,0.0004226760787870987
2023-05-29,1.017982504812911,-0.1159766069789765,0.039289723514377296,5.392638135083734e-07,0.0009698801469295582
2023-05-30,1.0182104259395706,-0.11577867861893276,0.039289723514377296,9.707762887939051e-08,0.0002238949349138153
2023-05-31,1.0179035748404521,-0.11604515033972607,0.039095568256618515,1.3165668755904958e-05,-0.0003013631478289147
2023-06-01,1.0179431110606845,-0.11601081679922631,0.012776183899168254,5.976577179826054e-09,3.884083050986753e-05
2023-06-02,1.018153975050714,-0.11582770098038797,0.0136667071925113,4.4526164667152337e-07,0.00020714712613645325
2023-06-03,1.0183917971308905,-0.11562117456047516,0.041311396839722306,1.3822344823605503e-05,0.00023358164481779298
2023-06-04,1.0183513797342005,-0.11565627332100392,0.041311396839722306,1.9050829876915075e-07,-3.968747274407658e-05
2023-06-05,1.0165197389270755,-0.11724688348714629,0.04142728458837795,2.4845217309697397e-07,-0.0017986334025521522
2023-06-06,1.0159112899738278,-0.11777526497266988,0.04142728458837795,2.805162374865056e-05,-0.0005985608837149048
2023-06-07,1.0159583223013469,-0.11773442175821536,0.043264199132368605,1.429411811172272e-05,4.629570316305731e-05
2023-06-08,1.0158476477003253,-0.11783053238472785,0.043264199132368605,1.430196522231658e-05,-0.00010893616262819261
2023-06-09,1.0159623142233654,-0.11773095514417165,0.015239528184475869,2.8962974837021e-07,0.00011287767737844234
2023-06-10,1.0168654264763086,-0.11694668591130053,0.015332859367889801,4.6665591706965966e-08,0.0008889229849438074
2023-06-11,1.0168267899910366,-0.11698023811543279,0.015567645483783905,1.1739305794705203e-07,-3.7995672057533625e-05
2023-06-12,1.0168975016798594,-0.11691883157181959,0.015567645483783905,8.192103376571852e-07,6.954152813509751e-05
2023-06-13,1.0169063007271628,-0.11691119041530085,0.014273702508461907,1.722388499961862e-07,8.652835993938623e-06
2023-06-14,1.0168162784241872,-0.11698936643635016,0.014494750921305028,1.1052420642156027e-07,-8.852566152306451e-05
2023-06-15,1.0176765487140857,-0.11624230147502157,0.014641139581004006,7.319432984948925e-08,0.0008460429953283111
2023-06-16,1.01731533885863,-0.11655597873421109,0.014641139581004006,6.062836186399023e-09,-0.0003549358152276083
2023-06-17,1.016965601813339,-0.11685969292181397,0.014629013908631208,9.62037788502645e-07,-0.00034378430357917544
2023-06-18,1.016891022794671,-0.11692445788272388,0.012704938331625918,1.5136464192198104e-07,-7.333484882565688e-05
2023-06-19,1.0170063033057006,-0.11682434745054271,0.012402209047781956,1.6900333361134604e-07,0.00011336564926023307
2023-06-20,1.0169297302172922,-0.11689084407608286,0.012064202380559264,5.1977110823225524e-09,-7.529263895167393e-05
2023-06-21,1.0161204772321035,-0.11759360523985196,0.012053806958394619,1.1998617722297836e-08,-0.0007957806337504092
2023-06-22,1.0166871423188635,-0.11710150916714379,0.03603128779500037,2.4030548758975196e-05,0.0005576750980404999
2023-06-23,1.0173720232133963,-0.11650675362926599,0.03603128779500037,2.2433612706204176e-06,0.0006736397717972409
2023-06-24,1.016630348211153,-0.11715082958234191,0.031771185090292704,1.1330991826658325e-07,-0.0007290106129521634
2023-06-25,1.0168628023396067,-0.11694896473065164,0.032611229711810824,4.2002231075905993e-07,0.0002286515731755312
2023-06-26,1.0169086617616714,-0.11690914007580344,0.032611229711810824,2.844052144001415e-07,4.509892776138891e-05
2023-06-27,1.0166095428179334,-0.1171688971367647,0.03238642204442518,1.7200138070731786e-07,-0.0002941453396816396
2023-06-28,1.0164094074608816,-0.11734269613288484,0.032408049839682415,1.0813897628619146e-08,-0.00019686551092124027
2023-06-29,1.016283420405143,-0.11745210420617125,0.03241345831236478,2.7042363411819427e-09,-0.00012395305947798807
2023-06-30,1.0163093665943146,-0.11742957234724527,0.03293981211670817,2.6317690217169537e-07,2.5530465865841734e-05
2023-07-01,1.0175687722999474,-0.11633589529501731,0.03296749737643698,1.3842629864403711e-08,0.001239195216562683
2023-07-02,1.0174963134631843,-0.11639881907457816,0.03344538852538319,2.389455744731053e-07,-7.120780308655927e-05
2023-07-03,1.0183468922438053,-0.11566017029022158,0.03344538852538319,6.41264141476635e-07,0.0008359526903101155
2023-07-04,1.0181206393609519,-0.11585664993524025,0.0323388902292861,8.801499342809064e-08,-0.0002221766321213181
2023-07-05,1.0172536801900087,-0.11660952356939835,0.0323388902292861,2.653403096063711e-07,-0.0008515289224338973
2023-07-06,1.017016131822996,-0.11681581229481397,0.03180820961007336,2.5986497366892875e-08,-0.00023351929970039098
2023-07-07,1.016740766263914,-0.11705494174420017,0.03287933377043643,5.615485775484278e-07,-0.000270758300154883
2023-07-08,1.0165109845445433,-0.1172544858564536,0.03291719275091493,1.8929490239252835e-08,-0.0002259983340838767
2023-07-09,1.0166339691036466,-0.11714768517302954,0.03291719275091493,3.898401557200434e-08,0.00012098694551920808
2023-07-10,1.016718528465953,-0.11707425320929299,0.03285758781592647,9.181548077774604e-09,8.317581831263077e-05
2023-07-11,1.0167430629626557,-0.11705294727434956,0.03290490539547043,2.3658789771979772e-08,2.413106087950645e-05
2023-07-12,1.0169880224264363,-0.11684022269873051,0.03699409456793483,2.0445945862321983e-06,0.0002409256307722707
2023-07-13,1.0179534086519875,-0.11600187429622588,0.03699409456793483,2.3039945111352765e-09,0.0009492601724532257
2023-07-14,1.0192386103798035,-0.1148857957911742,0.03705271547010497,3.161444559620502e-08,0.0012625349224213434
2023-07-15,1.0180498282750607,-0.11591814279598889,0.03705271547010497,3.199099105336313e-07,-0.0011663432807901275
2023-07-16,1.0180853285857983,-0.11588731406857644,0.036412895649037706,5.395529990799945e-07,3.487089703613222e-05
2023-07-17,1.0175020499844678,-0.1163938374378749,0.0389773249273833,1.8217676382527927e-06,-0.0005729172054191878
2023-07-18,1.0172750596373665,-0.11659095750219706,0.03953846194942286,2.80568511019777e-07,-0.00022308588676511754
2023-07-19,1.0174743010576475,-0.11641793480725449,0.039824437713494636,1.4298788203588945e-07,0.00019585796230447983
2023-07-20,1.0171039470850978,-0.11673955288407234,0.039824437713494636,6.195266332298041e-08,-0.000363993441566568
2023-07-21,1.0171615527024216,-0.1166895277480382,0.03997013143924446,1.3479952619789225e-07,5.663690274304578e-05
2023-07-22,1.0171137804235726,-0.11673101354159632,0.03997013143924446,1.2697293805193773e-07,-4.6966264818926184e-05
2023-07-23,1.0167253090252164,-0.11706836492243322,0.04918769687721131,4.735755657035361e-06,-0.0003819350458496018
2023-07-24,1.0159069738247493,-0.117779013147845,0.04986634262636841,3.393228745785515e-07,-0.000804873443404519
2023-07-25,1.015765547441098,-0.1179018288455087,0.04986634262636841,3.348297937783524e-05,-0.00013921194291532935
2023-07-26,1.0157402514264093,-0.11792379608819636,0.017427083021781604,1.6373344623976835e-07,-2.4903398967324186e-05
2023-07-27,1.0156541495024434,-0.11799856762366989,0.017427083021781604,6.89422894330563e-09,-8.476765969189781e-05
2023-07-28,1.0155947515856893,-0.11805014920553303,0.017413294563894993,4.3899131279244444e-10,-5.84824241433024e-05
2023-07-29,1.0156197040874795,-0.1180284802719388,0.017486430042261365,3.700673049597883e-08,2.4569348894720733e-05
2023-07-30,1.0155851064546253,-0.11805852510732806,0.017527208880420295,2.0389419079464706e-08,-3.40655392119249e-05
2023-07-31,1.0157592005459057,-0.1179073405353428,0.01754782369357824,1.0307406578972945e-08,0.0001714224540805276
2023-08-01,1.0159760479628437,-0.11771902866516526,0.01754782369357824,1.4992774934399766e-09,0.00021348309404678467
2023-08-02,1.015884305992947,-0.11779869805744558,0.019592234740819663,1.023704801114151e-06,-9.029934325710531e-05
2023-08-03,1.0159144285449302,-0.11777253941475307,0.019592234740819663,1.0916107400182895e-07,2.9651557565291142e-05
2023-08-04,1.0158295673872606,-0.11784623345977263,0.020792573227171506,7.093303171777504e-07,-8.353179685283152e-05
2023-08-05,1.0159815406955712,-0.11771425873621277,0.02084427181977396,2.5849296301228008e-08,0.00014960512391892777
2023-08-06,1.0160349955256687,-0.11766783817392157,0.02235260849199884,7.541683361124395e-07,5.261397766953557e-05
2023-08-07,1.0161687042597871,-0.11755172453910645,0.02236613185426591,6.761681133534217e-09,0.00013159855192745873
2023-08-08,1.0158608837594731,-0.11781903809493133,0.02251912191716867,7.649503145138078e-08,-0.0003029226338331359
2023-08-09,1.015728062110473,-0.11793438137859347,0.022550460151340743,1.5669117086036452e-08,-0.00013074787219713446
2023-08-10,1.015722635704879,-0.11793909370858191,0.022550460151340743,2.3798738416998428e-07,-5.3423803041408036e-06
2023-08-11,1.0158132592030136,-0.11786039560529471,0.022074485383000775,3.7675925243842513e-08,8.922071335737414e-05
2023-08-12,1.0156271543986046,-0.11802201036770288,0.06600176115841912,2.200131381295301e-05,-0.00018320769365809397
2023-08-13,1.0157013357693168,-0.11795759072716305,0.06627606848189185,1.3715366173636807e-07,7.303996391749834e-05
2023-08-14,1.01551064370007,-0.11812318910363884,0.0725061533956843,3.1150424568962207e-06,-0.00018774423398570939
2023-08-15,1.0160400174776925,-0.11766347707434799,0.07500000000000001,1.2469233021578583e-06,0.0005212882611360659
2023-08-16,1.0168546952964046,-0.11695600494578795,0.07500000000000001,0.0,0.0008018166653867009
2023-08-17,1.0203257139391329,-0.11394174717291217,0.07500000000000001,0.0,0.0034134853866347736
2023-08-18,1.0234134071570369,-0.11126037198012217,0.07500000000000001,0.0,0.003026183870236565
2023-08-19,1.0144814301266414,-0.11901696563813136,0.6000000000000001,0.0002625000000000001,-0.008727633396172108
2023-08-20,1.01802721711164,-0.11593777849435583,0.6000000000000001,5.429297010083589e-05,0.0034951718973843526
2023-08-21,1.0192116916197298,-0.11490917223772779,0.4914140597983283,0.0001661285331342129,0.0011634998437974886
2023-08-22,1.0199061523435817,-0.11430609750656406,0.159432011071694,1.3750877089571678e-07,0.0006813704449852853
2023-08-23,1.0191666320551611,-0.11494830229052311,0.159432011071694,5.519158947270286e-08,-0.0007250866040184878
2023-08-24,1.020462229840922,-0.11382319577332478,0.1595078864098686,9.312925856000409e-08,0.0012712325394210744
2023-08-25,1.0191927939615646,-0.11492558310118794,0.48288284552222804,0.00016168747955617975,-0.001243981249119508
2023-08-26,1.017544399612111,-0.11635706071396734,0.4881373078615996,2.627231169685773e-06,-0.0016173528298282225
2023-08-27,1.0169954169769861,-0.11683380121738274,0.4881373078615996,0.00016274680698079248,-0.0005395171309812152
2023-08-28,1.01764137528176,-0.1162728463388496,0.16308909249516718,2.2269929757627595e-07,0.0006351634373096271
2023-08-29,1.0109215478017806,-0.12210839327731005,0.1633204524876496,1.1567999624120806e-07,-0.006603335559268064
2023-08-30,1.0074020933530685,-0.1251647130555219,0.49034071790703504,0.0003268305851973423,-0.0034814318246211284
2023-08-31,1.0037269142048395,-0.12835626529263489,0.49034071790703504,3.663873676468246e-05,-0.003648175016181532
2023-09-01,0.9900798359863636,-0.14020748703218489,0.4179960979146882,4.6642676850905394e-07,-0.013596405581378868
2023-09-02,0.991234302473335,-0.13920493995881544,0.4197483844367681,8.761432610399356e-07,0.0011660337328474046
2023-09-03,0.9897895500992638,-0.14045957340267434,0.4197483844367681,1.1613568564962096e-05,-0.0014575286291702572
2023-09-04,0.9882589476933566,-0.14178875963705362,0.3965212473068439,5.048432928369539e-07,-0.0015463917615160527
2023-09-05,0.9907480202031931,-0.13962723101036534,0.3971420132455187,8.1522626217434e-07,0.002518644041265894
2023-09-06,0.9875929070971744,-0.14236715412315037,0.3974068919513214,1.32439352901359e-07,-0.003184576745730916
2023-09-07,0.9879741581291345,-0.14203607296087828,0.3974068919513214,0.00013290828069341954,0.00038604067446978974
2023-09-08,0.9873407726486563,-0.14258610950757267,0.3944105933643234,0.00013141013139992053,-0.0006410951898582207
2023-09-09,0.9870502128201496,-0.14283843377076744,0.3944105933643234,0.00018886350449057168,-0.00029428525242347625
2023-09-10,0.9868937582058512,-0.14297430009296053,0.016786748499729817,5.158205827489153e-08,-0.00015850724944832528
2023-09-11,0.9863027225380998,-0.14348755975501937,0.016786748499729817,2.9742583241194193e-08,-0.0005988847967071109
2023-09-12,0.9755616061680793,-0.15281522314153728,0.4007124071302335,0.00020871983523174046,-0.010890283606213913
2023-09-13,0.9753815690559826,-0.1529715686759182,0.4007124071302335,0.00017673813746477767,-0.00018454714798010752
2023-09-14,0.975111172840847,-0.15320638271096698,0.04723613220067818,1.617368157760068e-05,-0.00027722096020199594
2023-09-15,0.9752414698600579,-0.15309323183413104,0.014888897059748262,6.400713571663719e-11,0.00013362273230010935
2023-09-16,0.975111709357769,-0.15320591679577933,0.014888897059748262,1.6252266327277267e-07,-0.00013305474213276547
2023-09-17,0.975151952570088,-0.15317096929822205,0.014579088704038106,7.61848541769479e-09,4.127036105994186e-05
2023-09-18,0.9749015427109048,-0.15338842703675337,0.016038071204913573,7.294912504377336e-07,-0.0002567906042982848
2023-09-19,0.9748865139967519,-0.15340147808116267,0.018553398657970396,1.2576637265284113e-06,-1.5415622495296155e-05
2023-09-20,0.9751899083937939,-0.15313800818553225,0.018553398657970396,5.143932636554084e-08,0.00031120996412159485
2023-09-21,0.975695825230517,-0.15269866633390716,0.018518078421902846,3.377920833176618e-08,0.0005187880148989077
2023-09-22,0.9755818920119269,-0.1527976067675587,0.018518078421902846,1.6309426513835476e-07,-0.00011677124739328804
2023-09-23,0.9757352150364236,-0.15266445994067024,0.13762343978042896,5.9715774944401415e-05,0.00015716058872183858
2023-09-24,0.975711335723374,-0.15268519690937576,0.13762343978042896,6.0228228699155025e-05,-2.447314874121087e-05
2023-09-25,0.975772365512571,-0.1526321981976433,0.017227610193324555,3.031390560282593e-08,6.254902138103091e-05
2023-09-26,0.9759121059732146,-0.15251084656775138,0.13788985864416187,6.033112422541866e-05,0.00014321010267059897
2023-09-27,0.9743025513222827,-0.15390859550453795,0.13800941401281344,5.977768432578745e-08,-0.0016492823903714315
2023-09-28,0.9700760175773018,-0.15757894807375294,0.1381464805363045,6.853326174552366e-08,-0.004338009522033115
2023-09-29,0.9696693061524937,-0.15793213922589877,0.1381464805363045,6.053843656596496e-05,-0.00041925727204794594
2023-09-30,0.9699645734389494,-0.15767572697206678,0.053749271712540986,3.540943955845778e-05,0.0003045030760309153
2023-10-01,0.9699747054836225,-0.15766692823096085,0.053749271712540986,2.491413009415369e-07,1.0445788385160526e-05
2023-10-02,0.9703178329347203,-0.1573689538629104,0.05332596168150201,3.748628542205035e-08,0.0003537488649540954
2023-10-03,0.9688605897635366,-0.1586344344056072,0.05856300062606033,2.61851947227916e-06,-0.001501820456888403
2023-10-04,0.9683281813948694,-0.15909678169577834,0.05856300062606033,3.2605023301407467e-08,-0.0005495201005094597
2023-10-05,0.9678636385787456,-0.1595001940477312,0.05849779057945752,1.7255518591308105e-06,-0.00047973695803393834
2023-10-06,0.9686614117257054,-0.15880740205877053,0.0550466868611959,1.767154056095503e-07,0.0008242619261213946
2023-10-07,0.9685294785773653,-0.1589219737620131,0.054693256049976796,7.631906445874568e-08,-0.00013620151143156622
2023-10-08,0.9683053938090731,-0.15911657060061635,0.054540617921059305,3.3836660728138806e-07,-0.00023136597620276866
2023-10-09,0.9668480306969143,-0.16038215530092614,0.0539065144075396,2.131485052153659e-08,-0.0015050655727800732
2023-10-10,0.9670079173333782,-0.16024330858578395,0.0539065144075396,3.592537721062791e-05,0.00016536894257135337
2023-10-11,0.967087648310517,-0.16017406962675873,0.017944240013716223,4.784007236752243e-07,8.245121442085335e-05
2023-10-12,0.9672742800709098,-0.1600119972519508,0.016987438566365774,2.4776456860102493e-08,0.0001929832944478349
2023-10-13,0.9672964722216125,-0.15999272542726828,0.018637693871643362,8.499041094988964e-07,2.2942976111606228e-05
2023-10-14,0.9670889721486071,-0.16017291999615635,0.019690098163231893,5.262021457942654e-07,-0.00021451548616857607
2023-10-15,0.9671151782766809,-0.16015016240440183,0.019717476807178034,1.368932197307049e-08,2.709794944411037e-05
2023-10-16,0.9668077413702273,-0.16041714284453523,0.020036171378783895,1.593472858029306e-07,-0.00031789068495591266
2023-10-17,0.9668343684743952,-0.16039401967408629,0.020148996021294222,5.6412321255163576e-08,2.7541260818386704e-05
2023-10-18,0.9668978664851382,-0.1603388775408553,0.020148996021294222,1.661411345813893e-07,6.567620350739212e-05
2023-10-19,0.9670054964374328,-0.16024541090938738,0.019822053576122812,2.6699119956841154e-09,0.00011131470657388398
2023-10-20,0.9664439325604437,-0.16073307705451945,0.020400593420330133,2.8926992210366077e-07,-0.0005807245967648367
2023-10-21,0.9661645432571979,-0.16097570075253131,0.020400593420330133,7.998612617972357e-09,-0.0002890900277124908
2023-10-22,0.9661899027093833,-0.1609536784202612,0.02038459619509419,5.831493462053524e-07,2.6247550031444078e-05
2023-10-23,0.9655772210036943,-0.16148573565871516,0.020390363272538178,5.860328849273469e-07,-0.0006341214123339878
2023-10-24,0.9691031215621597,-0.15842381803202454,0.06132513352366699,4.085774839810258e-05,0.0036515987346916745
2023-10-25,0.9699920557406336,-0.1576518611418899,0.06132513352366699,2.3830983415607522e-06,0.0009172751162329629
2023-10-26,0.9693116385706743,-0.15824274034896202,0.056558936840545485,5.4992968622063625e-06,-0.0007014667449420919
2023-10-27,0.9694558849959446,-0.15811747570669588,0.04556034311613276,9.225146024582215e-08,0.00014881326039106746
2023-10-28,0.9696503204130903,-0.1579486265797453,0.045375840195641115,4.5230493386677617e-07,0.00020056138721913364
2023-10-29,0.9696862092425264,-0.1579174604598762,0.044625626948297484,7.719831019496054e-08,3.701213589768493e-05
2023-10-30,0.9703880965505671,-0.15730793642912033,0.046657599372868425,1.0159862122854705e-06,0.0007238293185474198
2023-10-31,0.9696873697925741,-0.1579164526297946,0.046880755941153096,1.1157828414233573e-07,-0.0007221098037822893
2023-11-01,0.9697139637553378,-0.1578933582395815,0.046880755941153096,2.0107060018924317e-07,2.742529560495477e-05
2023-11-02,0.9699957831544717,-0.1576486242286691,0.04647861474077461,4.202898761284969e-07,0.00029062116218625533
2023-11-03,0.970235485995072,-0.1574404645427585,0.04565278726943373,7.376140458058289e-09,0.00024711740480021227
2023-11-04,0.9707496630011052,-0.15699394950017398,0.04787292062811173,1.1100666793389982e-06,0.0005299507320206676
2023-11-05,0.9718365275913743,-0.15605010840437772,0.048358082172296674,2.425807720924725e-07,0.0011196136673485846
2023-11-06,0.9725198224966028,-0.15545673015111872,0.048692959818087175,1.6743882289525086e-07,0.0007030965453875826
2023-11-07,0.9715831264045343,-0.1562701638335494,0.048692959818087175,3.593833808326688e-07,-0.0009631640100304928
2023-11-08,0.9722246499698355,-0.1557130601149499,0.04797419305642184,5.478713045252437e-08,0.0006602868533465145
2023-11-09,0.9756821528484344,-0.15271053952970592,0.04786461879551679,7.657319205514532e-07,0.0035562797947024105
2023-11-10,0.9842733318084466,-0.14524989738863436,0.39503987123998896,0.00017435335814278754,0.00880530502165322
2023-11-11,0.9810414557240864,-0.1480564820287551,0.39503987123998896,4.006006307541676e-05,-0.0032835148326344488
2023-11-12,0.9795887719695182,-0.14931800314098276,0.31491974508915543,2.848722103221402e-07,-0.0014807567469163896
2023-11-13,0.98668631349578,-0.1431544465842749,0.3149274035549417,2.8870144321527234e-07,0.007245429642881884
2023-11-14,0.9768736654301494,-0.15167582135887792,0.3149274035549417,5.774383067128353e-07,-0.009945053388714542
2023-11-15,0.974471423258445,-0.15376194588994596,0.31377252694151603,1.0524985045832768e-06,-0.0024591124284721877
2023-11-16,0.9709002997619229,-0.1568631354441542,0.3116675299323495,9.459882284471199e-06,-0.0036646774972456386
2023-11-17,0.9695895788079291,-0.15800137503037026,0.2927477653634071,0.00012823752995266274,-0.0013500057156379253
2023-11-18,0.9701967964439466,-0.15747406282966292,0.03627270545808162,2.2289524720380678e-07,0.0006262625437518654
2023-11-19,0.9704496274264446,-0.1572545025700789,0.035826914963674,1.133571715675616e-06,0.00026059762660746166
2023-11-20,0.9716743699546702,-0.15619092727260553,0.03362454579800948,3.238713284335268e-08,0.001262036167164915
2023-11-21,0.9707998931919936,-0.15695032923796792,0.03409408968613031,2.3477194406041832e-07,-0.0008999689502141583
2023-11-22,0.9715558746002813,-0.15629382949808468,0.03409408968613031,4.449552736843221e-07,0.0007787201189328741
2023-11-23,0.9716825558257494,-0.15618381860276886,0.03320417913876167,5.09634243394258e-07,0.0001303900565885474
2023-11-24,0.9728210404802201,-0.155195150268697,0.03247593076445532,1.455100562410827e-07,0.0011716631606155659
2023-11-25,0.9675967890406804,-0.15973192812267956,0.28368654818725514,0.0001256053087113999,-0.005370208108326557
2023-11-26,0.9659531167266431,-0.16115930508564325,0.28368654818725514,3.876312437242069e-06,-0.0016987161725372513
2023-11-27,0.9579513913328759,-0.16810806147308288,0.275933923312771,4.616824972524525e-07,-0.008283761660073607
2023-11-28,0.9585656592053315,-0.16757462679590063,0.2750105583182661,0.00012038418904500978,0.0006412307325995847
2023-11-29,0.9578660199415381,-0.16818219860872186,0.26402721801727214,0.0001148925188945128,-0.0007298814192517877
2023-11-30,0.9581573557971054,-0.1679292004379972,0.26402721801727214,5.504616074128999e-07,0.00030415094543823074
2023-12-01,0.9639494609165726,-0.16289929432837613,0.2636092615704894,3.414833840215403e-07,0.006045045820943562
2023-12-02,0.9669546408584274,-0.1602895742631718,0.26656433796270784,1.4775381961092127e-06,0.0031175700217660474
2023-12-03,0.9737800401088759,-0.15436234803327353,0.26656433796270784,1.2191129274851664e-06,0.007058655041345396
2023-12-04,0.9799103491785306,-0.14903874315951426,0.2641261121077375,1.6302892330902209e-07,0.006295373510605273
2023-12-05,0.9819049782773969,-0.14730659277828317,0.26380005426111947,1.6576499529938339e-06,0.002035522025602532
2023-12-06,0.9847250225237562,-0.14485764589427552,0.2604847543551318,1.011806010716182e-06,0.0028720133910569157
2023-12-07,0.9926122984013466,-0.13800827829705753,0.2605576364918869,1.0482470790937337e-06,0.008009622683678996
2023-12-08,0.9954247566429488,-0.13556591915462002,0.26091410853896824,1.782360235406677e-07,0.0028333904850175173
2023-12-09,0.9973634373899876,-0.1338823547280421,0.26201957988381896,5.52735672425364e-07,0.0019475914518933823
2023-12-10,0.9961176394105762,-0.13496421473209042,0.2622425842871427,1.1150220166186719e-07,-0.0012490912867924031
2023-12-11,0.9788523568808439,-0.1499575113469528,0.3097456787363597,2.375154722460851e-05,-0.017332573831287723
2023-12-12,0.9753721565589568,-0.1529797425566266,0.3141194070854575,2.186864174548886e-06,-0.003555388407069149
2023-12-13,0.9783286407669962,-0.15041231021997326,0.3141194070854575,1.9079465644881555e-05,0.0030311345143090307
2023-12-14,0.9853199791952774,-0.14434098120409466,0.2759604757956944,6.289976183913026e-07,0.007146206435088676
2023-12-15,0.980120451182316,-0.14885628905505888,0.27784139740646585,1.5694584237770371e-06,-0.00527699440054985
2023-12-16,0.9832791188956601,-0.14611327909548244,0.2843636665071024,3.2611345503182622e-06,0.003222734215506451
2023-12-17,0.9790358905485093,-0.14979812937834724,0.2843636665071024,1.7873294811810714e-06,-0.004315385393231619
2023-12-18,0.97069936150835,-0.1570376316814387,0.2829022898192185,1.0566411372391337e-06,-0.008515039255084123
2023-12-19,0.9756046702336315,-0.1527778259945659,0.2982050614845231,7.651385832652291e-06,0.005053375864655152
2023-12-20,0.9827816273969312,-0.14654530432246438,0.2982050614845231,5.437976694106645e-06,0.007356419441474582
2023-12-21,0.9810189510227051,-0.14807602527471464,0.2873291080963098,8.002864632817297e-07,-0.0017935585333420656
2023-12-22,0.9922377789681265,-0.13833351369014357,0.2926236304473587,3.4475476388061698e-06,0.011435893194240654
2023-12-23,0.9877487601992675,-0.1422318101585206,0.30172244052089503,4.5494050367681785e-06,-0.004524136113350341
2023-12-24,0.9887119532354829,-0.14139536633754757,0.30172244052089503,4.598402972932236e-06,0.0009751397065955736
2023-12-25,0.98810325835016,-0.1419239613922697,0.29252563457503056,1.941691010155289e-06,-0.0006156443070515216
2023-12-26,0.9805038240611095,-0.14852336526560184,0.3000694970496857,5.7136222474828695e-06,-0.007690931311912896
2023-12-27,0.9955503124142216,-0.13545688561189295,0.30494773060478525,2.4391167775497657e-06,0.015345670240010323
2023-12-28,0.9977786156037437,-0.1335218109549441,0.30494773060478525,4.272328226224698e-06,0.0022382627595414206
2023-12-29,0.993948164758848,-0.13684820225999628,0.29640307415233585,4.824172032997343e-06,-0.003838978692260797
2023-12-30,0.9922479621413403,-0.13832467054864195,0.28799402784889283,6.196488812758305e-07,-0.001710554612191717
2023-12-31,0.990676305421662,-0.1396895086469644,0.28799402784889283,1.429197970326257e-06,-0.0015839354472338973
2024-01-01,0.9926778702794862,-0.13795133520233271,0.2851356319082403,4.956093505388836e-07,0.0020204024734100656
2024-01-02,0.997866354409422,-0.13344561793951537,0.2867405558528672,1.2980713228523121e-06,0.005226755108857395
2024-01-03,0.9840270934509255,-0.14546373256485645,0.287295564079312,2.7750411322241543e-07,-0.013868852173780644
2024-01-04,0.9816374309007089,-0.14753893286135478,0.287295564079312,0.00019207976720683918,-0.0024284519868621457
2024-01-05,0.9836112796653369,-0.14582482827314525,0.09686397033436633,3.585483983888138e-06,0.0020107716988919666
2024-01-06,0.9827784510203504,-0.1465480627109329,0.08969300236659006,2.8591189164334924e-07,-0.000846705057378383
2024-01-07,0.9833640678768025,-0.1460395087839219,0.08912117858330336,5.718878696239008e-07,0.0005958788126065873
2024-01-08,0.9817680455952731,-0.14742550611293703,0.09032081293780687,1.1717050468756582e-06,-0.001623022778300065
2024-01-09,0.9822163923253816,-0.14703615855958863,0.09063573288232392,1.5745997225852238e-07,0.0004566727671779791
2024-01-10,0.9748792888475497,-0.15340775245315097,0.09063573288232392,3.996944588796833e-07,-0.007469946068057842
2024-01-11,0.9927830025765838,-0.13786003755275922,0.26945110088018204,0.0001796437224223733,0.01836505702177771
2024-01-12,0.9959831576358267,-0.13508099968099818,0.26945110088018204,1.1128976477060986e-05,0.0032234184619768236
2024-01-13,0.9889127767481697,-0.1412209697420811,0.24719314792606006,9.628783796003182e-06,-0.0070988960339863905
2024-01-14,0.9866350863470138,-0.1431989326119355,0.2279355803340537,5.0059588841022687e-08,-0.0023032267907883153
2024-01-15,0.9847195976246093,-0.1448623569160543,0.22783546115637165,2.284993605522215e-06,-0.0019414358448320845
2024-01-16,0.9887108255245696,-0.14139634564988668,0.2248749595052063,8.047427799395407e-07,0.004053161843827979
2024-01-17,0.9870192616701318,-0.1428653119740051,0.2248749595052063,2.7457081607316914e-07,-0.0017108782575908643
2024-01-18,0.985824905667355,-0.14390249939231314,0.22530635398751242,4.902680572262258e-07,-0.0012100635207028532
2024-01-19,0.9802126169569578,-0.14877625162766295,0.23081452590881213,2.7540859606498546e-06,-0.005692987343018596
2024-01-20,0.9803081044294524,-0.1486933296137516,0.23093901917835963,6.224663477374936e-08,9.741506163418734e-05
2024-01-21,0.9807117667104818,-0.14834278636018572,0.23093901917835963,9.723430658546972e-07,0.00041177082919507946
2024-01-22,0.9725995205743294,-0.1553875197621818,0.22943679633282577,2.2123164308776588e-07,-0.008271794436975455
2024-01-23,0.956786986996784,-0.1691192386467314,0.23628168661038884,3.422445138781538e-06,-0.016258010869885986
2024-01-24,0.9583730868373408,-0.1677418580374479,0.23628168661038884,3.11972589073653e-06,0.001657735590172349
2024-01-25,0.9542719948215828,-0.1713032760988793,0.23004223482891578,1.0872718883356725e-05,-0.004279222853901032
2024-01-26,0.9604844146625624,-0.16590836563555722,0.20829679706220233,1.1591135926725115e-07,0.006510114385304133
2024-01-27,0.9616364133129642,-0.16490796164936983,0.20894699321201898,4.410094341755766e-07,0.0011993933819371971
2024-01-28,0.9616818773923718,-0.16486848031295354,0.2151784743738268,3.115740580903914e-06,4.727782640157052e-05
2024-01-29,0.9622298842735671,-0.16439258716132987,0.2152724903915515,4.700800886234258e-08,0.0005698421630708772
2024-01-30,0.9681291597021913,-0.15926961357767644,0.2159387881004903,3.3314885446940333e-07,0.006130837885040208
2024-01-31,0.9671338197441719,-0.16013397401878182,0.21602495119451404,4.3081547011866726e-08,-0.0010281065785939791
2024-02-01,0.9635753558956982,-0.16322416984277444,0.21602495119451404,1.5725551333754528e-06,-0.0036793913891017827
2024-02-02,0.9659015382880152,-0.16120409617596843,0.2129373434651213,2.8751268679086394e-08,0.002414115697420227
2024-02-03,0.9649848399696307,-0.1620001636466406,0.213090716499364,7.66865171213521e-08,-0.0009490597975539972
2024-02-04,0.9649875032202301,-0.16199785086049723,0.213090716499364,9.253666638534431e-05,2.7598885399271467e-06
2024-02-05,0.9649479270224056,-0.16203221911782795,0.02815390627627165,6.826127379811614e-08,-4.101213507612389e-05
2024-02-06,0.9695289197966889,-0.15805405175583487,0.22802040306026344,9.99332483919959e-05,0.004747398948684811
2024-02-07,0.9720129185947901,-0.15589692917722908,0.22832985521537874,1.5472607755764866e-07,0.0025620677706272854
2024-02-08,0.9727976280251887,-0.1552154818145124,0.22832985521537874,9.998072597160507e-05,0.0008073034991484818
2024-02-09,0.9732659833001411,-0.15480875869565203,0.02847070008737261,5.114840760200509e-08,0.00048145190886383915
2024-02-10,0.9732211125114696,-0.1548477248140887,0.02847070008737261,3.060928637826435e-07,-4.61033154763868e-05
2024-02-11,0.9734636433584762,-0.15463710926689667,0.032388407555386425,2.264946597789551e-06,0.00024920425984409356
2024-02-12,0.9741772470242755,-0.15401741066605668,0.037266709802320566,2.4391511234670706e-06,0.0007330563094669618
2024-02-13,0.9825593379476132,-0.1467383420930447,0.29943331215217406,0.00013108330117492676,0.008604277043974484
2024-02-14,0.9958819858487463,-0.13516885799493772,0.30589235397827297,3.229520913049455e-06,0.013559128071552795
2024-02-15,1.0042368425225128,-0.1279134398418479,0.30589235397827297,3.7837859099115744e-06,0.00838940435964064
2024-02-16,0.9992064358234981,-0.1322818815167428,0.2983247821584498,8.302122600545553e-06,-0.005009183577030951
2024-02-17,0.9971108652246142,-0.13410169022895724,0.2817205369573587,1.8072942560606875e-06,-0.0020972348893633086
2024-02-18,1.0022965419933678,-0.12959841089895907,0.27810594844523734,1.4735069016762748e-06,0.005200702298622906
2024-02-19,1.0122494328271825,-0.12095524828695148,0.2751589346418848,1.831500891301685e-07,0.009930085974380276
2024-02-20,1.0139952925232694,-0.11943913106000859,0.28013620553979945,2.6717855380875013e-06,0.001724732698742626
2024-02-21,1.0131133671928492,-0.12020500141564161,0.28013620553979945,4.1025352428210035e-06,-0.0008697528843775171
2024-02-22,1.0199001910468497,-0.11431127433989763,0.27205691677456395,6.289086020325185e-08,0.0066989776996055905
2024-02-23,1.0130438625528873,-0.12026535974926655,0.28800798702407326,7.975535124754657e-06,-0.006722548494596636
2024-02-24,1.0181510449525188,-0.11583024549891963,0.375873464107234,4.393273854158036e-05,0.005041422773898185
2024-02-25,1.0288469245535552,-0.10654186605079718,0.375873464107234,1.1202222501539822e-05,0.01050519925708615
2024-02-26,1.041980991816178,-0.09513614674739512,0.37155526961774704,9.043125256796347e-06,0.012765812823243294
2024-02-27,1.0521865470120912,-0.08627356857016732,0.3729070275279202,6.758789550865841e-07,0.00979437751366774
2024-02-28,1.0661987852443109,-0.07410523922531065,0.3729070275279202,5.51838220947018e-06,0.013317256594859161
2024-02-29,1.0807037773702732,-0.06150899882401506,0.36187026310897985,8.068304767801515e-07,0.013604397535148305
2024-03-01,1.0723351205372256,-0.06877640113554984,0.36025660215541955,4.492890858011689e-06,-0.007743710171361107
2024-03-02,1.0755357152761436,-0.06599698144276889,0.35127082043939617,2.299869706572172e-06,0.002984696367416051
2024-03-03,1.0758647574728495,-0.06571123881182594,0.3466710810262518,7.742328187100329e-06,0.0003059333056385505
2024-03-04,1.090937106658038,-0.052622301423912,0.34620877729709354,7.511176322521185e-06,0.014009520323532643
2024-03-05,1.1142580642615247,-0.032370212638827556,0.34620877729709354,1.3096498059695095e-06,0.02137699548503269
2024-03-06,1.1158588150396314,-0.030980109049077775,0.3435894776851545,2.860313821921118e-06,0.0014366068592595038
2024-03-07,1.1203421040371835,-0.02708678835567524,0.3378688500413123,1.2894347228433884e-05,0.004017792338173232
2024-03-08,1.1264061932381004,-0.021820689296377593,0.3135677626420611,7.4380352880829e-07,0.005412712044880363
2024-03-09,1.127919380060804,-0.020506626880808843,0.3135677626420611,5.9355461002802424e-08,0.0013433758015455322
2024-03-10,1.1249080687170407,-0.023121671499916174,0.31384011842946347,1.9553335470398615e-07,-0.0026697930694303817
2024-03-11,1.1373359949064301,-0.01232917022782598,0.31653490095703724,1.3473912637868847e-06,0.011047948303510191
2024-03-12,1.135006159058829,-0.01435241658170805,0.31653490095703724,3.667877967220984e-06,-0.0020485026922857363
2024-03-13,1.132769916058415,-0.01629438622804169,0.30919914502259527,3.7744763905694925e-07,-0.001970247458635721
2024-03-14,1.1226090823539012,-0.025118127937667212,0.30844424974448137,2.707650423097896e-06,-0.008969900736654934
2024-03-15,1.1094098390949207,-0.036580446549182244,0.3030289488982856,2.645167129609993e-06,-0.011757648736734017
2024-03-16,1.1098647135235813,-0.03618543029505039,0.2977386146390656,0.00019561208065373452,0.0004100147777945651
2024-03-17,1.1111164289775413,-0.0350984315131706,0.0934855466684034,2.4198838230562805e-06,0.0011278090371846794
2024-03-18,1.1138753686370526,-0.03270254829571817,0.08914770432349324,2.509626506011983e-07,0.0024830338095607196
2024-03-19,1.1202532176253304,-0.027163977960632524,0.08971141157870144,2.818536276040992e-07,0.0057258192144766795
2024-03-20,1.1203126555038894,-0.0271123616756479,0.08971141157870144,1.4574880682249048e-06,5.305753880224806e-05
2024-03-21,1.1150162905126693,-0.03171176346112037,0.08679643544225163,5.204717419260749e-06,-0.004727577578635511
2024-03-22,1.1187120242443203,-0.028502361474632587,0.0779613841325479,7.87191764408883e-07,0.0033145109744991963
2024-03-23,1.117279931471619,-0.029746001228811658,0.0779613841325479,2.4922785229228306e-06,-0.0012801263789661288
2024-03-24,1.1174326668788028,-0.029613364693061195,0.07297682708670224,1.6093827571651287e-06,0.00013670290039735633
2024-03-25,1.113246122269649,-0.033248990406587686,0.07006394974156929,1.5294408459865656e-07,-0.0037465743872066026
2024-03-26,1.1129499827839917,-0.03350616008453455,0.07108485811605476,5.104541872427357e-07,-0.00026601438777229536
2024-03-27,1.1076747394527082,-0.038087219667272576,0.2048770377680225,0.00013798094794203864,-0.004739874579168135
2024-03-28,1.1119048727177072,-0.03441374124875807,0.20686912931408152,9.960457730295163e-07,0.0038189308777476505
2024-03-29,1.1060542686629418,-0.03949444825822368,0.20739634503819118,2.6360786205482933e-07,-0.005261784706875772
2024-03-30,1.109331194163728,-0.036648742378028176,0.20845884612473675,5.312505432727849e-07,0.0029627167433201596
2024-03-31,1.1146685432505592,-0.032013749706572336,0.20983019447501158,6.856741751374157e-07,0.004811321555648451
2024-04-01,1.1029719041088744,-0.042171196000676536,0.2137835033898869,1.9766544574376517e-06,-0.010493378693158695
2024-04-02,1.1083240100028113,-0.03752338841086378,0.2137835033898869,0.0001426098544601996,0.0048524408228314275
2024-04-03,1.1062071005972018,-0.03936172789765979,0.0714362055305123,1.6353880179492547e-06,-0.0019100095157238428
2024-04-04,1.1054324228405332,-0.04003446368212582,0.0681654294946138,1.9945336257840146e-06,-0.0007003008353894113
2024-04-05,1.1061683402448306,-0.03939538766887973,0.06509871043629181,4.611740966230238e-07,0.0006657280798800791
2024-04-06,1.1059412272409128,-0.039592614249271185,0.06962725439203933,2.2642719778737593e-06,-0.00020531504623222396
2024-04-07,1.1046881854847426,-0.0406807648016132,0.06962725439203933,7.289682718090995e-09,-0.001133009354664205
2024-04-08,1.0993816103815341,-0.04528903312241439,0.0699061783709288,1.4675167216282593e-07,-0.004803685938656654
2024-04-09,1.0925466269187707,-0.05122458235182392,0.20984966800305285,0.00013987792318699083,-0.0062171164209199326
2024-04-10,1.0895657926345517,-0.05381316047130058,0.20984966800305285,8.795358367831824e-06,-0.002728335991134312
2024-04-11,1.0914277128016772,-0.05219625548924589,0.1922589512673892,8.679463572635882e-07,0.0017088643748883747
2024-04-12,1.0873202481729514,-0.055763207574014095,0.19456531845341257,2.0211299502752718e-06,-0.003763386782784761
2024-04-13,1.0771115674442473,-0.06462849998659426,0.19456531845341257,2.563356661285515e-07,-0.009388844497153603
2024-04-14,1.0635637795131723,-0.07639349732017753,0.19405264712115547,3.425607434640182e-07,-0.012577887324357828
2024-04-15,1.0633117760951218,-0.07661233891679098,0.19336752563422743,0.00010062582913233743,-0.0002369424597794545
2024-04-16,1.063703203610951,-0.0762724204220927,0.007884132630447425,1.5154969708490885e-07,0.00036812111426920424
2024-04-17,1.0638617978062552,-0.07613469607223078,0.007581033236277608,8.36824417546375e-08,0.00014909628434556232
2024-04-18,1.0635422414864997,-0.07641220109880631,0.007413668352768333,9.01955729634865e-08,-0.00030037390233994543
2024-04-19,1.0635025968990446,-0.07644662874618857,0.007259396719496627,1.3059756327633496e-08,-3.727598765146389e-05
2024-04-20,1.0634261050563352,-0.07651305481737414,0.007427052169725954,8.382772511466348e-08,-7.192445315806761e-05
2024-04-21,1.0632967059755747,-0.07662542591794508,0.007427052169725954,1.9312623351312036e-09,-0.00012168130925338527
2024-04-22,1.0627616931023236,-0.07709003497879352,0.06273237578670454,2.7654593070824425e-05,-0.0005031642346357001
2024-04-23,1.06184655428377,-0.07788474816849777,0.06399965436428852,6.336392887919887e-07,-0.0008610950361609415
2024-04-24,1.0628876910222524,-0.07698061747096563,0.06425948012421133,1.2991287996140523e-07,0.0009804964137964944
2024-04-25,1.0631958748169719,-0.07671298842764329,0.06425948012421133,1.1470010967466055e-07,0.0002899495377741701
2024-04-26,1.0641299973575222,-0.07590178963602301,0.06720152333632869,1.585721715733339e-06,0.000878598725482016
2024-04-27,1.063468826780169,-0.07647595496243487,0.06726170319421095,3.0089928941129384e-08,-0.0006213250063371589
2024-04-28,1.0595460829786658,-0.07988249414062476,0.06753870936983031,1.3850308780968129e-07,-0.0036886307362463677
2024-04-29,1.0502656916847277,-0.08794165327296932,0.20376164608660022,0.00013565017772821525,-0.00875883686705814
2024-04-30,1.037998962805352,-0.09859416963149703,0.20376164608660022,4.6108923557646595e-06,-0.011679643519247995
2024-05-01,1.0382623118933119,-0.09836547537281726,0.1945398613750709,0.00010123968853455297,0.00025370843073102556
2024-05-02,1.0379724585007764,-0.09861718616188919,0.00793951569403504,1.3735193700473246e-07,-0.00027917164016999507
2024-05-03,1.037742039000336,-0.09881728412785074,0.0077708700394847115,5.302910972956789e-08,-0.0002219899945836712
2024-05-04,1.0366271467837733,-0.09978546461767124,0.06371097106982603,2.7970050515170658e-05,-0.0010743442731088182
2024-05-05,1.0359059831032262,-0.10041172839016899,0.06371097106982603,2.6701410496786372e-08,-0.0006956828043594987
2024-05-06,1.037344830654555,-0.0991622227372212,0.06365756824883245,9.428772670910107e-08,0.00138897503711366
2024-05-07,1.0374179833218213,-0.09909869643021729,0.06346899279541425,2.7772620259367662e-05,7.051914185662866e-05
2024-05-08,1.0375863118875905,-0.09895251868241706,0.007923752276678927,2.3069392041470163e-08,0.00016225722753770988
2024-05-09,1.0375864404124786,-0.0989524070704717,0.007918998343996737,2.069242570037523e-08,1.2386909808981272e-07
2024-05-10,1.037848867962455,-0.09872451308206287,0.008618581671500819,3.4979166375204065e-07,0.0002529211444486368
2024-05-11,1.0378212208414073,-0.09874852204257079,0.008689923771277294,3.567104988823778e-08,-2.6638869977890778e-05
2024-05-12,1.0377844591072822,-0.09878044619920501,0.008689923771277294,3.9001140083262146e-08,-3.5422029718623627e-05
2024-05-13,1.0377087340361548,-0.09884620640038555,0.00863289806257155,1.0488285730390207e-08,-7.296801418366083e-05
2024-05-14,1.0378975571016686,-0.09868223108031182,0.008649043166831164,8.072552129806745e-09,0.00018196152670246768
2024-05-15,1.0376468651446735,-0.0988999337946298,0.00897282813232426,1.618924827465479e-07,-0.00024153824747341623
2024-05-16,1.0377079862222058,-0.09884685580744457,0.009774784097803106,4.009779827394231e-07,5.890354375925888e-05
2024-05-17,1.0371839247745966,-0.09930195457080904,0.009899850843659519,6.253337292820658e-08,-0.000505018227253351
2024-05-18,1.0371205421615868,-0.09935699649181118,0.03150421959336991,2.0702035218514715e-05,-6.111029249122879e-05
2024-05-19,1.0367852658372776,-0.09964815288439566,0.03150421959336991,7.955066630101499e-07,-0.00032327613876492745
2024-05-20,1.03721668101496,-0.09927350881401886,0.031107237811077507,5.970157718639488e-07,0.00041610851532714044
2024-05-21,1.0434807131877222,-0.09383377782731006,0.031107237811077507,4.492405883573317e-08,0.006039270566522648
2024-05-22,1.043363375772122,-0.0939356744903439,0.03101738969340604,3.515171428721334e-08,-0.00011244809234534081
2024-05-23,1.0436532563707066,-0.09368394007534153,0.030947086264831614,6.2917571827283505e-06,0.00027783282921012287
2024-05-24,1.043099899645644,-0.09416447907019465,0.018363571899374913,8.369144828523565e-09,-0.0005302112762888278
2024-05-25,1.0433644806915747,-0.0939347149702745,0.018346833609717866,9.15584724472604e-10,0.00025364880776712617
2024-05-26,1.0438111804286112,-0.09354679767765939,0.01834500244026892,7.826192599550037e-08,0.00042813393143359413
2024-05-27,1.0444613312666868,-0.0929822019727885,0.018195243855830327,3.382633776203084e-09,0.0006228624968367402
2024-05-28,1.04396603616897,-0.09341231982919584,0.01821153908990008,8.147617034876333e-09,-0.00047421104342382225
2024-05-29,1.0434778119558596,-0.09383629727810905,0.01821153908990008,5.68934486102398e-08,-0.0004676629279093403
2024-05-30,1.043563164908843,-0.09376217615447091,0.018296323714629917,9.928576097515893e-08,8.179661513318948e-05
2024-05-31,1.043410227605119,-0.09389498801864182,0.018515197221141234,1.0943675325565845e-07,-0.0001465529915805064
2024-06-01,1.0436962753087633,-0.09364658211741472,0.019352770902396593,4.1878684062767945e-07,0.0002741469233107363
2024-06-02,1.043704549053856,-0.0936393971371472,0.019707036467654766,1.7713278262908653e-07,7.927349449543541e-06
2024-06-03,1.0436898048024792,-0.09365220115201767,0.01985591741466832,7.444047350677746e-08,-1.412684403001574e-05
2024-06-04,1.0437693492133953,-0.09358312420845394,0.019934916583080386,3.949958420603264e-08,7.62146095070193e-05
2024-06-05,1.0437954828114073,-0.09356042960233124,0.019942413063530298,3.748240224955846e-09,2.5037713579534326e-05
2024-06-06,1.043964018697971,-0.09341407181564887,0.019944667404466754,1.1271704682281475e-09,0.0001614644720517866
2024-06-07,1.0437254906802966,-0.09362121127680678,0.020120064545227415,8.76985703803304e-08,-0.00022848298734690076
2024-06-08,1.0431008460821176,-0.09416365717789421,0.020159668643505397,1.9802049138990808e-08,-0.0005984759438723009
2024-06-09,1.0430870475265113,-0.09417563994369638,0.020159668643505397,1.3456624524699516e-05,-1.3228400360110193e-05
2024-06-10,1.0430649631674351,-0.09419481816134834,0.006753580405893634,4.939498373187322e-08,-2.1172115145295933e-05
2024-06-11,1.0435624642845394,-0.09376278458169951,0.006751962435719878,4.858599864499512e-08,0.00047696081708670235
2024-06-12,1.0432174343240574,-0.09406241110270264,0.006752204452395279,1.2100833770038385e-10,-0.00033062703220443357
2024-06-13,1.0435418183396077,-0.09378071367007212,0.006752204452395279,2.06825430482639e-07,0.0003109457385155334
2024-06-14,1.0435049247638806,-0.09381275231891018,0.006338553591430001,5.450513121331782e-08,-3.5354190004111e-05
2024-06-15,1.043313767220267,-0.09397875491670316,0.006229543329003365,6.702436136508559e-08,-0.0001831879649840662
2024-06-16,1.0432668397792562,-0.09401950704695305,0.006120309328791272,1.2407361259039046e-08,-4.497922148383182e-05
2024-06-17,1.0434339214992199,-0.09387441206909664,0.006120309328791272,1.1808446021473965e-08,0.00016015243042022398
2024-06-18,1.0435653418428583,-0.09376028568917749,0.006212212691061996,5.776012715683586e-08,0.0001259498478320964
2024-06-19,1.0433685506801391,-0.09393118056267591,0.006212212691061996,2.6983724616684753e-08,-0.00018857579379838452
2024-06-20,1.043407989305717,-0.09389693177408209,0.006158245241828626,1.148428034591269e-08,3.779932369352146e-05
2024-06-21,1.0434302729834493,-0.09387758046666317,0.006135276681136801,1.7279386396843594e-08,2.1356629390734128e-05
2024-06-22,1.0433804069412824,-0.09392088449947744,0.01047568113336583,2.187481612511358e-06,-4.779048821657028e-05
2024-06-23,1.0434723302269389,-0.09384105765127582,0.010476122603181932,2.207349080515092e-10,8.810141061710297e-05
2024-06-24,1.044099406598599,-0.09329649998045408,0.010541744095657493,3.281074623778021e-08,0.0006009516050364816
2024-06-25,1.043630085113929,-0.09370406216284322,0.010787908139043513,1.230820216930103e-07,-0.00044949885202616446
2024-06-26,1.0438040575044167,-0.09355298327670936,0.010787908139043513,3.666358138313007e-07,0.00016669928643175957
2024-06-27,1.0435315054186949,-0.0937896694854169,0.010054636511380912,1.5217723921875578e-07,-0.0002611142232729069
2024-06-28,1.0436476806192172,-0.09368878209838905,0.01006661608664061,1.581670268486048e-07,0.00011132888649711958
2024-06-29,1.043704476052283,-0.09363946053224281,0.01006661608664061,5.993876257887575e-08,5.442012100065341e-05
2024-06-30,1.0436868996139275,-0.09365472403883424,0.010058158588314286,5.571001341571347e-08,-1.6840435924425634e-05
2024-07-01,1.0434575194600406,-0.09385391942870791,0.010071060940404046,6.451176044880262e-09,-0.00021977870372691388
2024-07-02,1.0436320945630861,-0.0937023171426159,0.010071060940404046,9.979859241174977e-11,0.0001673044659591394
2024-07-03,1.0439776715520903,-0.09340221557807515,0.010070861343219223,3.884680150015047e-08,0.0003311291314240794
2024-07-04,1.044502251893016,-0.09294666620398984,0.009993167740218922,2.0462973538774507e-08,0.0005024823377166587
2024-07-05,1.0449704503220256,-0.09254007929128427,0.009952241793141373,9.840431007304782e-08,0.00044825028204287243
2024-07-06,1.044876436451378,-0.09262172161866022,0.009755433172995277,2.146476514725158e-07,-8.996797050242478e-05
2024-07-07,1.045027114383921,-0.09249087180881554,0.009326137870050245,1.4823608479842733e-07,0.00014420646048485253
2024-07-08,1.0450202300588693,-0.09249685020663867,0.00902966570045339,4.25793207618156e-09,-6.587699936555502e-06
2024-07-09,1.0447055366923115,-0.09277013220937491,0.009021149836301028,4.825635025308348e-09,-0.00030113614789928356
2024-07-10,1.0445318047370376,-0.0929210022998247,0.009093808344977,4.115488936329466e-08,-0.00016629753473129671
2024-07-11,1.0445392030340728,-0.09291457756500199,0.009093808344977,1.302080419503214e-07,7.082883449527344e-06
2024-07-12,1.0444988392110643,-0.09294962980175703,0.008833392261076357,3.9916180715629175e-08,-3.864270761544386e-05
2024-07-13,1.0444196606228848,-0.09301838906220217,0.00958811769957952,4.172788999672102e-07,-7.580533860740424e-05
2024-07-14,1.0442969573474843,-0.09312494547681793,0.010226595132419782,3.1923871642013103e-07,-0.00011748464724670171
2024-07-15,1.0436838654688598,-0.09365735891242488,0.01077905696044804,2.7623091401412884e-07,-0.0005870857655134731
2024-07-16,1.044742535110421,-0.09273800251465136,0.03221876649839983,2.1498911729423936e-05,0.0010143585395816501
2024-07-17,1.0443910678808153,-0.09304321920686631,0.03221876649839983,8.98519344899245e-07,-0.0003364151623925782
2024-07-18,1.0439652402790547,-0.09341301098577282,0.03042172780860134,3.814130335869012e-07,-0.0004077281153109791
2024-07-19,1.0446672763003915,-0.09280335781131166,0.03005475624578446,1.9792725217846093e-07,0.0006724706860428142
2024-07-20,1.0450208596054937,-0.09249630350378246,0.030237508858878163,9.137630654685106e-08,0.00033846499562462107
2024-07-21,1.0449922682880641,-0.09252113241127902,0.030578122073088333,1.7030660710508523e-07,-2.7359566238449595e-05
2024-07-22,1.0446120540712969,-0.09285131319571516,0.030578122073088333,3.459689827814416e-08,-0.00036384404776257373
2024-07-23,1.0446041648572857,-0.0928581642464017,0.03052029746067631,5.684592072133232e-09,-7.552290802403938e-06
2024-07-24,1.0442620075237676,-0.09315529615730744,0.03052029746067631,5.076661740940208e-08,-0.0003275473571968668
2024-07-25,1.041634160334619,-0.09543733772237217,0.030469152751017914,2.5194262580203326e-08,-0.0025164634643577433
2024-07-26,1.0411897868724032,-0.09582323486105515,0.030469152751017914,2.0783563134833074e-05,-0.00042661183661141244
2024-07-27,1.0411052472537081,-0.09589664967929634,0.011097973518648236,6.947588399577477e-07,-8.119520548133252e-05
2024-07-28,1.0411393240015763,-0.09586705718420818,0.00970845583873274,1.261104884073142e-07,3.273131891345926e-05
2024-07-29,1.0410177907811489,-0.09597259751459597,0.00960123824668795,7.250169238491848e-08,-0.00011673098654851888
2024-07-30,1.0409730942710733,-0.0960114122882354,0.009620507618439415,9.63468587573263e-09,-4.293539501987187e-05
2024-07-31,1.0410259209503423,-0.095965537216681,0.009620507618439415,1.606763520268194e-08,5.0747401212802856e-05
2024-08-01,1.0415991325333107,-0.09546775611916813,0.00958837234803405,1.961889227666304e-09,0.0005506218158770615
2024-08-02,1.0418474141021874,-0.09525214660338055,0.00969439537074917,5.497340058522628e-08,0.00023836576003222198
2024-08-03,1.042146938779565,-0.09499203720038296,0.00969439537074917,2.9210805016875295e-07,0.00028749380506587485
2024-08-04,1.0425218816331179,-0.09466643410600784,0.00918877371445331,3.92972220208225e-08,0.0003597792591421012
2024-08-05,1.0437753811122437,-0.0935778860637303,0.009492122097830576,1.5167419168863293e-07,0.0012023723446037415
2024-08-06,1.043442083702198,-0.0938673239528105,0.009635692981288706,7.178544172906522e-08,-0.00031931909496574207
2024-08-07,1.0437735179219145,-0.09357950407173032,0.009635692981288706,1.2877895411506436e-06,0.00031763547291552285
2024-08-08,1.0434814356095947,-0.09383315047091456,0.007060113898987419,5.330117668442703e-08,-0.00027983303590783937
2024-08-09,1.0433278711580054,-0.09396650695484188,0.006953511545618565,6.36153491961858e-08,-0.00014716548502735627
2024-08-10,1.0432099191607433,-0.09406893732504984,0.006826280847226193,1.893131116372437e-08,-0.0001130536243867386
2024-08-11,1.0431684741473706,-0.09410492847536178,0.006788418224898745,4.917459047681927e-09,-3.97283544011362e-05
2024-08-12,1.0429592005209531,-0.09428666321090062,0.006778583306803381,1.7973397477991613e-08,-0.00020061344989652508
2024-08-13,1.043052397595186,-0.09420573019545742,0.006742636511847398,1.1843255354163258e-09,8.93583125667341e-05
2024-08-14,1.0429901313396963,-0.09425980266348943,0.006740267860776565,3.626404895352682e-08,-5.9696191329505766e-05
2024-08-15,1.043000683349868,-0.09425063922129762,0.00668365921430043,7.959725715459172e-09,1.0117075755600169e-05
2024-08-16,1.0432702237732918,-0.09401656836198036,0.006953068402095893,1.347045938977316e-07,0.00025842784930074636
2024-08-17,1.0431598769966746,-0.09411239430340168,0.007085567965126172,6.624978151513949e-08,-0.00010577008152001799
2024-08-18,1.0429763768225337,-0.09427174718598752,0.007085567965126172,3.519525763137112e-08,-0.00017590800622846459
2024-08-19,1.0432172610070154,-0.09406256161247939,0.0070151774498634295,2.279865133833969e-08,0.0002309584280446586
2024-08-20,1.0432402455040715,-0.09404260170847478,0.00696958014718675,7.425466423710558e-09,2.2032320510234626e-05
2024-08-21,1.043161998340313,-0.09411055211319486,0.006954729214339329,6.773521023884476e-09,-7.500397352522281e-05
2024-08-22,1.043165861586836,-0.0941071972418851,0.006944572023074945,1.694925391692529e-09,3.7034003641522872e-06
2024-08-23,1.0415504276282663,-0.09551005181208083,0.05529406874620371,2.417474836156438e-05,-0.0015485878306165102
2024-08-24,1.0413121208756084,-0.09571699912509302,0.05529406874620371,2.41910560467488e-05,-0.00022880001422209695
2024-08-25,1.0413169826582258,-0.09571277711779402,0.02043400999887847,1.3672983325792288e-05,4.668900442039714e-06
2024-08-26,1.040978423385375,-0.09600678444671118,0.02153519782463057,5.50593912876051e-07,-0.0003251260456614835
2024-08-27,1.0397543087200205,-0.09706981450351193,0.02197854747147674,2.2167482342308475e-07,-0.0011759270296598512
2024-08-28,1.0390412741125923,-0.09768901892993365,0.022008522831206644,1.4987679864951822e-08,-0.0006857722073797534
2024-08-29,1.0387266164035236,-0.09796226996744761,0.022008522831206644,1.4571809530494063e-05,-0.00030283465817038113
2024-08-30,1.0390979876633961,-0.0976397684709377,0.007135096229781483,6.80374826663539e-09,0.0003575255067147509
2024-08-31,1.038889011563478,-0.09782124483230603,0.007121488733248213,6.265844941320387e-08,-0.00020111298684077905
2024-09-01,1.0389970870754317,-0.09772739127359731,0.006996171834421805,6.892035391039327e-08,0.00010402989226721004
2024-09-02,1.0388984131736523,-0.09781308040581838,0.006945067797782908,4.3368335590945015e-08,-9.497033534311417e-05
2024-09-03,1.0390988973305693,-0.09763897850936465,0.006966955008060524,1.094360513880779e-08,0.0001929776332059152
2024-09-04,1.0390600729760124,-0.09767269386054689,0.006993198521430062,1.312175668476915e-08,-3.7363483548435994e-05
2024-09-05,1.0393125204188631,-0.09745346666957533,0.007050625064303671,2.8713271436804545e-08,0.00024295750497138613
2024-09-06,1.039654013094469,-0.09715691195242293,0.009768731460591222,1.3590531981437755e-06,0.00032857554286414015
2024-09-07,1.039599078935614,-0.09720461717454032,0.009768731460591222,1.4987315510847643e-08,-5.2838885019501625e-05
2024-09-08,1.039847166398293,-0.096989176221983,0.009950974186327764,1.0610867837911823e-07,0.00023863763224518664
2024-09-09,1.0396181470032013,-0.09718805832630151,0.010361280746693569,2.0515328018290252e-07,-0.00022024332275738523
2024-09-10,1.0394613544816749,-0.09732421808958314,0.01040106589621011,1.9892574758271013e-08,-0.00015081741501010715
2024-09-11,1.0394477476768456,-0.09733603433761928,0.01040106589621011,2.890456321659636e-08,-1.3090245994717975e-05
2024-09-12,1.0394591674269105,-0.09732611734380847,0.010343256769776918,3.1257227085728505e-08,1.0986362801057581e-05
2024-09-13,1.039060795155111,-0.09767206671497808,0.01057104651740026,1.4515210089739977e-07,-0.0003832495631169719
2024-09-14,1.0390081236206372,-0.09771780705766664,0.010593747283628056,1.1350383113897626e-08,-5.06914847698825e-05
2024-09-15,1.0390524997868762,-0.09767927047293912,0.010593747283628056,1.97687131466881e-07,4.2710124417810746e-05
2024-09-16,1.0395907444077825,-0.09721185493897921,0.010198373020694294,7.853614073169424e-09,0.0005180148462278211
2024-09-17,1.0391358106217163,-0.09760692273951288,0.010519419651817687,1.6837692963486608e-07,-0.0004376085382714612
2024-09-18,1.039520543186145,-0.0972728181891852,0.010519419651817687,2.621476367971574e-07,0.0003702428118621537
2024-09-19,1.0388994030605305,-0.09781222078087137,0.009995124378223372,1.4126496715903287e-07,-0.0005975255897384679
2024-09-20,1.0384121718678523,-0.09823533588363653,0.009712594443905306,2.7648760925528226e-08,-0.00046898784544879835
2024-09-21,1.03840654309769,-0.0982402239484842,0.026623570210768877,1.8140433566411566e-05,-5.420554879065342e-06
2024-09-22,1.0385258750554585,-0.0981365952105605,0.026623570210768877,5.474360679609877e-07,0.0001149183415276589
2024-09-23,1.0396014313433943,-0.09720257432655621,0.025528718216187678,1.0070670387885006e-11,0.0010356567070426426
2024-09-24,1.0389742821099626,-0.09774719527106923,0.0258739077734143,1.7259477861331086e-07,-0.0006032593016200849
2024-09-25,1.038857007797811,-0.09784903713461035,0.0258739077734143,1.1701978916177705e-07,-0.00011287508668200719
2024-09-26,1.039381975460891,-0.0973931514071561,0.025639868195090745,1.1007186633836888e-07,0.0005053319745980112
2024-09-27,1.03970445313653,-0.09711310945393581,0.02549907814234634,3.9676839966166705e-08,0.000310259060916529
2024-09-28,1.0395706635482052,-0.09722929330313035,0.026689521032324998,5.952214449893283e-07,-0.00012868040328495312
2024-09-29,1.0395315540254797,-0.09726325629641919,0.027257860531870952,2.8416974977297715e-07,-3.762084107983288e-05
2024-09-30,1.0387739507068483,-0.09792116451501243,0.02772694031942205,2.34539893775549e-07,-0.0007287929988215591
2024-10-01,1.03792967701315,-0.09865433791613942,0.029471246568882364,8.721531247301573e-07,-0.0008127597858298419
2024-10-02,1.0381197243499383,-0.0984892994300085,0.029471246568882364,1.9635140416298303e-05,0.00018310232475449162
2024-10-03,1.038612484712904,-0.09806138275564957,0.00979903426371424,6.34750762438397e-08,0.00047466621759295613
2024-10-04,1.0382865440446802,-0.09834443199675569,0.00967208411122656,5.3180724287555175e-08,-0.0003138231756509846
2024-10-05,1.038293754117667,-0.0983381707170623,0.00956572266265145,1.6826686486078915e-07,6.944203434944285e-06
2024-10-06,1.0381708232303983,-0.0984449247914756,0.009229188932929872,1.0054625580828511e-07,-0.00011839702086158255
2024-10-07,1.0380596608000994,-0.09854145905247202,0.009255860207820306,1.1388189325350212e-07,-0.00010707527876285816
2024-10-08,1.0382769460959345,-0.09835276692508321,0.009490307887782202,1.1722383998094814e-07,0.00020931869722207175
2024-10-09,1.0381048977022043,-0.09850217499847358,0.009490307887782202,7.727194688425011e-09,-0.00016570568610774217
2024-10-10,1.0383295637609107,-0.09830707336305711,0.00949416687919401,9.65669039432876e-09,0.0002164194188856161
2024-10-11,1.038167273581431,-0.098448007332393,0.00951899885193292,1.2415986369455726e-08,-0.00015629929566485234
2024-10-12,1.0380477592480055,-0.09855179444666051,0.00951899885193292,4.864125059219921e-08,-0.00011512049788886536
2024-10-13,1.0381765021939646,-0.09843999313831164,0.009421716350748522,2.1687704110803785e-08,0.0001240241066091663
2024-10-14,1.0374254572024,-0.09909220605809699,0.009378340942526915,9.210651647610819e-09,-0.0007234270761997674
2024-10-15,1.0366491974566063,-0.09976631565339722,0.028691589422693294,1.9025754530962495e-05,-0.0007482559256704047
2024-10-16,1.0370148294715216,-0.09944879815884866,0.028691589422693294,1.5239945125765446e-06,0.0003527056364061032
2024-10-17,1.0372530928856596,-0.09924188848132154,0.025643600397540205,1.4700972612687394e-07,0.0002297589266475608
2024-10-18,1.0374957320281606,-0.0990311788895365,0.02672825719175192,6.893381232327325e-07,0.00023392472306471568
2024-10-19,1.0374216310997206,-0.09909552867342353,0.02746609800215194,3.68920405200009e-07,-7.142287543837611e-05
2024-10-20,1.038095835408005,-0.09851004476050651,0.028474206490749027,5.040542442985435e-07,0.0006498845677294085
2024-10-21,1.0377848627274682,-0.09878009569250712,0.03072345537917861,1.1246244442147912e-06,-0.00029956066668068715
2024-10-22,1.037096669227782,-0.09937772792073418,0.03212768944162422,7.021170312228043e-07,-0.0006631369606615589
2024-10-23,1.0360311201609755,-0.1003030584613036,0.03212768944162422,6.025041090467962e-08,-0.0010274346629619568
2024-10-24,1.035854370232318,-0.1004565493817362,0.03200718861981486,2.0750112003760023e-07,-0.00017060291454085164
2024-10-25,1.0358497699038827,-0.10046054434032659,0.032145270754955504,2.765421876079234e-07,-4.4410957347196245e-06
2024-10-26,1.034959702074693,-0.1012334857009678,0.03258322344859792,2.1897634682120638e-07,-0.0008592634328348225
2024-10-27,1.035566087320569,-0.10070689635389873,0.032595272149393756,6.0243503979193205e-09,0.0005859022768293087
2024-10-28,1.0355565854092923,-0.10071514788259128,0.032595272149393756,8.517345761097431e-08,-9.175572072583904e-06
2024-10-29,1.0374840230858966,-0.09904134701995126,0.03242492523417181,9.472192710250141e-08,0.0018612577079417658
2024-10-30,1.037935837311386,-0.09864898826845614,0.03223951627007336,2.0174450532789435e-09,0.0004354902971368535
2024-10-31,1.036541854720496,-0.09985953286424687,0.03223951627007336,1.3590738682900915e-06,-0.0013430334908763886
2024-11-01,1.0357900908917548,-0.10051237002745184,0.029925957360760612,2.0229441363371626e-07,-0.0007252614308973504
2024-11-02,1.0356655746319945,-0.1006205008508394,0.029925957360760612,4.6495461883279757e-07,-0.00012021379703530677
2024-11-03,1.035110505836568,-0.10110252662001828,0.02903041442667978,1.7183151792381224e-08,-0.0005359536987828983
2024-11-04,1.035116489401052,-0.10109733044920732,0.030916713289381153,9.431494313506869e-07,5.780604534155742e-06
2024-11-05,1.0351131108543905,-0.10110026440364084,0.031389032015232785,2.361593629258158e-07,-3.263928936125815e-06
2024-11-06,1.0376300956455875,-0.09891449654930495,0.03139037615128902,6.720680281180336e-10,0.0024316036236093908
2024-11-07,1.0402051546889926,-0.09667829659300142,0.03152868306042821,6.915345456959612e-08,0.002481673434692633
2024-11-08,1.0411083797133935,-0.09589392942857833,0.03152868306042821,1.93006540464568e-06,0.0008683143131218429
2024-11-09,1.0420348567711857,-0.09508937002965623,0.027668552251136853,1.197171386836584e-06,0.0008898949195383921
2024-11-10,1.0434761594580513,-0.09383773231919534,0.025274209477463686,1.0856581357880299e-07,0.0013831616836019744
2024-11-11,1.0437371341460633,-0.09361110000665729,0.0251068763504852,2.4899250089560275e-08,0.00025010124634472497
2024-11-12,1.043966189117685,-0.09341218700742204,0.0251068763504852,4.186197762073695e-07,0.00021945657017341524
2024-11-13,1.0443667481876808,-0.09306433860483276,0.024273031994806772,1.6975983681555285e-09,0.0003836896962485792
2024-11-14,1.0425364366381205,-0.09465379443406163,0.02447235818806444,9.966309662883324e-08,-0.0017525563244331632
2024-11-15,1.042068378163936,-0.0950602598089817,0.026542140896699647,1.0348913543176043e-06,-0.00044896126191296126
2024-11-16,1.0430462702921361,-0.09421105118988171,0.026542140896699647,1.186143433681279e-06,0.0009384145500312968
2024-11-17,1.0426145188793257,-0.09458598724928335,0.02416985402933709,8.895210790289127e-08,-0.00041393313519022534
2024-11-18,1.0430820759693626,-0.09417995727999473,0.023991949813531307,1.9535300228078027e-07,0.00044844674765065484
2024-11-19,1.042796620718471,-0.09442784869095311,0.023601243808969746,9.363242482686614e-08,-0.00027366518653493266
2024-11-20,1.0430017969550545,-0.09424967215847402,0.023413978959316014,1.81491159624448e-08,0.00019675575515720745
2024-11-21,1.0441506781039083,-0.09325197543324959,0.023378009902384058,1.6458749646681982e-10,0.001101514064701048
2024-11-22,1.044444503742627,-0.09299681511677194,0.023452656529307933,3.732331346193753e-08,0.0002814015686409821
2024-11-23,1.0455095402477035,-0.09207192968852784,0.023452656529307933,1.4468766425289154e-07,0.0010197157448401661
2024-11-24,1.0443121956328902,-0.0931117124392119,0.023731237568733167,2.8397818396550846e-07,-0.001145225910160641
2024-11-25,1.045930294125097,-0.0917065439686735,0.023731237568733167,1.5922673172368007e-07,0.00154943942910446
2024-11-26,1.0335929032755227,-0.10242042369480076,0.17865529300352137,7.762125444911779e-05,-0.01179561479275204
2024-11-27,1.0353429849717057,-0.10090064005234212,0.17865529300352137,7.839759385403809e-05,0.0016932021210975812
2024-11-28,1.0346270680300131,-0.10152234751875144,0.16333912342744886,7.073950906600184e-05,-0.0006914780435897105
2024-11-29,1.0378831753759186,-0.09869472027529802,0.16333912342744886,3.461329585857806e-06,0.003147131412391646
2024-11-30,1.0406987313714788,-0.09624967102084803,0.15974236572626035,1.6629507352635548e-06,0.002712787009522044
2024-12-01,1.0431783589212607,-0.0940963444659979,0.15974236572626035,7.56134948293602e-08,0.002382656454777976
2024-12-02,1.0406294407597965,-0.09630984349076221,0.1653761605132682,2.892510888333283e-06,-0.002443415490429368
2024-12-03,1.0359064030591831,-0.10041136369736903,0.16812334804161871,1.3735937641752572e-06,-0.00453863547928357
2024-12-04,1.0477726389194186,-0.0901066383823883,0.16812334804161871,4.930487036142461e-07,0.011454930508389305
2024-12-05,1.0509073153072421,-0.08738446266395983,0.16713725063439022,6.248898226784982e-07,0.0029917524770060044
2024-12-06,1.0556070833842939,-0.08330314996728372,0.16588747098903323,2.4962674231490124e-06,0.0044721052071807765
2024-12-07,1.0560884589623194,-0.08288511992276759,0.16132762430567987,2.163440814723361e-07,0.00045601776039938535
2024-12-08,1.055523264734562,-0.08337593869084625,0.16819905527261667,3.4357154834683964e-06,-0.00053517697590999
2024-12-09,1.0476319183607592,-0.09022884113650809,0.1772122177369609,4.50658123217211e-06,-0.007476241062089883
2024-12-10,1.0351528575790514,-0.10106574805956803,0.17769628597560883,2.4203411932396947e-07,-0.011911684402704736
2024-12-11,1.0459972562486155,-0.09164839357477494,0.17769628597560883,2.2689720160940506e-06,0.010476132669841265
2024-12-12,1.0537940147705287,-0.08487763190596409,0.17315834194342072,3.3388218407029714e-06,0.007453899592312574
2024-12-13,1.0507540020261805,-0.08751760102957862,0.16648069826201478,2.7972275642964007e-06,-0.0028848263529073215
2024-12-14,1.050906424834535,-0.0873852359569195,0.16088624313342198,1.2596614995346868e-06,0.00014506041191153507
2024-12-15,1.051209760221788,-0.08712181730581792,0.1583669201343526,4.2764672392392455e-07,0.0002886416716869622
2024-12-16,1.0533825856697716,-0.08523491992213261,0.1690387961545313,5.763584734013269e-06,0.002066976097641282
2024-12-17,1.0533168910553232,-0.0852919696019585,0.17032043743414788,6.4082063980829e-07,-6.2365388740937e-05
2024-12-18,1.0501341079551767,-0.08805592153840025,0.17224361026402926,9.615864149406933e-07,-0.0030216766930938332
2024-12-19,1.0380112172755067,-0.098583527760704,0.173515811244853,6.361004904118645e-07,-0.011544135732604932
2024-12-20,1.0414906075204902,-0.09556200002769077,0.173515811244853,0.00011548300086779225,0.003351977499932657
2024-12-21,1.0414834549847511,-0.09556821134162086,0.05745019049073151,2.5345513368919388e-05,-6.86759505141854e-06
2024-12-22,1.0416536310585105,-0.09542042920447757,0.006759163752892729,1.8115924654978903e-07,0.0001633977697328426
2024-12-23,1.0416969934722962,-0.09538277296973563,0.006525253742459895,6.420424133337169e-08,4.162843817989703e-05
2024-12-24,1.041261679106616,-0.09576080312325985,0.006525253742459895,2.029973369523184e-08,-0.00041788962472677493
2024-12-25,1.0412985224629667,-0.0957288080852926,0.006616460556559452,6.590314074501067e-08,3.538337872943664e-05
2024-12-26,1.0415515524551604,-0.09550907500424499,0.006616460556559452,5.6543544856166305e-08,0.0002429946713002895
2024-12-27,1.0415855897556998,-0.09547951676550326,0.006798709372128545,1.4766795264071262e-07,3.2679419913916874e-05
2024-12-28,1.0414905979587317,-0.09556200833119122,0.007023253269158178,1.1227194851481633e-07,-9.119922347000653e-05
2024-12-29,1.0414769107700972,-0.0955738943851071,0.007559095620308814,2.679211755753181e-07,-1.3141922414194873e-05
2024-12-30,1.041590093524622,-0.09547560565989466,0.007559095620308814,1.1188544720800668e-08,0.00010867524124003047
2024-12-31,1.0413762258451182,-0.0956613299044653,0.0075851131671957695,2.419731816427845e-08,-0.0002053280660369028
2025-01-01,1.0424122738662358,-0.09476161828601337,0.06088238596174397,2.66486363972741e-05,0.0009948834968638298
2025-01-02,1.0403628625571086,-0.0965413419361002,0.06088238596174397,2.4085783480470166e-07,-0.0019660276078012906
2025-01-03,1.0385335479564164,-0.09812993200769882,0.06040067029213457,2.8455175242868975e-08,-0.0017583428499087228
2025-01-04,1.0404469107638603,-0.09646835386355612,0.17974626317553,0.00012004501155858942,0.001842369763797258
2025-01-05,1.0416291678167748,-0.09544167326109076,0.19008687197802962,5.170304401249812e-06,0.0011362973359638762
2025-01-06,1.0463030587334976,-0.09138283247819268,0.1906083996302791,2.6076382612473526e-07,0.004487096810581015
2025-01-07,1.0322760470845498,-0.10356399116532278,0.19299211724162568,1.191858805673296e-06,-0.013406260769157852
2025-01-08,1.0257880300864601,-0.10919823219943892,0.19299211724162568,9.752745401838542e-07,-0.00628515697560883
2025-01-09,1.0243922418910083,-0.11041034479533152,0.19104156816125797,5.976146219243348e-06,-0.001360698462558374
2025-01-10,1.0202813617743853,-0.11398026291457031,0.18058573371427467,7.48228995751693e-07,-0.004012994191597508
2025-01-11,1.019910835355065,-0.114302030745415,0.18058573371427467,9.430179164522881e-05,-0.00036316101930833344
2025-01-12,1.0198715881187617,-0.11433611333017413,0.0085167157579527,2.494330908848711e-07,-3.8481046521599005e-05
2025-01-13,1.020538231267705,-0.11375719558288788,0.008884564646911317,1.8392444447930865e-07,0.0006536540057733298
2025-01-14,1.0200932662694053,-0.1141436064157978,0.008892792789791456,4.114071440069512e-09,-0.0004360101215904466
2025-01-15,1.0197423359820172,-0.1144483568234953,0.008892792789791456,3.460611937253404e-07,-0.00034401784522442025
2025-01-16,1.0197402967823654,-0.1144501276792681,0.008200670402340775,1.8792650402180492e-07,-1.9997204971922145e-06
2025-01-17,1.0195319322581848,-0.11463107294382857,0.007824817394297166,1.0793252867611226e-07,-0.00020433097018857094
2025-01-18,1.0197892946092821,-0.11440757761087617,0.007608952336944941,1.8512918540259521e-10,0.00025243186893497693
2025-01-19,1.0196012152486198,-0.11457090709226103,0.007608582078574136,4.2042856194198385e-08,-0.00018442962841669353
2025-01-20,1.0196904740528787,-0.1144933940990367,0.007883319553136042,1.794115934751514e-07,8.754285785639304e-05
2025-01-21,1.0197786548654115,-0.11441681724164865,0.008398366066580027,2.5752325672199257e-07,8.647801933947541e-05
2025-01-22,1.01981745939434,-0.1143831191071858,0.008398366066580027,1.2901835780830886e-08,3.805191326522461e-05
2025-01-23,1.0198643054616532,-0.11434243764244545,0.008449829337985704,3.863347148366954e-08,4.59357376958458e-05
2025-01-24,1.019532729479094,-0.11463038063140696,0.008454262488334554,2.2165751744247785e-09,-0.0003251177443747144
2025-01-25,1.0205647969062226,-0.11373412578965558,0.07317302391338723,3.235938071252634e-05,0.0010122945514994264
2025-01-26,1.0206104950397372,-0.11369444119895455,0.07317302391338723,3.21482782947448e-05,4.4777297483200584e-05
2025-01-27,1.0211237858206412,-0.11324869576070207,0.009086799303534608,1.0516598981848406e-07,0.000502925242684471
2025-01-28,1.0209753171152456,-0.11337762706166332,0.009086799303534608,4.044354169835743e-10,-0.000145397362649069
2025-01-29,1.0211964821549162,-0.11318556573657879,0.009085990432700641,2.3943908864281024e-07,0.0002166213384058313
2025-01-30,1.0207617404313591,-0.11356309860352853,0.00860711225541502,2.243965101250342e-08,-0.0004257179995764693
2025-01-31,1.0203120356721287,-0.1139536254792195,0.008562232953390014,2.9861241682129125e-08,-0.0004405580082207372
2025-02-01,1.0238722181666813,-0.11086193717050252,0.06600646769667759,2.8751978613325917e-05,0.0034893075550213037
2025-02-02,1.0243016172254462,-0.11048904391242131,0.06600646769667759,2.9031613333247157e-05,0.0004193873523863356
2025-02-03,1.0251771550953959,-0.10972872047380433,0.007943241030183273,9.568250980855316e-08,0.0008547656815369731
2025-02-04,1.0249378976355525,-0.10993649338783407,0.007751876010566166,8.1706961732922e-08,-0.00023338157571650697
2025-02-05,1.024933749794603,-0.10994009540300886,0.007588462087100322,6.163517692526501e-07,-4.0469192906789075e-06
2025-02-06,1.0250858445713744,-0.10980801519535632,0.006355758548595022,3.6310772815837703e-08,0.00014839473946914872
2025-02-07,1.0250398645585328,-0.10984794457211011,0.006344345649005769,3.060432302121096e-08,-4.4854792490833795e-05
2025-02-08,1.025328941197946,-0.10959690832108515,0.0065761267734897565,1.1589056224199386e-07,0.00028201502147484625
2025-02-09,1.025204315043639,-0.10970513457769449,0.0066105016679655956,1.7187447237919548e-08,-0.00012154748519721537
2025-02-10,1.0251836977070214,-0.10972303882239953,0.0066105016679655956,4.5145826141468945e-08,-2.0110466095069057e-05
2025-02-11,1.025170914914831,-0.10973413949188171,0.006520210015682658,1.3515532262934217e-08,-1.2468782149333002e-05
2025-02-12,1.025303830026471,-0.10961871504458498,0.006502645129680205,4.7330892617080885e-09,0.00012965166072143042
2025-02-13,1.024956738715001,-0.10992013165774206,0.019519392298841542,6.508373584580668e-06,-0.0003385253242034203
2025-02-14,1.0242720220449781,-0.11051474458186383,0.02049348842939928,4.870480652788694e-07,-0.0006680444590111412
2025-02-15,1.0246075310664553,-0.11022338611337035,0.021091923928883777,2.992177497422484e-07,0.0003275585140070092
2025-02-16,1.0245769091502641,-0.11024997840756412,0.02129822112193646,1.0314859652634131e-07,-2.988648361545998e-05
2025-02-17,1.0240717598450768,-0.11068865372923486,0.02129822112193646,5.3312315004376555e-09,-0.0004930321000577997
2025-02-18,1.0247261194100907,-0.11012040313535487,0.021573205758581064,1.4282354982273969e-07,0.0006389782344129458
2025-02-19,1.0245236371056425,-0.11029624023762208,0.021573205758581064,2.1014334935650152e-08,-0.00019759650956585606
2025-02-20,1.0243907297046997,-0.11041165798889341,0.021628927416488843,4.88751638895394e-08,-0.00012972604646088737
2025-02-21,1.0242809316038644,-0.11050700745628483,0.021628927416488843,2.8683248826235492e-08,-0.00010718380950991424
2025-02-22,1.0238464587573826,-0.11088430682843164,0.02157156091883637,1.70550614542464e-08,-0.0004241735182900497
2025-02-23,1.0237830285688847,-0.11093939006433284,0.02153745079592788,1.46515822812502e-08,-6.195283282073305e-05
2025-02-24,1.0247613775124658,-0.11008978474344167,0.02150814763136538,8.120758805525708e-08,0.0009556213731656271
2025-02-25,1.026899174118549,-0.10823330666021003,0.021842064653478665,2.481660991119003e-07,0.0020861408841075235
2025-02-26,1.0255658219708716,-0.10939119933921848,0.17163311031928621,7.489552283290378e-05,-0.0012984255721321114
2025-02-27,1.0323606071746603,-0.10349055856955591,0.17163311031928621,7.425658296299099e-06,0.006625401371826101
2025-02-28,1.039187225282031,-0.09756227387546323,0.15997326179701232,1.5957340351621525e-06,0.006612629404806558
2025-03-01,1.0427594478297786,-0.09446012989719665,0.15997326179701232,5.078612363712404e-07,0.0034375158401134254
2025-03-02,1.0384033552916163,-0.0982429922624074,0.15895753932426984,7.450234409213663e-07,-0.0041774663823270775
2025-03-03,1.0334430140303728,-0.10255058860279109,0.16381194143955877,3.172224498565829e-06,-0.004776892559106183
2025-03-04,1.0499272558007695,-0.08823555345007672,0.1690464226612695,2.617240610855373e-06,0.015950798976438252
2025-03-05,1.0403158470340577,-0.09658217055743279,0.1692250768308516,8.932708479104934e-08,-0.009154356850542444
2025-03-06,1.0349131469098403,-0.101273914543901,0.1692250768308516,5.160308764892263e-06,-0.005193326757081618
2025-03-07,1.0353362710198803,-0.10090647049681944,0.15890445930106709,6.810942427163739e-05,0.00040884987431177855
2025-03-08,1.0356083206499798,-0.10067022062421993,0.022685610757792338,3.976948159615037e-08,0.0002627645120818478
2025-03-09,1.0427192051182832,-0.09449507695983506,0.1804368013306034,7.891536476800169e-05,0.006866384062888864
2025-03-10,1.0496382063761407,-0.08848656606758543,0.1811254389696331,3.4431881951484114e-07,0.006635536416604193
2025-03-11,1.058564373552847,-0.08073501772867264,0.1811254389696331,9.990556944926982e-07,0.008504041795054595
2025-03-12,1.0627346108269764,-0.07711355342319703,0.17993351408043312,4.030932498927109e-07,0.003939521656232792
2025-03-13,1.0619047098994268,-0.0778342454099209,0.17993351408043312,1.2664012375359635e-06,-0.0007809107928721248
2025-03-14,1.0571870491132456,-0.08193109626502337,0.17746081567719754,3.0052035918173846e-08,-0.004442640419805355
2025-03-15,1.0556614630161059,-0.08325592630047374,0.17746081567719754,6.418141588869497e-08,-0.00144306165916408
2025-03-16,1.059679459232421,-0.07976666923416942,0.17733245284542015,1.3164481995480844e-06,0.0038061408482579218
2025-03-17,1.0572156679673952,-0.08190624344443942,0.17545665129941443,3.7854742654522266e-07,-0.0023250344654274224
2025-03-18,1.0609819312296003,-0.07863559310190049,0.17964450744959515,2.0939280750903596e-06,0.0035624361010937466
2025-03-19,1.0448019912250954,-0.09268637039329186,0.17964450744959515,7.043178147026763e-07,-0.015249967533141562
2025-03-20,1.0426862489910216,-0.09452369629985802,0.1782358718201898,0.00011886004114807334,-0.0020250174213296557
2025-03-21,1.0420816038485583,-0.09504877452849836,0.05948421047595687,2.817127368305569e-06,-0.0005798917392896286
2025-03-22,1.043114525961605,-0.09415177747129466,0.05384995573934573,1.1153214802026024e-07,0.0009912103900815428
2025-03-23,1.0437104753333357,-0.09363425071304954,0.05384290138505887,1.0800497087683214e-07,0.0005713172972876546
2025-03-24,1.0459829802633416,-0.0916607909439644,0.05384290138505887,1.6759379425387854e-07,0.002177332683455546
2025-03-25,1.0454005550836065,-0.0921665731957575,0.053507713796551115,6.417974568950422e-08,-0.0005568208954850329
2025-03-26,1.0439416205665,-0.09343352251552506,0.05337935430517211,4.749823990217693e-07,-0.0013955746531951752
2025-03-27,1.0437675557646096,-0.09358468165239153,0.052510701634926285,4.0656063898858453e-08,-0.00016673806126876745
2025-03-28,1.0400061818576378,-0.09685108604337178,0.05306028826860077,2.7479331683724283e-07,-0.0036036509146101237
2025-03-29,1.0389696402090487,-0.09775122633150157,0.058447025222020235,2.693368476709732e-06,-0.0009966687378151207
2025-03-30,1.041726520710374,-0.09535713130195766,0.16779534044492245,0.00011312118283347133,0.00265347551519568
2025-03-31,1.03880372500656,-0.09789530829711912,0.1702728635651653,1.2387615601214264e-06,-0.0028057226591696738
2025-04-01,1.0313982568166973,-0.10432627060262056,0.17306540333468262,1.3962698847586608e-06,-0.007128842544164571
2025-04-02,1.0328978034799305,-0.10302405340050036,0.17306540333468262,2.1816793506776454e-07,0.0014538968369639527
2025-04-03,1.0439905060689267,-0.09339106999053526,0.1726290674645471,1.2220180312176587e-06,0.010739399920906445
2025-04-04,1.0425099679455754,-0.09467678003870794,0.17222248982706614,1.0187292124771847e-06,-0.0014181528612999816
2025-04-05,1.0438329743077668,-0.09352787171487797,0.18416774500498442,5.972627588959139e-06,0.0012690587168189271
2025-04-06,1.0463133907581248,-0.09137386007304371,0.19332968182001625,4.580968407515914e-06,0.002376257994725295
2025-04-07,1.0706026262427009,-0.0702809117508052,0.1981389612222932,2.4046397011384667e-06,0.023214111277862548
2025-04-08,1.073734074860975,-0.06756153905087225,0.19866998324492016,2.6551101131348786e-07,0.002924940161287415
2025-04-09,1.0787080556876283,-0.06324209801292657,0.19866998324492016,1.620619497264547e-05,0.004632414061458201
2025-04-10,1.0769089023354776,-0.06480449583746062,0.16782808732601162,7.852470131912009e-07,-0.001667877923654415
2025-04-11,1.0684303155980814,-0.072167362075514,0.16862403642159407,3.979745477912244e-07,-0.007873077025376207
2025-04-12,1.0580264714701904,-0.08120213579993119,0.171951172774406,1.6635681764059634e-06,-0.009737503678064363
2025-04-13,1.0654479044749419,-0.0747573095333498,0.171951172774406,2.547967233115095e-06,0.007014411458379444
2025-04-14,1.0607757543668082,-0.07881463858543891,0.1668552383081758,3.3700074450769836e-06,-0.004385151154277622
2025-04-15,1.06135759652252,-0.07830936263593768,0.16011522341802184,4.416561894350357e-07,0.0005485062731815926
2025-04-16,1.0644023131584333,-0.07566530861875953,0.15923191103915177,6.861561352288354e-07,0.0028687000930593953
2025-04-17,1.065076769965462,-0.07507960543410097,0.1583175128804226,2.2895705586424565e-07,0.0006336483852926733
2025-04-18,1.0650270158174882,-0.0751228122971862,0.15860067201824074,1.415795689090754e-07,-4.6714142469928e-05
2025-04-19,1.0624222590449233,-0.0773848019769603,0.15894005736759723,1.696926746782429e-07,-0.0024457189666348134
2025-04-20,1.066333383206379,-0.07398835337849241,0.17578714713794152,8.42354488517215e-06,0.003681327389519762
2025-04-21,1.060384264726536,-0.07915461102945409,0.17669925695898012,4.5605491051929624e-07,-0.00557904176454993
2025-04-22,1.0512505536147014,-0.08708639202744073,0.17669925695898012,2.0997282681965713e-07,-0.008613586051455346
2025-04-23,1.053768811900106,-0.08489951826149533,0.1762793113053408,0.00011721177021332857,0.002395488189513406
2025-04-24,1.0527719717834148,-0.08576518145127565,0.05814422912131635,9.443805104333985e-07,-0.0009459761054184668
2025-04-25,1.0541663902936702,-0.08455425829994523,0.056255468100449554,4.1056830008479735e-07,0.00132452092915325
2025-04-26,1.0539919366160246,-0.08470575513933887,0.05543433150027996,3.708258332851128e-08,-0.00016548969806451375
2025-04-27,1.0538031365000797,-0.08486971052984049,0.05536016633362294,8.531716407315926e-08,-0.0001791286151122673
2025-04-28,1.0528244994591185,-0.0857195660365867,0.05518953200547662,3.155294185652746e-12,-0.0009286715963032766
2025-04-29,1.0546281702475497,-0.08415324523761103,0.05822425574046373,1.5173650227877403e-06,0.0017131732680670808
2025-04-30,1.0529244485088176,-0.08563276955666055,0.05822535510342636,5.496814813148176e-10,-0.0016154714872953502
2025-05-01,1.0559271583168401,-0.08302519457359792,0.05822535510342636,2.5417120919290355e-07,0.0028517808778045772
2025-05-02,1.0555495931392571,-0.08335307491318666,0.05771701268504055,1.7816881338390823e-07,-0.0003575674463934808
2025-05-03,1.0553444758298225,-0.08353120027290206,0.057360675058272734,2.699372219781247e-07,-0.00019432275921960063
2025-05-04,1.0552350265524002,-0.08362624681951081,0.056844935155736555,1.2067270710035273e-08,-0.00010370952795735189
2025-05-05,1.0542260739673257,-0.08450242856471557,0.05996819354297562,1.561629193619532e-06,-0.0009561401580560069
2025-05-06,1.0531445393960481,-0.08544164103334828,0.05999553689734585,1.3671677185116832e-08,-0.0010259038340834081
2025-05-07,1.0548326468540725,-0.08397567626895286,0.05999553689734585,8.890841114488762e-08,0.0016029209618231288
2025-05-08,1.062544091475644,-0.07727900181018266,0.05981772007505608,5.7568414772300735e-08,0.007310585849397366
2025-05-09,1.072269296999547,-0.06883356277324404,0.07779485186283291,9.04613430866072e-06,0.009152754790997752
2025-05-10,1.0727007117416267,-0.06845891908114776,0.07779485186283291,3.5015286221989485e-05,0.00040233805377454246
2025-05-11,1.0727988217732756,-0.06837371961783922,0.007764279418853953,4.1991480654330824e-07,9.146076866972663e-05
2025-05-12,1.072882921108604,-0.06830068714486814,0.006924449805767337,6.091436981799308e-08,7.83924568317218e-05
2025-05-13,1.0731179656487575,-0.06809657276086323,0.006870756374695646,3.4067654282147595e-08,0.0002190775298303027
2025-05-14,1.0732192124800755,-0.06800864927796335,0.00701074896851964,6.999629691199728e-08,9.434827722154537e-05
2025-05-15,1.0731253811383261,-0.06809013309591971,0.007279691381716274,1.3447120659831675e-07,-8.74298006018348e-05
2025-05-16,1.0732270945654192,-0.06800180441786341,0.007287665592477692,3.987105380709368e-09,9.4782426062201e-05
2025-05-17,1.0728625537107892,-0.06831837434090349,0.007287665592477692,1.9417087752417186e-08,-0.0003396679570222272
2025-05-18,1.0731937529459654,-0.06803075852210283,0.007361476561219801,5.632257212347157e-08,0.0003087061189996909
2025-05-19,1.0728719682563592,-0.06831019868122445,0.007361476561219801,1.61337419041709e-07,-0.00029983839239333676
2025-05-20,1.0729264573991628,-0.06826287991427482,0.007038801723136383,1.7933759495361927e-08,5.078811304626285e-05
2025-05-21,1.0731730738536,-0.06804871639594745,0.007002934204145659,1.4180149172424638e-07,0.0002298540153775619
2025-05-22,1.0734574082235186,-0.06780179836615863,0.006810850181456793,4.575948037981344e-08,0.0002649473573723693
2025-05-23,1.0731954581859753,-0.06802927767930611,0.006810850181456793,3.0175607898708276e-09,-0.0002440246213204489
2025-05-24,1.073162642556125,-0.06805777501035781,0.00685017425842782,2.2679599275383934e-08,-3.0577496021422235e-05
2025-05-25,1.0730390510017933,-0.06816510281284205,0.00685017425842782,3.919577198994474e-08,-0.00011516572552239257
2025-05-26,1.0731985330729545,-0.06802660742514388,0.006815320225846988,2.176875569952913e-08,0.00014862653043090646
2025-05-27,1.0734868160566657,-0.0677762603904889,0.006815320225846988,2.7066626932371103e-08,0.00026862036689800917
2025-05-28,1.0733777248949574,-0.06787099594681334,0.006770109430767996,4.461229392874796e-09,-0.00010162319655648844
2025-05-29,1.0734277380577755,-0.067827564153358,0.006770109430767996,1.6864489193790625e-08,4.6594187350423866e-05
2025-05-30,1.0733070701792768,-0.0679323530145366,0.006744060057288856,3.839802454220533e-09,-0.00011241360198166461
2025-05-31,1.0731376185397465,-0.06807950604773927,0.006759852771074548,7.896356892846297e-09,-0.00015787806140066252
2025-06-01,1.0731009190084302,-0.06811137618700314,0.0068185890034536305,2.9368116189541164e-08,-3.4198345750025005e-05
2025-06-02,1.0731645023597545,-0.06805615994339231,0.006827209908189353,4.3104523678610434e-09,5.925197733280818e-05
2025-06-03,1.0733931019871066,-0.06785764236842451,0.006830345260971432,1.5676763910395935e-09,0.00021301452558852851
2025-06-04,1.0735186941926056,-0.06774857718595095,0.006845881884727859,7.768311878213804e-09,0.00011700485615673273
2025-06-05,1.0733023455012727,-0.06793645595919473,0.006845881884727859,7.52303220369734e-09,-0.00020153229981323406
2025-06-06,1.0730785744229216,-0.06813078038717713,0.00689445401560899,3.1809097644262734e-08,-0.00020848839033416056
2025-06-07,1.0731086363580367,-0.06810467438461265,0.00689445401560899,3.585478386393349e-08,2.8014663443043375e-05
2025-06-08,1.073095786832423,-0.06811583300588375,0.006822744447881123,6.173373639561724e-08,-1.1974114436874572e-05
2025-06-09,1.0731626679972097,-0.06805775291713523,0.007867513395784852,5.841182103474819e-07,6.23254378648852e-05
2025-06-10,1.0795577796719669,-0.06250419153986353,0.07892896918574598,3.553072789498056e-05,0.005959126109648771
2025-06-11,1.083945194758545,-0.05869412844635169,0.08481040035768736,2.9407155859706923e-06,0.004064085470171452
2025-06-12,1.0797830008285176,-0.062308607853451714,0.08481040035768736,5.029928794177532e-06,-0.003839856433844213
2025-06-13,1.0749012670273126,-0.06654794090521154,0.0747505427693323,1.3667247081984232e-06,-0.004521032279132253
2025-06-14,1.0746990869705249,-0.06672351553341749,0.07201709335293545,3.169764129803455e-05,-0.00018809174664369266
2025-06-15,1.0747763521260254,-0.06665641791179344,0.008621810756866348,2.8566789066048274e-07,7.189468795565368e-05
2025-06-16,1.07508316779894,-0.06638997695537252,0.00805165024064861,5.876325516133291e-10,0.0002854693186249424
2025-06-17,1.0714536414537434,-0.06954188396710415,0.06448869680815011,2.8218523283750756e-05,-0.0033760423880798696
2025-06-18,1.071476521668919,-0.06952201462224117,0.06448869680815011,2.8139105863506583e-05,2.135436783379241e-05
2025-06-19,1.0714262175459537,-0.06956569908759946,0.008210485081136948,7.104002595512571e-08,-4.6948413655600874e-05
2025-06-20,1.071431982325441,-0.06956069291126699,0.008332489099381255,1.3204203507727938e-07,5.380472677618542e-06
2025-06-21,1.071180050602295,-0.06977947224750525,0.008332489099381255,4.2452416189331377e-10,-0.0002351355263796595
2025-06-22,1.0740266702143777,-0.06730744712308923,0.025492409463283544,1.6912024757170506e-05,0.002657461376806003
2025-06-23,1.0730689395796922,-0.06813914735494186,0.025880950774003653,1.9427065536005428e-07,-0.0008917196018017881
2025-06-24,1.0711015545314442,-0.06984763880495037,0.025880950774003653,1.8118614417977612e-06,-0.0018334190616133839
2025-06-25,1.0714029994126077,-0.06958586188305327,0.02225722789040813,2.1263617666483944e-07,0.0002814344539845415
2025-06-26,1.0711425567373873,-0.06981203219182308,0.02183195553707845,8.429309748051693e-07,-0.00024308563197783517
2025-06-27,1.0710887457937406,-0.06985876200570429,0.02023273256125148,4.331948689168322e-08,-5.023695800876471e-05
2025-06-28,1.0711053301282032,-0.06984436004933148,0.020589230637782625,1.7824903826557313e-07,1.5483623113876632e-05
2025-06-29,1.071187646524312,-0.0697728758937145,0.16497527512288268,7.219302224255004e-05,7.68518219407266e-05
2025-06-30,1.070690463233099,-0.07020463347105355,0.16497527512288268,7.216787462113822e-05,-0.0004641421069662144
2025-07-01,1.0711455693354952,-0.06980941602976865,0.020690863702076404,2.566891073507195e-08,0.0004250585187988154
2025-07-02,1.0704584508463215,-0.07040611471106717,0.020744519484747245,2.6827891335420503e-08,-0.0006414800274111565
2025-07-03,1.0651907760706065,-0.0749806017052368,0.16523928172116784,7.22473811182103e-05,-0.00492095211313226
2025-07-04,1.0632512558471248,-0.07666489513924846,0.16523928172116784,0.00010987452346134911,-0.0018208195818560924
2025-07-05,1.0634227435793437,-0.07651597394838228,0.0546031404889897,4.668764372966344e-08,0.0001612861788480302
2025-07-06,1.0645865411997264,-0.07550532365105767,0.0546031404889897,1.0656501037964797e-07,0.001094388499220278
2025-07-07,1.0645315562946098,-0.07555307294159685,0.0543900104682304,2.3765434895077382e-05,-5.1649070309967016e-05
2025-07-08,1.0646238047367076,-0.07547296372518242,0.006903945063113038,2.240219251870056e-08,8.665637157578843e-05
2025-07-09,1.064883833006344,-0.07524715328922837,0.006903945063113038,3.6638169001517936e-09,0.0002442442752852436
2025-07-10,1.0651944000333806,-0.07497745462967054,0.0068966174293127345,5.348401147683285e-09,0.0002916440436124823
2025-07-11,1.0689379057862796,-0.07172656707332725,0.05439504336513808,2.3754561369060357e-05,0.003514387376402972
2025-07-12,1.0682134761285016,-0.07235566704414809,0.05694060986369136,1.2727832492766406e-06,-0.0006777097657967301
2025-07-13,1.069746111540304,-0.07102471533269927,0.05694060986369136,6.245132653789725e-07,0.0014347650971049397
2025-07-14,1.0702303649526017,-0.07060418615602138,0.05753663929207137,9.225279795689775e-07,0.00045268069411763534
2025-07-15,1.0708361639565065,-0.07007810590573349,0.06079065055860037,1.6270056332645007e-06,0.0005660454269875714
2025-07-16,1.0751443796354705,-0.06633682015241493,0.061072313492635644,1.4083146701763734e-07,0.004023225796782937
2025-07-17,1.0786878361702876,-0.06325965678848533,0.06107249733520592,9.192128513912934e-11,0.0032957959897590428
2025-07-18,1.0814026352079256,-0.06090210560732434,0.06107249733520592,1.075030079864675e-06,0.002516760592456979
2025-07-19,1.0805550464792366,-0.06163815780888915,0.18096662776530192,6.102209529491268e-05,-0.0007837864465021216
2025-07-20,1.0929677956183588,-0.050858836397366214,0.18096662776530192,1.0710724078354383e-06,0.01148738250732606
2025-07-21,1.0944584113588014,-0.04956437487339449,0.17904068209768742,1.0809957402818649e-07,0.0013638240270392732
2025-07-22,1.089938228003812,-0.05348973489447795,0.17904068209768742,2.780927611151146e-06,-0.004130064064634342
2025-07-23,1.0861433462216146,-0.056785237767416064,0.17762988682554584,2.075529975080356e-06,-0.0034817402350848514
2025-07-24,1.091967916531025,-0.051727138651301297,0.2237443224115927,2.305721779302343e-05,0.005362616573282963
2025-07-25,1.0858455659416706,-0.05704383232302612,0.2237443224115927,2.5409847142578852e-06,-0.00560671288658976
2025-07-26,1.0931189906096892,-0.05072753756991899,0.24037080126256777,1.085422413974542e-05,0.00669839698770236
2025-07-27,1.0988994654660322,-0.0457077312651768,0.24037080126256777,2.495604012257541e-06,0.005288056383606188
2025-07-28,1.0981997294600945,-0.04631538708957805,0.2353795932380527,4.888991883343075e-07,-0.0006367607118996643
2025-07-29,1.0951805271325223,-0.04893728429627686,0.23495185211936848,2.7502862899220216e-07,-0.0027492288029002943
2025-07-30,1.0976994248743177,-0.04674985522176234,0.23495185211936848,1.974043144300358e-07,0.0022999840477360145
2025-07-31,1.0971186360369845,-0.04725421646194139,0.2345570434905084,1.3803639084721543e-06,-0.0005290964212691929
2025-08-01,1.0855521158423573,-0.05729866651835924,0.2317963156735641,6.239666994406478e-08,-0.010542633963825265
2025-08-02,1.0744094394519876,-0.06697504754001571,0.23688556193390198,2.6070198001130057e-06,-0.01026452459329219
2025-08-03,1.0737253677124412,-0.0675691004018325,0.23688556193390198,0.00015514353755836718,-0.0006366955784496975
2025-08-04,1.0700920260110245,-0.07072432069658752,0.07340151318283242,1.916095518171998e-06,-0.003383865009314313
2025-08-05,1.0716828166162249,-0.06934286659325428,0.07143691077946744,9.3379431648951e-07,0.0014865923364884015
2025-08-06,1.0697134926785932,-0.07105304178887095,0.07143691077946744,8.410842411396627e-07,-0.001837599620989061
2025-08-07,1.0663238558968375,-0.0739966269632224,0.06975474229718812,6.50644245202045e-07,-0.003168733315003891
2025-08-08,1.0640473258195409,-0.07597358219941874,0.06877556475002736,1.6105547162166556e-07,-0.0021349330831386126
2025-08-09,1.065609595878508,-0.07461689554536177,0.06877556475002736,4.7036825870912126e-05,0.0014682336218121428
2025-08-10,1.0659615252327383,-0.07431127754076983,0.2030222795493305,8.886209627876681e-05,0.0003302610595741218
2025-08-11,1.0715638010227215,-0.06944622059815497,0.2030222795493305,2.737698249838508e-06,0.005255607878306812
2025-08-12,1.0787838151926614,-0.06317630790909246,0.20618023064826146,4.316673799303991e-06,0.006737829481600066
2025-08-13,1.0885256502849985,-0.05471642763427198,0.20778335824927302,8.015638005057779e-07,0.009030386769935284
2025-08-14,1.0865598617154604,-0.05642353269058564,0.20778335824927302,3.807405075466758e-07,-0.0018059184632216452
2025-08-15,1.0774387752348074,-0.06434435036725783,0.20702187723417967,1.4291727143807137e-06,-0.008394462930233604
2025-08-16,1.0760052302042633,-0.06558925127268433,0.20416353180541824,9.652810517974814e-07,-0.0013305118244214542
2025-08-17,1.0838518327875382,-0.05877520465934982,0.20223296970182328,2.372800183430418e-07,0.007292346136441807
2025-08-18,1.073179236868178,-0.06804336438937297,0.2076722757443904,2.9569330396266025e-06,-0.009846914122858208
2025-08-19,1.0652593517269584,-0.07492105010771888,0.20897797685682873,6.528505562191644e-07,-0.007379834485366388
2025-08-20,1.068552642134866,-0.07206113282344584,0.20897797685682873,5.32786175945374e-06,0.0030915386028493863
2025-08-21,1.068075636429719,-0.07247536803864918,0.2042781670843392,2.977956873208981e-06,-0.00044640356154324046
2025-08-22,1.0868260340893747,-0.0561923866698989,0.2042781670843392,2.1220094514171062e-07,0.01755530883780021
2025-08-23,1.0933931788489601,-0.05048943051359844,0.20666312222178831,1.4046785138662616e-06,0.00604249857253869
2025-08-24,1.0955035839689964,-0.04865673939558535,0.20666312222178831,8.848461989772363e-06,0.0019301429356459732
2025-08-25,1.0875156180526193,-0.055593546953029316,0.1889661982422436,2.868418623628993e-07,-0.007291592682364567
2025-08-26,1.0834340920659937,-0.05913797373280327,0.19196596709082597,1.7867262866540918e-06,-0.0037530734445295755
2025-08-27,1.0896643303771945,-0.053727589580661594,0.19196596709082597,2.7361181585907334e-06,0.005750454371723279
2025-08-28,1.083086969309591,-0.05943941765296801,0.1864937307736445,6.386127087894545e-07,-0.0060361350594396734
2025-08-29,1.0747387294172466,-0.06668908974506371,0.1852165053560656,6.556459571046696e-07,-0.007707820451081093
2025-08-30,1.0774952736890961,-0.06429528669963613,0.18390521344185626,1.5711065506642669e-06,0.0025648505970816693
2025-08-31,1.0821554446851533,-0.06024836039538717,0.18076300034052772,2.7087835101013423e-06,0.004325003654175985
2025-09-01,1.0769559647626745,-0.0647636264842274,0.17534543332032504,3.9992312964198805e-08,-0.0048047440393289564
2025-09-02,1.0740520552247823,-0.06728540259587623,0.18101449864558108,2.8745249755922215e-06,-0.0026964050833195863
2025-09-03,1.0824767232295298,-0.059969359776455344,0.1846941736933732,1.8398375238960624e-06,0.0078438172188795
2025-09-04,1.0746672176377685,-0.06675119109320693,0.1846941736933732,6.730643854060414e-07,-0.007214479003726293
2025-09-05,1.0737594584387244,-0.06753949576778728,0.18462876317073923,6.403591240890516e-07,-0.0008446886479349658
2025-09-06,1.073193095677961,-0.06803132929840672,0.18462876317073923,1.757739687318155e-06,-0.000527457761902661
2025-09-07,1.0745422232587387,-0.06685973711883719,0.1818421928987081,3.6445455130258706e-07,0.0012571154121405748
2025-09-08,1.07794052288874,-0.06390862906421702,0.18624263560084126,2.2002213510665808e-06,0.003162555697158176
2025-09-09,1.073980416780844,-0.06734761394035571,0.1882658786613573,1.0116215302580223e-06,-0.003673770513127228
2025-09-10,1.0798791196561157,-0.06222513756618764,0.19885522026640973,5.294670802526213e-06,0.005492374705451608
2025-09-11,1.080317981794437,-0.0618440265011615,0.19885522026640973,6.982508742029436e-07,0.0004063993185274839
2025-09-12,1.0865731233924536,-0.056412016154066325,0.19745871851800384,1.1261559356127992e-07,0.005790093012823849
2025-09-13,1.092059887105052,-0.05164727073753561,0.2006334275663744,1.6999701177465576e-06,0.005049603744542885
2025-09-14,1.088662065246083,-0.05459796389232496,0.20410864724620784,1.7376098399167206e-06,-0.0031113878452022625
2025-09-15,1.0845953483617563,-0.05812953034021695,0.20410864724620784,9.66959235790363e-07,-0.003735518131984694
2025-09-16,1.0829281513473374,-0.05957733632367235,0.20786279213873116,2.844031682052023e-06,-0.0015371603952919477
2025-09-17,1.0840913298892954,-0.058567223638543386,0.20786279213873116,6.090428253111707e-07,0.0010741049999571928
2025-09-18,1.089765783202251,-0.053639487211304626,0.21136182682514926,2.358560168520221e-06,0.005234294525292338
2025-09-19,1.0832065003983133,-0.05933561598827908,0.22132862549235904,4.983399333604893e-06,-0.006018983991826987
2025-09-20,1.0844783021738345,-0.0582311740990219,0.2258877385610884,2.2795565343646797e-06,0.001174108330274093
2025-09-21,1.0836596414429618,-0.058942105017399604,0.2258877385610884,1.7387694795558267e-06,-0.0007548889906158207
2025-09-22,1.0664261574707883,-0.0739077875341676,0.22245395190392084,2.1876150972044427e-08,-0.015903041243861438
2025-09-23,1.0658455233650612,-0.07441201440429723,0.22245395190392084,0.0001553420806746595,-0.0005444672391565764
2025-09-24,1.0661236391360525,-0.07417049665093522,0.08823020944539811,4.3843657819939984e-06,0.00026093440830732284
2025-09-25,1.069455099993016,-0.07127743187176117,0.07975298482739383,1.4575347299185942e-07,0.0031248353705626286
2025-09-26,1.0706342320605389,-0.07025346502928276,0.08233725903462455,1.2921371036153581e-06,0.0011025540647104926
2025-09-27,1.0690487639525017,-0.07163029703746271,0.08233725903462455,1.049086443129829e-06,-0.0014808681252278522
2025-09-28,1.0689729695608046,-0.071696117437129,0.08256456263344965,1.1627382425423786e-06,-7.08989096251944e-05
2025-09-29,1.065815414388171,-0.07443816125828051,0.08320093080296283,3.181840847565898e-07,-0.002953821343052443
2025-09-30,1.0668017416677662,-0.07358162749250907,0.08683710893701346,1.8180890670253179e-06,0.0009254203554147633
2025-10-01,1.062378685222137,-0.07742264180081204,0.08683710893701346,1.3472879000907962e-06,-0.00414609038668412
2025-10-02,1.0600488520286893,-0.07944588584980805,0.08562459922448584,7.410330438269858e-07,-0.0021930345797195328
2025-10-03,1.0581383419037425,-0.08110498670377297,0.08562459922448584,2.0639495830778036e-06,-0.0018022849808245756
2025-10-04,1.0596190857379746,-0.07981909801477882,0.08149670005833023,3.763709470594387e-07,0.0013993858606151655
2025-10-05,1.058077286061094,-0.08115800804051165,0.08337369130288744,1.31486656933804e-06,-0.001455050874065389
2025-10-06,1.0552675611206392,-0.08359799356440156,0.08639925934266973,1.5127840198911474e-06,-0.0026555006684917393
2025-10-07,1.0451964894588146,-0.09234378526489884,0.25771376457381445,0.0001720565119582421,-0.009543619109385504
2025-10-08,1.0446316361845067,-0.09283430794652825,0.25771376457381445,0.00011308025590651134,-0.000540427833431667
2025-10-09,1.0436792428412622,-0.09366137323576951,0.031553252760791795,5.522128844927861e-07,-0.0009117025660099198
2025-10-10,1.042100497927764,-0.09503236677303262,0.030448826991806222,2.535683301350955e-11,-0.0015126725230241167
2025-10-11,1.040118314720807,-0.09675370905142999,0.030448776278140195,2.0065732514773158e-07,-0.0019021036943156489
2025-10-12,1.0417598350703379,-0.09532820087005711,0.030047461627844732,5.562231215250555e-07,0.0015782054082666974
2025-10-13,1.0424822824451474,-0.09470082232814825,0.02893501538479462,1.2624878886420866e-06,0.0006934874531432378
2025-10-14,1.042187613779047,-0.09495671473572065,0.026410039607510448,5.171261917301332e-07,-0.0002826605987091835
2025-10-15,1.0415350947209985,-0.0955233670199982,0.025375851855657747,3.231580378293408e-11,-0.0006261051747471491
2025-10-16,1.041062203544854,-0.09593402914836335,0.025403721717181513,1.3934930761882667e-08,-0.0004540328775642921
2025-10-17,1.0403449836093963,-0.09655686814401199,0.025403721717181513,5.669104232747246e-08,-0.0006889309140362121
2025-10-18,1.0409065300842273,-0.09606921711104044,0.025290339632526568,4.3078030753460754e-08,0.000539769483850483
2025-10-19,1.0415901318846335,-0.09547557234778248,0.025204183571019646,9.610973030841839e-08,0.0006567369697929593
2025-10-20,1.0417624065054765,-0.09532596781712599,0.025088213033567473,3.812446158233188e-08,0.00016539578820040646
2025-10-21,1.0422752432669544,-0.09488061665263725,0.025088213033567473,9.021855080426112e-08,0.0004922780456220188
2025-10-22,1.0407226793630076,-0.09622887441125294,0.02490777593195895,4.3291459481519665e-09,-0.0014895910787265931
2025-10-23,1.0409766386205315,-0.09600833434945033,0.024899117640062647,1.0667419075358238e-07,0.0002440220267738713
2025-10-24,1.0410745898149096,-0.09592327282157997,0.025334057304892542,3.241440231685298e-07,9.409547797978313e-05
2025-10-25,1.0413770484599012,-0.09566061553981942,0.025334057304892542,2.3192719438153154e-08,0.0002905254320380024
2025-10-26,1.0423128250764282,-0.09484798033662023,0.025287671866016236,6.503313415850281e-09,0.0008985953914701916
2025-10-27,1.0429660570121575,-0.09428070898419239,0.025871377059863664,2.983559103395643e-07,0.0006267139001041588
2025-10-28,1.0424942133218393,-0.09469046146826599,0.025871377059863664,2.3223895381167468e-07,-0.00045240560529180573
2025-10-29,1.0415561268274867,-0.0955051025861281,0.025406899152240314,4.797418537356296e-08,-0.0008998481549040704
2025-10-30,1.0403730768493333,-0.09653247177062385,0.02531095078149319,7.990704395979472e-08,-0.0011358485132775265
2025-10-31,1.0409788401895366,-0.09600642249095315,0.02516096653289446,4.914919660431102e-09,0.0005822558788601828
2025-11-01,1.0412140249106594,-0.09580218637277749,0.02516096653289446,3.8455252270882393e-07,0.000225926514589192
2025-11-02,1.0409405370765024,-0.0960396851922154,0.0252438512871387,4.2599489983094313e-07,-0.0002626624571049341
2025-11-03,1.0390689026886517,-0.09766502607402805,0.02555043498613568,1.5329184949849049e-07,-0.0017980223857035904
2025-11-04,1.0392234629318615,-0.0975308048374327,0.02555043498613568,1.7085732848354904e-05,0.00014874879116244522
2025-11-05,1.0394662781094148,-0.09731994237553099,0.008621030710574127,2.8561996500674637e-07,0.0002336505922064802
2025-11-06,1.0397044903091561,-0.09711307717295758,0.008101901372152628,2.6055295795996726e-08,0.00022916779962711686
2025-11-07,1.039703574113453,-0.09711387280395345,0.00824769548176596,7.289705480666588e-08,-8.812077982867095e-07
2025-11-08,1.039490385985649,-0.09729900692089766,0.008283243574691275,1.7774046462657422e-08,-0.000205047027933003
2025-11-09,1.03914469506476,-0.09759920742471373,0.008283243574691275,4.499540935160203e-09,-0.00033255807417476024
2025-11-10,1.039127230438954,-0.09761437383247606,0.008274244492820954,4.4259640167364914e-08,-1.6806731423790744e-05
2025-11-11,1.0392156394643797,-0.0975375987933561,0.008185725212486224,1.7211304476315305e-08,8.508007762242364e-05
2025-11-12,1.0393497522113957,-0.09742113431080957,0.008796594537369693,3.2264596691804986e-07,0.0001290518944505603
2025-11-13,1.0394579876958905,-0.09732714183078561,0.009382027874705292,2.9271666866779927e-07,0.00010413769211004009
2025-11-14,1.0400066828901582,-0.09685065094309586,0.00955395259110393,8.596235819931936e-08,0.0005278666389232356
2025-11-15,1.040033462632983,-0.09682739522012984,0.00955403839878565,4.29038408593721e-11,2.5749587253098838e-05
2025-11-16,1.0402712861815766,-0.09662086752503285,0.00955403839878565,2.1979441268662246e-07,0.00022866913146124546
2025-11-17,1.0400398757763079,-0.09682182599993683,0.02741204057999163,9.148795503289612e-06,-0.00022245197799763972
2025-11-18,1.0400840843459642,-0.09678343495729758,0.02741204057999163,9.126425738522834e-06,4.2506610266723754e-05
2025-11-19,1.0413473066623993,-0.09568644353255795,0.027840903243126824,9.340857070090431e-06,0.0012145386468778163
2025-11-20,1.0414902494427272,-0.09556231098501822,0.028517447768871874,3.382722628725247e-07,0.00013726715324313687
2025-11-21,1.04400104627573,-0.09338191679847407,0.028517447768871874,2.9652393761212503e-07,0.0024107732495326495
2025-11-22,1.043604012542478,-0.09372670377305758,0.02844252615587336,2.590631311128674e-07,-0.0003803001296524
2025-11-23,1.0426266310622423,-0.09457546894176017,0.02844252615587336,9.850185647194316e-07,-0.0009365443870393841
2025-11-24,1.0425040010759428,-0.09468196171158882,0.026472489026434495,3.533950597265148e-08,-0.00011761639559804138
2025-11-25,1.0420276337798309,-0.09509564252775415,0.026401810014489192,4.50389651958219e-07,-0.00045694529289008745
2025-11-26,1.0417157412799762,-0.09536649223752403,0.02562829585797116,6.36325736992037e-08,-0.00029931307936870155
2025-11-27,1.0409409443075315,-0.09603933154983502,0.026267305086416833,3.1950461422283576e-07,-0.0007437700533278191
2025-11-28,1.0403599813814755,-0.0965438439699241,0.02663379409341676,1.8324450349996302e-07,-0.0005581132428644775
2025-11-29,1.0409371964310057,-0.09604258623300233,0.02663379409341676,3.5951969680047063e-07,0.0005548224267215573
2025-11-30,1.0407402669808836,-0.09621360119628464,0.025914754699815818,4.2346748848098516e-08,-0.0001891847565836935
2025-12-01,1.043423651349582,-0.09388333074155586,0.026454746729541095,3.123427637107372e-07,0.0025783420261875634
2025-12-02,1.0408695057296176,-0.09610136932920899,0.02681458572846151,1.7991949946020644e-07,-0.002447850991935785
2025-12-03,1.040204753667638,-0.09667864484285538,0.02681458572846151,1.5972996854613231e-06,-0.0006386507226099347
2025-12-04,1.0393528386383755,-0.09741845403522709,0.023619986357538862,1.4736006131893417e-06,-0.0008189878254869498
2025-12-05,1.0391188425823812,-0.09762165790798094,0.02067278513116018,1.3911492462376997e-05,-0.00022513630337939183
2025-12-06,1.0389677134737605,-0.09775289952240496,0.007150199793593816,6.341144219010244e-08,-0.00014543967679725434
2025-12-07,1.0389349332898343,-0.09778136607195886,0.007023808041706781,2.1556624658480157e-10,-3.155072433547179e-05
2025-12-08,1.0391200968782277,-0.09762056866836744,0.007053307828542489,1.474989341785412e-08,0.00017822443202808458
2025-12-09,1.0394605419986027,-0.09732492365577783,0.007053307828542489,6.359772724206723e-11,0.0003276282706892175
2025-12-10,1.0396479534352927,-0.09716217420441664,0.007053180633088005,5.045410828700448e-10,0.00018029682620901433
2025-12-11,1.0393223793936677,-0.09744490506432446,0.007052171550922265,2.3067393021625542e-08,-0.00031315796904807236
2025-12-12,1.0390771654345483,-0.09765785064554222,0.007006036764879014,2.985493559949518e-08,-0.00023593637930074962
2025-12-13,1.0391673484658324,-0.09757953504686367,0.006946326893680023,7.131947290831432e-08,8.679146678014504e-05
2025-12-14,1.0391129076875123,-0.09762681181374488,0.006803687947863395,3.171069656323798e-08,-5.238884613101291e-05
2025-12-15,1.0389486696486778,-0.09776943731827681,0.006740266554736919,6.173058046932654e-09,-0.00015805600875318238
2025-12-16,1.038839317232597,-0.09786439974979388,0.00696650217601528,1.1929086868611326e-07,-0.00010525295356100806
2025-12-17,1.0387007826034145,-0.0979847042268962,0.00696650217601528,2.0789670489085483e-08,-0.00013335520410440171
2025-12-18,1.038238299131881,-0.09838632822906535,0.020863625376725856,1.3894274105881482e-05,-0.00044525187549226963
2025-12-19,1.0382160997059195,-0.09840560637163531,0.020863625376725856,3.34315732947732e-08,-2.1381821476817997e-05
2025-12-20,1.0381189559135389,-0.09848996674575305,0.02079676223013631,6.172479507210969e-08,-9.356798879056605e-05
2025-12-21,1.0381348010577949,-0.09847620670751878,0.021130776973829323,2.287321669186167e-07,1.5263322343805896e-05
2025-12-22,1.0375564142698366,-0.09897848199059289,0.021135441139829216,2.3320829999461805e-09,-0.0005571403514931239
2025-12-23,1.0385659206907194,-0.09810181929035389,0.02358145253051673,1.2230056953437575e-06,0.0009729653318104603
2025-12-24,1.0385822141867547,-0.09808766990018147,0.02358145253051673,7.466560622295185e-08,1.56884562707571e-05
2025-12-25,1.03828687754675,-0.09834414238113864,0.023432121318070827,1.4898228378910396e-07,-0.0002843652009150155
2025-12-26,1.0385878698820976,-0.09808275845331149,0.02313493916204653,3.912057769551308e-10,0.0002898932287969114
2025-12-27,1.0385521338266177,-0.0981137919031686,0.023182106054643936,2.3583446298703486e-08,-3.4408312011402487e-05
2025-12-28,1.038369462346481,-0.09827242514186885,0.023182106054643936,9.945191110055651e-09,-0.00017589052507649416
2025-12-29,1.0384745229154164,-0.09818118978155177,0.023437344203068446,1.3756426532231074e-07,0.00010117840782331022
2025-12-30,1.0380195631536566,-0.09857628013956621,0.023576746385257093,6.97010910943232e-08,-0.0004381039223561034
2025-12-31,1.0380443627733165,-0.09855474396992314,0.023723135716603033,7.319466567297026e-08,2.389128349133962e-05
2026-01-01,1.0380085552613325,-0.09858583947312682,0.023723135716603033,5.326044034052388e-08,-3.449516539266728e-05
2026-01-02,1.0370671733521535,-0.09940334235313364,0.028166374942847114,2.2748800534625642e-06,-0.0009069115128301775
2026-01-03,1.0371004328564002,-0.09937445955833568,0.028166374942847114,1.98730762417111e-05,3.207073283140183e-05
2026-01-04,1.0372347755275733,-0.09925779540798296,0.01157977754057508,6.236902879923345e-08,0.00012953679982463662
2026-01-05,1.0374750705396418,-0.09904912147607303,0.012050542734024172,2.9775162552377923e-07,0.0002316688735655159
2026-01-06,1.0377868735366904,-0.09877834949118935,0.01243654182109118,1.9299954353350392e-07,0.00030054023070458236
2026-01-07,1.0373576365802222,-0.09915110197846,0.012515192745777684,3.9325462343252e-08,-0.0004136080031598155
2026-01-08,1.0371156971469033,-0.09936120393771464,0.012515192745777684,9.742501510224144e-08,-0.00023322663736080607
2026-01-09,1.0371552368639647,-0.09932686736054319,0.012320342715573201,1.5766329925487235e-07,3.81246925162948e-05
2026-01-10,1.0370827720749765,-0.09938979630905964,0.012831425048803944,4.132044658702438e-07,-6.986879727699513e-05
2026-01-11,1.037184765761214,-0.09930122425192867,0.013204111891393719,1.8634342129488728e-07,9.834671733766065e-05
2026-01-12,1.0372432069573256,-0.09925047349321281,0.014446723991690748,6.21306050148515e-07,5.634598389869794e-05
2026-01-13,1.037520116273663,-0.09901000343382549,0.015356032200405791,4.546541043575214e-07,0.00026696662314096287
2026-01-14,1.0398454737820355,-0.09699064610222163,0.04642926910361493,1.553661845160457e-05,0.0022412649855150235
2026-01-15,1.0396663083991684,-0.09714623462061489,0.04642926910361493,2.653518553017535e-07,-0.00017230000743728713
2026-01-16,1.039312538066755,-0.09745345134401806,0.045898565393011424,1.5889390093612984e-05,-0.00034027296023608766
2026-01-17,1.0396050776600685,-0.09719940783870107,0.014349254988929984,1.1473489157225962e-07,0.00028147413083345896
2026-01-18,1.0396254822834634,-0.09718168831570173,0.014349254988929984,2.4576362906477552e-09,1.9627283314394006e-05
2026-01-19,1.0380283727651654,-0.09856862980901504,0.04312318592451154,1.4389423104081426e-05,-0.001536235447779477
2026-01-20,1.0371456795343736,-0.09933516701490208,0.04312318592451154,1.4370618429867242e-05,-0.0008503555913821348
2026-01-21,1.0375031174933314,-0.09902476529799797,0.04013467545923762,2.725831226200734e-05,0.00034463621265046207
2026-01-22,1.038210648834435,-0.09841033994798065,0.04013467545923762,2.5832888732807737e-06,0.0006819558699893147
2026-01-23,1.0380595141172035,-0.09854158643296296,0.03564590771219482,3.389049997593735e-07,-0.00014557230500511498
2026-01-24,1.0379937732307962,-0.09859867629569363,0.037361961175075904,8.580267314405414e-07,-6.333055621010608e-05
2026-01-25,1.0383773923318915,-0.09826553868500332,0.037361961175075904,6.988544910116468e-09,0.00036957745893118066
2026-01-26,1.0387208540299315,-0.09796727405448313,0.03755044281440083,1.0122936457257828e-07,0.00033076769638773484
2026-01-27,1.0382009917414199,-0.09841872623762071,0.03764578667361756,4.767192960836511e-08,-0.0005004831533869103
2026-01-28,1.0372564494899803,-0.09923897358177602,0.03764578667361756,6.140912467604912e-08,-0.0009097874678931639
2026-01-29,1.0396822124605447,-0.09713242341832584,0.03752296842426546,8.078745647404143e-08,0.0023386337792905554
2026-01-30,1.040938275045254,-0.09604164955656325,0.03736139351131738,3.5863031545349186e-07,0.0012081216449180143
2026-01-31,1.0434202608368834,-0.09388627508738279,0.03664413288041039,1.9864787047136555e-06,0.002384373647444704
2026-02-01,1.0660444387297454,-0.07423927485840065,0.2540509111178577,0.00011068986782343732,0.02168270901190872
2026-02-02,1.059294490249971,-0.08010097909162206,0.2540509111178577,1.4071960130238343e-05,-0.0063317702663677755
2026-02-03,1.0653642784152646,-0.07482993101031166,0.22590699085738103,1.0939265445174401e-05,0.005730029015689864
2026-02-04,1.0794116915468641,-0.06263105552762649,0.20402845996703223,1.6052186817596126e-06,0.013185549221239379
2026-02-05,1.0988829832434561,-0.045722044546846585,0.20094187919840495,6.19282974459734e-08,0.01803880006959413
2026-02-06,1.0954569342589122,-0.04869725034228345,0.20094187919840495,3.6193958726064293e-06,-0.003117755972916969
2026-02-07,1.088026952087823,-0.05514950076694003,0.1937030874531921,6.326192555777988e-06,-0.006782541548397192
2026-02-08,1.0825134376914143,-0.05993747667137783,0.18105070234163612,5.019359505939874e-07,-0.005067442847650483
2026-02-09,1.0865533073511529,-0.05642922454810473,0.18004683044044814,2.964329082027137e-06,0.0037319348832800525
2026-02-10,1.0898302539025133,-0.053583500387437866,0.17411817227639387,1.4819874869608785e-06,0.0030159096007418285
2026-02-11,1.0984866601240266,-0.046066214419230644,0.1711541973024721,2.988931716192689e-08,0.007942894033742709
2026-02-12,1.0964000035341908,-0.0478782821413134,0.1720197730248656,4.6267717835866974e-07,-0.0018995739006987256
2026-02-13,1.0881275486303659,-0.05506214199953041,0.1720197730248656,7.13792432712218e-07,-0.007545106600836404
2026-02-14,1.083285724044266,-0.05926681759933683,0.17149159520033727,4.497035204480554e-07,-0.004449684774724627
2026-02-15,1.0842006828520743,-0.058472260732269854,0.17149159520033727,7.492276847155452e-05,0.0008446144793501364
2026-02-16,1.0889563646026545,-0.05434239219582693,0.16978301663920342,7.406847919098761e-05,0.004386348234049375
2026-02-17,1.0877245264800024,-0.05541212935898154,0.16978301663920342,4.442033718266847e-07,-0.0011312098103238855
2026-02-18,1.0873551856213854,-0.05573286764030971,0.16889460989555005,7.373302076177356e-05,-0.00033955367340543496
2026-02-19,1.088043267181359,-0.05513533262134129,0.02142856837200293,2.639465487913259e-08,0.0006328029415569869
2026-02-20,1.0875782657903792,-0.055539143203026,0.021375779062244665,3.583043702891711e-08,-0.0004273739887085126
2026-02-21,1.0872826457481117,-0.05579586179256435,0.021749621181431592,2.2275149662238057e-07,-0.00027181495949868406
2026-02-22,1.0876834813108267,-0.055447773281691703,0.021749621181431592,1.5443844857445516e-07,0.00036865810769848295
2026-02-23,1.0883661221868761,-0.05485496299211712,0.021440744284282682,8.138682242014687e-08,0.0006276098587272294
2026-02-24,1.0929515460593078,-0.050872947632342624,0.1707998804994519,7.476095493000476e-05,0.0042131262439686346
2026-02-25,1.0767592568250082,-0.06493444908448609,0.1707998804994519,6.2565270030484625e-09,-0.014815194042848034
2026-02-26,1.0762935822378366,-0.0653388442746281,0.17078736744544581,8.894761813622209e-05,-0.0004324779046180893
2026-02-27,1.0760063761563246,-0.06558825611960006,0.007107868826998347,3.7116618308667474e-07,-0.0002668473418840911
2026-02-28,1.0758356290484585,-0.06573653414690461,0.006375015099789542,4.739319482271933e-09,-0.00015868596287760273
2026-03-01,1.0786144159785311,-0.06332341541569741,0.05125632803403979,2.2440656467125124e-05,0.0025829103025043487
2026-03-02,1.0787274372338245,-0.06322526693758945,0.05125632803403979,2.2349211615684136e-05,0.00010478374256805978
2026-03-03,1.0784662100048519,-0.06345211855852995,0.006557904802671512,1.0371639380192446e-07,-0.00024216240354701934
2026-03-04,1.0835499143427119,-0.05903739282736753,0.052376331613358515,2.3012929799145425e-05,0.004713828111351681
2026-03-05,1.0828985995206009,-0.05960299934441993,0.052376331613358515,1.5697813189125818e-05,-0.0006010935107712001
2026-03-06,1.082489040864716,-0.0599586630526906,0.02098070523510688,7.278247342606937e-06,-0.0003782059151851147
2026-03-07,1.0825042817737973,-0.059945427736666,0.006424210549893006,8.564768351846524e-10,1.4079504274677745e-05
2026-03-08,1.082368665725402,-0.060063197697037385,0.006530621352857545,5.406187831745414e-08,-0.00012527991868382937
2026-03-09,1.084922890878337,-0.05784509004237548,0.05751633138308214,2.54928550151123e-05,0.0023598476506414556
2026-03-10,1.0866960910856946,-0.05630523011707955,0.05751633138308214,9.751355596424732e-08,0.0016344020596028574
2026-03-11,1.0840159543607963,-0.05863268029436941,0.17124186701792815,5.696028137338725e-05,-0.002466316707025462
2026-03-12,1.086109236810672,-0.056814858627355136,0.17124186701792815,5.3803848140840385e-08,0.001931043949542799
2026-03-13,1.086516822873211,-0.05646090793345793,0.17113425932164647,7.483106237994542e-05,0.00037527170262285914
2026-03-14,1.0859239356576753,-0.05697577549304622,0.021542212656108367,3.5039047176371045e-08,-0.0005456769771586822
2026-03-15,1.08615142554188,-0.05677822162707913,0.022058243028885156,2.5801518638839466e-07,0.00020948970432255187
2026-03-16,1.0881251793431304,-0.055064199505755806,0.022058243028885156,1.0649706623383666e-07,0.0018171994759081933
2026-03-17,1.088597126377679,-0.05465435727680257,0.022337136096383874,2.4594359998319526e-07,0.00043372494590343535
2026-03-18,1.087316546347237,-0.05576642226632256,0.022337136096383874,7.949927161421955e-07,-0.0011763580845589594
2026-03-19,1.0866033987538761,-0.056385724810548044,0.021106407753735443,1.7962854481798005e-07,-0.0006558785440672343
2026-03-20,1.0867723851527487,-0.056238975795708024,0.021106407753735443,3.345479111958247e-07,0.00015551801058544257
2026-03-21,1.0869932574220071,-0.05604716871457349,0.020437311931343793,1.3688421424145474e-07,0.00020323691720580683
2026-03-22,1.0862565248780411,-0.05668695260102208,0.020167090238936793,1.7733680379543315e-09,-0.000677771033936847
2026-03-23,1.0860454805929571,-0.05687022498939376,0.020167090238936793,1.3484790723971802e-05,-0.00019428586181247098
2026-03-24,1.0860190778497543,-0.05689315332315281,0.006802491209006814,4.1006704808777865e-08,-2.4310900122781476e-05
2026-03-25,1.0859233384131386,-0.05697629414453509,0.006720477799389259,1.0395490356564664e-08,-8.815631195846496e-05
2026-03-26,1.0862398711860568,-0.05670141478796997,0.006729003677705781,1.4658429514825908e-08,0.00029148721803640143
2026-03-27,1.0865238933868826,-0.05645476784808623,0.006809120420078759,4.005837118648903e-08,0.0002614728186307591
2026-03-28,1.0860986835568298,-0.05682402314955948,0.02011716139587141,6.654020487896326e-06,-0.00039134880754720935
2026-03-29,1.0862227452741493,-0.05671628705412535,0.02011716139587141,6.4820981510017685e-06,0.00011422692910012522
2026-03-30,1.0859084203619225,-0.05698924908844716,0.007152965093867873,1.0213405424563514e-08,-0.00028937426839914515
2026-03-31,1.0859777687681813,-0.05692902642930353,0.007275806878651056,7.163429781615466e-08,6.386211300690725e-05
2026-04-01,1.0856743521576475,-0.05719251561529137,0.007275806878651056,3.182029135607176e-08,-0.0002793948635587684
2026-04-02,1.0859586772262186,-0.05694560566286011,0.007408048605720981,9.794115489103429e-08,0.00026188798510395905
2026-04-03,1.085988282527674,-0.05691989620427873,0.007408048605720981,3.4872212544785186e-08,2.726190422830399e-05
2026-04-04,1.085968947633144,-0.0569366867669705,0.007361664738330755,1.1680278849672109e-08,-1.7803962382156868e-05
2026-04-05,1.0859769888826734,-0.056929703687537025,0.008258682835677255,4.4850904867325003e-07,7.404677222044853e-06
2026-04-06,1.0821487867594943,-0.06025414218633518,0.06699612961406048,2.9368723389191617e-05,-0.003525122688940785
2026-04-07,1.0825184511464483,-0.059933122950651785,0.06699612961406048,2.9082546272684565e-05,0.00034160218213341587
2026-04-08,1.0819367431932574,-0.060438282357710205,0.008831037068691355,1.9802569450576377e-07,-0.0005373653932444489
2026-04-09,1.081952824201045,-0.06042431749387378,0.02475553774017387,1.659526170992685e-05,1.4863168192880138e-05
2026-04-10,1.082038352980071,-0.06035004368162444,0.02475553774017387,4.344909092115663e-07,7.905037734823317e-05
2026-04-11,1.0823317274552047,-0.06009527515887758,0.02412397024458201,1.1870716141563521e-07,0.0002711313090990597
2026-04-12,1.0816002213638771,-0.06073052035593496,0.02423114188429974,5.358581985886492e-08,-0.0006758612657888907
2026-04-13,1.0818840378781824,-0.06048405203571794,0.02423114188429974,8.481275673415806e-10,0.00026240426795021143
2026-04-14,1.0836676427299283,-0.058935156641745534,0.024229445629165056,5.6371874371387296e-08,0.0016486100074493137
2026-04-15,1.0833098745010716,-0.05924584516742626,0.02436844208577914,1.2587010267843014e-07,-0.000330145715116692
2026-04-16,1.0833912742447143,-0.05917515703946152,0.02436844208577914,7.369062012461004e-07,7.513985201490492e-05
2026-04-17,1.0845801623587747,-0.05814271797538628,0.025174691746678225,1.1400310316956424e-06,0.001097376490218016
2026-04-18,1.0836919964495093,-0.05891400769496613,0.025313963868071793,6.963606069678407e-08,-0.0008189029636427314
2026-04-19,1.0833042341004506,-0.05925074333224867,0.026146216408969226,4.1612627044871653e-07,-0.00035781601260165274
2026-04-20,1.0831124312763825,-0.05941730629627029,0.026146216408969226,1.4260755478927995e-08,-0.00017705351648311662
2026-04-21,1.083079926651493,-0.059445533548357465,0.02611769489801137,6.765800292181205e-08,-3.0010388528234344e-05
2026-04-22,1.0842099542419505,-0.05846420939003383,0.025982378892167746,1.1067405018565582e-08,0.0010433464443817542
2026-04-23,1.0833554754637285,-0.059206244960603116,0.02662284886345629,3.313023906628375e-07,-0.0007881119103196887
2026-04-24,1.0832526300646723,-0.05929555665132502,0.02662284886345629,2.408803170661847e-07,-9.493227420531714e-05
2026-04-25,1.0830614412665243,-0.059461586390782695,0.02614108822932392,2.612248404314094e-07,-0.00017649511557982223
2026-04-26,1.0835484315737207,-0.0590386804747175,0.025645454052417502,1.3407751978200198e-08,0.00044964236436095817
2026-04-27,1.082635252085111,-0.05983169216808282,0.02665247031756712,5.035081325748085e-07,-0.0008427675791876643
2026-04-28,1.0827005326573331,-0.05977500204553032,0.027587687727701177,4.6760870506702863e-07,6.0297844628021124e-05
2026-04-29,1.0826205684095347,-0.05984444357848884,0.027587687727701177,3.19319367208918e-07,-7.385629302281149e-05
2026-04-30,1.0825394489832738,-0.059914888276805356,0.02718462562733413,1.177883170253944e-07,-7.492876879344745e-05
2026-05-01,1.0831047846186241,-0.05942394670934703,0.027900614802628454,3.579945876471622e-07,0.0005222309781691692
2026-05-02,1.0831173236504612,-0.05941305772312433,0.027969448424192293,3.441681078191969e-08,1.157693328912579e-05
2026-05-03,1.0833855348275228,-0.05918014119099224,0.028578391736643984,3.044716562258451e-07,0.0002476289236705842
2026-05-04,1.0836942498702318,-0.05891205080806139,0.029594494415594332,5.080513394751744e-07,0.00028495400094397105
2026-05-05,1.084125177711823,-0.05853782994388179,0.029624151378787135,1.4828481596401364e-08,0.000397647068477891
2026-05-06,1.083831555923428,-0.05879281323525931,0.029624151378787135,6.872375530906499e-09,-0.00027083753281786915
2026-05-07,1.0829555764091923,-0.059553520200978594,0.029610406627725322,1.3830974063594807e-08,-0.0008082247739061854
2026-05-08,1.082942195481452,-0.059565140295711916,0.03123587532557777,8.265653229898185e-07,-1.2355934104646416e-05
2026-05-09,1.0833041260873233,-0.05925083713163215,0.03199396149633762,3.790430853799244e-07,0.00033421045682668904
2026-05-10,1.0838124319647289,-0.058809420619745034,0.03586526072523008,1.9356496144462313e-06,0.00046921807566691065
2026-05-11,1.0837450233957993,-0.05886795871007777,0.03586526072523008,1.1972077251318327e-05,-6.219578863042585e-05
2026-05-12,1.0833488713710124,-0.059211980002632836,0.011921106222593427,2.6314257133808543e-08,-0.00036553987906573493
2026-05-13,1.0837703145566513,-0.05884599568249704,0.035646175728829575,2.3757326718577692e-05,0.0003890188994262189
2026-05-14,1.0827184871064413,-0.05975941027165865,0.035646175728829575,1.0040647953935695e-07,-0.0009705261678443211
2026-05-15,1.0839909320510166,-0.05865440984972836,0.03544536276975086,3.112877955404117e-08,0.0011752315673307923
2026-05-16,1.0848395217801168,-0.05791748837214383,0.041183260663663956,2.9000777265105888e-06,0.0007828384020689416
2026-05-17,1.0847159134790731,-0.058024830717594233,0.041183260663663956,7.831637287906111e-07,-0.00011394155408439577
2026-05-18,1.0862326779324623,-0.05670766146158124,0.039616933206082734,2.2765919197577713e-07,0.0013983057080113603
2026-05-19,1.086151424966017,-0.05677822212716288,0.04309094098640112,1.964663082134971e-06,-7.480254285663346e-05
2026-05-20,1.085561851608896,-0.057290211908060495,0.04309094098640112,2.617785840820647e-07,-0.000542809541624667
2026-05-21,1.085650346191604,-0.05721336257037568,0.0427463660171161,8.949109943955439e-08,8.151961362723448e-05
2026-05-22,1.0859144313122382,-0.056984029135581316,0.0427463660171161,2.305880388188755e-07,0.00024325062075902792
2026-05-23,1.0871959695291433,-0.05587113204998473,0.04228758623953846,1.1981500300552174e-09,0.001180146593467768
2026-05-24,1.086315588448303,-0.05663566136807863,0.04668147970137418,2.1969467309178593e-06,-0.0008097722080580017
2026-05-25,1.085554697151733,-0.057296424890569186,0.04689208597572939,1.0530313717760712e-07,-0.0007004330092132971
2026-05-26,1.0864799271981331,-0.05649294840538732,0.04689208597572939,5.880529658345429e-07,0.0008523108497695553
2026-05-27,1.0868311153492627,-0.056187974066945756,0.04571598004406031,3.7998915687833744e-07,0.0003232348268367158
2026-05-28,1.0887873530932677,-0.05448916301681983,0.04542828887015797,2.3614356992716912e-07,0.0017999463912801161
2026-05-29,1.0877073060893785,-0.05542708367113969,0.047579877526119654,1.075794327980842e-06,-0.000991972400140373
2026-05-30,1.0878214087066485,-0.05532799613044559,0.047579877526119654,1.6670160548188095e-06,0.00010490194984491552
2026-05-31,1.0881952281607747,-0.05500336860428323,0.044245845416482035,6.78528973985737e-07,0.00034364046444834706
2026-06-01,1.0891581656436,-0.054167146707728375,0.04288878746851056,1.090027643667335e-09,0.000884894050173779
2026-06-02,1.090460153917481,-0.053036490644281176,0.04399541392810778,5.544032574422777e-07,0.001195407898456624
2026-06-03,1.0923900641186646,-0.05136054262335743,0.04399541392810778,2.571662438266807e-07,0.0017698126742609066
2026-06-04,1.0938821644694317,-0.050064791853008606,0.04348108144045442,2.848460041241577e-07,0.0013659043594256293
2026-06-05,1.0990199848468927,-0.04560307136042474,0.042911389432206105,8.923961542044341e-07,0.004696868222505701
2026-06-06,1.099571142019806,-0.0451244424726166,0.04112659712379724,9.626007607814457e-08,0.0005014987721005948
2026-06-07,1.098162213482272,-0.0463479662369114,0.04093407697164095,5.930475340784884e-06,-0.0012813436836324188
2026-06-08,1.0969299414763085,-0.047418080187481615,0.02921222434704336,6.954902848609057e-08,-0.0011221220242657592
2026-06-09,1.0979069326801985,-0.04656965393758916,0.02921222434704336,9.097503612420787e-07,0.0008906596191322613
2026-06-10,1.09750369566957,-0.04691982788325333,0.027392723624559204,4.862458583073763e-07,-0.00036727795282387454
2026-06-11,1.0977036260391704,-0.0467462068997232,0.026477316443309813,2.8542267682681034e-08,0.0001821682882583442
2026-06-12,1.0974316945362317,-0.046982354189839315,0.026477316443309813,1.4369917674763797e-07,-0.00024772761653413244
2026-06-13,1.09704681390243,-0.04731658732468469,0.026380171958799596,9.512693449252944e-08,-0.0003507103318761695
2026-06-14,1.0973742751137312,-0.04703221763293797,0.026380171958799596,8.985685757738858e-08,0.00029849337981890933
2026-06-15,1.0731966274932856,-0.0680282622443541,0.21299965916527566,9.339960046081543e-05,-0.02203227118472828
2026-06-16,1.0733809728232397,-0.06786817542232804,0.21299965916527566,0.00011098468818606793,0.000171772185292296
2026-06-17,1.073343551871765,-0.06790067204809169,0.008969717206860187,8.035299254690199e-07,-3.486269314001422e-05
2026-06-18,1.0729373457064273,-0.06825342442924764,0.0073626573559221475,3.5382562059443726e-08,-0.00037844934608854963
2026-06-19,1.073058044024909,-0.06814860913376697,0.007380282191975879,4.419498008630942e-08,0.00011249335197649479
2026-06-20,1.0732087144825333,-0.06801776581519581,0.007380282191975879,9.640548585917877e-08,0.00014041221578464658
2026-06-21,1.0731639257879622,-0.06805666064252003,0.007187471220257521,4.61662629840532e-09,-4.173344286817482e-05
2026-06-22,1.0732308791415017,-0.06799851786453481,0.007178237967660711,2.9948860183175686e-08,6.2388747822828e-05
2026-06-23,1.0728521064326013,-0.06832744683308067,0.007118340247294359,1.2099684201620499e-12,-0.0003529275165871093
2026-06-24,1.073430527382054,-0.06782514188391708,0.021430251510771207,1.4274294669064363e-05,0.0005391432295127618
2026-06-25,1.074085444617819,-0.0672564070047107,0.021430251510771207,1.705151712258924e-07,0.0006101160895457536
2026-06-26,1.0739162653290157,-0.06740332352656608,0.021152613628778842,3.169623022970976e-08,-0.0001575100841803012
2026-06-27,1.0735443910476208,-0.06772626185061559,0.021152613628778842,4.385236227173392e-08,-0.00034627865634451194
2026-06-28,1.0738912871129083,-0.06742501479065999,0.021064908904235374,3.011317263949993e-08,0.00032313155206598054
2026-06-29,1.0738879281765823,-0.06742793171533579,0.02111375950945811,5.453847525086798e-08,-3.1278178410643065e-06
2026-06-30,1.0740924068601596,-0.06725036094294845,0.021304557816970698,9.539915375629363e-08,0.00019040970497097298
2026-07-01,1.067812936792438,-0.07270349830964751,0.1703780324704996,7.453673732676446e-05,-0.005846303379127504
2026-07-02,1.066805750667548,-0.07357814604801183,0.1703780324704996,7.454053232972064e-05,-0.0009432233776066612
2026-07-03,1.0663507812362076,-0.07397324480316003,0.021296967811058293,1.9862183753445278e-07,-0.00042647823285091313
2026-07-04,1.065602009595477,-0.07462348352858716,0.020899724135989388,2.578576817111166e-07,-0.00070218135899347
2026-07-05,1.065560166237284,-0.074659820604431,0.020384008772567155,1.3626246939437404e-05,-3.926734167025714e-05
2026-07-06,1.0656201389997249,-0.07460773982240276,0.006868485106307651,6.5004424876697645e-09,5.628284947389872e-05
2026-07-07,1.0656725088129844,-0.07456226149660572,0.008277311655383302,7.109137170254955e-07,4.914491697127765e-05
2026-07-08,1.065301470345358,-0.0748844739939144,0.008322719155049655,2.2703749833176238e-08,-0.0003481730687018292
2026-07-09,1.0653901634653125,-0.07480745224504448,0.00855305052855064,1.1516568675049282e-07,8.325635739692139e-05
2026-07-10,1.0656563658657674,-0.07457628014909201,0.00855305052855064,5.4120324808210226e-08,0.00024986376782965003
2026-07-11,1.0657772984269056,-0.07447126143558891,0.008613479941289004,8.433503117739189e-08,0.00011348176111214414
2026-07-12,1.065808631527167,-0.07444405154398848,0.008613479941289004,4.677330895195339e-08,2.939929411871489e-05
2026-07-13,1.065589524214066,-0.07463432592439045,0.008520813643369462,4.401599921826857e-10,-0.00020557847499569348
2026-07-14,1.0695411899804064,-0.0712026707020964,0.06820577674350603,2.9842481550068284e-05,0.0037084315081419295
2026-07-15,1.0697334001623553,-0.07103575398553563,0.06820577674350603,2.988542330284505e-05,0.00017971274387984515
2026-07-16,1.0695098905380573,-0.07122985136492144,0.008434930137815934,1.6553604170182167e-07,-0.000208939558457355
2026-07-17,1.0692257115172998,-0.07147663448837172,0.009726694018853507,8.114179822206078e-07,-0.00026570957713467624
2026-07-18,1.0693020449624797,-0.07141034597074991,0.009855368074782477,6.433702796448514e-08,7.139132958555727e-05
2026-07-19,1.069454123710438,-0.07127827968263512,0.009855368074782477,9.052160849069846e-08,0.00014222244189276978
2026-07-20,1.0696427730705016,-0.07111445520963466,0.010402355215976445,3.640151790876827e-07,0.0001763978050870474
2026-07-21,1.0698160579422933,-0.0709639733697246,0.01040446288888485,1.0538364542019008e-09,0.00016200256398901658
2026-07-22,1.0698826136986506,-0.07090617586801717,0.010426829734939098,1.1183423027124294e-08,6.221233627923262e-05
2026-07-23,1.0696106680853512,-0.07114233541167281,0.010426829734939098,8.119536466168371e-09,-0.00025418266436305625
2026-07-24,1.0694145246586664,-0.07131266778649947,0.010415444182374459,2.426760183848846e-09,-0.0001833783380633669
2026-07-25,1.0694526481987567,-0.07127956102768451,0.011044712509062736,3.146341633441388e-07,3.5648982887659386e-05
2026-07-26,1.0697485622619431,-0.07102258710824694,0.011176713004620495,6.60002477788791e-08,0.0002766967417222599
2026-07-27,1.0698364896709778,-0.07094623030829517,0.011627949320522737,2.256181579511213e-07,8.219446338175729e-05
2026-07-28,1.0697907604336094,-0.07098594190980845,0.011627949320522737,6.493658795765808e-08,-4.2744136890870976e-05
2026-07-29,1.0696150153825081,-0.07113856018728049,0.011534363455759136,1.8143655575857466e-08,-0.0001642798363958864
2026-07-30,1.069795743299424,-0.07098161475298248,0.011675935709122422,7.078612668164324e-08,0.00016896538877531064
2026-07-31,1.0694321352786236,-0.07129737459635699,0.011675935709122422,7.334946260900091e-08,-0.0003398854623194447
2026-08-01,1.0694802198320583,-0.07125561762128296,0.01160040993745218,3.55865767738793e-08,4.496269735398961e-05
2026-08-02,1.0694085648676417,-0.07131784331226576,0.01160040993745218,8.088862997595887e-08,-6.699980335245215e-05
2026-08-03,1.0694446618870255,-0.07128649639873563,0.012157626561940737,3.5949694222023755e-07,3.375418953366349e-05
2026-08-04,1.0695131459949254,-0.07122702430255767,0.012253968362500495,4.817090027987945e-08,6.403707488455979e-05
2026-08-05,1.0695211531144304,-0.07122007086188487,0.01274936158733429,2.476966124168971e-07,7.486695733804893e-06
2026-08-06,1.0697918943335631,-0.0709849572228618,0.012803062002916952,2.6850207791331156e-08,0.0002531424631886381
2026-08-07,1.0698467156869405,-0.07093734996183965,0.012821157277955852,9.0476375194503e-09,5.124487638252795e-05
2026-08-08,1.0698801560904443,-0.0709083100728144,0.012821157277955852,7.69559060060203e-08,3.125719134700056e-05
2026-08-09,1.0699088635099656,-0.07088338034141906,0.013810619175254363,5.716868546552754e-07,2.6832369367291165e-05
2026-08-10,1.0695264012497345,-0.0712155133431096,0.013833403802111306,1.139231342847137e-08,-0.00035747181211487344
2026-08-11,1.06941296207805,-0.07131402474284387,0.014304337421929807,2.3546680990925093e-07,-0.00010606486343389676
2026-08-12,1.0696509614792102,-0.07110734433610211,0.014304337421929807,2.189495285651929e-07,0.0002225514460758582
2026-08-13,1.069553519146254,-0.0711919639650217,0.013866438364799422,2.1348766687689056e-08,-9.109731722900527e-05
2026-08-14,1.0695650933529985,-0.0711819128399096,0.014131211319752743,1.5373524416434968e-07,1.0821531168270226e-05
2026-08-15,1.0695947986376682,-0.07115611655517962,0.016502104706785842,1.1854466935165495e-06,2.777323685587696e-05
