timestamp,bos_7d,bos_28d,bos_91d,realized_vol_30d,gross_budget,daily_close
2022-01-01,-1.0,1.0,1.0,0.7732313804729086,0.1293273947816758,3787.0
2022-01-02,-1.0,1.0,1.0,0.7655623151607821,0.1306229395304002,3725.25
2022-01-03,-1.0,1.0,1.0,0.7678549018928752,0.13023293821981902,3776.87
2022-01-04,-1.0,1.0,1.0,0.6867248470567812,0.14561872987207,3784.65
2022-01-05,-1.0,1.0,1.0,0.6887571857195448,0.1451890478580343,3850.8
2022-01-06,-1.0,1.0,1.0,0.6871949920992003,0.14551910469330728,3819.84
2022-01-07,-1.0,-1.0,1.0,0.7554230422034459,0.13237615801116723,3395.07
2022-01-08,-1.0,-1.0,-1.0,0.7933321949074496,0.1260506010494961,3131.46
2022-01-09,-1.0,-1.0,-1.0,0.7860097806188157,0.12722487997702936,3161.78
2022-01-10,-1.0,-1.0,-1.0,0.7772964630024272,0.12865104211813164,3097.83
2022-01-11,-1.0,-1.0,-1.0,0.7777920585727712,0.12856906791192685,3005.82
2022-01-12,-1.0,-1.0,-1.0,0.797655055699805,0.12536747468148024,3133.25
2022-01-13,-1.0,-1.0,-1.0,0.8234805036430641,0.12143578330950358,3360.88
2022-01-14,-1.0,-1.0,-1.0,0.8247729745865052,0.12124548582612613,3301.98
2022-01-15,-1.0,-1.0,-1.0,0.8181261041146176,0.12223054550767669,3278.94
2022-01-16,-1.0,-1.0,-1.0,0.7221131627761354,0.1384824500574868,3362.06
2022-01-17,-1.0,-1.0,-1.0,0.6935983434870556,0.14417566151794922,3352.84
2022-01-18,-1.0,-1.0,-1.0,0.6903801054704333,0.14484774287036967,3238.0
2022-01-19,-1.0,-1.0,-1.0,0.6986272100134638,0.1431378545906805,3117.65
2022-01-20,-1.0,-1.0,-1.0,0.6936837908525074,0.1441579020854795,3124.01
2022-01-21,-1.0,-1.0,-1.0,0.6913037532087979,0.14465421247293087,3261.66
2022-01-22,-1.0,-1.0,-1.0,0.829045603905061,0.12062062633101135,2831.96
2022-01-23,-1.0,-1.0,-1.0,0.9930343956500737,0.10070144643331981,2387.23
2022-01-24,-1.0,-1.0,-1.0,0.983590556252934,0.10166832058753991,2432.39
2022-01-25,-1.0,-1.0,-1.0,0.9970014738724079,0.10030075443278391,2274.0
2022-01-26,-1.0,-1.0,-1.0,1.0347328041834662,0.09664330694426232,2419.37
2022-01-27,-1.0,-1.0,-1.0,1.078192876554615,0.09274778397678886,2606.43
2022-01-28,-1.0,-1.0,-1.0,1.0787161394320823,0.09270279394600285,2479.17
2022-01-29,-1.0,-1.0,-1.0,1.0778642522630149,0.09277606135470808,2442.74
2022-01-30,-1.0,-1.0,-1.0,1.0939458378347053,0.09141220391489799,2544.05
2022-01-31,-1.0,-1.0,-1.0,1.0972347487148681,0.091138200022488,2617.64
2022-02-01,-1.0,-1.0,-1.0,1.0980810739424969,0.09106795697786219,2620.53
2022-02-02,1.0,-1.0,-1.0,1.118468927109642,0.08940793756194994,2767.97
2022-02-03,1.0,-1.0,-1.0,1.1215476916005638,0.0891625035198367,2664.25
2022-02-04,1.0,-1.0,-1.0,1.1168653447229946,0.0895363084480001,2639.45
2022-02-05,1.0,-1.0,-1.0,1.1658053018891896,0.08577761641497926,2873.02
2022-02-06,1.0,-1.0,-1.0,1.1233001044122035,0.08902340488281861,3050.24
2022-02-07,1.0,-1.0,-1.0,1.0911947660319694,0.09164266830534838,2991.31
2022-02-08,1.0,-1.0,-1.0,1.101075015469017,0.09082033339699723,3121.23
2022-02-09,1.0,-1.0,-1.0,1.0999455713843733,0.09091358936437342,3076.39
2022-02-10,1.0,-1.0,-1.0,1.1003201932217628,0.09088263635987422,3179.17
2022-02-11,1.0,-1.0,-1.0,1.091725385437231,0.0915981265379759,3209.65
2022-02-12,1.0,-1.0,-1.0,1.0694438469028442,0.09350654575235937,3102.28
2022-02-13,1.0,-1.0,-1.0,1.095936392784071,0.09124617145522851,2881.94
2022-02-14,1.0,-1.0,-1.0,1.0974699681875992,0.09111866647717344,2918.62
2022-02-15,1.0,-1.0,-1.0,1.0933191922493117,0.09146459762978057,2936.68
2022-02-16,1.0,-1.0,-1.0,1.1164392681589943,0.08957047897903105,3122.46
2022-02-17,1.0,-1.0,-1.0,1.112024894498809,0.08992604436708239,3065.62
2022-02-18,1.0,-1.0,-1.0,1.1079378517847205,0.09025777017990234,2988.49
2022-02-19,-1.0,-1.0,-1.0,1.12894916926008,0.08857794728308327,2800.91
2022-02-20,-1.0,-1.0,-1.0,1.117854275453137,0.08945709847507957,2745.07
2022-02-21,-1.0,-1.0,-1.0,1.0156083021026792,0.09846315729495671,2651.9
2022-02-22,-1.0,-1.0,-1.0,0.8243608304819898,0.12130610322852396,2723.95
2022-02-23,-1.0,-1.0,-1.0,0.8348903095032799,0.1197762135477357,2624.0
2022-02-24,-1.0,-1.0,-1.0,0.8000868053453736,0.12498643813633821,2689.45
2022-02-25,-1.0,-1.0,-1.0,0.8402578167212142,0.11901109160782565,2454.98
2022-02-26,-1.0,-1.0,-1.0,0.8820661039726716,0.1133701879594029,2733.25
2022-02-27,-1.0,-1.0,-1.0,0.8644786172191833,0.11567666106268261,2785.63
2022-02-28,-1.0,-1.0,-1.0,0.8620369401454793,0.11600430949411956,2809.34
2022-03-01,-1.0,-1.0,-1.0,0.8525408237755386,0.11729643579663761,2815.36
2022-03-02,1.0,-1.0,-1.0,0.8612681435237879,0.11610785880325324,2949.77
2022-03-03,1.0,-1.0,-1.0,0.8612740213849511,0.11610706641214766,2952.61
2022-03-04,1.0,-1.0,-1.0,0.856329851470398,0.11677743083262916,2828.64
2022-03-05,1.0,-1.0,-1.0,0.8688650098525341,0.11509267707416627,2672.61
2022-03-06,1.0,-1.0,-1.0,0.8691337907216737,0.11505708449900023,2642.83
2022-03-07,1.0,-1.0,-1.0,0.8155092590643102,0.12262276471849858,2626.62
2022-03-08,1.0,-1.0,-1.0,0.7844403385585123,0.1274794207852187,2617.63
2022-03-09,1.0,-1.0,-1.0,0.7852003813701482,0.12735602576440852,2559.16
2022-03-10,1.0,-1.0,-1.0,0.8162800539255204,0.12250697480490473,2757.92
2022-03-11,1.0,-1.0,-1.0,0.8378858441197646,0.11934800032939372,2597.56
2022-03-12,1.0,-1.0,-1.0,0.8266713409556412,0.12096705794155015,2581.07
2022-03-13,1.0,-1.0,-1.0,0.8251594478853902,0.12118869905236718,2584.58
2022-03-14,1.0,-1.0,-1.0,0.8197772967153779,0.12198434916491649,2578.86
2022-03-15,1.0,-1.0,-1.0,0.7840048196782178,0.12755023628686799,2573.6
2022-03-16,1.0,-1.0,-1.0,0.7819476236700539,0.1278858033107796,2572.33
2022-03-17,1.0,-1.0,-1.0,0.8029031578481196,0.1245480217913359,2703.21
2022-03-18,1.0,-1.0,-1.0,0.7826908087322366,0.12776437244992694,2802.15
2022-03-19,1.0,-1.0,-1.0,0.7905911112730812,0.12648763510504307,2895.61
2022-03-20,1.0,-1.0,-1.0,0.7908681004498263,0.1264433347901154,2966.11
2022-03-21,1.0,-1.0,-1.0,0.7692730379455394,0.12999285697970803,2855.46
2022-03-22,1.0,-1.0,-1.0,0.7738865952723186,0.12921789912230172,2954.29
2022-03-23,1.0,-1.0,-1.0,0.7638535335345042,0.13091515010381619,3002.15
2022-03-24,1.0,-1.0,-1.0,0.7598991065668022,0.13159641738729835,3030.88
2022-03-25,1.0,1.0,-1.0,0.7497485901572654,0.13337804340388856,3114.29
2022-03-26,1.0,1.0,-1.0,0.7468000360403384,0.1339046534199665,3121.01
2022-03-27,1.0,1.0,-1.0,0.6651196862409593,0.15034888016195636,3115.59
2022-03-28,1.0,1.0,-1.0,0.5654673693373576,0.17684486395242383,3169.54
2022-03-29,1.0,1.0,-1.0,0.5921180486218559,0.16888524211134623,3357.71
2022-03-30,1.0,1.0,-1.0,0.5926111963600506,0.16874470245284293,3403.58
2022-03-31,1.0,1.0,-1.0,0.5940793247928883,0.1683276892944602,3381.88
2022-04-01,1.0,1.0,-1.0,0.5783676761296976,0.17290039559122117,3351.06
2022-04-02,1.0,1.0,-1.0,0.5822322166930789,0.1717527768696361,3433.08
2022-04-03,1.0,1.0,-1.0,0.5568616089436901,0.1795778311772827,3460.73
2022-04-04,1.0,1.0,-1.0,0.5093402153247951,0.19633242573675866,3499.56
2022-04-05,1.0,1.0,-1.0,0.5154655302860691,0.1939993930234341,3425.27
2022-04-06,1.0,1.0,-1.0,0.5128019147292828,0.1950070721806719,3452.42
2022-04-07,1.0,1.0,-1.0,0.5609092847464332,0.17828194811431297,3258.0
2022-04-08,-1.0,1.0,-1.0,0.5582382722350268,0.17913497689728175,3199.35
2022-04-09,-1.0,1.0,-1.0,0.5092648459193851,0.19636148224499608,3281.79
2022-04-10,-1.0,1.0,-1.0,0.46467576528325877,0.21520382053719034,3209.01
2022-04-11,-1.0,1.0,-1.0,0.46278026380637266,0.21608527377010187,3254.52
2022-04-12,-1.0,1.0,-1.0,0.5525659773331342,0.1809738639404348,3003.37
2022-04-13,-1.0,1.0,-1.0,0.5526727465993191,0.1809389021176012,3043.79
2022-04-14,-1.0,1.0,-1.0,0.5531754410415664,0.18077447511355782,3093.51
2022-04-15,-1.0,1.0,-1.0,0.56319228501048,0.1775592504754201,3016.48
2022-04-16,-1.0,1.0,-1.0,0.5407872555162031,0.18491560032150905,3029.5
2022-04-17,-1.0,1.0,-1.0,0.5290812850614767,0.1890068744132208,3018.06
2022-04-18,-1.0,1.0,-1.0,0.5210174010837483,0.19193216923656264,3072.0
2022-04-19,-1.0,1.0,-1.0,0.5474827892128539,0.18265414360107193,2913.8
2022-04-20,-1.0,1.0,-1.0,0.575886813972635,0.1736452330105822,3111.3
2022-04-21,-1.0,1.0,-1.0,0.5676319745476066,0.17617048454625617,3069.21
2022-04-22,-1.0,1.0,-1.0,0.5664635673567042,0.17653385983255943,3105.63
2022-04-23,-1.0,1.0,-1.0,0.5930726901261907,0.16861339539799508,2950.94
2022-04-24,-1.0,1.0,-1.0,0.5851381394320733,0.17089981537873875,2965.73
2022-04-25,-1.0,1.0,-1.0,0.5852795025308121,0.17085853778850815,2944.51
2022-04-26,-1.0,-1.0,-1.0,0.5911289523052041,0.16916782642777625,2868.57
2022-04-27,-1.0,-1.0,-1.0,0.5868879744664991,0.17039026926885556,2860.03
2022-04-28,-1.0,-1.0,-1.0,0.5460160949416963,0.18314478442375956,2866.46
2022-04-29,-1.0,-1.0,-1.0,0.544156201147452,0.18377076249270316,2890.89
2022-04-30,-1.0,-1.0,-1.0,0.5446026773403889,0.18362010353742303,2856.66
2022-05-01,-1.0,-1.0,-1.0,0.5453344539588107,0.18337370630822647,2815.51
2022-05-02,-1.0,-1.0,-1.0,0.5349919215421677,0.18691871030826038,2806.36
2022-05-03,-1.0,-1.0,-1.0,0.5349291690989252,0.18694063770806799,2828.43
2022-05-04,-1.0,-1.0,-1.0,0.5314708920555841,0.18815705901263446,2822.87
2022-05-05,-1.0,-1.0,-1.0,0.5312027579986978,0.1882520346406883,2843.48
2022-05-06,-1.0,-1.0,-1.0,0.5385646143770162,0.185678741845442,2741.87
2022-05-07,-1.0,-1.0,-1.0,0.5103169311116943,0.1959566573308789,2688.49
2022-05-08,-1.0,-1.0,-1.0,0.5092491796627333,0.19636752299969973,2692.4
2022-05-09,-1.0,-1.0,-1.0,0.5387106046026939,0.18562842302640636,2517.01
2022-05-10,-1.0,-1.0,-1.0,0.5599671633669941,0.17858190005055974,2382.11
2022-05-11,-1.0,-1.0,-1.0,0.5535093505051638,0.18066542129547472,2362.49
2022-05-12,-1.0,-1.0,-1.0,0.5085534966058229,0.19663614677200708,2265.5
2022-05-13,-1.0,-1.0,-1.0,0.6718072584653599,0.14885221726903425,1968.96
2022-05-14,-1.0,-1.0,-1.0,0.7132631313108003,0.14020071360792877,2093.14
2022-05-15,-1.0,-1.0,-1.0,0.7331905424747853,0.13639019355386603,1964.02
2022-05-16,-1.0,-1.0,-1.0,0.7624098625690234,0.13116304616396102,2062.57
2022-05-17,-1.0,-1.0,-1.0,0.7626073161008781,0.1311290855578049,2014.16
2022-05-18,-1.0,-1.0,-1.0,0.7655249227054313,0.1306293198745135,2061.29
2022-05-19,-1.0,-1.0,-1.0,0.7653225952052386,0.1306638542054057,1955.77
2022-05-20,-1.0,-1.0,-1.0,0.732577222423838,0.13650438061551448,2023.18
2022-05-21,-1.0,-1.0,-1.0,0.7349726896736991,0.13605947731798895,1960.11
2022-05-22,-1.0,-1.0,-1.0,0.7343691071659474,0.13617130544327585,1980.6
2022-05-23,-1.0,-1.0,-1.0,0.7285857007485789,0.13725221329111442,2005.0
2022-05-24,-1.0,-1.0,-1.0,0.7407551033542318,0.13499738246444404,2065.33
2022-05-25,-1.0,-1.0,-1.0,0.7525103146683555,0.132888543918593,1962.29
2022-05-26,-1.0,-1.0,-1.0,0.7527466283369377,0.13284682552605057,1964.36
2022-05-27,-1.0,-1.0,-1.0,0.7649777393025342,0.1307227581434914,1861.28
2022-05-28,-1.0,-1.0,-1.0,0.7739619742884221,0.1292053141137065,1764.83
2022-05-29,-1.0,-1.0,-1.0,0.7777798393898886,0.12857108777522788,1795.0
2022-05-30,-1.0,-1.0,-1.0,0.7799229073186897,0.12821780083853634,1797.36
2022-05-31,-1.0,-1.0,-1.0,0.8240709306670291,0.12134877748819127,1912.51
2022-06-01,-1.0,-1.0,-1.0,0.8420152305019972,0.11876269736876548,1986.89
2022-06-02,-1.0,-1.0,-1.0,0.8516830569780683,0.11741457010406994,1881.49
2022-06-03,-1.0,-1.0,-1.0,0.8538038609427302,0.11712291847636376,1816.33
2022-06-04,-1.0,-1.0,-1.0,0.8516062851014147,0.11742515496828604,1763.47
2022-06-05,-1.0,-1.0,-1.0,0.8523851828867512,0.11731785348653358,1778.46
2022-06-06,-1.0,-1.0,-1.0,0.8595009383528007,0.11634658618482258,1811.44
2022-06-07,-1.0,-1.0,-1.0,0.8780094232113351,0.11389399402371814,1886.78
2022-06-08,-1.0,-1.0,-1.0,0.8709171663680279,0.1148214822966786,1781.7
2022-06-09,-1.0,-1.0,-1.0,0.8626873960444126,0.11591684364292236,1815.16
2022-06-10,-1.0,-1.0,-1.0,0.8626837065799285,0.11591733938785698,1799.38
2022-06-11,-1.0,-1.0,-1.0,0.8622723822464956,0.11597263470212045,1727.06
2022-06-12,-1.0,-1.0,-1.0,0.843177535169616,0.11859898518273938,1517.0
2022-06-13,-1.0,-1.0,-1.0,0.8081053868800682,0.12374623610180328,1526.5
2022-06-14,-1.0,-1.0,-1.0,1.0608247178289707,0.09426628011143524,1229.43
2022-06-15,-1.0,-1.0,-1.0,1.0426026506001045,0.09591381715981798,1250.36
2022-06-16,-1.0,-1.0,-1.0,1.0906422244678795,0.0916890963476035,1120.07
2022-06-17,-1.0,-1.0,-1.0,1.0815191597524942,0.09246253207653299,1114.81
2022-06-18,-1.0,-1.0,-1.0,1.075892262097975,0.0929461094970619,1084.4
2022-06-19,-1.0,-1.0,-1.0,1.0853815891943124,0.09213349571760364,990.21
2022-06-20,-1.0,-1.0,-1.0,1.140868026594084,0.08765255723621009,1071.85
2022-06-21,-1.0,-1.0,-1.0,1.1665745435855992,0.0857210544751291,1134.18
2022-06-22,-1.0,-1.0,-1.0,1.1737650141542781,0.0851959283111297,1168.51
2022-06-23,-1.0,-1.0,-1.0,1.1819216008115234,0.08460798070814396,1075.04
2022-06-24,-1.0,-1.0,-1.0,1.1844864635610846,0.08442477231808648,1093.71
2022-06-25,1.0,-1.0,-1.0,1.2423937995847192,0.08048977710080803,1198.06
2022-06-26,1.0,-1.0,-1.0,1.235337209815181,0.08094955709701404,1184.24
2022-06-27,1.0,-1.0,-1.0,1.2381623942796844,0.08076484995990868,1223.5
2022-06-28,1.0,-1.0,-1.0,1.2351453861427437,0.08096212892985148,1187.54
2022-06-29,1.0,-1.0,-1.0,1.2346225985030055,0.08099641147120681,1184.31
2022-06-30,1.0,-1.0,-1.0,1.2143269749778853,0.08235014296855354,1114.47
2022-07-01,-1.0,-1.0,-1.0,1.2138364293493813,0.08238342299019663,1031.72
2022-07-02,-1.0,-1.0,-1.0,1.2180627779675088,0.08209757477924298,1056.96
2022-07-03,-1.0,-1.0,-1.0,1.2177897142895489,0.08211598343014369,1052.85
2022-07-04,-1.0,-1.0,-1.0,1.2182869008864188,0.08208247164706488,1050.47
2022-07-05,-1.0,-1.0,-1.0,1.2418305369498575,0.08052628520926587,1111.95
2022-07-06,-1.0,-1.0,-1.0,1.235944918351608,0.08090975456525279,1093.08
2022-07-07,-1.0,-1.0,-1.0,1.2334719628173576,0.08107196840663591,1133.4
2022-07-08,1.0,-1.0,-1.0,1.2627731621421248,0.07919078659413656,1219.95
2022-07-09,1.0,-1.0,-1.0,1.2612100123937273,0.07928893603548541,1235.81
2022-07-10,1.0,-1.0,-1.0,1.2611990487648415,0.07928962529581295,1215.11
2022-07-11,1.0,-1.0,-1.0,1.2618646867278502,0.07924779974571654,1163.51
2022-07-12,1.0,-1.0,-1.0,1.1925192103445517,0.08385609148477134,1143.46
2022-07-13,-1.0,-1.0,-1.0,1.2038752142345568,0.08306508749212983,1076.11
2022-07-14,-1.0,-1.0,-1.0,0.9604314458963682,0.10411987282098023,1060.25
2022-07-15,-1.0,-1.0,-1.0,0.9951020264928067,0.10049220817331225,1141.11
2022-07-16,-1.0,-1.0,-1.0,0.9489665830160275,0.10537778862789635,1222.24
2022-07-17,1.0,-1.0,-1.0,0.9577958322770321,0.1044063845655533,1274.42
2022-07-18,1.0,1.0,-1.0,0.9684979873597893,0.10325266681514621,1351.88
2022-07-19,1.0,1.0,-1.0,0.9753912026726832,0.10252296691418643,1520.88
2022-07-20,1.0,1.0,-1.0,0.9477905615331814,0.1055085417164698,1539.87
2022-07-21,1.0,1.0,-1.0,0.9387149224833973,0.1065286143906684,1596.67
2022-07-22,1.0,1.0,-1.0,0.9635218736999416,0.10378591574262677,1510.68
2022-07-23,1.0,1.0,-1.0,0.9123822369121889,0.10960318598314008,1574.88
2022-07-24,1.0,1.0,-1.0,0.9253187266969546,0.10807087019297988,1524.35
2022-07-25,1.0,1.0,-1.0,0.8958864641767287,0.11162128684675977,1612.66
2022-07-26,1.0,1.0,-1.0,0.9206721074506986,0.10861630236295058,1526.23
2022-07-27,-1.0,1.0,-1.0,0.9999263998482449,0.10000736055691362,1368.87
2022-07-28,-1.0,1.0,-1.0,1.029291024601858,0.09715425240269747,1488.94
2022-07-29,1.0,1.0,-1.0,1.136908659159805,0.08795781366807578,1728.23
2022-07-30,1.0,1.0,-1.0,1.1085484975696331,0.0902080515369771,1721.99
2022-07-31,1.0,1.0,-1.0,1.060231516058279,0.09431902229409223,1736.47
2022-08-01,1.0,1.0,-1.0,1.065388615144122,0.09386246349785927,1711.98
2022-08-02,1.0,1.0,-1.0,1.0717830636546053,0.09330246333527266,1672.91
2022-08-03,1.0,1.0,-1.0,1.0798166445250126,0.09260831503851082,1629.28
2022-08-04,1.0,1.0,-1.0,1.0694111667523944,0.09350940322016803,1656.08
2022-08-05,1.0,1.0,-1.0,1.07246659171541,0.09324299775161299,1615.23
2022-08-06,1.0,1.0,-1.0,1.0718281692330371,0.09329853690219442,1670.53
2022-08-07,1.0,1.0,-1.0,1.0513629094495431,0.09511463558511543,1715.4
2022-08-08,1.0,1.0,-1.0,1.0537896340941575,0.09489560037849534,1699.03
2022-08-09,1.0,1.0,-1.0,1.0550606479183022,0.09478128124416922,1775.04
2022-08-10,1.0,1.0,-1.0,1.0609980318037482,0.09425088171935168,1685.15
2022-08-11,1.0,1.0,-1.0,1.0851259963864988,0.09215519703057795,1837.38
2022-08-12,1.0,1.0,-1.0,1.051163609472352,0.09513266926182554,1890.46
2022-08-13,1.0,1.0,-1.0,1.0458811137832948,0.09561316165110509,1897.16
2022-08-14,1.0,1.0,-1.0,1.0329536606789704,0.09680976389034629,1987.79
2022-08-15,1.0,1.0,-1.0,1.0194670415401677,0.09809046876976449,1984.31
2022-08-16,1.0,1.0,-1.0,1.0296448935939018,0.09712086236931372,1917.03
2022-08-17,1.0,1.0,-1.0,1.0213159615968728,0.09791289254272065,1887.71
2022-08-18,1.0,1.0,-1.0,0.957404509446894,0.10444905890172942,1831.25
2022-08-19,1.0,1.0,-1.0,0.9587982115811808,0.10429723250639696,1872.65
2022-08-20,-1.0,1.0,-1.0,1.0170005612948416,0.0983283626438518,1697.81
2022-08-21,-1.0,1.0,-1.0,1.0067479941573347,0.09932972360546068,1634.55
2022-08-22,-1.0,1.0,-1.0,0.9977290406790398,0.10022761283157747,1621.11
2022-08-23,-1.0,1.0,-1.0,0.9934386263332524,0.10066047096346208,1589.33
2022-08-24,-1.0,1.0,-1.0,0.9803015639001955,0.10200942616284656,1640.22
2022-08-25,-1.0,1.0,-1.0,0.9635278386599339,0.10378527322996618,1683.09
2022-08-26,-1.0,1.0,-1.0,0.8776820908075624,0.11393647090142764,1701.07
2022-08-27,-1.0,1.0,-1.0,0.8679670428445135,0.11521174775516664,1593.63
2022-08-28,-1.0,-1.0,-1.0,0.7443608552375531,0.1343434428293335,1469.61
2022-08-29,-1.0,-1.0,-1.0,0.7466768115618734,0.13392675177741675,1487.0
2022-08-30,-1.0,-1.0,-1.0,0.7515259348661152,0.13306260683846535,1521.65
2022-08-31,-1.0,-1.0,-1.0,0.7509814791298909,0.13315907619434628,1524.25
2022-09-01,-1.0,-1.0,-1.0,0.7533479444852046,0.13274078827988886,1560.03
2022-09-02,-1.0,-1.0,-1.0,0.7500030162922481,0.1333327971057569,1536.14
2022-09-03,-1.0,-1.0,-1.0,0.780328889371377,0.12815109290719548,1636.01
2022-09-04,-1.0,-1.0,-1.0,0.7984893913376176,0.12523647913778976,1548.34
2022-09-05,-1.0,-1.0,-1.0,0.7895311675619364,0.1266574444537749,1560.4
2022-09-06,-1.0,-1.0,-1.0,0.7889056740361114,0.12675786635985406,1600.0
2022-09-07,1.0,-1.0,-1.0,0.8031513696319527,0.12450953055813802,1669.41
2022-09-08,1.0,-1.0,-1.0,0.8297561091818985,0.12051734105169219,1543.76
2022-09-09,1.0,-1.0,-1.0,0.8358892066976393,0.11963307959803858,1629.59
2022-09-10,1.0,-1.0,-1.0,0.8007113827146785,0.1248889452039094,1719.13
2022-09-11,1.0,-1.0,-1.0,0.7932771348446345,0.12605935001465193,1715.63
2022-09-12,1.0,-1.0,-1.0,0.8013367416826733,0.12479148252957516,1768.43
2022-09-13,1.0,-1.0,-1.0,0.7898512731889932,0.12660611357408336,1706.02
2022-09-14,1.0,-1.0,-1.0,0.8186208468146483,0.1221566741051269,1593.85
2022-09-15,1.0,-1.0,-1.0,0.8132427343143857,0.12296451696467506,1594.45
2022-09-16,-1.0,-1.0,-1.0,0.8376252388692206,0.11938513234749022,1493.98
2022-09-17,-1.0,-1.0,-1.0,0.8370818602112581,0.11946262934757965,1451.79
2022-09-18,-1.0,-1.0,-1.0,0.8303160811112323,0.12043606317508335,1443.83
2022-09-19,-1.0,-1.0,-1.0,0.7686828565365156,0.13009266324810978,1417.23
2022-09-20,-1.0,-1.0,-1.0,0.7791678157413375,0.12834205671708246,1341.88
2022-09-21,-1.0,-1.0,-1.0,0.7870289135392304,0.12706013499593669,1377.05
2022-09-22,-1.0,-1.0,-1.0,0.788372222938268,0.12684363691467895,1343.11
2022-09-23,-1.0,-1.0,-1.0,0.7944347753378806,0.12587565789459437,1271.55
2022-09-24,-1.0,-1.0,-1.0,0.7906246458119048,0.1264822701008877,1294.16
2022-09-25,-1.0,-1.0,-1.0,0.8021217784899284,0.12466934907098477,1340.02
2022-09-26,-1.0,-1.0,-1.0,0.7778318354533859,0.1285624931277229,1311.07
2022-09-27,-1.0,-1.0,-1.0,0.7331443303447316,0.136398790607818,1324.72
2022-09-28,-1.0,-1.0,-1.0,0.7405935977473509,0.13502682213857647,1365.58
2022-09-29,-1.0,-1.0,-1.0,0.7385085018807492,0.13540805521579158,1331.8
2022-09-30,-1.0,-1.0,-1.0,0.738192994218048,0.13546592934809396,1326.86
2022-10-01,-1.0,-1.0,-1.0,0.7361700054276986,0.13583818854709,1351.5
2022-10-02,-1.0,-1.0,-1.0,0.7374851284201497,0.13559595461161544,1322.98
2022-10-03,-1.0,-1.0,-1.0,0.6988784418975357,0.14308639958687017,1293.48
2022-10-04,-1.0,-1.0,-1.0,0.6841350424056684,0.14616997201073567,1318.84
2022-10-05,-1.0,-1.0,-1.0,0.6912955384720861,0.14465593141396776,1353.78
2022-10-06,-1.0,-1.0,-1.0,0.6843894686421688,0.14611563237289488,1330.01
2022-10-07,-1.0,-1.0,-1.0,0.670860513288461,0.14906228346905456,1361.43
2022-10-08,-1.0,-1.0,-1.0,0.6234496494357539,0.16039787670183772,1334.3
2022-10-09,-1.0,-1.0,-1.0,0.5872790924894674,0.17027679220811603,1324.56
2022-10-10,-1.0,-1.0,-1.0,0.54786965634411,0.1825251660537142,1326.08
2022-10-11,-1.0,-1.0,-1.0,0.5476017244393543,0.18261447241128034,1308.22
2022-10-12,-1.0,-1.0,-1.0,0.5295085585784467,0.18885436010414364,1293.35
2022-10-13,-1.0,-1.0,-1.0,0.5239700813114079,0.19085059160194232,1299.31
2022-10-14,-1.0,-1.0,-1.0,0.4887508286589684,0.20460323366485006,1256.83
2022-10-15,-1.0,-1.0,-1.0,0.5171722089936704,0.19335919111853106,1310.51
2022-10-16,-1.0,-1.0,-1.0,0.476100141431934,0.2100398451872684,1286.19
2022-10-17,-1.0,-1.0,-1.0,0.46885643129562776,0.2132849062636555,1286.15
2022-10-18,-1.0,-1.0,-1.0,0.4854938683044971,0.20597582488370578,1329.0
2022-10-19,-1.0,-1.0,-1.0,0.4845429927449291,0.206380035409245,1307.91
2022-10-20,-1.0,-1.0,-1.0,0.4481241197654668,0.2231524606449139,1304.56
2022-10-21,-1.0,-1.0,-1.0,0.43794789236994464,0.2283376669741516,1299.81
2022-10-22,-1.0,-1.0,-1.0,0.43025862664003967,0.23241834982116788,1297.49
2022-10-23,-1.0,-1.0,-1.0,0.38867620208357256,0.25728356782311607,1315.98
2022-10-24,-1.0,-1.0,-1.0,0.38432689582581125,0.2601951648091865,1313.8
2022-10-25,-1.0,-1.0,-1.0,0.37167247529922476,0.2690540910232655,1340.98
2022-10-26,1.0,1.0,-1.0,0.39888071568295597,0.25070151568691884,1407.85
2022-10-27,1.0,1.0,-1.0,0.5379326388342808,0.1858968814695899,1567.83
2022-10-28,1.0,1.0,-1.0,0.5351064106990183,0.18687871795325411,1544.18
2022-10-29,1.0,1.0,-1.0,0.5259834249108187,0.1901200594238405,1537.71
2022-10-30,1.0,1.0,-1.0,0.5580527764253945,0.1791945210640286,1633.03
2022-10-31,1.0,1.0,-1.0,0.5692480692058465,0.1756703367294846,1587.45
2022-11-01,1.0,1.0,-1.0,0.5646143018054072,0.17711205628380405,1569.31
2022-11-02,1.0,1.0,-1.0,0.5557773137305074,0.17992817901971672,1574.27
2022-11-03,1.0,1.0,-1.0,0.556667592709939,0.17964041972191236,1558.51
2022-11-04,1.0,1.0,-1.0,0.5541993181450554,0.18044049627254527,1543.02
2022-11-05,1.0,1.0,-1.0,0.5719443763108467,0.17484217721488862,1625.76
2022-11-06,1.0,1.0,-1.0,0.5688816942574171,0.17578347310073636,1635.94
2022-11-07,1.0,1.0,-1.0,0.5634186094021626,0.17748792519670042,1623.67
2022-11-08,1.0,1.0,-1.0,0.5686793284361852,0.1758460260459803,1592.06
2022-11-09,-1.0,1.0,-1.0,0.6487425954545556,0.15414434122355236,1462.55
2022-11-10,-1.0,-1.0,-1.0,1.0269038154389856,0.0973801036636051,1163.39
2022-11-11,-1.0,-1.0,-1.0,1.119070479379529,0.08935987664999011,1319.9
2022-11-12,-1.0,-1.0,-1.0,1.1306512566891322,0.08844460164739779,1259.7
2022-11-13,-1.0,-1.0,-1.0,1.12552382222216,0.0888475197286954,1274.09
2022-11-14,-1.0,-1.0,-1.0,1.121463365264827,0.08916920792716719,1232.15
2022-11-15,-1.0,-1.0,-1.0,1.1206968854928507,0.08923019354695792,1245.57
2022-11-16,-1.0,-1.0,-1.0,1.1220288039667352,0.08912427171786287,1264.22
2022-11-17,-1.0,-1.0,-1.0,1.1324244078172125,0.08830611501279233,1192.83
2022-11-18,-1.0,-1.0,-1.0,1.131627247067331,0.08836832115800944,1193.0
2022-11-19,-1.0,-1.0,-1.0,1.1333875031081297,0.08823107694920437,1211.43
2022-11-20,-1.0,-1.0,-1.0,1.133384543341133,0.08823130735946644,1209.65
2022-11-21,-1.0,-1.0,-1.0,1.1365605548153246,0.087984753277179,1177.22
2022-11-22,-1.0,-1.0,-1.0,1.1416951403671272,0.08758905636389386,1130.9
2022-11-23,-1.0,-1.0,-1.0,1.1420432941862946,0.08756235469273516,1135.17
2022-11-24,-1.0,-1.0,-1.0,1.1427293022612732,0.08750978889061169,1161.47
2022-11-25,-1.0,-1.0,-1.0,1.1334890140518126,0.08822317531118916,1195.66
2022-11-26,-1.0,-1.0,-1.0,1.060173192577514,0.09432421108184978,1189.49
2022-11-27,-1.0,-1.0,-1.0,1.0640076518127333,0.09398428651300728,1211.13
2022-11-28,-1.0,-1.0,-1.0,1.064979023835165,0.09389856303449388,1217.96
2022-11-29,-1.0,-1.0,-1.0,1.0444941181223881,0.09574012745975324,1163.59
2022-11-30,-1.0,-1.0,-1.0,1.0561446589769126,0.09468399915677272,1208.86
2022-12-01,1.0,-1.0,-1.0,1.0733568809960607,0.09316565791910827,1266.86
2022-12-02,1.0,-1.0,-1.0,1.073419540734345,0.09316021947167859,1271.53
2022-12-03,1.0,-1.0,-1.0,1.0742628930007698,0.0930870838521352,1278.87
2022-12-04,1.0,-1.0,-1.0,1.0741966521207564,0.0930928241142558,1271.26
2022-12-05,1.0,-1.0,-1.0,1.0538098982629105,0.09489377558973301,1259.96
2022-12-06,1.0,-1.0,-1.0,1.053680349165009,0.09490544269829573,1266.86
2022-12-07,1.0,-1.0,-1.0,1.0536844002374883,0.09490507781785623,1254.39
2022-12-08,1.0,-1.0,-1.0,1.0533593055958208,0.09493436804399438,1233.56
2022-12-09,1.0,-1.0,-1.0,1.0199325569699993,0.09804569852841892,1249.45
2022-12-10,1.0,-1.0,-1.0,0.6443949609689873,0.15518432957580605,1277.68
2022-12-11,1.0,-1.0,-1.0,0.4737425721649187,0.21108510375797115,1278.16
2022-12-12,1.0,-1.0,-1.0,0.44546257126753164,0.2244857513291346,1273.45
2022-12-13,1.0,-1.0,-1.0,0.4487135345542258,0.22285933518663517,1248.96
2022-12-14,1.0,1.0,-1.0,0.47704815047490357,0.20962244565972965,1324.35
2022-12-15,1.0,1.0,-1.0,0.4769535668958025,0.20966401541105673,1338.17
2022-12-16,1.0,1.0,-1.0,0.5092340241538998,0.19637336716876203,1270.84
2022-12-17,-1.0,1.0,-1.0,0.5039152262642209,0.19844607741137474,1203.79
2022-12-18,-1.0,1.0,-1.0,0.5086550750139547,0.19659687853749727,1180.09
2022-12-19,-1.0,1.0,-1.0,0.5060372752219908,0.1976139009841351,1186.3
2022-12-20,-1.0,1.0,-1.0,0.5062815350083347,0.19751856049491068,1180.0
2022-12-21,-1.0,1.0,-1.0,0.508844178878746,0.19652381642716857,1217.31
2022-12-22,-1.0,1.0,-1.0,0.48753186656326875,0.20511479732581264,1215.33
2022-12-23,-1.0,1.0,-1.0,0.49573513306880157,0.20172062323071485,1186.67
2022-12-24,-1.0,1.0,-1.0,0.49814181152978837,0.2007460479836074,1219.26
2022-12-25,-1.0,1.0,-1.0,0.4885745244899728,0.2046770656009764,1218.91
2022-12-26,-1.0,1.0,-1.0,0.4887622640760508,0.20459844662729554,1211.19
2022-12-27,-1.0,1.0,-1.0,0.4849866579202043,0.2061912392164264,1215.5
2022-12-28,-1.0,1.0,-1.0,0.48471323457545723,0.2063075502520297,1211.6
2022-12-29,-1.0,1.0,-1.0,0.4621330416289605,0.21638790346501227,1189.32
2022-12-30,-1.0,1.0,-1.0,0.44407546262553876,0.2251869522552832,1201.16
2022-12-31,-1.0,1.0,-1.0,0.41159126053809325,0.24295948332154854,1195.18
2023-01-01,-1.0,1.0,-1.0,0.4121645572164017,0.24262154095772065,1202.93
2023-01-02,-1.0,1.0,-1.0,0.4114436791552079,0.2430466308422185,1196.34
2023-01-03,-1.0,1.0,-1.0,0.41729313721167144,0.23963969469566218,1218.76
2023-01-04,-1.0,1.0,-1.0,0.41672825514543327,0.23996453027909323,1211.86
2023-01-05,1.0,1.0,-1.0,0.43507760431040804,0.2298440531281738,1255.75
2023-01-06,1.0,1.0,-1.0,0.43410355173539084,0.23035978305230573,1249.33
2023-01-07,1.0,1.0,-1.0,0.4314552791771292,0.2317737314298711,1262.47
2023-01-08,1.0,1.0,-1.0,0.42936508320089956,0.23290203119104141,1264.67
2023-01-09,1.0,1.0,-1.0,0.42313455590127313,0.23633144257622926,1274.36
2023-01-10,1.0,1.0,-1.0,0.4528136577144918,0.2208413953429206,1335.55
2023-01-11,1.0,1.0,-1.0,0.4525820555902044,0.22095440763684662,1333.39
2023-01-12,1.0,1.0,-1.0,0.4477690678763331,0.22332940610274238,1323.0
2023-01-13,1.0,1.0,-1.0,0.42998034772724736,0.23256876861598744,1385.18
2023-01-14,1.0,1.0,-1.0,0.4371327270476454,0.2287634711667344,1421.55
2023-01-15,1.0,1.0,-1.0,0.4544046199682823,0.22006818506154285,1524.78
2023-01-16,1.0,1.0,-1.0,0.40312539024644134,0.24806177536688356,1556.31
2023-01-17,1.0,1.0,-1.0,0.3931462561616422,0.2543582659957595,1549.68
2023-01-18,1.0,1.0,-1.0,0.3932235660891542,0.25430825775413307,1571.19
2023-01-19,1.0,1.0,-1.0,0.39776856611534006,0.2514024699754762,1550.45
2023-01-20,1.0,1.0,-1.0,0.39571607378563584,0.25270643935017717,1533.22
2023-01-21,1.0,1.0,-1.0,0.3961861715503821,0.2524065885709068,1562.9
2023-01-22,1.0,1.0,-1.0,0.4067698628377741,0.24583925491029185,1646.87
2023-01-23,1.0,1.0,-1.0,0.40712617254974864,0.24562410069026092,1635.25
2023-01-24,1.0,1.0,-1.0,0.4107496861191105,0.24345727672936476,1620.84
2023-01-25,1.0,1.0,-1.0,0.40839851482290823,0.24485887281779783,1620.49
2023-01-26,1.0,1.0,-1.0,0.45390748284669546,0.2203092122933219,1544.27
2023-01-27,1.0,1.0,-1.0,0.45789588361965927,0.21839025764875125,1590.37
2023-01-28,1.0,1.0,-1.0,0.45244715556321524,0.2210202866134013,1574.76
2023-01-29,1.0,1.0,-1.0,0.4530668512762508,0.22071797951739022,1578.56
2023-01-30,1.0,1.0,-1.0,0.4519142922581769,0.22128089709291687,1611.63
2023-01-31,1.0,1.0,-1.0,0.46105063554519904,0.21689591617577658,1584.81
2023-02-01,1.0,1.0,-1.0,0.4587410924490651,0.2179878838979379,1588.95
2023-02-02,1.0,1.0,-1.0,0.4614497791845821,0.21670830610582986,1575.99
2023-02-03,1.0,1.0,-1.0,0.49414258382264903,0.20237073928421165,1677.88
2023-02-04,1.0,1.0,-1.0,0.4905515690375798,0.20385216623848834,1663.14
2023-02-05,1.0,1.0,-1.0,0.4878517210619274,0.2049803161139327,1680.53
2023-02-06,1.0,1.0,-1.0,0.4994527175869634,0.20021915284220726,1645.05
2023-02-07,1.0,1.0,-1.0,0.4994061227816272,0.20023783337499548,1648.37
2023-02-08,1.0,1.0,-1.0,0.5037258969634824,0.19852066491481082,1631.39
2023-02-09,1.0,1.0,-1.0,0.48522855659925995,0.2060884476809305,1653.82
2023-02-10,1.0,1.0,-1.0,0.4892252935501818,0.20440480350949516,1632.64
2023-02-11,-1.0,1.0,-1.0,0.5536798138141111,0.18060979921072823,1522.55
2023-02-12,-1.0,1.0,-1.0,0.5340809023549375,0.18723755063898984,1522.92
2023-02-13,-1.0,1.0,-1.0,0.5283558605099508,0.18926637797389712,1535.91
2023-02-14,-1.0,-1.0,-1.0,0.4904858933385899,0.20387946189304262,1476.04
2023-02-15,-1.0,-1.0,-1.0,0.5109237418410025,0.19572392474789244,1544.69
2023-02-16,-1.0,-1.0,-1.0,0.5164813325625567,0.19361783997853962,1579.53
2023-02-17,1.0,1.0,1.0,0.5955722745645095,0.16790573414976606,1724.3
2023-02-18,1.0,1.0,1.0,0.6041087438522088,0.16553311141026017,1672.74
2023-02-19,1.0,1.0,1.0,0.6031997701899664,0.16578255652933505,1695.28
2023-02-20,1.0,1.0,1.0,0.6010221366297498,0.1663832226891893,1711.5
2023-02-21,1.0,1.0,1.0,0.5751265474122503,0.1738747766903552,1707.43
2023-02-22,1.0,1.0,1.0,0.5793538569722141,0.17260608313305148,1672.61
2023-02-23,1.0,1.0,1.0,0.5918765857432509,0.16895414079343027,1614.13
2023-02-24,1.0,1.0,1.0,0.5984695868779014,0.16709286853101493,1656.13
2023-02-25,1.0,1.0,1.0,0.5849932803601152,0.17094213447792278,1603.51
2023-02-26,1.0,1.0,1.0,0.5765734649806783,0.17343843599072173,1597.24
2023-02-27,1.0,1.0,1.0,0.5756716243496169,0.17371014267548474,1604.98
2023-02-28,1.0,1.0,1.0,0.5812973930170462,0.17202898413320006,1644.23
2023-03-01,1.0,1.0,1.0,0.5772888614171419,0.173223505048266,1640.99
2023-03-02,1.0,1.0,1.0,0.5747586516985318,0.1739860717267659,1657.32
2023-03-03,1.0,1.0,1.0,0.5784846160539316,0.1728654439976967,1628.26
2023-03-04,1.0,1.0,1.0,0.5931541495623449,0.16859023927217634,1567.22
2023-03-05,1.0,1.0,1.0,0.5496472549716365,0.18193486658122277,1562.5
2023-03-06,1.0,1.0,1.0,0.5496241766705838,0.18194250588786381,1569.32
2023-03-07,1.0,1.0,1.0,0.5484564605376188,0.18232987884211638,1577.16
2023-03-08,1.0,1.0,1.0,0.5450452481262101,0.18347100601974994,1560.98
2023-03-09,1.0,1.0,1.0,0.5449012372933809,0.18351949519644584,1560.16
2023-03-10,1.0,1.0,1.0,0.5466801781644529,0.18292230813226576,1533.68
2023-03-11,-1.0,-1.0,1.0,0.6045161649607598,0.16542154833277484,1416.4
2023-03-12,-1.0,-1.0,1.0,0.6058880284398491,0.16504699763997355,1429.8
2023-03-13,-1.0,-1.0,1.0,0.5651218859076,0.17695297685984587,1459.6
2023-03-14,1.0,-1.0,1.0,0.7302512173392309,0.13693917603364433,1667.83
2023-03-15,1.0,1.0,1.0,0.7555345224291818,0.13235662571510523,1770.29
2023-03-16,1.0,1.0,1.0,0.7957655934581417,0.12566514664881667,1634.38
2023-03-17,1.0,1.0,1.0,0.783327137144523,0.12766058426691546,1662.29
2023-03-18,1.0,1.0,1.0,0.787218025870336,0.12702961151002806,1717.1
2023-03-19,1.0,1.0,1.0,0.7399125148762269,0.1351511131241348,1786.41
2023-03-20,1.0,1.0,1.0,0.7314201048832191,0.13672033258638186,1793.42
2023-03-21,1.0,1.0,1.0,0.7332970017540267,0.13637039257054467,1762.92
2023-03-22,1.0,1.0,1.0,0.738499292773006,0.1354097437581937,1812.81
2023-03-23,1.0,1.0,1.0,0.7385849560616908,0.135394038531767,1806.55
2023-03-24,1.0,1.0,1.0,0.7359331869407529,0.13588190038785491,1837.72
2023-03-25,1.0,1.0,1.0,0.7383725407812552,0.13543298873789683,1767.01
2023-03-26,1.0,1.0,1.0,0.7346579329841505,0.13611777061169691,1754.7
2023-03-27,1.0,1.0,1.0,0.7245813272999694,0.1380107328636707,1763.44
2023-03-28,1.0,1.0,1.0,0.7330152417002043,0.13642281130205883,1711.79
2023-03-29,1.0,1.0,1.0,0.7350963437869182,0.13603659009489907,1743.83
2023-03-30,1.0,1.0,1.0,0.7404509226671958,0.135052840017793,1807.94
2023-03-31,1.0,1.0,1.0,0.741683054446488,0.13482848151981738,1789.59
2023-04-01,1.0,1.0,1.0,0.7444612904502953,0.13432531856628024,1830.74
2023-04-02,1.0,1.0,1.0,0.7414137241577088,0.13487746010313756,1821.04
2023-04-03,1.0,1.0,1.0,0.7288508631180997,0.1372022797259094,1798.4
2023-04-04,1.0,1.0,1.0,0.7285990569064811,0.13724969728149874,1797.16
2023-04-05,1.0,1.0,1.0,0.736468484934636,0.1357831353895277,1862.99
2023-04-06,1.0,1.0,1.0,0.7377272137673597,0.13555145876933142,1897.44
2023-04-07,1.0,1.0,1.0,0.7381622440875487,0.13547157254515396,1875.1
2023-04-08,1.0,1.0,1.0,0.7393411063613496,0.13525556625973054,1860.85
2023-04-09,1.0,1.0,1.0,0.7348869940641892,0.13607534329457113,1868.06
2023-04-10,1.0,1.0,1.0,0.6743376641659005,0.14829365956251558,1837.15
2023-04-11,1.0,1.0,1.0,0.6744948093697123,0.14825910979722126,1861.11
2023-04-12,1.0,1.0,1.0,0.6765561452929839,0.14780739292035375,1914.04
2023-04-13,1.0,1.0,1.0,0.5132720983313152,0.1948284356876348,1912.01
2023-04-14,1.0,1.0,1.0,0.49492510344303386,0.20205077355004292,1997.14
2023-04-15,1.0,1.0,1.0,0.40364240365460097,0.24774404050365967,2059.3
2023-04-16,1.0,1.0,1.0,0.40421092139041265,0.24739559152933832,2098.37
2023-04-17,1.0,1.0,1.0,0.39581317763984325,0.25264444351317583,2094.03
2023-04-18,1.0,1.0,1.0,0.3821502529674562,0.26167717860575634,2071.91
2023-04-19,1.0,1.0,1.0,0.3827841984134644,0.26124380372667577,2095.84
2023-04-20,1.0,1.0,1.0,0.42956026183208945,0.23279620785567204,1982.93
2023-04-21,1.0,1.0,1.0,0.42753639438051955,0.23389821618553755,1946.49
2023-04-22,-1.0,1.0,1.0,0.4350942362096536,0.22983526711628102,1904.66
2023-04-23,-1.0,1.0,1.0,0.43788540502302997,0.2283702513326304,1866.59
2023-04-24,-1.0,1.0,1.0,0.4149732021866025,0.24097941619621174,1859.72
2023-04-25,-1.0,1.0,1.0,0.41727690112756455,0.2396490189842291,1834.58
2023-04-26,-1.0,1.0,1.0,0.4191352638052755,0.23858646273785886,1815.09
2023-04-27,-1.0,1.0,1.0,0.47367955208409485,0.2111131873014575,1954.02
2023-04-28,-1.0,1.0,1.0,0.4836090076336908,0.2067786133457318,1900.0
2023-04-29,-1.0,1.0,1.0,0.4699184447147642,0.21280288340394685,1887.0
2023-04-30,-1.0,1.0,1.0,0.46892732031292866,0.21325266340478335,1905.83
2023-05-01,-1.0,1.0,1.0,0.4636225206552536,0.21569271453566702,1919.86
2023-05-02,-1.0,1.0,1.0,0.4908524754115186,0.20372719912670803,1834.08
2023-05-03,-1.0,1.0,1.0,0.4906993943403451,0.20379075489675624,1858.77
2023-05-04,-1.0,1.0,1.0,0.4908602230594427,0.20372398353388294,1853.31
2023-05-05,-1.0,1.0,1.0,0.47885111108039013,0.20883317942894336,1886.3
2023-05-06,1.0,1.0,1.0,0.4896179897533665,0.20424086143234368,1953.21
2023-05-07,1.0,1.0,1.0,0.5073876627253663,0.19708796123039948,1877.39
2023-05-08,1.0,1.0,1.0,0.5115992137304579,0.1954655076008115,1917.2
2023-05-09,1.0,1.0,1.0,0.5207550192685815,0.19202887403841729,1865.01
2023-05-10,1.0,1.0,1.0,0.5197016512126048,0.19241809173912167,1839.59
2023-05-11,1.0,1.0,1.0,0.5213728426170716,0.19180132110073514,1872.37
2023-05-12,-1.0,1.0,1.0,0.5254248051074599,0.1903221907834138,1807.51
2023-05-13,-1.0,-1.0,1.0,0.5306298415606694,0.1884552887298679,1765.41
2023-05-14,-1.0,-1.0,1.0,0.5099709017067006,0.19608961935932764,1796.01
2023-05-15,-1.0,-1.0,1.0,0.4988496130028426,0.20046121595253233,1818.66
2023-05-16,-1.0,-1.0,1.0,0.49331765272014855,0.20270914581832014,1827.59
2023-05-17,-1.0,-1.0,1.0,0.49323897796654936,0.20274147921614954,1820.0
2023-05-18,-1.0,-1.0,1.0,0.49355183453338347,0.20261296383295296,1797.44
2023-05-19,-1.0,-1.0,1.0,0.49174631531934304,0.20335688725000287,1808.48
2023-05-20,-1.0,-1.0,1.0,0.45861819059333675,0.21804630093417168,1815.55
2023-05-21,-1.0,-1.0,1.0,0.45539213735341155,0.21959096742681355,1816.98
2023-05-22,-1.0,-1.0,1.0,0.45030493959616014,0.22207173674284236,1807.63
2023-05-23,-1.0,-1.0,1.0,0.446005584164848,0.22421243937394075,1816.61
2023-05-24,1.0,-1.0,1.0,0.45285162940968265,0.22082287774995,1857.46
2023-05-25,1.0,-1.0,1.0,0.46656437235930187,0.21433269646013578,1793.24
2023-05-26,1.0,-1.0,1.0,0.46523759306471557,0.21494393722841262,1791.54
2023-05-27,1.0,-1.0,1.0,0.39268951830803384,0.2546541105320716,1830.54
2023-05-28,1.0,-1.0,1.0,0.38190994399567885,0.2618418335845465,1823.67
2023-05-29,1.0,-1.0,1.0,0.3838065738932266,0.26054790824875135,1844.4
2023-05-30,1.0,-1.0,1.0,0.39185377761168894,0.255197233543314,1889.99
2023-05-31,1.0,-1.0,1.0,0.39148716667941286,0.2554362148016197,1900.59
2023-06-01,1.0,-1.0,1.0,0.3659778442023848,0.2732405843253731,1858.37
2023-06-02,1.0,-1.0,1.0,0.3632202553014038,0.2753150424307119,1863.67
2023-06-03,1.0,-1.0,1.0,0.3666014343916801,0.27277580123475226,1891.85
2023-06-04,1.0,-1.0,1.0,0.36220419117672736,0.27608736297368747,1903.34
2023-06-05,1.0,-1.0,1.0,0.340809803533873,0.29341878949224837,1901.42
2023-06-06,-1.0,-1.0,1.0,0.346825699028259,0.288329268217959,1820.0
2023-06-07,-1.0,-1.0,1.0,0.341174649810127,0.2931050125079713,1841.85
2023-06-08,-1.0,-1.0,1.0,0.3282064887517734,0.3046862369489326,1839.69
2023-06-09,-1.0,-1.0,1.0,0.32620869438971956,0.30655222169072727,1855.94
2023-06-10,-1.0,-1.0,1.0,0.32128892200625747,0.31124633671014773,1842.03
2023-06-11,-1.0,-1.0,1.0,0.35908043013415,0.27848913950181214,1737.73
2023-06-12,-1.0,-1.0,1.0,0.3504144795434358,0.2853763352767061,1741.58
2023-06-13,-1.0,-1.0,1.0,0.34507057505270927,0.28979579028065516,1732.55
2023-06-14,-1.0,-1.0,1.0,0.3416204051595773,0.29272256132735436,1730.85
2023-06-15,-1.0,-1.0,1.0,0.3419035669047708,0.29248013088980923,1741.3
2023-06-16,-1.0,-1.0,1.0,0.3936825118788606,0.254011791183579,1642.4
2023-06-17,-1.0,-1.0,1.0,0.4032920277662173,0.2479592779304048,1682.4
2023-06-18,-1.0,-1.0,1.0,0.4145911911856246,0.2412014585115174,1728.14
2023-06-19,-1.0,-1.0,1.0,0.414948742162921,0.24099362123319099,1738.23
2023-06-20,-1.0,-1.0,1.0,0.41577648781247406,0.24051384080453964,1721.77
2023-06-21,-1.0,-1.0,1.0,0.41644739961427696,0.24012636432025336,1732.2
2023-06-22,1.0,-1.0,1.0,0.47568054865467513,0.21022511911159936,1849.81
2023-06-23,1.0,-1.0,1.0,0.4722875795894116,0.2117354008905678,1877.66
2023-06-24,1.0,-1.0,1.0,0.4601217506847687,0.21733378144192628,1918.07
2023-06-25,1.0,-1.0,1.0,0.46828973725269024,0.21354300990380187,1874.0
2023-06-26,1.0,-1.0,1.0,0.4633156477241808,0.21583557665535957,1886.78
2023-06-27,1.0,-1.0,1.0,0.4630064499780029,0.2159797126038977,1889.01
2023-06-28,1.0,-1.0,1.0,0.4629291932498768,0.21601575674667525,1871.41
2023-06-29,1.0,-1.0,1.0,0.45553192755979427,0.21952358100492034,1859.63
2023-06-30,1.0,-1.0,1.0,0.45514938351693734,0.2197080862272084,1852.18
2023-07-01,1.0,-1.0,1.0,0.44864589016789197,0.22289293670466495,1852.48
2023-07-02,1.0,-1.0,1.0,0.46653612253012405,0.21434567479508093,1922.72
2023-07-03,1.0,-1.0,1.0,0.4639966307004836,0.2155188063521768,1918.36
2023-07-04,1.0,1.0,1.0,0.47173784035394295,0.21198214653497038,1968.39
2023-07-05,1.0,1.0,1.0,0.4725098974647846,0.21163577850229653,1954.7
2023-07-06,1.0,1.0,1.0,0.45636983436913375,0.21912053003730134,1902.79
2023-07-07,1.0,1.0,1.0,0.45584495070784775,0.21937283684883957,1888.37
2023-07-08,1.0,1.0,1.0,0.4569272336672329,0.2188532278923588,1872.4
2023-07-09,1.0,1.0,1.0,0.45667187107716917,0.21897560663004323,1859.48
2023-07-10,1.0,1.0,1.0,0.4560151724079137,0.21929094918479647,1866.17
2023-07-11,1.0,1.0,1.0,0.40560895684111326,0.24654287907939962,1870.68
2023-07-12,1.0,1.0,1.0,0.4056594858371422,0.2465121696677061,1871.77
2023-07-13,1.0,1.0,1.0,0.40496724508863724,0.24693355132490405,1883.84
2023-07-14,1.0,1.0,1.0,0.41208302277322695,0.24266954587699896,1932.47
2023-07-15,1.0,1.0,1.0,0.42466817896530956,0.23547796833670656,1998.51
2023-07-16,1.0,1.0,1.0,0.3849709064164063,0.2597598892105222,1935.01
2023-07-17,1.0,1.0,1.0,0.37950732950047317,0.2634995222137741,1936.79
2023-07-18,1.0,1.0,1.0,0.37678212094120794,0.2654053747300916,1908.43
2023-07-19,1.0,1.0,1.0,0.3779580576091264,0.2645796219627555,1897.31
2023-07-20,1.0,1.0,1.0,0.3754087256327815,0.26637633377178965,1906.53
2023-07-21,1.0,1.0,1.0,0.3778090945598603,0.2646839407518708,1888.72
2023-07-22,1.0,1.0,1.0,0.3050587252426008,0.3278057361594036,1891.22
2023-07-23,1.0,1.0,1.0,0.30090709116988856,0.33232849252974633,1888.89
2023-07-24,1.0,1.0,1.0,0.29250434617006,0.3418752620580232,1874.26
2023-07-25,-1.0,1.0,1.0,0.28700798804992317,0.34842235813522254,1843.73
2023-07-26,-1.0,1.0,1.0,0.28723525104957126,0.348146683370496,1857.6
2023-07-27,-1.0,1.0,1.0,0.28724973425233064,0.3481291297284765,1860.15
2023-07-28,-1.0,1.0,1.0,0.28603391450240717,0.3496088922670687,1869.0
2023-07-29,-1.0,1.0,1.0,0.28536842744242885,0.3504241898665343,1875.18
2023-07-30,-1.0,1.0,1.0,0.28503318263283717,0.3508363450048343,1872.49
2023-07-31,-1.0,1.0,1.0,0.28508189714919496,0.35077639443260034,1876.09
2023-08-01,-1.0,1.0,1.0,0.25529053228622456,0.3917105703233946,1857.72
2023-08-02,-1.0,1.0,1.0,0.25816736870771195,0.3873456219527748,1834.88
2023-08-03,-1.0,1.0,1.0,0.24055281571038695,0.4157091227749119,1843.03
2023-08-04,-1.0,1.0,1.0,0.23995618935057395,0.41674274070880857,1840.01
2023-08-05,-1.0,1.0,1.0,0.2237641319334558,0.4468991483842395,1847.19
2023-08-06,-1.0,1.0,1.0,0.22362883614613643,0.4471695230513664,1833.9
2023-08-07,-1.0,1.0,1.0,0.2221095500107927,0.4502282769702646,1829.45
2023-08-08,-1.0,1.0,1.0,0.2218008857510225,0.4508548271184666,1818.63
2023-08-09,-1.0,1.0,1.0,0.22658340382024283,0.4413385901790662,1843.04
2023-08-10,-1.0,1.0,1.0,0.22735950160347695,0.43983206901290434,1853.56
2023-08-11,-1.0,1.0,1.0,0.22734448056569018,0.43986112946826283,1853.89
2023-08-12,-1.0,1.0,1.0,0.22640353374433017,0.44168921900718483,1846.34
2023-08-13,-1.0,1.0,1.0,0.20694982983161087,0.4832089017969579,1850.8
2023-08-14,-1.0,1.0,1.0,0.16549970470656938,0.6,1848.75
2023-08-15,-1.0,1.0,1.0,0.1283620444555789,0.6,1853.3
2023-08-16,-1.0,1.0,1.0,0.12945140477862246,0.6,1840.41
2023-08-17,-1.0,1.0,1.0,0.1252092491083383,0.6,1820.71
2023-08-18,-1.0,-1.0,1.0,0.19624929885204848,0.5095559606324483,1739.39
2023-08-19,-1.0,-1.0,1.0,0.24427687092452346,0.4093715447620006,1660.67
2023-08-20,-1.0,-1.0,1.0,0.2514102295967679,0.39775628923448386,1683.39
2023-08-21,-1.0,-1.0,1.0,0.25097655117259104,0.39844359774962484,1671.36
2023-08-22,-1.0,-1.0,1.0,0.2511504358480466,0.3981677342598878,1657.61
2023-08-23,-1.0,-1.0,1.0,0.2508571656605469,0.39863322116665106,1650.37
2023-08-24,-1.0,-1.0,1.0,0.24859257264778228,0.4022646329891953,1657.15
2023-08-25,-1.0,-1.0,1.0,0.2459166446050202,0.4066418528140514,1643.6
2023-08-26,-1.0,-1.0,1.0,0.24602058232815696,0.40647005650370355,1646.47
2023-08-27,-1.0,-1.0,1.0,0.2453486966730766,0.4075831718529505,1651.5
2023-08-28,-1.0,-1.0,1.0,0.24500113534959722,0.40816137385366774,1655.29
2023-08-29,-1.0,-1.0,1.0,0.2448115860502762,0.40847739934768984,1648.6
2023-08-30,1.0,-1.0,1.0,0.28782466562109593,0.3474337398575981,1716.09
2023-08-31,1.0,-1.0,1.0,0.28718231929608196,0.34821085171647026,1703.94
2023-09-01,1.0,-1.0,1.0,0.2859834446222522,0.349670590659845,1689.15
2023-09-02,1.0,-1.0,1.0,0.3027355776548331,0.33032126839751874,1634.49
2023-09-03,1.0,-1.0,1.0,0.3035084199232284,0.32948015091408245,1638.88
2023-09-04,1.0,-1.0,1.0,0.302262376812904,0.33083839627814,1632.85
2023-09-05,1.0,-1.0,1.0,0.3020609136052835,0.3310590529785475,1626.4
2023-09-06,1.0,-1.0,1.0,0.3040777853025946,0.32886322129874684,1636.62
2023-09-07,1.0,-1.0,1.0,0.30435564073444765,0.32856299215840945,1623.47
2023-09-08,1.0,-1.0,1.0,0.29979840787109946,0.3335574752051243,1630.87
2023-09-09,1.0,-1.0,1.0,0.2979559761523213,0.3356200512953562,1628.44
2023-09-10,1.0,-1.0,1.0,0.29901556136316776,0.33443075518917736,1635.31
2023-09-11,1.0,-1.0,1.0,0.2995691840827838,0.33381270609050934,1619.86
2023-09-12,-1.0,-1.0,1.0,0.31766225149920524,0.31479975832208756,1562.29
2023-09-13,-1.0,-1.0,1.0,0.3359385870237554,0.2976734553953716,1604.08
2023-09-14,-1.0,-1.0,1.0,0.33593569863428685,0.2976760148044404,1608.01
2023-09-15,-1.0,-1.0,1.0,0.34343332569484997,0.2911773334683681,1634.4
2023-09-16,-1.0,-1.0,1.0,0.34307439492258124,0.2914819685758425,1619.64
2023-09-17,-1.0,-1.0,1.0,0.3118649351131538,0.32065163069300195,1634.35
2023-09-18,-1.0,-1.0,1.0,0.2695846797595662,0.3709409603290022,1629.67
2023-09-19,1.0,-1.0,1.0,0.2710878627941217,0.3688840915609166,1655.58
2023-09-20,1.0,-1.0,1.0,0.2700988688839647,0.3702347974028736,1656.98
2023-09-21,1.0,-1.0,1.0,0.27494185955703465,0.36371325981832076,1628.87
2023-09-22,-1.0,-1.0,1.0,0.29074768330978995,0.3439408316572916,1583.43
2023-09-23,-1.0,-1.0,1.0,0.29135650776168365,0.34322212593856133,1593.47
2023-09-24,-1.0,-1.0,1.0,0.2903311590831445,0.34443426711688974,1590.85
2023-09-25,-1.0,-1.0,1.0,0.290185925772419,0.3446066508353887,1590.86
2023-09-26,-1.0,-1.0,1.0,0.2899345423028102,0.3449054369505208,1584.78
2023-09-27,-1.0,-1.0,1.0,0.2896468743173563,0.3452479859680218,1583.15
2023-09-28,-1.0,-1.0,1.0,0.2930185748957928,0.3412752929931604,1601.93
2023-09-29,1.0,-1.0,1.0,0.27916910553190777,0.35820582585407346,1652.83
2023-09-30,1.0,-1.0,1.0,0.28178135951240646,0.3548850788889644,1672.19
2023-10-01,1.0,-1.0,1.0,0.2813851946375043,0.3553847249455518,1683.6
2023-10-02,1.0,-1.0,1.0,0.25622211885612134,0.39028636733799665,1683.79
2023-10-03,1.0,-1.0,1.0,0.2565077408624531,0.38985178249892627,1692.01
2023-10-04,1.0,-1.0,1.0,0.2725892685388686,0.36685229956417365,1648.41
2023-10-05,1.0,-1.0,1.0,0.2743507552973326,0.36449690066142953,1632.65
2023-10-06,1.0,-1.0,1.0,0.27511855712195254,0.36347966144527555,1618.33
2023-10-07,1.0,-1.0,1.0,0.2785750821490929,0.35896965094128624,1642.66
2023-10-08,1.0,-1.0,1.0,0.2783547827548437,0.35925375167012424,1638.41
2023-10-09,1.0,-1.0,1.0,0.27873635394072427,0.3587619576213079,1631.27
2023-10-10,-1.0,-1.0,1.0,0.29443591605173697,0.33963247874429986,1586.12
2023-10-11,-1.0,-1.0,1.0,0.29529730795409426,0.3386417596991626,1567.7
2023-10-12,-1.0,-1.0,1.0,0.2683653927415587,0.37262628753440663,1559.57
2023-10-13,-1.0,-1.0,1.0,0.25402169121738605,0.3936671688183599,1541.63
2023-10-14,-1.0,-1.0,1.0,0.253668970151377,0.39421455426860047,1539.39
2023-10-15,-1.0,-1.0,1.0,0.24963412126514234,0.4005862639818682,1556.01
2023-10-16,-1.0,-1.0,1.0,0.2482362907995274,0.4028419844572959,1553.81
2023-10-17,-1.0,-1.0,1.0,0.25239866196899274,0.3961986138115306,1577.9
2023-10-18,-1.0,-1.0,1.0,0.2523306687903144,0.3963053737359985,1575.51
2023-10-19,-1.0,-1.0,1.0,0.2451748305848827,0.4078722100528941,1570.02
2023-10-20,-1.0,-1.0,1.0,0.2453672365049958,0.4075523750619572,1560.98
2023-10-21,-1.0,-1.0,1.0,0.26025781081607857,0.3842343854596892,1605.74
2023-10-22,-1.0,-1.0,1.0,0.24529783843512187,0.4076676771305864,1628.54
2023-10-23,-1.0,-1.0,1.0,0.2446816703821878,0.4086942836535407,1625.99
2023-10-24,1.0,-1.0,1.0,0.2653008869188076,0.37693051524024457,1676.75
2023-10-25,1.0,-1.0,1.0,0.32934642455904317,0.30363165512996976,1778.17
2023-10-26,1.0,-1.0,1.0,0.33068558162859013,0.3024020566833032,1806.18
2023-10-27,1.0,-1.0,1.0,0.3374122100140141,0.2963733884907324,1777.91
2023-10-28,1.0,-1.0,1.0,0.3362448246243407,0.2974023469706098,1783.19
2023-10-29,1.0,-1.0,1.0,0.32160111768860283,0.3109441929764285,1790.96
2023-10-30,1.0,-1.0,1.0,0.32007026776224945,0.3124313942033527,1792.29
2023-10-31,1.0,-1.0,1.0,0.32283957236397326,0.3097513705267172,1819.93
2023-11-01,1.0,-1.0,1.0,0.3287857619364371,0.30414942365823194,1791.68
2023-11-02,1.0,-1.0,1.0,0.32867951782273863,0.3042477385339581,1792.41
2023-11-03,1.0,-1.0,1.0,0.31343682211380036,0.31904356139653794,1803.0
2023-11-04,1.0,-1.0,1.0,0.3102922083121333,0.3222768645850323,1812.37
2023-11-05,1.0,-1.0,1.0,0.3081582258100446,0.3245086180553304,1832.31
2023-11-06,1.0,1.0,1.0,0.3127751641248908,0.319718479821723,1874.85
2023-11-07,1.0,1.0,1.0,0.3134911858607967,0.31898823479012967,1901.59
2023-11-08,1.0,1.0,1.0,0.3238531052276657,0.30878197054711254,1863.39
2023-11-09,1.0,1.0,1.0,0.3038708181000967,0.3290872108918977,1888.91
2023-11-10,1.0,1.0,1.0,0.3811799378342189,0.2623432926931521,2037.88
2023-11-11,1.0,1.0,1.0,0.38187080833646386,0.26186866819076327,2089.73
2023-11-12,1.0,1.0,1.0,0.3811706682264319,0.2623496725634609,2067.87
2023-11-13,1.0,1.0,1.0,0.38257361160949166,0.26138760480446843,2057.83
2023-11-14,1.0,1.0,1.0,0.38515750704575613,0.2596340410628947,2105.01
2023-11-15,1.0,1.0,1.0,0.41004954796781257,0.24387296729284444,2038.25
2023-11-16,1.0,1.0,1.0,0.4136756803079427,0.24173526450856234,2021.2
2023-11-17,1.0,1.0,1.0,0.418823002823316,0.23876434514315786,1995.09
2023-11-18,1.0,1.0,1.0,0.4471167538351532,0.22365522906991953,1919.06
2023-11-19,1.0,1.0,1.0,0.4462554289096099,0.22408690969730533,1952.29
2023-11-20,1.0,1.0,1.0,0.4401095980305854,0.2272161308171482,1967.23
2023-11-21,1.0,1.0,1.0,0.4519050461773032,0.22128542455081457,2042.12
2023-11-22,1.0,1.0,1.0,0.4662164909897497,0.21449262720781495,1988.0
2023-11-23,1.0,1.0,1.0,0.4620386776844764,0.21643209720267065,2033.99
2023-11-24,1.0,1.0,1.0,0.42314691910106317,0.23632453761554223,2041.56
2023-11-25,1.0,1.0,1.0,0.43503563249737065,0.2298662282579908,2115.97
2023-11-26,1.0,1.0,1.0,0.43649629159666786,0.2290970208113525,2077.95
2023-11-27,1.0,1.0,1.0,0.438206212541447,0.22820306316524822,2065.04
2023-11-28,1.0,1.0,1.0,0.4546542199600022,0.21994737013283944,2003.17
2023-11-29,1.0,1.0,1.0,0.4565579450547044,0.21903024814959268,2036.22
2023-11-30,1.0,1.0,1.0,0.4553750810600908,0.2195991923124228,2031.39
2023-12-01,1.0,1.0,1.0,0.45032688833510043,0.22206091306186296,2033.61
2023-12-02,1.0,1.0,1.0,0.4544839883414758,0.22002975366618455,2080.22
2023-12-03,1.0,1.0,1.0,0.4550457322386712,0.21975813179926731,2104.47
2023-12-04,1.0,1.0,1.0,0.46083729219789327,0.21699632753908704,2160.73
2023-12-05,1.0,1.0,1.0,0.46444540085204433,0.21531056140624036,2211.73
2023-12-06,1.0,1.0,1.0,0.4607083886393409,0.2170570418640317,2228.77
2023-12-07,1.0,1.0,1.0,0.4600789490765458,0.21735400022260631,2252.51
2023-12-08,1.0,1.0,1.0,0.45813785713678057,0.21827491101689123,2322.0
2023-12-09,1.0,1.0,1.0,0.4577482683911216,0.2184606844095264,2346.61
2023-12-10,1.0,1.0,1.0,0.38754725924046024,0.25803304659149534,2363.58
2023-12-11,1.0,1.0,1.0,0.38215113790532096,0.2616765726464363,2352.11
2023-12-12,1.0,1.0,1.0,0.43499377405307843,0.2298883477532207,2219.68
2023-12-13,1.0,1.0,1.0,0.4369858204833673,0.22884037722181935,2193.96
2023-12-14,1.0,1.0,1.0,0.43204896741949206,0.2314552459117588,2217.64
2023-12-15,1.0,1.0,1.0,0.42213933422065414,0.2368886097397632,2275.17
2023-12-16,1.0,1.0,1.0,0.4275134910212796,0.23391074691259856,2231.82
2023-12-17,1.0,1.0,1.0,0.4243199619648237,0.23567121267862964,2256.9
2023-12-18,1.0,1.0,1.0,0.40254544392460784,0.24841915741252027,2222.15
2023-12-19,1.0,1.0,1.0,0.41778255482426013,0.23935896519677544,2155.37
2023-12-20,1.0,1.0,1.0,0.420122858168639,0.23802561097463448,2191.91
2023-12-21,1.0,1.0,1.0,0.41022349655198825,0.24376955693791386,2248.0
2023-12-22,1.0,1.0,1.0,0.3978527041230769,0.2513493033066447,2233.19
2023-12-23,1.0,1.0,1.0,0.41036092112147077,0.243687921663474,2320.86
2023-12-24,1.0,1.0,1.0,0.415881901535172,0.24045287768201376,2285.67
2023-12-25,1.0,1.0,1.0,0.4000442898598781,0.24997232190222388,2292.8
2023-12-26,1.0,1.0,1.0,0.3936448014149236,0.2540361250562901,2287.67
2023-12-27,1.0,1.0,1.0,0.4049927255280672,0.2469180153041285,2229.21
2023-12-28,1.0,1.0,1.0,0.4186193853531491,0.23888048069164208,2342.79
2023-12-29,1.0,1.0,1.0,0.41681797970767814,0.23991287532781524,2359.43
2023-12-30,1.0,1.0,1.0,0.4209964501893008,0.2375316940440592,2327.42
2023-12-31,1.0,1.0,1.0,0.4224650680298027,0.2367059611966439,2313.02
2024-01-01,1.0,1.0,1.0,0.41864007865510316,0.2388686728734949,2299.85
2024-01-02,1.0,1.0,1.0,0.4178313342238492,0.23933102141742665,2315.93
2024-01-03,1.0,1.0,1.0,0.41309163920454806,0.2420770369319521,2357.79
2024-01-04,1.0,1.0,1.0,0.4461183730001761,0.22415575338781335,2240.0
2024-01-05,1.0,1.0,1.0,0.44898078011706827,0.22272668325340292,2277.78
2024-01-06,1.0,1.0,1.0,0.4548178849540538,0.21986822266257652,2225.72
2024-01-07,1.0,1.0,1.0,0.4430174506161359,0.22572474258276481,2246.31
2024-01-08,1.0,1.0,1.0,0.441478156713705,0.22651177295924335,2230.78
2024-01-09,1.0,1.0,1.0,0.44540655284310415,0.22451398472178588,2270.2
2024-01-10,1.0,1.0,1.0,0.44550231364328885,0.2244657254015283,2257.18
2024-01-11,1.0,1.0,1.0,0.4856165709405455,0.20592378016738458,2449.61
2024-01-12,1.0,1.0,1.0,0.5266448032374966,0.18988130023359184,2614.6
2024-01-13,1.0,1.0,1.0,0.5268762300942424,0.18979789614367873,2647.44
2024-01-14,1.0,1.0,1.0,0.5376607799432872,0.18599087701830896,2563.88
2024-01-15,1.0,1.0,1.0,0.5338126091049863,0.1873316558926257,2537.68
2024-01-16,1.0,1.0,1.0,0.535119363406402,0.18687419450387924,2515.0
2024-01-17,1.0,1.0,1.0,0.5327905171396345,0.18769102824289166,2559.89
2024-01-18,1.0,1.0,1.0,0.5200759717491824,0.1922796003508255,2539.8
2024-01-19,1.0,1.0,1.0,0.5197956122050634,0.19238330923145466,2525.76
2024-01-20,1.0,1.0,1.0,0.5242098669376147,0.19076329216042937,2463.35
2024-01-21,1.0,1.0,1.0,0.5231989409480693,0.1911318853566365,2463.94
2024-01-22,1.0,1.0,1.0,0.50804228875254,0.19683400814042973,2468.27
2024-01-23,-1.0,1.0,1.0,0.5218219556297035,0.19163624474046134,2379.97
2024-01-24,-1.0,1.0,1.0,0.5762982943036096,0.1735212493051685,2219.0
2024-01-25,-1.0,1.0,1.0,0.5769403967895935,0.17332812983187476,2234.52
2024-01-26,-1.0,1.0,1.0,0.5745049833478406,0.1740628939670204,2188.52
2024-01-27,-1.0,1.0,1.0,0.5578675525290065,0.17925401745748687,2257.28
2024-01-28,-1.0,1.0,1.0,0.5576239148695397,0.17933233732164403,2269.98
2024-01-29,-1.0,1.0,1.0,0.5559033183051367,0.17988739535659645,2270.29
2024-01-30,-1.0,1.0,1.0,0.5556815922979399,0.1799591733576501,2276.02
2024-01-31,-1.0,1.0,1.0,0.5638912934766146,0.17733914525166747,2340.87
2024-02-01,-1.0,1.0,1.0,0.5637390177900609,0.17738704763068305,2329.17
2024-02-02,-1.0,1.0,1.0,0.563333264010169,0.17751481474418107,2288.39
2024-02-03,-1.0,1.0,1.0,0.5355652138077398,0.18671862440247766,2314.2
2024-02-04,-1.0,1.0,1.0,0.5329681771238967,0.1876284631844979,2303.7
2024-02-05,-1.0,1.0,1.0,0.5264488933655936,0.18995196164379582,2301.8
2024-02-06,-1.0,1.0,1.0,0.5257354047836631,0.1902097501710949,2298.0
2024-02-07,-1.0,1.0,1.0,0.5289383390041777,0.1890579536894,2343.82
2024-02-08,-1.0,1.0,1.0,0.5270378340164754,0.1897396990229623,2369.86
2024-02-09,1.0,1.0,1.0,0.5386193934530155,0.18565985780592423,2454.04
2024-02-10,1.0,1.0,1.0,0.4632872450219022,0.21584880886429852,2494.86
2024-02-11,1.0,1.0,1.0,0.402641826621549,0.24835969188564203,2490.42
2024-02-12,1.0,1.0,1.0,0.40089423582519307,0.2494423492873673,2509.33
2024-02-13,1.0,1.0,1.0,0.39242919051313924,0.25482304175497317,2558.82
2024-02-14,1.0,1.0,1.0,0.4023838984724194,0.24851889049147505,2632.22
2024-02-15,1.0,1.0,1.0,0.4260998866192768,0.23468675571216638,2749.99
2024-02-16,1.0,1.0,1.0,0.43163797655874286,0.23167562964977137,2827.16
2024-02-17,1.0,1.0,1.0,0.4362609159396694,0.2292206254246003,2776.46
2024-02-18,1.0,1.0,1.0,0.4368424542752535,0.22891547976010185,2755.1
2024-02-19,1.0,1.0,1.0,0.42850972663295345,0.23336693144810813,2807.21
2024-02-20,1.0,1.0,1.0,0.4414392961362997,0.22653171313757217,2909.25
2024-02-21,1.0,1.0,1.0,0.4412352028355987,0.2266364953597307,2925.81
2024-02-22,1.0,1.0,1.0,0.41679777736795415,0.23992450399206133,2915.29
2024-02-23,1.0,1.0,1.0,0.3193656916988571,0.31312067200472515,2986.49
2024-02-24,1.0,1.0,1.0,0.3396085155074952,0.2944566918487443,2916.25
2024-02-25,1.0,1.0,1.0,0.32307734184297693,0.30952340832555914,2955.34
2024-02-26,1.0,1.0,1.0,0.3219062125260287,0.3106494876731036,3043.51
2024-02-27,1.0,1.0,1.0,0.33172410417072895,0.30145533213508313,3148.43
2024-02-28,1.0,1.0,1.0,0.3332099623924865,0.300111074957028,3230.39
2024-02-29,1.0,1.0,1.0,0.34173373326510814,0.2926254866458343,3349.34
2024-03-01,1.0,1.0,1.0,0.34626796241698093,0.28879368250528054,3468.64
2024-03-02,1.0,1.0,1.0,0.36245775768728766,0.27589421906173,3390.84
2024-03-03,1.0,1.0,1.0,0.3467303451779357,0.28840856126590775,3419.26
2024-03-04,1.0,1.0,1.0,0.34937358869252394,0.286226558722525,3421.85
2024-03-05,1.0,1.0,1.0,0.35528900886001924,0.28146100078035097,3560.85
2024-03-06,1.0,1.0,1.0,0.38464826009538083,0.25997777807496936,3784.24
2024-03-07,1.0,1.0,1.0,0.38282343772972516,0.26121702629555404,3791.15
2024-03-08,1.0,1.0,1.0,0.38296842245055573,0.26111813438851034,3837.59
2024-03-09,1.0,1.0,1.0,0.3824912170457006,0.26144391176452,3902.37
2024-03-10,1.0,1.0,1.0,0.3792349232040776,0.26368879520673005,3917.53
2024-03-11,1.0,1.0,1.0,0.3882322793844727,0.25757775772418035,3883.67
2024-03-12,1.0,1.0,1.0,0.38918245016820924,0.2569488936532951,4018.67
2024-03-13,1.0,1.0,1.0,0.3961373634178601,0.25243768761725305,3990.7
2024-03-14,1.0,1.0,1.0,0.4031760845040958,0.2480305847580206,3963.1
2024-03-15,1.0,1.0,1.0,0.42802013478312456,0.2336338687680416,3845.55
2024-03-16,-1.0,1.0,1.0,0.4513886247784259,0.2215385911620773,3690.35
2024-03-17,-1.0,1.0,1.0,0.4488471866878936,0.22279297490514322,3679.47
2024-03-18,-1.0,1.0,1.0,0.44602682736946075,0.22420176066487196,3628.58
2024-03-19,-1.0,1.0,1.0,0.4610062162276983,0.2169168147411887,3526.29
2024-03-20,-1.0,1.0,1.0,0.5238286091747679,0.1909021352566798,3302.88
2024-03-21,-1.0,1.0,1.0,0.5132502036810156,0.19483674683965618,3294.15
2024-03-22,-1.0,1.0,1.0,0.5483068788088672,0.1823796196342427,3499.05
2024-03-23,-1.0,1.0,1.0,0.5736067686423747,0.1743354602259702,3349.09
2024-03-24,-1.0,1.0,1.0,0.571102491836023,0.17509991889286375,3405.63
2024-03-25,-1.0,1.0,1.0,0.562900417131829,0.17765131621243835,3397.61
2024-03-26,-1.0,1.0,1.0,0.5859177297934776,0.170672425350992,3582.42
2024-03-27,1.0,1.0,1.0,0.5802755068089377,0.17233193341197864,3593.64
2024-03-28,1.0,1.0,1.0,0.5788004066983303,0.17277112946487583,3514.81
2024-03-29,1.0,1.0,1.0,0.5758502989315339,0.17365624396747872,3578.91
2024-03-30,1.0,1.0,1.0,0.5720868207561417,0.17479864309376583,3488.28
2024-03-31,1.0,1.0,1.0,0.5615077260518452,0.17809193954130348,3537.69
2024-04-01,1.0,1.0,1.0,0.5601318825394945,0.17852938409187782,3618.99
2024-04-02,1.0,1.0,1.0,0.5870086432660979,0.17035524288637915,3443.79
2024-04-03,-1.0,1.0,1.0,0.6234958618213053,0.16038598830133075,3239.86
2024-04-04,-1.0,1.0,1.0,0.6146618883402166,0.1626910695082006,3329.11
2024-04-05,-1.0,1.0,1.0,0.5746843909711737,0.17400855421008993,3363.9
2024-04-06,-1.0,1.0,1.0,0.5748047502842332,0.17397211827242443,3327.14
2024-04-07,-1.0,1.0,1.0,0.5723914140030318,0.1747056254751409,3335.91
2024-04-08,-1.0,1.0,1.0,0.5720337325199198,0.17481486547913977,3389.51
2024-04-09,-1.0,1.0,1.0,0.6243719112401794,0.16016095247041412,3629.78
2024-04-10,-1.0,1.0,1.0,0.6300606853975423,0.1587148703571373,3530.4
2024-04-11,-1.0,1.0,1.0,0.6169706390123961,0.16208226725354885,3478.69
2024-04-12,-1.0,1.0,1.0,0.6186006253287823,0.16165518737852977,3508.52
2024-04-13,-1.0,1.0,1.0,0.6207923924254022,0.16108444823124432,3440.29
2024-04-14,-1.0,1.0,1.0,0.6344023204714486,0.15762867942488953,3272.12
2024-04-15,-1.0,1.0,1.0,0.6597665357441992,0.15156876649889897,3055.0
2024-04-16,-1.0,1.0,1.0,0.6746608827993805,0.1482226145749973,3163.27
2024-04-17,-1.0,1.0,1.0,0.691486292123549,0.1446160265779106,3009.38
2024-04-18,-1.0,1.0,1.0,0.6889983050833095,0.14513823802209297,2946.67
2024-04-19,-1.0,1.0,1.0,0.6734451194578142,0.14849019929123444,3068.78
2024-04-20,-1.0,1.0,1.0,0.6737955346448633,0.14841297523989513,3080.75
2024-04-21,-1.0,1.0,1.0,0.6378476151028315,0.15677725781553384,3109.16
2024-04-22,-1.0,1.0,1.0,0.6252173809802877,0.15994436981775603,3159.36
2024-04-23,-1.0,1.0,1.0,0.6226893869657679,0.16059371187821042,3183.74
2024-04-24,-1.0,1.0,1.0,0.6249202928488885,0.16002040763329944,3225.84
2024-04-25,-1.0,1.0,1.0,0.5954284114219324,0.16794630232909397,3175.93
2024-04-26,-1.0,1.0,1.0,0.5948956744337689,0.16809670047640132,3159.78
2024-04-27,-1.0,1.0,1.0,0.5924557436562197,0.16878897887438887,3117.44
2024-04-28,-1.0,1.0,1.0,0.5891250446849745,0.16974325043925684,3145.35
2024-04-29,1.0,1.0,1.0,0.617051374496532,0.16206106028301542,3320.89
2024-04-30,1.0,1.0,1.0,0.6299769694287902,0.1587359615553431,3182.4
2024-05-01,-1.0,1.0,1.0,0.6525550989513822,0.15324376464254766,2994.13
2024-05-02,-1.0,1.0,1.0,0.6436489106427236,0.15536420297852097,2885.79
2024-05-03,-1.0,1.0,1.0,0.6280503281205656,0.1592229086150612,2990.45
2024-05-04,-1.0,1.0,1.0,0.6285772043455021,0.15908944726069682,3075.59
2024-05-05,-1.0,1.0,1.0,0.6304447971037468,0.158618169995848,3126.59
2024-05-06,-1.0,1.0,1.0,0.6312302380251689,0.15842080112140117,3159.91
2024-05-07,-1.0,1.0,1.0,0.6349273216262161,0.1574983412965655,3090.18
2024-05-08,-1.0,1.0,1.0,0.6316091781294826,0.15832575501222304,3071.22
2024-05-09,-1.0,1.0,1.0,0.5803405045402936,0.17231263235574643,3007.28
2024-05-10,-1.0,1.0,1.0,0.5755760542103504,0.17373898595762974,3006.06
2024-05-11,-1.0,1.0,1.0,0.5807893210386651,0.172179474342199,2918.19
2024-05-12,-1.0,1.0,1.0,0.5793780952129781,0.17259886217003118,2926.19
2024-05-13,-1.0,1.0,1.0,0.5782965744513726,0.17292165372909143,2937.83
2024-05-14,-1.0,1.0,1.0,0.5574287127647126,0.17939513647229258,2961.69
2024-05-15,-1.0,1.0,1.0,0.5116953976287469,0.19542876575285037,2898.95
2024-05-16,-1.0,1.0,1.0,0.5052310499065671,0.19792924448822596,2976.91
2024-05-17,-1.0,1.0,1.0,0.47628972565120714,0.2099562401084235,2957.89
2024-05-18,1.0,1.0,1.0,0.5016224597548311,0.19935311518721707,3111.62
2024-05-19,1.0,1.0,1.0,0.48236800059560747,0.20731060077891622,3111.39
2024-05-20,1.0,1.0,1.0,0.483765276681921,0.2067118183551456,3077.53
2024-05-21,1.0,1.0,1.0,0.48486426084104184,0.2062432892590202,3118.15
2024-05-22,1.0,1.0,1.0,0.8171142405847692,0.12238190822428309,3778.06
2024-05-23,1.0,1.0,1.0,0.8178597149882959,0.12227035782222269,3761.36
2024-05-24,1.0,1.0,1.0,0.8179413524657769,0.12225815420450216,3813.74
2024-05-25,1.0,1.0,1.0,0.8249802771657891,0.12121501903481732,3693.89
2024-05-26,1.0,1.0,1.0,0.8246735369899109,0.12126010538061369,3744.34
2024-05-27,1.0,1.0,1.0,0.823935639536541,0.12136870308978188,3832.68
2024-05-28,1.0,1.0,1.0,0.8291160110508641,0.12061038342903894,3964.72
2024-05-29,1.0,1.0,1.0,0.820117546072017,0.12193374044849262,3861.12
2024-05-30,1.0,1.0,1.0,0.8104226991354002,0.12339239770392049,3761.07
2024-05-31,1.0,1.0,1.0,0.7753482011779174,0.12897431095871367,3776.7
2024-06-01,1.0,1.0,1.0,0.76141007459998,0.13133527298353223,3745.56
2024-06-02,1.0,1.0,1.0,0.7557009728443307,0.1323274728939635,3798.8
2024-06-03,1.0,1.0,1.0,0.7527062400510387,0.13285395374591197,3800.03
2024-06-04,1.0,1.0,1.0,0.7524232929675995,0.1329039131757796,3796.58
2024-06-05,1.0,1.0,1.0,0.7523382467446426,0.1329189369711013,3810.33
2024-06-06,1.0,1.0,1.0,0.7457797202017842,0.13408785099833928,3814.48
2024-06-07,1.0,1.0,1.0,0.7443146200627443,0.1343517879462991,3844.91
2024-06-08,1.0,1.0,1.0,0.7406015380072588,0.1350253744666405,3800.61
2024-06-09,-1.0,1.0,1.0,0.7515957237025487,0.1330502514135857,3687.54
2024-06-10,-1.0,1.0,1.0,0.7407790080703022,0.13499302613946332,3690.61
2024-06-11,-1.0,1.0,1.0,0.7407524566123298,0.13499786481617387,3701.94
2024-06-12,-1.0,1.0,1.0,0.7890935942267718,0.12672767936734985,3446.84
2024-06-13,-1.0,1.0,1.0,0.8029018776342169,0.12454822038111814,3618.29
2024-06-14,-1.0,1.0,1.0,0.820558848581867,0.121868163597072,3443.11
2024-06-15,-1.0,1.0,1.0,0.8172319023372505,0.12236428817084112,3461.77
2024-06-16,-1.0,1.0,1.0,0.8203976315932021,0.12189211200646842,3565.48
2024-06-17,-1.0,1.0,1.0,0.8051417883448957,0.12420172626434757,3591.29
2024-06-18,-1.0,1.0,1.0,0.8121976048773445,0.12312274672996812,3497.04
2024-06-19,-1.0,1.0,1.0,0.815238219172497,0.12266353275427207,3423.66
2024-06-20,-1.0,1.0,1.0,0.8198563039311092,0.12197259388079645,3529.39
2024-06-21,-1.0,1.0,1.0,0.47745936249717313,0.20944190826416578,3506.51
2024-06-22,-1.0,1.0,1.0,0.47743924208574395,0.2094507346382744,3492.61
2024-06-23,-1.0,1.0,1.0,0.4744672219581664,0.2107627152562648,3505.2
2024-06-24,-1.0,1.0,1.0,0.4636405845502481,0.21568431093452364,3475.64
2024-06-25,-1.0,-1.0,1.0,0.4974532923193236,0.2010238982111477,3281.31
2024-06-26,-1.0,-1.0,1.0,0.512981267491665,0.19493889219185734,3418.88
2024-06-27,-1.0,-1.0,1.0,0.4968613079720282,0.2012634077065822,3362.0
2024-06-28,-1.0,-1.0,1.0,0.5028494520836042,0.1988666778608201,3452.38
2024-06-29,-1.0,-1.0,1.0,0.4972790985291855,0.20109431563838584,3413.61
2024-06-30,-1.0,-1.0,1.0,0.4966420186769168,0.20135227435327727,3394.56
2024-07-01,-1.0,-1.0,1.0,0.49665186176237036,0.20134828377598296,3399.92
2024-07-02,-1.0,-1.0,1.0,0.5005131671642428,0.19979494359073502,3474.33
2024-07-03,-1.0,-1.0,1.0,0.502571394427682,0.19897670481997481,3416.56
2024-07-04,-1.0,-1.0,1.0,0.5127103991144254,0.19504187972922754,3304.54
2024-07-05,-1.0,-1.0,1.0,0.5363111831879414,0.18645891253950725,3138.47
2024-07-06,-1.0,-1.0,1.0,0.5539199569048686,0.18053149873633134,2991.79
2024-07-07,-1.0,-1.0,1.0,0.5544428511245504,0.1803612397511749,3019.95
2024-07-08,-1.0,-1.0,1.0,0.555036656654729,0.1801682804208135,2971.25
2024-07-09,-1.0,-1.0,1.0,0.5500129149327441,0.18181391251917797,2969.29
2024-07-10,-1.0,-1.0,1.0,0.5662277738644259,0.17660737359722553,3067.66
2024-07-11,-1.0,-1.0,1.0,0.5713917643795756,0.1750112728848678,3122.8
2024-07-12,-1.0,-1.0,1.0,0.5216573463506669,0.19169671566894472,3118.61
2024-07-13,-1.0,-1.0,1.0,0.48908869187598564,0.20446189343783933,3131.11
2024-07-14,-1.0,-1.0,1.0,0.4640213011224882,0.21550734795600018,3155.01
2024-07-15,-1.0,-1.0,1.0,0.4657265853963336,0.21471825559389088,3190.7
2024-07-16,1.0,-1.0,1.0,0.4932374716316749,0.20274209838354496,3368.01
2024-07-17,1.0,-1.0,1.0,0.5059235246739555,0.19765833198692512,3477.29
2024-07-18,1.0,-1.0,1.0,0.49925995021457503,0.20029645870256843,3437.53
2024-07-19,1.0,-1.0,1.0,0.49624247080049444,0.20151439242733266,3389.68
2024-07-20,1.0,-1.0,1.0,0.4907147689160248,0.2037843699322464,3465.15
2024-07-21,1.0,-1.0,1.0,0.49182770272935905,0.2033232358508028,3503.46
2024-07-22,1.0,-1.0,1.0,0.4916444908937999,0.20339900446804965,3499.8
2024-07-23,1.0,-1.0,1.0,0.4932855258540189,0.2027223479279496,3456.92
2024-07-24,1.0,-1.0,1.0,0.49246975226379563,0.20305815644578745,3454.46
2024-07-25,1.0,-1.0,1.0,0.4506869679636553,0.22188349588147907,3415.87
2024-07-26,-1.0,-1.0,1.0,0.5151913052646068,0.19410265464134557,3141.93
2024-07-27,-1.0,-1.0,1.0,0.5289327209715644,0.18905996175906092,3255.31
2024-07-28,-1.0,-1.0,1.0,0.5209444768632742,0.19195903679049037,3281.82
2024-07-29,-1.0,-1.0,1.0,0.5199010524219992,0.1923442923112817,3269.06
2024-07-30,-1.0,-1.0,1.0,0.5216434921497428,0.19170180689476338,3308.0
2024-07-31,-1.0,-1.0,1.0,0.5218570478364372,0.19162335818705367,3321.54
2024-08-01,-1.0,-1.0,1.0,0.51593852369093,0.1938215415368061,3303.0
2024-08-02,-1.0,-1.0,1.0,0.5490245457523801,0.18214121895581292,3116.68
2024-08-03,-1.0,-1.0,1.0,0.5443285677819188,0.18371256979491155,3038.65
2024-08-04,-1.0,-1.0,1.0,0.5269329644214812,0.18977746080052108,2942.59
2024-08-05,-1.0,-1.0,1.0,0.5190817147633495,0.19264789561233192,2827.78
2024-08-06,-1.0,-1.0,-1.0,0.7084463660533681,0.14115394586196084,2450.29
2024-08-07,-1.0,-1.0,-1.0,0.7193073604389297,0.13902262857282432,2527.19
2024-08-08,-1.0,-1.0,-1.0,0.7327140719229154,0.13647888560071278,2412.31
2024-08-09,-1.0,-1.0,-1.0,0.7368008083702177,0.1357218923540504,2506.79
2024-08-10,-1.0,-1.0,-1.0,0.7378698187039323,0.13552526132001158,2558.27
2024-08-11,-1.0,-1.0,-1.0,0.7418035996560204,0.13480657150541023,2599.73
2024-08-12,-1.0,-1.0,-1.0,0.7420642827515539,0.13475921469930174,2614.0
2024-08-13,-1.0,-1.0,-1.0,0.7501360601254162,0.13330914925391119,2689.49
2024-08-14,-1.0,-1.0,-1.0,0.7483493510499152,0.13362742930117136,2652.0
2024-08-15,-1.0,-1.0,-1.0,0.7193532044288282,0.13901376873604218,2673.66
2024-08-16,-1.0,-1.0,-1.0,0.7059013561478763,0.14166285293132574,2668.61
2024-08-17,-1.0,-1.0,-1.0,0.7129843929689741,0.14025552450536116,2568.89
2024-08-18,-1.0,-1.0,-1.0,0.7176489731134578,0.13934389060177804,2606.84
2024-08-19,-1.0,-1.0,-1.0,0.7191814205142499,0.13904697361132481,2672.39
2024-08-20,-1.0,-1.0,-1.0,0.7205850403446837,0.13877612551069077,2584.28
2024-08-21,-1.0,-1.0,-1.0,0.7202333014966464,0.13884389932012278,2574.71
2024-08-22,-1.0,-1.0,-1.0,0.7236525940773946,0.13818785535826467,2601.72
2024-08-23,-1.0,-1.0,-1.0,0.7236318580936536,0.1381918151910026,2599.5
2024-08-24,-1.0,-1.0,-1.0,0.7343216582454988,0.13618010428689814,2670.69
2024-08-25,1.0,-1.0,-1.0,0.6967726151937008,0.14351884362188988,2761.24
2024-08-26,1.0,-1.0,-1.0,0.6827173691280038,0.1464734962400683,2763.87
2024-08-27,1.0,-1.0,-1.0,0.6817875157757175,0.14667326356984256,2721.73
2024-08-28,1.0,-1.0,-1.0,0.7010013424603375,0.14265307916390757,2578.93
2024-08-29,-1.0,-1.0,-1.0,0.7023407917938473,0.14238102238742276,2496.2
2024-08-30,-1.0,-1.0,-1.0,0.7149212675211367,0.1398755423051441,2576.06
2024-08-31,-1.0,-1.0,-1.0,0.7292899603900221,0.13711967177845188,2448.79
2024-09-01,-1.0,-1.0,-1.0,0.7201818875342328,0.13885381142030825,2519.5
2024-09-02,-1.0,-1.0,-1.0,0.7179193822658114,0.13929140579042726,2480.91
2024-09-03,-1.0,-1.0,-1.0,0.7152252321070525,0.13981609640001116,2513.62
2024-09-04,-1.0,-1.0,-1.0,0.7093998035696837,0.14096423412693698,2444.27
2024-09-05,-1.0,-1.0,-1.0,0.5120124404932511,0.19530775444374796,2455.41
2024-09-06,-1.0,-1.0,-1.0,0.5135883484095165,0.19470846702360092,2371.02
2024-09-07,-1.0,-1.0,-1.0,0.502635414584098,0.19895136136148361,2290.14
2024-09-08,-1.0,-1.0,-1.0,0.4827310597926448,0.20715468369272655,2300.57
2024-09-09,-1.0,-1.0,-1.0,0.4808845637140913,0.20795011432193686,2245.43
2024-09-10,-1.0,-1.0,-1.0,0.48357225842788293,0.2067943275429093,2292.55
2024-09-11,-1.0,-1.0,-1.0,0.48651273245787496,0.20554446642084248,2324.82
2024-09-12,-1.0,-1.0,-1.0,0.4731520221226484,0.21134856309264266,2326.38
2024-09-13,-1.0,-1.0,-1.0,0.47213813032809765,0.21180242301232508,2322.93
2024-09-14,-1.0,-1.0,-1.0,0.49044215440160494,0.20389764440622227,2407.99
2024-09-15,1.0,-1.0,-1.0,0.4911986838771579,0.20358360737181583,2419.02
2024-09-16,1.0,-1.0,-1.0,0.47547414222573103,0.2103163792081149,2408.49
2024-09-17,1.0,-1.0,-1.0,0.5004151870844017,0.19983406295607425,2287.78
2024-09-18,1.0,-1.0,-1.0,0.5149717786063956,0.19418539841273946,2384.0
2024-09-19,1.0,-1.0,-1.0,0.5179204984614447,0.19307982653141553,2296.3
2024-09-20,1.0,-1.0,-1.0,0.5636034531879636,0.17742971487197343,2440.36
2024-09-21,1.0,-1.0,-1.0,0.5877752192057889,0.17013306572386902,2560.45
2024-09-22,1.0,-1.0,-1.0,0.5877747554699724,0.17013319995351298,2559.76
2024-09-23,1.0,-1.0,-1.0,0.5799331217528519,0.17243367596896225,2570.77
2024-09-24,1.0,-1.0,-1.0,0.5852267255357642,0.1708739461760771,2675.78
2024-09-25,1.0,-1.0,-1.0,0.5902949943131116,0.16940682364478388,2613.08
2024-09-26,1.0,-1.0,-1.0,0.5884579835873556,0.169935667097896,2600.82
2024-09-27,1.0,-1.0,-1.0,0.5622107676195492,0.17786923652033376,2652.09
2024-09-28,1.0,-1.0,-1.0,0.5504884027650281,0.18165686960472494,2683.72
2024-09-29,1.0,-1.0,-1.0,0.5411753310721704,0.1847829977798159,2670.37
2024-09-30,1.0,-1.0,-1.0,0.5091449413892429,0.19640772571979595,2666.33
2024-10-01,1.0,-1.0,-1.0,0.5104290791370962,0.19591360305932137,2596.39
2024-10-02,-1.0,-1.0,-1.0,0.5171286744554813,0.19337546908474293,2524.71
2024-10-03,-1.0,-1.0,-1.0,0.5228786378251663,0.1912489682422956,2460.3
2024-10-04,-1.0,-1.0,-1.0,0.541944917587973,0.18452059748999708,2340.36
2024-10-05,-1.0,-1.0,-1.0,0.5540162402178823,0.18050012389649844,2417.53
2024-10-06,-1.0,-1.0,-1.0,0.540383273229921,0.18505384040162962,2415.15
2024-10-07,-1.0,-1.0,-1.0,0.5270336953029421,0.18974118901927023,2446.72
2024-10-08,-1.0,-1.0,-1.0,0.5278933375067295,0.18943220702937025,2474.35
2024-10-09,-1.0,-1.0,-1.0,0.5268194776122499,0.18981834242962842,2419.4
2024-10-10,-1.0,-1.0,-1.0,0.5254451768995506,0.19031481188972263,2461.32
2024-10-11,-1.0,-1.0,-1.0,0.5308705812676205,0.18836982784244427,2404.98
2024-10-12,-1.0,-1.0,-1.0,0.5333258906145978,0.18750261661732062,2443.9
2024-10-13,-1.0,-1.0,-1.0,0.5343755318898312,0.18713431665994834,2473.48
2024-10-14,-1.0,-1.0,-1.0,0.5229803022035926,0.19121179053713327,2440.67
2024-10-15,1.0,-1.0,-1.0,0.5851415508884964,0.17089881900910475,2635.84
2024-10-16,1.0,-1.0,-1.0,0.5919283691264181,0.16893936026006384,2573.35
2024-10-17,1.0,-1.0,-1.0,0.5613959787700628,0.17812738918986473,2607.79
2024-10-18,1.0,-1.0,-1.0,0.5463148098359623,0.18304464422267125,2630.82
2024-10-19,1.0,-1.0,-1.0,0.5269729329193616,0.18976306704409462,2653.25
2024-10-20,1.0,-1.0,-1.0,0.48839350658294023,0.2047529269986675,2646.08
2024-10-21,1.0,-1.0,-1.0,0.46704684861467444,0.2141112830471158,2706.95
2024-10-22,1.0,-1.0,-1.0,0.46880518889722894,0.2133082192098388,2679.75
2024-10-23,1.0,-1.0,-1.0,0.47496352188541346,0.21054248461658776,2624.13
2024-10-24,-1.0,-1.0,-1.0,0.46679140522306384,0.21422845168328106,2540.61
2024-10-25,-1.0,-1.0,-1.0,0.4605172392060315,0.2171471369289193,2526.05
2024-10-26,-1.0,-1.0,-1.0,0.46034701100848513,0.21722743410656534,2525.0
2024-10-27,-1.0,-1.0,-1.0,0.4627654805250871,0.21609217672530975,2457.77
2024-10-28,-1.0,-1.0,-1.0,0.46548509482804534,0.2148296499954332,2502.04
2024-10-29,-1.0,-1.0,-1.0,0.4654268377131391,0.21485654005546184,2500.69
2024-10-30,-1.0,-1.0,-1.0,0.5082805050164801,0.19674175777557645,2648.26
2024-10-31,1.0,-1.0,-1.0,0.5014087244091482,0.1994380933794847,2683.13
2024-11-01,1.0,-1.0,-1.0,0.5174890055114139,0.19324082045216395,2562.92
2024-11-02,1.0,-1.0,-1.0,0.5168764002621812,0.1934698507211315,2500.05
2024-11-03,1.0,-1.0,-1.0,0.4853405977062671,0.20604087206510796,2488.98
2024-11-04,-1.0,-1.0,-1.0,0.4780375546369094,0.20918858577116273,2442.73
2024-11-05,-1.0,-1.0,-1.0,0.478017085066544,0.2091975436109761,2442.51
2024-11-06,-1.0,-1.0,-1.0,0.47592016698644013,0.21011927406482273,2441.16
2024-11-07,-1.0,-1.0,-1.0,0.5423173562095214,0.1843938772288998,2634.51
2024-11-08,1.0,1.0,1.0,0.5936935879383768,0.1684370558005414,2847.65
2024-11-09,1.0,1.0,1.0,0.5988382283290965,0.16699000709928655,2936.99
2024-11-10,1.0,1.0,1.0,0.5976504562938814,0.16732188346364654,3041.17
2024-11-11,1.0,1.0,1.0,0.6182678476743628,0.16174219697199793,3211.42
2024-11-12,1.0,1.0,1.0,0.6181813672965082,0.16176482386929564,3239.53
2024-11-13,1.0,1.0,1.0,0.6131463094676255,0.1630932103086891,3262.29
2024-11-14,1.0,1.0,1.0,0.5653325466615745,0.17688703859440644,3310.42
2024-11-15,1.0,1.0,1.0,0.6208203032078091,0.16107720621135468,3077.6
2024-11-16,1.0,1.0,1.0,0.6254237868786612,0.15989158407145948,3023.81
2024-11-17,1.0,1.0,1.0,0.6357773441278878,0.15728776893925434,3142.02
2024-11-18,1.0,1.0,1.0,0.6408622871428377,0.15603976393404415,3086.57
2024-11-19,1.0,1.0,1.0,0.6418573459855813,0.15579785855133985,3144.05
2024-11-20,1.0,1.0,1.0,0.6418483082878383,0.15580005230013752,3105.33
2024-11-21,1.0,1.0,1.0,0.6398053921196589,0.15629752614103887,3130.0
2024-11-22,1.0,1.0,1.0,0.6477983830055091,0.15436901761940577,3277.86
2024-11-23,1.0,1.0,1.0,0.6322947154998522,0.15815409736731129,3314.53
2024-11-24,1.0,1.0,1.0,0.6408949930732027,0.1560318009670861,3461.58
2024-11-25,1.0,1.0,1.0,0.6719145390978495,0.14882845091321534,3295.99
2024-11-26,1.0,1.0,1.0,0.6864164606795394,0.14568415201028526,3518.58
2024-11-27,1.0,1.0,1.0,0.7349193894086957,0.13606934507532642,3297.08
2024-11-28,1.0,1.0,1.0,0.7674453544710679,0.13030243706266376,3552.99
2024-11-29,1.0,1.0,1.0,0.7514668279143841,0.1330730729359529,3543.25
2024-11-30,1.0,1.0,1.0,0.7521789104718088,0.13294709358080034,3613.91
2024-12-01,1.0,1.0,1.0,0.7258669477105277,0.13776629493244197,3674.69
2024-12-02,1.0,1.0,1.0,0.7140060571844923,0.14005483426054602,3728.92
2024-12-03,1.0,1.0,1.0,0.7182186400710879,0.139233367697199,3672.59
2024-12-04,1.0,1.0,1.0,0.7236296276033298,0.13819224114855722,3572.43
2024-12-05,1.0,1.0,1.0,0.7460836974344545,0.13403321952197633,3822.6
2024-12-06,1.0,1.0,1.0,0.7440826663907306,0.13439366957042953,3889.1
2024-12-07,1.0,1.0,1.0,0.7136846795083955,0.14011790202485863,3994.6
2024-12-08,1.0,1.0,1.0,0.6773860763597651,0.1476262998161911,4004.99
2024-12-09,1.0,1.0,1.0,0.6755407868925833,0.14802955193866163,3991.81
2024-12-10,1.0,1.0,1.0,0.6932446193962494,0.14424922632229092,3825.1
2024-12-11,1.0,1.0,1.0,0.7210510894597899,0.1386864279962739,3568.68
2024-12-12,1.0,1.0,1.0,0.7461240098465285,0.1340259778271566,3787.47
2024-12-13,1.0,1.0,1.0,0.7579934544033181,0.1319272606103421,3958.39
2024-12-14,1.0,1.0,1.0,0.7621093844378232,0.13121476003574722,3886.21
2024-12-15,1.0,1.0,1.0,0.7101392791872084,0.1408174465640814,3888.68
2024-12-16,1.0,1.0,1.0,0.7047955645502884,0.1418851153863424,3895.03
2024-12-17,1.0,1.0,1.0,0.6969262236888984,0.14348721084233315,3941.6
2024-12-18,1.0,1.0,1.0,0.6918164286853317,0.14454701544169946,3938.4
2024-12-19,1.0,1.0,1.0,0.6964937094810772,0.14357631467268386,3868.0
2024-12-20,-1.0,1.0,1.0,0.7399897707049816,0.13513700318415334,3613.81
2024-12-21,-1.0,1.0,1.0,0.7819029275412311,0.12789311368159167,3373.8
2024-12-22,-1.0,1.0,1.0,0.7665160977747609,0.1304604042763167,3390.4
2024-12-23,-1.0,1.0,1.0,0.771315142410882,0.12964869286428413,3302.35
2024-12-24,-1.0,1.0,1.0,0.7559498001846162,0.13228391617482835,3277.81
2024-12-25,-1.0,1.0,1.0,0.7690950029485816,0.13002294855202118,3493.55
2024-12-26,-1.0,1.0,1.0,0.73568551939654,0.1359276448475252,3473.2
2024-12-27,-1.0,1.0,1.0,0.7121645545127877,0.14041698560582377,3344.24
2024-12-28,-1.0,1.0,1.0,0.6616812760275913,0.15113016436002358,3326.03
2024-12-29,-1.0,1.0,1.0,0.663645857965322,0.15068277576023895,3368.55
2024-12-30,-1.0,1.0,1.0,0.6594116561493115,0.15165033718687687,3373.66
2024-12-31,-1.0,1.0,1.0,0.6572294375983736,0.15215386633534972,3324.02
2025-01-01,-1.0,1.0,1.0,0.6624710635122658,0.1509499893773828,3413.63
2025-01-02,-1.0,1.0,1.0,0.663095841624329,0.1508077622007681,3353.6
2025-01-03,-1.0,1.0,1.0,0.6678363529517551,0.1497372815331364,3463.49
2025-01-04,1.0,1.0,1.0,0.6315064665261406,0.15835150596333694,3564.99
2025-01-05,1.0,1.0,1.0,0.62977858839744,0.15878596357882543,3608.0
2025-01-06,1.0,1.0,1.0,0.6219999581929098,0.16077171498616977,3629.49
2025-01-07,1.0,1.0,1.0,0.62835062552735,0.15914681379695284,3714.91
2025-01-08,1.0,1.0,1.0,0.6702863048129969,0.14918997938932826,3462.0
2025-01-09,1.0,1.0,1.0,0.6647318500019667,0.15043660086349728,3347.69
2025-01-10,1.0,1.0,1.0,0.6238221343685608,0.16030210294032135,3320.69
2025-01-11,1.0,1.0,1.0,0.5872817853513589,0.17027601143831153,3245.21
2025-01-12,1.0,1.0,1.0,0.5629664743786109,0.17763047099807788,3271.6
2025-01-13,1.0,1.0,1.0,0.5624455841816378,0.17779497752747173,3285.83
2025-01-14,-1.0,-1.0,1.0,0.6099150179518052,0.16395726790892348,3048.79
2025-01-15,-1.0,-1.0,1.0,0.6392113430411589,0.15644278076204446,3199.4
2025-01-16,-1.0,-1.0,1.0,0.6573456915185177,0.15212695738370555,3334.65
2025-01-17,-1.0,-1.0,1.0,0.6573776800996072,0.15211955475100372,3333.11
2025-01-18,-1.0,-1.0,1.0,0.6647238289777981,0.15043841613708725,3422.14
2025-01-19,-1.0,-1.0,1.0,0.6344677520614771,0.15761242344482537,3307.9
2025-01-20,-1.0,-1.0,1.0,0.5955577544498847,0.16790982780900868,3385.04
2025-01-21,-1.0,-1.0,1.0,0.5973932232068533,0.16739393102451386,3336.08
2025-01-22,-1.0,-1.0,1.0,0.5919305391383013,0.16893874092993125,3295.44
2025-01-23,-1.0,-1.0,1.0,0.5916201493107206,0.16902737358845382,3278.9
2025-01-24,-1.0,-1.0,1.0,0.5468367185787913,0.18286994381046018,3259.22
2025-01-25,-1.0,-1.0,1.0,0.563480025684843,0.17746857997044685,3384.1
2025-01-26,-1.0,-1.0,1.0,0.5504371636902923,0.18167377967281617,3334.72
2025-01-27,-1.0,-1.0,1.0,0.5504861657854341,0.18165760779350365,3315.24
2025-01-28,-1.0,-1.0,1.0,0.5811138378628407,0.17208332255134293,3133.4
2025-01-29,-1.0,-1.0,1.0,0.5841597703412407,0.1711860437455054,3181.67
2025-01-30,-1.0,-1.0,1.0,0.5882629669546718,0.16999200292631278,3100.89
2025-01-31,-1.0,-1.0,1.0,0.6062087198660709,0.16495968586874318,3255.98
2025-02-01,-1.0,-1.0,1.0,0.6296815137114264,0.15881044277540676,3427.61
2025-02-02,-1.0,-1.0,1.0,0.6452260109479238,0.15498445242944647,3251.43
2025-02-03,-1.0,-1.0,1.0,0.6591206463511173,0.15171729265893674,3080.98
2025-02-04,-1.0,-1.0,1.0,0.7869575279517456,0.1270716607289787,2700.04
2025-02-05,-1.0,-1.0,1.0,0.79605331433988,0.12561972696882004,2777.6
2025-02-06,-1.0,-1.0,1.0,0.7883731928200253,0.12684348086760558,2773.68
2025-02-07,-1.0,-1.0,1.0,0.7605863159183368,0.13147751663038976,2705.7
2025-02-08,-1.0,-1.0,1.0,0.7566312341919137,0.13216477919630235,2722.02
2025-02-09,-1.0,-1.0,1.0,0.7671090384558479,0.13035956426910963,2605.61
2025-02-10,-1.0,-1.0,1.0,0.7703025087225471,0.12981912802781576,2653.0
2025-02-11,-1.0,-1.0,1.0,0.7691811464277911,0.13000838679473245,2658.75
2025-02-12,-1.0,-1.0,1.0,0.7687296754557302,0.1300847400495063,2662.6
2025-02-13,-1.0,-1.0,1.0,0.7321904300809845,0.1365764914312516,2607.1
2025-02-14,-1.0,-1.0,1.0,0.7114161874267502,0.1405646958381817,2647.74
2025-02-15,-1.0,-1.0,1.0,0.7045253226114151,0.14193953970218834,2734.21
2025-02-16,-1.0,-1.0,1.0,0.704878203620735,0.1418684809465406,2691.0
2025-02-17,-1.0,-1.0,1.0,0.6955450328013036,0.14377214311667294,2694.22
2025-02-18,-1.0,-1.0,1.0,0.6969027306384348,0.1434920478908006,2755.91
2025-02-19,-1.0,-1.0,1.0,0.6937531306125867,0.1441434936829757,2673.79
2025-02-20,-1.0,-1.0,1.0,0.6955980683752465,0.14376118127178888,2697.09
2025-02-21,-1.0,-1.0,1.0,0.6966997277978036,0.14353385828940934,2712.5
2025-02-22,-1.0,-1.0,1.0,0.6976489265444467,0.14333857072684694,2723.84
2025-02-23,-1.0,-1.0,1.0,0.7029571900816922,0.14225617350663813,2775.94
2025-02-24,-1.0,-1.0,1.0,0.6869834122843215,0.1455639222313756,2782.97
2025-02-25,-1.0,-1.0,1.0,0.6994051942107317,0.14297863502836652,2659.41
2025-02-26,-1.0,-1.0,1.0,0.7656570702661788,0.13060677408129368,2410.11
2025-02-27,-1.0,-1.0,1.0,0.7503822045472239,0.1332654204670797,2428.37
2025-02-28,-1.0,-1.0,1.0,0.7551770703431132,0.13241927479943902,2323.31
2025-03-01,-1.0,-1.0,1.0,0.7623229848518828,0.13117799408793862,2222.95
2025-03-02,-1.0,-1.0,1.0,0.7327981574538847,0.13646322521804793,2173.3
2025-03-03,-1.0,-1.0,1.0,0.7101072413486519,0.14082379981096618,2229.96
2025-03-04,-1.0,-1.0,1.0,0.7093575674711556,0.14097262732601534,2287.8
2025-03-05,-1.0,-1.0,1.0,0.7554293276843629,0.13237505658740123,2074.99
2025-03-06,-1.0,-1.0,1.0,0.6614384892338587,0.15118563801122242,2186.79
2025-03-07,-1.0,-1.0,1.0,0.6637657459163626,0.15065555975918113,2257.32
2025-03-08,-1.0,-1.0,1.0,0.6652805191104464,0.15031253302548384,2209.6
2025-03-09,-1.0,-1.0,1.0,0.6627511272780298,0.15088620129656777,2181.75
2025-03-10,-1.0,-1.0,1.0,0.6701439164931814,0.1492216784169188,2097.0
2025-03-11,-1.0,-1.0,1.0,0.6671413575693966,0.14989327054213983,2017.51
2025-03-12,-1.0,-1.0,-1.0,0.6766663322235771,0.1477833242735639,1914.59
2025-03-13,-1.0,-1.0,-1.0,0.6764371526061725,0.14783339385591207,1869.57
2025-03-14,-1.0,-1.0,-1.0,0.6769267944457497,0.14772646144385146,1875.89
2025-03-15,-1.0,-1.0,-1.0,0.6871287557775492,0.1455331321228739,1922.19
2025-03-16,-1.0,-1.0,-1.0,0.6841637975354027,0.14616382854549595,1937.36
2025-03-17,-1.0,-1.0,-1.0,0.6682146343357231,0.14965251411982425,1894.99
2025-03-18,-1.0,-1.0,-1.0,0.6734956753091416,0.1484790528968118,1919.29
2025-03-19,-1.0,-1.0,-1.0,0.6726776057901513,0.14865962407435343,1880.88
2025-03-20,1.0,-1.0,-1.0,0.7430590375777766,0.1345788086044683,2048.9
2025-03-21,1.0,-1.0,-1.0,0.7461498365533067,0.13402133874602246,1972.35
2025-03-22,1.0,-1.0,-1.0,0.7431563912042025,0.1345611787553372,1950.32
2025-03-23,1.0,-1.0,-1.0,0.7478117349103265,0.133723496612408,1986.36
2025-03-24,1.0,-1.0,-1.0,0.7496099719851247,0.13340270772436363,2007.24
2025-03-25,1.0,-1.0,-1.0,0.7631921077365136,0.1310286086377144,2089.85
2025-03-26,1.0,-1.0,-1.0,0.7620103148397072,0.13123181937640244,2067.51
2025-03-27,1.0,-1.0,-1.0,0.7541175819235573,0.13260531566566328,2012.6
2025-03-28,1.0,-1.0,-1.0,0.6846147623986982,0.1460675484846807,2005.6
2025-03-29,-1.0,-1.0,-1.0,0.7154018016087574,0.13978158815804675,1872.36
2025-03-30,-1.0,-1.0,-1.0,0.7049924829032506,0.1418454840655705,1840.27
2025-03-31,-1.0,-1.0,-1.0,0.6936169017195817,0.144171803991634,1813.62
2025-04-01,-1.0,-1.0,-1.0,0.6953700823327752,0.1438083152276663,1842.02
2025-04-02,-1.0,-1.0,-1.0,0.7053563281498022,0.1417723156497466,1918.48
2025-04-03,-1.0,-1.0,-1.0,0.6970116909608567,0.1434696165026246,1901.1
2025-04-04,-1.0,-1.0,-1.0,0.6518030008599142,0.1534205885337617,1782.48
2025-04-05,-1.0,-1.0,-1.0,0.6209139110237958,0.1610529225140321,1795.37
2025-04-06,-1.0,-1.0,-1.0,0.6058429302108714,0.16505928354267288,1782.27
2025-04-07,-1.0,-1.0,-1.0,0.6042235817167497,0.16550165042528645,1759.73
2025-04-08,-1.0,-1.0,-1.0,0.7220186848218981,0.13850057083310416,1556.46
2025-04-09,-1.0,-1.0,-1.0,0.7152622112809314,0.13980886788484806,1531.36
2025-04-10,-1.0,-1.0,-1.0,0.7118859885178257,0.1404719317600335,1485.4
2025-04-11,-1.0,-1.0,-1.0,0.6981114866447704,0.1432435963496535,1495.99
2025-04-12,-1.0,-1.0,-1.0,0.7194325456785515,0.13899843786700308,1565.61
2025-04-13,-1.0,-1.0,-1.0,0.7497168994509302,0.1333836813245599,1655.78
2025-04-14,-1.0,-1.0,-1.0,0.7538758284847612,0.1326478396329448,1586.72
2025-04-15,-1.0,-1.0,-1.0,0.7604294562520972,0.1315046375147888,1628.0
2025-04-16,-1.0,-1.0,-1.0,0.7582300067240161,0.1318861019917383,1621.11
2025-04-17,-1.0,-1.0,-1.0,0.7568762939544565,0.1321219871711523,1590.8
2025-04-18,-1.0,-1.0,-1.0,0.7552601329331395,0.1324047114887933,1583.1
2025-04-19,-1.0,-1.0,-1.0,0.682877507316591,0.1464391474731041,1582.94
2025-04-20,-1.0,-1.0,-1.0,0.6793525390076727,0.14719897881896427,1607.28
2025-04-21,-1.0,-1.0,-1.0,0.6809709430275915,0.1468491438935717,1573.74
2025-04-22,-1.0,-1.0,-1.0,0.6881800118425616,0.14531081734306098,1623.48
2025-04-23,1.0,-1.0,-1.0,0.7112854560882116,0.1405905310505861,1703.36
2025-04-24,1.0,-1.0,-1.0,0.7218215716208649,0.13853839221713476,1794.9
2025-04-25,1.0,-1.0,-1.0,0.7227885849212456,0.13835304276546634,1764.2
2025-04-26,1.0,-1.0,-1.0,0.7250232939339551,0.137926602961131,1805.8
2025-04-27,1.0,-1.0,-1.0,0.7250233768359825,0.13792658719006018,1799.58
2025-04-28,1.0,-1.0,-1.0,0.6872341393876512,0.14551081541016483,1793.1
2025-04-29,1.0,-1.0,-1.0,0.6872211636014468,0.14551356287681924,1762.45
2025-04-30,1.0,-1.0,-1.0,0.6932738619657476,0.1442431418320812,1814.18
2025-05-01,1.0,-1.0,-1.0,0.6975806376866063,0.14335260269211458,1763.7
2025-05-02,1.0,-1.0,-1.0,0.7042085970749647,0.14200337856618747,1852.17
2025-05-03,1.0,-1.0,-1.0,0.7039096126270467,0.14206369426721147,1840.15
2025-05-04,1.0,-1.0,-1.0,0.6672486516808059,0.1498691675855755,1833.48
2025-05-05,1.0,-1.0,-1.0,0.6669445487878328,0.14993750257311395,1829.78
2025-05-06,1.0,-1.0,-1.0,0.668927137896213,0.14949311267965845,1800.37
2025-05-07,1.0,-1.0,-1.0,0.6702171683382291,0.14920536913124016,1769.38
2025-05-08,1.0,-1.0,-1.0,0.5143488974802065,0.19442055867116595,1816.73
2025-05-09,1.0,1.0,-1.0,0.6441952647292529,0.15523243568396725,2050.61
2025-05-10,1.0,1.0,-1.0,0.7223262751496319,0.13844159272661752,2300.64
2025-05-11,1.0,1.0,-1.0,0.7352624800112504,0.13600585194891202,2432.2
2025-05-12,1.0,1.0,-1.0,0.727971094140574,0.13736809167959851,2461.11
2025-05-13,1.0,1.0,-1.0,0.7134347639773861,0.14016698519497672,2486.53
2025-05-14,1.0,1.0,-1.0,0.6870774835624007,0.14554399233331586,2564.64
2025-05-15,1.0,1.0,-1.0,0.6863256789421383,0.14570342195870345,2595.95
2025-05-16,1.0,1.0,-1.0,0.6900025325391342,0.14492700429955074,2562.66
2025-05-17,1.0,1.0,-1.0,0.6794441297292844,0.14717913603851976,2593.92
2025-05-18,1.0,1.0,-1.0,0.7105914092195548,0.14072784824380355,2473.71
2025-05-19,1.0,1.0,-1.0,0.7142309051967894,0.14001074340580008,2578.49
2025-05-20,1.0,1.0,-1.0,0.7443764671481038,0.13434062522573495,2465.44
2025-05-21,1.0,1.0,-1.0,0.7343741093113696,0.13617037792055478,2481.54
2025-05-22,1.0,1.0,-1.0,0.7350254182735839,0.13604971680418676,2565.88
2025-05-23,1.0,1.0,-1.0,0.7301583648776336,0.13695659025526455,2663.77
2025-05-24,1.0,1.0,-1.0,0.7386108276907816,0.13538929602838815,2567.18
2025-05-25,1.0,1.0,-1.0,0.7338924467102225,0.1362597482073351,2554.43
2025-05-26,1.0,1.0,-1.0,0.7397683360018233,0.1351774537153933,2510.26
2025-05-27,1.0,1.0,-1.0,0.7387933809355165,0.13535584180975252,2564.8
2025-05-28,1.0,1.0,-1.0,0.742492510780485,0.13468149314379363,2667.27
2025-05-29,1.0,1.0,-1.0,0.7416470187353618,0.13483503266893399,2626.24
2025-05-30,1.0,1.0,-1.0,0.739914345037642,0.13515077883091003,2642.48
2025-05-31,1.0,1.0,-1.0,0.7335406244792192,0.1363251013820748,2597.01
2025-06-01,1.0,1.0,-1.0,0.732614362663857,0.13649746045981173,2535.29
2025-06-02,1.0,1.0,-1.0,0.7322780686124721,0.1365601460514597,2521.95
2025-06-03,1.0,1.0,-1.0,0.7306161747865655,0.1368707721659912,2542.94
2025-06-04,1.0,1.0,-1.0,0.7322254797548129,0.1365699538801698,2622.51
2025-06-05,1.0,1.0,-1.0,0.7254689094069924,0.1378418822685886,2666.8
2025-06-06,1.0,1.0,-1.0,0.7330938559795902,0.13640818182328904,2588.31
2025-06-07,1.0,1.0,-1.0,0.7466047536560317,0.13393967760091574,2508.33
2025-06-08,1.0,1.0,-1.0,0.6357424238184659,0.15729640850357135,2518.15
2025-06-09,1.0,1.0,-1.0,0.506958303118322,0.19725488148610204,2513.3
2025-06-10,1.0,1.0,-1.0,0.4718017615354553,0.21195342652930121,2532.91
2025-06-11,1.0,1.0,-1.0,0.5352963978971992,0.1868123910282775,2731.53
2025-06-12,1.0,1.0,1.0,0.5556138747392688,0.17998110656780608,2863.56
2025-06-13,1.0,1.0,1.0,0.5801231523989534,0.17237719195738896,2718.77
2025-06-14,1.0,1.0,1.0,0.6212940293403831,0.16095438758065683,2550.0
2025-06-15,1.0,1.0,1.0,0.6212033416962726,0.1609778848370932,2518.26
2025-06-16,1.0,1.0,1.0,0.620476118540934,0.16116655744165087,2540.47
2025-06-17,1.0,1.0,1.0,0.6091859355729928,0.16415349429553266,2630.9
2025-06-18,1.0,1.0,1.0,0.6199133555569525,0.16131286590874688,2497.41
2025-06-19,1.0,1.0,1.0,0.6002662560977038,0.16659273944548245,2507.6
2025-06-20,1.0,1.0,1.0,0.6003274271343112,0.16657576429142062,2491.91
2025-06-21,1.0,1.0,1.0,0.5886119210737332,0.16989122445495525,2492.89
2025-06-22,-1.0,1.0,1.0,0.5797753041612976,0.1724806132345701,2422.21
2025-06-23,-1.0,-1.0,1.0,0.6741691364650169,0.14833072976960446,2173.81
2025-06-24,-1.0,-1.0,1.0,0.6873015145847775,0.14549655119036578,2247.68
2025-06-25,-1.0,-1.0,1.0,0.7448161620928582,0.1342613185500837,2437.2
2025-06-26,-1.0,-1.0,1.0,0.7416267704599863,0.1348387140043179,2404.51
2025-06-27,-1.0,-1.0,1.0,0.728785663289725,0.1372145543431821,2432.0
2025-06-28,-1.0,-1.0,1.0,0.7276307844702129,0.13743233812298072,2437.04
2025-06-29,-1.0,-1.0,1.0,0.7270097285074254,0.13754974119163887,2434.76
2025-06-30,-1.0,-1.0,1.0,0.7252058842510145,0.13789187618531118,2435.51
2025-07-01,-1.0,-1.0,1.0,0.7233301363289864,0.13824945896422297,2473.4
2025-07-02,-1.0,-1.0,1.0,0.7264682320419126,0.13765226831588506,2422.33
2025-07-03,-1.0,-1.0,1.0,0.734064733857278,0.13622776764459402,2497.61
2025-07-04,1.0,-1.0,1.0,0.7328094305006606,0.1364611259596909,2569.32
2025-07-05,1.0,-1.0,1.0,0.7356809815040648,0.13592848328844218,2499.81
2025-07-06,1.0,-1.0,1.0,0.7292038857940097,0.13713585726591787,2506.83
2025-07-07,1.0,-1.0,1.0,0.7244715868879185,0.13803163824486991,2557.38
2025-07-08,1.0,-1.0,1.0,0.7252413356150084,0.137885135732369,2532.51
2025-07-09,1.0,-1.0,1.0,0.7263679479597779,0.13767127291461578,2563.73
2025-07-10,1.0,-1.0,1.0,0.7356129126818379,0.13594106122393654,2655.3
2025-07-11,1.0,-1.0,1.0,0.7027268654317514,0.14230279916587588,2768.6
2025-07-12,1.0,1.0,1.0,0.7184873169447468,0.13918130166198914,2951.5
2025-07-13,1.0,1.0,1.0,0.6954472276728552,0.1437923626996482,2915.7
2025-07-14,1.0,1.0,1.0,0.6582212218096284,0.15192460632775243,2991.23
2025-07-15,1.0,1.0,1.0,0.6551855332958546,0.15262852263687599,3013.3
2025-07-16,1.0,1.0,1.0,0.6551835610334173,0.152628982085983,3039.76
2025-07-17,1.0,1.0,1.0,0.6790909915372227,0.14725567154651137,3244.12
2025-07-18,1.0,1.0,1.0,0.6633327389596674,0.15075390392585508,3420.72
2025-07-19,1.0,1.0,1.0,0.6712788253365951,0.14896939427496114,3565.49
2025-07-20,1.0,1.0,1.0,0.6704682279436134,0.14914949856268214,3552.66
2025-07-21,1.0,1.0,1.0,0.6919639186981666,0.14451620568329057,3785.5
2025-07-22,1.0,1.0,1.0,0.6757933082159044,0.14797423825340944,3812.04
2025-07-23,1.0,1.0,1.0,0.5365101002877234,0.186389780819357,3719.7
2025-07-24,1.0,1.0,1.0,0.5489792239871429,0.18215625588472542,3645.51
2025-07-25,1.0,1.0,1.0,0.49939962851280795,0.2002404372982735,3730.0
2025-07-26,1.0,1.0,1.0,0.5099893631579522,0.19608252097804704,3632.68
2025-07-27,1.0,1.0,1.0,0.5121167648346715,0.19526796790627107,3734.53
2025-07-28,1.0,1.0,1.0,0.5109178232605072,0.1957261920553747,3818.31
2025-07-29,1.0,1.0,1.0,0.5117778049615888,0.19539729748050613,3806.61
2025-07-30,1.0,1.0,1.0,0.517873153018121,0.19309747844082756,3760.5
2025-07-31,1.0,1.0,1.0,0.5181521131585496,0.19299351958717376,3795.99
2025-08-01,1.0,1.0,1.0,0.5067471730900479,0.19733706532632242,3786.01
2025-08-02,1.0,1.0,1.0,0.5451344876994,0.18344097146013327,3614.19
2025-08-03,-1.0,1.0,1.0,0.5751629461191156,0.17386377317027327,3457.93
2025-08-04,-1.0,1.0,1.0,0.5601263527311561,0.17853114661076663,3474.62
2025-08-05,-1.0,1.0,1.0,0.5736340636856901,0.17432716487839667,3646.59
2025-08-06,-1.0,1.0,1.0,0.584538749472398,0.17107505719725088,3569.3
2025-08-07,-1.0,1.0,1.0,0.5818010572609393,0.17188005891702898,3662.64
2025-08-08,-1.0,1.0,1.0,0.5931332322419113,0.1685961847425448,3834.81
2025-08-09,1.0,1.0,1.0,0.5912705202715677,0.16912732255629875,3953.29
2025-08-10,1.0,1.0,1.0,0.6076587339810364,0.1645660539508032,4209.01
2025-08-11,1.0,1.0,1.0,0.5822143494476905,0.1717580476930251,4217.63
2025-08-12,1.0,1.0,1.0,0.5777223444037407,0.17309353008183997,4329.19
2025-08-13,1.0,1.0,1.0,0.5798473594173038,0.1724591797753314,4470.3
2025-08-14,1.0,1.0,1.0,0.5879653814485324,0.17007804057040987,4665.14
2025-08-15,1.0,1.0,1.0,0.5935782332269735,0.1684697894940528,4620.01
2025-08-16,1.0,1.0,1.0,0.5949744005966696,0.16807445816108235,4429.99
2025-08-17,1.0,1.0,1.0,0.5780313642038704,0.17300099301312347,4398.8
2025-08-18,1.0,1.0,1.0,0.5744198056721199,0.17408870483320385,4559.21
2025-08-19,1.0,1.0,1.0,0.6052830019600187,0.16521197468982515,4344.05
2025-08-20,1.0,1.0,1.0,0.5876354314765885,0.1701735372707594,4190.4
2025-08-21,1.0,1.0,1.0,0.5888588260392487,0.1698199900859341,4253.44
2025-08-22,1.0,1.0,1.0,0.580853940293352,0.17216031959686187,4241.91
2025-08-23,1.0,1.0,1.0,0.6352516480326639,0.15741793084629374,4615.35
2025-08-24,1.0,1.0,1.0,0.6371860854624891,0.15694002471415702,4749.22
2025-08-25,1.0,1.0,1.0,0.6253248462476506,0.1599168825612224,4797.1
2025-08-26,1.0,1.0,1.0,0.6436735881569733,0.15535824653972427,4610.2
2025-08-27,1.0,1.0,1.0,0.6481122652923498,0.15429425634290705,4516.29
2025-08-28,1.0,1.0,1.0,0.6527334739958564,0.15320188711608013,4654.8
2025-08-29,1.0,1.0,1.0,0.6640799756018361,0.15058427248822395,4502.43
2025-08-30,1.0,1.0,1.0,0.68459774847149,0.14607117862025001,4314.09
2025-08-31,1.0,1.0,1.0,0.6849101733974,0.14600454758025297,4374.23
2025-09-01,1.0,1.0,1.0,0.6631573147678508,0.15079378267132085,4482.61
2025-09-02,1.0,1.0,1.0,0.6499451848174861,0.15385912894805343,4359.71
2025-09-03,1.0,1.0,1.0,0.6547170377876288,0.15273773894431186,4293.21
2025-09-04,1.0,1.0,1.0,0.6501754482579827,0.15380463883699447,4477.06
2025-09-05,1.0,1.0,1.0,0.6627956069251906,0.15087607545245385,4302.57
2025-09-06,1.0,1.0,1.0,0.6601388101534775,0.15148329178942035,4281.0
2025-09-07,1.0,1.0,1.0,0.6445413987435544,0.15514907218517907,4268.0
2025-09-08,1.0,1.0,1.0,0.6376146846650627,0.15683453095583855,4297.23
2025-09-09,1.0,1.0,1.0,0.6036607371686357,0.1656559617725552,4370.0
2025-09-10,1.0,1.0,1.0,0.6079300511864065,0.16449260865595458,4284.51
2025-09-11,1.0,1.0,1.0,0.6086242781605841,0.16430498024532508,4403.66
2025-09-12,1.0,1.0,1.0,0.5983105124201689,0.16713729397048288,4410.85
2025-09-13,1.0,1.0,1.0,0.5881234846020595,0.17003231909309444,4541.0
2025-09-14,1.0,1.0,1.0,0.5937492266388412,0.1684212720007917,4655.33
2025-09-15,1.0,1.0,1.0,0.5775015702460825,0.17315970233187147,4584.07
2025-09-16,1.0,1.0,1.0,0.5809057047525191,0.1721449784050625,4498.9
2025-09-17,1.0,1.0,1.0,0.5679411966625235,0.17607456650027278,4465.0
2025-09-18,1.0,1.0,1.0,0.5423658534399406,0.18437738911060264,4487.5
2025-09-19,1.0,1.0,1.0,0.5314192333790121,0.1881753495524677,4597.09
2025-09-20,1.0,1.0,1.0,0.5397283446113386,0.1852783923586792,4472.72
2025-09-21,1.0,1.0,1.0,0.5396221906981394,0.18531484013032232,4495.71
2025-09-22,1.0,1.0,1.0,0.45351469226701613,0.22050002283304848,4480.22
2025-09-23,-1.0,-1.0,1.0,0.5035609373513205,0.1985856975443526,4165.79
2025-09-24,-1.0,-1.0,1.0,0.5017203603336494,0.19931421545958178,4179.05
2025-09-25,-1.0,-1.0,1.0,0.48597313967492534,0.2057726895500675,4163.52
2025-09-26,-1.0,-1.0,1.0,0.49868085749752156,0.2005290527930421,4000.5
2025-09-27,-1.0,-1.0,1.0,0.4846352358569054,0.20634075403779814,3943.81
2025-09-28,-1.0,-1.0,1.0,0.4809284691783664,0.20793112990554127,4016.42
2025-09-29,-1.0,-1.0,1.0,0.4607902862623822,0.21701846367277416,4019.18
2025-09-30,-1.0,-1.0,1.0,0.47554660875510096,0.21028432998772248,4163.28
2025-10-01,-1.0,-1.0,1.0,0.46731542859988645,0.2139882269661154,4117.88
2025-10-02,1.0,-1.0,1.0,0.4909854786346539,0.20367201139651378,4324.55
2025-10-03,1.0,-1.0,1.0,0.4955627293364424,0.2017908008011414,4435.38
2025-10-04,1.0,-1.0,1.0,0.4799319264864831,0.20836288331990438,4533.18
2025-10-05,1.0,-1.0,1.0,0.4631254548905915,0.21592421436568188,4453.67
2025-10-06,1.0,-1.0,1.0,0.46579230664829363,0.21468795978957017,4531.01
2025-10-07,1.0,-1.0,1.0,0.47554958028374766,0.2102830160008399,4671.15
2025-10-08,1.0,-1.0,1.0,0.4927984947012711,0.20292269776639413,4510.48
2025-10-09,1.0,-1.0,1.0,0.492799315477057,0.20292235979101242,4445.05
2025-10-10,1.0,-1.0,1.0,0.49938115548091433,0.200247844562132,4312.36
2025-10-11,-1.0,-1.0,1.0,0.518580547044283,0.1928340748027726,4101.01
2025-10-12,-1.0,-1.0,1.0,0.5681603030506021,0.17600666477941826,3822.61
2025-10-13,-1.0,-1.0,1.0,0.5913170682941516,0.16911400898418655,4031.83
2025-10-14,-1.0,-1.0,1.0,0.59131556222559,0.16911443971408532,4133.33
2025-10-15,-1.0,-1.0,1.0,0.5906668429938354,0.16930017519375753,4082.99
2025-10-16,-1.0,-1.0,1.0,0.5933149307209399,0.16854455335969637,3979.03
2025-10-17,-1.0,-1.0,1.0,0.5953430732918004,0.1679703762186651,3905.2
2025-10-18,-1.0,-1.0,1.0,0.5999183447069117,0.16668935177979047,3795.55
2025-10-19,-1.0,-1.0,1.0,0.5980950531193672,0.16719750393929794,3875.88
2025-10-20,-1.0,-1.0,1.0,0.6024277778943956,0.16599500167392647,3977.36
2025-10-21,-1.0,-1.0,1.0,0.6026372630505707,0.16593729948559194,4002.14
2025-10-22,-1.0,-1.0,1.0,0.6078455951613145,0.16451546378889406,4079.96
2025-10-23,-1.0,-1.0,1.0,0.5922910778323586,0.16883590474800955,3839.45
2025-10-24,-1.0,-1.0,1.0,0.5933775235017479,0.1685267743372916,3874.89
2025-10-25,-1.0,-1.0,1.0,0.5936828822451959,0.16844009317199612,3887.35
2025-10-26,-1.0,-1.0,1.0,0.5799898502604334,0.17241681032020978,3931.64
2025-10-27,-1.0,-1.0,1.0,0.5905929730767018,0.16932135084345604,4073.0
2025-10-28,1.0,-1.0,1.0,0.592831784017887,0.16868191398621565,4170.82
2025-10-29,1.0,-1.0,1.0,0.5965987259261933,0.16761685141843774,4095.42
2025-10-30,1.0,-1.0,1.0,0.5963656478523754,0.1676823612495434,3950.5
2025-10-31,1.0,-1.0,1.0,0.6151697817194242,0.1625567493261714,3771.2
2025-11-01,1.0,-1.0,1.0,0.5944075623130609,0.16823473714039372,3857.57
2025-11-02,1.0,-1.0,1.0,0.587275172227937,0.17027792886362197,3892.47
2025-11-03,1.0,-1.0,1.0,0.5801756429803296,0.17236159637158435,3851.54
2025-11-04,-1.0,-1.0,1.0,0.6213468364592905,0.16094070836482297,3587.31
2025-11-05,-1.0,-1.0,1.0,0.6173503978772316,0.16198256345804826,3506.39
2025-11-06,-1.0,-1.0,1.0,0.6064375250902896,0.16489744757320465,3395.61
2025-11-07,-1.0,-1.0,1.0,0.6038349579556983,0.1656081660766264,3298.64
2025-11-08,-1.0,-1.0,1.0,0.6044916898455424,0.16542824604512207,3295.33
2025-11-09,-1.0,-1.0,1.0,0.6110285778993744,0.16365846642359214,3375.89
2025-11-10,-1.0,-1.0,1.0,0.6136089259515735,0.16297024989478737,3513.01
2025-11-11,-1.0,-1.0,1.0,0.5685964056217709,0.17587167103289741,3518.33
2025-11-12,-1.0,-1.0,1.0,0.5331163051801983,0.18757633002089305,3479.51
2025-11-13,-1.0,-1.0,1.0,0.5235228025223622,0.19101364738688442,3426.73
2025-11-14,-1.0,-1.0,1.0,0.5235181006071996,0.19101536295309665,3385.11
2025-11-15,-1.0,-1.0,1.0,0.5487673167067506,0.1822265957821935,3195.56
2025-11-16,-1.0,-1.0,1.0,0.5473921601419912,0.18268438476367735,3184.31
2025-11-17,-1.0,-1.0,1.0,0.5460867746525466,0.1831210800950564,3103.86
2025-11-18,-1.0,-1.0,1.0,0.5389601039860625,0.18554249054877353,3119.52
2025-11-19,-1.0,-1.0,1.0,0.5261738788335872,0.1900512435578866,3105.1
2025-11-20,-1.0,-1.0,1.0,0.537348561262904,0.186098944351828,2971.81
2025-11-21,-1.0,-1.0,1.0,0.5275598948120503,0.18955193710398746,2954.39
2025-11-22,-1.0,-1.0,-1.0,0.5668199953543446,0.17642285173353053,2703.97
2025-11-23,-1.0,-1.0,-1.0,0.5683374018200567,0.175951819605322,2737.56
2025-11-24,-1.0,-1.0,-1.0,0.5884129264140054,0.16994867976377584,2834.76
2025-11-25,-1.0,-1.0,-1.0,0.5854909819263109,0.1707968236692429,2844.82
2025-11-26,-1.0,-1.0,-1.0,0.5712476425585391,0.17505542701605534,2894.2
2025-11-27,-1.0,-1.0,-1.0,0.5633871034052356,0.17749785075941216,2926.54
2025-11-28,-1.0,-1.0,-1.0,0.5790190291513038,0.17270589560169525,3009.43
2025-11-29,1.0,-1.0,-1.0,0.5809175591790783,0.17214146554859638,3071.97
2025-11-30,1.0,-1.0,-1.0,0.5672001422045679,0.17630461024097158,3006.19
2025-12-01,1.0,-1.0,-1.0,0.5595885858141304,0.17870271577200364,3027.7
2025-12-02,-1.0,-1.0,-1.0,0.6352728523990998,0.15741267649381094,2744.83
2025-12-03,-1.0,-1.0,-1.0,0.7258400845256323,0.1377713936332881,3005.33
2025-12-04,-1.0,-1.0,-1.0,0.6995205980316481,0.14295504704419834,3084.61
2025-12-05,1.0,-1.0,-1.0,0.7121520175143984,0.14041945756051755,3206.11
2025-12-06,1.0,-1.0,-1.0,0.7121083044924873,0.1404280772589347,3105.09
2025-12-07,1.0,-1.0,-1.0,0.709129979471501,0.1410178710460497,3040.12
2025-12-08,1.0,-1.0,-1.0,0.7091427677601781,0.14101532800771446,3025.12
2025-12-09,1.0,-1.0,-1.0,0.709244237685398,0.14099515327237294,3099.75
2025-12-10,1.0,-1.0,-1.0,0.7139146144270749,0.14007277338096127,3245.04
2025-12-11,1.0,-1.0,-1.0,0.7200513468796323,0.13887898471873358,3326.83
2025-12-12,1.0,-1.0,-1.0,0.7351471839961785,0.13602718227989544,3177.92
2025-12-13,1.0,-1.0,-1.0,0.7420644265389497,0.13475918858744967,3069.6
2025-12-14,1.0,-1.0,-1.0,0.7434261569046293,0.13451235078459653,3108.03
2025-12-15,1.0,-1.0,-1.0,0.7179660479947495,0.13928235224951935,3083.25
2025-12-16,1.0,-1.0,-1.0,0.7222769343152847,0.13845105007374983,3009.51
2025-12-17,-1.0,-1.0,-1.0,0.7192008021635743,0.13904322645243117,2961.58
2025-12-18,-1.0,-1.0,-1.0,0.7215130865533385,0.1385976247190458,2903.09
2025-12-19,-1.0,-1.0,-1.0,0.7258215636885603,0.13777490915509447,2964.15
2025-12-20,-1.0,-1.0,-1.0,0.7101081103437678,0.14082362747777855,2963.4
2025-12-21,-1.0,-1.0,-1.0,0.7099514037918391,0.14085471127446414,2975.92
2025-12-22,-1.0,-1.0,-1.0,0.6363109349419172,0.15715587224526964,2973.31
2025-12-23,-1.0,-1.0,-1.0,0.6403660984551831,0.1561606715927649,3051.24
2025-12-24,-1.0,-1.0,-1.0,0.648613920481974,0.15417492107738254,2926.85
2025-12-25,-1.0,-1.0,-1.0,0.6485919846980993,0.15418013536899797,2923.76
2025-12-26,-1.0,-1.0,-1.0,0.6472723432293871,0.154494473687965,2959.46
2025-12-27,-1.0,-1.0,-1.0,0.6478281835898007,0.15436191652834783,2921.56
2025-12-28,-1.0,-1.0,-1.0,0.6402233963444137,0.15619547890780947,2925.68
2025-12-29,-1.0,-1.0,-1.0,0.6364379487224109,0.15712450868264624,2947.73
2025-12-30,-1.0,-1.0,-1.0,0.6325106548406221,0.15810010350765977,2933.89
2025-12-31,-1.0,-1.0,-1.0,0.6353635443195703,0.1573902073766177,2988.0
2026-01-01,-1.0,-1.0,-1.0,0.5327322432307574,0.18771155917567425,2984.41
2026-01-02,-1.0,-1.0,-1.0,0.43193507113022783,0.23151627798672117,2988.47
2026-01-03,1.0,-1.0,-1.0,0.43663856795025274,0.2290223707663709,3085.09
2026-01-04,1.0,-1.0,-1.0,0.41506114256069154,0.2409283590920046,3099.36
2026-01-05,1.0,-1.0,-1.0,0.402178685008568,0.2486456983613381,3134.2
2026-01-06,1.0,-1.0,-1.0,0.3996512189033578,0.2502181784266787,3194.17
2026-01-07,1.0,-1.0,-1.0,0.40597182652542874,0.2463225117266514,3270.99
2026-01-08,1.0,-1.0,-1.0,0.4166351787359349,0.24001813841884057,3163.12
2026-01-09,1.0,-1.0,-1.0,0.3898017575317355,0.2565406596245492,3102.5
2026-01-10,1.0,-1.0,-1.0,0.3787995797673124,0.26399184513728247,3111.09
2026-01-11,1.0,-1.0,-1.0,0.3462177334139783,0.28883558047105673,3093.85
2026-01-12,1.0,-1.0,-1.0,0.3257164331505075,0.3070155197045028,3116.89
2026-01-13,1.0,-1.0,-1.0,0.3231826905027298,0.30942251221575046,3128.31
2026-01-14,1.0,-1.0,-1.0,0.3269195012632409,0.3058856985086319,3182.57
2026-01-15,1.0,1.0,-1.0,0.3542342863410629,0.2822990429100312,3344.1
2026-01-16,1.0,1.0,-1.0,0.34856945810212325,0.28688686766900323,3329.86
2026-01-17,1.0,1.0,-1.0,0.3486888999122007,0.2867885958663434,3263.63
2026-01-18,1.0,1.0,-1.0,0.3479598221997904,0.2873895019482518,3328.01
2026-01-19,1.0,1.0,-1.0,0.34777706506486283,0.2875405253688863,3332.34
2026-01-20,1.0,1.0,-1.0,0.37386962608483915,0.26747291842667054,3214.19
2026-01-21,-1.0,1.0,-1.0,0.42910930500923755,0.23304085656648083,3030.62
2026-01-22,-1.0,1.0,-1.0,0.4209497546852519,0.23755804317969242,3000.96
2026-01-23,-1.0,1.0,-1.0,0.4016153230465706,0.24899448368010646,2940.26
2026-01-24,-1.0,1.0,-1.0,0.40176562335275556,0.2489013349760855,2950.96
2026-01-25,-1.0,1.0,-1.0,0.39959944496918093,0.25025059783982556,2955.06
2026-01-26,-1.0,1.0,-1.0,0.39858739670055154,0.2508860059996514,2925.69
2026-01-27,-1.0,1.0,-1.0,0.39989203245652544,0.2500674979336368,2897.99
2026-01-28,-1.0,1.0,-1.0,0.4016214251333061,0.24899070055042014,2935.77
2026-01-29,-1.0,1.0,-1.0,0.40948263548632485,0.24421059975164594,3006.4
2026-01-30,-1.0,1.0,-1.0,0.45927750962950065,0.21773328304421014,2822.7
2026-01-31,-1.0,-1.0,-1.0,0.4725080037212054,0.21163662670781586,2727.54
2026-02-01,-1.0,-1.0,-1.0,0.5313739446497976,0.1881913876411556,2532.6
2026-02-02,-1.0,-1.0,-1.0,0.5883546289338706,0.16996551923319655,2314.74
2026-02-03,-1.0,-1.0,-1.0,0.5977605361290534,0.16729107051391315,2371.07
2026-02-04,-1.0,-1.0,-1.0,0.5973920883726123,0.1673942490139355,2302.14
2026-02-05,-1.0,-1.0,-1.0,0.6197169618417154,0.16136398736418875,2150.65
2026-02-06,-1.0,-1.0,-1.0,0.6630247069096652,0.1508239420912329,1959.5
2026-02-07,-1.0,-1.0,-1.0,0.666721477752183,0.14998766851961157,1979.36
2026-02-08,-1.0,-1.0,-1.0,0.6894230928710875,0.1450488111495543,2051.49
2026-02-09,-1.0,-1.0,-1.0,0.7013622262719611,0.14257967745360708,2107.47
2026-02-10,-1.0,-1.0,-1.0,0.7016072750373109,0.14252987897635766,2060.31
2026-02-11,-1.0,-1.0,-1.0,0.697833084796015,0.1433007436573908,2021.63
2026-02-12,-1.0,-1.0,-1.0,0.7036728360835486,0.14211149680947296,1928.06
2026-02-13,-1.0,-1.0,-1.0,0.6999823444153037,0.1428607461285758,1947.59
2026-02-14,-1.0,-1.0,-1.0,0.6932040895700218,0.14425766019647643,2033.86
2026-02-15,-1.0,-1.0,-1.0,0.7070264813997565,0.14143741801866042,2086.4
2026-02-16,-1.0,-1.0,-1.0,0.7107455290023148,0.14069733247618407,2010.41
2026-02-17,-1.0,-1.0,-1.0,0.700239784874579,0.14280822392562448,1955.8
2026-02-18,-1.0,-1.0,-1.0,0.7019690867541113,0.14245641565556352,1967.53
2026-02-19,-1.0,-1.0,-1.0,0.7043303071469962,0.14197884002048156,1984.46
2026-02-20,-1.0,-1.0,-1.0,0.68990333127236,0.14494784336752536,1925.31
2026-02-21,-1.0,-1.0,-1.0,0.6998421280543503,0.1428893688895418,1963.0
2026-02-22,-1.0,-1.0,-1.0,0.7051958272358423,0.14180458269580273,1987.04
2026-02-23,-1.0,-1.0,-1.0,0.7028171712112967,0.1422845145169849,1952.89
2026-02-24,-1.0,-1.0,-1.0,0.7028686644180329,0.14227409054122345,1894.89
2026-02-25,-1.0,-1.0,-1.0,0.7036865982475841,0.14210871750156048,1846.16
2026-02-26,-1.0,-1.0,-1.0,0.7857487057755806,0.12726715203596048,2013.04
2026-02-27,1.0,-1.0,-1.0,0.7845804217507869,0.12745665992639804,2032.77
2026-02-28,1.0,-1.0,-1.0,0.7806586585506212,0.12809695877281502,1947.32
2026-03-01,1.0,-1.0,-1.0,0.7626997015301215,0.13111320195796705,1897.66
2026-03-02,1.0,-1.0,-1.0,0.7876126410435367,0.12696596624897533,1992.52
2026-03-03,1.0,-1.0,-1.0,0.7639652311021846,0.1308960093062461,2046.44
2026-03-04,1.0,-1.0,-1.0,0.715187403799637,0.13982349167326144,1967.98
2026-03-05,1.0,-1.0,-1.0,0.7785722458526543,0.12844023214632433,2149.66
2026-03-06,1.0,-1.0,-1.0,0.7787798999881678,0.12840598479945275,2086.12
2026-03-07,1.0,-1.0,-1.0,0.7658860873126504,0.13056771973869002,1976.54
2026-03-08,1.0,-1.0,-1.0,0.6956927766963548,0.14374161030515695,1980.32
2026-03-09,1.0,-1.0,-1.0,0.6980597666794645,0.14325420941487677,1942.04
2026-03-10,1.0,-1.0,-1.0,0.7010031538799132,0.14265271054276984,2021.66
2026-03-11,1.0,-1.0,-1.0,0.7014439384123278,0.14256306815672742,2078.72
2026-03-12,1.0,-1.0,-1.0,0.6988190235034869,0.14309856577552232,2049.17
2026-03-13,1.0,-1.0,-1.0,0.69654572380831,0.1435655931577007,2071.5
2026-03-14,1.0,-1.0,-1.0,0.6802507383444997,0.14700461809621287,2127.26
2026-03-15,1.0,-1.0,-1.0,0.6868832750833207,0.14558514325140579,2073.51
2026-03-16,1.0,-1.0,-1.0,0.6717573838577586,0.14886326879761477,2092.96
2026-03-17,1.0,1.0,-1.0,0.7232384027049157,0.1382669941557299,2272.38
2026-03-18,1.0,1.0,-1.0,0.7109279931506065,0.14066122161941022,2315.12
2026-03-19,1.0,1.0,-1.0,0.7342030183513923,0.13620210963521212,2186.42
2026-03-20,1.0,1.0,-1.0,0.7441715839704738,0.13437761149983343,2117.93
2026-03-21,1.0,1.0,-1.0,0.7440407083621305,0.13440124831359254,2132.99
2026-03-22,1.0,1.0,-1.0,0.735276515909056,0.13600325569539704,2154.17
2026-03-23,1.0,1.0,-1.0,0.7442494693033666,0.13436354895032998,2082.0
2026-03-24,1.0,1.0,-1.0,0.7465590811973001,0.13394787166693387,2127.7
2026-03-25,1.0,1.0,-1.0,0.7433064797143669,0.13453400815021466,2134.28
2026-03-26,1.0,1.0,-1.0,0.7345606667362566,0.1361357945345921,2161.69
2026-03-27,1.0,1.0,-1.0,0.7458873452226218,0.1340685032940912,2069.22
2026-03-28,-1.0,1.0,-1.0,0.6992501668921051,0.14301033411899078,1990.0
2026-03-29,-1.0,1.0,-1.0,0.7012527430197835,0.14260193773984117,2026.0
2026-03-30,-1.0,1.0,-1.0,0.6874443094877521,0.14546632886453714,1992.02
2026-03-31,-1.0,1.0,-1.0,0.6935103588053592,0.14419395288090575,2073.3
2026-04-01,-1.0,1.0,-1.0,0.6751726806703,0.14811025810570666,2054.0
2026-04-02,-1.0,1.0,-1.0,0.6815896305936653,0.14671584706020233,2133.88
2026-04-03,-1.0,1.0,-1.0,0.6794267619411642,0.1471828982925162,2058.44
2026-04-04,-1.0,1.0,-1.0,0.6056307204404644,0.16511711943421858,2050.39
2026-04-05,-1.0,1.0,-1.0,0.5972538490773716,0.1674329937839303,2055.21
2026-04-06,-1.0,1.0,-1.0,0.5663787839135072,0.17656028587269823,2053.0
2026-04-07,-1.0,1.0,-1.0,0.5929722023962425,0.16864196938050882,2163.51
2026-04-08,-1.0,1.0,-1.0,0.6061325051578601,0.16498042779269226,2079.41
2026-04-09,1.0,1.0,-1.0,0.628183324382821,0.159189198628041,2214.67
2026-04-10,1.0,1.0,-1.0,0.6220011032533724,0.16077141901670383,2217.13
2026-04-11,1.0,1.0,-1.0,0.6192500617027845,0.16148565205633528,2223.43
2026-04-12,1.0,1.0,-1.0,0.6192934141637896,0.1614743475595111,2248.26
2026-04-13,1.0,1.0,-1.0,0.6221885638169525,0.16072297984155803,2185.5
2026-04-14,1.0,1.0,-1.0,0.6157609934259273,0.16240067342302264,2208.51
2026-04-15,1.0,1.0,-1.0,0.6553998170992595,0.15257862054736449,2363.23
2026-04-16,1.0,1.0,-1.0,0.5960405099681688,0.16777383135475213,2330.62
2026-04-17,1.0,1.0,-1.0,0.5927612200595476,0.16870199435441174,2337.53
2026-04-18,1.0,1.0,-1.0,0.5738932116324931,0.17424844548263713,2440.65
2026-04-19,1.0,1.0,-1.0,0.5745199247321037,0.1740583671604246,2362.25
2026-04-20,1.0,1.0,-1.0,0.5775120195597162,0.17315656923684122,2329.5
2026-04-21,1.0,1.0,-1.0,0.5780044309101902,0.17300905434674413,2312.56
2026-04-22,1.0,1.0,-1.0,0.5636187240494106,0.1774249075359557,2309.21
2026-04-23,1.0,1.0,-1.0,0.5740057940720862,0.17421426932049672,2402.76
2026-04-24,1.0,1.0,-1.0,0.5857116910641955,0.1707324636431745,2332.0
2026-04-25,1.0,1.0,-1.0,0.5850992568239227,0.17091117247837076,2323.0
2026-04-26,1.0,1.0,-1.0,0.5629923203438064,0.1776223163025249,2306.93
2026-04-27,1.0,1.0,-1.0,0.5439069868807699,0.18385496493340883,2347.55
2026-04-28,1.0,1.0,-1.0,0.556796498114696,0.17959883070133953,2273.75
2026-04-29,1.0,1.0,-1.0,0.5519714088647916,0.18116880402494825,2278.27
2026-04-30,1.0,1.0,-1.0,0.5378066473849866,0.18594043135434773,2271.58
2026-05-01,1.0,1.0,-1.0,0.536483089670184,0.18639916509107013,2264.47
2026-05-02,1.0,1.0,-1.0,0.5250518029585811,0.19045739760632446,2306.88
2026-05-03,1.0,1.0,-1.0,0.5070245801893082,0.19722909678789718,2307.64
2026-05-04,1.0,1.0,-1.0,0.5065169940269146,0.1974267422006503,2327.5
2026-05-05,1.0,1.0,-1.0,0.5067521123783445,0.19733514189150403,2348.99
2026-05-06,1.0,1.0,-1.0,0.5072259612655177,0.1971507920266979,2380.25
2026-05-07,1.0,1.0,-1.0,0.4803814828488079,0.2081678906667461,2357.91
2026-05-08,1.0,1.0,-1.0,0.4689990049747104,0.21322006857006498,2293.85
2026-05-09,1.0,1.0,-1.0,0.4183752133279739,0.23901989605107823,2292.48
2026-05-10,1.0,1.0,-1.0,0.41956777687133084,0.23834051495967737,2316.37
2026-05-11,1.0,1.0,-1.0,0.4214282706325329,0.23728830495853384,2346.75
2026-05-12,1.0,1.0,-1.0,0.4209465896462444,0.23755982934566147,2332.36
2026-05-13,-1.0,1.0,-1.0,0.42333142996597994,0.23622153452682754,2261.18
2026-05-14,-1.0,1.0,-1.0,0.42407629340762854,0.23580662620034384,2235.75
2026-05-15,-1.0,1.0,-1.0,0.3643503662695798,0.2744610936551408,2297.35
2026-05-16,-1.0,1.0,-1.0,0.37875562020226416,0.2640224848587005,2221.67
2026-05-17,-1.0,-1.0,-1.0,0.38315927918533565,0.260988067971674,2179.24
2026-05-18,-1.0,-1.0,-1.0,0.34822020042952745,0.2871746092749663,2185.34
2026-05-19,-1.0,-1.0,-1.0,0.35250313176523995,0.2836854228761803,2106.72
2026-05-20,-1.0,-1.0,-1.0,0.35102717505795283,0.28487822911001265,2109.28
2026-05-21,-1.0,-1.0,-1.0,0.3548555919568526,0.2818047742986086,2135.88
2026-05-22,-1.0,-1.0,-1.0,0.3548354834438833,0.2818207441641468,2131.36
2026-05-23,-1.0,-1.0,-1.0,0.3214365997601363,0.3111033406731605,2118.72
2026-05-24,-1.0,-1.0,-1.0,0.31999293259736755,0.3125069019128164,2059.46
2026-05-25,-1.0,-1.0,-1.0,0.3282251871778717,0.30466887949646604,2095.07
2026-05-26,-1.0,-1.0,-1.0,0.3337738128270197,0.299604091624245,2126.12
2026-05-27,-1.0,-1.0,-1.0,0.33030379264050325,0.30275159482906155,2086.31
2026-05-28,-1.0,-1.0,-1.0,0.3153672705177573,0.31709060942127576,2070.82
2026-05-29,-1.0,-1.0,-1.0,0.3391309616923258,0.2948713367277987,1989.57
2026-05-30,-1.0,-1.0,-1.0,0.3498615137580768,0.28582738045645195,2030.87
2026-05-31,-1.0,-1.0,-1.0,0.34987929827144604,0.2858128517292762,2025.69
2026-06-01,-1.0,-1.0,-1.0,0.3410613690668122,0.29320236493981383,2009.36
2026-06-02,-1.0,-1.0,-1.0,0.3450957430194202,0.28977465536099795,1967.73
2026-06-03,-1.0,-1.0,-1.0,0.34967723733782896,0.28597800863825845,1914.12
2026-06-04,-1.0,-1.0,-1.0,0.36485236212988453,0.27408346602508993,1836.33
2026-06-05,-1.0,-1.0,-1.0,0.3665683268582572,0.27280043766211015,1776.01
2026-06-06,-1.0,-1.0,-1.0,0.5161170476566866,0.1937544990114694,1582.0
2026-06-07,-1.0,-1.0,-1.0,0.5136594847663576,0.1946815019788564,1559.65
2026-06-08,-1.0,-1.0,-1.0,0.5477781732346084,0.1825556491407899,1629.19
2026-06-09,-1.0,-1.0,-1.0,0.5679411202469256,0.17607459019083296,1690.66
2026-06-10,-1.0,-1.0,-1.0,0.5667166511798434,0.1764550234968581,1635.64
2026-06-11,-1.0,-1.0,-1.0,0.5729355874853673,0.17453969029730412,1657.12
2026-06-12,-1.0,-1.0,-1.0,0.5688035745338005,0.1758076152773151,1644.72
2026-06-13,-1.0,-1.0,-1.0,0.5727051018514603,0.17460993393758262,1659.39
2026-06-14,-1.0,-1.0,-1.0,0.5635740889270965,0.17743895960578118,1681.32
2026-06-15,-1.0,-1.0,-1.0,0.5576220431827128,0.17933293925978028,1662.09
2026-06-16,1.0,-1.0,-1.0,0.679335163089912,0.14720274384908397,1844.62
2026-06-17,1.0,-1.0,-1.0,0.6859278602398662,0.14578792581049327,1781.5
2026-06-18,1.0,-1.0,-1.0,0.6777128442457883,0.14755511991408074,1772.25
2026-06-19,1.0,-1.0,-1.0,0.6958931566311448,0.14370022042479227,1681.39
2026-06-20,1.0,-1.0,-1.0,0.6967882728594608,0.1435156185818437,1706.7
2026-06-21,1.0,-1.0,-1.0,0.7026514414735422,0.1423180742222464,1739.99
2026-06-22,1.0,-1.0,-1.0,0.7026516803456146,0.142318025840076,1729.7
2026-06-23,1.0,-1.0,-1.0,0.7001847878192051,0.14281944100993668,1744.15
2026-06-24,-1.0,-1.0,-1.0,0.711507361377693,0.14054668360193748,1659.07
2026-06-25,-1.0,-1.0,-1.0,0.7093750384853883,0.1409691553476614,1617.46
2026-06-26,-1.0,-1.0,-1.0,0.7123285543363809,0.14038465732033156,1569.33
2026-06-27,-1.0,-1.0,-1.0,0.7143710010786792,0.13998328578428149,1579.27
2026-06-28,-1.0,-1.0,-1.0,0.7106804498867123,0.140710216548015,1604.97
2026-06-29,-1.0,-1.0,-1.0,0.7043157729858541,0.1419817698758373,1580.1
2026-06-30,-1.0,-1.0,-1.0,0.7045573136116421,0.14193309482146807,1579.31
2026-07-01,-1.0,-1.0,-1.0,0.7045667834080227,0.14193118715630518,1564.55
2026-07-02,-1.0,-1.0,-1.0,0.7179585725317135,0.13928380247257627,1619.28
2026-07-03,1.0,-1.0,-1.0,0.7361229223554636,0.1358468768775976,1696.19
2026-07-04,1.0,-1.0,-1.0,0.7282118193817159,0.13732268186048455,1730.47
2026-07-05,1.0,-1.0,-1.0,0.7295928156462838,0.13706275316241784,1790.57
2026-07-06,1.0,-1.0,-1.0,0.6042676951045521,0.16548956829919184,1773.99
2026-07-07,1.0,-1.0,-1.0,0.6009709017546048,0.1663974074419216,1787.78
2026-07-08,1.0,-1.0,-1.0,0.584786915377674,0.17100245810974896,1796.67
2026-07-09,1.0,-1.0,-1.0,0.5922823731221473,0.16883838611110727,1722.27
2026-07-10,1.0,-1.0,-1.0,0.5806842379332238,0.17221063267692757,1738.71
2026-07-11,1.0,-1.0,-1.0,0.587059997515715,0.17034034072015458,1790.35
2026-07-12,1.0,-1.0,-1.0,0.5869993459547886,0.17035794109334854,1813.9
2026-07-13,1.0,-1.0,-1.0,0.5866613972561182,0.17045607648246727,1819.9
2026-07-14,1.0,-1.0,-1.0,0.5929761069669762,0.1686408589234594,1775.87
2026-07-15,1.0,1.0,-1.0,0.6172013381869691,0.16202168370818884,1874.52
2026-07-16,1.0,1.0,-1.0,0.5142252882598716,0.1944672933888531,1930.79
2026-07-17,1.0,1.0,-1.0,0.5075114392184594,0.19703989363076166,1881.16
2026-07-18,1.0,1.0,-1.0,0.5170088982103268,0.19342026867653356,1829.95
2026-07-19,1.0,1.0,-1.0,0.48082496048381806,0.2079758918908401,1843.07
2026-07-20,1.0,1.0,-1.0,0.4807275578832495,0.20801803092030396,1870.2
2026-07-21,1.0,1.0,-1.0,0.47969633750710966,0.20846521472246574,1901.5
2026-07-22,1.0,1.0,-1.0,0.48044459705001746,0.2081405444332416,1930.88
2026-07-23,1.0,1.0,-1.0,0.48022071340218625,0.2082375816143726,1941.95
2026-07-24,1.0,1.0,-1.0,0.45286031950187566,0.22081864030391346,1894.68
2026-07-25,1.0,1.0,-1.0,0.4475118967081633,0.22345774656626205,1861.17
2026-07-26,1.0,1.0,-1.0,0.4301456686634114,0.23247938381137093,1867.06
2026-07-27,1.0,1.0,-1.0,0.4350042539948135,0.2298828093786694,1913.71
2026-07-28,1.0,1.0,-1.0,0.4336357229287019,0.2306083071860801,1926.73
2026-07-29,1.0,1.0,-1.0,0.42837783285777,0.2334387830782131,1918.89
2026-07-30,1.0,1.0,-1.0,0.43382854645185487,0.2305058088451488,1891.21
2026-07-31,1.0,1.0,-1.0,0.4311668348471355,0.23192878467902958,1918.18
2026-08-01,1.0,1.0,-1.0,0.4372648529486271,0.22869434697452964,1862.01
2026-08-02,1.0,1.0,-1.0,0.41140530268615877,0.24306930257601753,1869.14
2026-08-03,1.0,1.0,-1.0,0.4081707972224504,0.2449954790506501,1857.87
2026-08-04,1.0,1.0,-1.0,0.3923107836732317,0.25489995218508504,1862.61
2026-08-05,1.0,1.0,-1.0,0.3906652982326385,0.2559735928745089,1871.99
2026-08-06,1.0,1.0,-1.0,0.39011392865917355,0.2563353744986785,1872.81
2026-08-07,1.0,1.0,-1.0,0.39485396009003954,0.2532581919077037,1909.8
2026-08-08,1.0,1.0,-1.0,0.3621642137973434,0.2761178387877856,1917.14
2026-08-09,1.0,1.0,-1.0,0.3615677028741931,0.27657337534595794,1921.77
2026-08-10,1.0,1.0,-1.0,0.3496640136573155,0.28598882382561663,1925.56
2026-08-11,1.0,1.0,-1.0,0.36070632588376733,0.27723384045175753,1876.13
2026-08-12,1.0,1.0,-1.0,0.3618204432978555,0.27638018208296383,1862.07
2026-08-13,1.0,1.0,-1.0,0.3539478621106651,0.28252748696850183,1891.93
2026-08-14,1.0,1.0,-1.0,0.30309540052813716,0.32992912405055363,1879.28
2026-08-15,1.0,1.0,-1.0,0.2845039310643743,0.35148899217625623,1880.55
