timestamp,equity,drawdown,gross_exposure,trading_cost,net_return
2022-01-01,0.9983519215553655,-0.0016287887888535302,0.1,5e-05,-0.0016480784446345487
2022-01-02,0.9997464348032249,-0.00028005579825707283,0.1,0.0,0.0013968153090557767
2022-01-03,0.9999821597754611,-0.0017810309458752283,0.1,0.0,0.0002357847590406248
2022-01-04,1.001753273314108,-0.0009449410978138451,0.1,0.0,0.0017711451362727448
2022-01-05,1.00098276572667,-0.0017133733292410414,0.1,0.0,-0.0007691590414169447
2022-01-06,0.9894153257461864,-0.013249656502858476,0.1,0.0,-0.01155608305811584
2022-01-07,1.0042806603048624,-0.0037848767560223484,0.4,0.00015,0.01502436254205275
2022-01-08,1.0021591459086119,-0.00588935293410886,0.4,0.0,-0.002112471622833123
2022-01-09,1.0060126510785603,-0.006533253166628228,0.4,0.0,0.003845202816021409
2022-01-10,1.0118741233206052,-0.005025398800651115,0.4,0.0,0.005826439891943647
2022-01-11,1.0032549495176004,-0.013500621972847404,0.4,0.0,-0.008518029668275862
2022-01-12,0.9891421586740249,-0.027377712134335153,0.4,0.0,-0.014067003457459926
2022-01-13,0.992555308286472,-0.02402156624996976,0.4,0.0,0.0034506158518468055
2022-01-14,0.9938168648901029,-0.022781079167971008,0.4,0.0,0.0012710189478584155
2022-01-15,0.9887562339444895,-0.02775719145395872,0.4,0.0,-0.005092116188000206
2022-01-16,0.9892399138289922,-0.027281589608729284,0.4,0.0,0.0004891801112303362
2022-01-17,0.9960559737527735,-0.020579366132394306,0.4,0.0,0.006890199059392144
2022-01-18,1.0034861516027294,-0.013273281242270452,0.4,0.0,0.007459598703035253
2022-01-19,1.0029242852762568,-0.013825763721291517,0.4,0.0,-0.000559914380059201
2022-01-20,0.9941945668508408,-0.022409685286957193,0.4,0.0,-0.008704264672390494
2022-01-21,1.0221959330200925,-0.006948403547955784,0.4,0.0,0.028164875470958473
2022-01-22,1.0563795374078422,-0.006577618712935052,0.4,0.0,0.033441342587567924
2022-01-23,1.0517125962631155,-0.010966423703135275,0.4,0.0,-0.004417864015220152
2022-01-24,1.0650902507912787,-0.010290856389484904,0.4,0.0,0.01271987668084984
2022-01-25,1.0513937559075928,-0.0230179902748322,0.4,0.0,-0.012859468832343124
2022-01-26,1.0355250089538464,-0.03776363642650471,0.4,0.0,-0.015093058014261307
2022-01-27,1.0451574043640326,-0.028812967874942252,0.4,0.0,0.009301943774313148
2022-01-28,1.0478415980898994,-0.026318746308517493,0.4,0.0,0.002568219595117327
2022-01-29,1.0391382954022714,-0.034406078103317084,0.4,0.0,-0.008305933552833045
2022-01-30,1.0330445763289944,-0.04006851795847066,0.4,0.0,-0.005864204120125449
2022-01-31,1.0325843513653103,-0.040496170783512975,0.4,0.0,-0.00044550348961513997
2022-02-01,1.021130366241157,-0.05113950715780746,0.4,0.0,-0.011092541843200077
2022-02-02,1.0287576923660022,-0.04405200034657675,0.4,0.0,0.0074694930020795525
2022-02-03,1.0304053703937661,-0.04252093571745963,0.4,0.0,0.0016016191567682636
2022-02-04,1.0128070432585186,-0.05887375207744783,0.4,0.0,-0.017079032816494366
2022-02-05,1.0005682580913655,-0.07024634475456337,0.4,0.0,-0.01208402454209645
2022-02-06,0.9985315306603654,-0.07213892405477351,0.4,0.00015,-0.00203557070147653
2022-02-07,1.0028299377324221,-0.06814473409855704,0.1,0.0,0.004304728433783156
2022-02-08,1.0014457058642796,-0.06943099780790929,0.1,0.0,-0.0013803256325517488
2022-02-09,1.0048005297691558,-0.06631360950077536,0.1,0.0,0.0033499808179595636
2022-02-10,1.0058501122883179,-0.06533831053862937,0.1,0.0,0.0010445680391908407
2022-02-11,1.0025331193417029,-0.06842054535029685,0.1,0.0,-0.0032977010253216754
2022-02-12,0.9952722162571823,-0.07516756248643253,0.1,0.0,-0.007242556823747526
2022-02-13,0.9965934912538438,-0.07393979991471777,0.1,0.0,0.0013275513724546606
2022-02-14,0.9972693148412102,-0.07331180732593268,0.1,0.0,0.0006781336555952144
2022-02-15,1.0034601679226323,-0.0675591080622967,0.1,0.0,0.006207804641427561
2022-02-16,1.001665260604785,-0.06922698191907761,0.1,0.0,-0.0017887180530181679
2022-02-17,0.9991909589905152,-0.07152616635896303,0.1,0.0,-0.0024701881073275755
2022-02-18,0.9928226021294565,-0.07744380668144468,0.1,0.0,-0.006373513294689492
2022-02-19,0.9909105463403879,-0.07922053789847416,0.1,0.0,-0.0019258785859324057
2022-02-20,0.9875502255767279,-0.08234303402759358,0.1,0.0,-0.0033911444136620617
2022-02-21,0.9903050229781356,-0.07978320571732389,0.1,0.0,0.002789526375530871
2022-02-22,0.9868028055577507,-0.08303755585459338,0.1,0.0,-0.0035365037429094803
2022-02-23,0.9893122292452545,-0.08070573508459744,0.1,0.0,0.0025429839410371358
2022-02-24,0.9805390864855932,-0.08885796406330271,0.1,0.0,-0.008867921067096107
2022-02-25,0.9913004885945018,-0.07885819356747503,0.1,0.0,0.010974985349617272
2022-02-26,0.9933090294538618,-0.07699180595163957,0.1,0.0,0.0020261675268702373
2022-02-27,0.9942300184921052,-0.07613599934592019,0.1,0.0,0.0009271928583505229
2022-02-28,0.994610931881165,-0.0757820448676062,0.1,0.0,0.00038312400749451747
2022-03-01,0.9993639578672808,-0.07136541137125929,0.1,0.0,0.004778779152494694
2022-03-02,0.9995738477133242,-0.07117037634993051,0.1,0.0,0.00021002342979059563
2022-03-03,0.9953537217036004,-0.07509182553783678,0.1,0.0,-0.00422192519280018
2022-03-04,0.9898010088195417,-0.08025154858394856,0.1,0.0,-0.005578632764394742
2022-03-05,0.9887499205110579,-0.08122824676410345,0.1,0.0,-0.0010619188090524867
2022-03-06,0.9881933965466498,-0.08174538308734347,0.1,0.0,-0.0005628561407322596
2022-03-07,0.9879037665116936,-0.08201451473477661,0.1,0.0,-0.000293090437529675
2022-03-08,0.9858036509542494,-0.08396599590578258,0.1,0.0,-0.002125830094626413
2022-03-09,0.9932774519185461,-0.07702114860632203,0.1,0.0,0.007581429584951671
2022-03-10,0.987428192609635,-0.08245643018652382,0.1,0.0,-0.005888847368491046
2022-03-11,0.9868679284518826,-0.08297704199322542,0.1,0.0,-0.0005673973681800115
2022-03-12,0.9870358828931584,-0.08282097442419356,0.1,0.0,0.0001701893804006982
2022-03-13,0.9868348461463906,-0.08300778291890087,0.1,0.0,-0.0002036772423916755
2022-03-14,0.9866946980455724,-0.08313801212411265,0.1,0.0,-0.00014201778683253785
2022-03-15,0.9866890567170353,-0.08314325419109347,0.1,0.0,-5.717400274773965e-06
2022-03-16,0.9916813108048441,-0.07850432381476091,0.1,0.0,0.005059602165263133
2022-03-17,0.9953163238186113,-0.07512657661052546,0.1,0.0,0.0036655052123697462
2022-03-18,0.9986276947182473,-0.07204956594892131,0.1,0.0,0.0033269532714301775
2022-03-19,1.0010622426614122,-0.06978732163852752,0.1,0.0,0.0024378934772608662
2022-03-20,0.9972976911027481,-0.07328543937684595,0.1,0.0,-0.003760556934650605
2022-03-21,1.0007409643780825,-0.07008586164902775,0.1,0.0,0.0034526032758852576
2022-03-22,1.0024089892134889,-0.06853589024506013,0.1,0.0,0.001666789803537183
2022-03-23,1.0034015983383686,-0.06761353242027024,0.1,0.0,0.0009902236866994318
2022-03-24,1.006182813165513,-0.06502915636131656,0.1,0.0,0.0027717863233918116
2022-03-25,1.006433393736725,-0.06479631047585732,0.1,0.0,0.0002490407984805376
2022-03-26,1.006280035606629,-0.06493881477865238,0.1,0.0,-0.00015237782356614105
2022-03-27,1.0080261180252605,-0.06331631026888596,0.1,0.0,0.0017351853925819949
2022-03-28,1.025659479218677,-0.04693093936464032,0.30000000000000004,0.0001,0.017492960626822596
2022-03-29,1.0299666811414792,-0.042928577007828705,0.30000000000000004,0.0,0.0041994463172942975
2022-03-30,1.0280959948499313,-0.044666866628070956,0.30000000000000004,0.0,-0.0018162590361402442
2022-03-31,1.0253674324951805,-0.04720231666096919,0.30000000000000004,0.0,-0.0026539957050871754
2022-04-01,1.0272647002398034,-0.045439326873638386,0.30000000000000004,0.0001,0.0018503296325775853
2022-04-02,1.0296616770240714,-0.04321199464648706,0.30000000000000004,0.0001,0.0023333584651616945
2022-04-03,1.0332576555788326,-0.03987051926143825,0.30000000000000004,0.0,0.0034923884563364815
2022-04-04,1.0267459887984207,-0.04592132683190531,0.30000000000000004,0.0,-0.006302074555418979
2022-04-05,1.0275100082889896,-0.04521138035070249,0.30000000000000004,0.0001,0.000744117336621164
2022-04-06,1.0216545512771882,-0.05065242099518574,0.1,0.0,-0.005698686109690376
2022-04-07,1.0198890972195596,-0.05229292612811809,0.1,0.0,-0.0017280342513230629
2022-04-08,1.022532758703296,-0.04983636815932524,0.1,0.0,0.002592106819201856
2022-04-09,1.0202855091757173,-0.05192456998425676,0.1,0.0,-0.002197728638475116
2022-04-10,1.0217388503149867,-0.050574088169920706,0.1,0.0,0.0014244455362710795
2022-04-11,1.0136228865678556,-0.0581156495763645,0.1,0.0,-0.007943285845136483
2022-04-12,1.0150560454462787,-0.05678392163578094,0.1,0.0,0.0014138975129840414
2022-04-13,1.0167497636016551,-0.05521007534075584,0.1,0.0,0.001668595702646769
2022-04-14,1.014223755168926,-0.05755730708083795,0.1,0.0,-0.002484395397133632
2022-04-15,1.0146926438389876,-0.05712160371790642,0.1,0.0,0.0004623128453382641
2022-04-16,1.0143201518492893,-0.05746773281621731,0.1,0.0,-0.0003670983444670206
2022-04-17,1.0161361542506713,-0.05578025686745969,0.1,0.0,0.0017903641153858008
2022-04-18,1.0108275825353885,-0.06071311768580279,0.1,0.0,-0.005224272055545209
2022-04-19,1.0175120789394119,-0.054501712401998414,0.1,0.0,0.0066128947404267
2022-04-20,1.0161694301013495,-0.05574933609463961,0.1,0.0,-0.0013195409330765129
2022-04-21,1.017403746101606,-0.054602378049862454,0.1,0.0,0.001214675391422393
2022-04-22,1.0122741421848171,-0.059368937405536504,0.1,0.0,-0.005041856722512339
2022-04-23,1.0128091479072356,-0.05887179638394879,0.1,0.0,0.0005285186098586969
2022-04-24,1.0121000067650312,-0.05953074849812756,0.1,0.0,-0.0007001725287257843
2022-04-25,1.0095124493314758,-0.06193517314637176,0.1,0.0,-0.0025566222865891497
2022-04-26,1.0100005029304686,-0.061481661240562535,0.4,0.00015,0.0004834547600873762
2022-04-27,1.009335180024553,-0.06209989632716584,0.4,0.0,-0.0006587352223939025
2022-04-28,1.0074383172938317,-0.06386250976520458,0.4,0.0,-0.0018793189499994867
2022-04-29,1.0096937370087535,-0.06176671599291228,0.4,0.0,0.0022387670552164174
2022-04-30,1.0125372692662034,-0.05912443298144099,0.4,0.0,0.0028162324408083084
2022-05-01,1.0130816093789523,-0.05861861820525527,0.4,0.0,0.000537600075840583
2022-05-02,1.0113529960175311,-0.060224890019587196,0.4,0.0,-0.0017062923119141038
2022-05-03,1.011669616760721,-0.05993067791468909,0.4,0.0,0.0003130665004547062
2022-05-04,1.010111922804132,-0.061378127039904196,0.4,0.0,-0.0015397259448971523
2022-05-05,1.0173245684186722,-0.05467595198100239,0.4,0.0,0.00714044201609032
2022-05-06,1.0210863126155032,-0.05118044291521062,0.4,0.0,0.003697683427300813
2022-05-07,1.020677649417781,-0.05156018322655265,0.4,0.0,-0.0004002239503846372
2022-05-08,1.0343321298430124,-0.038872090252213165,0.4,0.0,0.013377857772264967
2022-05-09,1.0454645627565002,-0.028527548428715854,0.4,0.0,0.010762918981522152
2022-05-10,1.0463276061429054,-0.027725586406978087,0.4,0.0,0.0008255118510545056
2022-05-11,1.053463518365349,-0.021094713981559154,0.4,0.0,0.006819959810435927
2022-05-12,1.0802478408363438,-0.021504531128930027,0.4,0.0,0.025425011881336168
2022-05-13,1.0661503600113178,-0.03427412028090193,0.4,0.0,-0.01305022819032442
2022-05-14,1.0794631557484549,-0.02221530394787463,0.4,0.0,0.012486790078082732
2022-05-15,1.0686929894241342,-0.03197099014223581,0.4,0.0,-0.009977335740425808
2022-05-16,1.073402936720607,-0.027704689471222954,0.4,0.0,0.00440720332507305
2022-05-17,1.0682853947414552,-0.03234019203744953,0.4,0.0,-0.004767587085970804
2022-05-18,1.0793365562760364,-0.02232997856738328,0.4,0.0,0.010344765161990122
2022-05-19,1.0716896171785062,-0.029256625374539436,0.4,0.0,-0.0070848513867747265
2022-05-20,1.07830933698369,-0.023260440434652252,0.4,0.0,0.006176900194865942
2022-05-21,1.075942645866595,-0.025404204529104857,0.4,0.0,-0.0021948164927422242
2022-05-22,1.073209716540903,-0.027879709557528942,0.4,0.0,-0.002540032534437575
2022-05-23,1.0667275330889086,-0.0337513131806908,0.4,0.0,-0.0060399969848276
2022-05-24,1.077531488894917,-0.02396502025565439,0.4,0.0,0.010128130633997534
2022-05-25,1.0771658097840846,-0.02429625475526087,0.4,0.0,-0.0003393674473544106
2022-05-26,1.0883770820117313,-0.01414101198565798,0.4,0.0,0.01040812113214895
2022-05-27,1.0995129975793032,-0.00549214969711187,0.4,0.0,0.01023167039403905
2022-05-28,1.095525057220774,-0.00941836710480315,0.4,0.0,-0.0036270061084484606
2022-05-29,1.0951008109732887,-0.009801973611850867,0.4,0.0,-0.0003872538055519348
2022-05-30,1.0814329933663442,-0.02216051255531226,0.4,0.0,-0.012480876162261012
2022-05-31,1.0729887432158056,-0.029795864250431348,0.4,0.0,-0.007808389611128397
2022-06-01,1.0845724631361298,-0.019321781418601747,0.4,0.0,0.010795751580404911
2022-06-02,1.0918845740581749,-0.012710118153276162,0.4,0.0,0.006741929350576603
2022-06-03,1.0982050426415368,-0.006995105019890757,0.4,0.0,0.0057885867549829495
2022-06-04,1.0962099704838513,-0.008799063608220581,0.4,0.0,-0.0018166663603039757
2022-06-05,1.092104013469383,-0.012511699460026504,0.4,0.0,-0.0037455935678580854
2022-06-06,1.0831156120520962,-0.02063907664265452,0.4,0.0,-0.008230352884366687
2022-06-07,1.0953333807262406,-0.009591682369197163,0.4,0.0,0.01128020733723778
2022-06-08,1.0908603914919885,-0.01363619139286909,0.4,0.0,-0.0040836783694895296
2022-06-09,1.0926023514994871,-0.012061098630460121,0.4,0.0,0.0015968679595359525
2022-06-10,1.1013939588699109,-0.0041116640398346505,0.4,0.0,0.00804648402811936
2022-06-11,1.129706291071603,-0.001906318393864903,0.4,0.0,0.02570590838426612
2022-06-12,1.127719425576289,-0.01316702086170285,0.4,0.0,-0.001758745180953758
2022-06-13,1.1754669914739726,-0.009209167839754229,0.4,0.0,0.04233993386544399
2022-06-14,1.1694525191646592,-0.02975924498112159,0.4,0.0,-0.005116666272165227
2022-06-15,1.1936874610950576,-0.01953429491294245,0.4,0.0,0.020723322694375268
2022-06-16,1.1927167662980662,-0.020331599893999575,0.4,0.0,-0.0008131900758138189
2022-06-17,1.1984716892835978,-0.01560464681236573,0.4,0.0,0.004825054152122199
2022-06-18,1.2197100210236789,-0.0027749919974729975,0.4,0.0,0.01772117934031825
2022-06-19,1.1985867786024675,-0.03923195218868336,0.4,0.0,-0.017318249466780733
2022-06-20,1.1841592381951873,-0.05079683850253358,0.4,0.0,-0.012037126276410848
2022-06-21,1.1764737413714157,-0.056957410195510816,0.4,0.0,-0.006490256188424692
2022-06-22,1.1957601123677242,-0.041497762765482116,0.4,0.0,0.01639337140990893
2022-06-23,1.1911314665524388,-0.04520801143779507,0.4,0.0,-0.0038708815985870615
2022-06-24,1.1692402426145048,-0.0627556674461257,0.4,0.0,-0.01837851198851892
2022-06-25,1.171616964958275,-0.060850524717055876,0.4,0.0,0.002032706587702604
2022-06-26,1.1637824191718373,-0.06713057168161585,0.4,0.0,-0.006686951470279978
2022-06-27,1.1704471674959152,-0.06178821570807169,0.4,0.0,0.005726799283344075
2022-06-28,1.1708135621611313,-0.06149451958734642,0.4,0.0,0.0003130381920588565
2022-06-29,1.1848355838352882,-0.050254690623142584,0.4,0.0,0.011976306157803762
2022-06-30,1.2028114411259636,-0.035845530080729215,0.4,0.0,0.015171604850428233
2022-07-01,1.196358555396962,-0.04101806037664257,0.4,0.0,-0.005364835674460666
2022-07-02,1.1969546340040764,-0.04054025327087152,0.4,0.0,0.0004982441128724702
2022-07-03,1.1972785694983048,-0.04028059174451171,0.4,0.0,0.00027063305911823043
2022-07-04,1.1834829906352935,-0.05133890776239469,0.4,0.0,-0.011522447001447222
2022-07-05,1.1872145622797712,-0.048347739439719595,0.4,0.0,0.003153042058059663
2022-07-06,1.1783154029812737,-0.055481163618107954,0.4,0.0,-0.007495830645311563
2022-07-07,1.1608093180276786,-0.06951376214659799,0.4,0.0,-0.01485687525539059
2022-07-08,1.1574753942063634,-0.07218618231553353,0.4,0.0,-0.0028720684521934547
2022-07-09,1.1611984496481118,-0.06920184044515787,0.4,0.0,0.0032165309607299353
2022-07-10,1.17117423343549,-0.061205411245461194,0.4,0.0,0.008590937914533026
2022-07-11,1.1750994113050277,-0.058059051260225036,0.4,0.0,0.0033514892639232574
2022-07-12,1.1892473392880607,-0.0467182978066597,0.4,0.0,0.012039771143548483
2022-07-13,1.1922382576871045,-0.044320825314294376,0.4,0.0,0.002514967492661224
2022-07-14,1.1744699191158654,-0.05856364216051779,0.4,0.0,-0.014903345414957747
2022-07-15,1.1580856442117826,-0.07169701564287323,0.4,0.0,-0.013950357210018582
2022-07-16,1.1632659858099303,-0.06754453642893488,0.4,0.00015,0.004473193864406921
2022-07-17,1.1704065301409217,-0.061820789963788814,0.1,0.0,0.006138359083896816
2022-07-18,1.1844734488856221,-0.050544972223812934,0.1,0.0,0.012018831391010787
2022-07-19,1.186217011875765,-0.04914735993559061,0.1,0.0,0.0014720152585827595
2022-07-20,1.1907331552310978,-0.0455272914410938,0.1,0.0,0.0038071814095750334
2022-07-21,1.184358472768953,-0.050637135245405696,0.1,0.0,-0.005353577696347367
2022-07-22,1.1894687935288768,-0.04654078361876213,0.1,0.0,0.00431484291067874
2022-07-23,1.1857083811885805,-0.049555070183281535,0.1,0.0,-0.0031614216032845865
2022-07-24,1.192547174819314,-0.04407320226743039,0.1,0.0,0.005767686000400785
2022-07-25,1.1861563858792579,-0.04919595676758526,0.1,0.0,-0.005358940153476599
2022-07-26,1.1735033358078917,-0.05933843992604271,0.1,0.0,-0.010667269697312687
2022-07-27,1.183532752678652,-0.051299019301995985,0.1,0.0,0.008546560171352136
2022-07-28,1.2016173318077206,-0.03680270906771865,0.1,0.0,0.015280167860278526
2022-07-29,1.2013530270300103,-0.0370145715626512,0.1,0.0,-0.00021995752783632305
2022-07-30,1.2025241748685287,-0.0360757981316413,0.1,0.0,0.0009748573584689169
2022-07-31,1.200893616972332,-0.03738282733865361,0.1,0.0,-0.0013559460427281511
2022-08-01,1.1982200823043059,-0.03952589009356766,0.1,0.0,-0.002226287682971506
2022-08-02,1.195210286891362,-0.04193849409924266,0.1,0.0,-0.0025118886399839724
2022-08-03,1.1972678315205922,-0.0402891991362071,0.1,0.0,0.0017214917339669622
2022-08-04,1.1943710706748458,-0.042611196435384024,0.1,0.0,-0.002419476051619074
2022-08-05,1.1984898443053278,-0.039309653175455095,0.1,0.0,0.0034484874354459016
2022-08-06,1.201750682634451,-0.036695817171563117,0.1,0.0,0.002720789287135039
2022-08-07,1.2006389616071196,-0.037586955018407586,0.1,0.0,-0.0009250845815146347
2022-08-08,1.2059628881701976,-0.03331938038633686,0.1,0.0,0.004434244375968399
2022-08-09,1.1997781970766457,-0.03827693013938538,0.1,0.0,-0.005128425720410945
2022-08-10,1.2103286983068418,-0.02981981660257038,0.1,0.0,0.008793709750603895
2022-08-11,1.2139167901267536,-0.026943659419188193,0.1,0.0,0.0029645598133205553
2022-08-12,1.2144117354060155,-0.026546919176246075,0.1,0.0,0.00040772586992354753
2022-08-13,1.2201576216006533,-0.021941108432525946,0.1,0.0,0.004731415241730597
2022-08-14,1.219983894757576,-0.02208036509950706,0.1,0.0,-0.00014238065639948783
2022-08-15,1.2158818060895842,-0.02536853395957972,0.1,0.0,-0.0033624121479139957
2022-08-16,1.21408756079092,-0.026806772378079602,0.1,0.0,-0.0014756741072007307
2022-08-17,1.2105032027501104,-0.029679936623676406,0.1,0.0,-0.002952306041649866
2022-08-18,1.213272205656754,-0.02746034805112274,0.1,0.0,0.0022874808594914864
2022-08-19,1.201591338053024,-0.036823545246959855,0.1,0.0,-0.009627573721108562
2022-08-20,1.197143009492433,-0.04038925448343722,0.1,0.0,-0.003702031147959306
2022-08-21,1.1962689740466883,-0.041089867358464205,0.1,0.0,-0.0007301011147450298
2022-08-22,1.1940529746969557,-0.0428661770985701,0.1,0.0,-0.001852425664967905
2022-08-23,1.1979246274710118,-0.03976272197630493,0.1,0.0,0.003242446404057464
2022-08-24,1.2011233705668645,-0.03719866052116716,0.1,0.0,0.0026702373609301944
2022-08-25,1.202457250895949,-0.036129443320821686,0.1,0.0,0.0011105273294735873
2022-08-26,1.1947736460111018,-0.04228849846572791,0.1,0.0,-0.006389919374781616
2022-08-27,1.1852572190803854,-0.04991671453450863,0.1,0.0,-0.007965045900110712
2022-08-28,1.181799487868751,-0.05268837673316207,0.4,0.00015,-0.0029172834014143945
2022-08-29,1.17609478207451,-0.057261177924629814,0.4,0.0,-0.004827135104387259
2022-08-30,1.1754695354338707,-0.057762365660930404,0.4,0.0,-0.0005316294657283782
2022-08-31,1.1695220842319913,-0.06252974770008923,0.4,0.0,-0.00505963874230464
2022-09-01,1.1727749908296294,-0.05992226964566805,0.4,0.0,0.002781398180929484
2022-09-02,1.1578354704310936,-0.07189755095594119,0.4,0.0,-0.012738607589142359
2022-09-03,1.1704688209189578,-0.06177085866946885,0.4,0.0,0.010911179360536316
2022-09-04,1.1685696453644812,-0.06329320750770062,0.4,0.0,-0.0016225768004520802
2022-09-05,1.1626288310620458,-0.06805526951410412,0.4,0.0,-0.005083834177964652
2022-09-06,1.152580372192504,-0.07610995390071029,0.4,0.0,-0.008642877762084722
2022-09-07,1.1704463812073853,-0.06178884598441825,0.4,0.0,0.015500879110838639
2022-09-08,1.157516554278228,-0.07215318905830825,0.4,0.0,-0.011046919480258821
2022-09-09,1.1449617053714218,-0.08221695572927279,0.4,0.0,-0.010846366611694247
2022-09-10,1.1462197334077489,-0.08120854051718185,0.4,0.00015,0.0010987511900408808
2022-09-11,1.1497561662126194,-0.07837379237644804,0.1,0.0,0.003085300925991463
2022-09-12,1.1457184152212285,-0.0816103891809532,0.1,0.0,-0.0035118324302547688
2022-09-13,1.138162476189905,-0.08766710941356792,0.1,0.0,-0.006594935484094844
2022-09-14,1.138306744047527,-0.08755146659954405,0.1,0.0,0.00012675506409820514
2022-09-15,1.1311679415283569,-0.09327381685611102,0.1,0.0,-0.006271422493542955
2022-09-16,1.1280384453917214,-0.09578237105302456,0.1,0.0,-0.0027666061083797544
2022-09-17,1.1274979808381778,-0.09621559882033293,0.1,0.0,-0.000479118912793175
2022-09-18,1.1254590377841844,-0.09784998305729886,0.1,0.0,-0.0018083784526830016
2022-09-19,1.1194928723708066,-0.10263236610995852,0.1,0.0,-0.005301095120379684
2022-09-20,1.113490210776216,-0.10744400391947229,0.4,0.00015,-0.005361947130466116
2022-09-21,1.118837845977079,-0.10315742482143575,0.4,0.0,0.0048025884279012665
2022-09-22,1.1299466662989812,-0.09425277160424839,0.4,0.0,0.00992889216418158
2022-09-23,1.1255733934519963,-0.09775831737761576,0.4,0.0,-0.0038703356338958272
2022-09-24,1.117514305801963,-0.1042183535192549,0.4,0.0,-0.007159984144004983
2022-09-25,1.1223008954703402,-0.1003814995730411,0.4,0.0,0.004283246884199565
2022-09-26,1.1197262404237571,-0.10244530200024404,0.4,0.0,-0.002294086244583382
2022-09-27,1.1127526440640272,-0.10803522563395374,0.4,0.0,-0.006227947607167272
2022-09-28,1.1180228387097704,-0.10381072164995331,0.4,0.0,0.004736178048062811
2022-09-29,1.118592793345662,-0.10335385510291428,0.4,0.0,0.0005097880080386918
2022-09-30,1.1142298750645947,-0.10685110082136695,0.4,0.0,-0.0039003633020177064
2022-10-01,1.118902773393195,-0.10310538004007741,0.4,0.0,0.004193836867215417
2022-10-02,1.1238900618567085,-0.09910764914023495,0.4,0.0,0.004457302798873686
2022-10-03,1.1194010410107842,-0.10270597666371373,0.4,0.0,-0.003994181458021773
2022-10-04,1.113475473987121,-0.10745581669460247,0.4,0.0,-0.005293515734372645
2022-10-05,1.117356452166522,-0.1043448864761255,0.4,0.0,0.0034854635508994036
2022-10-06,1.1120201883767722,-0.10862235043235402,0.4,0.0,-0.004775793596933364
2022-10-07,1.1164048445469905,-0.10510767996861314,0.4,0.0,0.00394296453971843
2022-10-08,1.1180096513711684,-0.1038212924102776,0.4,0.0,0.0014374774814180924
2022-10-09,1.1177244675476763,-0.1040498912153498,0.4,0.0,-0.0002550817187867427
2022-10-10,1.1207012531833926,-0.10166374732069183,0.4,0.0,0.0026632553210927945
2022-10-11,1.1231662517379508,-0.09968784378879914,0.4,0.0,0.002199514408998793
2022-10-12,1.122062334962302,-0.10057272587194954,0.4,0.0,-0.000982861418734382
2022-10-13,1.1289223074009924,-0.09507388136137951,0.4,0.0,0.006113717772126659
2022-10-14,1.1193796361614294,-0.10272313444961245,0.4,0.0,-0.008452903425684388
2022-10-15,1.1235323701087039,-0.09939436914130939,0.4,0.0,0.003709853041020672
2022-10-16,1.1235054830335907,-0.09941592139195077,0.4,0.0,-2.393084153695657e-05
2022-10-17,1.1160915252949943,-0.10535883168449722,0.4,0.0,-0.006598951095974415
2022-10-18,1.1196017820752655,-0.10254506582765222,0.4,0.0,0.0031451334417582633
2022-10-19,1.1201036053777575,-0.102142812270973,0.4,0.0,0.0004482158840095618
2022-10-20,1.1208547614740398,-0.10154069752291262,0.4,0.0,0.0006706130510387709
2022-10-21,1.1211574146760397,-0.10129809554261349,0.4,0.0,0.00027001999938369714
2022-10-22,1.117953281061297,-0.10386647795173054,0.4,0.0,-0.0028578802341235887
2022-10-23,1.1172201891931204,-0.10445411270261251,0.4,0.00015,-0.0006557446367339015
2022-10-24,1.1195587214522875,-0.1025795825363417,0.1,0.0,0.0020931704258415618
2022-10-25,1.125044868030069,-0.09818197492741432,0.1,0.0,0.004900275861067893
2022-10-26,1.1375418583768664,-0.08816458675547989,0.1,0.0,0.011107992847148473
2022-10-27,1.1359156241755868,-0.08946815015759679,0.1,0.0,-0.0014296038333030392
2022-10-28,1.1355190765818464,-0.08978601638497707,0.1,0.0,-0.00034909951522898997
2022-10-29,1.142452834783641,-0.08422802638336768,0.1,0.0,0.006106245456192427
2022-10-30,1.139281943683183,-0.08676976212315402,0.1,0.0,-0.002775511604432346
2022-10-31,1.1380523490488033,-0.08775538557367268,0.1,0.0,-0.0010792715896127403
2022-11-01,1.1384577170704486,-0.08743044903194352,0.1,0.0,0.00035619453005186763
2022-11-02,1.1373585721654187,-0.08831150605970306,0.1,0.0,-0.0009654683600007763
2022-11-03,1.13634520354486,-0.08912380618570859,0.1,0.0,-0.0008909842905812093
2022-11-04,1.1423673421428089,-0.08429655592090368,0.1,0.0,0.00529956792985109
2022-11-05,1.1431202152080244,-0.08369306487792694,0.1,0.0,0.0006590463832825133
2022-11-06,1.1422782056961154,-0.08436800627511032,0.1,0.0,-0.0007365887687963424
2022-11-07,1.1400900843864474,-0.08612196942287276,0.1,0.0,-0.0019155765195857377
2022-11-08,1.1305751672964932,-0.09374897522737591,0.1,0.0,-0.00834575900646728
2022-11-09,1.1061542492232341,-0.11332439371343883,0.1,0.0,-0.021600437352304103
2022-11-10,1.0798365918777824,-0.13442020815270617,0.4,0.00015,-0.023792032046100364
2022-11-11,1.0764236237350788,-0.13715598898914316,0.4,0.00015,-0.0031606339036593933
2022-11-12,1.0778197398228377,-0.1360368845971207,0.1,0.0,0.0012969950277659237
2022-11-13,1.074277797621575,-0.1388760489821439,0.1,0.0,-0.0032862101800514854
2022-11-14,1.0756526980028265,-0.13777395076212995,0.1,0.0,0.001279836913965049
2022-11-15,1.0773383167514905,-0.13642278565383759,0.1,0.0,0.0015670659793780572
2022-11-16,1.071184124376028,-0.1413558881208301,0.1,0.0,-0.005712404617724598
2022-11-17,1.0712598888265241,-0.1412951565455315,0.1,0.0,7.07296241357902e-05
2022-11-18,1.0729414405475066,-0.13994725150177167,0.1,0.0,0.0015696954012034414
2022-11-19,1.0727996310455894,-0.14006092373706602,0.1,0.0,-0.00013216891114475882
2022-11-20,1.069929775836486,-0.14236135390697524,0.1,0.0,-0.002675108311045671
2022-11-21,1.065723164926686,-0.1457333061292605,0.1,0.0,-0.00393167010098161
2022-11-22,1.066246822653972,-0.14531355044586103,0.1,0.0,0.0004913637467258702
2022-11-23,1.068751779227509,-0.14330561720316715,0.1,0.0,0.0023493214894645398
2022-11-24,1.0719038411168562,-0.1407789746587369,0.1,0.0,0.002949292764332867
2022-11-25,1.0713917790897265,-0.14118943541380835,0.1,0.0,-0.00047771265246943084
2022-11-26,1.0733533366862251,-0.13961708212550084,0.1,0.0,0.0018308499605728112
2022-11-27,1.0739719368762075,-0.13912122207805555,0.1,0.0,0.0005763248399524024
2022-11-28,1.0691235772915342,-0.14300758980412476,0.1,0.0,-0.004514419248956902
2022-11-29,1.0732447414098705,-0.13970413036725304,0.1,0.0,0.0038547125943770855
2022-11-30,1.0783576425078907,-0.13560571038274016,0.1,0.0,0.0047639656648177375
2022-12-01,1.0788074262002658,-0.13524517094765276,0.1,0.0,0.00041710066738875895
2022-12-02,1.0794545962930366,-0.13472640972173777,0.1,0.0,0.0005998939913227641
2022-12-03,1.07882915494871,-0.1352277535294093,0.1,0.0,-0.0005794049573509819
2022-12-04,1.0778893992717398,-0.1359810466937431,0.1,0.0,-0.0008710885061445905
2022-12-05,1.0785031835965753,-0.13548904696700081,0.1,0.0,0.0005694316367221841
2022-12-06,1.077461366090275,-0.13632415126614128,0.1,0.0,-0.0009659846369928227
2022-12-07,1.0756906730549989,-0.1377435105658983,0.1,0.0,-0.0016433935276025657
2022-12-08,1.0770871843559475,-0.13662408937728543,0.1,0.0,0.0012982461742307994
2022-12-09,1.0795322574479955,-0.13466415777838858,0.1,0.0,0.0022700790869667475
2022-12-10,1.0795815397003907,-0.13462465391077494,0.1,0.0,4.565148661273e-05
2022-12-11,1.0791893144319271,-0.1349390554311416,0.1,0.0,-0.00036331231504160844
2022-12-12,1.0771124259282823,-0.13660385613543036,0.1,0.0,-0.0019244894995485984
2022-12-13,1.083522794536938,-0.13146540688516406,0.1,0.0,0.005951438730394276
2022-12-14,1.0846705419881355,-0.13054539083146344,0.1,0.0,0.001059273932202176
2022-12-15,1.0791408461741667,-0.13497790681363686,0.1,0.0,-0.0050980418476483935
2022-12-16,1.0733736992121536,-0.13960075984943865,0.1,0.0,-0.005344202272072773
2022-12-17,1.07128898899835,-0.14127183031185764,0.1,0.0,-0.0019422035543942284
2022-12-18,1.0718633528788752,-0.14081142938463476,0.1,0.0,0.000536142802195938
2022-12-19,1.071312771509466,-0.1412527666302078,0.1,0.0,-0.0005136675005508184
2022-12-20,1.0746923100802621,-0.1385437824055088,0.1,0.0,0.0031545769458514172
2022-12-21,1.0745331505372955,-0.13867136215702658,0.1,0.0,-0.00014809777782665012
2022-12-22,1.0719814349200358,-0.1407167767034999,0.1,0.0,-0.0023747202363970654
2022-12-23,1.0749270849692185,-0.1383555905984869,0.1,0.0,0.0027478554695354873
2022-12-24,1.074900606633934,-0.13837681520979983,0.1,0.0,-2.4632680347358438e-05
2022-12-25,1.0742352372673243,-0.13891016468339934,0.1,0.0,-0.0006190054806036738
2022-12-26,1.0746390020675092,-0.1385865132584263,0.1,0.0,0.0003758625542875649
2022-12-27,1.0742903360764195,-0.13886599835669178,0.1,0.0,-0.00032444941084186496
2022-12-28,1.072316992508166,-0.14044779909200655,0.1,0.0,-0.0018368810571771643
2022-12-29,1.0733962347826047,-0.13958269569554083,0.1,0.0,0.0010064582413393808
2022-12-30,1.0728703801515098,-0.14000421238199934,0.1,0.0,-0.0004898979650340696
2022-12-31,1.0735703988735361,-0.13944308853765264,0.1,0.0,0.0006524727823411514
2023-01-01,1.0729853774131402,-0.13991203241094297,0.1,0.0,-0.0005449306920239927
2023-01-02,1.0749893744860848,-0.1383056603151006,0.1,0.0,0.0018676834886401927
2023-01-03,1.074386301796896,-0.1387890737655274,0.1,0.0,-0.0005610033954764893
2023-01-04,1.078231746867072,-0.13570662632075714,0.1,0.0,0.003579201506706209
2023-01-05,1.0776915707333221,-0.1361396228953583,0.1,0.0,-0.0005009833324932655
2023-01-06,1.078831216361515,-0.1352261011337782,0.1,0.0,0.001057487744299257
2023-01-07,1.0790269695465808,-0.13506918850231409,0.1,0.0,0.0001814493148613039
2023-01-08,1.0798539706407124,-0.13440627761348123,0.1,0.0,0.0007664322741440799
2023-01-09,1.084953657900666,-0.13031844963084105,0.1,0.0,0.004722571198147341
2023-01-10,1.0847974837334788,-0.1304436363527418,0.1,0.0,-0.00014394547273777203
2023-01-11,1.0839599284986507,-0.13111500727244962,0.1,0.0,-0.000772084418872776
2023-01-12,1.0890335730591196,-0.1270480547024122,0.1,0.0,0.004680656938573113
2023-01-13,1.0975694626382744,-0.12020582173797079,0.30000000000000004,0.0001,0.007838040800871138
2023-01-14,1.121661533477833,-0.10089400195030085,0.30000000000000004,0.0,0.021950383697484588
2023-01-15,1.1286916320429934,-0.09525878704976132,0.30000000000000004,0.0,0.006267575694927974
2023-01-16,1.127381638867661,-0.09630885668858868,0.30000000000000004,0.0,-0.0011606298285045114
2023-01-17,1.1287265498259296,-0.09523079751179508,0.30000000000000004,0.0001,0.0011929509155559348
2023-01-18,1.1245634078835929,-0.09856790570296337,0.30000000000000004,0.0001,-0.0036883529876875487
2023-01-19,1.123033238407506,-0.09979446515331425,0.30000000000000004,0.0001,-0.001360678700156992
2023-01-20,1.1291637543332884,-0.09488034135081591,0.30000000000000004,0.0001,0.005458890900216673
2023-01-21,1.135147331728185,-0.09008400113144044,0.30000000000000004,0.0001,0.00529912279944611
2023-01-22,1.1326487811183348,-0.09208679945579923,0.30000000000000004,0.0001,-0.0022010804589081
2023-01-23,1.1297764690537495,-0.09438919900188303,0.30000000000000004,0.0,-0.0025359247389561412
2023-01-24,1.1298404396871438,-0.09433792116229678,0.30000000000000004,0.0,5.662238075410109e-05
2023-01-25,1.1243621882118056,-0.09872920018300901,0.30000000000000004,0.0001,-0.004848694809379217
2023-01-26,1.1277326277273698,-0.09602750961588091,0.1,0.0,0.0029976457327578476
2023-01-27,1.1266631973945254,-0.0968847479164362,0.1,0.0,-0.0009483013141129426
2023-01-28,1.1269589660667638,-0.09664766446540596,0.1,0.0,0.0002625173813515236
2023-01-29,1.1293450204759803,-0.09473504130149335,0.1,0.0,0.002117250477669197
2023-01-30,1.1274925975645538,-0.09621991396662266,0.1,0.0,-0.0016402630532268425
2023-01-31,1.1278311806111962,-0.09594851119583281,0.1,0.0,0.0003002973566070821
2023-02-01,1.1269305978132924,-0.09667040400499882,0.1,0.0,-0.0007985085120731927
2023-02-02,1.134098724673695,-0.09092454782413639,0.1,0.0,0.006360752715656837
2023-02-03,1.1331691332616594,-0.0916696934757889,0.1,0.0,-0.0008196741534092222
2023-02-04,1.134373187857967,-0.0907045425125006,0.1,0.0,0.0010625550599321354
2023-02-05,1.1319796825116473,-0.09262313822877477,0.1,0.0,-0.0021099805354560797
2023-02-06,1.1322400595522364,-0.09241442414528278,0.1,0.0,0.000230019181980623
2023-02-07,1.1310891684344178,-0.09333696011201453,0.1,0.0,-0.001016472706569016
2023-02-08,1.1326789203044711,-0.09206264036482326,0.1,0.0,0.0014055053433583709
2023-02-09,1.131253059685304,-0.09320558749888508,0.1,0.0,-0.0012588391940626664
2023-02-10,1.1234659245390104,-0.09944763085036523,0.1,0.0,-0.006883636759802636
2023-02-11,1.1235233643969755,-0.09940158797621634,0.1,0.0,5.1127369963044345e-05
2023-02-12,1.1244911728509406,-0.09862580815320221,0.1,0.0,0.0008614048311155198
2023-02-13,1.1200710019838314,-0.10216894663161646,0.1,0.0,-0.0039308186438702375
2023-02-14,1.1252345218193955,-0.0980299514743076,0.1,0.0,0.004609993318654082
2023-02-15,1.1277763945463095,-0.09599242683177023,0.1,0.0,0.0022589715100549412
2023-02-16,1.137763154887614,-0.08798719900148988,0.1,0.0,0.00885526633612721
2023-02-17,1.1266523018712777,-0.09689348159412003,0.30000000000000004,0.0001,-0.009765523666856346
2023-02-18,1.1312767294944608,-0.09318661415732854,0.30000000000000004,0.0,0.004104573891607677
2023-02-19,1.1345573649371339,-0.09055690910292047,0.30000000000000004,0.0,0.0028999407104706165
2023-02-20,1.1338397941720708,-0.09113210238506231,0.30000000000000004,0.0,-0.0006324675924169743
2023-02-21,1.12692986553758,-0.09667099098553233,0.30000000000000004,0.0,-0.006094272462484063
2023-02-22,1.1230157060837578,-0.09980851878444208,0.30000000000000004,0.0001,-0.003473294633074109
2023-02-23,1.1319205180559186,-0.09267056351298864,0.30000000000000004,0.0001,0.007929374383562227
2023-02-24,1.1211074749768426,-0.10133812640909934,0.30000000000000004,0.0,-0.009552828936829405
2023-02-25,1.119864712079257,-0.1023343053294089,0.30000000000000004,0.0,-0.0011085136129384
2023-02-26,1.1215317777802418,-0.10099801204827008,0.30000000000000004,0.0,0.001488631334660484
2023-02-27,1.129747752113399,-0.09441221804331779,0.30000000000000004,0.0,0.007325672349128176
2023-02-28,1.1291455624325288,-0.09489492368835772,0.30000000000000004,0.0,-0.0005330302093973227
2023-03-01,1.132579829208227,-0.09214207020736243,0.30000000000000004,0.0,0.0030414739161694904
2023-03-02,1.1266450023737562,-0.0968993327549279,0.30000000000000004,0.0,-0.005240095824961766
2023-03-03,1.113930801081965,-0.10709083375649686,0.30000000000000004,0.0,-0.01128501104163604
2023-03-04,1.1129555268134683,-0.10787259805738192,0.30000000000000004,0.0,-0.0008755250034783169
2023-03-05,1.1133492509457,-0.10755699507172123,0.30000000000000004,0.0001,0.0003537644791244965
2023-03-06,1.1139252865753286,-0.10709525409707654,0.1,0.0,0.0005173898748656036
2023-03-07,1.1102726257623845,-0.11002316875558882,0.30000000000000004,0.0001,-0.003279089591522011
2023-03-08,1.1103346574809891,-0.10997344511917795,0.30000000000000004,0.0001,5.5870708840499717e-05
2023-03-09,1.1084473868892006,-0.11148625112916788,0.1,0.0,-0.0016997313189076602
2023-03-10,1.099776901287952,-0.11843637411851116,0.1,0.0,-0.007822189581397687
2023-03-11,1.09757653398306,-0.12020015346075763,0.4,0.00015,-0.002000739697583631
2023-03-12,1.092968807613137,-0.12389363343927162,0.4,0.0,-0.0041980911829453404
2023-03-13,1.063708507666481,-0.14734822326121244,0.4,0.0,-0.026771395251942165
2023-03-14,1.0818026969809618,-0.13284420965556265,0.4,0.00025,0.0170104771975359
2023-03-15,1.0564618852008616,-0.1531570002674436,0.30000000000000004,0.0,-0.023424615090000378
2023-03-16,1.0619783393718638,-0.14873509857510714,0.30000000000000004,0.0,0.005221631038730967
2023-03-17,1.0725152726616898,-0.14028886088292425,0.30000000000000004,0.0,0.009921985128303223
2023-03-18,1.0855134767796941,-0.1298697077448685,0.30000000000000004,0.0,0.012119365056445952
2023-03-19,1.0869169334654998,-0.12874471924651254,0.30000000000000004,0.0,0.0012928966022334176
2023-03-20,1.0815246823901645,-0.13306706171803473,0.30000000000000004,0.0,-0.004961051676821815
2023-03-21,1.0907645939828112,-0.12566049593464834,0.30000000000000004,0.0,0.00854341259436553
2023-03-22,1.0897449983500176,-0.126477787534359,0.30000000000000004,0.0,-0.000934753143270961
2023-03-23,1.0956016933083996,-0.12178315425269381,0.30000000000000004,0.0,0.00537437195604884
2023-03-24,1.0829843506568178,-0.13189701491287997,0.30000000000000004,0.0,-0.011516359210323124
2023-03-25,1.0807775997286988,-0.13366591126570537,0.30000000000000004,0.0,-0.0020376572632645473
2023-03-26,1.0824914418086358,-0.13229212278514335,0.30000000000000004,0.0,0.0015857490758237613
2023-03-27,1.0729573459754305,-0.1399345019643924,0.30000000000000004,0.0,-0.008807548461794767
2023-03-28,1.0790091546021257,-0.13508346867769372,0.30000000000000004,0.0,0.005640306811261597
2023-03-29,1.0908578504935016,-0.12558574300284464,0.30000000000000004,0.0,0.010981089308501613
2023-03-30,1.087593132152029,-0.12820268916276123,0.30000000000000004,0.0,-0.00299279905259886
2023-03-31,1.0951200097842169,-0.12216926408425022,0.30000000000000004,0.0,0.006920674110274749
2023-04-01,1.0934046553669394,-0.1235442648303069,0.30000000000000004,0.0,-0.0015663620442993853
2023-04-02,1.089331305335009,-0.126809397258009,0.30000000000000004,0.0,-0.003725382009244771
2023-04-03,1.089158972730438,-0.1269475363256375,0.30000000000000004,0.0,-0.00015820035991520598
2023-04-04,1.1011336520261135,-0.1173488243629649,0.30000000000000004,0.0,0.010994427439416476
2023-04-05,1.1073245262232987,-0.11238631833264612,0.30000000000000004,0.0,0.005622273178003567
2023-04-06,1.1034499585811837,-0.11549210996666381,0.30000000000000004,0.0,-0.0034990353327885027
2023-04-07,1.1009737243212985,-0.11747701986077042,0.30000000000000004,0.0,-0.0022440838758719384
2023-04-08,1.1022684093749546,-0.11643922096815951,0.30000000000000004,0.0,0.0011759454608697428
2023-04-09,1.0968093510703234,-0.12081511504930742,0.30000000000000004,0.0,-0.004952567140820596
2023-04-10,1.101112226604838,-0.11736599863898711,0.30000000000000004,0.0,0.003923084290187173
2023-04-11,1.110475894030076,-0.1098602321537353,0.30000000000000004,0.0,0.008503826584610907
2023-04-12,1.1102101809902725,-0.11007322348910431,0.30000000000000004,0.0,-0.00023927853024885426
2023-04-13,1.1249074420371854,-0.09829213341177145,0.30000000000000004,0.0,0.013238269022008753
2023-04-14,1.1357261132403083,-0.08962005910117687,0.30000000000000004,0.0,0.009617387883511519
2023-04-15,1.142212404576452,-0.08442075140329919,0.30000000000000004,0.0,0.005711140441809315
2023-04-16,1.1415427943623893,-0.08495750027258808,0.30000000000000004,0.0,-0.0005862396620650578
2023-04-17,1.1380031995676971,-0.0877947830139384,0.30000000000000004,0.0,-0.0031007114338362785
2023-04-18,1.1419655444386856,-0.08461863055304308,0.30000000000000004,0.0,0.003481839833577416
2023-04-19,1.1233076904429782,-0.0995744687783785,0.30000000000000004,0.0,-0.01633836860190041
2023-04-20,1.1171800165060752,-0.10448631448791235,0.30000000000000004,0.0,-0.005455027139079638
2023-04-21,1.1100201443283002,-0.1102255538468182,0.30000000000000004,0.0,-0.006408879564608894
2023-04-22,1.1033993664937285,-0.11553266377717364,0.30000000000000004,0.0,-0.005964556470803184
2023-04-23,1.1022223793473793,-0.11647611790422097,0.30000000000000004,0.0,-0.0010666918815522841
2023-04-24,1.0977943891591277,-0.12002552422576795,0.30000000000000004,0.0,-0.004017329235205036
2023-04-25,1.0943581552008217,-0.12277995456897095,0.30000000000000004,0.0,-0.0031301252695783433
2023-04-26,1.1189084510316498,-0.10310082893563366,0.30000000000000004,0.0,0.022433511107995407
2023-04-27,1.109885006005092,-0.11033387857164512,0.30000000000000004,0.0,-0.00806450699182959
2023-04-28,1.1076829515065947,-0.11209901034137992,0.30000000000000004,0.0,-0.0019840384243283715
2023-04-29,1.1110178562704405,-0.10942580386455503,0.30000000000000004,0.0,0.003010703341880472
2023-04-30,1.113499466068489,-0.1074365850247807,0.30000000000000004,0.0,0.002233636285903229
2023-05-01,1.0984092548053304,-0.11953265772906163,0.30000000000000004,0.0,-0.013552059720726595
2023-05-02,1.1028873086705941,-0.11594312116238936,0.30000000000000004,0.0,0.004076853727946084
2023-05-03,1.101959829377319,-0.11668657377332536,0.30000000000000004,0.0,-0.0008409556316292255
2023-05-04,1.1078734494830758,-0.1119463102013124,0.30000000000000004,0.0,0.005366457059593932
2023-05-05,1.119602419240032,-0.10254455508653626,0.30000000000000004,0.0,0.0105869219651622
2023-05-06,1.1065296545928083,-0.11302347475579422,0.30000000000000004,0.0,-0.011676256162527099
2023-05-07,1.1135736789485755,-0.10737709716357946,0.30000000000000004,0.0,0.006365870382718297
2023-05-08,1.1044891860756365,-0.11465908177971729,0.30000000000000004,0.0,-0.008157963002069946
2023-05-09,1.1000251045142018,-0.11823741837045709,0.30000000000000004,0.0,-0.004041761221127649
2023-05-10,1.1059235010352084,-0.11350935778120863,0.30000000000000004,0.0,0.005362056281080108
2023-05-11,1.094437305573442,-0.12271650889249308,0.30000000000000004,0.0,-0.010386066894330859
2023-05-12,1.0868338445748889,-0.12881132197620404,0.30000000000000004,0.0,-0.006947370086741067
2023-05-13,1.0824091141009313,-0.13235811536275566,0.4,0.00025,-0.004071211525149665
2023-05-14,1.0824791600048944,-0.13230196768316405,0.6000000000000001,0.0001,6.471296578203223e-05
2023-05-15,1.0824791600048944,-0.13230196768316405,0.6000000000000001,0.0,0.0
2023-05-16,1.0824791600048944,-0.13230196768316405,0.6000000000000001,0.0,0.0
2023-05-17,1.0824791600048944,-0.13230196768316405,0.6000000000000001,0.0,0.0
2023-05-18,1.0824791600048944,-0.13230196768316405,0.6000000000000001,0.0,0.0
2023-05-19,1.0824791600048944,-0.13230196768316405,0.6000000000000001,0.0,0.0
2023-05-20,1.0824791600048944,-0.13230196768316405,0.6000000000000001,0.0,0.0
2023-05-21,1.0824791600048944,-0.13230196768316405,0.6000000000000001,0.0,0.0
2023-05-22,1.0824791600048944,-0.13230196768316405,0.6000000000000001,0.0,0.0
2023-05-23,1.0824791600048944,-0.13230196768316405,0.6000000000000001,0.0,0.0
2023-05-24,1.0824791600048944,-0.13230196768316405,0.6000000000000001,0.0,0.0
2023-05-25,1.0824791600048944,-0.13230196768316405,0.6000000000000001,0.0,0.0
2023-05-26,1.0824791600048944,-0.13230196768316405,0.6000000000000001,0.0,0.0
2023-05-27,1.0824791600048944,-0.13230196768316405,0.6000000000000001,0.0,0.0
2023-05-28,1.0824791600048944,-0.13230196768316405,0.6000000000000001,0.0,0.0
2023-05-29,1.0824791600048944,-0.13230196768316405,0.6000000000000001,0.0,0.0
2023-05-30,1.084381177264967,-0.13077734097904326,0.6000000000000001,0.00015,0.001757093651634234
2023-05-31,1.0771239467074991,-0.13659462126253252,0.30000000000000004,0.0,-0.006692508787152107
2023-06-01,1.0780924027061454,-0.13581832237802838,0.30000000000000004,0.0,0.0008991128658888403
2023-06-02,1.0829956806231151,-0.1318879329925754,0.30000000000000004,0.0,0.004548105435736138
2023-06-03,1.0849790986293664,-0.1302980567484192,0.30000000000000004,0.0,0.0018314182057572737
2023-06-04,1.0846596851680814,-0.13055409348528457,0.30000000000000004,0.0,-0.0002943959581228617
2023-06-05,1.0705967575660222,-0.14182671198896624,0.30000000000000004,0.0,-0.012965290214393632
2023-06-06,1.0744778923416554,-0.1387156562454468,0.30000000000000004,0.0,0.0036252069214741667
2023-06-07,1.0741634906512685,-0.13896767562668322,0.30000000000000004,0.0,-0.00029260880342663054
2023-06-08,1.0770401304349286,-0.1366618070500032,0.30000000000000004,0.0,0.002678027887464962
2023-06-09,1.0746322611010928,-0.13859191670960713,0.30000000000000004,0.0,-0.0022356356701958013
2023-06-10,1.0560768898798047,-0.15346560637726536,0.30000000000000004,0.0,-0.0172667170835461
2023-06-11,1.0560993918160062,-0.15344756918404567,0.30000000000000004,0.0001,2.1307100285472558e-05
2023-06-12,1.0555631763886804,-0.1538773909195389,0.1,0.0,-0.0005077319724680063
2023-06-13,1.0554951464399325,-0.1539319226415785,0.1,0.0,-6.444895982193888e-05
2023-06-14,1.0561387522560777,-0.15341601848296704,0.1,0.0,0.0006097667225783976
2023-06-15,1.0500468424802756,-0.15829919621129507,0.1,0.0,-0.0057680960600929865
2023-06-16,1.0445904183780512,-0.1626729787578014,0.4,0.00015,-0.005196362563540946
2023-06-17,1.0389092897004697,-0.1672268809085402,0.4,0.0,-0.005438618407394569
2023-06-18,1.0376821679671706,-0.1682105221209882,0.4,0.0,-0.001181163500478033
2023-06-19,1.0396346019575005,-0.16664548216989106,0.4,0.0,0.001881533720632378
2023-06-20,1.038328589739917,-0.1676923607364712,0.4,0.0,-0.0012562223449724685
2023-06-21,1.024661544838961,-0.1786476459801074,0.4,0.0,-0.013162543183344089
2023-06-22,1.0265891916702579,-0.17710247502040932,0.4,0.00015,0.0018812522447047009
2023-06-23,1.028797454357343,-0.17533236686570464,0.1,0.0,0.0021510675399722956
2023-06-24,1.0218500694086454,-0.18090127985032534,0.30000000000000004,0.0001,-0.0067529180979918335
2023-06-25,1.0222714925693561,-0.18056347376515347,0.30000000000000004,0.0001,0.0004124119313815289
2023-06-26,1.022414608479209,-0.18044875433409113,0.1,0.0,0.00013999794662855614
2023-06-27,1.021485085444633,-0.18119384517546233,0.1,0.0,-0.0009091449074279945
2023-06-28,1.0208630044424378,-0.1816924953864686,0.1,0.0,-0.000608996656986438
2023-06-29,1.0204712424233233,-0.18200652557354458,0.1,0.0,-0.0003837557217871712
2023-06-30,1.0205475509480844,-0.1819453578769915,0.1,0.0,7.477773168806934e-05
2023-07-01,1.0243860347303535,-0.1788684904895954,0.1,0.0,0.00376120032692584
2023-07-02,1.0235407879833986,-0.1795460268027671,0.30000000000000004,0.0001,-0.0008251252148044896
2023-07-03,1.0315336696481343,-0.17313906032315274,0.30000000000000004,0.0,0.00780905046342828
2023-07-04,1.0293999832964271,-0.17484938927669058,0.30000000000000004,0.0,-0.002068460210740808
2023-07-05,1.0211518033035445,-0.18146099882489375,0.30000000000000004,0.0,-0.008012609410066984
2023-07-06,1.0188802765341676,-0.1832818184590883,0.30000000000000004,0.0,-0.00222447510940893
2023-07-07,1.0176742314767422,-0.18424856494426656,0.30000000000000004,0.0001,-0.0011836965394284027
2023-07-08,1.0169752777090373,-0.1848088351382121,0.1,0.0,-0.0006868148431843357
2023-07-09,1.0173494423159393,-0.18450891075613907,0.1,0.0,0.000367919078372525
2023-07-10,1.0176062385776827,-0.1843030669678669,0.1,0.0,0.00025241696812305925
2023-07-11,1.0176799279933175,-0.18424399870742236,0.1,0.0,7.241446920924766e-05
2023-07-12,1.0183447988930798,-0.1837110487968986,0.1,0.0,0.0006533202448788522
2023-07-13,1.020959194458335,-0.18161539100367197,0.1,0.0,0.0025672989817362435
2023-07-14,1.0308871726659374,-0.1736572819943658,0.30000000000000004,0.0001,0.009724167490230418
2023-07-15,1.0210031795902335,-0.18158013322337496,0.30000000000000004,0.0,-0.009587851452397045
2023-07-16,1.0213037070452469,-0.1813392352079608,0.30000000000000004,0.0,0.00029434526848093334
2023-07-17,1.0168159281546476,-0.18493656719985652,0.30000000000000004,0.0,-0.004394166847372483
2023-07-18,1.0150803249089615,-0.18632779908385677,0.30000000000000004,0.0,-0.0017069001356414537
2023-07-19,1.016568482023477,-0.1851349160725685,0.30000000000000004,0.0,0.0014660486249225002
2023-07-20,1.0137627545079813,-0.18738394250592894,0.30000000000000004,0.0,-0.0027599985294792795
2023-07-21,1.014185585785269,-0.1870450076969642,0.30000000000000004,0.0,0.00041709095684283604
2023-07-22,1.0138230239932282,-0.18733563144767518,0.30000000000000004,0.0,-0.000357490578768771
2023-07-23,1.0114813421560445,-0.18921268626545773,0.30000000000000004,0.0,-0.0023097540515099046
2023-07-24,1.0065735406235063,-0.19314670170901194,0.30000000000000004,0.0,-0.004852092992721491
2023-07-25,1.0088542747306175,-0.19131850161971942,0.30000000000000004,0.0,0.0022658395189880665
2023-07-26,1.0092797574796726,-0.1909774414332691,0.30000000000000004,0.0,0.0004217484722164322
2023-07-27,1.0107431964568998,-0.1898043720866499,0.30000000000000004,0.0,0.0014499834821606328
2023-07-28,1.0117567003746846,-0.18899196350854552,0.30000000000000004,0.0,0.0010027313776070912
2023-07-29,1.0113272580827055,-0.1893361976014607,0.30000000000000004,0.0,-0.0004244521353984343
2023-07-30,1.0119142533612215,-0.18886567154704192,0.30000000000000004,0.0,0.000580420703411022
2023-07-31,1.0089459683376345,-0.19124500148657664,0.30000000000000004,0.0,-0.002933336509219564
2023-08-01,1.0052518847771668,-0.19420611995893344,0.30000000000000004,0.0,-0.0036613294233717175
2023-08-02,1.0066110603107767,-0.19311662652602413,0.30000000000000004,0.0,0.0013520745936370648
2023-08-03,1.0061390182003405,-0.19349500795407337,0.30000000000000004,0.0,-0.00046894190720170315
2023-08-04,1.007335023407658,-0.19253630925263576,0.30000000000000004,0.0,0.0011887077090604325
2023-08-05,1.0051637133272797,-0.19427679678708887,0.30000000000000004,0.0,-0.0021554994415177164
2023-08-06,1.0044372146510976,-0.19485914654040992,0.30000000000000004,0.0,-0.0007227665170810305
2023-08-07,1.0026602126566055,-0.19628356300126526,0.30000000000000004,0.0,-0.001769151887817233
2023-08-08,1.0038199446707556,-0.19535394031302034,0.30000000000000004,0.0001,0.001156655065705836
2023-08-09,1.0054546161299323,-0.1940436137395225,0.30000000000000004,0.0001,0.0016284508669683895
2023-08-10,1.0055215040136285,-0.19398999747861567,0.30000000000000004,0.0,6.652501527115717e-05
2023-08-11,1.0042958839348417,-0.1949724349887535,0.30000000000000004,0.0,-0.0012188899729110858
2023-08-12,1.0050261440753863,-0.19438707010558376,0.30000000000000004,0.0,0.0007271364467624775
2023-08-13,1.004693033175547,-0.19465408649076066,0.30000000000000004,0.0,-0.0003314450094702437
2023-08-14,1.005443026517436,-0.1940529037880795,0.30000000000000004,0.0,0.0007464900393687746
2023-08-15,1.0033448043442572,-0.19573480522165765,0.30000000000000004,0.0,-0.0020868633207872245
2023-08-16,1.0001242425279613,-0.19831635621515864,0.30000000000000004,0.0,-0.0032098255777649465
2023-08-17,0.9955601371666716,-0.20197487028877825,0.30000000000000004,0.0001,-0.0045635383757485215
2023-08-18,1.0030436574339519,-0.19597619978255532,0.4,0.00015,0.007516894246669237
2023-08-19,1.0002709363469888,-0.19819876878915899,0.4,0.0,-0.0027643074819497793
2023-08-20,1.0016823056785564,-0.19706743764014356,0.4,0.0,0.0014109870438923089
2023-08-21,1.0033103947114055,-0.1957623874346197,0.4,0.0,0.0016253546894300364
2023-08-22,1.0041673890789076,-0.19507543441615716,0.4,0.0,0.000854166738442963
2023-08-23,1.003250407637848,-0.19581047211616698,0.4,0.0,-0.0009131758818585745
2023-08-24,1.0048480453434883,-0.19452983120892486,0.4,0.0,0.0015924615564351097
2023-08-25,1.0044786200707754,-0.19482595661629032,0.4,0.0,-0.0003676429231528333
2023-08-26,1.003816882535656,-0.19535639487168432,0.4,0.0,-0.0006587870780884186
2023-08-27,1.0033515493441703,-0.1957293985372902,0.4,0.0,-0.000463563822824975
2023-08-28,1.004132322837038,-0.19510354295643684,0.4,0.0,0.0007781654330230037
2023-08-29,0.9960160509735485,-0.20160941705166335,0.4,0.0,-0.008082870831763511
2023-08-30,0.9973743896790803,-0.20052059440679648,0.4,0.0,0.0013637719032792983
2023-08-31,0.9990834864384228,-0.19915060969954923,0.4,0.0,0.0017135959946668056
2023-09-01,1.0056180186441945,-0.19391263288987703,0.4,0.0,0.006540526687177639
2023-09-02,1.005038234548218,-0.19437737857536908,0.4,0.0,-0.0005765450551108442
2023-09-03,1.0057688144918269,-0.193791757343163,0.4,0.0,0.0007269175624291524
2023-09-04,1.0065456656968061,-0.19316904580573213,0.4,0.0,0.0007723953992060384
2023-09-05,1.005257440500486,-0.19420166657971816,0.4,0.0,-0.001279847740864204
2023-09-06,1.0068639715014074,-0.19291389694880057,0.4,0.0,0.00159812893314637
2023-09-07,1.0058952462832491,-0.19369041163537226,0.4,0.0,-0.0009621212453509997
2023-09-08,1.0061605748641138,-0.19347772847615774,0.4,0.0,0.0002637735707042843
2023-09-09,1.005304944783875,-0.19416358790370636,0.4,0.0,-0.0008503911816994947
2023-09-10,1.007202791828454,-0.19264230397782267,0.4,0.0,0.0018878321989999058
2023-09-11,1.0144255103720725,-0.18685268797427057,0.4,0.0,0.007171066841968887
2023-09-12,1.00897521798483,-0.1912215554358302,0.4,0.0,-0.005372787189907857
2023-09-13,1.008405308470028,-0.19167838581452323,0.4,0.0,-0.0005648399530997494
2023-09-14,1.0050824457397929,-0.1943419395892405,0.4,0.0,-0.0032951658448513443
2023-09-15,1.0068844088352282,-0.19289751470792482,0.4,0.0,0.0017928510273665932
2023-09-16,1.0050458411784704,-0.1943712812218621,0.4,0.0,-0.0018259967486097262
2023-09-17,1.0056135559529247,-0.1939162101120322,0.4,0.0,0.0005648645576097344
2023-09-18,1.0024046709772862,-0.1964884011362732,0.4,0.0,-0.0031909722742378133
2023-09-19,1.0022262955931374,-0.19663138399964675,0.4,0.0,-0.00017794747901833663
2023-09-20,1.0056070479239525,-0.1939214268442725,0.4,0.0,0.0033732424959105334
2023-09-21,1.0112462128224686,-0.1894011621896342,0.4,0.0,0.0056077221317800685
2023-09-22,1.0099466805385948,-0.19044284654468857,0.4,0.0,-0.0012850800006931618
2023-09-23,1.0102699933189618,-0.19018368417582965,0.4,0.0,0.00032012856381724575
2023-09-24,1.0102625161979366,-0.1901896777168055,0.4,0.0,-7.4011116593108994e-06
2023-09-25,1.0109901259651375,-0.18960643733064242,0.4,0.0,0.0007202185130499306
2023-09-26,1.011179211079262,-0.189454869718509,0.4,0.0,0.00018702963488004265
2023-09-27,1.0087616572075682,-0.1913927423492201,0.4,0.0,-0.002390826319614181
2023-09-28,1.0024306312918045,-0.19646759176214557,0.4,0.0,-0.0062760374272063935
2023-09-29,1.0000339991363518,-0.19838869387875746,0.4,0.0,-0.0023908209512355505
2023-09-30,1.000629644752561,-0.19791123385159104,0.4,0.00015,0.0005956253654650911
2023-10-01,1.00064960301246,-0.19789523562873135,0.1,0.0,1.9945701196899535e-05
2023-10-02,1.0013046853029226,-0.19737013211132282,0.1,0.0,0.0006546570232941473
2023-10-03,0.9987374803887912,-0.19942796263116014,0.1,0.0,-0.002563859883821573
2023-10-04,0.9977986922447273,-0.20018048023654567,0.1,0.0,-0.0009399748807864539
2023-10-05,0.9969344716854637,-0.20087322565508792,0.1,0.0,-0.0008661271717241847
2023-10-06,0.9984368384467456,-0.19966895241755356,0.1,0.0,0.001506986470976468
2023-10-07,0.9981872192989267,-0.1998690431457576,0.1,0.0,-0.00025000995376667223
2023-10-08,0.9977589263979232,-0.20021235590519615,0.1,0.0,-0.0004290707121092918
2023-10-09,0.9949743677652106,-0.20244441369969868,0.1,0.0,-0.002790813050169705
2023-10-10,0.9938491274026647,-0.2033463884300576,0.1,0.0,-0.0011309239705012963
2023-10-11,0.9933623637456374,-0.2037365704150892,0.1,0.0,-0.0004897762080844359
2023-10-12,0.9922291627999903,-0.20464492622191421,0.1,0.0,-0.0011407729817528578
2023-10-13,0.9920970371059467,-0.20475083607124533,0.1,0.0,-0.0001331604623203697
2023-10-14,0.9931752357134312,-0.20388656926156656,0.1,0.0,0.0010867874483622142
2023-10-15,0.9930382323846141,-0.20399638894514827,0.1,0.0,-0.0001379447693531377
2023-10-16,0.994609037811816,-0.20273725636440698,0.1,0.0,0.0015818176742610213
2023-10-17,0.9944710799039888,-0.20284784122330035,0.1,0.0,-0.00013870566481721802
2023-10-18,0.9941392189913286,-0.2031138556386881,0.1,0.0,-0.00033370594617088134
2023-10-19,0.9935793313110236,-0.203562652674667,0.1,0.0,-0.0005631884042136548
2023-10-20,0.9964113387043336,-0.20129256071033697,0.1,0.0,0.0028503082784239187
2023-10-21,0.9978244572216806,-0.2001598274418952,0.1,0.0,0.001418207985454778
2023-10-22,0.9976848206824045,-0.20027175786498874,0.1,0.0,-0.0001399409868795276
2023-10-23,1.0007833600945595,-0.19778801808475055,0.1,0.0,0.003105729733397178
2023-10-24,1.0068076726975916,-0.1929590251721397,0.1,0.0,0.006019597090882511
2023-10-25,1.0084315130844346,-0.19165738061350102,0.1,0.0,0.001612860560042284
2023-10-26,1.0068960535819116,-0.1928881804646827,0.1,0.0,-0.001522621499421839
2023-10-27,1.0072248375380697,-0.19262463248855877,0.1,0.0,0.00032653217279565716
2023-10-28,1.007680592669491,-0.1922593064431587,0.1,0.0,0.0004524859936305692
2023-10-29,1.0077637716985766,-0.19219263145990328,0.1,0.0,8.254503430360494e-05
2023-10-30,1.0093280085470866,-0.190938764147092,0.1,0.0,0.0015521860305345303
2023-10-31,1.0077728451270498,-0.1921853583443336,0.1,0.0,-0.0015407909092705063
2023-11-01,1.0078323525198407,-0.19213765816723938,0.1,0.0,5.904841858228593e-05
2023-11-02,1.008471889997399,-0.19162501512396113,0.1,0.0,0.0006345673225962578
2023-11-03,1.009016560784322,-0.1911884157070528,0.1,0.0,0.0005400951601417514
2023-11-04,1.010136951542012,-0.1902903283426095,0.1,0.0,0.0011103789583191137
2023-11-05,1.0124764752774398,-0.18841500342477913,0.1,0.0,0.0023160460884605882
2023-11-06,1.01676139662077,-0.184980278807796,0.30000000000000004,0.0001,0.0042321194101437865
2023-11-07,1.0106376394562073,-0.18988898489508288,0.30000000000000004,0.0,-0.006022806515782575
2023-11-08,1.0148132943166355,-0.18654184654831663,0.30000000000000004,0.0,0.004131703290483291
2023-11-09,1.0383577318267503,-0.16766900090439585,0.30000000000000004,0.0,0.023200757855633247
2023-11-10,1.0465173805910393,-0.1611283565772219,0.30000000000000004,0.0,0.007858225074251157
2023-11-11,1.0432910607013965,-0.1637145231504934,0.30000000000000004,0.0,-0.00308291094775881
2023-11-12,1.041817547377813,-0.16489566793249566,0.30000000000000004,0.0,-0.001412370314563982
2023-11-13,1.0490092607587098,-0.1591309051729406,0.30000000000000004,0.0,0.006903044970781869
2023-11-14,1.0390351938325988,-0.1671259581640243,0.30000000000000004,0.0,-0.00950808281606108
2023-11-15,1.0365791214868874,-0.16909470658925219,0.30000000000000004,0.0,-0.002363800918664949
2023-11-16,1.0327007228590896,-0.1722035690803002,0.30000000000000004,0.0,-0.0037415365092821062
2023-11-17,1.0208523872463153,-0.18170100596156757,0.30000000000000004,0.0,-0.011473155146021763
2023-11-18,1.0261913181316538,-0.1774214041040474,0.30000000000000004,0.0,0.005229875496240766
2023-11-19,1.028574879900042,-0.17551077900127243,0.30000000000000004,0.0,0.0023227264997043306
2023-11-20,1.0401915338289,-0.16619905446319427,0.30000000000000004,0.0,0.011293931201188157
2023-11-21,1.0319547604008659,-0.17280152069091603,0.30000000000000004,0.0,-0.007918516119538865
2023-11-22,1.0391962783909612,-0.16699683535086363,0.30000000000000004,0.0,0.00701728241195676
2023-11-23,1.0404321643836354,-0.16600616884786457,0.30000000000000004,0.0,0.0011892709956540237
2023-11-24,1.0517254810615684,-0.15695362629385456,0.30000000000000004,0.0,0.010854447857851612
2023-11-25,1.0460584149868628,-0.16149625608638496,0.30000000000000004,0.0,-0.0053883510257716205
2023-11-26,1.0441272316297137,-0.16304426186880916,0.30000000000000004,0.0,-0.0018461524992114953
2023-11-27,1.0346937471043436,-0.17060599262815046,0.30000000000000004,0.0,-0.009034803651890466
2023-11-28,1.0398669012434092,-0.16645927476679356,0.30000000000000004,0.0,0.004999695952100147
2023-11-29,1.0391533668929538,-0.16703123252335472,0.30000000000000004,0.0,-0.0006861785384335573
2023-11-30,1.0395140296098975,-0.16674213104095703,0.30000000000000004,0.0,0.0003470736163040389
2023-12-01,1.0466658505052562,-0.16100934546164192,0.30000000000000004,0.0,0.006879965725947956
2023-12-02,1.0503398732914753,-0.15806430738601274,0.30000000000000004,0.0,0.0035102155902344556
2023-12-03,1.0587628486039902,-0.151312584697061,0.30000000000000004,0.0,0.008019285496721817
2023-12-04,1.0663407038851285,-0.1452382967480942,0.30000000000000004,0.0,0.007157273501920525
2023-12-05,1.0688357593524673,-0.14323830007423533,0.30000000000000004,0.0,0.002339829529383053
2023-12-06,1.0723909758666852,-0.14038849521163344,0.30000000000000004,0.0,0.003326251468587227
2023-12-07,1.0822857939358572,-0.1324569668404869,0.30000000000000004,0.0,0.009226875544313895
2023-12-08,1.085807949223863,-0.1296336633295878,0.30000000000000004,0.0,0.003254367106860112
2023-12-09,1.0882277805081508,-0.1276939651612593,0.30000000000000004,0.0,0.002228599713254953
2023-12-10,1.0866713616393324,-0.1289415657062235,0.30000000000000004,0.0,-0.001430232619215377
2023-12-11,1.068486241485268,-0.14351846802280543,0.30000000000000004,0.0,-0.016734700845183026
2023-12-12,1.064863245742108,-0.14642260363444892,0.30000000000000004,0.0,-0.003390774352059589
2023-12-13,1.0683847988436534,-0.14359978282661334,0.30000000000000004,0.0,0.0033070472810734497
2023-12-14,1.0767214340694002,-0.13691726897434575,0.30000000000000004,0.0,0.007803026807165825
2023-12-15,1.070589070872214,-0.14183287352014273,0.30000000000000004,0.0,-0.00569540366073118
2023-12-16,1.0742280429681377,-0.13891593151889958,0.30000000000000004,0.0,0.0033990372169223626
2023-12-17,1.0692771160666483,-0.14288451557048287,0.30000000000000004,0.0,-0.0046088229905136835
2023-12-18,1.0596215853744466,-0.1506242349961764,0.30000000000000004,0.0,-0.009029961033596545
2023-12-19,1.0650251172539706,-0.14629285001191206,0.30000000000000004,0.0,0.005099492077277112
2023-12-20,1.0732137795583974,-0.13972894889364385,0.30000000000000004,0.0,0.007688703460384749
2023-12-21,1.0711906935007975,-0.14135062241517293,0.30000000000000004,0.0,-0.0018850727563665126
2023-12-22,1.0837549204078598,-0.13127933848875462,0.30000000000000004,0.0,0.011729215893390155
2023-12-23,1.078889059755724,-0.13517973479141143,0.30000000000000004,0.0,-0.004489816434058325
2023-12-24,1.0799700732108222,-0.13431321164477417,0.30000000000000004,0.0,0.001001969058197938
2023-12-25,1.0792820620368548,-0.13486471043008175,0.30000000000000004,0.0,-0.0006370650363705099
2023-12-26,1.0709814973232274,-0.1415183107350524,0.30000000000000004,0.0,-0.007690820597874737
2023-12-27,1.0871592203671456,-0.12855050592991324,0.30000000000000004,0.0,0.01510551123838555
2023-12-28,1.089614326709894,-0.12658253183725554,0.30000000000000004,0.0,0.0022582767057033326
2023-12-29,1.0852484632026382,-0.1300821384020533,0.30000000000000004,0.0,-0.00400679708428775
2023-12-30,1.0833156792000995,-0.13163142723629628,0.30000000000000004,0.0,-0.001780959907405233
2023-12-31,1.0815072305929911,-0.13308105080034427,0.30000000000000004,0.0,-0.0016693643799571278
2024-01-01,1.0838132401137868,-0.13123259034251045,0.30000000000000004,0.0,0.0021322183112302273
2024-01-02,1.0897408877830395,-0.12648108249929735,0.30000000000000004,0.0,0.00546925194292025
2024-01-03,1.0739498490448534,-0.1391389273314334,0.30000000000000004,0.0,-0.014490636182621586
2024-01-04,1.0794587277238346,-0.13472309803269433,0.30000000000000004,0.0,0.005129549283778401
2024-01-05,1.07212600120204,-0.14060089467725034,0.30000000000000004,0.0,-0.0067929660796340885
2024-01-06,1.0751508736394269,-0.1381762051692157,0.30000000000000004,0.0,0.0028213777429138
2024-01-07,1.0729480805856038,-0.13994192895312196,0.30000000000000004,0.0,-0.0020488222702765846
2024-01-08,1.0786994684993405,-0.13533170811910822,0.30000000000000004,0.0,0.005360359944531545
2024-01-09,1.0769839331173678,-0.13670685392357884,0.30000000000000004,0.0,-0.0015903738085283337
2024-01-10,1.1040895117934948,-0.11497945431065859,0.30000000000000004,0.0,0.02516804368443326
2024-01-11,1.12627102652758,-0.09719910582941349,0.30000000000000004,0.0,0.020090322838091312
2024-01-12,1.130710342943496,-0.0936406205843906,0.30000000000000004,0.0,0.003941605804781867
2024-01-13,1.1201550615095806,-0.10210156585627683,0.30000000000000004,0.0,-0.009335088778295253
2024-01-14,1.1167534554367806,-0.10482823903867067,0.30000000000000004,0.0,-0.0030367278510678997
2024-01-15,1.1138278668509327,-0.10717334419459568,0.30000000000000004,0.0,-0.002619726468366612
2024-01-16,1.119849289493406,-0.1023466678282825,0.30000000000000004,0.0,0.005406062122953692
2024-01-17,1.1172800910356324,-0.10440609634091225,0.30000000000000004,0.0,-0.002294235913600562
2024-01-18,1.1154761039165817,-0.1058521436472809,0.30000000000000004,0.0,-0.0016146238830532234
2024-01-19,1.1072201909750607,-0.11246995180379482,0.30000000000000004,0.0,-0.007401245900772513
2024-01-20,1.107355119817113,-0.11236179499572196,0.30000000000000004,0.0,0.00012186270007630284
2024-01-21,1.1079532864744581,-0.1118823141421843,0.30000000000000004,0.0,0.0005401759983261201
2024-01-22,1.095978523668981,-0.12148109304498222,0.30000000000000004,0.0,-0.010808003326189364
2024-01-23,1.0733895470638624,-0.13958805646423533,0.30000000000000004,0.0,-0.02061078398644378
2024-01-24,1.07397700264317,-0.13911716144004238,0.30000000000000004,0.0001,0.0005472901994612034
2024-01-25,1.0672982191473297,-0.14447076778345191,0.30000000000000004,0.0001,-0.006218739767615
2024-01-26,1.0706137148982096,-0.1418131192619042,0.30000000000000004,0.0001,0.0031064380052348017
2024-01-27,1.0722653888899796,-0.14048916372941955,0.30000000000000004,0.0001,0.0015427356933510605
2024-01-28,1.0723386486003348,-0.14043043991387472,0.30000000000000004,0.0,6.832236787057688e-05
2024-01-29,1.0731857050287785,-0.1397514529888806,0.30000000000000004,0.0,0.000789915041805811
2024-01-30,1.0823310044022307,-0.1324207268516152,0.30000000000000004,0.0,0.008521637336945664
2024-01-31,1.0807776295784726,-0.13366588733860274,0.30000000000000004,0.0,-0.0014352123494940638
2024-02-01,1.0751704438399166,-0.13816051800858997,0.30000000000000004,0.0,-0.005188103070511874
2024-02-02,1.0788226416684026,-0.1352329744710361,0.30000000000000004,0.0,0.0033968547493170576
2024-02-03,1.0773786632728009,-0.136390444525763,0.30000000000000004,0.0,-0.0013384761682124768
2024-02-04,1.077127719483336,-0.13659159706558632,0.30000000000000004,0.0,-0.00023292069726510434
2024-02-05,1.0766401208454466,-0.13698244835796136,0.30000000000000004,0.0,-0.00045268414234511667
2024-02-06,1.0830822386247743,-0.1318185494787898,0.30000000000000004,0.0,0.005983538653817622
2024-02-07,1.0867252763597233,-0.12889834852613868,0.30000000000000004,0.0,0.0033635836735499414
2024-02-08,1.0981871795787725,-0.11971066968922683,0.30000000000000004,0.0,0.01054719483239186
2024-02-09,1.1037426329437732,-0.1152575068649031,0.30000000000000004,0.0,0.005058749062372803
2024-02-10,1.1031841989949713,-0.11570513861289178,0.30000000000000004,0.0,-0.0005059457994359695
2024-02-11,1.1057295609683155,-0.11366481704605913,0.30000000000000004,0.0,0.002307286467361669
2024-02-12,1.1122685576000337,-0.1084232616237426,0.30000000000000004,0.0,0.005913739545850616
2024-02-13,1.1218971918252096,-0.10070510197709781,0.30000000000000004,0.0,0.008656753047082466
2024-02-14,1.1368229695803937,-0.08874083655058096,0.30000000000000004,0.0,0.013304051265963013
2024-02-15,1.146417497609106,-0.08105001588712846,0.30000000000000004,0.0,0.008439773197276956
2024-02-16,1.1403229338339338,-0.08593532101902812,0.30000000000000004,0.0,-0.005316181746950366
2024-02-17,1.1377461530855182,-0.08800082737492143,0.30000000000000004,0.0,-0.0022596938743908446
2024-02-18,1.1442030828665062,-0.08282505543142649,0.30000000000000004,0.0,0.005675193683122082
2024-02-19,1.1566103291130214,-0.07287960469912502,0.30000000000000004,0.0,0.010843570020303783
2024-02-20,1.1587458370922334,-0.07116781555802898,0.30000000000000004,0.0,0.0018463504306145406
2024-02-21,1.157640768690087,-0.07205362076661492,0.30000000000000004,0.0,-0.0009536762651242148
2024-02-22,1.166189644023736,-0.0652009786284552,0.30000000000000004,0.0,0.0073847393464929745
2024-02-23,1.1580132818304196,-0.07175502017380775,0.30000000000000004,0.0,-0.007011177157351112
2024-02-24,1.1626861016633852,-0.0680093623133673,0.30000000000000004,0.0,0.004035204005240489
2024-02-25,1.1730525486787011,-0.059699783700079556,0.30000000000000004,0.0,0.008915946445465117
2024-02-26,1.1851398642756443,-0.050010784274526765,0.30000000000000004,0.0,0.010304155266154469
2024-02-27,1.1944851015898343,-0.04251979107238524,0.30000000000000004,0.0,0.007885345515653785
2024-02-28,1.2076695586307546,-0.03195134056150373,0.30000000000000004,0.0,0.011037774371041253
2024-02-29,1.2214205961146378,-0.02092872820282643,0.30000000000000004,0.0,0.011386423865370032
2024-03-01,1.213351647963175,-0.027396668365165633,0.30000000000000004,0.0,-0.006606199516472788
2024-03-02,1.216488203563574,-0.02488245541467682,0.30000000000000004,0.0,0.0025850342772935075
2024-03-03,1.2168385479769444,-0.024601624919877052,0.30000000000000004,0.0,0.0002879965562680997
2024-03-04,1.231630939062234,-0.012744280120824403,0.30000000000000004,0.0,0.012156412294701546
2024-03-05,1.2546039077185203,-0.002825744170896316,0.30000000000000004,0.0,0.018652477725006555
2024-03-06,1.256236944892958,-0.008553311070342406,0.30000000000000004,0.0,0.0013016356512123295
2024-03-07,1.261066508047723,-0.004741725669806018,0.30000000000000004,0.0,0.003844468334093243
2024-03-08,1.2676047116507734,-0.007067195051241537,0.30000000000000004,0.0,0.005184661999442897
2024-03-09,1.2692373105883699,-0.005788357076307649,0.30000000000000004,0.0,0.0012879400988226042
2024-03-10,1.2659999305715517,-0.008324242901943446,0.30000000000000004,0.0,-0.0025506498980154557
2024-03-11,1.2792634562953729,-0.0033475410474763656,0.30000000000000004,0.0,0.010476719155767089
2024-03-12,1.276726415516974,-0.007674767925246906,0.30000000000000004,0.0,-0.0019832042929958105
2024-03-13,1.2742819369802785,-0.009574719004621923,0.30000000000000004,0.0,-0.0019146455395505635
2024-03-14,1.2629674808879021,-0.018368788063748198,0.30000000000000004,0.0,-0.008879083791445641
2024-03-15,1.2479895692952658,-0.030010248142052887,0.30000000000000004,0.0,-0.011859301066175165
2024-03-16,1.2470944016249748,-0.030706009939859613,0.30000000000000004,0.0,-0.0007172877821369772
2024-03-17,1.242178393954462,-0.034526936955415644,0.30000000000000004,0.0,-0.003941969159756198
2024-03-18,1.231763087119516,-0.0426221495604846,0.30000000000000004,0.0,-0.008384710992910938
2024-03-19,1.2082399640514867,-0.060905305821611466,0.30000000000000004,0.0,-0.019097116413061
2024-03-20,1.2077410782013338,-0.061293060794810894,0.30000000000000004,0.0,-0.000412902953876082
2024-03-21,1.2302846654111643,-0.04377124081998551,0.30000000000000004,0.0,0.01866591077899238
2024-03-22,1.2145325664802877,-0.0560144317160689,0.30000000000000004,0.0,-0.012803621286799793
2024-03-23,1.2208632028116284,-0.05109399606883214,0.30000000000000004,0.0,0.005212405583895352
2024-03-24,1.220113970484831,-0.051676330806745496,0.30000000000000004,0.0,-0.0006136906453384494
2024-03-25,1.2398050302989274,-0.03637161457127158,0.30000000000000004,0.0,0.016138705309856283
2024-03-26,1.24111569359909,-0.03535291217136938,0.30000000000000004,0.0,0.0010571527523484114
2024-03-27,1.2330716012820357,-0.0416051175603519,0.30000000000000004,0.0,-0.006481339619294979
2024-03-28,1.239901286056335,-0.036296800565978726,0.30000000000000004,0.0,0.005538757657868709
2024-03-29,1.2304667477358295,-0.043629718812698615,0.30000000000000004,0.0,-0.0076091043912946965
2024-03-30,1.2357135744860954,-0.039551665355564314,0.30000000000000004,0.0,0.004264094710334065
2024-03-31,1.2442163986153565,-0.03294291439309349,0.30000000000000004,0.0,0.00688090209966008
2024-04-01,1.2259295022152046,-0.04715625602498863,0.30000000000000004,0.0,-0.014697520801446595
2024-04-02,1.20389930730025,-0.06427904601032974,0.30000000000000004,0.0,-0.0179701972055899
2024-04-03,1.2139600108751865,-0.056459445907678374,0.30000000000000004,0.0,0.00835676498352611
2024-04-04,1.2178600935651296,-0.0534281383280969,0.30000000000000004,0.0,0.0032126945327706213
2024-04-05,1.2140320953396524,-0.056403418843414044,0.30000000000000004,0.0,-0.003143216733765608
2024-04-06,1.215049281706098,-0.05561281900551707,0.30000000000000004,0.0,0.0008378578872374476
2024-04-07,1.2209693106948187,-0.051011524578830736,0.30000000000000004,0.0,0.004872254218699412
2024-04-08,1.246401825134202,-0.031244309389595104,0.30000000000000004,0.0,0.02082977370242256
2024-04-09,1.236208275488409,-0.03916716302134293,0.30000000000000004,0.0,-0.008178381514075572
2024-04-10,1.2309238680246335,-0.04327442578268026,0.30000000000000004,0.0,-0.004274690251274138
2024-04-11,1.2342160341782968,-0.04071561639113197,0.30000000000000004,0.0,0.0026745489621078367
2024-04-12,1.2270496960272361,-0.04628559448702496,0.30000000000000004,0.0,-0.005806388794679984
2024-04-13,1.2092144019527225,-0.0601479318809347,0.30000000000000004,0.0,-0.014535103290648443
2024-04-14,1.1855559764570285,-0.07853625085452731,0.30000000000000004,0.0,-0.019565120509223877
2024-04-15,1.1901898329192766,-0.07493462357289904,0.30000000000000004,0.0001,0.003908593566454233
2024-04-16,1.1724604804587122,-0.08871461870822395,0.30000000000000004,0.0001,-0.01489623921343497
2024-04-17,1.170247841090859,-0.09043437467748816,0.30000000000000004,0.0001,-0.0018871760752091626
2024-04-18,1.1751040438023128,-0.08665993058039934,0.1,0.0,0.004149721572591192
2024-04-19,1.175691895532631,-0.08620302759975773,0.1,0.0,0.0005002550484101143
2024-04-20,1.1768260887803788,-0.08532148511413984,0.1,0.0,0.000964702786553584
2024-04-21,1.1787520018503121,-0.08382458483006161,0.1,0.0,0.0016365315897519661
2024-04-22,1.181316649621653,-0.08183123318952612,0.30000000000000004,0.0001,0.0021757314238421976
2024-04-23,1.1860547165775566,-0.07814860914849464,0.30000000000000004,0.0,0.004010835670028801
2024-04-24,1.1805975790455292,-0.08239012495181586,0.30000000000000004,0.0,-0.004601084128544541
2024-04-25,1.1789196285452297,-0.08369429834353304,0.30000000000000004,0.0,-0.0014212721845939802
2024-04-26,1.1742573189639405,-0.08731804058073256,0.30000000000000004,0.0,-0.003954730643553339
2024-04-27,1.1753096809995431,-0.08650010073981274,0.30000000000000004,0.0001,0.000896193720581806
2024-04-28,1.1817504426934267,-0.08149407104939299,0.1,0.0,0.005480054999978057
2024-04-29,1.1668320926328668,-0.0930892374108746,0.30000000000000004,0.0001,-0.012623942857643566
2024-04-30,1.1458753226577238,-0.10937771658415174,0.30000000000000004,0.0,-0.017960399021813345
2024-05-01,1.141249362828263,-0.11297320627211238,0.30000000000000004,0.0001,-0.004037053366968246
2024-05-02,1.1454088565099267,-0.10974027360713012,0.1,0.0,0.0036446843408157736
2024-05-03,1.1486782465582142,-0.1071991667584119,0.1,0.0,0.0028543432589183126
2024-05-04,1.1506004916566555,-0.10570511737537092,0.1,0.0,0.0016734408475123086
2024-05-05,1.1518526019581683,-0.10473192481788096,0.1,0.0,0.0010882233325926194
2024-05-06,1.1493281388179133,-0.10669404328043608,0.1,0.0,-0.002191654675228638
2024-05-07,1.1486616655484625,-0.10721205421350788,0.1,0.0,-0.0005798807554974195
2024-05-08,1.146292727444833,-0.10905329210510672,0.1,0.0,-0.002062346271911819
2024-05-09,1.1462859011877549,-0.10905859775795201,0.1,0.0,-5.955073182239978e-06
2024-05-10,1.1429196321625557,-0.11167500300425859,0.1,0.0,-0.0029366748921065833
2024-05-11,1.1432650101027964,-0.11140656080666844,0.1,0.0,0.00030218917457003336
2024-05-12,1.1437328829731208,-0.11104291042003633,0.1,0.0,0.00040924270942332974
2024-05-13,1.1446952833173019,-0.11029489257276592,0.1,0.0,0.0008414555168527738
2024-05-14,1.1422851034411499,-0.1121681852969365,0.1,0.0,-0.0021055209288287635
2024-05-15,1.1453531824344645,-0.10978354582988847,0.1,0.0,0.002685913511501159
2024-05-16,1.1446559863666006,-0.11032543580838039,0.1,0.0,-0.0006087171001539771
2024-05-17,1.150506069239061,-0.10577850643219133,0.1,0.0,0.005110778209465927
2024-05-18,1.1505168918502586,-0.10577009464557996,0.1,0.0,9.406826684932312e-06
2024-05-19,1.1492740809223019,-0.10673605934053798,0.1,0.0,-0.0010802196271633147
2024-05-20,1.150810719347244,-0.1055417196111228,0.1,0.0,0.001337051318267335
2024-05-21,1.1733505358138887,-0.0880228304157985,0.1,0.0,0.019586032774729922
2024-05-22,1.1724875635822227,-0.08869356857054667,0.30000000000000004,0.0001,-0.0007354769144618523
2024-05-23,1.1776648427607541,-0.08466957039841538,0.30000000000000004,0.0,0.004415636753290819
2024-05-24,1.1671926656279958,-0.09280898498034396,0.30000000000000004,0.0,-0.00889232381957672
2024-05-25,1.1720174254208626,-0.089058979636229,0.30000000000000004,0.0,0.0041336447143227595
2024-05-26,1.180300298097409,-0.08262118415310549,0.30000000000000004,0.0,0.007067192429821345
2024-05-27,1.1924438730369402,-0.07318268920725768,0.30000000000000004,0.0,0.010288546871594528
2024-05-28,1.1831196271742324,-0.08042988353736558,0.30000000000000004,0.0,-0.007819442133539023
2024-05-29,1.1739389657389432,-0.08756547803799641,0.30000000000000004,0.0,-0.0077597068161336935
2024-05-30,1.1754782323419188,-0.08636909557856076,0.30000000000000004,0.0,0.0013111981524533967
2024-05-31,1.1726560554775034,-0.08856260961406615,0.30000000000000004,0.0,-0.002400875479250719
2024-06-01,1.1776722805893949,-0.0846637894065424,0.30000000000000004,0.0,0.004277661031518498
2024-06-02,1.1778134769153088,-0.08455404570955483,0.30000000000000004,0.0,0.00011989441225446207
2024-06-03,1.1775433162445919,-0.08476402589560594,0.30000000000000004,0.0,-0.00022937474906958855
2024-06-04,1.1788745070847488,-0.08372936863204516,0.30000000000000004,0.0,0.001130481419914009
2024-06-05,1.1793016127379865,-0.08339740423362874,0.30000000000000004,0.0,0.00036229950743038586
2024-06-06,1.1821536585281918,-0.08118067481826108,0.30000000000000004,0.0,0.002418419308002351
2024-06-07,1.178111174228096,-0.08432266289221091,0.30000000000000004,0.0,-0.003419592936107718
2024-06-08,1.1676120449776293,-0.09248302578862178,0.30000000000000004,0.0,-0.008911832329695835
2024-06-09,1.1679187349549496,-0.09224465349584188,0.30000000000000004,0.0,0.000262664280173297
2024-06-10,1.1690191805236516,-0.09138934111953634,0.30000000000000004,0.0,0.000942227858636624
2024-06-11,1.144427459391458,-0.1105030565428522,0.30000000000000004,0.0,-0.021036199869003402
2024-06-12,1.161325856238117,-0.09736891490628075,0.30000000000000004,0.0,0.014765808621587384
2024-06-13,1.1442739067922998,-0.11062240405281487,0.30000000000000004,0.0,-0.01468317385186968
2024-06-14,1.1461881147838349,-0.109134601445809,0.30000000000000004,0.0,0.001672858203064731
2024-06-15,1.156503625896303,-0.10111695425511869,0.30000000000000004,0.0,0.008999841282088639
2024-06-16,1.159041557890985,-0.09914436723490505,0.30000000000000004,0.0,0.0021944868462633327
2024-06-17,1.1499088099188166,-0.10624272138565904,0.30000000000000004,0.0,-0.00787956903701248
2024-06-18,1.1428601395368745,-0.11172124316414589,0.30000000000000004,0.0,-0.006129764657112569
2024-06-19,1.1533672210224652,-0.10355469945760298,0.30000000000000004,0.0,0.009193672193213986
2024-06-20,1.1512005240628584,-0.10523874706337522,0.30000000000000004,0.0,-0.0018785837850359144
2024-06-21,1.1499477703233627,-0.10621243972780892,0.30000000000000004,0.0,-0.0010882150531688062
2024-06-22,1.1512032717651306,-0.10523661143411145,0.30000000000000004,0.0,0.001091789970092405
2024-06-23,1.148296353862178,-0.1074959897532336,0.30000000000000004,0.0,-0.0025251126141200286
2024-06-24,1.1287737688624353,-0.12266976030823884,0.30000000000000004,0.0,-0.017001347199334438
2024-06-25,1.1197394319327485,-0.12969162527588962,0.4,0.00025,-0.008003673702298042
2024-06-26,1.119561895955189,-0.1298296136718311,0.6000000000000001,0.0001,-0.00015855115261320663
2024-06-27,1.1133066328818888,-0.13469146606672167,0.6000000000000001,0.0001,-0.005587241845139035
2024-06-28,1.1130971644413403,-0.13485427371004544,0.6000000000000001,0.0001,-0.00018814981817372178
2024-06-29,1.1130971644413403,-0.13485427371004544,0.6000000000000001,0.0,0.0
2024-06-30,1.1130971644413403,-0.13485427371004544,0.6000000000000001,0.0,0.0
2024-07-01,1.1130971644413403,-0.13485427371004544,0.6000000000000001,0.0,0.0
2024-07-02,1.1130971644413403,-0.13485427371004544,0.6000000000000001,0.0,0.0
2024-07-03,1.1130971644413403,-0.13485427371004544,0.6000000000000001,0.0,0.0
2024-07-04,1.1242902332180125,-0.12615455195568492,0.6000000000000001,0.0001,0.010055787701421792
2024-07-05,1.1345778248557954,-0.11815860494982655,0.4,0.0,0.00915029885862717
2024-07-06,1.1323588184417568,-0.11988330965400118,0.4,0.0,-0.0019557992104385358
2024-07-07,1.1359694034641021,-0.11707701178416852,0.4,0.0,0.0031885520415833035
2024-07-08,1.1357413162005268,-0.1172542907563977,0.4,0.0,-0.00020078644977927773
2024-07-09,1.1281427556129504,-0.12316021022893209,0.4,0.0,-0.006690397257884451
2024-07-10,1.1240048796820363,-0.126376340672805,0.4,0.0,-0.003667865534147663
2024-07-11,1.1241631014419513,-0.12625336409558474,0.4,0.0,0.00014076607920321393
2024-07-12,1.1231531353217485,-0.12703835205575953,0.4,0.0,-0.000898416002894642
2024-07-13,1.1213898478417463,-0.12840885292152182,0.4,0.0,-0.0015699439591555508
2024-07-14,1.1188091865784944,-0.13041465091852333,0.4,0.0,-0.0023013060696246423
2024-07-15,1.1066798662513357,-0.13984206658273435,0.4,0.0,-0.01084127702262716
2024-07-16,1.0994703492399016,-0.14544560509699112,0.4,0.0,-0.006514546104330665
2024-07-17,1.0990632968237095,-0.1457619832798619,0.6000000000000001,0.0001,-0.00037022591511770564
2024-07-18,1.0990632968237095,-0.1457619832798619,0.6000000000000001,0.0,0.0
2024-07-19,1.0938805987097693,-0.14979019327550658,0.6000000000000001,0.0001,-0.004715559266624814
2024-07-20,1.0924396361745337,-0.1509101696970876,0.6000000000000001,0.0001,-0.0013172941698893492
2024-07-21,1.0924396361745337,-0.1509101696970876,0.6000000000000001,0.0,0.0
2024-07-22,1.0886321701045214,-0.1538694917614093,0.6000000000000001,0.00015,-0.0034852873732588163
2024-07-23,1.0885029290669646,-0.15396994330766733,0.30000000000000004,0.0,-0.00011871873815949563
2024-07-24,1.0849559960534814,-0.15672676817083353,0.30000000000000004,0.0,-0.003258542461177072
2024-07-25,1.0582919858520763,-0.17745115343424878,0.30000000000000004,0.0,-0.0245761213343193
2024-07-26,1.062188195224642,-0.17442285635912524,0.30000000000000004,0.0001,0.003681601509464283
2024-07-27,1.063067702136659,-0.1737392667584312,0.1,0.0,0.0008280142031096283
2024-07-28,1.0626940779802985,-0.1740296630979783,0.1,0.0,-0.00035145847777418027
2024-07-29,1.0639829218209997,-0.17302791969564246,0.1,0.0,0.0012128079636546385
2024-07-30,1.064453259245132,-0.17266235375458971,0.1,0.0,0.00044205354662052443
2024-07-31,1.0638862792101078,-0.17310303437966257,0.1,0.0,-0.0005326490666403005
2024-08-01,1.0577862873523953,-0.17784420348393581,0.1,0.0,-0.00573368787332873
2024-08-02,1.0551787897393798,-0.17987085981572504,0.1,0.0,-0.00246505144204745
2024-08-03,1.0518559459606573,-0.18245351314207126,0.1,0.0,-0.003149081284648969
2024-08-04,1.0477385002425932,-0.1856537643690177,0.1,0.0,-0.003914457805631932
2024-08-05,1.0343772119334347,-0.19603871713654908,0.1,0.0,-0.012752502944258115
2024-08-06,1.0280700808808927,-0.20094088349683803,0.4,0.00015,-0.006097515470925852
2024-08-07,1.037309513539608,-0.19375960954036064,0.4,0.0,0.008987162286441919
2024-08-08,1.0289224264234704,-0.20027840484983372,0.4,0.0,-0.008085423884253817
2024-08-09,1.0244405403710046,-0.20376191436533542,0.4,0.0,-0.004355902774946574
2024-08-10,1.0210156715343677,-0.20642386583891337,0.4,0.0,-0.003343160194926864
2024-08-11,1.0198041760059826,-0.20736549089401612,0.4,0.0,-0.0011865591901821793
2024-08-12,1.0137022809762686,-0.21210813922326288,0.4,0.0,-0.005983398747797186
2024-08-13,1.0163629909651077,-0.21004012400475625,0.4,0.0,0.002624744995421313
2024-08-14,1.0145179795913706,-0.2114741441028546,0.4,0.0,-0.001815307513298836
2024-08-15,1.0148075567169832,-0.21124907263500936,0.4,0.0,0.00028543321206075944
2024-08-16,1.0223412786110078,-0.20539354851017377,0.4,0.0,0.0074237936485230804
2024-08-17,1.0192850365646744,-0.207768987806365,0.4,0.0,-0.0029894538255231806
2024-08-18,1.0141783911937616,-0.21173808642547876,0.4,0.0,-0.005010026820492008
2024-08-19,1.0209069530453128,-0.2065083664011098,0.4,0.0,0.006634495380671623
2024-08-20,1.0215355967588717,-0.2060197581829607,0.4,0.0,0.0006157698423781
2024-08-21,1.019313457699057,-0.20774689771060972,0.4,0.0,-0.0021752928305792674
2024-08-22,1.019408832920027,-0.20767276809510793,0.4,0.0,9.356809747429473e-05
2024-08-23,1.0138522769553464,-0.21199155606735753,0.4,0.0,-0.005450763016012994
2024-08-24,1.0070031393496148,-0.21731499261689224,0.4,0.0,-0.006755557748807206
2024-08-25,1.0067492946095422,-0.21751229137842953,0.4,0.0,-0.000252079392955018
2024-08-26,1.0097798700527323,-0.21515680124097059,0.4,0.0,0.0030102583229183466
2024-08-27,1.0206337418025384,-0.2067207176195044,0.4,0.0,0.010748750367975957
2024-08-28,1.026950455791214,-0.2018111029999744,0.4,0.0,0.006189011522903298
2024-08-29,1.0203517981877213,-0.20693985600311193,0.4,0.0,-0.00642548777916685
2024-08-30,1.030628657202069,-0.19895225084160761,0.4,0.0,0.010071878182210225
2024-08-31,1.0247038922997338,-0.203557226218668,0.4,0.0,-0.005748690239624876
2024-09-01,1.0278068775206535,-0.2011454561698539,0.4,0.0,0.003028177451293468
2024-09-02,1.0249818081878257,-0.2033412183529293,0.4,0.0,-0.0027486382846999557
2024-09-03,1.0306637733654846,-0.19892495708893876,0.4,0.0,0.0055434790474020446
2024-09-04,1.0295329030358287,-0.1998039168634711,0.4,0.0,-0.0010972252628645984
2024-09-05,1.0253202882498929,-0.20307813747509884,0.4,0.00015,-0.004091772854963871
2024-09-06,1.0218585462131973,-0.20576874834379932,0.1,0.0,-0.003376254304494286
2024-09-07,1.020680078078228,-0.2066847031257426,0.4,0.00015,-0.0011532595576303484
2024-09-08,1.0255755887058815,-0.20287970727019466,0.4,0.0,0.004796322307833112
2024-09-09,1.0212022963677796,-0.20627881320361452,0.4,0.0,-0.004264232091968911
2024-09-10,1.0182248584746636,-0.20859300261206204,0.4,0.0,-0.0029156200526617715
2024-09-11,1.0179474958465466,-0.20880858046098083,0.4,0.0,-0.00027239820929747527
2024-09-12,1.018151248401106,-0.2086502154435962,0.4,0.0,0.00020016018054658247
2024-09-13,1.0107845508536932,-0.21437592125222926,0.4,0.0,-0.007235366610786831
2024-09-14,1.0098095323045289,-0.2151337464967903,0.4,0.0,-0.0009646156031376529
2024-09-15,1.0106523567875128,-0.21447866801598936,0.4,0.0,0.0008346370835485839
2024-09-16,1.020963710881121,-0.20646425183442907,0.4,0.0,0.010202671595586521
2024-09-17,1.0124883158201905,-0.21305168377642225,0.4,0.0,-0.008301367590837883
2024-09-18,1.0200155892786535,-0.20720117164572838,0.4,0.0,0.007434429949312982
2024-09-19,1.007517495040252,-0.21691521383588086,0.4,0.0,-0.012252846299375064
2024-09-20,0.9977582419905834,-0.22450051396728543,0.4,0.0,-0.009686435320186315
2024-09-21,0.9979499267751738,-0.224351528526049,0.4,0.00015,0.00019211546095965204
2024-09-22,0.9983972954562785,-0.22400381485387566,0.1,0.0,0.00044828770372595805
2024-09-23,1.0024498239183393,-0.220854020036655,0.1,0.0,0.004059033894126873
2024-09-24,1.0001129555420318,-0.2226703319932839,0.1,0.0,-0.0023311574510236355
2024-09-25,0.9996703762993331,-0.2230143231133742,0.1,0.0,-0.0004425292565645167
2024-09-26,1.0016571242202768,-0.22147013943567828,0.1,0.0,0.001987403016076028
2024-09-27,1.0028738056112347,-0.22052448371102995,0.1,0.0,0.0012146685343119579
2024-09-28,1.0023932026480886,-0.22089802845886586,0.1,0.0,-0.0004792257614584239
2024-09-29,1.0022542815697149,-0.22100600373819113,0.1,0.0,-0.00013858940583921786
2024-09-30,0.9996203392401534,-0.22305321401103195,0.1,0.0,-0.002628018036939239
2024-10-01,0.9968668037349465,-0.22519337710785647,0.1,0.0,-0.002754581311640747
2024-10-02,0.9943696048101954,-0.22713430468045392,0.1,0.0,-0.002505047730945953
2024-10-03,0.9894920557071776,-0.2309253400869301,0.1,0.0,-0.004905167132445598
2024-10-04,0.9927402791881363,-0.22840068478067332,0.1,0.0,0.003282718099880233
2024-10-05,0.9926567521135071,-0.22846560552070705,0.1,0.0,-8.413789223504775e-05
2024-10-06,0.993956648631303,-0.22745527151491096,0.1,0.0,0.0013095125933790808
2024-10-07,0.9951031416410311,-0.22656416913923882,0.1,0.0,0.0011534637967427486
2024-10-08,0.992907710895948,-0.22827054984628836,0.1,0.0,-0.002206234362258974
2024-10-09,0.9946424527436684,-0.2269222358412618,0.1,0.0,0.0017471330202052382
2024-10-10,0.9923741006557968,-0.2286852940694516,0.1,0.0,-0.0022805703513003595
2024-10-11,0.9940009526698361,-0.22742083656096557,0.1,0.0,0.0016393535592666986
2024-10-12,0.9952126690819675,-0.2264790398257659,0.1,0.0,0.0012190294273619617
2024-10-13,0.993895795271283,-0.22750256929450607,0.1,0.0,-0.001323208447396973
2024-10-14,1.0016059825803614,-0.22150988885973733,0.1,0.0,0.007757540927087581
2024-10-15,0.9992542811963898,-0.2233377296510436,0.1,0.0,-0.002347930648248675
2024-10-16,1.0006252403485347,-0.22227216279013828,0.1,0.0,0.0013719822651219182
2024-10-17,1.001529713876935,-0.22156916808973348,0.1,0.0,0.0009039083684139193
2024-10-18,1.0024046334678238,-0.2208891439471109,0.1,0.0,0.0008735832584583214
2024-10-19,1.0021436796180003,-0.22109196820643517,0.1,0.0,-0.0002603278567460121
2024-10-20,1.004434057395875,-0.21931179068966622,0.1,0.0,0.002285478444316924
2024-10-21,1.0034530964230057,-0.22007423463476516,0.1,0.0,-0.0009766305370130235
2024-10-22,1.001382039635169,-0.22168394669417923,0.1,0.0,-0.0020639298390926486
2024-10-23,0.9981698192764292,-0.2241806188662443,0.1,0.0,-0.0032077870698661304
2024-10-24,0.9976284833210399,-0.22460136783879892,0.1,0.0,-0.0005423285145806922
2024-10-25,0.9976151160959752,-0.22461175740586137,0.1,0.0,-1.3399001021374701e-05
2024-10-26,0.9949810368641031,-0.2266590740849107,0.1,0.0,-0.0026403762226258065
2024-10-27,0.9967698110651382,-0.22526876387232486,0.1,0.0,0.0017977972793068453
2024-10-28,0.9967392293349056,-0.22529253327364807,0.1,0.0,-3.068083512380859e-05
2024-10-29,1.0025034882956438,-0.22081230983545952,0.1,0.0,0.0057831163769708205
2024-10-30,1.0038553431930635,-0.2197615916013027,0.1,0.0,0.001348478996039848
2024-10-31,0.9993007558817003,-0.22330160757952855,0.1,0.0,-0.004537095252068801
2024-11-01,0.996876125567722,-0.22518613178907887,0.1,0.0,-0.0024263269088011796
2024-11-02,0.9964606513755726,-0.22550905572887903,0.1,0.0,-0.00041677614850188505
2024-11-03,0.9946201788917729,-0.2269395480116554,0.1,0.0,-0.0018470096950254922
2024-11-04,0.9946398196456923,-0.22692428239526774,0.1,0.0,1.9746989188940134e-05
2024-11-05,0.9946266910636091,-0.22693448647901204,0.1,0.0,-1.3199332890345694e-05
2024-11-06,1.0023437906626704,-0.22093643352302172,0.1,0.0,0.007758789974569691
2024-11-07,1.0102494334683687,-0.21479183689173165,0.1,0.0,0.007887156960853403
2024-11-08,1.0134404084276158,-0.212311677533787,0.1,0.0,0.003158601087542179
2024-11-09,1.0170227562631478,-0.20952732678795605,0.1,0.0,0.003534838166845633
2024-11-10,1.0337585781736172,-0.19651954519949133,0.30000000000000004,0.0001,0.01645570053118406
2024-11-11,1.036744386979399,-0.19419884956719435,0.30000000000000004,0.0,0.002888303776936052
2024-11-12,1.039387786892096,-0.19214428846471165,0.30000000000000004,0.0,0.0025497122973565656
2024-11-13,1.044219543528192,-0.18838884488105145,0.30000000000000004,0.0,0.0046486563504346545
2024-11-14,1.0219014092548264,-0.20573543339298828,0.30000000000000004,0.0,-0.021373028700415242
2024-11-15,1.0204709223430717,-0.20684726772134132,0.30000000000000004,0.0001,-0.0013998286907106472
2024-11-16,1.0244496202721718,-0.20375485708593444,0.1,0.0,0.003898884173953343
2024-11-17,1.0193763121608899,-0.20769804459089103,0.30000000000000004,0.0001,-0.004952228016769644
2024-11-18,1.0213715068392244,-0.20614729573964952,0.30000000000000004,0.0001,0.001957270003759337
2024-11-19,1.0201721869702585,-0.2070794573624053,0.1,0.0,-0.0011742249132035143
2024-11-20,1.0210271733249503,-0.20641492616564394,0.1,0.0,0.0008380804393719465
2024-11-21,1.0258388341249398,-0.20267510190730342,0.1,0.0,0.004712568799048356
2024-11-22,1.0270642373359384,-0.20172266721889998,0.1,0.0,0.001194537748266944
2024-11-23,1.031590742756183,-0.19820447766235894,0.1,0.0,0.004407227177911199
2024-11-24,1.0266145309892614,-0.20207219782264418,0.1,0.0,-0.004823823596581844
2024-11-25,1.0334222603705014,-0.19678094547912173,0.1,0.0,0.006631241985902925
2024-11-26,1.0268334262583216,-0.20190206325345972,0.1,0.0,-0.006375742389966743
2024-11-27,1.0346108575813304,-0.19585711795527305,0.1,0.0,0.007574189857988856
2024-11-28,1.0343880867441035,-0.19603026477832297,0.1,0.0,-0.00021531847998101927
2024-11-29,1.0364633600420154,-0.1944172754707154,0.1,0.0,0.00200628112843515
2024-11-30,1.0382284748010604,-0.19304535436716508,0.1,0.0,0.0017030170357139607
2024-12-01,1.0397797792255545,-0.19183961560877072,0.1,0.0,0.0014941840472912915
2024-12-02,1.0382454300677821,-0.19303217602388023,0.1,0.0,-0.0014756481982306502
2024-12-03,1.0354449504124827,-0.19520882607990675,0.1,0.0,-0.0026973195105862713
2024-12-04,1.0425293265928637,-0.18970255225972055,0.1,0.0,0.006841866559450072
2024-12-05,1.0478610517544844,-0.18555851220222574,0.30000000000000004,0.0001,0.005114220795152891
2024-12-06,1.0565560263297962,-0.17880041386693235,0.30000000000000004,0.0,0.00829783162639064
2024-12-07,1.0574412838764002,-0.17811235463223396,0.30000000000000004,0.0,0.0008378708980290028
2024-12-08,1.056432017053269,-0.17889679906944211,0.30000000000000004,0.0,-0.0009544424248656425
2024-12-09,1.0430931579528704,-0.18926431891671958,0.30000000000000004,0.0,-0.012626329839571016
2024-12-10,1.0221132144392697,-0.20557080953446005,0.30000000000000004,0.0,-0.020113202117805207
2024-12-11,1.0407225822353632,-0.19110682963039782,0.30000000000000004,0.0,0.018206757855396383
2024-12-12,1.054718181076908,-0.18022886415583106,0.30000000000000004,0.0,0.013447963059936896
2024-12-13,1.0490219867401118,-0.18465618491813807,0.30000000000000004,0.0,-0.005400679005055697
2024-12-14,1.0492819025975386,-0.18445416742996967,0.30000000000000004,0.0,0.0002477696947402741
2024-12-15,1.0498492255501344,-0.18401322027500067,0.30000000000000004,0.0,0.0005406773443736856
2024-12-16,1.0537035210739774,-0.18101750039821451,0.30000000000000004,0.0,0.0036712848188562575
2024-12-17,1.0535669203917206,-0.18112367216851277,0.30000000000000004,0.0,-0.0001296386312867881
2024-12-18,1.047999580046441,-0.1854508422129516,0.30000000000000004,0.0,-0.005284277854137431
2024-12-19,1.0271206396714623,-0.20167882896192646,0.30000000000000004,0.0,-0.01992266101294926
2024-12-20,1.006973132489651,-0.21733831520497027,0.30000000000000004,0.0,-0.01961552168619296
2024-12-21,1.0071385726467856,-0.2172097281871661,0.30000000000000004,0.0001,0.00016429450975063986
2024-12-22,0.9997804462387688,-0.22292877214735085,0.30000000000000004,0.0001,-0.0073059721947510425
2024-12-23,0.9986067134483129,-0.22384104642124947,0.30000000000000004,0.0001,-0.0011739905444987375
2024-12-24,1.0050570316239185,-0.21882758903306498,0.1,0.0,0.006459317856311486
2024-12-25,1.0029944311278873,-0.22043072850838696,0.30000000000000004,0.0001,-0.0020522223427430486
2024-12-26,0.9917670731205361,-0.2291571012886665,0.30000000000000004,0.0,-0.011193838827923241
2024-12-27,0.9913855627692475,-0.22945362710913997,0.30000000000000004,0.0001,-0.00038467737196434815
2024-12-28,0.9926722126463856,-0.22845358894715595,0.1,0.0,0.0012978299517945047
2024-12-29,0.9928383730248587,-0.22832444214316894,0.1,0.0,0.0001673869544758233
2024-12-30,0.9914033254629183,-0.22943982119981998,0.1,0.0,-0.0014453989701931347
2024-12-31,0.9994985055927788,-0.22314790822346164,0.30000000000000004,0.0001,0.008165375202950464
2025-01-01,0.9942494406410042,-0.2272277013045314,0.30000000000000004,0.0,-0.005251698649275438
2025-01-02,1.0039784539051921,-0.21966590480067005,0.30000000000000004,0.0,0.009785284121376359
2025-01-03,1.0127720186271374,-0.21283117807502672,0.30000000000000004,0.0,0.00875871856386845
2025-01-04,1.0164685229482289,-0.2099581001284041,0.30000000000000004,0.0,0.0036498878850410588
2025-01-05,1.0183165025806293,-0.2085217729753791,0.30000000000000004,0.0,0.0018180392119193645
2025-01-06,1.0255076552124165,-0.2029325080259783,0.30000000000000004,0.0,0.007061805061162607
2025-01-07,1.0041923671993815,-0.21949964243097164,0.30000000000000004,0.0,-0.020785108628585625
2025-01-08,0.9942863157380726,-0.22719904043497352,0.30000000000000004,0.0,-0.009864695037403615
2025-01-09,0.9920335527443499,-0.2289499821664095,0.30000000000000004,0.0,-0.002265708536930311
2025-01-10,0.9853978819862899,-0.2341075033431741,0.30000000000000004,0.0,-0.006688957989076649
2025-01-11,0.9878534827950749,-0.2321989075681945,0.30000000000000004,0.0,0.0024919891281227624
2025-01-12,0.9881701591065123,-0.23195277347836885,0.30000000000000004,0.0001,0.000320570121939312
2025-01-13,0.9809156852093865,-0.23759125436672002,0.1,0.0,-0.007341320551190966
2025-01-14,0.9714412574778692,-0.24495517633401664,0.4,0.00015,-0.009658758519590749
2025-01-15,0.9633017751524762,-0.2512815228318632,0.4,0.0,-0.008378769444613465
2025-01-16,0.9632500646173866,-0.2513217144250737,0.4,0.0,-5.3680514684129044e-05
2025-01-17,0.9580709800816679,-0.2553471157964088,0.4,0.0,-0.005376677070636937
2025-01-18,0.9644198447791005,-0.2504125122997466,0.4,0.0,0.006626716422294843
2025-01-19,0.9596542124864054,-0.25411656127480975,0.4,0.0,-0.004941449845202506
2025-01-20,0.9575939116337042,-0.2557179133710399,0.4,0.00015,-0.0021469200321261317
2025-01-21,0.9565878986284622,-0.25649982880473343,0.1,0.0,-0.0010505632847271906
2025-01-22,0.9550428891134197,-0.25770067489590753,0.30000000000000004,0.0001,-0.001615125507288373
2025-01-23,0.9534309360536187,-0.2589535523132772,0.30000000000000004,0.0,-0.0016878331624418097
2025-01-24,0.956843486263457,-0.25630117539228015,0.30000000000000004,0.0001,0.003579231678764616
2025-01-25,0.952570895361402,-0.25962201195280943,0.30000000000000004,0.0001,-0.0044652975783342486
2025-01-26,0.9509359922550248,-0.26089272710739375,0.30000000000000004,0.0,-0.0017163059614121456
2025-01-27,0.9456331403766975,-0.26501432564006633,0.30000000000000004,0.0001,-0.005576455115293588
2025-01-28,0.9471403445111446,-0.2638428634737622,0.1,0.0,0.001593857141944488
2025-01-29,0.9447514011726004,-0.26569965027164044,0.1,0.0,-0.002522269642918129
2025-01-30,0.9494519055112901,-0.2620462214696132,0.1,0.0,0.004975387528247666
2025-01-31,0.9643772204749838,-0.25044564169376604,0.30000000000000004,0.0001,0.015719927336030004
2025-02-01,0.9493369127718003,-0.2621355986419771,0.30000000000000004,0.0,-0.015595876161170974
2025-02-02,0.9342579296996736,-0.27385561570643213,0.30000000000000004,0.0,-0.015883700369449305
2025-02-03,0.9235900006964997,-0.2821471768390065,0.30000000000000004,0.0001,-0.011418612209805112
2025-02-04,0.9191214913105642,-0.2856202894491432,0.4,0.00015,-0.004838195933874689
2025-02-05,0.9190381936876307,-0.28568503184971084,0.4,0.0,-9.062743469856471e-05
2025-02-06,0.9233517373359001,-0.28233236509995907,0.4,0.0,0.004693541223747655
2025-02-07,0.9220128484697107,-0.2833730055917012,0.4,0.0,-0.0014500312416713124
2025-02-08,0.9299412586436533,-0.2772107132084457,0.4,0.0,0.00859902352456432
2025-02-09,0.9265160334487011,-0.2798729416586284,0.4,0.0,-0.0036832704895219948
2025-02-10,0.9259148449149284,-0.28034021056138325,0.4,0.0,-0.0006488700811060344
2025-02-11,0.9255430714547705,-0.2806291684623451,0.4,0.0,-0.00040152014215755205
2025-02-12,0.9292014539862106,-0.27778572036696014,0.4,0.0,0.003952687502360552
2025-02-13,0.9261311107077947,-0.28017211973120404,0.4,0.0,-0.003304281612177107
2025-02-14,0.9201104665458223,-0.2848516164837246,0.4,0.0,-0.006500855108272585
2025-02-15,0.9229682980327006,-0.28263039018263114,0.4,0.0,0.003105965632155261
2025-02-16,0.9227058444445754,-0.28283438010136386,0.4,0.0,-0.0002843581829227171
2025-02-17,0.9184235156034304,-0.28616278539592255,0.4,0.0,-0.004641055290724783
2025-02-18,0.9238580972802307,-0.2819388009477928,0.4,0.0,0.005917293693452619
2025-02-19,0.9221476245213762,-0.2832682520007035,0.4,0.0,-0.0018514453289835142
2025-02-20,0.9210312494221671,-0.28413594547515597,0.4,0.0,-0.0012106251423563696
2025-02-21,0.9200919813315147,-0.28486598396633855,0.4,0.0,-0.0010198004587130827
2025-02-22,0.9164499244536841,-0.28769674308011417,0.4,0.0,-0.00395836172005648
2025-02-23,0.9159115905212314,-0.28811515875473503,0.4,0.0,-0.0005874122721699626
2025-02-24,0.9241274498759408,-0.28172944883147455,0.4,0.0,0.008970144542045144
2025-02-25,0.94184085566339,-0.2679618481182494,0.4,0.0,0.01916770872873652
2025-02-26,0.9402423658559237,-0.26920426133214137,0.4,0.0,-0.0016971973533039808
2025-02-27,0.9481693290329808,-0.2630430936154571,0.4,0.0,0.008430765794991357
2025-02-28,0.9559906326526986,-0.25696404893114944,0.4,0.0,0.008248846888656569
2025-03-01,0.960121497245782,-0.2537533679926329,0.4,0.0,0.004321030407611781
2025-03-02,0.9550259107417687,-0.25771387119731093,0.4,0.0,-0.005307230927159345
2025-03-03,0.9494040050834623,-0.26208345168791447,0.4,0.0,-0.005886652492954725
2025-03-04,0.9673237306740753,-0.24815549058418773,0.4,0.0,0.01887471033897392
2025-03-05,0.9568573022887775,-0.25629043699886567,0.4,0.0,-0.010819985133627918
2025-03-06,0.9506079291322945,-0.26114771150377014,0.4,0.0,-0.006531144342563411
2025-03-07,0.9543223768472973,-0.2582606872000339,0.4,0.0,0.003907444490175882
2025-03-08,0.9565080271924159,-0.2565619082293834,0.4,0.0,0.0022902641687372327
2025-03-09,0.9640075995121251,-0.25073292658369284,0.4,0.0,0.007840574366863917
2025-03-10,0.9710677718419378,-0.2452454650096858,0.4,0.0,0.007323772482066726
2025-03-11,0.9802792158555903,-0.23808594500015423,0.4,0.0,0.009485892005432373
2025-03-12,0.9845683245875128,-0.23475227009058064,0.4,0.0,0.004375394951303679
2025-03-13,0.9836984520917909,-0.23542837141949624,0.4,0.0,-0.0008835064809618043
2025-03-14,0.9787719121884241,-0.23925748452745554,0.4,0.0,-0.005008181005966228
2025-03-15,0.9771782455748423,-0.2404961489530928,0.4,0.0,-0.001628230840847955
2025-03-16,0.9814373098263446,-0.23718582587179127,0.4,0.0,0.004358533635791417
2025-03-17,0.9788351695324429,-0.23920831827083155,0.4,0.0,-0.0026513566051041826
2025-03-18,0.9827210987321291,-0.23618801137654422,0.4,0.0,0.003969952572854485
2025-03-19,0.9659188551522592,-0.2492474186678233,0.4,0.0,-0.01709767257622441
2025-03-20,0.9731642963856363,-0.24361595834397343,0.4,0.0,0.00750108686120865
2025-03-21,0.9752719840074002,-0.24197777526654318,0.4,0.0,0.002165808619976506
2025-03-22,0.9716656752985267,-0.24478074940647832,0.4,0.0,-0.0036977466470992093
2025-03-23,0.969599119316265,-0.2463869632513317,0.4,0.0,-0.0021268179321352054
2025-03-24,0.9617295221824437,-0.2525035436770542,0.4,0.0,-0.0081163410496643
2025-03-25,0.9637234585416828,-0.2509537728441048,0.4,0.0,0.002073281846145747
2025-03-26,0.9688594867885207,-0.24696183662343674,0.4,0.0,0.005329358958023667
2025-03-27,0.9694588506614448,-0.24649598592349975,0.4,0.0,0.000618628274892119
2025-03-28,0.9827037129349603,-0.23620152434612063,0.4,0.0,0.01366211909301418
2025-03-29,0.9860098967204315,-0.23363181986415382,0.4,0.0,0.0033643749809366685
2025-03-30,0.98877538465169,-0.2314823668413033,0.4,0.0,0.002804726342467756
2025-03-31,0.9855163871682193,-0.23401539615346534,0.4,0.0,-0.003295993745451087
2025-04-01,0.9773981380036423,-0.24032523934960348,0.4,0.0,-0.00823755877657828
2025-04-02,0.9790419869474513,-0.23904757111556718,0.4,0.0,0.0016818621602538997
2025-04-03,0.9914013076532953,-0.22944138952595317,0.4,0.0,0.012623892407697568
2025-04-04,0.9897651311780037,-0.23071309439617904,0.4,0.0,-0.0016503674774913657
2025-04-05,0.9911336863784341,-0.22964939598721001,0.4,0.0,0.0013827070254555096
2025-04-06,0.9935706838446315,-0.22775525950909015,0.4,0.0,0.002458797939860924
2025-04-07,1.016854428023132,-0.2096581585447117,0.4,0.0,0.023434411418420398
2025-04-08,1.0198489670969346,-0.20733067738253574,0.4,0.0,0.00294490439464945
2025-04-09,1.025483124267974,-0.20295157450321333,0.4,0.0,0.005524501522105929
2025-04-10,1.0234323081265981,-0.20454555468463653,0.4,0.0,-0.0019998536229871577
2025-04-11,1.0138752401218902,-0.21197370813275473,0.4,0.0,-0.00933825122464782
2025-04-12,1.0023984955272602,-0.2208939146115385,0.4,0.0,-0.011319681298511242
2025-04-13,1.010834351027124,-0.21433721447209486,0.4,0.0,0.008415670551690457
2025-04-14,1.0053091060710395,-0.21863166621733932,0.4,0.0,-0.005466024131912772
2025-04-15,1.005997873658264,-0.2180963272069364,0.4,0.0,0.0006851301585444336
2025-04-16,1.0096509969716057,-0.21525696679608308,0.4,0.0,0.0036313429769541106
2025-04-17,1.0104527376028969,-0.21463382040517243,0.4,0.0,0.000794076996599058
2025-04-18,1.0103906546117996,-0.21468207390553062,0.4,0.0,-6.144076688041622e-05
2025-04-19,1.0072810117860567,-0.21709901852359548,0.4,0.0,-0.0030776638833217573
2025-04-20,1.0114870392615112,-0.2138299178455123,0.4,0.0,0.004175624702787317
2025-04-21,1.0051010299224232,-0.21879339171307222,0.4,0.0,-0.006313486076644725
2025-04-22,0.9952799497378989,-0.22642674648265038,0.4,0.0,-0.009771236813157613
2025-04-23,1.0002597297995797,-0.22255625289425884,0.4,0.00015,0.00500339634390512
2025-04-24,0.9985833637184235,-0.22385919480907146,0.1,0.0,-0.001675930791988689
2025-04-25,1.0009682506530544,-0.22200556081817335,0.1,0.0,0.0023882702449116167
2025-04-26,1.0006668121246183,-0.22223985146498004,0.1,0.0,-0.000301146942707442
2025-04-27,1.0003404808658674,-0.2224934897841513,0.1,0.0,-0.00032611380211566843
2025-04-28,0.9986559236007584,-0.2238027982301316,0.1,0.0,-0.0016839839008134794
2025-04-29,1.0015944004451216,-0.2215188909802387,0.1,0.0,0.0029424316973649667
2025-04-30,0.9988150966030979,-0.22367908230746647,0.1,0.0,-0.0027748795728016473
2025-05-01,1.0037548821779019,-0.21983967410901384,0.1,0.0,0.004945645687176814
2025-05-02,1.0031277374517855,-0.22032711725135368,0.1,0.0,-0.0006247986806903194
2025-05-03,1.0027836074915848,-0.2205945894665987,0.1,0.0,-0.0003430569680740181
2025-05-04,1.0025997591469322,-0.2207374840985704,0.1,0.0,-0.0001833380036082577
2025-05-05,1.00100514948642,-0.22197688149977135,0.1,0.0,-0.0015904748090842524
2025-05-06,0.9992929739556116,-0.2233076560183469,0.1,0.0,-0.0017104562665697376
2025-05-07,1.0019709649212494,-0.22122620930104486,0.1,0.0,0.0026798857146366206
2025-05-08,1.0142665630195198,-0.21166955559037226,0.1,0.0,0.012271411576521674
2025-05-09,1.0262791074713393,-0.20233290302637452,0.1,0.0,0.011843577309752717
2025-05-10,1.0320941144047848,-0.19781323613876567,0.1,0.0,0.005666106706368579
2025-05-11,1.0334589400388012,-0.1967524365049863,0.1,0.0,0.0013223848629428936
2025-05-12,1.034637299324625,-0.1958365663251569,0.1,0.0,0.0011402090979755197
2025-05-13,1.0379328063453284,-0.19327516027184877,0.1,0.0,0.0031851809545770937
2025-05-14,1.0393167743629304,-0.19219948237597417,0.1,0.0,0.0013333888370572478
2025-05-15,1.0380625581414415,-0.1931743117426532,0.1,0.0,-0.0012067699207987115
2025-05-16,1.039405135499725,-0.19213080440040287,0.1,0.0,0.0012933491799169694
2025-05-17,1.0345392223594294,-0.19591279584940424,0.1,0.0,-0.004681440349009192
2025-05-18,1.0388815555708983,-0.19253775264559303,0.1,0.0,0.004197359672425183
2025-05-19,1.0344399573182665,-0.19598994879604315,0.1,0.0,-0.004275365395423059
2025-05-20,1.035183575581862,-0.19541197754313488,0.1,0.0,0.0007188607307173633
2025-05-21,1.0387272317949507,-0.19265769954644874,0.1,0.0,0.003423215260249135
2025-05-22,1.042762611878582,-0.18952123316701863,0.1,0.0,0.0038849275922607784
2025-05-23,1.03901901616442,-0.19243091251625155,0.1,0.0,-0.003590074741374849
2025-05-24,1.038550583061712,-0.1927949983389513,0.1,0.0,-0.0004508417030096856
2025-05-25,1.036782342447144,-0.19416934898830696,0.1,0.0,-0.001702604228827287
2025-05-26,1.039043297069191,-0.19241204038031934,0.1,0.0,0.0021807418292865144
2025-05-27,1.0431734799796437,-0.18920188927408832,0.1,0.0,0.003974986338011188
2025-05-28,1.04160395275759,-0.19042179155381156,0.1,0.0,-0.0015045697117288537
2025-05-29,1.0423172734225012,-0.18986736886328937,0.1,0.0,0.0006848290686931602
2025-05-30,1.04057426501249,-0.19122210798668426,0.1,0.0,-0.0016722436195308887
2025-05-31,1.038139771141603,-0.19311429856569284,0.1,0.0,-0.0023395676337025773
2025-06-01,1.037616420978936,-0.19352106822700244,0.1,0.0,-0.0005041230258339136
2025-06-02,1.038513524943522,-0.19282380146018885,0.1,0.0,0.0008645815028052173
2025-06-03,1.0417533971204336,-0.190305637137142,0.1,0.0,0.00311972073458211
2025-06-04,1.0435318902948796,-0.18892331776893123,0.1,0.0,0.0017072113029477087
2025-06-05,1.0404538307619042,-0.19131571452933105,0.1,0.0,-0.0029496554552909116
2025-06-06,1.0373013306369496,-0.1937659696349595,0.1,0.0,-0.0030299279331286177
2025-06-07,1.0377259500785188,-0.19343593762436007,0.1,0.0,0.0004093501367721242
2025-06-08,1.037539131464823,-0.19358114087380984,0.1,0.0,-0.00018002692684249144
2025-06-09,1.0383665583512798,-0.19293803004979238,0.1,0.0,0.0007974898115810092
2025-06-10,1.0462916913836886,-0.1867782847981646,0.1,0.0,0.007632307655395687
2025-06-11,1.0513139726435647,-0.18287475749883064,0.1,0.0,0.004800077551259996
2025-06-12,1.0459295270484648,-0.18705977408485308,0.1,0.0,-0.005121634197972402
2025-06-13,1.0393666449958927,-0.1921607208317414,0.1,0.0,-0.006274688573992049
2025-06-14,1.0381016456989083,-0.19314393125622864,0.1,0.0,-0.0012170866778050682
2025-06-15,1.039036949385194,-0.19241697406612612,0.1,0.0,0.0009009750539947792
2025-06-16,1.0427223200055196,-0.18955254969795388,0.1,0.0,0.0035469100713934054
2025-06-17,1.0373801479890523,-0.1937047094884894,0.1,0.0,-0.005123293051248812
2025-06-18,1.037855089653147,-0.19333556493933868,0.1,0.0,0.00045782798621085696
2025-06-19,1.037248996294419,-0.1938066460774347,0.1,0.0,-0.0005839864975081266
2025-06-20,1.0373179465997895,-0.19375305501285978,0.1,0.0,6.647420785155234e-05
2025-06-21,1.0343890840572447,-0.19602948962478783,0.1,0.0,-0.0028234954886745545
2025-06-22,1.0235646262524178,-0.20444271149652993,0.1,0.0,-0.010464590135048635
2025-06-23,1.0168451908280494,-0.20966533807953036,0.4,0.00015,-0.0065647397848924705
2025-06-24,1.0002319588098814,-0.22257783767034112,0.4,0.0,-0.01633801503711385
2025-06-25,1.0027997137962381,-0.22058207097218296,0.4,0.0,0.0025671595110923207
2025-06-26,1.000385755048621,-0.2224583007934936,0.4,0.0,-0.0024072192227505562
2025-06-27,0.9998744418203819,-0.22285571484532862,0.4,0.0,-0.0005111160626409816
2025-06-28,1.0000220420162618,-0.22274099379244627,0.4,0.0,0.0001476187306213017
2025-06-29,0.999938892788892,-0.22280562085376787,0.4,0.0,-8.314739462955689e-05
2025-06-30,0.9967626308768824,-0.22527434461530205,0.4,0.0,-0.0031764560163772826
2025-07-01,1.0008546536472502,-0.22209385316787145,0.4,0.0,0.004105313184510795
2025-07-02,0.9946707342234182,-0.22690025429093508,0.4,0.0,-0.006178638827618488
2025-07-03,0.9889198728299132,-0.23137006457885712,0.4,0.0,-0.005781673468048143
2025-07-04,0.9856556366547314,-0.2339071656215832,0.4,0.00015,-0.0033008095649296187
2025-07-05,0.9859461032542804,-0.23368140281734862,0.1,0.0,0.00029469379441326993
2025-07-06,0.9879302454572031,-0.23213924441281109,0.1,0.0,0.0020124246106041355
2025-07-07,0.9870007526534256,-0.23286168514170202,0.1,0.0,-0.0009408486156317064
2025-07-08,0.9882381185437652,-0.2318999525579868,0.1,0.0,0.0012536625600518825
2025-07-09,0.9917407002488773,-0.2291775993888634,0.1,0.0,0.003544268976672038
2025-07-10,0.9959441522066941,-0.22591050051093609,0.1,0.0,0.0042384586583592565
2025-07-11,1.0024406558793073,-0.2208611458204952,0.1,0.0,0.006522959804738937
2025-07-12,1.0012563133843693,-0.2217816664009905,0.1,0.0,-0.0011814589601825132
2025-07-13,1.0038387552445154,-0.21977448444952186,0.1,0.0,0.0025792015746883834
2025-07-14,1.0046275455035525,-0.21916140363021386,0.1,0.0,0.0007857738654903912
2025-07-15,1.0055616241841339,-0.21843539856584093,0.1,0.0,0.0009297760993747239
2025-07-16,1.012191968387896,-0.21328201741012198,0.1,0.0,0.006593672674352735
2025-07-17,1.0176563711309718,-0.20903485478054873,0.1,0.0,0.005398583385102684
2025-07-18,1.030396957077372,-0.19913233788078633,0.30000000000000004,0.0001,0.012519536365932504
2025-07-19,1.0294296607173834,-0.19988416111655938,0.30000000000000004,0.0,-0.0009387608856370466
2025-07-20,1.0493288834149523,-0.18441765197139015,0.30000000000000004,0.0,0.0193303374255811
2025-07-21,1.0516992023741913,-0.18257534082098947,0.30000000000000004,0.0,0.0022588904172029522
2025-07-22,1.0441655659308677,-0.18843079852996214,0.30000000000000004,0.0,-0.007163299569226345
2025-07-23,1.0380078201859217,-0.19321685637379282,0.30000000000000004,0.0,-0.005897288654079902
2025-07-24,1.045356665636183,-0.18750502596260865,0.30000000000000004,0.0,0.007079759234327465
2025-07-25,1.0373127546983858,-0.1937570903760376,0.30000000000000004,0.0,-0.007694896107929616
2025-07-26,1.0460270100078846,-0.18698400624676814,0.30000000000000004,0.0,0.00840079838026253
2025-07-27,1.0530750506551116,-0.18150597392447154,0.30000000000000004,0.0,0.006737914585180471
2025-07-28,1.052207411820368,-0.18218033915854204,0.30000000000000004,0.0,-0.000823909781360932
2025-07-29,1.0485031468545984,-0.1850594490031795,0.30000000000000004,0.0,-0.003520470321874969
2025-07-30,1.0515780899965632,-0.18266947443236958,0.30000000000000004,0.0,0.0029326980574042594
2025-07-31,1.0508516865306887,-0.18323406562363265,0.30000000000000004,0.0,-0.0006907746298474571
2025-08-01,1.036508589300922,-0.19438212139675282,0.30000000000000004,0.0,-0.013649021468595812
2025-08-02,1.0230349465714512,-0.20485440072450567,0.30000000000000004,0.0,-0.012999065196902526
2025-08-03,1.024633510721036,-0.20361192972880626,0.30000000000000004,0.0,0.0015625704233697135
2025-08-04,1.0396765242492365,-0.19191986970008768,0.30000000000000004,0.0,0.014681360087094975
2025-08-05,1.0331422739439813,-0.19699856265402904,0.30000000000000004,0.0,-0.0062848878019767795
2025-08-06,1.0412875492344575,-0.19066771362114388,0.30000000000000004,0.0,0.007883982192874228
2025-08-07,1.0558198447733664,-0.17937260499962504,0.30000000000000004,0.0,0.013956083071954284
2025-08-08,1.0656369295688066,-0.17174235561374696,0.30000000000000004,0.0,0.009298068078600119
2025-08-09,1.08599552480815,-0.15591880289323934,0.30000000000000004,0.0,0.019104626232862465
2025-08-10,1.0867854376264414,-0.1553048495738727,0.30000000000000004,0.0,0.0007273628668293952
2025-08-11,1.0954611145853685,-0.14856175015410633,0.30000000000000004,0.0,0.007982879286528188
2025-08-12,1.106221832587749,-0.14019806952588065,0.30000000000000004,0.0,0.009823003171092415
2025-08-13,1.1206491999863446,-0.1289845154487984,0.30000000000000004,0.0,0.013042020120719533
2025-08-14,1.1176795751324948,-0.1312926322359631,0.30000000000000004,0.0,-0.002649914758239391
2025-08-15,1.1038935969005952,-0.14200767179501228,0.30000000000000004,0.0,-0.012334463775330207
2025-08-16,1.1017003399986276,-0.14371236290016431,0.30000000000000004,0.0,-0.0019868372351544705
2025-08-17,1.1136599612654239,-0.13441684445168434,0.30000000000000004,0.0,0.010855602773815143
2025-08-18,1.0978371789251005,-0.14671497345340312,0.30000000000000004,0.0,-0.014207911652266203
2025-08-19,1.0862039030209478,-0.15575684262057587,0.30000000000000004,0.0,-0.010596540295290557
2025-08-20,1.0912721158920213,-0.15181761534966853,0.30000000000000004,0.0,0.00466598661354789
2025-08-21,1.0905593399929476,-0.1523716146253702,0.30000000000000004,0.0,-0.0006531605533609541
2025-08-22,1.1188108043514124,-0.13041339351766845,0.30000000000000004,0.0,0.025905481088859705
2025-08-23,1.128628019211346,-0.1227830430402197,0.30000000000000004,0.0,0.00877468721409791
2025-08-24,1.1320843203213282,-0.12009666108759565,0.30000000000000004,0.0,0.003062391727965741
2025-08-25,1.1189274742144315,-0.13032271281466934,0.30000000000000004,0.0,-0.011621789888551337
2025-08-26,1.1123239172787567,-0.13545527378393463,0.30000000000000004,0.0,-0.005901684504002747
2025-08-27,1.12259695271134,-0.12747064047028733,0.30000000000000004,0.0,0.009235650940335072
2025-08-28,1.111618310243542,-0.1360037011184545,0.30000000000000004,0.0,-0.009779683118936733
2025-08-29,1.0976434135177922,-0.14686557604174033,0.30000000000000004,0.0,-0.012571668347822085
2025-08-30,1.1023087175289528,-0.14323950640825533,0.30000000000000004,0.0,0.004250291081512536
2025-08-31,1.1104847124939845,-0.13688478075794286,0.30000000000000004,0.0,0.007417155316856272
2025-09-01,1.101352047560925,-0.14398307036722424,0.30000000000000004,0.0,-0.00822403481138756
2025-09-02,1.0964173140832758,-0.14781855186421555,0.30000000000000004,0.0,-0.0044806140675701656
2025-09-03,1.1104139798416335,-0.1369397571372254,0.30000000000000004,0.0,0.012765819709861237
2025-09-04,1.097323692394958,-0.14711407668648258,0.30000000000000004,0.0,-0.011788655118109781
2025-09-05,1.0957959027838289,-0.14830153874726504,0.30000000000000004,0.0,-0.0013922870905981322
2025-09-06,1.0948423918537507,-0.14904264736965744,0.30000000000000004,0.0,-0.0008701537646337298
2025-09-07,1.0971105975708728,-0.14727970290694326,0.30000000000000004,0.0,0.002071718937808109
2025-09-08,1.102701151878408,-0.14293448999897262,0.30000000000000004,0.0,0.005095707141932193
2025-09-09,1.0962438850648788,-0.14795334815952021,0.30000000000000004,0.0,-0.005855862943946022
2025-09-10,1.1053564927801962,-0.14087064785974845,0.30000000000000004,0.0,0.008312573360242048
2025-09-11,1.1060228182567629,-0.14035275179749496,0.30000000000000004,0.0,0.0006028150021475387
2025-09-12,1.115769775543655,-0.13277700844779572,0.30000000000000004,0.0,0.00881261862414151
2025-09-13,1.1241981819603137,-0.12622609804774387,0.30000000000000004,0.0,0.0075538938241588305
2025-09-14,1.1190546429436579,-0.13022387195322216,0.30000000000000004,0.0,-0.0045752956188647165
2025-09-15,1.1128499921116366,-0.13504638639484212,0.30000000000000004,0.0,-0.005544546793262328
2025-09-16,1.110378597161142,-0.13696725803812593,0.30000000000000004,0.0,-0.002220779950590668
2025-09-17,1.112104454984979,-0.13562584906847308,0.30000000000000004,0.0,0.0015542967310870903
2025-09-18,1.1203533671796364,-0.12921444909394286,0.30000000000000004,0.0,0.007417389758380688
2025-09-19,1.1112206553486823,-0.1363127751542318,0.30000000000000004,0.0,-0.008151635098794019
2025-09-20,1.1129524365004626,-0.13496676232606664,0.30000000000000004,0.0,0.001558449389365224
2025-09-21,1.111818458437308,-0.13584813756120806,0.30000000000000004,0.0,-0.0010188917567032219
2025-09-22,1.0880172114271496,-0.1543474633963835,0.30000000000000004,0.0,-0.021407494028843677
2025-09-23,1.0879488360904195,-0.15440060757125462,0.6000000000000001,0.00015,-6.28439844628792e-05
2025-09-24,1.0879488360904195,-0.15440060757125462,0.6000000000000001,0.0,0.0
2025-09-25,1.0879488360904195,-0.15440060757125462,0.6000000000000001,0.0,0.0
2025-09-26,1.0879488360904195,-0.15440060757125462,0.6000000000000001,0.0,0.0
2025-09-27,1.0879488360904195,-0.15440060757125462,0.6000000000000001,0.0,0.0
2025-09-28,1.0879488360904195,-0.15440060757125462,0.6000000000000001,0.0,0.0
2025-09-29,1.0879488360904195,-0.15440060757125462,0.6000000000000001,0.0,0.0
2025-09-30,1.0879488360904195,-0.15440060757125462,0.6000000000000001,0.0,0.0
2025-10-01,1.0879488360904195,-0.15440060757125462,0.6000000000000001,0.0,0.0
2025-10-02,1.0879488360904195,-0.15440060757125462,0.6000000000000001,0.0,0.0
2025-10-03,1.0947532356198417,-0.14911194332800004,0.6000000000000001,0.00015,0.006254337799447729
2025-10-04,1.0890307885720276,-0.1535596687966222,0.30000000000000004,0.0,-0.0052271570081946495
2025-10-05,1.0947257643875292,-0.14913329512009,0.30000000000000004,0.0,0.005229398356098924
2025-10-06,1.1048436418800869,-0.14126925705454974,0.30000000000000004,0.0,0.009242385464653946
2025-10-07,1.0933941182828135,-0.15016830623432964,0.30000000000000004,0.0,-0.0103630261905574
2025-10-08,1.0887050028170375,-0.15381288312742802,0.30000000000000004,0.0,-0.004288586692913321
2025-10-09,1.078946023362713,-0.16139797060907457,0.30000000000000004,0.0,-0.008963841838761533
2025-10-10,1.0629250540891229,-0.17385013879425337,0.30000000000000004,0.0,-0.014848721740183701
2025-10-11,1.042312899822312,-0.18987076820849758,0.30000000000000004,0.0,-0.019391916850123092
2025-10-12,1.0479075178112491,-0.18552239683717786,0.30000000000000004,0.0001,0.005367503357093684
2025-10-13,1.0554817452975136,-0.17963539006991291,0.30000000000000004,0.0001,0.007227954144354731
2025-10-14,1.0518687805423168,-0.1824435375677672,0.30000000000000004,0.0,-0.0034230480738194347
2025-10-15,1.0440109810680103,-0.18855094835849706,0.30000000000000004,0.0,-0.007470322933486817
2025-10-16,1.0419291861362943,-0.19016900655298552,0.30000000000000004,0.0001,-0.0019940354742128408
2025-10-17,1.039086119303209,-0.19237875714689245,0.1,0.0,-0.002728656487326009
2025-10-18,1.0413085477823993,-0.19065139267038556,0.1,0.0,0.0021388299178499715
2025-10-19,1.0440424099281733,-0.188526520532319,0.1,0.0,0.0026254102605753893
2025-10-20,1.0447278211543913,-0.1879937902262353,0.1,0.0,0.0006564974944403001
2025-10-21,1.0467949318812557,-0.18638714521064736,0.1,0.0,0.001978611735044211
2025-10-22,1.0405394418862888,-0.19124917397855945,0.1,0.0,-0.005975850478876277
2025-10-23,1.041563509861819,-0.19045322546591992,0.1,0.0,0.0009841702623794024
2025-10-24,1.0419485769952945,-0.19015393516539325,0.1,0.0,0.0003697010598266992
2025-10-25,1.0431449391236125,-0.18922407242252215,0.1,0.0,0.0011481969021567284
2025-10-26,1.0468568896689037,-0.18633898902365276,0.1,0.0,0.003558422618059387
2025-10-27,1.0493910734325103,-0.1843693152855851,0.1,0.0,0.002420754726472296
2025-10-28,1.0435165669718334,-0.18893522769725501,0.30000000000000004,0.0001,-0.005598014514707761
2025-10-29,1.0398030010075796,-0.1918215666673866,0.30000000000000004,0.0001,-0.003558703409024644
2025-10-30,1.0351059658734967,-0.1954722990583232,0.1,0.0,-0.004517235600905334
2025-10-31,1.0374994238881796,-0.1936120032651013,0.1,0.0,0.0023122830836557196
2025-11-01,1.0384630190855269,-0.1928630567279166,0.1,0.0,0.000928766971007855
2025-11-02,1.0373798038799558,-0.19370497694448852,0.1,0.0,-0.0010430946366564164
2025-11-03,1.0300944564881223,-0.19936745400573042,0.1,0.0,-0.007022835189761767
2025-11-04,1.0278595001114892,-0.20110455568872587,0.1,0.0,-0.0021696615903072924
2025-11-05,1.0248301126430135,-0.20345912248249143,0.1,0.0,-0.002947277782758273
2025-11-06,1.0219276888226734,-0.2057150078124209,0.1,0.0,-0.002832102398766634
2025-11-07,1.0219293004455796,-0.20571375519161272,0.1,0.0,1.577042023193087e-06
2025-11-08,1.0244557565959762,-0.20375008767811975,0.1,0.0,0.0024722416211109266
2025-11-09,1.0285778301021646,-0.20054623954045803,0.1,0.0,0.004023671573562426
2025-11-10,1.028782128542994,-0.20038745023740578,0.1,0.0,0.00019862224797306816
2025-11-11,1.0277020144454485,-0.2012269601429637,0.1,0.0,-0.0010498958599510777
2025-11-12,1.0261926864838251,-0.20240007303668284,0.1,0.0,-0.0014686435760689065
2025-11-13,1.0250415862758677,-0.2032947563197416,0.1,0.0,-0.0011217193643235923
2025-11-14,1.0193674229736376,-0.2077049536394514,0.1,0.0,-0.005535544487364263
2025-11-15,1.0190834973560983,-0.20792563251856944,0.1,0.0,-0.000278531186244102
2025-11-16,1.0165235235780408,-0.2099153513358053,0.1,0.0,-0.002512035357938869
2025-11-17,1.0171671270030898,-0.20941511580345962,0.1,0.0,0.0006331416933549328
2025-11-18,1.01684360775176,-0.20966656851271248,0.1,0.0,-0.0003180590905257352
2025-11-19,1.0124616823894366,-0.21307238439405862,0.1,0.0,-0.004309340520912697
2025-11-20,1.0119627284617696,-0.21346019227995272,0.1,0.0,-0.0004928126529094579
2025-11-21,1.0032433578852025,-0.2202372522089855,0.1,0.0,-0.008616296165195658
2025-11-22,1.0004345286809095,-0.22242039188412077,0.4,0.00015,-0.0027997486175346253
2025-11-23,0.9933766908942434,-0.22790603895343708,0.4,0.0,-0.007054772285770006
2025-11-24,0.9924612096521802,-0.22861758930984022,0.4,0.0,-0.0009215851856159141
2025-11-25,0.9888964316665323,-0.23138828403261735,0.4,0.0,-0.0035918562367764917
2025-11-26,0.9865702690560992,-0.23319627501971296,0.4,0.0,-0.002352281326881145
2025-11-27,0.9809761533433369,-0.2375442560009573,0.4,0.0,-0.00567026585760988
2025-11-28,0.9768610569715984,-0.24074268121756237,0.4,0.0,-0.004194899496499982
2025-11-29,0.981042474170602,-0.23749270867687322,0.4,0.0,0.004280462578750033
2025-11-30,0.9795999028222987,-0.23861393553533827,0.4,0.0,-0.0014704473927297235
2025-12-01,0.9988351011462983,-0.22366353393881633,0.4,0.0,0.019635769938911363
2025-12-02,0.9807171179079758,-0.2377455891882292,0.4,0.0,-0.018139113470810986
2025-12-03,0.9754478669772698,-0.24184107165739677,0.4,0.0,-0.005372855061351323
2025-12-04,0.9677693737433126,-0.24780911812981632,0.4,0.0,-0.007871761776210628
2025-12-05,0.9648744899470677,-0.2500591430372864,0.4,0.00015,-0.002991295110992276
2025-12-06,0.9628773644673059,-0.25161139258824805,0.1,0.0,-0.002069829289270242
2025-12-07,0.962440848989629,-0.25195067069624777,0.1,0.0,-0.0004533448326701217
2025-12-08,0.9648667530505936,-0.25006515647720273,0.1,0.0,0.002520574707014056
2025-12-09,0.9693525707773979,-0.24657859109976932,0.1,0.0,0.004649157733566334
2025-12-10,0.9718276010309121,-0.2446548939467531,0.1,0.0,0.0025532817760283155
2025-12-11,0.9674827012474105,-0.24803193199782136,0.1,0.0,-0.0044708544796354666
2025-12-12,0.964195549452787,-0.25058684401955145,0.1,0.0,-0.003397633663513644
2025-12-13,0.9654233698338858,-0.24963253060532908,0.1,0.0,0.0012734142797021786
2025-12-14,0.9646708403479562,-0.25021742803338587,0.1,0.0,-0.0007794813233721332
2025-12-15,0.9624009370564601,-0.25198169192198805,0.1,0.0,-0.002353034005545651
2025-12-16,0.9609340258739907,-0.25312183671877886,0.1,0.0,-0.0015242204428430606
2025-12-17,0.9590800455683796,-0.2545628278462967,0.1,0.0,-0.0019293523339685148
2025-12-18,0.961145830960182,-0.2529572129366162,0.1,0.0,0.002153923857919793
2025-12-19,0.9612300036219816,-0.2528917904192002,0.1,0.0,8.757532841574545e-05
2025-12-20,0.9616610313029126,-0.25255677765662854,0.1,0.0,0.0004484126372483743
2025-12-21,0.9615889466391695,-0.2526128048757794,0.1,0.0,-7.495849514016495e-05
2025-12-22,0.9641221494134868,-0.2506438936036657,0.1,0.0,0.002634392567814503
2025-12-23,0.9601526040761528,-0.2537291904614942,0.1,0.0,-0.00411726391697409
2025-12-24,0.9600845308031155,-0.2537820998598146,0.1,0.0,-7.089838922769154e-05
2025-12-25,0.9612634398209164,-0.252865802405273,0.1,0.0,0.001227922104750201
2025-12-26,0.9600558478565274,-0.25380439344697914,0.1,0.0,-0.001256254960258829
2025-12-27,0.96019741114866,-0.25369436452847993,0.1,0.0,0.00014745318457465295
2025-12-28,0.9609258820189978,-0.253128166463897,0.1,0.0,0.0007586678133921776
2025-12-29,0.9605063675711302,-0.253454230659624,0.1,0.0,-0.00043657315898770754
2025-12-30,0.9622889721496786,-0.2520687157359829,0.1,0.0,0.001855900844316638
2025-12-31,0.9621897136757213,-0.2521458635783147,0.1,0.0,-0.00010314830246704876
2026-01-01,0.9623287236112366,-0.2520378192354982,0.1,0.0,0.00014447248140547764
2026-01-02,0.9654213687369867,-0.2496340859416334,0.1,0.0,0.0032137096709974333
2026-01-03,0.9658889084578749,-0.24927069449269346,0.1,0.0,0.00048428565601321694
2026-01-04,0.9669808749300577,-0.24842197242525832,0.1,0.0,0.0011305300874846491
2026-01-05,0.9688405941195044,-0.24697652079691212,0.1,0.0,0.0019232223073482047
2026-01-06,0.97118091805813,-0.24515752303255056,0.1,0.0,0.002415592361456831
2026-01-07,0.967972498208241,-0.2476512412899935,0.1,0.0,-0.0033036273574067465
2026-01-08,0.9661376509230833,-0.24907736143283443,0.1,0.0,-0.0018955572483244643
2026-01-09,0.9664426609319728,-0.24884029488186632,0.1,0.0,0.0003157003648424084
2026-01-10,0.9659188214898754,-0.24924744483163752,0.1,0.0,-0.0005420284754314997
2026-01-11,0.9666391149913885,-0.24868760256052613,0.1,0.0,0.0007457081128197096
2026-01-12,0.9670202438033665,-0.24839137328838146,0.1,0.0,0.00039428242253514156
2026-01-13,0.9687085523438962,-0.2470791491940625,0.1,0.0,0.0017458874841027594
2026-01-14,0.9735760174690226,-0.2432959514774624,0.1,0.0,0.005024695109121291
2026-01-15,0.9732074481440652,-0.2435824189903758,0.1,0.0,-0.00037857272400254605
2026-01-16,0.971278646451266,-0.24508156443310414,0.1,0.0,-0.0019819019022921935
2026-01-17,0.973185917313893,-0.24359915365317253,0.1,0.0,0.0019636701265901557
2026-01-18,0.9733185601177635,-0.24349605811168917,0.1,0.0,0.0001362974962042518
2026-01-19,0.9698491343604123,-0.24619264108983296,0.1,0.0,-0.0035645326201628746
2026-01-20,0.9641998412556287,-0.2505835082506669,0.1,0.0,-0.0058249194690596084
2026-01-21,0.9633134252856296,-0.25127246786053603,0.1,0.0,-0.0009193280605044318
2026-01-22,0.9614206746615054,-0.25274359290307946,0.1,0.0,-0.001964833640269892
2026-01-23,0.9618086904552146,-0.2524420107803462,0.1,0.0,0.00040358586405964125
2026-01-24,0.9619620852855311,-0.25232278589493395,0.1,0.0,0.00015948580194513617
2026-01-25,0.9610095774974734,-0.2530631148333421,0.1,0.0,-0.000990171860854483
2026-01-26,0.9601542517730862,-0.25372790980244153,0.1,0.0,-0.0008900283040007562
2026-01-27,0.9614275865714547,-0.25273822067723595,0.1,0.0,0.0013261773262149834
2026-01-28,0.9637560966704762,-0.25092840512371006,0.1,0.0,0.0024219297756198355
2026-01-29,0.9577426862802579,-0.25560227948591463,0.1,0.0,-0.0062395562642812985
2026-01-30,0.9545741782405633,-0.25806497661319816,0.1,0.0,-0.0033083082597072933
2026-01-31,0.9683161720674502,-0.24738412357553807,0.4,0.00015,0.014395941289986336
2026-02-01,0.9848557966772852,-0.23452883474473718,0.4,0.0,0.01708081005661599
2026-02-02,0.9792734911206367,-0.2388676363781086,0.4,0.0,-0.005668145098480681
2026-02-03,0.9847753151949902,-0.23459138832287696,0.4,0.0,0.005618271222735505
2026-02-04,0.9977038082126427,-0.22454282217887334,0.4,0.0,0.013128368286822178
2026-02-05,1.0156166341193156,-0.21062022379842382,0.4,0.0,0.017954051853089847
2026-02-06,1.012354946399683,-0.21315534407478243,0.4,0.0,-0.0032115343625299664
2026-02-07,1.0047461651949898,-0.21906920743892055,0.4,0.0,-0.007515922386465923
2026-02-08,0.9990879965047507,-0.22346697307642882,0.4,0.0,-0.005631440941247012
2026-02-09,1.0033687082795053,-0.22013982463358217,0.4,0.0,0.004284619362591169
2026-02-10,1.0069001916487865,-0.21739500788083166,0.4,0.0,0.0035196267734287634
2026-02-11,1.016249627921673,-0.21012823450910378,0.4,0.0,0.009285365471601637
2026-02-12,1.0140008918456023,-0.21187604635151658,0.4,0.0,-0.0022127792367999666
2026-02-13,1.0050326799630682,-0.21884651616358486,0.4,0.0,-0.008844382637781867
2026-02-14,0.9998181057094466,-0.22289950162977867,0.4,0.0,-0.00518846238295001
2026-02-15,1.0071442838186073,-0.21720528922527538,0.4,0.0,0.007327510941566695
2026-02-16,1.0125262648487376,-0.21302218820234908,0.4,0.0,0.005343803382093393
2026-02-17,1.0111673348890466,-0.21407840547116597,0.4,0.0,-0.0013421182312680635
2026-02-18,1.0092803132862085,-0.21554507767846753,0.4,0.0,-0.0018661813309471809
2026-02-19,1.0152478688493871,-0.21090684360797374,0.4,0.0,0.005912684003267277
2026-02-20,1.0111571878283452,-0.21408629219164355,0.4,0.0,-0.004029243642417191
2026-02-21,1.0086286051705444,-0.2160516125157369,0.4,0.0,-0.0025006820781564576
2026-02-22,1.0120988683449916,-0.21335437866195983,0.4,0.0,0.0034405758042745926
2026-02-23,1.0180621401964347,-0.20871947407160407,0.4,0.0,0.00589198549465153
2026-02-24,1.0231389325071951,-0.2047735785009146,0.4,0.0,0.0049867214488326095
2026-02-25,1.0054064677204488,-0.2185559926664743,0.4,0.0,-0.01733143390731351
2026-02-26,1.0031818684965335,-0.22028504433667984,0.4,0.0,-0.0022126366751510362
2026-02-27,1.0116307747185973,-0.21371820062945346,0.4,0.0,0.008422108181362242
2026-02-28,1.0166407080650115,-0.20982427064552145,0.4,0.0,0.004952333866878655
2026-03-01,1.0065194510138957,-0.21769093544548945,0.4,0.0,-0.009955589000936738
2026-03-02,1.0008516059983157,-0.2220962219282414,0.4,0.0,-0.005631133119059828
2026-03-03,1.0084732843352215,-0.21617233437289007,0.4,0.0,0.007615193192707537
2026-03-04,0.9904950675164605,-0.23014575730840858,0.4,0.0,-0.017827162204510638
2026-03-05,0.9962379457583377,-0.22568215186022011,0.4,0.0,0.005797987723731746
2026-03-06,1.006891408931699,-0.21740183417632164,0.4,0.0,0.010693693428084128
2026-03-07,1.0064386494215807,-0.21775373782654117,0.4,0.0,-0.00044966071425434073
2026-03-08,1.0046959255732548,-0.21910825577667847,0.4,0.00015,-0.0017315748449511226
2026-03-09,1.008822059890115,-0.2159012514069193,0.1,0.0,0.004106848860274681
2026-03-10,1.011697383050546,-0.2136664298446903,0.1,0.0,0.0028501787131307577
2026-03-11,1.010300776126431,-0.21475193122795133,0.1,0.0,-0.0013804591644843711
2026-03-12,1.0114441088709978,-0.21386328514269637,0.1,0.0,0.001131675607481064
2026-03-13,1.0142048757629878,-0.21171750150925517,0.1,0.0,0.002729529855159285
2026-03-14,1.0116366212055652,-0.21371365649496488,0.1,0.0,-0.0025322837809187426
2026-03-15,1.0125971420546387,-0.21296709946999448,0.1,0.0,0.0009494722007323819
2026-03-16,1.0210413743088693,-0.20640388856628689,0.1,0.0,0.008339182389059063
2026-03-17,1.0230197956929945,-0.2048661766216736,0.1,0.0,0.001937650553551773
2026-03-18,1.0172276421651654,-0.20936808088546865,0.1,0.0,-0.005661819597448936
2026-03-19,1.0140641890239823,-0.2118268491339591,0.1,0.0,-0.003109877288087093
2026-03-20,1.0148353585858771,-0.21122746385832314,0.1,0.0,0.0007604741102549273
2026-03-21,1.0158562401498088,-0.21043399195820656,0.1,0.0,0.001005957818964287
2026-03-22,1.0124430110920049,-0.21308689650826873,0.1,0.0,-0.003359952838703384
2026-03-23,1.0148241655630572,-0.21123616354435804,0.1,0.0,0.0023518898791947684
2026-03-24,1.0151839629918076,-0.21095651391649317,0.1,0.0,0.0003545416447119365
2026-03-25,1.0165164332735501,-0.2099208622173564,0.1,0.0,0.0013125407121454824
2026-03-26,1.0121183980654898,-0.2133391993453967,0.1,0.0,-0.004326575610682171
2026-03-27,1.008231813108491,-0.2163600159217266,0.1,0.0,-0.0038400497060673278
2026-03-28,1.010065742924141,-0.21493460887460536,0.1,0.0,0.0018189565056461188
2026-03-29,1.008373606775973,-0.21624980794585913,0.1,0.0,-0.0016752732780229707
2026-03-30,1.0124671637217264,-0.2130681240730764,0.1,0.0,0.004059563755187234
2026-03-31,1.011570376119025,-0.21376514495018595,0.1,0.0,-0.000885744876311767
2026-04-01,1.0154893383351666,-0.21071916341227725,0.1,0.0,0.003874136993985644
2026-04-02,1.0118971463308621,-0.21351116545829518,0.1,0.0,-0.003537400018584491
2026-04-03,1.0115193179731434,-0.21380482947918555,0.1,0.0,-0.00037338612831328
2026-04-04,1.011763166028496,-0.21361530055961608,0.1,0.0,0.00024107108091864227
2026-04-05,1.0116655936290844,-0.2136911379142078,0.1,0.0,-9.643798340253085e-05
2026-04-06,1.0170192425278195,-0.20953005781018819,0.1,0.0,0.0052919155622617176
2026-04-07,1.0130301358801725,-0.21263055853750668,0.1,0.0,-0.0039223512012739326
2026-04-08,1.019495802697771,-0.20760517154205282,0.1,0.0,0.006382501949941499
2026-04-09,1.019642294184666,-0.20749131222422001,0.1,0.0,0.00014369013242720996
2026-04-10,1.0199697430695829,-0.20723680523919275,0.1,0.0,0.00032114094010227134
2026-04-11,1.021116141422671,-0.20634577643462482,0.1,0.0,0.0011239532945748199
2026-04-12,1.0182679487985244,-0.2085595110079833,0.1,0.0,-0.0027892935079628645
2026-04-13,1.0193683795663122,-0.20770421013556806,0.1,0.0,0.0010806888001224646
2026-04-14,1.026350211507024,-0.20227763799241372,0.1,0.0,0.006849174528722246
2026-04-15,1.0249580660150586,-0.2033596717637891,0.1,0.0,-0.0013564039607083522
2026-04-16,1.0252972419611686,-0.20309605001574094,0.1,0.0,0.0003309169002769785
2026-04-17,1.0297808789621623,-0.19961117958972374,0.1,0.0,0.004373011861820375
2026-04-18,1.0264514819922435,-0.2021989263306776,0.1,0.0,-0.0032331120512482103
2026-04-19,1.0250404098653498,-0.20329567067525744,0.1,0.0,-0.0013747090355935576
2026-04-20,1.0243419292074518,-0.2038385590909152,0.1,0.0,-0.0006814176799035954
2026-04-21,1.0242222977660644,-0.20393154165663585,0.1,0.0,-0.00011678858199259956
2026-04-22,1.0283411485212812,-0.2007301983759795,0.1,0.0,0.004021442185157209
2026-04-23,1.0253011799085616,-0.20309298927812858,0.1,0.0,-0.0029561868812606473
2026-04-24,1.024928588139631,-0.20338258320293467,0.1,0.0,-0.0003633973862779971
2026-04-25,1.0242248744949578,-0.2039295389150414,0.1,0.0,-0.0006865977325795081
2026-04-26,1.0260213490744243,-0.2025332436458911,0.1,0.0,0.0017539845244878283
2026-04-27,1.0227781393109399,-0.20505400208098135,0.1,0.0,-0.0031609573878750297
2026-04-28,1.0229977496613218,-0.20488331172065022,0.1,0.0,0.00021471944103934604
2026-04-29,1.0227169710617308,-0.2051015446056399,0.1,0.0,-0.000274466488012326
2026-04-30,1.0224317529337168,-0.20532322807802172,0.1,0.0,-0.00027888275650123084
2026-05-01,1.024346451927717,-0.20383504384333961,0.1,0.0,0.0018726912466344725
2026-05-02,1.0243885673273683,-0.20380230999118076,0.1,0.0,4.111440965526292e-05
2026-05-03,1.0252761610647787,-0.2031124349711615,0.1,0.0,0.0008664619712865917
2026-05-04,1.0262630688792265,-0.20234536889176835,0.1,0.0,0.0009625775492692057
2026-05-05,1.0276398615160063,-0.2012752680023322,0.1,0.0,0.0013415591757441891
2026-05-06,1.0266982023751827,-0.20200716491783122,0.1,0.0,-0.0009163318552370958
2026-05-07,1.0238943619045582,-0.20418642714026003,0.1,0.0,-0.002730929560543993
2026-05-08,1.023851543273447,-0.20421970757335683,0.1,0.0,-4.181938362202153e-05
2026-05-09,1.0249224711240414,-0.20338733760359629,0.1,0.0,0.0010459796223665219
2026-05-10,1.026263647700218,-0.202344919007856,0.1,0.0,0.0013085639294347917
2026-05-11,1.025660146406427,-0.2028139854845421,0.1,0.0,-0.0005880567777559742
2026-05-12,1.0225043689165285,-0.20526678789544217,0.1,0.0,-0.003076825692172269
2026-05-13,1.0213634659683655,-0.20615354544118636,0.1,0.0,-0.001115792736781973
2026-05-14,1.0241605086292849,-0.2039795667611134,0.1,0.0,0.002738537997601931
2026-05-15,1.0207620560675004,-0.20662098639971493,0.1,0.0,-0.003318281200214823
2026-05-16,1.0188102748107337,-0.2081379925218103,0.1,0.0,-0.0019120824928519076
2026-05-17,1.017920174719511,-0.20882981558496416,0.4,0.00015,-0.0008736661900953235
2026-05-18,1.0251820916323717,-0.2031855496731132,0.4,0.0,0.007134073076858094
2026-05-19,1.024846599385923,-0.20344630829553245,0.4,0.0,-0.00032725137240574576
2026-05-20,1.022230399893554,-0.2054797280923396,0.4,0.0,-0.0025527717942727124
2026-05-21,1.0226133676758635,-0.20518206949544793,0.4,0.0,0.0003746393986578944
2026-05-22,1.0237893405449368,-0.20426805413864635,0.4,0.0,0.0011499682150091228
2026-05-23,1.0295015912162067,-0.19982825372083968,0.4,0.0,0.005579517626381092
2026-05-24,1.0259075798914374,-0.2026216698189054,0.4,0.0,-0.003491020660318367
2026-05-25,1.022839838551613,-0.20500604684752188,0.4,0.0,-0.002990270663707939
2026-05-26,1.0266541825489413,-0.20204137897008245,0.4,0.0,0.0037291703486308503
2026-05-27,1.0281253766304563,-0.20089790532481022,0.4,0.0,0.001432998673282393
2026-05-28,1.036283418623314,-0.19455713347623838,0.4,0.0,0.007934870764106705
2026-05-29,1.0319721753913573,-0.19790801224610377,0.4,0.0,-0.004160293559153483
2026-05-30,1.0324633447730405,-0.19752625483532016,0.4,0.0,0.000475952155875925
2026-05-31,1.0341169271661272,-0.19624102135692456,0.4,0.0,0.0016015894428180744
2026-06-01,1.0383817266556519,-0.1929262406084733,0.4,0.0,0.004124097940461313
2026-06-02,1.0440173276865004,-0.18854601550084682,0.4,0.0,0.005427292185701704
2026-06-03,1.0525147941078692,-0.18194142877329966,0.4,0.0,0.0081392005630756
2026-06-04,1.0591848289951464,-0.17675719835633596,0.4,0.0,0.006337236231371612
2026-06-05,1.0835449473193108,-0.15782349433360943,0.4,0.0,0.022998930552346142
2026-06-06,1.086130456978003,-0.15581392796064897,0.4,0.0,0.002386158197760224
2026-06-07,1.0765382252176554,-0.16326941215210555,0.4,0.0,-0.008831565028600497
2026-06-08,1.0682469869572035,-0.16971370971734268,0.4,0.0,-0.007701759274522213
2026-06-09,1.075170389393653,-0.16433255143159142,0.4,0.0,0.006481087726882606
2026-06-10,1.0721734423066485,-0.16666190420246163,0.4,0.0,-0.002787415945013194
2026-06-11,1.0736275872704382,-0.16553168184540423,0.4,0.0,0.0013562590775006989
2026-06-12,1.071579625405316,-0.16712344356380238,0.4,0.0,-0.0019075160599539842
2026-06-13,1.0687256430343557,-0.16934167817082557,0.4,0.0,-0.002663341391806573
2026-06-14,1.0711582268309037,-0.16745097218157634,0.4,0.0,0.0022761536718012287
2026-06-15,1.04894728464203,-0.18471424651685997,0.4,0.0,-0.02073544471071198
2026-06-16,1.0561184176393377,-0.1791405416656835,0.4,0.0,0.006836504657868447
2026-06-17,1.057110224649213,-0.17836966772645402,0.4,0.0,0.0009391058742154179
2026-06-18,1.0681107223236872,-0.16981962029648812,0.4,0.0,0.010406197403040052
2026-06-19,1.064834381851739,-0.1723661293055192,0.4,0.0,-0.003067416517291366
2026-06-20,1.0606683216057982,-0.17560416577922733,0.4,0.0,-0.003912402075798682
2026-06-21,1.0618960227212857,-0.17464994506323217,0.4,0.0,0.0011574788182917572
2026-06-22,1.0600137405613832,-0.1761129335770235,0.4,0.0,-0.0017725672943743609
2026-06-23,1.0705601951932493,-0.16791578741247537,0.4,0.0,0.009949356530307929
2026-06-24,1.075908657472347,-0.16375873856642342,0.4,0.0,0.004995947264909928
2026-06-25,1.0821105746812374,-0.1589383488111692,0.4,0.0,0.005764352917710047
2026-06-26,1.0804563046109195,-0.16022411678110493,0.4,0.0,-0.001528744020268702
2026-06-27,1.076906537740446,-0.16298314423658955,0.4,0.0,-0.003285433066866905
2026-06-28,1.080215429738639,-0.16041133481829095,0.4,0.0,0.0030725897580115014
2026-06-29,1.0801600759920909,-0.16045435806800368,0.4,0.0,-5.124324743355224e-05
2026-06-30,1.082076415682376,-0.15896489861546614,0.4,0.0,0.0017741256438557063
2026-07-01,1.0745531530989731,-0.16481229332611091,0.4,0.0,-0.006952616723152616
2026-07-02,1.0644365651388907,-0.1726753291130132,0.4,0.0,-0.009414692917611656
2026-07-03,1.0600897080524678,-0.17605388846187242,0.4,0.0,-0.004083716426877104
2026-07-04,1.0527992055057862,-0.18172037232533034,0.4,0.0,-0.00687725056785371
2026-07-05,1.0523646906829156,-0.18205809544063878,0.4,0.00015,-0.00041272335749531486
2026-07-06,1.053224537359492,-0.1813897865981866,0.1,0.0,0.000817061503668004
2026-07-07,1.0537949111067626,-0.18094646823784666,0.1,0.0,0.0005415499991128225
2026-07-08,1.0493904328381842,-0.1843698131823197,0.1,0.0,-0.004179635166343565
2026-07-09,1.0504144388735375,-0.18357391281217939,0.1,0.0,0.0009758103402766061
2026-07-10,1.0535235681441915,-0.18115736735063437,0.1,0.0,0.00295990720956385
2026-07-11,1.054911971549809,-0.18007824208546563,0.1,0.0,0.0013178664888020553
2026-07-12,1.0552756517634132,-0.1797955745946237,0.1,0.0,0.0003447493472550356
2026-07-13,1.0527289240391227,-0.1817749980242035,0.1,0.0,-0.0024133293704233783
2026-07-14,1.0584739347163508,-0.1773097351579661,0.1,0.0,0.0054572554681775465
2026-07-15,1.061637919266001,-0.17485055387656268,0.1,0.0,0.002989194580876875
2026-07-16,1.0589054991771412,-0.1769743051876106,0.1,0.0,-0.00257377778174539
2026-07-17,1.05601453072147,-0.17922128692843498,0.1,0.0,-0.002730147740205968
2026-07-18,1.056779525355659,-0.1786267010651822,0.1,0.0,0.0007244167688342795
2026-07-19,1.058334380913133,-0.17741820221753501,0.1,0.0,0.0014713149906584455
2026-07-20,1.0601297505394829,-0.17602276576421605,0.1,0.0,0.001696410566198292
2026-07-21,1.0617792899565417,-0.17474067465608578,0.1,0.0,0.0015559787999719354
2026-07-22,1.0624106422710962,-0.17424996119982228,0.1,0.0,0.0005946172811313044
2026-07-23,1.0598174907216185,-0.17626546717029956,0.1,0.0,-0.0024408184992691373
2026-07-24,1.0579507272166961,-0.17771639393560867,0.1,0.0,-0.0017614009216405657
2026-07-25,1.0582913992412324,-0.1774516093727605,0.1,0.0,0.00032201123905806206
2026-07-26,1.0609141330527125,-0.1754131108295206,0.1,0.0,0.002478271876120264
2026-07-27,1.061666378362815,-0.1748284342748161,0.1,0.0,0.0007090539061300749
2026-07-28,1.0612691059719976,-0.17513721101243462,0.1,0.0,-0.0003741970160410224
2026-07-29,1.059755947229834,-0.17631330134920076,0.1,0.0,-0.001425801178655317
2026-07-30,1.0612882225716969,-0.17512235279065558,0.1,0.0,0.0014458756715332033
2026-07-31,1.0581613385132143,-0.17755269801676898,0.1,0.0,-0.002946309958007931
2026-08-01,1.0585715735707606,-0.17723384615176707,0.1,0.0,0.0003876866812493329
2026-08-02,1.0579501498211108,-0.17771684271163557,0.1,0.0,-0.0005870398990193149
2026-08-03,1.0582440428794775,-0.1774884167201276,0.1,0.0,0.0002777948076368997
2026-08-04,1.0587954614165158,-0.17705983114291501,0.1,0.0,0.0005210693513917342
2026-08-05,1.0588576853940421,-0.1770114680620004,0.1,0.0,5.8768647763329795e-05
2026-08-06,1.0609514910518185,-0.17538407462827799,0.1,0.0,0.0019774193327934952
2026-08-07,1.0613741277134356,-0.17505558371728458,0.1,0.0,0.00039835625397222074
2026-08-08,1.0616356518074785,-0.17485231624027453,0.1,0.0,0.0002464014217138377
2026-08-09,1.0618471155018665,-0.17468795780211688,0.1,0.0,0.00019918669275131862
2026-08-10,1.0591048088744066,-0.1768193933449559,0.1,0.0,-0.0025825814163144
2026-08-11,1.058319504494813,-0.17742976479279182,0.1,0.0,-0.0007414793824117583
2026-08-12,1.06002142017877,-0.17610696465681241,0.1,0.0,0.0016081303205039976
2026-08-13,1.05932211287532,-0.17665049557600832,0.1,0.0,-0.0006597105399358538
2026-08-14,1.0594045163127472,-0.1765864481738595,0.1,0.0,7.778883913256429e-05
2026-08-15,1.059596024326252,-0.176437600126513,0.1,0.0,0.00018076948942025162
