feature_available_time,available_time,execution_time_1m,exit_time_1m,future_return_7d,expected_return,fold
2023-03-01,2023-03-01,2023-03-01 00:01:00,2023-03-08 00:01:00,-0.04991718023043368,-0.03969698969175361,2023-03-01
2023-03-02,2023-03-02,2023-03-02 00:01:00,2023-03-09 00:01:00,-0.057582234458774195,-0.02736413267731754,2023-03-01
2023-03-03,2023-03-03,2023-03-03 00:01:00,2023-03-10 00:01:00,-0.057744394150631706,-0.016016758045877565,2023-03-01
2023-03-04,2023-03-04,2023-03-04 00:01:00,2023-03-11 00:01:00,-0.09702202058487608,-0.010056192657043782,2023-03-01
2023-03-05,2023-03-05,2023-03-05 00:01:00,2023-03-12 00:01:00,-0.08524864989378311,-0.043240980001874284,2023-03-01
2023-03-06,2023-03-06,2023-03-06 00:01:00,2023-03-13 00:01:00,-0.07074627055892224,-0.0365234366321043,2023-03-01
2023-03-07,2023-03-07,2023-03-07 00:01:00,2023-03-14 00:01:00,0.058079352308793686,-0.05082394847625958,2023-03-01
2023-03-08,2023-03-08,2023-03-08 00:01:00,2023-03-15 00:01:00,0.13332051405313594,-0.06298178031896175,2023-03-01
2023-03-09,2023-03-09,2023-03-09 00:01:00,2023-03-16 00:01:00,0.04574371984854597,-0.07690047392201166,2023-03-01
2023-03-10,2023-03-10,2023-03-10 00:01:00,2023-03-17 00:01:00,0.08320351455817065,-0.08233942424463397,2023-03-01
2023-03-11,2023-03-11,2023-03-11 00:01:00,2023-03-18 00:01:00,0.2130208038894228,-0.1454366916851725,2023-03-01
2023-03-12,2023-03-12,2023-03-12 00:01:00,2023-03-19 00:01:00,0.24829848699995116,-0.09076399739983257,2023-03-01
2023-03-13,2023-03-13,2023-03-13 00:01:00,2023-03-20 00:01:00,0.22971369792559582,-0.04673570090285859,2023-03-01
2023-03-14,2023-03-14,2023-03-14 00:01:00,2023-03-21 00:01:00,0.056747355123008436,-0.011550804374263953,2023-03-01
2023-03-15,2023-03-15,2023-03-15 00:01:00,2023-03-22 00:01:00,0.02570483273477908,-0.03765826370544817,2023-03-01
2023-03-16,2023-03-16,2023-03-16 00:01:00,2023-03-23 00:01:00,0.10685732139903337,-0.005339882647326958,2023-03-01
2023-03-17,2023-03-17,2023-03-17 00:01:00,2023-03-24 00:01:00,0.10751335868675693,-0.018131071348683574,2023-03-01
2023-03-19,2023-03-19,2023-03-19 00:01:00,2023-03-26 00:01:00,-0.016295150679711767,-0.0939391914142515,2023-03-01
2023-03-20,2023-03-20,2023-03-20 00:01:00,2023-03-27 00:01:00,-0.01642287938524345,-0.08424450499448452,2023-03-01
2023-03-21,2023-03-21,2023-03-21 00:01:00,2023-03-28 00:01:00,-0.030634734474416225,-0.05125518438236381,2023-03-01
2023-03-22,2023-03-22,2023-03-22 00:01:00,2023-03-29 00:01:00,-0.0387902514336127,-0.03896439915663422,2023-03-01
2023-03-23,2023-03-23,2023-03-23 00:01:00,2023-03-30 00:01:00,0.0007195479025179363,-0.039983061894601025,2023-03-01
2023-03-24,2023-03-24,2023-03-24 00:01:00,2023-03-31 00:01:00,-0.028144373027041425,-0.04549993151356423,2023-03-01
2023-03-25,2023-03-25,2023-03-25 00:01:00,2023-04-01 00:01:00,0.035354421141366776,-0.033174218913747756,2023-03-01
2023-03-26,2023-03-26,2023-03-26 00:01:00,2023-04-02 00:01:00,0.03734548561663331,-0.047134033691980735,2023-03-01
2023-03-27,2023-03-27,2023-03-27 00:01:00,2023-04-03 00:01:00,0.019237093061492905,-0.05073502075118781,2023-03-01
2023-03-28,2023-03-28,2023-03-28 00:01:00,2023-04-04 00:01:00,0.05031211278142744,-0.03445042366272652,2023-03-01
2023-03-29,2023-03-29,2023-03-29 00:01:00,2023-04-05 00:01:00,0.06780438835508384,-0.054239978985699246,2023-03-01
2023-03-30,2023-03-30,2023-03-30 00:01:00,2023-04-06 00:01:00,0.049640761287396584,-0.06461821909496177,2023-03-01
2023-03-31,2023-03-31,2023-03-31 00:01:00,2023-04-07 00:01:00,0.04872785415187475,-0.046656372383862846,2023-03-01
2023-04-01,2023-04-01,2023-04-01 00:01:00,2023-04-08 00:01:00,0.01685227483852625,-0.04380235200803023,2023-04-01
2023-04-02,2023-04-02,2023-04-02 00:01:00,2023-04-09 00:01:00,0.025666370136074645,-0.05702274898267006,2023-04-01
2023-04-03,2023-04-03,2023-04-03 00:01:00,2023-04-10 00:01:00,0.021983523482652867,-0.042611618595753825,2023-04-01
2023-04-04,2023-04-04,2023-04-04 00:01:00,2023-04-11 00:01:00,0.03584307178631052,-0.05280362314206345,2023-04-01
2023-04-05,2023-04-05,2023-04-05 00:01:00,2023-04-12 00:01:00,0.02817158666630859,-0.07656314430345125,2023-04-01
2023-04-06,2023-04-06,2023-04-06 00:01:00,2023-04-13 00:01:00,0.008299345537323255,-0.07297783693381985,2023-04-01
2023-04-07,2023-04-07,2023-04-07 00:01:00,2023-04-14 00:01:00,0.06459402837083594,-0.0673393163800359,2023-04-01
2023-04-08,2023-04-08,2023-04-08 00:01:00,2023-04-15 00:01:00,0.10739120621648057,-0.05891845613307993,2023-04-01
2023-04-09,2023-04-09,2023-04-09 00:01:00,2023-04-16 00:01:00,0.12278081165006971,-0.06347999428277096,2023-04-01
2023-04-10,2023-04-10,2023-04-10 00:01:00,2023-04-17 00:01:00,0.1398463991987937,-0.05594015697965052,2023-04-01
2023-04-11,2023-04-11,2023-04-11 00:01:00,2023-04-18 00:01:00,0.11271025727808492,-0.08180232746763579,2023-04-01
2023-04-12,2023-04-12,2023-04-12 00:01:00,2023-04-19 00:01:00,0.09501591000527698,-0.0719856428209362,2023-04-01
2023-04-13,2023-04-13,2023-04-13 00:01:00,2023-04-20 00:01:00,0.03693251597865688,-0.056308101486524945,2023-04-01
2023-04-14,2023-04-14,2023-04-14 00:01:00,2023-04-21 00:01:00,-0.024661499018547417,-0.05547747593788146,2023-04-01
2023-04-15,2023-04-15,2023-04-15 00:01:00,2023-04-22 00:01:00,-0.07546950065511704,-0.0413050851728438,2023-04-01
2023-04-16,2023-04-16,2023-04-16 00:01:00,2023-04-23 00:01:00,-0.11008378116759576,-0.09157617065374209,2023-04-01
2023-04-17,2023-04-17,2023-04-17 00:01:00,2023-04-24 00:01:00,-0.11239828857393885,-0.09312028688486922,2023-04-01
2023-04-18,2023-04-18,2023-04-18 00:01:00,2023-04-25 00:01:00,-0.1143824141443891,-0.04417071673374013,2023-04-01
2023-04-19,2023-04-19,2023-04-19 00:01:00,2023-04-26 00:01:00,-0.13401948715012357,-0.04040631123701076,2023-04-01
2023-04-20,2023-04-20,2023-04-20 00:01:00,2023-04-27 00:01:00,-0.015381824046447834,-0.00404618629586795,2023-04-01
2023-04-21,2023-04-21,2023-04-21 00:01:00,2023-04-28 00:01:00,-0.02358057080075371,0.000812864674165038,2023-04-01
2023-04-22,2023-04-22,2023-04-22 00:01:00,2023-04-29 00:01:00,-0.009867834010434673,-0.009620721476746516,2023-04-01
2023-04-23,2023-04-23,2023-04-23 00:01:00,2023-04-30 00:01:00,0.02149206706425133,-0.0205462636605092,2023-04-01
2023-04-24,2023-04-24,2023-04-24 00:01:00,2023-05-01 00:01:00,0.03440428668266282,-0.04875009123410967,2023-04-01
2023-04-25,2023-04-25,2023-04-25 00:01:00,2023-05-02 00:01:00,0.0002507768631085927,-0.03760854402056152,2023-04-01
2023-04-26,2023-04-26,2023-04-26 00:01:00,2023-05-03 00:01:00,0.023786827706667735,-0.06209380945749102,2023-04-01
2023-04-27,2023-04-27,2023-04-27 00:01:00,2023-05-04 00:01:00,-0.0515499273151655,-0.022609963200333746,2023-04-01
2023-04-28,2023-04-28,2023-04-28 00:01:00,2023-05-05 00:01:00,-0.009658965433838373,0.006659052772194274,2023-04-01
2023-04-29,2023-04-29,2023-04-29 00:01:00,2023-05-06 00:01:00,0.03630763684941507,0.0038614169983426025,2023-04-01
2023-04-30,2023-04-30,2023-04-30 00:01:00,2023-05-07 00:01:00,-0.015579265414030763,-0.006449205903120415,2023-04-01
2023-05-01,2023-05-01,2023-05-01 00:01:00,2023-05-08 00:01:00,-0.0019295480904755191,0.0046437540216139606,2023-05-01
2023-05-02,2023-05-02,2023-05-02 00:01:00,2023-05-09 00:01:00,0.016699731845037036,0.024814827819018566,2023-05-01
2023-05-03,2023-05-03,2023-05-03 00:01:00,2023-05-10 00:01:00,-0.010150481152181867,0.008731661706605423,2023-05-01
2023-05-04,2023-05-04,2023-05-04 00:01:00,2023-05-11 00:01:00,0.010847684478096697,-0.0017935230932491115,2023-05-01
2023-05-05,2023-05-05,2023-05-05 00:01:00,2023-05-12 00:01:00,-0.04026567701447836,0.021120585975379164,2023-05-01
2023-05-06,2023-05-06,2023-05-06 00:01:00,2023-05-13 00:01:00,-0.09692204596725096,0.015892132284330063,2023-05-01
2023-05-07,2023-05-07,2023-05-07 00:01:00,2023-05-14 00:01:00,-0.04406718247117247,0.029848140101903856,2023-05-01
2023-05-08,2023-05-08,2023-05-08 00:01:00,2023-05-15 00:01:00,-0.0521151421037821,0.011153106992906935,2023-05-01
2023-05-09,2023-05-09,2023-05-09 00:01:00,2023-05-16 00:01:00,-0.020177977913584222,0.030225046819175913,2023-05-01
2023-05-10,2023-05-10,2023-05-10 00:01:00,2023-05-17 00:01:00,-0.010580802314074766,0.01975261791912103,2023-05-01
2023-05-11,2023-05-11,2023-05-11 00:01:00,2023-05-18 00:01:00,-0.04036774637886198,0.02458299763088837,2023-05-01
2023-05-12,2023-05-12,2023-05-12 00:01:00,2023-05-19 00:01:00,0.000669377368406332,0.004567175049111395,2023-05-01
2023-05-13,2023-05-13,2023-05-13 00:01:00,2023-05-20 00:01:00,0.029426758808202003,-0.03563815125352114,2023-05-01
2023-05-14,2023-05-14,2023-05-14 00:01:00,2023-05-21 00:01:00,0.012675726596728998,-0.02781722015320779,2023-05-01
2023-05-15,2023-05-15,2023-05-15 00:01:00,2023-05-22 00:01:00,-0.00618468287694951,-0.03205472172502707,2023-05-01
2023-05-16,2023-05-16,2023-05-16 00:01:00,2023-05-23 00:01:00,-0.005914343239812658,-0.028662346807706678,2023-05-01
2023-05-17,2023-05-17,2023-05-17 00:01:00,2023-05-24 00:01:00,0.020618556701030855,-0.023368584320678967,2023-05-01
2023-05-18,2023-05-18,2023-05-18 00:01:00,2023-05-25 00:01:00,-0.0027038755549622095,-0.025639343531787775,2023-05-01
2023-05-19,2023-05-19,2023-05-19 00:01:00,2023-05-26 00:01:00,-0.009569563150271465,-0.019054811536034468,2023-05-01
2023-05-20,2023-05-20,2023-05-20 00:01:00,2023-05-27 00:01:00,0.006966187030566617,0.008426767029766288,2023-05-01
2023-05-21,2023-05-21,2023-05-21 00:01:00,2023-05-28 00:01:00,0.003792549209564511,0.0014054064519366622,2023-05-01
2023-05-22,2023-05-22,2023-05-22 00:01:00,2023-05-29 00:01:00,0.019903084480240807,0.014650051262569982,2023-05-01
2023-05-23,2023-05-23,2023-05-23 00:01:00,2023-05-30 00:01:00,0.03951126888466927,0.03211631353757037,2023-05-01
2023-05-24,2023-05-24,2023-05-24 00:01:00,2023-05-31 00:01:00,0.02322263143158665,0.03863797665500816,2023-05-01
2023-05-25,2023-05-25,2023-05-25 00:01:00,2023-06-01 00:01:00,0.03704757441870843,0.0430535853929809,2023-05-01
2023-05-26,2023-05-26,2023-05-26 00:01:00,2023-06-02 00:01:00,0.04003795595992288,0.04035429661810708,2023-05-01
2023-05-27,2023-05-27,2023-05-27 00:01:00,2023-06-03 00:01:00,0.033988885306637684,0.0020406654762235577,2023-05-01
2023-05-28,2023-05-28,2023-05-28 00:01:00,2023-06-04 00:01:00,0.043759356441344543,0.02218233137437093,2023-05-01
2023-05-29,2023-05-29,2023-05-29 00:01:00,2023-06-05 00:01:00,0.031148643518066566,0.03693646623471793,2023-05-01
2023-05-30,2023-05-30,2023-05-30 00:01:00,2023-06-06 00:01:00,-0.043018096720565,0.060683764088044635,2023-05-01
2023-05-31,2023-05-31,2023-05-31 00:01:00,2023-06-07 00:01:00,-0.03001520756484266,0.06121049215099029,2023-05-01
2023-06-01,2023-06-01,2023-06-01 00:01:00,2023-06-08 00:01:00,-0.011651613527921434,0.06398516250096661,2023-06-01
2023-06-02,2023-06-02,2023-06-02 00:01:00,2023-06-09 00:01:00,-0.004121763771413933,0.05926655671779001,2023-06-01
2023-06-03,2023-06-03,2023-06-03 00:01:00,2023-06-10 00:01:00,-0.027317263940048964,0.04995542013054148,2023-06-01
2023-06-04,2023-06-04,2023-06-04 00:01:00,2023-06-11 00:01:00,-0.08690718237268902,0.05389291455754525,2023-06-01
2023-06-05,2023-06-05,2023-06-05 00:01:00,2023-06-12 00:01:00,-0.08393252576045285,0.047941430889157276,2023-06-01
2023-06-06,2023-06-06,2023-06-06 00:01:00,2023-06-13 00:01:00,-0.041322496943274944,0.03233928750222643,2023-06-01
2023-06-07,2023-06-07,2023-06-07 00:01:00,2023-06-14 00:01:00,-0.06068365403915732,0.0320633509548703,2023-06-01
2023-06-08,2023-06-08,2023-06-08 00:01:00,2023-06-15 00:01:00,-0.052527880433895224,0.042473012260457396,2023-06-01
2023-06-09,2023-06-09,2023-06-09 00:01:00,2023-06-16 00:01:00,-0.11524035352446649,0.04634698400077596,2023-06-01
2023-06-10,2023-06-10,2023-06-10 00:01:00,2023-06-17 00:01:00,-0.0871818833807837,0.034769674365466186,2023-06-01
2023-06-11,2023-06-11,2023-06-11 00:01:00,2023-06-18 00:01:00,-0.005402792881432084,0.0029571599735994086,2023-06-01
2023-06-12,2023-06-12,2023-06-12 00:01:00,2023-06-19 00:01:00,-0.0016995865870462756,0.014343104488527948,2023-06-01
2023-06-13,2023-06-13,2023-06-13 00:01:00,2023-06-20 00:01:00,-0.006850184672206772,0.016421969783157395,2023-06-01
2023-06-14,2023-06-14,2023-06-14 00:01:00,2023-06-21 00:01:00,0.00021946669592876056,0.012777792144697793,2023-06-01
2023-06-15,2023-06-15,2023-06-15 00:01:00,2023-06-22 00:01:00,0.06201746323529411,0.001868466386738342,2023-06-01
2023-06-16,2023-06-16,2023-06-16 00:01:00,2023-06-23 00:01:00,0.1430050677321899,-0.05212167706097425,2023-06-01
2023-06-17,2023-06-17,2023-06-17 00:01:00,2023-06-24 00:01:00,0.14353654036165375,-0.009012938346210317,2023-06-01
2023-06-18,2023-06-18,2023-06-18 00:01:00,2023-06-25 00:01:00,0.08384820085618427,0.03327288091260111,2023-06-01
2023-06-19,2023-06-19,2023-06-19 00:01:00,2023-06-26 00:01:00,0.08517576956701789,0.033781774465386084,2023-06-01
2023-06-20,2023-06-20,2023-06-20 00:01:00,2023-06-27 00:01:00,0.09785987808917262,0.032596347992609596,2023-06-01
2023-06-21,2023-06-21,2023-06-21 00:01:00,2023-06-28 00:01:00,0.08019747668678012,0.042031758746319994,2023-06-01
2023-06-22,2023-06-22,2023-06-22 00:01:00,2023-06-29 00:01:00,0.005879616607888494,0.0581843478319422,2023-06-01
2023-06-23,2023-06-23,2023-06-23 00:01:00,2023-06-30 00:01:00,-0.012475087128438478,0.029323810476611367,2023-06-01
2023-06-24,2023-06-24,2023-06-24 00:01:00,2023-07-01 00:01:00,-0.03602937731950173,0.003069712618712311,2023-06-01
2023-06-25,2023-06-25,2023-06-25 00:01:00,2023-07-02 00:01:00,0.026367197924784147,0.03610383347262332,2023-06-01
2023-06-26,2023-06-26,2023-06-26 00:01:00,2023-07-03 00:01:00,0.016838657359558695,0.02565157893535331,2023-06-01
2023-06-27,2023-06-27,2023-06-27 00:01:00,2023-07-04 00:01:00,0.041416579334582426,0.033770561906835035,2023-06-01
2023-06-28,2023-06-28,2023-06-28 00:01:00,2023-07-05 00:01:00,0.0450356543399939,0.053852563454800044,2023-06-01
2023-06-29,2023-06-29,2023-06-29 00:01:00,2023-07-06 00:01:00,0.022649666869215768,0.04967342232555232,2023-06-01
2023-06-30,2023-06-30,2023-06-30 00:01:00,2023-07-07 00:01:00,0.01834194039274073,0.050379634554657,2023-06-01
2023-07-01,2023-07-01,2023-07-01 00:01:00,2023-07-08 00:01:00,0.01080459397728939,0.043829502251857264,2023-07-01
2023-07-02,2023-07-02,2023-07-02 00:01:00,2023-07-09 00:01:00,-0.032939145267143144,0.041474828746050935,2023-07-01
2023-07-03,2023-07-03,2023-07-03 00:01:00,2023-07-10 00:01:00,-0.027829033098775158,0.042929779129626984,2023-07-01
2023-07-04,2023-07-04,2023-07-04 00:01:00,2023-07-11 00:01:00,-0.048846558480171165,0.0393765188041574,2023-07-01
2023-07-05,2023-07-05,2023-07-05 00:01:00,2023-07-12 00:01:00,-0.042808403112036375,0.036474270751046325,2023-07-01
2023-07-06,2023-07-06,2023-07-06 00:01:00,2023-07-13 00:01:00,-0.009170500854476127,0.03589739178931898,2023-07-01
2023-07-07,2023-07-07,2023-07-07 00:01:00,2023-07-14 00:01:00,0.024767900292509193,0.03963365922097976,2023-07-01
2023-07-08,2023-07-08,2023-07-08 00:01:00,2023-07-15 00:01:00,0.06765491452991457,0.0449766424892512,2023-07-01
2023-07-09,2023-07-09,2023-07-09 00:01:00,2023-07-16 00:01:00,0.04054635405463536,0.03967754990822963,2023-07-01
2023-07-10,2023-07-10,2023-07-10 00:01:00,2023-07-17 00:01:00,0.038496388952930394,0.03162677214947971,2023-07-01
2023-07-11,2023-07-11,2023-07-11 00:01:00,2023-07-18 00:01:00,0.01951396755509016,0.0038931937476969145,2023-07-01
2023-07-12,2023-07-12,2023-07-12 00:01:00,2023-07-19 00:01:00,0.013439854646502436,0.00940510544435272,2023-07-01
2023-07-13,2023-07-13,2023-07-13 00:01:00,2023-07-20 00:01:00,0.012168910635723451,0.013879491503635386,2023-07-01
2023-07-14,2023-07-14,2023-07-14 00:01:00,2023-07-21 00:01:00,-0.024112396967722494,0.0196874972959531,2023-07-01
2023-07-15,2023-07-15,2023-07-15 00:01:00,2023-07-22 00:01:00,-0.05386635979286025,0.0035726998966301177,2023-07-01
2023-07-16,2023-07-16,2023-07-16 00:01:00,2023-07-23 00:01:00,-0.023875968992248087,-0.005992414326521629,2023-07-01
2023-07-17,2023-07-17,2023-07-17 00:01:00,2023-07-24 00:01:00,-0.03234533354673175,-0.012658195718209073,2023-07-01
2023-07-18,2023-07-18,2023-07-18 00:01:00,2023-07-25 00:01:00,-0.03334381551362675,0.009127370316336108,2023-07-01
2023-07-19,2023-07-19,2023-07-19 00:01:00,2023-07-26 00:01:00,-0.020290542856389537,0.012149771977025334,2023-07-01
2023-07-20,2023-07-20,2023-07-20 00:01:00,2023-07-27 00:01:00,-0.024427969212055034,-0.0018380117643581016,2023-07-01
2023-07-21,2023-07-21,2023-07-21 00:01:00,2023-07-28 00:01:00,-0.009702050094583026,0.005139649501312736,2023-07-01
2023-07-22,2023-07-22,2023-07-22 00:01:00,2023-07-29 00:01:00,-0.00863039994923287,0.019103530591508017,2023-07-01
2023-07-23,2023-07-23,2023-07-23 00:01:00,2023-07-30 00:01:00,-0.008523930537907565,0.02505047253062786,2023-07-01
2023-07-24,2023-07-24,2023-07-24 00:01:00,2023-07-31 00:01:00,0.0014565748615453789,0.023148692217726745,2023-07-01
2023-07-25,2023-07-25,2023-07-25 00:01:00,2023-08-01 00:01:00,0.007129767184636426,0.01744564753150519,2023-07-01
2023-07-26,2023-07-26,2023-07-26 00:01:00,2023-08-02 00:01:00,-0.012589008433936066,0.027402325421952034,2023-07-01
2023-07-27,2023-07-27,2023-07-27 00:01:00,2023-08-03 00:01:00,-0.010125493779055805,0.01718074053284841,2023-07-01
2023-07-28,2023-07-28,2023-07-28 00:01:00,2023-08-04 00:01:00,-0.015409969394088674,0.028175704706767925,2023-07-01
2023-07-29,2023-07-29,2023-07-29 00:01:00,2023-08-05 00:01:00,-0.014445209023454919,0.027314986628445746,2023-07-01
2023-07-30,2023-07-30,2023-07-30 00:01:00,2023-08-06 00:01:00,-0.020953703209270036,0.02334076502325176,2023-07-01
2023-07-31,2023-07-31,2023-07-31 00:01:00,2023-08-07 00:01:00,-0.025333113122605888,0.022246602291186426,2023-07-01
2023-08-01,2023-08-01,2023-08-01 00:01:00,2023-08-08 00:01:00,-0.02288522930989001,0.005609074873834847,2023-08-01
2023-08-02,2023-08-02,2023-08-02 00:01:00,2023-08-09 00:01:00,0.004687721440329806,0.0017260723917219322,2023-08-01
2023-08-03,2023-08-03,2023-08-03 00:01:00,2023-08-10 00:01:00,0.005999533068014484,-0.016418222481729187,2023-08-01
2023-08-04,2023-08-04,2023-08-04 00:01:00,2023-08-11 00:01:00,0.00710823207182143,-0.01027867398590261,2023-08-01
2023-08-05,2023-08-05,2023-08-05 00:01:00,2023-08-12 00:01:00,-0.0006982068532520591,0.0008993602812303499,2023-08-01
2023-08-06,2023-08-06,2023-08-06 00:01:00,2023-08-13 00:01:00,0.009648424290685353,0.01019125960329449,2023-08-01
2023-08-07,2023-08-07,2023-08-07 00:01:00,2023-08-14 00:01:00,0.010041324121042416,0.0068968532127222145,2023-08-01
2023-08-08,2023-08-08,2023-08-08 00:01:00,2023-08-15 00:01:00,0.02141023239413342,0.010249833805899363,2023-08-01
2023-08-09,2023-08-09,2023-08-09 00:01:00,2023-08-16 00:01:00,-0.0012912466498118391,0.03279401142108722,2023-08-01
2023-08-10,2023-08-10,2023-08-10 00:01:00,2023-08-17 00:01:00,-0.017405524432498987,0.024971732323910624,2023-08-01
2023-08-11,2023-08-11,2023-08-11 00:01:00,2023-08-18 00:01:00,-0.06092164903949926,0.0219085952929435,2023-08-01
2023-08-12,2023-08-12,2023-08-12 00:01:00,2023-08-19 00:01:00,-0.10079618696853165,0.014969003400839785,2023-08-01
2023-08-13,2023-08-13,2023-08-13 00:01:00,2023-08-20 00:01:00,-0.09140804364854282,-0.009456428767480166,2023-08-01
2023-08-14,2023-08-14,2023-08-14 00:01:00,2023-08-21 00:01:00,-0.09558883218512715,-0.045620236291543506,2023-08-01
2023-08-15,2023-08-15,2023-08-15 00:01:00,2023-08-22 00:01:00,-0.10552462942585283,-0.006545563952511618,2023-08-01
2023-08-16,2023-08-16,2023-08-16 00:01:00,2023-08-23 00:01:00,-0.10360712733594091,-0.03244851435398228,2023-08-01
2023-08-17,2023-08-17,2023-08-17 00:01:00,2023-08-24 00:01:00,-0.08971718270250073,-0.0201675541533649,2023-08-01
2023-08-18,2023-08-18,2023-08-18 00:01:00,2023-08-25 00:01:00,-0.05605930012066884,-0.06162610996456741,2023-08-01
2023-08-19,2023-08-19,2023-08-19 00:01:00,2023-08-26 00:01:00,-0.00794482592458745,-0.08314370227296525,2023-08-01
2023-08-20,2023-08-20,2023-08-20 00:01:00,2023-08-27 00:01:00,-0.018098148566536243,-0.07203841216480567,2023-08-01
2023-08-21,2023-08-21,2023-08-21 00:01:00,2023-08-28 00:01:00,-0.00934668916573922,-0.07118935157700126,2023-08-01
2023-08-22,2023-08-22,2023-08-22 00:01:00,2023-08-29 00:01:00,-0.006132971506105922,-0.06789551988622466,2023-08-01
2023-08-23,2023-08-23,2023-08-23 00:01:00,2023-08-30 00:01:00,0.03958595946863186,-0.07241234717357041,2023-08-01
2023-08-24,2023-08-24,2023-08-24 00:01:00,2023-08-31 00:01:00,0.027961647770127884,-0.045504446363060946,2023-08-01
2023-08-25,2023-08-25,2023-08-25 00:01:00,2023-09-01 00:01:00,0.028160268819168,-0.039549531950460654,2023-08-01
2023-08-26,2023-08-26,2023-08-26 00:01:00,2023-09-02 00:01:00,-0.007322359912811716,-0.03570077755805472,2023-08-01
2023-08-27,2023-08-27,2023-08-27 00:01:00,2023-09-03 00:01:00,-0.0074659400544958565,-0.03623582092436044,2023-08-01
2023-08-28,2023-08-28,2023-08-28 00:01:00,2023-09-04 00:01:00,-0.013596607794341464,-0.04471529220601276,2023-08-01
2023-08-29,2023-08-29,2023-08-29 00:01:00,2023-09-05 00:01:00,-0.012887723896898184,-0.03691819099504006,2023-08-01
2023-08-30,2023-08-30,2023-08-30 00:01:00,2023-09-06 00:01:00,-0.045581205549726,-0.015342495063917215,2023-08-01
2023-08-31,2023-08-31,2023-08-31 00:01:00,2023-09-07 00:01:00,-0.04741695575865368,-0.010837973167579897,2023-08-01
2023-09-01,2023-09-01,2023-09-01 00:01:00,2023-09-08 00:01:00,-0.034582593250444105,-0.009300810306994672,2023-09-01
2023-09-02,2023-09-02,2023-09-02 00:01:00,2023-09-09 00:01:00,-0.004452735557662346,-0.010284558842993285,2023-09-01
2023-09-03,2023-09-03,2023-09-03 00:01:00,2023-09-10 00:01:00,-0.002409756157079501,-0.01996423522259658,2023-09-01
2023-09-04,2023-09-04,2023-09-04 00:01:00,2023-09-11 00:01:00,-0.007868711919414517,-0.02356816978209122,2023-09-01
2023-09-05,2023-09-05,2023-09-05 00:01:00,2023-09-12 00:01:00,-0.03948144869808956,-0.026092207682518687,2023-09-01
2023-09-06,2023-09-06,2023-09-06 00:01:00,2023-09-13 00:01:00,-0.020577690094734313,-0.02006683017008938,2023-09-01
2023-09-07,2023-09-07,2023-09-07 00:01:00,2023-09-14 00:01:00,-0.008639229001189297,-0.02046647196269205,2023-09-01
2023-09-08,2023-09-08,2023-09-08 00:01:00,2023-09-15 00:01:00,0.0024776307962148802,-0.018883332867028528,2023-09-01
2023-09-09,2023-09-09,2023-09-09 00:01:00,2023-09-16 00:01:00,-0.00479212616808089,-0.037859678793147694,2023-09-01
2023-09-10,2023-09-10,2023-09-10 00:01:00,2023-09-17 00:01:00,-0.000562615427893487,-0.04474190101788535,2023-09-01
2023-09-11,2023-09-11,2023-09-11 00:01:00,2023-09-18 00:01:00,0.005647450931983711,-0.0351585699069258,2023-09-01
2023-09-12,2023-09-12,2023-09-12 00:01:00,2023-09-19 00:01:00,0.06028375602357605,-0.04083705451377433,2023-09-01
2023-09-13,2023-09-13,2023-09-13 00:01:00,2023-09-20 00:01:00,0.03197340850129704,-0.029260682899812446,2023-09-01
2023-09-14,2023-09-14,2023-09-14 00:01:00,2023-09-21 00:01:00,0.012499922302820154,-0.03378933411076469,2023-09-01
2023-09-15,2023-09-15,2023-09-15 00:01:00,2023-09-22 00:01:00,-0.031419954362761016,-0.025075100134512356,2023-09-01
2023-09-16,2023-09-16,2023-09-16 00:01:00,2023-09-23 00:01:00,-0.0163346441381097,-0.021308414681104015,2023-09-01
2023-09-17,2023-09-17,2023-09-17 00:01:00,2023-09-24 00:01:00,-0.02689224744538954,-0.005514024102326211,2023-09-01
2023-09-18,2023-09-18,2023-09-18 00:01:00,2023-09-25 00:01:00,-0.023733390615889638,0.029297616765158085,2023-09-01
2023-09-19,2023-09-19,2023-09-19 00:01:00,2023-09-26 00:01:00,-0.0428775779962699,0.01158218585993405,2023-09-01
2023-09-20,2023-09-20,2023-09-20 00:01:00,2023-09-27 00:01:00,-0.04393306703569644,0.02965664856556276,2023-09-01
2023-09-21,2023-09-21,2023-09-21 00:01:00,2023-09-28 00:01:00,-0.017404169633867927,0.032137736906725146,2023-09-01
2023-09-22,2023-09-22,2023-09-22 00:01:00,2023-09-29 00:01:00,0.04526707384084849,0.03409107541691252,2023-09-01
2023-09-23,2023-09-23,2023-09-23 00:01:00,2023-09-30 00:01:00,0.04988044508318645,0.02454938466291445,2023-09-01
2023-09-24,2023-09-24,2023-09-24 00:01:00,2023-10-01 00:01:00,0.058282767944163316,0.02157746227134438,2023-09-01
2023-09-25,2023-09-25,2023-09-25 00:01:00,2023-10-02 00:01:00,0.05848442175673285,0.025869875967138113,2023-09-01
2023-09-26,2023-09-26,2023-09-26 00:01:00,2023-10-03 00:01:00,0.06661117312094444,0.027406002764863994,2023-09-01
2023-09-27,2023-09-27,2023-09-27 00:01:00,2023-10-04 00:01:00,0.04145781845533447,0.01574841519555989,2023-09-01
2023-09-28,2023-09-28,2023-09-28 00:01:00,2023-10-05 00:01:00,0.019593019986629878,0.032792794839697784,2023-09-01
2023-09-29,2023-09-29,2023-09-29 00:01:00,2023-10-06 00:01:00,-0.02181952215790306,0.022695486061218267,2023-09-01
2023-09-30,2023-09-30,2023-09-30 00:01:00,2023-10-07 00:01:00,-0.018237899682585268,0.036791986215772704,2023-09-01
2023-10-01,2023-10-01,2023-10-01 00:01:00,2023-10-08 00:01:00,-0.026618499857400835,0.02194044667750028,2023-10-01
2023-10-02,2023-10-02,2023-10-02 00:01:00,2023-10-09 00:01:00,-0.031246473561361565,0.023680008368385033,2023-10-01
2023-10-03,2023-10-03,2023-10-03 00:01:00,2023-10-10 00:01:00,-0.06225611919120266,0.02557899662951927,2023-10-01
2023-10-04,2023-10-04,2023-10-04 00:01:00,2023-10-11 00:01:00,-0.04889905806952821,0.03741760619636432,2023-10-01
2023-10-05,2023-10-05,2023-10-05 00:01:00,2023-10-12 00:01:00,-0.044039879161483664,0.03678695330898196,2023-10-01
2023-10-06,2023-10-06,2023-10-06 00:01:00,2023-10-13 00:01:00,-0.04807175552713994,0.029084441394063486,2023-10-01
2023-10-07,2023-10-07,2023-10-07 00:01:00,2023-10-14 00:01:00,-0.06257991451430256,0.0256969387154332,2023-10-01
2023-10-08,2023-10-08,2023-10-08 00:01:00,2023-10-15 00:01:00,-0.05009034085359898,0.023855792647448075,2023-10-01
2023-10-09,2023-10-09,2023-10-09 00:01:00,2023-10-16 00:01:00,-0.047244191036723615,0.029026317233874062,2023-10-01
2023-10-10,2023-10-10,2023-10-10 00:01:00,2023-10-17 00:01:00,-0.005075342033919683,0.014525610484033493,2023-10-01
2023-10-11,2023-10-11,2023-10-11 00:01:00,2023-10-18 00:01:00,0.0050921760438003005,0.020656291690696445,2023-10-01
2023-10-12,2023-10-12,2023-10-12 00:01:00,2023-10-19 00:01:00,0.0062433496147584755,0.04194412514695185,2023-10-01
2023-10-13,2023-10-13,2023-10-13 00:01:00,2023-10-20 00:01:00,0.013997313450269555,0.024676470207720118,2023-10-01
2023-10-14,2023-10-14,2023-10-14 00:01:00,2023-10-21 00:01:00,0.04299818134580424,0.011159422888931696,2023-10-01
2023-10-15,2023-10-15,2023-10-15 00:01:00,2023-10-22 00:01:00,0.04619002943104267,0.0007930358932697768,2023-10-01
2023-10-16,2023-10-16,2023-10-16 00:01:00,2023-10-23 00:01:00,0.04567450001286977,0.015568138693326952,2023-10-01
2023-10-17,2023-10-17,2023-10-17 00:01:00,2023-10-24 00:01:00,0.06251386204492904,0.031829422942038006,2023-10-01
2023-10-18,2023-10-18,2023-10-18 00:01:00,2023-10-25 00:01:00,0.13045603743278167,0.029606895165333366,2023-10-01
2023-10-19,2023-10-19,2023-10-19 00:01:00,2023-10-26 00:01:00,0.15022295833864185,0.020430908980584958,2023-10-01
2023-10-20,2023-10-20,2023-10-20 00:01:00,2023-10-27 00:01:00,0.1374521624492826,0.018644146365938953,2023-10-01
2023-10-21,2023-10-21,2023-10-21 00:01:00,2023-10-28 00:01:00,0.10961514509901615,0.027524852164449845,2023-10-01
2023-10-22,2023-10-22,2023-10-22 00:01:00,2023-10-29 00:01:00,0.09986732675699916,0.024473701742778256,2023-10-01
2023-10-23,2023-10-23,2023-10-23 00:01:00,2023-10-30 00:01:00,0.10273104331023619,0.028243248787676846,2023-10-01
2023-10-24,2023-10-24,2023-10-24 00:01:00,2023-10-31 00:01:00,0.08528657481958613,0.02300333058522086,2023-10-01
2023-10-25,2023-10-25,2023-10-25 00:01:00,2023-11-01 00:01:00,0.005312905417927949,0.015425806324586072,2023-10-01
2023-10-26,2023-10-26,2023-10-26 00:01:00,2023-11-02 00:01:00,-0.006978212469954892,-0.023018286179394498,2023-10-01
2023-10-27,2023-10-27,2023-10-27 00:01:00,2023-11-03 00:01:00,0.015708691542512643,-0.003125068314532027,2023-10-01
2023-10-28,2023-10-28,2023-10-28 00:01:00,2023-11-04 00:01:00,0.01749896173575327,0.0008720139053111147,2023-10-01
2023-10-29,2023-10-29,2023-10-29 00:01:00,2023-11-05 00:01:00,0.02325412559685014,0.007030262965577062,2023-10-01
2023-10-30,2023-10-30,2023-10-30 00:01:00,2023-11-06 00:01:00,0.045905042523270545,0.0016917787423989077,2023-10-01
2023-10-31,2023-10-31,2023-10-31 00:01:00,2023-11-07 00:01:00,0.044985437159971386,0.009847905983483403,2023-10-01
2023-11-01,2023-11-01,2023-11-01 00:01:00,2023-11-08 00:01:00,0.04028424104623962,0.03216091142957288,2023-11-01
2023-11-02,2023-11-02,2023-11-02 00:01:00,2023-11-09 00:01:00,0.05291073161481763,0.027525406786746927,2023-11-01
2023-11-03,2023-11-03,2023-11-03 00:01:00,2023-11-10 00:01:00,0.13309846671984404,0.026486903561454056,2023-11-01
2023-11-04,2023-11-04,2023-11-04 00:01:00,2023-11-11 00:01:00,0.15255377826806393,0.019848480057306203,2023-11-01
2023-11-05,2023-11-05,2023-11-05 00:01:00,2023-11-12 00:01:00,0.12945003247302567,0.008544800815746505,2023-11-01
2023-11-06,2023-11-06,2023-11-06 00:01:00,2023-11-13 00:01:00,0.09847296475333756,-0.0064998303999347275,2023-11-01
2023-11-07,2023-11-07,2023-11-07 00:01:00,2023-11-14 00:01:00,0.10722249100738335,-0.008342136979757256,2023-11-01
2023-11-08,2023-11-08,2023-11-08 00:01:00,2023-11-15 00:01:00,0.09478879139055074,-0.0006678864199391164,2023-11-01
2023-11-09,2023-11-09,2023-11-09 00:01:00,2023-11-16 00:01:00,0.07026892456657952,-0.017337772704619444,2023-11-01
2023-11-10,2023-11-10,2023-11-10 00:01:00,2023-11-17 00:01:00,-0.024032538766890155,-0.05156735724699377,2023-11-01
2023-11-11,2023-11-11,2023-11-11 00:01:00,2023-11-18 00:01:00,-0.08083442605691094,-0.053718460628872124,2023-11-01
2023-11-12,2023-11-12,2023-11-12 00:01:00,2023-11-19 00:01:00,-0.05628950267700095,-0.05611980431557403,2023-11-01
2023-11-13,2023-11-13,2023-11-13 00:01:00,2023-11-20 00:01:00,-0.04472065980823603,-0.04303541080852994,2023-11-01
2023-11-14,2023-11-14,2023-11-14 00:01:00,2023-11-21 00:01:00,-0.029314398347146553,-0.04024645532434408,2023-11-01
2023-11-15,2023-11-15,2023-11-15 00:01:00,2023-11-22 00:01:00,-0.02478601034998662,-0.02211590879839971,2023-11-01
2023-11-16,2023-11-16,2023-11-16 00:01:00,2023-11-23 00:01:00,0.006928806513078145,-0.022201071584497162,2023-11-01
2023-11-17,2023-11-17,2023-11-17 00:01:00,2023-11-24 00:01:00,0.022270086155079083,-0.019812905120796535,2023-11-01
2023-11-18,2023-11-18,2023-11-18 00:01:00,2023-11-25 00:01:00,0.10234449436915227,-0.023761669599355304,2023-11-01
2023-11-19,2023-11-19,2023-11-19 00:01:00,2023-11-26 00:01:00,0.06434748769834964,-0.027420633633045026,2023-11-01
2023-11-20,2023-11-20,2023-11-20 00:01:00,2023-11-27 00:01:00,0.05049041292310519,-0.030875929068185037,2023-11-01
2023-11-21,2023-11-21,2023-11-21 00:01:00,2023-11-28 00:01:00,-0.01907296952141424,-0.025049918985404724,2023-11-01
2023-11-22,2023-11-22,2023-11-22 00:01:00,2023-11-29 00:01:00,0.024339577087902242,-0.011644342548254425,2023-11-01
2023-11-23,2023-11-23,2023-11-23 00:01:00,2023-11-30 00:01:00,-0.002516526996141577,-0.014565305798710397,2023-11-01
2023-11-24,2023-11-24,2023-11-24 00:01:00,2023-12-01 00:01:00,-0.004341307096028091,-0.015935162361078413,2023-11-01
2023-11-25,2023-11-25,2023-11-25 00:01:00,2023-12-02 00:01:00,-0.01732916438382026,-0.03817129869471358,2023-11-01
2023-11-26,2023-11-26,2023-11-26 00:01:00,2023-12-03 00:01:00,0.012253086122790746,-0.029770243826271213,2023-11-01
2023-11-27,2023-11-27,2023-11-27 00:01:00,2023-12-04 00:01:00,0.04549832769444495,-0.02544089796031144,2023-11-01
2023-11-28,2023-11-28,2023-11-28 00:01:00,2023-12-05 00:01:00,0.10426736500810585,-0.005459638148565956,2023-11-01
2023-11-29,2023-11-29,2023-11-29 00:01:00,2023-12-06 00:01:00,0.09478961556780963,-0.011990485765873119,2023-11-01
2023-11-30,2023-11-30,2023-11-30 00:01:00,2023-12-07 00:01:00,0.11080451161163496,-0.013179831660797533,2023-11-01
2023-12-01,2023-12-01,2023-12-01 00:01:00,2023-12-08 00:01:00,0.14399114173228345,-0.0095454185267193,2023-12-01
2023-12-02,2023-12-02,2023-12-02 00:01:00,2023-12-09 00:01:00,0.12893225349066362,-0.00820742130536642,2023-12-01
2023-12-03,2023-12-03,2023-12-03 00:01:00,2023-12-10 00:01:00,0.12343819060609373,-0.018914678362916593,2023-12-01
2023-12-04,2023-12-04,2023-12-04 00:01:00,2023-12-11 00:01:00,0.08960143703038415,-0.019469117898171854,2023-12-01
2023-12-05,2023-12-05,2023-12-05 00:01:00,2023-12-12 00:01:00,0.002895500004516993,-0.030663381743391373,2023-12-01
2023-12-06,2023-12-06,2023-12-06 00:01:00,2023-12-13 00:01:00,-0.01581036532035618,-0.03278517409528252,2023-12-01
2023-12-07,2023-12-07,2023-12-07 00:01:00,2023-12-14 00:01:00,-0.015388368895000726,-0.023833614488212407,2023-12-01
2023-12-08,2023-12-08,2023-12-08 00:01:00,2023-12-15 00:01:00,-0.020859592444259056,-0.04377351704010894,2023-12-01
2023-12-09,2023-12-09,2023-12-09 00:01:00,2023-12-16 00:01:00,-0.05031931198910089,-0.03447931599800199,2023-12-01
2023-12-10,2023-12-10,2023-12-10 00:01:00,2023-12-17 00:01:00,-0.045298790960547564,-0.03504131098754805,2023-12-01
2023-12-11,2023-12-11,2023-12-11 00:01:00,2023-12-18 00:01:00,-0.056739818571944545,-0.020857291947547596,2023-12-01
2023-12-12,2023-12-12,2023-12-12 00:01:00,2023-12-19 00:01:00,-0.02863718870907439,-1.4359406952701385e-05,2023-12-01
2023-12-13,2023-12-13,2023-12-13 00:01:00,2023-12-20 00:01:00,-0.0012942624071458075,-0.005376505995947786,2023-12-01
2023-12-14,2023-12-14,2023-12-14 00:01:00,2023-12-21 00:01:00,0.013349191975166708,-0.010677573119443286,2023-12-01
2023-12-15,2023-12-15,2023-12-15 00:01:00,2023-12-22 00:01:00,-0.018667896841087717,-0.013901011975184261,2023-12-01
2023-12-16,2023-12-16,2023-12-16 00:01:00,2023-12-23 00:01:00,0.04080049851834233,-0.011824123911060998,2023-12-01
2023-12-17,2023-12-17,2023-12-17 00:01:00,2023-12-24 00:01:00,0.013045135103997518,-0.022736431488117763,2023-12-01
2023-12-18,2023-12-18,2023-12-18 00:01:00,2023-12-25 00:01:00,0.032436790825266515,-0.023714357788810588,2023-12-01
2023-12-19,2023-12-19,2023-12-19 00:01:00,2023-12-26 00:01:00,0.06008967778133267,-0.013052083121215176,2023-12-01
2023-12-20,2023-12-20,2023-12-20 00:01:00,2023-12-27 00:01:00,0.018836757230339396,-0.018915132259221333,2023-12-01
2023-12-21,2023-12-21,2023-12-21 00:01:00,2023-12-28 00:01:00,0.04291227258985275,-0.017923196227137474,2023-12-01
2023-12-22,2023-12-22,2023-12-22 00:01:00,2023-12-29 00:01:00,0.05571250128715399,-0.025023831314790225,2023-12-01
2023-12-23,2023-12-23,2023-12-23 00:01:00,2023-12-30 00:01:00,0.0035190944254444023,-0.02189266610742982,2023-12-01
2023-12-24,2023-12-24,2023-12-24 00:01:00,2023-12-31 00:01:00,0.012907769156074389,-0.02260438966271155,2023-12-01
2023-12-25,2023-12-25,2023-12-25 00:01:00,2024-01-01 00:01:00,0.004083733998830885,-0.019884470600160124,2023-12-01
2023-12-26,2023-12-26,2023-12-26 00:01:00,2024-01-02 00:01:00,0.013122211530049777,-0.02436657634144314,2023-12-01
2023-12-27,2023-12-27,2023-12-27 00:01:00,2024-01-03 00:01:00,0.05699723210046859,-0.01391333736060519,2023-12-01
2023-12-28,2023-12-28,2023-12-28 00:01:00,2024-01-04 00:01:00,-0.04650518382102187,-0.020780375110869786,2023-12-01
2023-12-29,2023-12-29,2023-12-29 00:01:00,2024-01-05 00:01:00,-0.033290218612836875,-0.010311370334595659,2023-12-01
2023-12-30,2023-12-30,2023-12-30 00:01:00,2024-01-06 00:01:00,-0.04343309912052162,-0.016034813030632623,2023-12-01
2023-12-31,2023-12-31,2023-12-31 00:01:00,2024-01-07 00:01:00,-0.029770310010234335,-0.01525195801354144,2023-12-01
2024-01-01,2024-01-01,2024-01-01 00:01:00,2024-01-08 00:01:00,-0.02999504645039075,-0.010699630595524553,2024-01-01
2024-01-02,2024-01-02,2024-01-02 00:01:00,2024-01-09 00:01:00,-0.018007944046282698,-0.011912741247309394,2024-01-01
2024-01-03,2024-01-03,2024-01-03 00:01:00,2024-01-10 00:01:00,-0.04347033898305086,-0.015229320595575567,2024-01-01
2024-01-04,2024-01-04,2024-01-04 00:01:00,2024-01-11 00:01:00,0.09359002445599929,0.002716564884119153,2024-01-01
2024-01-05,2024-01-05,2024-01-05 00:01:00,2024-01-12 00:01:00,0.1457568379724068,-0.0022895182845010485,2024-01-01
2024-01-06,2024-01-06,2024-01-06 00:01:00,2024-01-13 00:01:00,0.18752131382930992,0.001312330319218547,2024-01-01
2024-01-07,2024-01-07,2024-01-07 00:01:00,2024-01-14 00:01:00,0.14177114906155008,-0.008036855891552298,2024-01-01
2024-01-08,2024-01-08,2024-01-08 00:01:00,2024-01-15 00:01:00,0.13772481913678414,-0.011735854160912022,2024-01-01
2024-01-09,2024-01-09,2024-01-09 00:01:00,2024-01-16 00:01:00,0.10624359746580558,-0.0051395282389371305,2024-01-01
2024-01-10,2024-01-10,2024-01-10 00:01:00,2024-01-17 00:01:00,0.13403856632158084,-0.005125417361087921,2024-01-01
2024-01-11,2024-01-11,2024-01-11 00:01:00,2024-01-18 00:01:00,0.03875715453802142,-0.013049249681595543,2024-01-01
2024-01-12,2024-01-12,2024-01-12 00:01:00,2024-01-19 00:01:00,-0.033471041155367365,-0.025574015271257314,2024-01-01
2024-01-13,2024-01-13,2024-01-13 00:01:00,2024-01-20 00:01:00,-0.0689322919618669,-0.05276606194603177,2024-01-01
2024-01-14,2024-01-14,2024-01-14 00:01:00,2024-01-21 00:01:00,-0.039761121419550016,-0.02606423992905539,2024-01-01
2024-01-15,2024-01-15,2024-01-15 00:01:00,2024-01-22 00:01:00,-0.028132136388692164,-0.034084201297221464,2024-01-01
2024-01-16,2024-01-16,2024-01-16 00:01:00,2024-01-23 00:01:00,-0.054508095733941664,-0.02737738178933848,2024-01-01
2024-01-17,2024-01-17,2024-01-17 00:01:00,2024-01-24 00:01:00,-0.1330981761647505,-0.03193739396899383,2024-01-01
2024-01-18,2024-01-18,2024-01-18 00:01:00,2024-01-25 00:01:00,-0.12061555415617131,-0.024022038772861933,2024-01-01
2024-01-19,2024-01-19,2024-01-19 00:01:00,2024-01-26 00:01:00,-0.13261817706455803,-0.022847509607008213,2024-01-01
2024-01-20,2024-01-20,2024-01-20 00:01:00,2024-01-27 00:01:00,-0.08422616148826334,-0.015365885728521255,2024-01-01
2024-01-21,2024-01-21,2024-01-21 00:01:00,2024-01-28 00:01:00,-0.07833736583147954,-0.021631974800973085,2024-01-01
2024-01-22,2024-01-22,2024-01-22 00:01:00,2024-01-29 00:01:00,-0.08022363117062004,-0.01677350584275599,2024-01-01
2024-01-23,2024-01-23,2024-01-23 00:01:00,2024-01-30 00:01:00,-0.042955203678871956,0.004292521023124967,2024-01-01
2024-01-24,2024-01-24,2024-01-24 00:01:00,2024-01-31 00:01:00,0.05678469399709818,-0.026769165356904975,2024-01-01
2024-01-25,2024-01-25,2024-01-25 00:01:00,2024-02-01 00:01:00,0.04234360034730589,-0.03489585812103575,2024-01-01
2024-01-26,2024-01-26,2024-01-26 00:01:00,2024-02-02 00:01:00,0.045839213375898025,-0.03906069231277177,2024-01-01
2024-01-27,2024-01-27,2024-01-27 00:01:00,2024-02-03 00:01:00,0.02658051707481368,-0.026553379883749444,2024-01-01
2024-01-28,2024-01-28,2024-01-28 00:01:00,2024-02-04 00:01:00,0.015328033122646412,-0.025490193277915355,2024-01-01
2024-01-29,2024-01-29,2024-01-29 00:01:00,2024-02-05 00:01:00,0.013619165495764918,-0.015258476272556326,2024-01-01
2024-01-30,2024-01-30,2024-01-30 00:01:00,2024-02-06 00:01:00,0.007804813773717445,-0.006257472811968653,2024-01-01
2024-01-31,2024-01-31,2024-01-31 00:01:00,2024-02-07 00:01:00,-0.0001236526129078097,-0.005195150075703155,2024-01-01
2024-02-01,2024-02-01,2024-02-01 00:01:00,2024-02-08 00:01:00,0.017123596470512537,0.0033516202157718947,2024-02-01
2024-02-02,2024-02-02,2024-02-02 00:01:00,2024-02-09 00:01:00,0.07176481890671549,-0.003884067233776032,2024-02-01
2024-02-03,2024-02-03,2024-02-03 00:01:00,2024-02-10 00:01:00,0.07683939702657439,-0.005925991332615781,2024-02-01
2024-02-04,2024-02-04,2024-02-04 00:01:00,2024-02-11 00:01:00,0.08001214671496437,-0.0027246306617573508,2024-02-01
2024-02-05,2024-02-05,2024-02-05 00:01:00,2024-02-12 00:01:00,0.0901640412819118,-0.012053072750643273,2024-02-01
2024-02-06,2024-02-06,2024-02-06 00:01:00,2024-02-13 00:01:00,0.11476660114967063,-0.009772544902502787,2024-02-01
2024-02-07,2024-02-07,2024-02-07 00:01:00,2024-02-14 00:01:00,0.12316896873760674,-0.02309369147650698,2024-02-01
2024-02-08,2024-02-08,2024-02-08 00:01:00,2024-02-15 00:01:00,0.16098664741665702,-0.0202392645296784,2024-02-01
2024-02-09,2024-02-09,2024-02-09 00:01:00,2024-02-16 00:01:00,0.15119462824733532,-0.04843559890085629,2024-02-01
2024-02-10,2024-02-10,2024-02-10 00:01:00,2024-02-17 00:01:00,0.11239837724291646,-0.030442349141794705,2024-02-01
2024-02-11,2024-02-11,2024-02-11 00:01:00,2024-02-18 00:01:00,0.10547921545314676,-0.04733284938516337,2024-02-01
2024-02-12,2024-02-12,2024-02-12 00:01:00,2024-02-19 00:01:00,0.11847780160558696,-0.050874102429377926,2024-02-01
2024-02-13,2024-02-13,2024-02-13 00:01:00,2024-02-20 00:01:00,0.13741296605431796,-0.04265767302942643,2024-02-01
2024-02-14,2024-02-14,2024-02-14 00:01:00,2024-02-21 00:01:00,0.11007965616481008,-0.03287964170015903,2024-02-01
2024-02-15,2024-02-15,2024-02-15 00:01:00,2024-02-22 00:01:00,0.0591015860780022,-0.05905569135887539,2024-02-01
2024-02-16,2024-02-16,2024-02-16 00:01:00,2024-02-23 00:01:00,0.055977914631556436,-0.060069725086910906,2024-02-01
2024-02-17,2024-02-17,2024-02-17 00:01:00,2024-02-24 00:01:00,0.05056398428772213,-0.031316553758798125,2024-02-01
2024-02-18,2024-02-18,2024-02-18 00:01:00,2024-02-25 00:01:00,0.07420999276939444,-0.02721571912010218,2024-02-01
2024-02-19,2024-02-19,2024-02-19 00:01:00,2024-02-26 00:01:00,0.08417766405200355,-0.030517867252484083,2024-02-01
2024-02-20,2024-02-20,2024-02-20 00:01:00,2024-02-27 00:01:00,0.07973465319309825,-0.04197898037047042,2024-02-01
2024-02-21,2024-02-21,2024-02-21 00:01:00,2024-02-28 00:01:00,0.10563488670371957,-0.02103079168326225,2024-02-01
2024-02-22,2024-02-22,2024-02-22 00:01:00,2024-02-29 00:01:00,0.1511405147079019,-0.022625809319404604,2024-02-01
2024-02-23,2024-02-23,2024-02-23 00:01:00,2024-03-01 00:01:00,0.16345573744117758,-0.03982285370309395,2024-02-01
2024-02-24,2024-02-24,2024-02-24 00:01:00,2024-03-02 00:01:00,0.16447185622991123,-0.03248443167968566,2024-02-01
2024-02-25,2024-02-25,2024-02-25 00:01:00,2024-03-03 00:01:00,0.15644882510324964,-0.04113892542263506,2024-02-01
2024-02-26,2024-02-26,2024-02-26 00:01:00,2024-03-04 00:01:00,0.12585424220211228,-0.05922737878329089,2024-02-01
2024-02-27,2024-02-27,2024-02-27 00:01:00,2024-03-05 00:01:00,0.13500754445498475,-0.051275580069101795,2024-02-01
2024-02-28,2024-02-28,2024-02-28 00:01:00,2024-03-06 00:01:00,0.174614861102518,-0.05541352922522096,2024-02-01
2024-02-29,2024-02-29,2024-02-29 00:01:00,2024-03-07 00:01:00,0.1321970205341565,-0.068493996614926,2024-02-01
2024-03-01,2024-03-01,2024-03-01 00:01:00,2024-03-08 00:01:00,0.1079527776817506,-0.04217078823733239,2024-03-01
2024-03-02,2024-03-02,2024-03-02 00:01:00,2024-03-09 00:01:00,0.15170502079724746,-0.04805365249218174,2024-03-01
2024-03-03,2024-03-03,2024-03-03 00:01:00,2024-03-10 00:01:00,0.14698621803121426,-0.05917793577679527,2024-03-01
2024-03-04,2024-03-04,2024-03-04 00:01:00,2024-03-11 00:01:00,0.13545827202018068,-0.0424519772088214,2024-03-01
2024-03-05,2024-03-05,2024-03-05 00:01:00,2024-03-12 00:01:00,0.12719429867984489,-0.03929025734831761,2024-03-01
2024-03-06,2024-03-06,2024-03-06 00:01:00,2024-03-13 00:01:00,0.0519112155193755,-0.02826785631396541,2024-03-01
2024-03-07,2024-03-07,2024-03-07 00:01:00,2024-03-14 00:01:00,0.04428112322849165,-0.017153067004834675,2024-03-01
2024-03-08,2024-03-08,2024-03-08 00:01:00,2024-03-15 00:01:00,0.002576723167367456,-0.03442483877301309,2024-03-01
2024-03-09,2024-03-09,2024-03-09 00:01:00,2024-03-16 00:01:00,-0.05510439500008957,-0.03847974217622029,2024-03-01
2024-03-10,2024-03-10,2024-03-10 00:01:00,2024-03-17 00:01:00,-0.062631646053806,-0.039399308485097324,2024-03-01
2024-03-11,2024-03-11,2024-03-11 00:01:00,2024-03-18 00:01:00,-0.06797908968652522,-0.04120576263466728,2024-03-01
2024-03-12,2024-03-12,2024-03-12 00:01:00,2024-03-19 00:01:00,-0.12247574023388907,-0.033259148368077966,2024-03-01
2024-03-13,2024-03-13,2024-03-13 00:01:00,2024-03-20 00:01:00,-0.17261408502892972,-0.04095038121365812,2024-03-01
2024-03-14,2024-03-14,2024-03-14 00:01:00,2024-03-21 00:01:00,-0.17135433746184703,-0.036652705871328406,2024-03-01
2024-03-15,2024-03-15,2024-03-15 00:01:00,2024-03-22 00:01:00,-0.09434162888886588,-0.0360109028492458,2024-03-01
2024-03-16,2024-03-16,2024-03-16 00:01:00,2024-03-23 00:01:00,-0.09505905154795458,-0.029523350819720538,2024-03-01
2024-03-17,2024-03-17,2024-03-17 00:01:00,2024-03-24 00:01:00,-0.07557897543180014,-0.039110345518975805,2024-03-01
2024-03-18,2024-03-18,2024-03-18 00:01:00,2024-03-25 00:01:00,-0.06204236582041711,-0.04148516844060793,2024-03-01
2024-03-19,2024-03-19,2024-03-19 00:01:00,2024-03-26 00:01:00,0.015592170739798794,-0.05648385135899014,2024-03-01
2024-03-20,2024-03-20,2024-03-20 00:01:00,2024-03-27 00:01:00,0.08816178072574998,-0.055173701791207,2024-03-01
2024-03-21,2024-03-21,2024-03-21 00:01:00,2024-03-28 00:01:00,0.07289193302891928,-0.05443815080612722,2024-03-01
2024-03-22,2024-03-22,2024-03-22 00:01:00,2024-03-29 00:01:00,0.02498203092113349,-0.027394511469670556,2024-03-01
2024-03-23,2024-03-23,2024-03-23 00:01:00,2024-03-30 00:01:00,0.044593875072538314,-0.024648656022399587,2024-03-01
2024-03-24,2024-03-24,2024-03-24 00:01:00,2024-03-31 00:01:00,0.04069074504056713,-0.022810804715236235,2024-03-01
2024-03-25,2024-03-25,2024-03-25 00:01:00,2024-04-01 00:01:00,0.06514615823562986,-0.024011477061927723,2024-03-01
2024-03-26,2024-03-26,2024-03-26 00:01:00,2024-04-02 00:01:00,-0.03619170463682664,-0.009664330901737165,2024-03-01
2024-03-27,2024-03-27,2024-03-27 00:01:00,2024-04-03 00:01:00,-0.09901642626533969,0.00044176034371825636,2024-03-01
2024-03-28,2024-03-28,2024-03-28 00:01:00,2024-04-04 00:01:00,-0.05457589127381579,-0.0001855647173669584,2024-03-01
2024-03-29,2024-03-29,2024-03-29 00:01:00,2024-04-05 00:01:00,-0.06039085308785108,-0.004115390986355624,2024-03-01
2024-03-30,2024-03-30,2024-03-30 00:01:00,2024-04-06 00:01:00,-0.04771000017181437,-0.0014243563111147207,2024-03-01
2024-03-31,2024-03-31,2024-03-31 00:01:00,2024-04-07 00:01:00,-0.055800630029917864,0.0018118776651669267,2024-03-01
2024-04-01,2024-04-01,2024-04-01 00:01:00,2024-04-08 00:01:00,-0.0628103235926013,-0.008545576650573896,2024-04-01
2024-04-02,2024-04-02,2024-04-02 00:01:00,2024-04-09 00:01:00,0.052828253860659924,-0.0009322752469248874,2024-04-01
2024-04-03,2024-04-03,2024-04-03 00:01:00,2024-04-10 00:01:00,0.09012345679012346,-0.0166828193888899,2024-04-01
2024-04-04,2024-04-04,2024-04-04 00:01:00,2024-04-11 00:01:00,0.04451547072416795,-0.017192298188614827,2024-04-01
2024-04-05,2024-04-05,2024-04-05 00:01:00,2024-04-12 00:01:00,0.04272729164870248,-0.030039191611271138,2024-04-01
2024-04-06,2024-04-06,2024-04-06 00:01:00,2024-04-13 00:01:00,0.03424115855217069,-0.02447497054432018,2024-04-01
2024-04-07,2024-04-07,2024-04-07 00:01:00,2024-04-14 00:01:00,-0.01970643993279453,-0.030890790500673886,2024-04-01
2024-04-08,2024-04-08,2024-04-08 00:01:00,2024-04-15 00:01:00,-0.09904914004190035,-0.029918307728462143,2024-04-01
2024-04-09,2024-04-09,2024-04-09 00:01:00,2024-04-16 00:01:00,-0.12937680561287657,0.002592234176932021,2024-04-01
2024-04-10,2024-04-10,2024-04-10 00:01:00,2024-04-17 00:01:00,-0.1466251415628539,-0.0018675925143597704,2024-04-01
2024-04-11,2024-04-11,2024-04-11 00:01:00,2024-04-18 00:01:00,-0.15293512583215285,-0.0117987215188598,2024-04-01
2024-04-12,2024-04-12,2024-04-12 00:01:00,2024-04-19 00:01:00,-0.12486562167618598,-0.010162276110282448,2024-04-01
2024-04-13,2024-04-13,2024-04-13 00:01:00,2024-04-20 00:01:00,-0.1033406989591209,-0.01614691000745346,2024-04-01
2024-04-14,2024-04-14,2024-04-14 00:01:00,2024-04-21 00:01:00,-0.04925440164242445,-0.019055715405060573,2024-04-01
2024-04-15,2024-04-15,2024-04-15 00:01:00,2024-04-22 00:01:00,0.0339447020885526,-0.024651628622610704,2024-04-01
2024-04-16,2024-04-16,2024-04-16 00:01:00,2024-04-23 00:01:00,0.005950800814087165,-0.016814939707278487,2024-04-01
2024-04-17,2024-04-17,2024-04-17 00:01:00,2024-04-24 00:01:00,0.07030244316749168,-0.023089589699975887,2024-04-01
2024-04-18,2024-04-18,2024-04-18 00:01:00,2024-04-25 00:01:00,0.07907331716500177,-0.026801439868353594,2024-04-01
2024-04-19,2024-04-19,2024-04-19 00:01:00,2024-04-26 00:01:00,0.02978494623655914,-0.005920852458708288,2024-04-01
2024-04-20,2024-04-20,2024-04-20 00:01:00,2024-04-27 00:01:00,0.010713463490241715,0.0015060258827925012,2024-04-01
2024-04-21,2024-04-21,2024-04-21 00:01:00,2024-04-28 00:01:00,0.010928698356999833,-0.009132488496895158,2024-04-01
2024-04-22,2024-04-22,2024-04-22 00:01:00,2024-04-29 00:01:00,0.05067042870111749,0.002599095464572894,2024-04-01
2024-04-23,2024-04-23,2024-04-23 00:01:00,2024-04-30 00:01:00,-0.0009770318964786862,7.113919665442062e-05,2024-04-01
2024-04-24,2024-04-24,2024-04-24 00:01:00,2024-05-01 00:01:00,-0.07154946342552126,0.00573596090758506,2024-04-01
2024-04-25,2024-04-25,2024-04-25 00:01:00,2024-05-02 00:01:00,-0.09444027070949657,-0.008114455216477409,2024-04-01
2024-04-26,2024-04-26,2024-04-26 00:01:00,2024-05-03 00:01:00,-0.05442964678633466,-0.0017085265235544022,2024-04-01
2024-04-27,2024-04-27,2024-04-27 00:01:00,2024-05-04 00:01:00,-0.012909807796574357,-0.006806550313054789,2024-04-01
2024-04-28,2024-04-28,2024-04-28 00:01:00,2024-05-05 00:01:00,-0.005193897012078841,-0.007550644688577479,2024-04-01
2024-04-29,2024-04-29,2024-04-29 00:01:00,2024-05-06 00:01:00,-0.04781129576107901,0.007674298548925981,2024-04-01
2024-04-30,2024-04-30,2024-04-30 00:01:00,2024-05-07 00:01:00,-0.029166666666666674,0.004181102222641221,2024-04-01
2024-05-01,2024-05-01,2024-05-01 00:01:00,2024-05-08 00:01:00,0.02520699786324787,-0.01750236150142662,2024-05-01
2024-05-02,2024-05-02,2024-05-02 00:01:00,2024-05-09 00:01:00,0.043851945446277574,-0.015145179799340241,2024-05-01
2024-05-03,2024-05-03,2024-05-03 00:01:00,2024-05-10 00:01:00,0.005969769675310266,-0.00028319691178885133,2024-05-01
2024-05-04,2024-05-04,2024-05-04 00:01:00,2024-05-11 00:01:00,-0.0522495994175709,-0.0025125172557340725,2024-05-01
2024-05-05,2024-05-05,2024-05-05 00:01:00,2024-05-12 00:01:00,-0.06476102835451769,-0.0025976396321569463,2024-05-01
2024-05-06,2024-05-06,2024-05-06 00:01:00,2024-05-13 00:01:00,-0.07154442754656487,0.0033097718494671897,2024-05-01
2024-05-07,2024-05-07,2024-05-07 00:01:00,2024-05-14 00:01:00,-0.040527977973924934,0.003200705917693088,2024-05-01
2024-05-08,2024-05-08,2024-05-08 00:01:00,2024-05-15 00:01:00,-0.05688605204025132,-0.002072097265343845,2024-05-01
2024-05-09,2024-05-09,2024-05-09 00:01:00,2024-05-16 00:01:00,-0.010052674284042107,-0.021778978567570953,2024-05-01
2024-05-10,2024-05-10,2024-05-10 00:01:00,2024-05-17 00:01:00,-0.01640260392584736,-0.01525217218151776,2024-05-01
2024-05-11,2024-05-11,2024-05-11 00:01:00,2024-05-18 00:01:00,0.06821307197163251,-0.010264876844243483,2024-05-01
2024-05-12,2024-05-12,2024-05-12 00:01:00,2024-05-19 00:01:00,0.06330757299332435,-0.011321324958283842,2024-05-01
2024-05-13,2024-05-13,2024-05-13 00:01:00,2024-05-20 00:01:00,0.047685858382910284,-0.007980320421854998,2024-05-01
2024-05-14,2024-05-14,2024-05-14 00:01:00,2024-05-21 00:01:00,0.053174573702031935,0.005775696150776966,2024-05-01
2024-05-15,2024-05-15,2024-05-15 00:01:00,2024-05-22 00:01:00,0.3028639304977174,0.013545539446483627,2024-05-01
2024-05-16,2024-05-16,2024-05-16 00:01:00,2024-05-23 00:01:00,0.264315922779508,0.012299646976059564,2024-05-01
2024-05-17,2024-05-17,2024-05-17 00:01:00,2024-05-24 00:01:00,0.29106637988176876,0.016656782473729398,2024-05-01
2024-05-18,2024-05-18,2024-05-18 00:01:00,2024-05-25 00:01:00,0.18564521721264104,0.015315094575965627,2024-05-01
2024-05-19,2024-05-19,2024-05-19 00:01:00,2024-05-26 00:01:00,0.2035099669695528,0.017197369966411226,2024-05-01
2024-05-20,2024-05-20,2024-05-20 00:01:00,2024-05-27 00:01:00,0.24776859719035027,0.020389873371131614,2024-05-01
2024-05-21,2024-05-21,2024-05-21 00:01:00,2024-05-28 00:01:00,0.27162428998217747,0.028668306810437607,2024-05-01
2024-05-22,2024-05-22,2024-05-22 00:01:00,2024-05-29 00:01:00,0.02431409549656527,0.046192534450895384,2024-05-01
2024-05-23,2024-05-23,2024-05-23 00:01:00,2024-05-30 00:01:00,-0.002399183799265736,-0.014454928594695313,2024-05-01
2024-05-24,2024-05-24,2024-05-24 00:01:00,2024-05-31 00:01:00,-0.010401877629283462,-0.013602575245046343,2024-05-01
2024-05-25,2024-05-25,2024-05-25 00:01:00,2024-06-01 00:01:00,0.01628673314939122,-0.0007421539537796644,2024-05-01
2024-05-26,2024-05-26,2024-05-26 00:01:00,2024-06-02 00:01:00,0.015124170373178591,-0.016200542810450167,2024-05-01
2024-05-27,2024-05-27,2024-05-27 00:01:00,2024-06-03 00:01:00,-0.010029149658357661,-0.019760309239675075,2024-05-01
2024-05-28,2024-05-28,2024-05-28 00:01:00,2024-06-04 00:01:00,-0.04258875072157631,-0.019129698454623614,2024-05-01
2024-05-29,2024-05-29,2024-05-29 00:01:00,2024-06-05 00:01:00,-0.013074212261246276,0.009124661726501327,2024-05-01
2024-05-30,2024-05-30,2024-05-30 00:01:00,2024-06-06 00:01:00,0.016088953991610477,0.013216637602631632,2024-05-01
2024-05-31,2024-05-31,2024-05-31 00:01:00,2024-06-07 00:01:00,0.01807367643672242,0.012011500885309126,2024-05-01
2024-06-01,2024-06-01,2024-06-01 00:01:00,2024-06-08 00:01:00,0.011938699931261176,0.011382922996111312,2024-06-01
2024-06-02,2024-06-02,2024-06-02 00:01:00,2024-06-09 00:01:00,-0.029958104415473752,0.006976588078530348,2024-06-01
2024-06-03,2024-06-03,2024-06-03 00:01:00,2024-06-10 00:01:00,-0.0285581965681746,0.005136034909714848,2024-06-01
2024-06-04,2024-06-04,2024-06-04 00:01:00,2024-06-11 00:01:00,-0.02555778476380055,0.012978342235459761,2024-06-01
2024-06-05,2024-06-05,2024-06-05 00:01:00,2024-06-12 00:01:00,-0.09339779201065457,0.012432183767023439,2024-06-01
2024-06-06,2024-06-06,2024-06-06 00:01:00,2024-06-13 00:01:00,-0.05064007800459214,0.00726042533244543,2024-06-01
2024-06-07,2024-06-07,2024-06-07 00:01:00,2024-06-14 00:01:00,-0.10365690365690372,0.005409570243912659,2024-06-01
2024-06-08,2024-06-08,2024-06-08 00:01:00,2024-06-15 00:01:00,-0.08740834353566873,0.008823869148201598,2024-06-01
2024-06-09,2024-06-09,2024-06-09 00:01:00,2024-06-16 00:01:00,-0.03342370675631712,0.00976130064519973,2024-06-01
2024-06-10,2024-06-10,2024-06-10 00:01:00,2024-06-17 00:01:00,-0.027303902182686968,-0.0005310088168953425,2024-06-01
2024-06-11,2024-06-11,2024-06-11 00:01:00,2024-06-18 00:01:00,-0.05446920958986645,-0.0011576780059331642,2024-06-01
2024-06-12,2024-06-12,2024-06-12 00:01:00,2024-06-19 00:01:00,-0.010821033637162802,0.0007605010118438213,2024-06-01
2024-06-13,2024-06-13,2024-06-13 00:01:00,2024-06-20 00:01:00,-0.025389568079161595,0.005174087678981016,2024-06-01
2024-06-14,2024-06-14,2024-06-14 00:01:00,2024-06-21 00:01:00,0.01799870629766187,0.005526664794758954,2024-06-01
2024-06-15,2024-06-15,2024-06-15 00:01:00,2024-06-22 00:01:00,0.006075888014402064,0.0036551287850287734,2024-06-01
2024-06-16,2024-06-16,2024-06-16 00:01:00,2024-06-23 00:01:00,-0.01687741226101791,0.017241117263221403,2024-06-01
2024-06-17,2024-06-17,2024-06-17 00:01:00,2024-06-24 00:01:00,-0.03186038351647735,0.009787812313894678,2024-06-01
2024-06-18,2024-06-18,2024-06-18 00:01:00,2024-06-25 00:01:00,-0.06355375207178371,0.01838799096225012,2024-06-01
2024-06-19,2024-06-19,2024-06-19 00:01:00,2024-06-26 00:01:00,-0.0008857939695847694,0.026379101943543155,2024-06-01
2024-06-20,2024-06-20,2024-06-20 00:01:00,2024-06-27 00:01:00,-0.04751558073654394,0.01959516324902593,2024-06-01
2024-06-21,2024-06-21,2024-06-21 00:01:00,2024-06-28 00:01:00,-0.016745879778431227,0.004193584863832334,2024-06-01
2024-06-22,2024-06-22,2024-06-22 00:01:00,2024-06-29 00:01:00,-0.020167927460842727,0.011953504988511006,2024-06-01
2024-06-23,2024-06-23,2024-06-23 00:01:00,2024-06-30 00:01:00,-0.0314983095336594,0.0007841761879879162,2024-06-01
2024-06-24,2024-06-24,2024-06-24 00:01:00,2024-07-01 00:01:00,-0.021624762337591474,0.0055089512345456995,2024-06-01
2024-06-25,2024-06-25,2024-06-25 00:01:00,2024-07-02 00:01:00,0.06034482758620685,0.0034646012617703652,2024-06-01
2024-06-26,2024-06-26,2024-06-26 00:01:00,2024-07-03 00:01:00,-0.0008309852149004371,0.010586521960497199,2024-06-01
2024-06-27,2024-06-27,2024-06-27 00:01:00,2024-07-04 00:01:00,-0.017009341902940567,-0.005890516982185937,2024-06-01
2024-06-28,2024-06-28,2024-06-28 00:01:00,2024-07-05 00:01:00,-0.09222632760993987,0.005768559377216967,2024-06-01
2024-06-29,2024-06-29,2024-06-29 00:01:00,2024-07-06 00:01:00,-0.12624345530584824,0.007557353752955131,2024-06-01
2024-06-30,2024-06-30,2024-06-30 00:01:00,2024-07-07 00:01:00,-0.11075105684111308,0.004317142863642795,2024-06-01
2024-07-01,2024-07-01,2024-07-01 00:01:00,2024-07-08 00:01:00,-0.12633658592516583,0.0094853353885015,2024-07-01
2024-07-02,2024-07-02,2024-07-02 00:01:00,2024-07-09 00:01:00,-0.14387509892798034,0.009646541085067746,2024-07-01
2024-07-03,2024-07-03,2024-07-03 00:01:00,2024-07-10 00:01:00,-0.10161971892854316,-0.0018068360647877577,2024-07-01
2024-07-04,2024-07-04,2024-07-04 00:01:00,2024-07-11 00:01:00,-0.055499413024798105,0.0051697271316585944,2024-07-01
2024-07-05,2024-07-05,2024-07-05 00:01:00,2024-07-12 00:01:00,-0.005018355945730191,0.02101619756500537,2024-07-01
2024-07-06,2024-07-06,2024-07-06 00:01:00,2024-07-13 00:01:00,0.04818909875298516,0.03718737608222193,2024-07-01
2024-07-07,2024-07-07,2024-07-07 00:01:00,2024-07-14 00:01:00,0.04551778970383635,0.014067055780994478,2024-07-01
2024-07-08,2024-07-08,2024-07-08 00:01:00,2024-07-15 00:01:00,0.07329212193816925,0.02034698348389679,2024-07-01
2024-07-09,2024-07-09,2024-07-09 00:01:00,2024-07-16 00:01:00,0.13251221922670942,0.03691868048983298,2024-07-01
2024-07-10,2024-07-10,2024-07-10 00:01:00,2024-07-17 00:01:00,0.13470653045524772,0.025846103894458055,2024-07-01
2024-07-11,2024-07-11,2024-07-11 00:01:00,2024-07-18 00:01:00,0.10054618551086758,0.020480709841830605,2024-07-01
2024-07-12,2024-07-12,2024-07-12 00:01:00,2024-07-19 00:01:00,0.08765777501138983,0.028377358045749358,2024-07-01
2024-07-13,2024-07-13,2024-07-13 00:01:00,2024-07-20 00:01:00,0.10816130887710096,0.02320952035349872,2024-07-01
2024-07-14,2024-07-14,2024-07-14 00:01:00,2024-07-21 00:01:00,0.11051964512040557,0.018541075526855667,2024-07-01
2024-07-15,2024-07-15,2024-07-15 00:01:00,2024-07-22 00:01:00,0.09677783456185507,0.02141852550967286,2024-07-01
2024-07-16,2024-07-16,2024-07-16 00:01:00,2024-07-23 00:01:00,0.025977880808068843,0.020357439226399748,2024-07-01
2024-07-17,2024-07-17,2024-07-17 00:01:00,2024-07-24 00:01:00,-0.007167418838677109,0.021392189687696676,2024-07-01
2024-07-18,2024-07-18,2024-07-18 00:01:00,2024-07-25 00:01:00,-0.005472242921013448,0.01652826963810971,2024-07-01
2024-07-19,2024-07-19,2024-07-19 00:01:00,2024-07-26 00:01:00,-0.07332175021165255,0.017285588452701714,2024-07-01
2024-07-20,2024-07-20,2024-07-20 00:01:00,2024-07-27 00:01:00,-0.0613285350127456,0.013201213489062825,2024-07-01
2024-07-21,2024-07-21,2024-07-21 00:01:00,2024-07-28 00:01:00,-0.06382104542341938,0.012989810186434535,2024-07-01
2024-07-22,2024-07-22,2024-07-22 00:01:00,2024-07-29 00:01:00,-0.06528040615870134,0.011675815790498355,2024-07-01
2024-07-23,2024-07-23,2024-07-23 00:01:00,2024-07-30 00:01:00,-0.0435869395406967,0.020263300911994,2024-07-01
2024-07-24,2024-07-24,2024-07-24 00:01:00,2024-07-31 00:01:00,-0.038653619129186856,0.028745116728142804,2024-07-01
2024-07-25,2024-07-25,2024-07-25 00:01:00,2024-08-01 00:01:00,-0.03396825025170336,0.026514503014227104,2024-07-01
2024-07-26,2024-07-26,2024-07-26 00:01:00,2024-08-02 00:01:00,-0.008620278026249206,0.04319205639989704,2024-07-01
2024-07-27,2024-07-27,2024-07-27 00:01:00,2024-08-03 00:01:00,-0.06820779061194393,0.03673181183683266,2024-07-01
2024-07-28,2024-07-28,2024-07-28 00:01:00,2024-08-04 00:01:00,-0.10335190422782459,0.028311379738519528,2024-07-01
2024-07-29,2024-07-29,2024-07-29 00:01:00,2024-08-05 00:01:00,-0.13364201872908876,0.028715212611627426,2024-07-01
2024-07-30,2024-07-30,2024-07-30 00:01:00,2024-08-06 00:01:00,-0.25925623434607425,0.02723653670101276,2024-07-01
2024-07-31,2024-07-31,2024-07-31 00:01:00,2024-08-07 00:01:00,-0.2396666355654946,0.024403736898070984,2024-07-01
2024-08-01,2024-08-01,2024-08-01 00:01:00,2024-08-08 00:01:00,-0.2697369616985694,0.013278416490808603,2024-08-01
2024-08-02,2024-08-02,2024-08-02 00:01:00,2024-08-09 00:01:00,-0.1959927432690609,0.02820873821768021,2024-08-01
2024-08-03,2024-08-03,2024-08-03 00:01:00,2024-08-10 00:01:00,-0.15455777289106787,0.04449964227836577,2024-08-01
2024-08-04,2024-08-04,2024-08-04 00:01:00,2024-08-11 00:01:00,-0.11543128677332859,0.05841636271710601,2024-08-01
2024-08-05,2024-08-05,2024-08-05 00:01:00,2024-08-12 00:01:00,-0.07829709121717032,0.07940757024335661,2024-08-01
2024-08-06,2024-08-06,2024-08-06 00:01:00,2024-08-13 00:01:00,0.09674494958775881,0.164609751586356,2024-08-01
2024-08-07,2024-08-07,2024-08-07 00:01:00,2024-08-14 00:01:00,0.04996041485234737,0.07017243195229772,2024-08-01
2024-08-08,2024-08-08,2024-08-08 00:01:00,2024-08-15 00:01:00,0.10595971539402993,0.06966957271839389,2024-08-01
2024-08-09,2024-08-09,2024-08-09 00:01:00,2024-08-16 00:01:00,0.06649467243885687,0.03757119445896076,2024-08-01
2024-08-10,2024-08-10,2024-08-10 00:01:00,2024-08-17 00:01:00,0.0018484072111280003,0.023715742647414703,2024-08-01
2024-08-11,2024-08-11,2024-08-11 00:01:00,2024-08-18 00:01:00,0.002005833054745443,0.0021401291089318177,2024-08-01
2024-08-12,2024-08-12,2024-08-12 00:01:00,2024-08-19 00:01:00,0.023584833397165772,-0.0009400307738929737,2024-08-01
2024-08-13,2024-08-13,2024-08-13 00:01:00,2024-08-20 00:01:00,-0.03861906676794302,0.005287701383517425,2024-08-01
2024-08-14,2024-08-14,2024-08-14 00:01:00,2024-08-21 00:01:00,-0.030051915050840594,-0.004443007952604373,2024-08-01
2024-08-15,2024-08-15,2024-08-15 00:01:00,2024-08-22 00:01:00,-0.024139547969614483,-0.011014534007875802,2024-08-01
2024-08-16,2024-08-16,2024-08-16 00:01:00,2024-08-23 00:01:00,-0.026916710978632907,-0.02561982349068529,2024-08-01
2024-08-17,2024-08-17,2024-08-17 00:01:00,2024-08-24 00:01:00,0.038830567784174264,-0.020310978335650376,2024-08-01
2024-08-18,2024-08-18,2024-08-18 00:01:00,2024-08-25 00:01:00,0.0592031845008687,-0.0235353346478807,2024-08-01
2024-08-19,2024-08-19,2024-08-19 00:01:00,2024-08-26 00:01:00,0.03382873478062387,-0.027755657722243227,2024-08-01
2024-08-20,2024-08-20,2024-08-20 00:01:00,2024-08-27 00:01:00,0.05337335398915566,-0.0288567926756617,2024-08-01
2024-08-21,2024-08-21,2024-08-21 00:01:00,2024-08-28 00:01:00,0.0008434718389240814,-0.029617068409267665,2024-08-01
2024-08-22,2024-08-22,2024-08-22 00:01:00,2024-08-29 00:01:00,-0.042384869685553994,-0.027385871115155433,2024-08-01
2024-08-23,2024-08-23,2024-08-23 00:01:00,2024-08-30 00:01:00,-0.008135212308260642,-0.02888608995273035,2024-08-01
2024-08-24,2024-08-24,2024-08-24 00:01:00,2024-08-31 00:01:00,-0.08391566468205647,-0.02315407286283213,2024-08-01
2024-08-25,2024-08-25,2024-08-25 00:01:00,2024-09-01 00:01:00,-0.08816405443861541,-0.009895098522419784,2024-08-01
2024-08-26,2024-08-26,2024-08-26 00:01:00,2024-09-02 00:01:00,-0.10302245031650481,-0.022061459809420203,2024-08-01
2024-08-27,2024-08-27,2024-08-27 00:01:00,2024-09-03 00:01:00,-0.07573323136542631,-0.02178839346781542,2024-08-01
2024-08-28,2024-08-28,2024-08-28 00:01:00,2024-09-04 00:01:00,-0.05106277210111576,-0.022711750393819452,2024-08-01
2024-08-29,2024-08-29,2024-08-29 00:01:00,2024-09-05 00:01:00,-0.013347302841269504,-0.012242841827062046,2024-08-01
2024-08-30,2024-08-30,2024-08-30 00:01:00,2024-09-06 00:01:00,-0.07990098702588622,-0.018197136893244134,2024-08-01
2024-08-31,2024-08-31,2024-08-31 00:01:00,2024-09-07 00:01:00,-0.06409642890740352,-0.01666548957038072,2024-08-01
2024-09-01,2024-09-01,2024-09-01 00:01:00,2024-09-08 00:01:00,-0.08605519158229102,-0.012913828335949494,2024-09-01
2024-09-02,2024-09-02,2024-09-02 00:01:00,2024-09-09 00:01:00,-0.09320351525617965,-0.009020015789447984,2024-09-01
2024-09-03,2024-09-03,2024-09-03 00:01:00,2024-09-10 00:01:00,-0.08792559560511237,-0.00046876835904843643,2024-09-01
2024-09-04,2024-09-04,2024-09-04 00:01:00,2024-09-11 00:01:00,-0.0468488452518836,0.000857913805993561,2024-09-01
2024-09-05,2024-09-05,2024-09-05 00:01:00,2024-09-12 00:01:00,-0.05276476978221156,0.021407361490512155,2024-09-01
2024-09-06,2024-09-06,2024-09-06 00:01:00,2024-09-13 00:01:00,-0.02029095509171408,0.022954298060568548,2024-09-01
2024-09-07,2024-09-07,2024-09-07 00:01:00,2024-09-14 00:01:00,0.05284066078140026,0.03404773803742965,2024-09-01
2024-09-08,2024-09-08,2024-09-08 00:01:00,2024-09-15 00:01:00,0.050765280631861476,0.031178200634087813,2024-09-01
2024-09-09,2024-09-09,2024-09-09 00:01:00,2024-09-16 00:01:00,0.07162658241929387,0.015737952281617923,2024-09-01
2024-09-10,2024-09-10,2024-09-10 00:01:00,2024-09-17 00:01:00,-0.0018754361479415005,0.026268700352131517,2024-09-01
2024-09-11,2024-09-11,2024-09-11 00:01:00,2024-09-18 00:01:00,0.024496333064252918,0.02204760913832368,2024-09-01
2024-09-12,2024-09-12,2024-09-12 00:01:00,2024-09-19 00:01:00,-0.013452452538441628,0.01620285785725805,2024-09-01
2024-09-13,2024-09-13,2024-09-13 00:01:00,2024-09-20 00:01:00,0.050633129320214465,0.008953389141396945,2024-09-01
2024-09-14,2024-09-14,2024-09-14 00:01:00,2024-09-21 00:01:00,0.062417241221861985,0.012772792259001957,2024-09-01
2024-09-15,2024-09-15,2024-09-15 00:01:00,2024-09-22 00:01:00,0.05897577957678357,0.02249450319523888,2024-09-01
2024-09-16,2024-09-16,2024-09-16 00:01:00,2024-09-23 00:01:00,0.06729172203029488,0.01106349800544218,2024-09-01
2024-09-17,2024-09-17,2024-09-17 00:01:00,2024-09-24 00:01:00,0.1699235306969631,0.014013755479463952,2024-09-01
2024-09-18,2024-09-18,2024-09-18 00:01:00,2024-09-25 00:01:00,0.09586876616218998,0.00556150189301835,2024-09-01
2024-09-19,2024-09-19,2024-09-19 00:01:00,2024-09-26 00:01:00,0.13196597123053877,0.007646529694335507,2024-09-01
2024-09-20,2024-09-20,2024-09-20 00:01:00,2024-09-27 00:01:00,0.08516931446690323,0.0158467803473338,2024-09-01
2024-09-21,2024-09-21,2024-09-21 00:01:00,2024-09-28 00:01:00,0.0490412114960852,0.013827945843563859,2024-09-01
2024-09-22,2024-09-22,2024-09-22 00:01:00,2024-09-29 00:01:00,0.042307301874858316,-0.0092965676454039,2024-09-01
2024-09-23,2024-09-23,2024-09-23 00:01:00,2024-09-30 00:01:00,0.03684280145348162,-2.164340414645069e-06,2024-09-01
2024-09-24,2024-09-24,2024-09-24 00:01:00,2024-10-01 00:01:00,-0.030104169390110402,0.015021726278216367,2024-09-01
2024-09-25,2024-09-25,2024-09-25 00:01:00,2024-10-02 00:01:00,-0.035457087019210576,0.00237309916587703,2024-09-01
2024-09-26,2024-09-26,2024-09-26 00:01:00,2024-10-03 00:01:00,-0.053480974926826574,-0.00039442600889319675,2024-09-01
2024-09-27,2024-09-27,2024-09-27 00:01:00,2024-10-04 00:01:00,-0.1170930039412289,0.0039625447129491564,2024-09-01
2024-09-28,2024-09-28,2024-09-28 00:01:00,2024-10-05 00:01:00,-0.0982867783985103,0.0008705012745874111,2024-09-01
2024-09-29,2024-09-29,2024-09-29 00:01:00,2024-10-06 00:01:00,-0.09512215221642029,-0.006193375503289607,2024-09-01
2024-09-30,2024-09-30,2024-09-30 00:01:00,2024-10-07 00:01:00,-0.08163357197532528,-0.008437546805765793,2024-09-01
2024-10-01,2024-10-01,2024-10-01 00:01:00,2024-10-08 00:01:00,-0.046218956626886465,-0.00865107816430481,2024-10-01
2024-10-02,2024-10-02,2024-10-02 00:01:00,2024-10-09 00:01:00,-0.04083663758921485,-0.0057070712292838915,2024-10-01
2024-10-03,2024-10-03,2024-10-03 00:01:00,2024-10-10 00:01:00,0.0005201264557443963,0.003861098702121382,2024-10-01
2024-10-04,2024-10-04,2024-10-04 00:01:00,2024-10-11 00:01:00,0.02857936932121863,0.026460154766750205,2024-10-01
2024-10-05,2024-10-05,2024-10-05 00:01:00,2024-10-12 00:01:00,0.010623270414274577,0.015615275695635656,2024-10-01
2024-10-06,2024-10-06,2024-10-06 00:01:00,2024-10-13 00:01:00,0.024394787389058203,0.01031785560283054,2024-10-01
2024-10-07,2024-10-07,2024-10-07 00:01:00,2024-10-14 00:01:00,-0.0037303065960646586,0.01459839201648469,2024-10-01
2024-10-08,2024-10-08,2024-10-08 00:01:00,2024-10-15 00:01:00,0.06580397698596951,0.008695118559368326,2024-10-01
2024-10-09,2024-10-09,2024-10-09 00:01:00,2024-10-16 00:01:00,0.06439824556326745,0.010552419286443732,2024-10-01
2024-10-10,2024-10-10,2024-10-10 00:01:00,2024-10-17 00:01:00,0.06033173315138374,0.015706360120827156,2024-10-01
2024-10-11,2024-10-11,2024-10-11 00:01:00,2024-10-18 00:01:00,0.09309150769665653,0.023403704625386674,2024-10-01
2024-10-12,2024-10-12,2024-10-12 00:01:00,2024-10-19 00:01:00,0.08406012702201227,0.01862244437641094,2024-10-01
2024-10-13,2024-10-13,2024-10-13 00:01:00,2024-10-20 00:01:00,0.06938871175660011,0.020104053062858597,2024-10-01
2024-10-14,2024-10-14,2024-10-14 00:01:00,2024-10-21 00:01:00,0.10961741148872828,0.00280703024146166,2024-10-01
2024-10-15,2024-10-15,2024-10-15 00:01:00,2024-10-22 00:01:00,0.014880309728646512,0.02563073382298508,2024-10-01
2024-10-16,2024-10-16,2024-10-16 00:01:00,2024-10-23 00:01:00,0.01865394847735158,0.02684161171689628,2024-10-01
2024-10-17,2024-10-17,2024-10-17 00:01:00,2024-10-24 00:01:00,-0.026459626853380436,0.011656476302819426,2024-10-01
2024-10-18,2024-10-18,2024-10-18 00:01:00,2024-10-25 00:01:00,-0.038455541484600064,0.006419960902618324,2024-10-01
2024-10-19,2024-10-19,2024-10-19 00:01:00,2024-10-26 00:01:00,-0.049624882186616426,0.00872478568152898,2024-10-01
2024-10-20,2024-10-20,2024-10-20 00:01:00,2024-10-27 00:01:00,-0.07105338734544586,-0.007885391120108947,2024-10-01
2024-10-21,2024-10-21,2024-10-21 00:01:00,2024-10-28 00:01:00,-0.07373377487359922,0.003427475788087905,2024-10-01
2024-10-22,2024-10-22,2024-10-22 00:01:00,2024-10-29 00:01:00,-0.06666268509636031,-0.019835663308493477,2024-10-01
2024-10-23,2024-10-23,2024-10-23 00:01:00,2024-10-30 00:01:00,0.010031187805491726,-0.02210608466723072,2024-10-01
2024-10-24,2024-10-24,2024-10-24 00:01:00,2024-10-31 00:01:00,0.05527424666265346,-0.018325393255538273,2024-10-01
2024-10-25,2024-10-25,2024-10-25 00:01:00,2024-11-01 00:01:00,0.012632444896199635,-0.0140695467386349,2024-10-01
2024-10-26,2024-10-26,2024-10-26 00:01:00,2024-11-02 00:01:00,-0.007723524021468697,-0.01237912754821669,2024-10-01
2024-10-27,2024-10-27,2024-10-27 00:01:00,2024-11-03 00:01:00,0.012960228451484701,-0.009393309274037235,2024-10-01
2024-10-28,2024-10-28,2024-10-28 00:01:00,2024-11-04 00:01:00,-0.025293474530959426,-0.012021466375748349,2024-10-01
2024-10-29,2024-10-29,2024-10-29 00:01:00,2024-11-05 00:01:00,-0.023364074835427684,-0.0148237454715075,2024-10-01
2024-10-30,2024-10-30,2024-10-30 00:01:00,2024-11-06 00:01:00,-0.07925620864208249,-0.03315646031400289,2024-10-01
2024-10-31,2024-10-31,2024-10-31 00:01:00,2024-11-07 00:01:00,-0.016796039042867972,-0.03399835072371516,2024-10-01
2024-11-01,2024-11-01,2024-11-01 00:01:00,2024-11-08 00:01:00,0.11101997773741878,-0.02918864985626165,2024-11-01
2024-11-02,2024-11-02,2024-11-02 00:01:00,2024-11-09 00:01:00,0.1731390421364034,-0.013059774580549428,2024-11-01
2024-11-03,2024-11-03,2024-11-03 00:01:00,2024-11-10 00:01:00,0.22156095014356558,-0.013405283926930037,2024-11-01
2024-11-04,2024-11-04,2024-11-04 00:01:00,2024-11-11 00:01:00,0.3158437688053415,-0.003877517436797962,2024-11-01
2024-11-05,2024-11-05,2024-11-05 00:01:00,2024-11-12 00:01:00,0.32697379197379184,0.004113034760323303,2024-11-01
2024-11-06,2024-11-06,2024-11-06 00:01:00,2024-11-13 00:01:00,0.3394638340091096,0.0051402482088336145,2024-11-01
2024-11-07,2024-11-07,2024-11-07 00:01:00,2024-11-14 00:01:00,0.25772335834790105,-0.019827081404848956,2024-11-01
2024-11-08,2024-11-08,2024-11-08 00:01:00,2024-11-15 00:01:00,0.08495746326372777,-0.05777863860595214,2024-11-01
2024-11-09,2024-11-09,2024-11-09 00:01:00,2024-11-16 00:01:00,0.029344110901724063,-0.04882171506723766,2024-11-01
2024-11-10,2024-11-10,2024-11-10 00:01:00,2024-11-17 00:01:00,0.031467485461246,-0.04739573771946067,2024-11-01
2024-11-11,2024-11-11,2024-11-11 00:01:00,2024-11-18 00:01:00,-0.040014559799398275,-0.021567530689694487,2024-11-01
2024-11-12,2024-11-12,2024-11-12 00:01:00,2024-11-19 00:01:00,-0.028693368554561505,-0.021277612282248084,2024-11-01
2024-11-13,2024-11-13,2024-11-13 00:01:00,2024-11-20 00:01:00,-0.049997245330835716,-0.009309677362171129,2024-11-01
2024-11-14,2024-11-14,2024-11-14 00:01:00,2024-11-21 00:01:00,-0.05546644637268683,-0.03252213455798056,2024-11-01
2024-11-15,2024-11-15,2024-11-15 00:01:00,2024-11-22 00:01:00,0.06366260890978426,-0.018086745408574464,2024-11-01
2024-11-16,2024-11-16,2024-11-16 00:01:00,2024-11-23 00:01:00,0.09583526451698332,-0.013322679413155278,2024-11-01
2024-11-17,2024-11-17,2024-11-17 00:01:00,2024-11-24 00:01:00,0.10211659267144513,-0.022812284266553854,2024-11-01
2024-11-18,2024-11-18,2024-11-18 00:01:00,2024-11-25 00:01:00,0.0664255552206785,-0.020126767342547865,2024-11-01
2024-11-19,2024-11-19,2024-11-19 00:01:00,2024-11-26 00:01:00,0.12038481456652783,-0.017333181234599607,2024-11-01
2024-11-20,2024-11-20,2024-11-20 00:01:00,2024-11-27 00:01:00,0.06307046455508192,-0.012799404808183455,2024-11-01
2024-11-21,2024-11-21,2024-11-21 00:01:00,2024-11-28 00:01:00,0.1362291361429515,-0.018357036524342625,2024-11-01
2024-11-22,2024-11-22,2024-11-22 00:01:00,2024-11-29 00:01:00,0.08145609626075712,-0.02387506458438235,2024-11-01
2024-11-23,2024-11-23,2024-11-23 00:01:00,2024-11-30 00:01:00,0.09303098414539823,-0.04202294569852065,2024-11-01
2024-11-24,2024-11-24,2024-11-24 00:01:00,2024-12-01 00:01:00,0.06329399448812767,-0.048090881416424064,2024-11-01
2024-11-25,2024-11-25,2024-11-25 00:01:00,2024-12-02 00:01:00,0.13226141709312356,-0.040847377149938205,2024-11-01
2024-11-26,2024-11-26,2024-11-26 00:01:00,2024-12-03 00:01:00,0.04105603448275863,-0.04076206135328271,2024-11-01
2024-11-27,2024-11-27,2024-11-27 00:01:00,2024-12-04 00:01:00,0.08286484078324885,-0.029520790457515683,2024-11-01
2024-11-28,2024-11-28,2024-11-28 00:01:00,2024-12-05 00:01:00,0.0752951884908093,-0.03879638299926892,2024-11-01
2024-11-29,2024-11-29,2024-11-29 00:01:00,2024-12-06 00:01:00,0.09719025956649707,-0.03565074895201173,2024-11-01
2024-11-30,2024-11-30,2024-11-30 00:01:00,2024-12-07 00:01:00,0.10525093835854982,-0.027759342546128593,2024-11-01
2024-12-01,2024-12-01,2024-12-01 00:01:00,2024-12-08 00:01:00,0.08924462720908588,-0.004923548851891162,2024-12-01
2024-12-02,2024-12-02,2024-12-02 00:01:00,2024-12-09 00:01:00,0.07177307020298396,-0.007295242558906248,2024-12-01
2024-12-03,2024-12-03,2024-12-03 00:01:00,2024-12-10 00:01:00,0.04219896600003281,0.010205352865711474,2024-12-01
2024-12-04,2024-12-04,2024-12-04 00:01:00,2024-12-11 00:01:00,-0.003411689303976173,0.006851547907758342,2024-12-01
2024-12-05,2024-12-05,2024-12-05 00:01:00,2024-12-12 00:01:00,-0.009859938708489224,0.009258330529513284,2024-12-01
2024-12-06,2024-12-06,2024-12-06 00:01:00,2024-12-13 00:01:00,0.01745999553295219,0.014924699271259967,2024-12-01
2024-12-07,2024-12-07,2024-12-07 00:01:00,2024-12-14 00:01:00,-0.024582251764270535,-0.0003792704393347987,2024-12-01
2024-12-08,2024-12-08,2024-12-08 00:01:00,2024-12-15 00:01:00,-0.029210986267166006,-0.010110589412707604,2024-12-01
2024-12-09,2024-12-09,2024-12-09 00:01:00,2024-12-16 00:01:00,-0.024227900023288784,-0.014793197632725665,2024-12-01
2024-12-10,2024-12-10,2024-12-10 00:01:00,2024-12-17 00:01:00,0.030344214735631647,-0.005084655482442295,2024-12-01
2024-12-11,2024-12-11,2024-12-11 00:01:00,2024-12-18 00:01:00,0.10323183985711148,0.018042726417318293,2024-12-01
2024-12-12,2024-12-12,2024-12-12 00:01:00,2024-12-19 00:01:00,0.020135255298994403,0.005323111916522315,2024-12-01
2024-12-13,2024-12-13,2024-12-13 00:01:00,2024-12-20 00:01:00,-0.08915775131207104,-0.0005200996899952029,2024-12-01
2024-12-14,2024-12-14,2024-12-14 00:01:00,2024-12-21 00:01:00,-0.13601007045214475,0.005054579208723296,2024-12-01
2024-12-15,2024-12-15,2024-12-15 00:01:00,2024-12-22 00:01:00,-0.12875481287342372,0.0021678402966441995,2024-12-01
2024-12-16,2024-12-16,2024-12-16 00:01:00,2024-12-23 00:01:00,-0.15315995052071296,0.0010222751484642856,2024-12-01
2024-12-17,2024-12-17,2024-12-17 00:01:00,2024-12-24 00:01:00,-0.16963624372177966,0.003595818032444239,2024-12-01
2024-12-18,2024-12-18,2024-12-18 00:01:00,2024-12-25 00:01:00,-0.11105765436907034,0.008080040134497927,2024-12-01
2024-12-19,2024-12-19,2024-12-19 00:01:00,2024-12-26 00:01:00,-0.10075061171492272,0.0016037881477088262,2024-12-01
2024-12-20,2024-12-20,2024-12-20 00:01:00,2024-12-27 00:01:00,-0.07320525783619813,0.03539516784880528,2024-12-01
2024-12-21,2024-12-21,2024-12-21 00:01:00,2024-12-28 00:01:00,-0.012086017548909367,0.07359709804677422,2024-12-01
2024-12-22,2024-12-22,2024-12-22 00:01:00,2024-12-29 00:01:00,-0.0057152809963954,0.0336171163490372,2024-12-01
2024-12-23,2024-12-23,2024-12-23 00:01:00,2024-12-30 00:01:00,0.022756062525380427,0.03324894562928884,2024-12-01
2024-12-24,2024-12-24,2024-12-24 00:01:00,2024-12-31 00:01:00,0.014901663683075217,0.03613791017083404,2024-12-01
2024-12-25,2024-12-25,2024-12-25 00:01:00,2025-01-01 00:01:00,-0.023243693676925026,0.025345740864283692,2024-12-01
2024-12-26,2024-12-26,2024-12-26 00:01:00,2025-01-02 00:01:00,-0.034538896527126606,0.010815409630197646,2024-12-01
2024-12-27,2024-12-27,2024-12-27 00:01:00,2025-01-03 00:01:00,0.035796376722790235,0.014185859133365397,2024-12-01
2024-12-28,2024-12-28,2024-12-28 00:01:00,2025-01-04 00:01:00,0.07181432622068429,0.004155255981078987,2024-12-01
2024-12-29,2024-12-29,2024-12-29 00:01:00,2025-01-05 00:01:00,0.07263847033149728,-0.00129305405366004,2024-12-01
2024-12-30,2024-12-30,2024-12-30 00:01:00,2025-01-06 00:01:00,0.07458361359104204,-0.003874091304483341,2024-12-01
2024-12-31,2024-12-31,2024-12-31 00:01:00,2025-01-07 00:01:00,0.11733047582354073,-0.0014401567994633529,2024-12-01
2025-01-01,2025-01-01,2025-01-01 00:01:00,2025-01-08 00:01:00,0.011474775429791029,-0.0077396815636806855,2025-01-01
2025-01-02,2025-01-02,2025-01-02 00:01:00,2025-01-09 00:01:00,-0.004164953613499445,-0.010930590475715292,2025-01-01
2025-01-03,2025-01-03,2025-01-03 00:01:00,2025-01-10 00:01:00,-0.04214870070844212,0.0007513998734934545,2025-01-01
2025-01-04,2025-01-04,2025-01-04 00:01:00,2025-01-11 00:01:00,-0.09153198799451845,-0.010974241829308807,2025-01-01
2025-01-05,2025-01-05,2025-01-05 00:01:00,2025-01-12 00:01:00,-0.09398234007805795,-0.012613617874684924,2025-01-01
2025-01-06,2025-01-06,2025-01-06 00:01:00,2025-01-13 00:01:00,-0.09334965725283872,-0.027233844580553654,2025-01-01
2025-01-07,2025-01-07,2025-01-07 00:01:00,2025-01-14 00:01:00,-0.180563787028157,-0.017621550485291557,2025-01-01
2025-01-08,2025-01-08,2025-01-08 00:01:00,2025-01-15 00:01:00,-0.07320077678907855,-0.01196570359824198,2025-01-01
2025-01-09,2025-01-09,2025-01-09 00:01:00,2025-01-16 00:01:00,-0.0007150122659007607,0.0011717898193360117,2025-01-01
2025-01-10,2025-01-10,2025-01-10 00:01:00,2025-01-17 00:01:00,0.0035158121164466927,0.014387753984624331,2025-01-01
2025-01-11,2025-01-11,2025-01-11 00:01:00,2025-01-18 00:01:00,0.055692141590190536,0.022276529085067463,2025-01-01
2025-01-12,2025-01-12,2025-01-12 00:01:00,2025-01-19 00:01:00,0.012058646510874738,-0.003899721397915447,2025-01-01
2025-01-13,2025-01-13,2025-01-13 00:01:00,2025-01-20 00:01:00,0.031426016715125016,-0.004902800737708149,2025-01-01
2025-01-14,2025-01-14,2025-01-14 00:01:00,2025-01-21 00:01:00,0.09724897921611686,0.032496759834485876,2025-01-01
2025-01-15,2025-01-15,2025-01-15 00:01:00,2025-01-22 00:01:00,0.029735266063079413,0.001247529072663834,2025-01-01
2025-01-16,2025-01-16,2025-01-16 00:01:00,2025-01-23 00:01:00,-0.020360995266764714,-0.009107610182531157,2025-01-01
2025-01-17,2025-01-17,2025-01-17 00:01:00,2025-01-24 00:01:00,-0.02135420419338574,-0.007962140416431672,2025-01-01
2025-01-18,2025-01-18,2025-01-18 00:01:00,2025-01-25 00:01:00,-0.011205946895207597,-0.02275652752913338,2025-01-01
2025-01-19,2025-01-19,2025-01-19 00:01:00,2025-01-26 00:01:00,0.00624879250386412,-0.0016425478617189074,2025-01-01
2025-01-20,2025-01-20,2025-01-20 00:01:00,2025-01-27 00:01:00,-0.022050085953464138,0.008438883962556954,2025-01-01
2025-01-21,2025-01-21,2025-01-21 00:01:00,2025-01-28 00:01:00,-0.06283875490997992,0.028922697495846937,2025-01-01
2025-01-22,2025-01-22,2025-01-22 00:01:00,2025-01-29 00:01:00,-0.03359624373221404,0.021353406107532273,2025-01-01
2025-01-23,2025-01-23,2025-01-23 00:01:00,2025-01-30 00:01:00,-0.052686266120652636,0.011476087389053315,2025-01-01
2025-01-24,2025-01-24,2025-01-24 00:01:00,2025-01-31 00:01:00,-0.000263817438332703,3.4697516686764754e-05,2025-01-01
2025-01-25,2025-01-25,2025-01-25 00:01:00,2025-02-01 00:01:00,0.014069398393588672,0.014246693343550502,2025-01-01
2025-01-26,2025-01-26,2025-01-26 00:01:00,2025-02-02 00:01:00,-0.02501094997810016,0.004005524394609536,2025-01-01
2025-01-27,2025-01-27,2025-01-27 00:01:00,2025-02-03 00:01:00,-0.07119963577047517,0.009624199607875064,2025-01-01
2025-01-28,2025-01-28,2025-01-28 00:01:00,2025-02-04 00:01:00,-0.1354408445390779,0.02364896169419574,2025-01-01
2025-01-29,2025-01-29,2025-01-29 00:01:00,2025-02-05 00:01:00,-0.125329587273453,0.018581005113744407,2025-01-01
2025-01-30,2025-01-30,2025-01-30 00:01:00,2025-02-06 00:01:00,-0.10422607910187764,0.004264050769711921,2025-01-01
2025-01-31,2025-01-31,2025-01-31 00:01:00,2025-02-07 00:01:00,-0.1705017229370015,0.01655822284911949,2025-01-01
2025-02-01,2025-02-01,2025-02-01 00:01:00,2025-02-08 00:01:00,-0.2081362649531553,0.01017434841413033,2025-02-01
2025-02-02,2025-02-02,2025-02-02 00:01:00,2025-02-09 00:01:00,-0.19886952802641245,0.0031974017045244474,2025-02-01
2025-02-03,2025-02-03,2025-02-03 00:01:00,2025-02-10 00:01:00,-0.13837588663993894,0.0013831441498273495,2025-02-01
2025-02-04,2025-02-04,2025-02-04 00:01:00,2025-02-11 00:01:00,-0.016507532671158343,0.09325590267497166,2025-02-01
2025-02-05,2025-02-05,2025-02-05 00:01:00,2025-02-12 00:01:00,-0.04445586211604591,-0.0018192373609846723,2025-02-01
2025-02-06,2025-02-06,2025-02-06 00:01:00,2025-02-13 00:01:00,-0.06196879771817099,-0.012502079542382001,2025-02-01
2025-02-07,2025-02-07,2025-02-07 00:01:00,2025-02-14 00:01:00,-0.02149586987803842,-0.0036023719375136605,2025-02-01
2025-02-08,2025-02-08,2025-02-08 00:01:00,2025-02-15 00:01:00,0.005229417219907884,0.005388573881680778,2025-02-01
2025-02-09,2025-02-09,2025-02-09 00:01:00,2025-02-16 00:01:00,0.03258502486893389,-0.0017081236726602198,2025-02-01
2025-02-10,2025-02-10,2025-02-10 00:01:00,2025-02-17 00:01:00,0.014437549685591522,-0.0025784998886219587,2025-02-01
2025-02-11,2025-02-11,2025-02-11 00:01:00,2025-02-18 00:01:00,0.036629843809924845,-0.009431569853111178,2025-02-01
2025-02-12,2025-02-12,2025-02-12 00:01:00,2025-02-19 00:01:00,0.00486185269300754,-0.004927644719897881,2025-02-01
2025-02-13,2025-02-13,2025-02-13 00:01:00,2025-02-20 00:01:00,0.03656153417925623,0.0054549245955594836,2025-02-01
2025-02-14,2025-02-14,2025-02-14 00:01:00,2025-02-21 00:01:00,0.02605096022985043,0.0020892897294321,2025-02-01
2025-02-15,2025-02-15,2025-02-15 00:01:00,2025-02-22 00:01:00,-0.003697561439925723,-0.01172515515173172,2025-02-01
2025-02-16,2025-02-16,2025-02-16 00:01:00,2025-02-23 00:01:00,0.034997340514564046,-0.020800544936333737,2025-02-01
2025-02-17,2025-02-17,2025-02-17 00:01:00,2025-02-24 00:01:00,0.035245922949218356,-0.02487883281686982,2025-02-01
2025-02-18,2025-02-18,2025-02-18 00:01:00,2025-02-25 00:01:00,-0.03642002176278558,-0.01025288557750585,2025-02-01
2025-02-19,2025-02-19,2025-02-19 00:01:00,2025-02-26 00:01:00,-0.09674039537346435,-0.015540658844482557,2025-02-01
2025-02-20,2025-02-20,2025-02-20 00:01:00,2025-02-27 00:01:00,-0.10158970028297565,-0.02049525010289456,2025-02-01
2025-02-21,2025-02-21,2025-02-21 00:01:00,2025-02-28 00:01:00,-0.14270608044626054,-0.019123680707132835,2025-02-01
2025-02-22,2025-02-22,2025-02-22 00:01:00,2025-03-01 00:01:00,-0.1833962291883311,-0.0014958057996643393,2025-02-01
2025-02-23,2025-02-23,2025-02-23 00:01:00,2025-03-02 00:01:00,-0.21846631543387796,-0.00238840162698248,2025-02-01
2025-02-24,2025-02-24,2025-02-24 00:01:00,2025-03-03 00:01:00,-0.1960637294118912,-0.02250607910777285,2025-02-01
2025-02-25,2025-02-25,2025-02-25 00:01:00,2025-03-04 00:01:00,-0.138052917461859,-0.002553146649939558,2025-02-01
2025-02-26,2025-02-26,2025-02-26 00:01:00,2025-03-05 00:01:00,-0.13948912124877788,0.03965014312117782,2025-02-01
2025-02-27,2025-02-27,2025-02-27 00:01:00,2025-03-06 00:01:00,-0.09836741424802109,0.01603032349524766,2025-02-01
2025-02-28,2025-02-28,2025-02-28 00:01:00,2025-03-07 00:01:00,-0.03005428079027328,0.025832613164625276,2025-02-01
2025-03-01,2025-03-01,2025-03-01 00:01:00,2025-03-08 00:01:00,-0.004648274558683885,0.04451720082172426,2025-03-01
2025-03-02,2025-03-02,2025-03-02 00:01:00,2025-03-09 00:01:00,0.0024463369323304285,0.011630168248164437,2025-03-01
2025-03-03,2025-03-03,2025-03-03 00:01:00,2025-03-10 00:01:00,-0.06506314427239068,0.001948621187804386,2025-03-01
2025-03-04,2025-03-04,2025-03-04 00:01:00,2025-03-11 00:01:00,-0.1176457743772491,0.0333230968151438,2025-03-01
2025-03-05,2025-03-05,2025-03-05 00:01:00,2025-03-12 00:01:00,-0.08014750838881746,0.034462501119168945,2025-03-01
2025-03-06,2025-03-06,2025-03-06 00:01:00,2025-03-13 00:01:00,-0.14540923639689074,0.039856502128887694,2025-03-01
2025-03-07,2025-03-07,2025-03-07 00:01:00,2025-03-14 00:01:00,-0.16862809390037492,0.020536768424203912,2025-03-01
2025-03-08,2025-03-08,2025-03-08 00:01:00,2025-03-15 00:01:00,-0.1303526220614828,0.01920045106341399,2025-03-01
2025-03-09,2025-03-09,2025-03-09 00:01:00,2025-03-16 00:01:00,-0.1112752293577981,0.01221486066523662,2025-03-01
2025-03-10,2025-03-10,2025-03-10 00:01:00,2025-03-17 00:01:00,-0.09574721970311673,0.008279279080178092,2025-03-01
2025-03-11,2025-03-11,2025-03-11 00:01:00,2025-03-18 00:01:00,-0.05049370189809199,0.037701240693944434,2025-03-01
2025-03-12,2025-03-12,2025-03-12 00:01:00,2025-03-19 00:01:00,-0.015565057649330916,0.04313895145066208,2025-03-01
2025-03-13,2025-03-13,2025-03-13 00:01:00,2025-03-20 00:01:00,0.09476241178390454,0.024927371033846582,2025-03-01
2025-03-14,2025-03-14,2025-03-14 00:01:00,2025-03-21 00:01:00,0.053051500567609544,0.02391323437038203,2025-03-01
2025-03-15,2025-03-15,2025-03-15 00:01:00,2025-03-22 00:01:00,0.013172806005219195,0.01820620882655428,2025-03-01
2025-03-16,2025-03-16,2025-03-16 00:01:00,2025-03-23 00:01:00,0.024434557297849713,0.011981185103717512,2025-03-01
2025-03-17,2025-03-17,2025-03-17 00:01:00,2025-03-24 00:01:00,0.05890736342042757,0.0012850299909986027,2025-03-01
2025-03-18,2025-03-18,2025-03-18 00:01:00,2025-03-25 00:01:00,0.08942729210865119,0.005616498771458742,2025-03-01
2025-03-19,2025-03-19,2025-03-19 00:01:00,2025-03-26 00:01:00,0.10040670937558138,0.002156495029892966,2025-03-01
2025-03-20,2025-03-20,2025-03-20 00:01:00,2025-03-27 00:01:00,-0.016944430868481408,0.007610633339068232,2025-03-01
2025-03-21,2025-03-21,2025-03-21 00:01:00,2025-03-28 00:01:00,0.015011412925201029,0.00133672269873388,2025-03-01
2025-03-22,2025-03-22,2025-03-22 00:01:00,2025-03-29 00:01:00,-0.03814263724987166,-0.0035488195175270663,2025-03-01
2025-03-23,2025-03-23,2025-03-23 00:01:00,2025-03-30 00:01:00,-0.07112194925331028,-0.005233545742692481,2025-03-01
2025-03-24,2025-03-24,2025-03-24 00:01:00,2025-03-31 00:01:00,-0.0966003688749314,-0.008972610161481777,2025-03-01
2025-03-25,2025-03-25,2025-03-25 00:01:00,2025-04-01 00:01:00,-0.11800534930789142,-0.004841921821830049,2025-03-01
2025-03-26,2025-03-26,2025-03-26 00:01:00,2025-04-02 00:01:00,-0.07276996439286698,-0.020228547058721576,2025-03-01
2025-03-27,2025-03-27,2025-03-27 00:01:00,2025-04-03 00:01:00,-0.05541828450405928,-0.007845762056082792,2025-03-01
2025-03-28,2025-03-28,2025-03-28 00:01:00,2025-04-04 00:01:00,-0.11120972929309048,0.0021005063842688496,2025-03-01
2025-03-29,2025-03-29,2025-03-29 00:01:00,2025-04-05 00:01:00,-0.042226323706698876,0.006582645874245238,2025-03-01
2025-03-30,2025-03-30,2025-03-30 00:01:00,2025-04-06 00:01:00,-0.032875894988066756,0.019370434513883802,2025-03-01
2025-03-31,2025-03-31,2025-03-31 00:01:00,2025-04-07 00:01:00,-0.028907857927175762,0.02206696919085621,2025-03-01
2025-04-01,2025-04-01,2025-04-01 00:01:00,2025-04-08 00:01:00,-0.156323235830223,0.018775924395250602,2025-04-01
2025-04-02,2025-04-02,2025-04-02 00:01:00,2025-04-09 00:01:00,-0.2031742558058348,0.009498714706580813,2025-04-01
2025-04-03,2025-04-03,2025-04-03 00:01:00,2025-04-10 00:01:00,-0.2190414535042844,-0.0012809590866105455,2025-04-01
2025-04-04,2025-04-04,2025-04-04 00:01:00,2025-04-11 00:01:00,-0.16058705384693062,0.022458745899312602,2025-04-01
2025-04-05,2025-04-05,2025-04-05 00:01:00,2025-04-12 00:01:00,-0.1279365079365079,0.009417615044709343,2025-04-01
2025-04-06,2025-04-06,2025-04-06 00:01:00,2025-04-13 00:01:00,-0.07091458729437639,-0.0021507315137852894,2025-04-01
2025-04-07,2025-04-07,2025-04-07 00:01:00,2025-04-14 00:01:00,-0.09673166962134638,0.0017611177509682869,2025-04-01
2025-04-08,2025-04-08,2025-04-08 00:01:00,2025-04-15 00:01:00,0.04792952674897122,0.04497327538082646,2025-04-01
2025-04-09,2025-04-09,2025-04-09 00:01:00,2025-04-16 00:01:00,0.05998325987732622,0.0027691188504016966,2025-04-01
2025-04-10,2025-04-10,2025-04-10 00:01:00,2025-04-17 00:01:00,0.0731842107036711,0.014263156443619912,2025-04-01
2025-04-11,2025-04-11,2025-04-11 00:01:00,2025-04-18 00:01:00,0.05800617556241727,0.015122303692112342,2025-04-01
2025-04-12,2025-04-12,2025-04-12 00:01:00,2025-04-19 00:01:00,0.011502181007670309,0.014041691380528383,2025-04-01
2025-04-13,2025-04-13,2025-04-13 00:01:00,2025-04-20 00:01:00,-0.028613685068364925,0.013312474122342696,2025-04-01
2025-04-14,2025-04-14,2025-04-14 00:01:00,2025-04-21 00:01:00,-0.01049896834583064,-0.003667786139018634,2025-04-01
2025-04-15,2025-04-15,2025-04-15 00:01:00,2025-04-22 00:01:00,-0.004454698295433657,0.004681081881928267,2025-04-01
2025-04-16,2025-04-16,2025-04-16 00:01:00,2025-04-23 00:01:00,0.05360921412223396,0.0023620206251811636,2025-04-01
2025-04-17,2025-04-17,2025-04-17 00:01:00,2025-04-24 00:01:00,0.12526532611562557,-0.006801066950330871,2025-04-01
2025-04-18,2025-04-18,2025-04-18 00:01:00,2025-04-25 00:01:00,0.11475606597557819,3.228303889787941e-05,2025-04-01
2025-04-19,2025-04-19,2025-04-19 00:01:00,2025-04-26 00:01:00,0.14124889506250793,-0.022411470562023736,2025-04-01
2025-04-20,2025-04-20,2025-04-20 00:01:00,2025-04-27 00:01:00,0.11834819625267978,-0.0056704753209642165,2025-04-01
2025-04-21,2025-04-21,2025-04-21 00:01:00,2025-04-28 00:01:00,0.138754855402768,-0.012909117660544847,2025-04-01
2025-04-22,2025-04-22,2025-04-22 00:01:00,2025-04-29 00:01:00,0.08580074946994731,-0.0031901415591618037,2025-04-01
2025-04-23,2025-04-23,2025-04-23 00:01:00,2025-04-30 00:01:00,0.06301342592321513,-0.0037444169826835265,2025-04-01
2025-04-24,2025-04-24,2025-04-24 00:01:00,2025-05-01 00:01:00,-0.01675363451181744,-0.00125609587148741,2025-04-01
2025-04-25,2025-04-25,2025-04-25 00:01:00,2025-05-02 00:01:00,0.050581695161134865,-0.022785914331298562,2025-04-01
2025-04-26,2025-04-26,2025-04-26 00:01:00,2025-05-03 00:01:00,0.018705290703785904,-0.012174213200467797,2025-04-01
2025-04-27,2025-04-27,2025-04-27 00:01:00,2025-05-04 00:01:00,0.018754271806355804,-0.01993086088131461,2025-04-01
2025-04-28,2025-04-28,2025-04-28 00:01:00,2025-05-05 00:01:00,0.021912072575017483,-0.007140207759936899,2025-04-01
2025-04-29,2025-04-29,2025-04-29 00:01:00,2025-05-06 00:01:00,0.022171891763022922,-0.002416713972669788,2025-04-01
2025-04-30,2025-04-30,2025-04-30 00:01:00,2025-05-07 00:01:00,-0.025998204361308952,0.0061875589835111554,2025-04-01
2025-05-01,2025-05-01,2025-05-01 00:01:00,2025-05-08 00:01:00,0.03085995811173614,-0.008536631227586286,2025-05-01
2025-05-02,2025-05-02,2025-05-02 00:01:00,2025-05-09 00:01:00,0.10881209107139966,-0.004809624727138941,2025-05-01
2025-05-03,2025-05-03,2025-05-03 00:01:00,2025-05-10 00:01:00,0.2494188951404428,-0.012665782017019414,2025-05-01
2025-05-04,2025-05-04,2025-05-04 00:01:00,2025-05-11 00:01:00,0.325651543085298,-0.004524360153068381,2025-05-01
2025-05-05,2025-05-05,2025-05-05 00:01:00,2025-05-12 00:01:00,0.34603113903305105,-0.009774957002693744,2025-05-01
2025-05-06,2025-05-06,2025-05-06 00:01:00,2025-05-13 00:01:00,0.3818242399000418,-0.005584357225549331,2025-05-01
2025-05-07,2025-05-07,2025-05-07 00:01:00,2025-05-14 00:01:00,0.4486713302531795,-0.005209906259989105,2025-05-01
2025-05-08,2025-05-08,2025-05-08 00:01:00,2025-05-15 00:01:00,0.42944059024336534,0.010476108304553552,2025-05-01
2025-05-09,2025-05-09,2025-05-09 00:01:00,2025-05-16 00:01:00,0.2487035793856962,0.03310915352857144,2025-05-01
2025-05-10,2025-05-10,2025-05-10 00:01:00,2025-05-17 00:01:00,0.12886750297751015,0.051378522774669574,2025-05-01
2025-05-11,2025-05-11,2025-05-11 00:01:00,2025-05-18 00:01:00,0.01717433970959159,0.0552671994910845,2025-05-01
2025-05-12,2025-05-12,2025-05-12 00:01:00,2025-05-19 00:01:00,0.047899476847774514,0.04468716265687346,2025-05-01
2025-05-13,2025-05-13,2025-05-13 00:01:00,2025-05-20 00:01:00,-0.00972945601851849,0.045222300323995886,2025-05-01
2025-05-14,2025-05-14,2025-05-14 00:01:00,2025-05-21 00:01:00,-0.031896787289690476,0.05187591378077883,2025-05-01
2025-05-15,2025-05-15,2025-05-15 00:01:00,2025-05-22 00:01:00,-0.010943127323151725,0.055882492426505746,2025-05-01
2025-05-16,2025-05-16,2025-05-16 00:01:00,2025-05-23 00:01:00,0.03798341196224264,0.03180360208677858,2025-05-01
2025-05-17,2025-05-17,2025-05-17 00:01:00,2025-05-24 00:01:00,-0.011551568125373057,0.03436219087179196,2025-05-01
2025-05-18,2025-05-18,2025-05-18 00:01:00,2025-05-25 00:01:00,0.033068916836224815,0.02828001080446344,2025-05-01
2025-05-19,2025-05-19,2025-05-19 00:01:00,2025-05-26 00:01:00,-0.02708826343084436,0.03181371678898323,2025-05-01
2025-05-20,2025-05-20,2025-05-20 00:01:00,2025-05-27 00:01:00,0.04158905243678235,0.03737149022803783,2025-05-01
2025-05-21,2025-05-21,2025-05-21 00:01:00,2025-05-28 00:01:00,0.07500433469489809,0.03708840408168677,2025-05-01
2025-05-22,2025-05-22,2025-05-22 00:01:00,2025-05-29 00:01:00,0.02379913854206417,0.032369495018841184,2025-05-01
2025-05-23,2025-05-23,2025-05-23 00:01:00,2025-05-30 00:01:00,-0.008647317792682019,0.028655215978104897,2025-05-01
2025-05-24,2025-05-24,2025-05-24 00:01:00,2025-05-31 00:01:00,0.010981476792427003,0.017941257749304548,2025-05-01
2025-05-25,2025-05-25,2025-05-25 00:01:00,2025-06-01 00:01:00,-0.008144534156140137,0.01340276751060758,2025-05-01
2025-05-26,2025-05-26,2025-05-26 00:01:00,2025-06-02 00:01:00,0.0035828168105764835,0.011729053645487311,2025-05-01
2025-05-27,2025-05-27,2025-05-27 00:01:00,2025-06-03 00:01:00,-0.009631456524026194,0.00853146459661113,2025-05-01
2025-05-28,2025-05-28,2025-05-28 00:01:00,2025-06-04 00:01:00,-0.017063015753938426,0.019479721047304752,2025-05-01
2025-05-29,2025-05-29,2025-05-29 00:01:00,2025-06-05 00:01:00,0.014435970100994844,0.014009835734594193,2025-05-01
2025-05-30,2025-05-30,2025-05-30 00:01:00,2025-06-06 00:01:00,-0.01998205476703363,0.01015101216286425,2025-05-01
2025-05-31,2025-05-31,2025-05-31 00:01:00,2025-06-07 00:01:00,-0.03354217721675057,0.017188946976885777,2025-05-01
2025-06-01,2025-06-01,2025-06-01 00:01:00,2025-06-08 00:01:00,-0.005420321666285033,0.026892970721025148,2025-06-01
2025-06-02,2025-06-02,2025-06-02 00:01:00,2025-06-09 00:01:00,-0.003082122499494244,0.025902080077689696,2025-06-01
2025-06-03,2025-06-03,2025-06-03 00:01:00,2025-06-10 00:01:00,-0.0031708938694740008,0.025190038017469208,2025-06-01
2025-06-04,2025-06-04,2025-06-04 00:01:00,2025-06-11 00:01:00,0.04297636719569842,0.031107284736644873,2025-06-01
2025-06-05,2025-06-05,2025-06-05 00:01:00,2025-06-12 00:01:00,0.073237588120594,0.029137965264908885,2025-06-01
2025-06-06,2025-06-06,2025-06-06 00:01:00,2025-06-13 00:01:00,0.050521712592569656,0.032305960534914274,2025-06-01
2025-06-07,2025-06-07,2025-06-07 00:01:00,2025-06-14 00:01:00,0.015836120868036208,0.03188305465232569,2025-06-01
2025-06-08,2025-06-08,2025-06-08 00:01:00,2025-06-15 00:01:00,-0.0013178106877621554,0.010972158708807675,2025-06-01
2025-06-09,2025-06-09,2025-06-09 00:01:00,2025-06-16 00:01:00,0.011304223267362357,0.005372729506579814,2025-06-01
2025-06-10,2025-06-10,2025-06-10 00:01:00,2025-06-17 00:01:00,0.039107115371713075,0.008102786687318824,2025-06-01
2025-06-11,2025-06-11,2025-06-11 00:01:00,2025-06-18 00:01:00,-0.08606249977132452,0.009026610483722556,2025-06-01
2025-06-12,2025-06-12,2025-06-12 00:01:00,2025-06-19 00:01:00,-0.12453050371928409,-0.0006714641786855239,2025-06-01
2025-06-13,2025-06-13,2025-06-13 00:01:00,2025-06-20 00:01:00,-0.08276917080058976,-0.0022190360242226167,2025-06-01
2025-06-14,2025-06-14,2025-06-14 00:01:00,2025-06-21 00:01:00,-0.02103684981023657,0.00016413429817529763,2025-06-01
2025-06-15,2025-06-15,2025-06-15 00:01:00,2025-06-22 00:01:00,-0.03728919996343427,-0.0082939582433009,2025-06-01
2025-06-16,2025-06-16,2025-06-16 00:01:00,2025-06-23 00:01:00,-0.14298698079578853,-0.010001141738977516,2025-06-01
2025-06-17,2025-06-17,2025-06-17 00:01:00,2025-06-24 00:01:00,-0.14518971476318887,-0.0005429996704555276,2025-06-01
2025-06-18,2025-06-18,2025-06-18 00:01:00,2025-06-25 00:01:00,-0.023263448242730744,0.007836784308592125,2025-06-01
2025-06-19,2025-06-19,2025-06-19 00:01:00,2025-06-26 00:01:00,-0.0394861295691008,0.021250694291715805,2025-06-01
2025-06-20,2025-06-20,2025-06-20 00:01:00,2025-06-27 00:01:00,-0.024387701510249382,0.010765468262132502,2025-06-01
2025-06-21,2025-06-21,2025-06-21 00:01:00,2025-06-28 00:01:00,-0.023349142648668275,-0.002787658956011398,2025-06-01
2025-06-22,2025-06-22,2025-06-22 00:01:00,2025-06-29 00:01:00,0.006704676346611871,-0.012396860895001728,2025-06-01
2025-06-23,2025-06-23,2025-06-23 00:01:00,2025-06-30 00:01:00,0.11862492597132501,0.010541942674102515,2025-06-01
2025-06-24,2025-06-24,2025-06-24 00:01:00,2025-07-01 00:01:00,0.09851463812354755,0.006334059615209556,2025-06-01
2025-06-25,2025-06-25,2025-06-25 00:01:00,2025-07-02 00:01:00,-0.007135830805803933,0.0045484437367739545,2025-06-01
2025-06-26,2025-06-26,2025-06-26 00:01:00,2025-07-03 00:01:00,0.03722447283681318,-0.010327577567202387,2025-06-01
2025-06-27,2025-06-27,2025-06-27 00:01:00,2025-07-04 00:01:00,0.05693539240423107,-0.020049959808848723,2025-06-01
2025-06-28,2025-06-28,2025-06-28 00:01:00,2025-07-05 00:01:00,0.025606817538083693,-0.017466485209598166,2025-06-01
2025-06-29,2025-06-29,2025-06-29 00:01:00,2025-07-06 00:01:00,0.028206673966445717,-0.02246554664223997,2025-06-01
2025-06-30,2025-06-30,2025-06-30 00:01:00,2025-07-07 00:01:00,0.050369367150947975,-0.015525596955955106,2025-06-01
2025-07-01,2025-07-01,2025-07-01 00:01:00,2025-07-08 00:01:00,0.024608166319493696,-0.008958298346387499,2025-07-01
2025-07-02,2025-07-02,2025-07-02 00:01:00,2025-07-09 00:01:00,0.05846292298102296,-0.015098464386694151,2025-07-01
2025-07-03,2025-07-03,2025-07-03 00:01:00,2025-07-10 00:01:00,0.06418997412211458,-0.014845254328487573,2025-07-01
2025-07-04,2025-07-04,2025-07-04 00:01:00,2025-07-11 00:01:00,0.0766054564329064,-0.011508126266130517,2025-07-01
2025-07-05,2025-07-05,2025-07-05 00:01:00,2025-07-12 00:01:00,0.18345374131961822,-0.028245151106074163,2025-07-01
2025-07-06,2025-07-06,2025-07-06 00:01:00,2025-07-13 00:01:00,0.1622680190331085,-0.02367191636609332,2025-07-01
2025-07-07,2025-07-07,2025-07-07 00:01:00,2025-07-14 00:01:00,0.1686105347884017,-0.017328285996933937,2025-07-01
2025-07-08,2025-07-08,2025-07-08 00:01:00,2025-07-15 00:01:00,0.18913306937103025,-0.01657246294975327,2025-07-01
2025-07-09,2025-07-09,2025-07-09 00:01:00,2025-07-16 00:01:00,0.18607961747419077,-0.010897485651657622,2025-07-01
2025-07-10,2025-07-10,2025-07-10 00:01:00,2025-07-17 00:01:00,0.22085538549563744,-0.009554318064036334,2025-07-01
2025-07-11,2025-07-11,2025-07-11 00:01:00,2025-07-18 00:01:00,0.23602403721145238,-0.01872755956194774,2025-07-01
2025-07-12,2025-07-12,2025-07-12 00:01:00,2025-07-19 00:01:00,0.20755208333333308,-0.009509198626515395,2025-07-01
2025-07-13,2025-07-13,2025-07-13 00:01:00,2025-07-20 00:01:00,0.21909713285633403,-0.014727594000180005,2025-07-01
2025-07-14,2025-07-14,2025-07-14 00:01:00,2025-07-21 00:01:00,0.2659201701182936,-0.010637550704325378,2025-07-01
2025-07-15,2025-07-15,2025-07-15 00:01:00,2025-07-22 00:01:00,0.26636789164425845,0.0012925491978792404,2025-07-01
2025-07-16,2025-07-16,2025-07-16 00:01:00,2025-07-23 00:01:00,0.22227666123007328,-0.0055095193521716825,2025-07-01
2025-07-17,2025-07-17,2025-07-17 00:01:00,2025-07-24 00:01:00,0.12169395368914371,-0.007215003620978111,2025-07-01
2025-07-18,2025-07-18,2025-07-18 00:01:00,2025-07-25 00:01:00,0.08829544790510147,0.0004063777409309471,2025-07-01
2025-07-19,2025-07-19,2025-07-19 00:01:00,2025-07-26 00:01:00,0.018389632795498656,0.0066247494652547255,2025-07-01
2025-07-20,2025-07-20,2025-07-20 00:01:00,2025-07-27 00:01:00,0.051960444868557554,0.0030088032267926055,2025-07-01
2025-07-21,2025-07-21,2025-07-21 00:01:00,2025-07-28 00:01:00,0.008982644822367547,0.011834083147788096,2025-07-01
2025-07-22,2025-07-22,2025-07-22 00:01:00,2025-07-29 00:01:00,-0.0018297734017007627,0.009152411923171538,2025-07-01
2025-07-23,2025-07-23,2025-07-23 00:01:00,2025-07-30 00:01:00,0.011506312733885915,0.017347011513802094,2025-07-01
2025-07-24,2025-07-24,2025-07-24 00:01:00,2025-07-31 00:01:00,0.04289181663501007,0.01478142078364018,2025-07-01
2025-07-25,2025-07-25,2025-07-25 00:01:00,2025-08-01 00:01:00,0.016921713917525727,0.004518975781555585,2025-07-01
2025-07-26,2025-07-26,2025-07-26 00:01:00,2025-08-02 00:01:00,-0.006823150860112981,0.012061440505282333,2025-07-01
2025-07-27,2025-07-27,2025-07-27 00:01:00,2025-08-03 00:01:00,-0.07495384121377546,0.0033871235976762034,2025-07-01
2025-07-28,2025-07-28,2025-07-28 00:01:00,2025-08-04 00:01:00,-0.09096905921155962,0.005393086359291674,2025-07-01
2025-07-29,2025-07-29,2025-07-29 00:01:00,2025-08-05 00:01:00,-0.041970218241983326,0.013560078995944804,2025-07-01
2025-07-30,2025-07-30,2025-07-30 00:01:00,2025-08-06 00:01:00,-0.051110945620315706,0.01642460470442695,2025-07-01
2025-07-31,2025-07-31,2025-07-31 00:01:00,2025-08-07 00:01:00,-0.03375829922272633,0.013501352918341945,2025-07-01
2025-08-01,2025-08-01,2025-08-01 00:01:00,2025-08-08 00:01:00,0.012104555906680137,0.037544318757439084,2025-08-01
2025-08-02,2025-08-02,2025-08-02 00:01:00,2025-08-09 00:01:00,0.09568747334784322,0.038037982258158964,2025-08-01
2025-08-03,2025-08-03,2025-08-03 00:01:00,2025-08-10 00:01:00,0.21810881720803366,0.02914274101884574,2025-08-01
2025-08-04,2025-08-04,2025-08-04 00:01:00,2025-08-11 00:01:00,0.2139413939666195,0.0293607965595028,2025-08-01
2025-08-05,2025-08-05,2025-08-05 00:01:00,2025-08-12 00:01:00,0.18850074974848496,0.02492765632420354,2025-08-01
2025-08-06,2025-08-06,2025-08-06 00:01:00,2025-08-13 00:01:00,0.25187726512112896,0.024422120547945535,2025-08-01
2025-08-07,2025-08-07,2025-08-07 00:01:00,2025-08-14 00:01:00,0.2722459389789822,0.017945356320081124,2025-08-01
2025-08-08,2025-08-08,2025-08-08 00:01:00,2025-08-15 00:01:00,0.20526752363264533,0.022597630803935537,2025-08-01
2025-08-09,2025-08-09,2025-08-09 00:01:00,2025-08-16 00:01:00,0.1183249513508049,0.03391063087218628,2025-08-01
2025-08-10,2025-08-10,2025-08-10 00:01:00,2025-08-17 00:01:00,0.04432449376512415,0.06491810817827645,2025-08-01
2025-08-11,2025-08-11,2025-08-11 00:01:00,2025-08-18 00:01:00,0.08232933155898392,0.05811276718268007,2025-08-01
2025-08-12,2025-08-12,2025-08-12 00:01:00,2025-08-19 00:01:00,0.0013700778683987114,0.06066773546111378,2025-08-01
2025-08-13,2025-08-13,2025-08-13 00:01:00,2025-08-20 00:01:00,-0.06197509801155765,0.07603196735861023,2025-08-01
2025-08-14,2025-08-14,2025-08-14 00:01:00,2025-08-21 00:01:00,-0.08595215684424717,0.07793668362468645,2025-08-01
2025-08-15,2025-08-15,2025-08-15 00:01:00,2025-08-22 00:01:00,-0.08280724839361031,0.052485442877442876,2025-08-01
2025-08-16,2025-08-16,2025-08-16 00:01:00,2025-08-23 00:01:00,0.0456577252491468,0.035787946551556246,2025-08-01
2025-08-17,2025-08-17,2025-08-17 00:01:00,2025-08-24 00:01:00,0.08032717548503276,0.029939434467616963,2025-08-01
2025-08-18,2025-08-18,2025-08-18 00:01:00,2025-08-25 00:01:00,0.05076161044995309,0.03261731835720195,2025-08-01
2025-08-19,2025-08-19,2025-08-19 00:01:00,2025-08-26 00:01:00,0.060650103882104345,0.030941469603017954,2025-08-01
2025-08-20,2025-08-20,2025-08-20 00:01:00,2025-08-27 00:01:00,0.0796656410892922,0.02273880066300361,2025-08-01
2025-08-21,2025-08-21,2025-08-21 00:01:00,2025-08-28 00:01:00,0.09024163110968275,0.028278655261354296,2025-08-01
2025-08-22,2025-08-22,2025-08-22 00:01:00,2025-08-29 00:01:00,0.06347820547004601,0.026999120929934277,2025-08-01
2025-08-23,2025-08-23,2025-08-23 00:01:00,2025-08-30 00:01:00,-0.06808741468812274,0.01850906706456274,2025-08-01
2025-08-24,2025-08-24,2025-08-24 00:01:00,2025-08-31 00:01:00,-0.08027127548732982,0.014145316083129026,2025-08-01
2025-08-25,2025-08-25,2025-08-25 00:01:00,2025-09-01 00:01:00,-0.06540878666586014,0.009437245178402668,2025-08-01
2025-08-26,2025-08-26,2025-08-26 00:01:00,2025-09-02 00:01:00,-0.05317529431437418,0.01937632456859271,2025-08-01
2025-08-27,2025-08-27,2025-08-27 00:01:00,2025-09-03 00:01:00,-0.04953717111735545,0.01253109456945926,2025-08-01
2025-08-28,2025-08-28,2025-08-28 00:01:00,2025-09-04 00:01:00,-0.03617179667026693,0.012566126456824601,2025-08-01
2025-08-29,2025-08-29,2025-08-29 00:01:00,2025-09-05 00:01:00,-0.04637664438286149,0.010582019731745232,2025-08-01
2025-08-30,2025-08-30,2025-08-30 00:01:00,2025-09-06 00:01:00,-0.008464572863738917,0.0195065088333041,2025-08-01
2025-08-31,2025-08-31,2025-08-31 00:01:00,2025-09-07 00:01:00,-0.02311919130890494,0.015867299448003087,2025-08-01
2025-09-01,2025-09-01,2025-09-01 00:01:00,2025-09-08 00:01:00,-0.040890749700940976,0.032101783327895046,2025-09-01
2025-09-02,2025-09-02,2025-09-02 00:01:00,2025-09-09 00:01:00,0.0019128835228250374,0.03936061906284223,2025-09-01
2025-09-03,2025-09-03,2025-09-03 00:01:00,2025-09-10 00:01:00,-0.0025353554149608604,0.042974392265591334,2025-09-01
2025-09-04,2025-09-04,2025-09-04 00:01:00,2025-09-11 00:01:00,-0.0172935687657656,0.03653364861976345,2025-09-01
2025-09-05,2025-09-05,2025-09-05 00:01:00,2025-09-12 00:01:00,0.027359300510238604,0.03172933077197401,2025-09-01
2025-09-06,2025-09-06,2025-09-06 00:01:00,2025-09-13 00:01:00,0.06224638003176164,0.036780322081400696,2025-09-01
2025-09-07,2025-09-07,2025-09-07 00:01:00,2025-09-14 00:01:00,0.09012044015358978,0.026001058926593983,2025-09-01
2025-09-08,2025-09-08,2025-09-08 00:01:00,2025-09-15 00:01:00,0.06625712623618374,0.019679209728229778,2025-09-01
2025-09-09,2025-09-09,2025-09-09 00:01:00,2025-09-16 00:01:00,0.029785383162593604,0.012704581633570609,2025-09-01
2025-09-10,2025-09-10,2025-09-10 00:01:00,2025-09-17 00:01:00,0.04137537019331661,0.014208189756218417,2025-09-01
2025-09-11,2025-09-11,2025-09-11 00:01:00,2025-09-18 00:01:00,0.018747316700854055,0.02519702301127498,2025-09-01
2025-09-12,2025-09-12,2025-09-12 00:01:00,2025-09-19 00:01:00,0.040794187853011366,0.030336597519956172,2025-09-01
2025-09-13,2025-09-13,2025-09-13 00:01:00,2025-09-20 00:01:00,-0.015522719316207745,0.030511774274280257,2025-09-01
2025-09-14,2025-09-14,2025-09-14 00:01:00,2025-09-21 00:01:00,-0.03356622016294186,0.038459100721067375,2025-09-01
2025-09-15,2025-09-15,2025-09-15 00:01:00,2025-09-22 00:01:00,-0.021821205349348727,0.0371805303912225,2025-09-01
2025-09-16,2025-09-16,2025-09-16 00:01:00,2025-09-23 00:01:00,-0.07417592189153388,0.027229406066151665,2025-09-01
2025-09-17,2025-09-17,2025-09-17 00:01:00,2025-09-24 00:01:00,-0.06400521303347939,0.008185758816266493,2025-09-01
2025-09-18,2025-09-18,2025-09-18 00:01:00,2025-09-25 00:01:00,-0.07209527377161762,0.01854113304204081,2025-09-01
2025-09-19,2025-09-19,2025-09-19 00:01:00,2025-09-26 00:01:00,-0.12974056239405884,0.017144104478065615,2025-09-01
2025-09-20,2025-09-20,2025-09-20 00:01:00,2025-09-27 00:01:00,-0.1186161302370935,0.007778749012828427,2025-09-01
2025-09-21,2025-09-21,2025-09-21 00:01:00,2025-09-28 00:01:00,-0.1071825661552146,0.006563009842185739,2025-09-01
2025-09-22,2025-09-22,2025-09-22 00:01:00,2025-09-29 00:01:00,-0.1031736293156339,-0.007736972511102679,2025-09-01
2025-09-23,2025-09-23,2025-09-23 00:01:00,2025-09-30 00:01:00,-4.562164290733417e-05,-0.00672379360424857,2025-09-01
2025-09-24,2025-09-24,2025-09-24 00:01:00,2025-10-01 00:01:00,-0.015375965932199254,-0.012262555566357969,2025-09-01
2025-09-25,2025-09-25,2025-09-25 00:01:00,2025-10-02 00:01:00,0.04015446613303597,-0.005165082578440595,2025-09-01
2025-09-26,2025-09-26,2025-09-26 00:01:00,2025-10-03 00:01:00,0.10803458466893034,9.841789738878476e-05,2025-09-01
2025-09-27,2025-09-27,2025-09-27 00:01:00,2025-10-04 00:01:00,0.15317176156533963,-0.007124056776186251,2025-09-01
2025-09-28,2025-09-28,2025-09-28 00:01:00,2025-10-05 00:01:00,0.11034620174346199,0.0027234049570316436,2025-09-01
2025-09-29,2025-09-29,2025-09-29 00:01:00,2025-10-06 00:01:00,0.12790686103786264,0.008941327004469597,2025-09-01
2025-09-30,2025-09-30,2025-09-30 00:01:00,2025-10-07 00:01:00,0.12319846320086447,0.021517707823870615,2025-09-01
2025-10-01,2025-10-01,2025-10-01 00:01:00,2025-10-08 00:01:00,0.09604118931973948,0.011402836644604083,2025-10-01
2025-10-02,2025-10-02,2025-10-02 00:01:00,2025-10-09 00:01:00,0.02595569396538777,0.037424542343967776,2025-10-01
2025-10-03,2025-10-03,2025-10-03 00:01:00,2025-10-10 00:01:00,-0.026218876507940747,0.05917829598084734,2025-10-01
2025-10-04,2025-10-04,2025-10-04 00:01:00,2025-10-11 00:01:00,-0.09931565628782046,0.08291026762202687,2025-10-01
2025-10-05,2025-10-05,2025-10-05 00:01:00,2025-10-12 00:01:00,-0.14183587406124665,0.06655634177069572,2025-10-01
2025-10-06,2025-10-06,2025-10-06 00:01:00,2025-10-13 00:01:00,-0.10897317135572437,0.06839070092227317,2025-10-01
2025-10-07,2025-10-07,2025-10-07 00:01:00,2025-10-14 00:01:00,-0.11664628567030688,0.06275394090544577,2025-10-01
2025-10-08,2025-10-08,2025-10-08 00:01:00,2025-10-15 00:01:00,-0.09736416236227796,0.06101391696433581,2025-10-01
2025-10-09,2025-10-09,2025-10-09 00:01:00,2025-10-16 00:01:00,-0.10333087135882979,0.051083634613615175,2025-10-01
2025-10-10,2025-10-10,2025-10-10 00:01:00,2025-10-17 00:01:00,-0.09906264845261692,0.04779328766611374,2025-10-01
2025-10-11,2025-10-11,2025-10-11 00:01:00,2025-10-18 00:01:00,-0.06965767280047686,0.028986193053403685,2025-10-01
2025-10-12,2025-10-12,2025-10-12 00:01:00,2025-10-19 00:01:00,0.013275897671816805,0.04835832430849746,2025-10-01
2025-10-13,2025-10-13,2025-10-13 00:01:00,2025-10-20 00:01:00,-0.01593859223541305,0.021491107060634874,2025-10-01
2025-10-14,2025-10-14,2025-10-14 00:01:00,2025-10-21 00:01:00,-0.03761913290125207,0.017341853632983028,2025-10-01
2025-10-15,2025-10-15,2025-10-15 00:01:00,2025-10-22 00:01:00,0.0016798880074662126,0.016157633828755125,2025-10-01
2025-10-16,2025-10-16,2025-10-16 00:01:00,2025-10-23 00:01:00,-0.036120040180813606,0.019178655700222667,2025-10-01
2025-10-17,2025-10-17,2025-10-17 00:01:00,2025-10-24 00:01:00,-0.002963069657858086,0.01890825327867602,2025-10-01
2025-10-18,2025-10-18,2025-10-18 00:01:00,2025-10-25 00:01:00,0.021121101669099973,0.011948275019230167,2025-10-01
2025-10-19,2025-10-19,2025-10-19 00:01:00,2025-10-26 00:01:00,0.014631679960376731,-0.007084169918646851,2025-10-01
2025-10-20,2025-10-20,2025-10-20 00:01:00,2025-10-27 00:01:00,0.023946733610196613,0.0072623416541375,2025-10-01
2025-10-21,2025-10-21,2025-10-21 00:01:00,2025-10-28 00:01:00,0.04966679240538152,0.005103146385666741,2025-10-01
2025-10-22,2025-10-22,2025-10-22 00:01:00,2025-10-29 00:01:00,0.004550648026009352,0.0029706066531459355,2025-10-01
2025-10-23,2025-10-23,2025-10-23 00:01:00,2025-10-30 00:01:00,0.028302550434191387,0.014269062922675236,2025-10-01
2025-10-24,2025-10-24,2025-10-24 00:01:00,2025-10-31 00:01:00,-0.02847015483677906,0.008803235662595476,2025-10-01
2025-10-25,2025-10-25,2025-10-25 00:01:00,2025-11-01 00:01:00,-0.008867240842799329,0.017450734003977564,2025-10-01
2025-10-26,2025-10-26,2025-10-26 00:01:00,2025-11-02 00:01:00,-0.011412982680944928,0.025935335245117968,2025-10-01
2025-10-27,2025-10-27,2025-10-27 00:01:00,2025-11-03 00:01:00,-0.05367149058267762,0.029205687299887276,2025-10-01
2025-10-28,2025-10-28,2025-10-28 00:01:00,2025-11-04 00:01:00,-0.14107091518926684,0.03505694012807824,2025-10-01
2025-10-29,2025-10-29,2025-10-29 00:01:00,2025-11-05 00:01:00,-0.1423958409606796,0.03477267830329964,2025-10-01
2025-10-30,2025-10-30,2025-10-30 00:01:00,2025-11-06 00:01:00,-0.13992854971115842,0.020205087021164674,2025-10-01
2025-10-31,2025-10-31,2025-10-31 00:01:00,2025-11-07 00:01:00,-0.12210898623996946,0.022723950216404023,2025-10-01
2025-11-01,2025-11-01,2025-11-01 00:01:00,2025-11-08 00:01:00,-0.14448921766792333,0.008940444916666648,2025-11-01
2025-11-02,2025-11-02,2025-11-02 00:01:00,2025-11-09 00:01:00,-0.13130248048658166,0.005916687731943317,2025-11-01
2025-11-03,2025-11-03,2025-11-03 00:01:00,2025-11-10 00:01:00,-0.08764060110949301,0.004039408649123082,2025-11-01
2025-11-04,2025-11-04,2025-11-04 00:01:00,2025-11-11 00:01:00,-0.019904216536454356,0.011758622966220924,2025-11-01
2025-11-05,2025-11-05,2025-11-05 00:01:00,2025-11-12 00:01:00,-0.008640489058511225,0.0068250398179466034,2025-11-01
2025-11-06,2025-11-06,2025-11-06 00:01:00,2025-11-13 00:01:00,0.009924790766320912,-0.0007178754186140789,2025-11-01
2025-11-07,2025-11-07,2025-11-07 00:01:00,2025-11-14 00:01:00,0.023544214971023436,-0.009050310563206296,2025-11-01
2025-11-08,2025-11-08,2025-11-08 00:01:00,2025-11-15 00:01:00,-0.030975424080943115,0.001861300581839035,2025-11-01
2025-11-09,2025-11-09,2025-11-09 00:01:00,2025-11-16 00:01:00,-0.05749600331576765,0.008890760125628184,2025-11-01
2025-11-10,2025-11-10,2025-11-10 00:01:00,2025-11-17 00:01:00,-0.11854549593125818,0.02451388578532417,2025-11-01
2025-11-11,2025-11-11,2025-11-11 00:01:00,2025-11-18 00:01:00,-0.11338689342906993,0.03549962002106169,2025-11-01
2025-11-12,2025-11-12,2025-11-12 00:01:00,2025-11-19 00:01:00,-0.10746038991424867,0.024858824940347052,2025-11-01
2025-11-13,2025-11-13,2025-11-13 00:01:00,2025-11-20 00:01:00,-0.13201019771193212,0.019981687913900446,2025-11-01
2025-11-14,2025-11-14,2025-11-14 00:01:00,2025-11-21 00:01:00,-0.12662088204352295,0.02469652801798459,2025-11-01
2025-11-15,2025-11-15,2025-11-15 00:01:00,2025-11-22 00:01:00,-0.15405633802816898,0.01638135641562572,2025-11-01
2025-11-16,2025-11-16,2025-11-16 00:01:00,2025-11-23 00:01:00,-0.1397321891323947,0.020162891830126595,2025-11-01
2025-11-17,2025-11-17,2025-11-17 00:01:00,2025-11-24 00:01:00,-0.08520768505726362,0.030720642362664752,2025-11-01
2025-11-18,2025-11-18,2025-11-18 00:01:00,2025-11-25 00:01:00,-0.08618824609438935,0.026170854797637404,2025-11-01
2025-11-19,2025-11-19,2025-11-19 00:01:00,2025-11-26 00:01:00,-0.06907021849399009,0.017522499264007587,2025-11-01
2025-11-20,2025-11-20,2025-11-20 00:01:00,2025-11-27 00:01:00,-0.014648851011204167,0.009678032169949075,2025-11-01
2025-11-21,2025-11-21,2025-11-21 00:01:00,2025-11-28 00:01:00,0.01825422604788396,-0.0019698559380158763,2025-11-01
2025-11-22,2025-11-22,2025-11-22 00:01:00,2025-11-29 00:01:00,0.13586331161503495,0.007665108334293047,2025-11-01
2025-11-23,2025-11-23,2025-11-23 00:01:00,2025-11-30 00:01:00,0.09721623812410085,-0.005887542957365682,2025-11-01
2025-11-24,2025-11-24,2025-11-24 00:01:00,2025-12-01 00:01:00,0.06826417877268454,-0.00988543372308217,2025-11-01
2025-11-25,2025-11-25,2025-11-25 00:01:00,2025-12-02 00:01:00,-0.03510861012757838,-0.017510423530928205,2025-11-01
2025-11-26,2025-11-26,2025-11-26 00:01:00,2025-12-03 00:01:00,0.039716405172979696,-0.02471165151984273,2025-11-01
2025-11-27,2025-11-27,2025-11-27 00:01:00,2025-12-04 00:01:00,0.05334115488375102,-0.04119915608258652,2025-11-01
2025-11-28,2025-11-28,2025-11-28 00:01:00,2025-12-05 00:01:00,0.06486278132403811,-0.02278357541270373,2025-11-01
2025-11-29,2025-11-29,2025-11-29 00:01:00,2025-12-06 00:01:00,0.010032573289902258,0.0061397967464833485,2025-11-01
2025-11-30,2025-11-30,2025-11-30 00:01:00,2025-12-07 00:01:00,0.011683899114472984,0.009708812073459493,2025-11-01
2025-12-01,2025-12-01,2025-12-01 00:01:00,2025-12-08 00:01:00,-0.0034022031742885206,-0.007397217837896648,2025-12-01
2025-12-02,2025-12-02,2025-12-02 00:01:00,2025-12-09 00:01:00,0.12835783947898216,-0.029426722655513337,2025-12-01
2025-12-03,2025-12-03,2025-12-03 00:01:00,2025-12-10 00:01:00,0.0844703943214522,-0.0012706198530328594,2025-12-01
2025-12-04,2025-12-04,2025-12-04 00:01:00,2025-12-11 00:01:00,0.07796416996117839,0.0060996294097771355,2025-12-01
2025-12-05,2025-12-05,2025-12-05 00:01:00,2025-12-12 00:01:00,-0.008091417729972017,0.015621193062294734,2025-12-01
2025-12-06,2025-12-06,2025-12-06 00:01:00,2025-12-13 00:01:00,-0.009545923632611086,0.00785225831676347,2025-12-01
2025-12-07,2025-12-07,2025-12-07 00:01:00,2025-12-14 00:01:00,0.023288707608302373,0.011584960433234613,2025-12-01
2025-12-08,2025-12-08,2025-12-08 00:01:00,2025-12-15 00:01:00,0.020423247104055076,0.01129285130282828,2025-12-01
2025-12-09,2025-12-09,2025-12-09 00:01:00,2025-12-16 00:01:00,-0.031269357836052,0.025304653436218575,2025-12-01
2025-12-10,2025-12-10,2025-12-10 00:01:00,2025-12-17 00:01:00,-0.09376082073659153,0.012979725137500914,2025-12-01
2025-12-11,2025-12-11,2025-12-11 00:01:00,2025-12-18 00:01:00,-0.1273946762944318,0.0170361447635121,2025-12-01
2025-12-12,2025-12-12,2025-12-12 00:01:00,2025-12-19 00:01:00,-0.0677037782741372,0.011009520451454678,2025-12-01
2025-12-13,2025-12-13,2025-12-13 00:01:00,2025-12-20 00:01:00,-0.03433185725449328,0.00166545274386518,2025-12-01
2025-12-14,2025-12-14,2025-12-14 00:01:00,2025-12-21 00:01:00,-0.04335722781188722,0.0014482368288308315,2025-12-01
2025-12-15,2025-12-15,2025-12-15 00:01:00,2025-12-22 00:01:00,-0.034549511655628695,0.011235424457432086,2025-12-01
2025-12-16,2025-12-16,2025-12-16 00:01:00,2025-12-23 00:01:00,0.017028575234796506,0.01688464115228397,2025-12-01
2025-12-17,2025-12-17,2025-12-17 00:01:00,2025-12-24 00:01:00,-0.012027334543843748,0.024527346828925507,2025-12-01
2025-12-18,2025-12-18,2025-12-18 00:01:00,2025-12-25 00:01:00,0.006116765859014883,0.03213694527322205,2025-12-01
2025-12-19,2025-12-19,2025-12-19 00:01:00,2025-12-26 00:01:00,-0.0007727375493083999,0.02760277871822149,2025-12-01
2025-12-20,2025-12-20,2025-12-20 00:01:00,2025-12-27 00:01:00,-0.014175118687958732,0.03731336478591145,2025-12-01
2025-12-21,2025-12-21,2025-12-21 00:01:00,2025-12-28 00:01:00,-0.016942090442940594,0.03553591810220083,2025-12-01
2025-12-22,2025-12-22,2025-12-22 00:01:00,2025-12-29 00:01:00,-0.008087740546359856,0.04122850209234818,2025-12-01
2025-12-23,2025-12-23,2025-12-23 00:01:00,2025-12-30 00:01:00,-0.04001008602594203,0.04808389248461877,2025-12-01
2025-12-24,2025-12-24,2025-12-24 00:01:00,2025-12-31 00:01:00,0.0229819361639505,0.04385217458866418,2025-12-01
2025-12-25,2025-12-25,2025-12-25 00:01:00,2026-01-01 00:01:00,0.021413664511273023,0.047857842688974576,2025-12-01
2025-12-26,2025-12-26,2025-12-26 00:01:00,2026-01-02 00:01:00,0.009148318249358356,0.04219410016850667,2025-12-01
2025-12-27,2025-12-27,2025-12-27 00:01:00,2026-01-03 00:01:00,0.05530967397698827,0.04431438361862012,2025-12-01
2025-12-28,2025-12-28,2025-12-28 00:01:00,2026-01-04 00:01:00,0.0596082854799016,0.034200121014931195,2025-12-01
2025-12-29,2025-12-29,2025-12-29 00:01:00,2026-01-05 00:01:00,0.06285867397468414,0.03097257820594885,2025-12-01
2025-12-30,2025-12-30,2025-12-30 00:01:00,2026-01-06 00:01:00,0.08901775511248311,0.04264841085279253,2025-12-01
2025-12-31,2025-12-31,2025-12-31 00:01:00,2026-01-07 00:01:00,0.09507830351855606,0.04856437697196443,2025-12-01
2026-01-01,2026-01-01,2026-01-01 00:01:00,2026-01-08 00:01:00,0.06022127021025048,0.04885958469789018,2026-01-01
2026-01-02,2026-01-02,2026-01-02 00:01:00,2026-01-09 00:01:00,0.038018398482075,0.051409136449341336,2026-01-01
2026-01-03,2026-01-03,2026-01-03 00:01:00,2026-01-10 00:01:00,0.008381327724174659,0.07080114759202201,2026-01-01
2026-01-04,2026-01-04,2026-01-04 00:01:00,2026-01-11 00:01:00,-0.002106458407930223,0.05569166294570506,2026-01-01
2026-01-05,2026-01-05,2026-01-05 00:01:00,2026-01-12 00:01:00,-0.005067508272994514,0.06770055718835302,2026-01-01
2026-01-06,2026-01-06,2026-01-06 00:01:00,2026-01-13 00:01:00,-0.01920745745510588,0.06745133273946437,2026-01-01
2026-01-07,2026-01-07,2026-01-07 00:01:00,2026-01-14 00:01:00,-0.025357448368569013,0.07312856986750976,2026-01-01
2026-01-08,2026-01-08,2026-01-08 00:01:00,2026-01-15 00:01:00,0.057321943082444315,0.05531499928500596,2026-01-01
2026-01-09,2026-01-09,2026-01-09 00:01:00,2026-01-16 00:01:00,0.07198168864244492,0.0315609100888446,2026-01-01
2026-01-10,2026-01-10,2026-01-10 00:01:00,2026-01-17 00:01:00,0.04923359763956414,0.027625579362571016,2026-01-01
2026-01-11,2026-01-11,2026-01-11 00:01:00,2026-01-18 00:01:00,0.07458315284503425,0.03473572816534472,2026-01-01
2026-01-12,2026-01-12,2026-01-12 00:01:00,2026-01-19 00:01:00,0.0682177554116512,0.044937774434396734,2026-01-01
2026-01-13,2026-01-13,2026-01-13 00:01:00,2026-01-20 00:01:00,0.026625659892884235,0.048864007081166574,2026-01-01
2026-01-14,2026-01-14,2026-01-14 00:01:00,2026-01-21 00:01:00,-0.049905962008651494,0.04258918432183345,2026-01-01
2026-01-15,2026-01-15,2026-01-15 00:01:00,2026-01-22 00:01:00,-0.10341169861834865,0.04746628684823362,2026-01-01
2026-01-16,2026-01-16,2026-01-16 00:01:00,2026-01-23 00:01:00,-0.11475168261567792,0.0680663648355275,2026-01-01
2026-01-17,2026-01-17,2026-01-17 00:01:00,2026-01-24 00:01:00,-0.09694069787745008,0.056442880684203514,2026-01-01
2026-01-18,2026-01-18,2026-01-18 00:01:00,2026-01-25 00:01:00,-0.11046032404984085,0.06389432429798966,2026-01-01
2026-01-19,2026-01-19,2026-01-19 00:01:00,2026-01-26 00:01:00,-0.12176850322774369,0.057699148843863075,2026-01-01
2026-01-20,2026-01-20,2026-01-20 00:01:00,2026-01-27 00:01:00,-0.09762766910556964,0.06321287209098186,2026-01-01
2026-01-21,2026-01-21,2026-01-21 00:01:00,2026-01-28 00:01:00,-0.030864503017165923,0.05863933140009946,2026-01-01
2026-01-22,2026-01-22,2026-01-22 00:01:00,2026-01-29 00:01:00,0.0013730449938846867,0.05764449703087392,2026-01-01
2026-01-23,2026-01-23,2026-01-23 00:01:00,2026-01-30 00:01:00,-0.040932732257330406,0.06592505715358601,2026-01-01
2026-01-24,2026-01-24,2026-01-24 00:01:00,2026-01-31 00:01:00,-0.0746164361721976,0.061026880314749295,2026-01-01
2026-01-25,2026-01-25,2026-01-25 00:01:00,2026-02-01 00:01:00,-0.14309821812045354,0.06237791191838056,2026-01-01
2026-01-26,2026-01-26,2026-01-26 00:01:00,2026-02-02 00:01:00,-0.21155575308979646,0.06308489840688122,2026-01-01
2026-01-27,2026-01-27,2026-01-27 00:01:00,2026-02-03 00:01:00,-0.18297807793210674,0.06183262622515044,2026-01-01
2026-01-28,2026-01-28,2026-01-28 00:01:00,2026-02-04 00:01:00,-0.21751933656517253,0.05232706201928364,2026-01-01
2026-01-29,2026-01-29,2026-01-29 00:01:00,2026-02-05 00:01:00,-0.28335468841001743,0.06100376241409848,2026-01-01
2026-01-30,2026-01-30,2026-01-30 00:01:00,2026-02-06 00:01:00,-0.3049781801694579,0.04740144347324889,2026-01-01
2026-01-31,2026-01-31,2026-01-31 00:01:00,2026-02-07 00:01:00,-0.27585006084954766,0.03973659474236773,2026-01-01
2026-02-01,2026-02-01,2026-02-01 00:01:00,2026-02-08 00:01:00,-0.19052430096493467,0.03549321311412662,2026-02-01
2026-02-02,2026-02-02,2026-02-02 00:01:00,2026-02-09 00:01:00,-0.0863123113747527,0.032998856016047164,2026-02-01
2026-02-03,2026-02-03,2026-02-03 00:01:00,2026-02-10 00:01:00,-0.13078701750240507,0.01516107595017762,2026-02-01
2026-02-04,2026-02-04,2026-02-04 00:01:00,2026-02-11 00:01:00,-0.12007448368276552,0.01347829828816903,2026-02-01
2026-02-05,2026-02-05,2026-02-05 00:01:00,2026-02-12 00:01:00,-0.10421484763205069,0.03144562906680838,2026-02-01
2026-02-06,2026-02-06,2026-02-06 00:01:00,2026-02-13 00:01:00,-0.007354252776319625,0.019226180954912978,2026-02-01
2026-02-07,2026-02-07,2026-02-07 00:01:00,2026-02-14 00:01:00,0.028691325278029423,-0.0004951221333279847,2026-02-01
2026-02-08,2026-02-08,2026-02-08 00:01:00,2026-02-15 00:01:00,0.0163522809823069,-0.0202387616480653,2026-02-01
2026-02-09,2026-02-09,2026-02-09 00:01:00,2026-02-16 00:01:00,-0.046385808049888344,-0.030815691544908277,2026-02-01
2026-02-10,2026-02-10,2026-02-10 00:01:00,2026-02-17 00:01:00,-0.050067961165048636,-0.030609605705569108,2026-02-01
2026-02-11,2026-02-11,2026-02-11 00:01:00,2026-02-18 00:01:00,-0.026729295426452415,-0.03470128459025554,2026-02-01
2026-02-12,2026-02-12,2026-02-12 00:01:00,2026-02-19 00:01:00,0.02735713582141397,-0.039963839444885824,2026-02-01
2026-02-13,2026-02-13,2026-02-13 00:01:00,2026-02-20 00:01:00,-0.012784309698618879,-0.043624098373431446,2026-02-01
2026-02-14,2026-02-14,2026-02-14 00:01:00,2026-02-21 00:01:00,-0.03505577726492115,-0.0488701040176801,2026-02-01
2026-02-15,2026-02-15,2026-02-15 00:01:00,2026-02-22 00:01:00,-0.04686683008495518,-0.05105885596891127,2026-02-01
2026-02-16,2026-02-16,2026-02-16 00:01:00,2026-02-23 00:01:00,-0.02827751981964488,-0.04980646037223045,2026-02-01
2026-02-17,2026-02-17,2026-02-17 00:01:00,2026-02-24 00:01:00,-0.03149944298519047,-0.055201419682354015,2026-02-01
2026-02-18,2026-02-18,2026-02-18 00:01:00,2026-02-25 00:01:00,-0.06158684034057427,-0.05440367855264632,2026-02-01
2026-02-19,2026-02-19,2026-02-19 00:01:00,2026-02-26 00:01:00,0.018211636473734583,-0.04690905529306284,2026-02-01
2026-02-20,2026-02-20,2026-02-20 00:01:00,2026-02-27 00:01:00,0.05938215102974831,-0.046420499479134195,2026-02-01
2026-02-21,2026-02-21,2026-02-21 00:01:00,2026-02-28 00:01:00,-0.007705448889568922,-0.04343054290812952,2026-02-01
2026-02-22,2026-02-22,2026-02-22 00:01:00,2026-03-01 00:01:00,-0.04601571268237936,-0.03843127688337981,2026-02-01
2026-02-23,2026-02-23,2026-02-23 00:01:00,2026-03-02 00:01:00,0.019180046605720813,-0.043920328581286264,2026-02-01
2026-02-24,2026-02-24,2026-02-24 00:01:00,2026-03-03 00:01:00,0.08021760006753831,-0.04459307073908996,2026-02-01
2026-02-25,2026-02-25,2026-02-25 00:01:00,2026-03-04 00:01:00,0.06460012667752979,-0.04557284176479312,2026-02-01
2026-02-26,2026-02-26,2026-02-26 00:01:00,2026-03-05 00:01:00,0.06620114085212037,-0.0340392203112358,2026-02-01
2026-02-27,2026-02-27,2026-02-27 00:01:00,2026-03-06 00:01:00,0.022120983023888208,-0.036788872046153775,2026-02-01
2026-02-28,2026-02-28,2026-02-28 00:01:00,2026-03-07 00:01:00,0.015648768655182277,-0.04406796043674463,2026-02-01
2026-03-01,2026-03-01,2026-03-01 00:01:00,2026-03-08 00:01:00,0.04367185439198096,-0.0251791135990532,2026-03-01
2026-03-02,2026-03-02,2026-03-02 00:01:00,2026-03-09 00:01:00,-0.024537688442211048,-0.01995006059978759,2026-03-01
2026-03-03,2026-03-03,2026-03-03 00:01:00,2026-03-10 00:01:00,-0.012450848699474881,-0.007311064626622264,2026-03-01
2026-03-04,2026-03-04,2026-03-04 00:01:00,2026-03-11 00:01:00,0.057415562358253514,0.002550742879786974,2026-03-01
2026-03-05,2026-03-05,2026-03-05 00:01:00,2026-03-12 00:01:00,-0.04719783207909378,-0.000688537854371499,2026-03-01
2026-03-06,2026-03-06,2026-03-06 00:01:00,2026-03-13 00:01:00,-0.005970106241954931,0.002930490862068381,2026-03-01
2026-03-07,2026-03-07,2026-03-07 00:01:00,2026-03-14 00:01:00,0.0769117892616975,0.008498452962831063,2026-03-01
2026-03-08,2026-03-08,2026-03-08 00:01:00,2026-03-15 00:01:00,0.04794569019552353,0.020694928047900955,2026-03-01
2026-03-09,2026-03-09,2026-03-09 00:01:00,2026-03-16 00:01:00,0.07809723002106961,0.012624413338117169,2026-03-01
2026-03-10,2026-03-10,2026-03-10 00:01:00,2026-03-17 00:01:00,0.12376839981006627,0.0110302371790501,2026-03-01
2026-03-11,2026-03-11,2026-03-11 00:01:00,2026-03-18 00:01:00,0.11403015220370794,0.013544759772159094,2026-03-01
2026-03-12,2026-03-12,2026-03-12 00:01:00,2026-03-19 00:01:00,0.06596644599796098,0.009674347584254558,2026-03-01
2026-03-13,2026-03-13,2026-03-13 00:01:00,2026-03-20 00:01:00,0.022666106174593192,0.012085785286146646,2026-03-01
2026-03-14,2026-03-14,2026-03-14 00:01:00,2026-03-21 00:01:00,0.003307819892965691,0.028544045795226063,2026-03-01
2026-03-15,2026-03-15,2026-03-15 00:01:00,2026-03-22 00:01:00,0.03779309546434617,0.02194093285314572,2026-03-01
2026-03-16,2026-03-16,2026-03-16 00:01:00,2026-03-23 00:01:00,-0.005863042761507509,0.025428590906049754,2026-03-01
2026-03-17,2026-03-17,2026-03-17 00:01:00,2026-03-24 00:01:00,-0.06255749365094021,0.038930508751733296,2026-03-01
2026-03-18,2026-03-18,2026-03-18 00:01:00,2026-03-25 00:01:00,-0.07903063581070302,0.04304015170312356,2026-03-01
2026-03-19,2026-03-19,2026-03-19 00:01:00,2026-03-26 00:01:00,-0.011413926454772239,0.03271158865886636,2026-03-01
2026-03-20,2026-03-20,2026-03-20 00:01:00,2026-03-27 00:01:00,-0.02282047889932537,0.025905851992506525,2026-03-01
2026-03-21,2026-03-21,2026-03-21 00:01:00,2026-03-28 00:01:00,-0.06935696121910895,0.02148415329240536,2026-03-01
2026-03-22,2026-03-22,2026-03-22 00:01:00,2026-03-29 00:01:00,-0.05838771450350466,0.02714162539476785,2026-03-01
2026-03-23,2026-03-23,2026-03-23 00:01:00,2026-03-30 00:01:00,-0.04256669069935104,0.020048156217403877,2026-03-01
2026-03-24,2026-03-24,2026-03-24 00:01:00,2026-03-31 00:01:00,-0.027344520297108876,0.016899837296737077,2026-03-01
2026-03-25,2026-03-25,2026-03-25 00:01:00,2026-04-01 00:01:00,-0.03575831149899933,0.018373025770224528,2026-03-01
2026-03-26,2026-03-26,2026-03-26 00:01:00,2026-04-02 00:01:00,-0.01246232830735472,0.02166347344871565,2026-03-01
2026-03-27,2026-03-27,2026-03-27 00:01:00,2026-04-03 00:01:00,-0.005531326454632279,0.021672563401148686,2026-03-01
2026-03-28,2026-03-28,2026-03-28 00:01:00,2026-04-04 00:01:00,0.031712484211691594,0.014656094883125212,2026-03-01
2026-03-29,2026-03-29,2026-03-29 00:01:00,2026-04-05 00:01:00,0.014502482896152635,0.011618883352415676,2026-03-01
2026-03-30,2026-03-30,2026-03-30 00:01:00,2026-04-06 00:01:00,0.031321224534875514,0.016417528915809054,2026-03-01
2026-03-31,2026-03-31,2026-03-31 00:01:00,2026-04-07 00:01:00,0.043926975024377146,0.01799004954245118,2026-03-01
2026-04-01,2026-04-01,2026-04-01 00:01:00,2026-04-08 00:01:00,0.010917752284658855,0.011927803282204049,2026-04-01
2026-04-02,2026-04-02,2026-04-02 00:01:00,2026-04-09 00:01:00,0.038351014208767076,0.00979918176720577,2026-04-01
2026-04-03,2026-04-03,2026-04-03 00:01:00,2026-04-10 00:01:00,0.08048016802963853,0.011644673822974575,2026-04-01
2026-04-04,2026-04-04,2026-04-04 00:01:00,2026-04-11 00:01:00,0.08463358127057674,0.006478403147537863,2026-04-01
2026-04-05,2026-04-05,2026-04-05 00:01:00,2026-04-12 00:01:00,0.09380899554309963,0.004486936232718511,2026-04-01
2026-04-06,2026-04-06,2026-04-06 00:01:00,2026-04-13 00:01:00,0.06312033607064116,0.009410237251198732,2026-04-01
2026-04-07,2026-04-07,2026-04-07 00:01:00,2026-04-14 00:01:00,0.021506321036520726,0.007694649953346219,2026-04-01
2026-04-08,2026-04-08,2026-04-08 00:01:00,2026-04-15 00:01:00,0.13627708375407543,0.007943824853781062,2026-04-01
2026-04-09,2026-04-09,2026-04-09 00:01:00,2026-04-16 00:01:00,0.051801354401805666,0.00482919846550803,2026-04-01
2026-04-10,2026-04-10,2026-04-10 00:01:00,2026-04-17 00:01:00,0.05256242378426057,0.010275141019147498,2026-04-01
2026-04-11,2026-04-11,2026-04-11 00:01:00,2026-04-18 00:01:00,0.09738866879218633,0.010355681087388553,2026-04-01
2026-04-12,2026-04-12,2026-04-12 00:01:00,2026-04-19 00:01:00,0.04855340652301554,0.01051191702291835,2026-04-01
2026-04-13,2026-04-13,2026-04-13 00:01:00,2026-04-20 00:01:00,0.06483058608058623,0.006028521286741625,2026-04-01
2026-04-14,2026-04-14,2026-04-14 00:01:00,2026-04-21 00:01:00,0.04528026870306401,0.004976816769293758,2026-04-01
2026-04-15,2026-04-15,2026-04-15 00:01:00,2026-04-22 00:01:00,-0.02142551849924046,0.011703451244186055,2026-04-01
2026-04-16,2026-04-16,2026-04-16 00:01:00,2026-04-23 00:01:00,0.032175264192570774,0.0029806407440303956,2026-04-01
2026-04-17,2026-04-17,2026-04-17 00:01:00,2026-04-24 00:01:00,-0.003402989158315939,-0.002127246239640264,2026-04-01
2026-04-18,2026-04-18,2026-04-18 00:01:00,2026-04-25 00:01:00,-0.048898923920437265,0.002172885055281466,2026-04-01
2026-04-19,2026-04-19,2026-04-19 00:01:00,2026-04-26 00:01:00,-0.02104200340235618,0.003368061139414174,2026-04-01
2026-04-20,2026-04-20,2026-04-20 00:01:00,2026-04-27 00:01:00,0.00887946714597132,0.0036020339680962886,2026-04-01
2026-04-21,2026-04-21,2026-04-21 00:01:00,2026-04-28 00:01:00,-0.016573126158429874,0.000761983781398442,2026-04-01
2026-04-22,2026-04-22,2026-04-22 00:01:00,2026-04-29 00:01:00,-0.014763626299493127,0.0012092449242162512,2026-04-01
2026-04-23,2026-04-23,2026-04-23 00:01:00,2026-04-30 00:01:00,-0.0563230340583023,-0.0007844895387923224,2026-04-01
2026-04-24,2026-04-24,2026-04-24 00:01:00,2026-05-01 00:01:00,-0.028753925084507137,0.00013946987269645436,2026-04-01
2026-04-25,2026-04-25,2026-04-25 00:01:00,2026-05-02 00:01:00,-0.005208939211808761,-0.00042555413346737693,2026-04-01
2026-04-26,2026-04-26,2026-04-26 00:01:00,2026-05-03 00:01:00,-0.00026001152717791687,0.003512984250841319,2026-04-01
2026-04-27,2026-04-27,2026-04-27 00:01:00,2026-05-04 00:01:00,-0.007710208674304275,0.005117065319335307,2026-04-01
2026-04-28,2026-04-28,2026-04-28 00:01:00,2026-05-05 00:01:00,0.03537379617682923,0.001881715004969667,2026-04-01
2026-04-29,2026-04-29,2026-04-29 00:01:00,2026-05-06 00:01:00,0.04463854628451025,0.0037090206062795777,2026-04-01
2026-04-30,2026-04-30,2026-04-30 00:01:00,2026-05-07 00:01:00,0.0388761093924892,0.0016972640772984363,2026-04-01
2026-05-01,2026-05-01,2026-05-01 00:01:00,2026-05-08 00:01:00,0.012459531917336841,0.00489005621713895,2026-05-01
2026-05-02,2026-05-02,2026-05-02 00:01:00,2026-05-09 00:01:00,-0.006933977790482215,0.0022515591132201062,2026-05-01
2026-05-03,2026-05-03,2026-05-03 00:01:00,2026-05-10 00:01:00,0.0035804229753921835,0.0050551082486648725,2026-05-01
2026-05-04,2026-05-04,2026-05-04 00:01:00,2026-05-11 00:01:00,0.008809569830122488,0.0024953317183684155,2026-05-01
2026-05-05,2026-05-05,2026-05-05 00:01:00,2026-05-12 00:01:00,-0.008906014749789248,0.005090006249235144,2026-05-01
2026-05-06,2026-05-06,2026-05-06 00:01:00,2026-05-13 00:01:00,-0.0496092436974791,0.006863064889484828,2026-05-01
2026-05-07,2026-05-07,2026-05-07 00:01:00,2026-05-14 00:01:00,-0.048500941683492615,0.00391653618217285,2026-05-01
2026-05-08,2026-05-08,2026-05-08 00:01:00,2026-05-15 00:01:00,0.0032325047767782777,0.006131697845583393,2026-05-01
2026-05-09,2026-05-09,2026-05-09 00:01:00,2026-05-16 00:01:00,-0.03138806145901929,0.0007369488034473987,2026-05-01
2026-05-10,2026-05-10,2026-05-10 00:01:00,2026-05-17 00:01:00,-0.05926789763524454,-0.002872928670301627,2026-05-01
2026-05-11,2026-05-11,2026-05-11 00:01:00,2026-05-18 00:01:00,-0.06926502771793275,-0.0055988216159056645,2026-05-01
2026-05-12,2026-05-12,2026-05-12 00:01:00,2026-05-19 00:01:00,-0.0970183840568517,-0.0071288285464388155,2026-05-01
2026-05-13,2026-05-13,2026-05-13 00:01:00,2026-05-20 00:01:00,-0.06732745929361206,-0.0006544992592194343,2026-05-01
2026-05-14,2026-05-14,2026-05-14 00:01:00,2026-05-21 00:01:00,-0.04690300204178077,-0.002253734414373207,2026-05-01
2026-05-15,2026-05-15,2026-05-15 00:01:00,2026-05-22 00:01:00,-0.07194695075551694,-0.013576875550359052,2026-05-01
2026-05-16,2026-05-16,2026-05-16 00:01:00,2026-05-23 00:01:00,-0.04587246841427506,-0.011909062612425483,2026-05-01
2026-05-17,2026-05-17,2026-05-17 00:01:00,2026-05-24 00:01:00,-0.053089259560244906,-0.007386731184904942,2026-05-01
2026-05-18,2026-05-18,2026-05-18 00:01:00,2026-05-25 00:01:00,-0.04141849422227095,-0.01346154651926514,2026-05-01
2026-05-19,2026-05-19,2026-05-19 00:01:00,2026-05-26 00:01:00,0.010417260716661936,-0.00893604867012017,2026-05-01
2026-05-20,2026-05-20,2026-05-20 00:01:00,2026-05-27 00:01:00,-0.011039798259418698,-0.013691108521487635,2026-05-01
2026-05-21,2026-05-21,2026-05-21 00:01:00,2026-05-28 00:01:00,-0.03069791807963762,-0.014268389223063671,2026-05-01
2026-05-22,2026-05-22,2026-05-22 00:01:00,2026-05-29 00:01:00,-0.06839276761827118,-0.011893791977170907,2026-05-01
2026-05-23,2026-05-23,2026-05-23 00:01:00,2026-05-30 00:01:00,-0.04168829575377753,-0.0166703279726914,2026-05-01
2026-05-24,2026-05-24,2026-05-24 00:01:00,2026-05-31 00:01:00,-0.01818754848719939,-0.01487019333198012,2026-05-01
2026-05-25,2026-05-25,2026-05-25 00:01:00,2026-06-01 00:01:00,-0.0408553812087199,-0.01656661269509996,2026-05-01
2026-05-26,2026-05-26,2026-05-26 00:01:00,2026-06-02 00:01:00,-0.07333076213948408,-0.015621720147567596,2026-05-01
2026-05-27,2026-05-27,2026-05-27 00:01:00,2026-06-03 00:01:00,-0.08380185491408432,-0.017156786717003204,2026-05-01
2026-05-28,2026-05-28,2026-05-28 00:01:00,2026-06-04 00:01:00,-0.1133426627418811,-0.014272386056597485,2026-05-01
2026-05-29,2026-05-29,2026-05-29 00:01:00,2026-06-05 00:01:00,-0.10688420374989938,-0.014284887431581274,2026-05-01
2026-05-30,2026-05-30,2026-05-30 00:01:00,2026-06-06 00:01:00,-0.22537819098644818,-0.016092048684265874,2026-05-01
2026-05-31,2026-05-31,2026-05-31 00:01:00,2026-06-07 00:01:00,-0.23043227039493508,-0.012585456309023493,2026-05-01
2026-06-01,2026-06-01,2026-06-01 00:01:00,2026-06-08 00:01:00,-0.19039421244582866,-0.04015811023546282,2026-06-01
2026-06-02,2026-06-02,2026-06-02 00:01:00,2026-06-09 00:01:00,-0.1434212596626755,-0.041590707903375705,2026-06-01
2026-06-03,2026-06-03,2026-06-03 00:01:00,2026-06-10 00:01:00,-0.14291842574718416,-0.04241045358715456,2026-06-01
2026-06-04,2026-06-04,2026-06-04 00:01:00,2026-06-11 00:01:00,-0.09871994426968256,-0.04232937134254254,2026-06-01
2026-06-05,2026-06-05,2026-06-05 00:01:00,2026-06-12 00:01:00,-0.07342606149341135,-0.04546228001846563,2026-06-01
2026-06-06,2026-06-06,2026-06-06 00:01:00,2026-06-13 00:01:00,0.05658470223261958,-0.03342648843205972,2026-06-01
2026-06-07,2026-06-07,2026-06-07 00:01:00,2026-06-14 00:01:00,0.07786098864781255,-0.01740327657472809,2026-06-01
2026-06-08,2026-06-08,2026-06-08 00:01:00,2026-06-15 00:01:00,0.02217961245598188,-0.021719362425330156,2026-06-01
2026-06-09,2026-06-09,2026-06-09 00:01:00,2026-06-16 00:01:00,0.09010807992225822,-0.023607619883301265,2026-06-01
2026-06-10,2026-06-10,2026-06-10 00:01:00,2026-06-17 00:01:00,0.08817569217246946,-0.02462555760109457,2026-06-01
2026-06-11,2026-06-11,2026-06-11 00:01:00,2026-06-18 00:01:00,0.07081393453017149,-0.02795483749702779,2026-06-01
2026-06-12,2026-06-12,2026-06-12 00:01:00,2026-06-19 00:01:00,0.02515482463337393,-0.02683336246527936,2026-06-01
2026-06-13,2026-06-13,2026-06-13 00:01:00,2026-06-20 00:01:00,0.02662976444751952,-0.022419391390958273,2026-06-01
2026-06-14,2026-06-14,2026-06-14 00:01:00,2026-06-21 00:01:00,0.03362069992021999,-0.020344799178957543,2026-06-01
2026-06-15,2026-06-15,2026-06-15 00:01:00,2026-06-22 00:01:00,0.0389415966234985,-0.024342660669320868,2026-06-01
2026-06-16,2026-06-16,2026-06-16 00:01:00,2026-06-23 00:01:00,-0.05284528539824218,-0.008606125903421549,2026-06-01
2026-06-17,2026-06-17,2026-06-17 00:01:00,2026-06-24 00:01:00,-0.06881387495933322,0.0013572774713285418,2026-06-01
2026-06-18,2026-06-18,2026-06-18 00:01:00,2026-06-25 00:01:00,-0.08627981728979872,0.003440684982844674,2026-06-01
2026-06-19,2026-06-19,2026-06-19 00:01:00,2026-06-26 00:01:00,-0.0680637894237609,-0.005032191361714664,2026-06-01
2026-06-20,2026-06-20,2026-06-20 00:01:00,2026-06-27 00:01:00,-0.06740861859802727,-0.0026569351574052954,2026-06-01
2026-06-21,2026-06-21,2026-06-21 00:01:00,2026-06-28 00:01:00,-0.07615964610129666,-0.0003572977631644417,2026-06-01
2026-06-22,2026-06-22,2026-06-22 00:01:00,2026-06-29 00:01:00,-0.08581448238745848,0.0008671647311044558,2026-06-01
2026-06-23,2026-06-23,2026-06-23 00:01:00,2026-06-30 00:01:00,-0.0935672514619883,-0.0004897618102071544,2026-06-01
2026-06-24,2026-06-24,2026-06-24 00:01:00,2026-07-01 00:01:00,-0.05658695259321722,-0.006423525584190808,2026-06-01
2026-06-25,2026-06-25,2026-06-25 00:01:00,2026-07-02 00:01:00,-0.001542924149848801,-0.008894949988887634,2026-06-01
2026-06-26,2026-06-26,2026-06-26 00:01:00,2026-07-03 00:01:00,0.07945343163760588,-0.009954534317839513,2026-06-01
2026-06-27,2026-06-27,2026-06-27 00:01:00,2026-07-04 00:01:00,0.08731909331422938,-0.009999354955203928,2026-06-01
2026-06-28,2026-06-28,2026-06-28 00:01:00,2026-07-05 00:01:00,0.11489709265713577,-0.005979526455690021,2026-06-01
2026-06-29,2026-06-29,2026-06-29 00:01:00,2026-07-06 00:01:00,0.12264043450188011,-0.007885821462954405,2026-06-01
2026-06-30,2026-06-30,2026-06-30 00:01:00,2026-07-07 00:01:00,0.12819652410649285,-0.008129997374807164,2026-06-01
2026-07-01,2026-07-01,2026-07-01 00:01:00,2026-07-08 00:01:00,0.1462558103897431,-0.013925077699572222,2026-07-01
2026-07-02,2026-07-02,2026-07-02 00:01:00,2026-07-09 00:01:00,0.06583632092965752,-0.01295874414220157,2026-07-01
2026-07-03,2026-07-03,2026-07-03 00:01:00,2026-07-10 00:01:00,0.02511653672306391,-0.0032659088282760876,2026-07-01
2026-07-04,2026-07-04,2026-07-04 00:01:00,2026-07-11 00:01:00,0.03455012021453663,0.010016781191171172,2026-07-01
2026-07-05,2026-07-05,2026-07-05 00:01:00,2026-07-12 00:01:00,0.013891452059390907,0.013201782472669966,2026-07-01
2026-07-06,2026-07-06,2026-07-06 00:01:00,2026-07-13 00:01:00,0.02623655186413143,0.023637271078602376,2026-07-01
2026-07-07,2026-07-07,2026-07-07 00:01:00,2026-07-14 00:01:00,-0.0037094610899418567,0.00745417254694513,2026-07-01
2026-07-08,2026-07-08,2026-07-08 00:01:00,2026-07-15 00:01:00,0.043426432414968685,0.004911748499387572,2026-07-01
2026-07-09,2026-07-09,2026-07-09 00:01:00,2026-07-16 00:01:00,0.11914910891892982,-0.006933613934751072,2026-07-01
2026-07-10,2026-07-10,2026-07-10 00:01:00,2026-07-17 00:01:00,0.0809365855901949,-0.00936988582474309,2026-07-01
2026-07-11,2026-07-11,2026-07-11 00:01:00,2026-07-18 00:01:00,0.02239639780561098,-0.011563821658625973,2026-07-01
2026-07-12,2026-07-12,2026-07-12 00:01:00,2026-07-19 00:01:00,0.016453482920479434,-0.0073330441520939905,2026-07-01
2026-07-13,2026-07-13,2026-07-13 00:01:00,2026-07-20 00:01:00,0.027472376525403686,-0.008488074056692798,2026-07-01
2026-07-14,2026-07-14,2026-07-14 00:01:00,2026-07-21 00:01:00,0.06980713336187283,-0.00854864211310162,2026-07-01
2026-07-15,2026-07-15,2026-07-15 00:01:00,2026-07-22 00:01:00,0.030616384971011712,-0.0040723574321025,2026-07-01
2026-07-16,2026-07-16,2026-07-16 00:01:00,2026-07-23 00:01:00,0.005689826714202706,0.01243202398182276,2026-07-01
2026-07-17,2026-07-17,2026-07-17 00:01:00,2026-07-24 00:01:00,0.006876562250704765,-0.00026178740838628907,2026-07-01
2026-07-18,2026-07-18,2026-07-18 00:01:00,2026-07-25 00:01:00,0.016419778046128375,-0.008330037594511048,2026-07-01
2026-07-19,2026-07-19,2026-07-19 00:01:00,2026-07-26 00:01:00,0.013126621156705598,-0.0030197352459335135,2026-07-01
2026-07-20,2026-07-20,2026-07-20 00:01:00,2026-07-27 00:01:00,0.024170993738001467,-0.007852843055147806,2026-07-01
2026-07-21,2026-07-21,2026-07-21 00:01:00,2026-07-28 00:01:00,0.014226668421745359,-0.005560058099583551,2026-07-01
2026-07-22,2026-07-22,2026-07-22 00:01:00,2026-07-29 00:01:00,-0.006096771352944508,-0.0014667949111315782,2026-07-01
2026-07-23,2026-07-23,2026-07-23 00:01:00,2026-07-30 00:01:00,-0.02552634562074263,-0.0031854746223239994,2026-07-01
2026-07-24,2026-07-24,2026-07-24 00:01:00,2026-07-31 00:01:00,0.013706733994284903,-0.0023296826101651736,2026-07-01
2026-07-25,2026-07-25,2026-07-25 00:01:00,2026-08-01 00:01:00,0.001403105109237801,-0.00677186329731445,2026-07-01
2026-07-26,2026-07-26,2026-07-26 00:01:00,2026-08-02 00:01:00,0.0014890118424646381,-0.0034337345054763655,2026-07-01
2026-07-27,2026-07-27,2026-07-27 00:01:00,2026-08-03 00:01:00,-0.030022817341179286,-0.0043702717793944554,2026-07-01
2026-07-28,2026-07-28,2026-07-28 00:01:00,2026-08-04 00:01:00,-0.03330789557019531,-0.001228182989773049,2026-07-01
2026-07-29,2026-07-29,2026-07-29 00:01:00,2026-08-05 00:01:00,-0.02447413954845845,0.00021312408107122772,2026-07-01
2026-07-30,2026-07-30,2026-07-30 00:01:00,2026-08-06 00:01:00,-0.009486040609137047,-0.0011851538502591235,2026-07-01
2026-07-31,2026-07-31,2026-07-31 00:01:00,2026-08-07 00:01:00,-0.004887504038183055,-0.0015190957390909163,2026-07-01
2026-08-01,2026-08-01,2026-08-01 00:01:00,2026-08-08 00:01:00,0.029644024758826992,-0.004216377363552419,2026-08-01
2026-08-02,2026-08-02,2026-08-02 00:01:00,2026-08-09 00:01:00,0.027922921825445757,-0.0036663482804198655,2026-08-01
2026-08-03,2026-08-03,2026-08-03 00:01:00,2026-08-10 00:01:00,0.036717248655602885,-0.0037345453045930887,2026-08-01
2026-08-04,2026-08-04,2026-08-04 00:01:00,2026-08-11 00:01:00,0.007276691495131882,-0.008214349291905185,2026-08-01
2026-08-05,2026-08-05,2026-08-05 00:01:00,2026-08-12 00:01:00,-0.00580190191259744,-0.010359230348479636,2026-08-01
2026-08-06,2026-08-06,2026-08-06 00:01:00,2026-08-13 00:01:00,0.010014626907103086,-0.01218412149154505,2026-08-01
2026-08-07,2026-08-07,2026-08-07 00:01:00,2026-08-14 00:01:00,-0.015457115928369403,-0.007952810948313549,2026-08-01
2026-08-08,2026-08-08,2026-08-08 00:01:00,2026-08-15 00:01:00,-0.019139828674810677,-0.002328795320184676,2026-08-01
